path	doc
std.BitStack.pushWithStateAssumeCapacity	Standalone function for working with a fixed-size buffer.
std.BitStack.peekWithState	Standalone function for working with a fixed-size buffer.
std.BitStack.popWithState	Standalone function for working with a fixed-size buffer.
std.Build.Cache.Path.fmtEscapeChar	Deprecated, use double quoted escape to print paths.
std.Build.Cache.Path.formatEscapeChar	Deprecated, use double quoted escape to print paths.
std.Build.Cache.Path.TableAdapter	Useful to make `Path` a key in `std.ArrayHashMap`.
std.Build.Cache.Directory.closeAndFree	Whether or not the handle should be closed, or the path should be freed is determined by usage, however this function is provided for convenience if it happens to be what the caller needs.
std.Build.Cache.DepTokenizer.Token.resolve	Resolve escapes in target or prereq. Only valid with .target_must_resolve or .prereq_must_resolve.
std.Build.Cache.obtain	Be sure to call `Manifest.deinit` after successful initialization.
std.Build.Cache.bin_digest_len	This is 128 bits - Even with 2^54 cache entries, the probably of a collision would be under 10^-6
std.Build.Cache.Hasher	The type used for hashing file contents. Currently, this is SipHash128(1, 3), because it provides enough collision resistance for the Manifest use cases, while being one of our fastest options right now.
std.Build.Cache.hasher_init	Initial state with random bytes, that can be copied. Refresh this with new random bytes when the manifest format is modified in a non-backwards-compatible way.
std.Build.Cache.HashHelper.addBytes	Record a slice of bytes as a dependency of the process being cached.
std.Build.Cache.HashHelper.add	Convert the input value into bytes and record it as a dependency of the process being cached.
std.Build.Cache.HashHelper.peek	Returns a hex encoded hash of the inputs, without modifying state.
std.Build.Cache.HashHelper.final	Returns a hex encoded hash of the inputs, mutating the state of the hasher.
std.Build.Cache.Manifest.addFilePath	Add a file as a dependency of process being cached. When `hit` is called, the file's contents will be checked to ensure that it matches the contents from previous times. Max file size will be used to determine the amount of space the file contents are allowed to take up in memory. If max_file_size is null, then the contents will not be loaded into memory. Returns the index of the entry in the `files` array list. You can use it to access the contents of the file after calling `hit()` like so: ``` var file_contents = cache_hash.files.keys()[file_index].contents.?; ```
std.Build.Cache.Manifest.addOpenedFile	Same as `addFilePath` except the file has already been opened.
std.Build.Cache.Manifest.addFile	Deprecated; use `addFilePath`.
std.Build.Cache.Manifest.addOptionalFile	Deprecated, use `addOptionalFilePath`.
std.Build.Cache.Manifest.hit	Check the cache to see if the input exists in it. If it exists, returns `true`. A hex encoding of its hash is available by calling `final`. This function will also acquire an exclusive lock to the manifest file. This means that a process holding a Manifest will block any other process attempting to acquire the lock. If `want_shared_lock` is `true`, a cache hit guarantees the manifest file to be locked in shared mode, and a cache miss guarantees the manifest file to be locked in exclusive mode. The lock on the manifest file is released when `deinit` is called. As another option, one may call `toOwnedLock` to obtain a smaller object which can represent the lock. `deinit` is safe to call whether or not `toOwnedLock` has been called.
std.Build.Cache.Manifest.unhit	Reset `self.hash.hasher` to the state it should be in after `hit` returns `false`. The hasher contains the original input digest, and all original input file digests (i.e. not including post files). Assumes that `bin_digest` is populated for all files up to `input_file_count`. As such, this is not necessarily safe to call within `hit`.
std.Build.Cache.Manifest.addFilePostFetch	Add a file as a dependency of process being cached, after the initial hash has been calculated. This is useful for processes that don't know all the files that are depended on ahead of time. For example, a source file that can import other files will need to be recompiled if the imported file is changed.
std.Build.Cache.Manifest.addFilePost	Add a file as a dependency of process being cached, after the initial hash has been calculated. This is useful for processes that don't know the all the files that are depended on ahead of time. For example, a source file that can import other files will need to be recompiled if the imported file is changed.
std.Build.Cache.Manifest.addFilePostContents	Like `addFilePost` but when the file contents have already been loaded from disk.
std.Build.Cache.Manifest.finalBin	Returns a binary hash of the inputs.
std.Build.Cache.Manifest.final	Returns a hex encoded hash of the inputs.
std.Build.Cache.Manifest.writeManifest	If `want_shared_lock` is true, this function automatically downgrades the lock from exclusive to shared.
std.Build.Cache.Manifest.toOwnedLock	Obtain only the data needed to maintain a lock on the manifest file. The `Manifest` remains safe to deinit. Don't forget to call `writeManifest` before this!
std.Build.Cache.Manifest.deinit	Releases the manifest file and frees any memory the Manifest was using. `Manifest.hit` must be called first. Don't forget to call `writeManifest` before this!
std.Build.Step.TestResults.passCount	Computes the number of tests which passed from the other values.
std.Build.Step.CheckObject.checkExact	Adds an exact match phrase to the latest created Check.
std.Build.Step.CheckObject.checkExactPath	Like `checkExact()` but takes an additional argument `LazyPath` which will be resolved to a full search query in `make()`.
std.Build.Step.CheckObject.checkContains	Adds a fuzzy match phrase to the latest created Check.
std.Build.Step.CheckObject.checkContainsPath	Like `checkContains()` but takes an additional argument `lazy_path` which will be resolved to a full search query in `make()`.
std.Build.Step.CheckObject.checkExtract	Adds an exact match phrase with variable extractor to the latest created Check.
std.Build.Step.CheckObject.checkExtractLazyPath	Like `checkExtract()` but takes an additional argument `LazyPath` which will be resolved to a full search query in `make()`.
std.Build.Step.CheckObject.checkNotPresent	Adds another searched phrase to the latest created Check however ensures there is no matching phrase in the output.
std.Build.Step.CheckObject.checkNotPresentLazyPath	Like `checkExtract()` but takes an additional argument `LazyPath` which will be resolved to a full search query in `make()`.
std.Build.Step.CheckObject.checkInHeaders	Creates a new check checking in the file headers (section, program headers, etc.).
std.Build.Step.CheckObject.checkInSymtab	Creates a new check checking specifically symbol table parsed and dumped from the object file.
std.Build.Step.CheckObject.checkInDyldRebase	Creates a new check checking specifically dyld rebase opcodes contents parsed and dumped from the object file. This check is target-dependent and applicable to MachO only.
std.Build.Step.CheckObject.checkInDyldBind	Creates a new check checking specifically dyld bind opcodes contents parsed and dumped from the object file. This check is target-dependent and applicable to MachO only.
std.Build.Step.CheckObject.checkInDyldWeakBind	Creates a new check checking specifically dyld weak bind opcodes contents parsed and dumped from the object file. This check is target-dependent and applicable to MachO only.
std.Build.Step.CheckObject.checkInDyldLazyBind	Creates a new check checking specifically dyld lazy bind opcodes contents parsed and dumped from the object file. This check is target-dependent and applicable to MachO only.
std.Build.Step.CheckObject.checkInExports	Creates a new check checking specifically exports info contents parsed and dumped from the object file. This check is target-dependent and applicable to MachO only.
std.Build.Step.CheckObject.checkInIndirectSymtab	Creates a new check checking specifically indirect symbol table parsed and dumped from the object file. This check is target-dependent and applicable to MachO only.
std.Build.Step.CheckObject.checkInDynamicSymtab	Creates a new check checking specifically dynamic symbol table parsed and dumped from the object file. This check is target-dependent and applicable to ELF only.
std.Build.Step.CheckObject.checkInDynamicSection	Creates a new check checking specifically dynamic section parsed and dumped from the object file. This check is target-dependent and applicable to ELF only.
std.Build.Step.CheckObject.checkInArchiveSymtab	Creates a new check checking specifically symbol table parsed and dumped from the archive file.
std.Build.Step.CheckObject.checkComputeCompare	Creates a new standalone, singular check which allows running simple binary operations on the extracted variables. It will then compare the reduced program with the value of the expected variable.
std.Build.Step.Compile.installHeader	Marks the specified header for installation alongside this artifact. When a module links with this artifact, all headers marked for installation are added to that module's include search path.
std.Build.Step.Compile.installHeadersDirectory	Marks headers from the specified directory for installation alongside this artifact. When a module links with this artifact, all headers marked for installation are added to that module's include search path.
std.Build.Step.Compile.installConfigHeader	Marks the specified config header for installation alongside this artifact. When a module links with this artifact, all headers marked for installation are added to that module's include search path.
std.Build.Step.Compile.installLibraryHeaders	Forwards all headers marked for installation from `lib` to this artifact. When a module links with this artifact, all headers marked for installation are added to that module's include search path.
std.Build.Step.Compile.dependsOnSystemLibrary	Returns whether the library, executable, or object depends on a particular system library. Includes transitive dependencies.
std.Build.Step.Compile.runPkgConfig	Run pkg-config for the given library name and parse the output, returning the arguments that should be passed to zig to link the given library.
std.Build.Step.Compile.getEmittedBinDirectory	Returns the path to the directory that contains the emitted binary file.
std.Build.Step.Compile.getEmittedBin	Returns the path to the generated executable, library or object file. To run an executable built with zig build, use `run`, or create an install step and invoke it.
std.Build.Step.Compile.getEmittedImplib	Returns the path to the generated import library. This function can only be called for libraries.
std.Build.Step.Compile.getEmittedH	Returns the path to the generated header file. This function can only be called for libraries or objects.
std.Build.Step.Compile.getEmittedPdb	Returns the generated PDB file. If the compilation does not produce a PDB file, this causes a FileNotFound error at build time.
std.Build.Step.Compile.getEmittedCompilerRtDynLib	Returns the generated compiler_rt dynamic library. This is a hack for stage2_x86_64 + coff.
std.Build.Step.Compile.getEmittedDocs	Returns the path to the generated documentation directory.
std.Build.Step.Compile.getEmittedAsm	Returns the path to the generated assembly code.
std.Build.Step.Compile.getEmittedLlvmIr	Returns the path to the generated LLVM IR.
std.Build.Step.Compile.getEmittedLlvmBc	Returns the path to the generated LLVM BC.
std.Build.Step.Compile.getCompileDependencies	Return the full set of `Step.Compile` which `start` depends on, recursively. `start` itself is always returned as the first element. If `chase_dynamic` is `false`, then dynamic libraries are not included, and their dependencies are not considered; if `chase_dynamic` is `true`, dynamic libraries are treated the same as other linked `Compile`s.
std.Build.Step.Options.addOptionPath	The value is the path in the cache dir. Adds a dependency automatically.
std.Build.Step.Options.getOutput	Returns the main artifact of this Build Step which is a Zig source file generated from the key-value pairs of the Options.
std.Build.Step.Run.addOutputFileArg	Provides a file path as a command line argument to the command being run. Returns a `std.Build.LazyPath` which can be used as inputs to other APIs throughout the build system. Related: * `addPrefixedOutputFileArg` - same thing but prepends a string to the argument * `addFileArg` - for input files given to the child process
std.Build.Step.Run.addPrefixedOutputFileArg	Provides a file path as a command line argument to the command being run. Asserts `basename` is not empty. For example, a prefix of "-o" and basename of "output.txt" will result in the child process seeing something like this: "-ozig-cache/.../output.txt" The child process will see a single argument, regardless of whether the prefix or basename have spaces. The returned `std.Build.LazyPath` can be used as inputs to other APIs throughout the build system. Related: * `addOutputFileArg` - same thing but without the prefix * `addFileArg` - for input files given to the child process
std.Build.Step.Run.addFileArg	Appends an input file to the command line arguments. The child process will see a file path. Modifications to this file will be detected as a cache miss in subsequent builds, causing the child process to be re-executed. Related: * `addPrefixedFileArg` - same thing but prepends a string to the argument * `addOutputFileArg` - for files generated by the child process
std.Build.Step.Run.addPrefixedFileArg	Appends an input file to the command line arguments prepended with a string. For example, a prefix of "-F" will result in the child process seeing something like this: "-Fexample.txt" The child process will see a single argument, even if the prefix has spaces. Modifications to this file will be detected as a cache miss in subsequent builds, causing the child process to be re-executed. Related: * `addFileArg` - same thing but without the prefix * `addOutputFileArg` - for files generated by the child process
std.Build.Step.Run.addFileContentArg	Appends the content of an input file to the command line arguments. The child process will see a single argument, even if the file contains whitespace. This means that the entire file content up to EOF is rendered as one contiguous string, including escape sequences. Notably, any (trailing) newlines will show up like this: "hello,\nfile world!\n" Modifications to the source file will be detected as a cache miss in subsequent builds, causing the child process to be re-executed. This function may not be used to supply the first argument of a `Run` step. Related: * `addPrefixedFileContentArg` - same thing but prepends a string to the argument
std.Build.Step.Run.addPrefixedFileContentArg	Appends the content of an input file to the command line arguments prepended with a string. For example, a prefix of "-F" will result in the child process seeing something like this: "-Fmy file content" The child process will see a single argument, even if the prefix and/or the file contain whitespace. This means that the entire file content up to EOF is rendered as one contiguous string, including escape sequences. Notably, any (trailing) newlines will show up like this: "hello,\nfile world!\n" Modifications to the source file will be detected as a cache miss in subsequent builds, causing the child process to be re-executed. This function may not be used to supply the first argument of a `Run` step. Related: * `addFileContentArg` - same thing but without the prefix
std.Build.Step.Run.addOutputDirectoryArg	Provides a directory path as a command line argument to the command being run. Returns a `std.Build.LazyPath` which can be used as inputs to other APIs throughout the build system. Related: * `addPrefixedOutputDirectoryArg` - same thing but prepends a string to the argument * `addDirectoryArg` - for input directories given to the child process
std.Build.Step.Run.addPrefixedOutputDirectoryArg	Provides a directory path as a command line argument to the command being run. Asserts `basename` is not empty. For example, a prefix of "-o" and basename of "output_dir" will result in the child process seeing something like this: "-ozig-cache/.../output_dir" The child process will see a single argument, regardless of whether the prefix or basename have spaces. The returned `std.Build.LazyPath` can be used as inputs to other APIs throughout the build system. Related: * `addOutputDirectoryArg` - same thing but without the prefix * `addDirectoryArg` - for input directories given to the child process
std.Build.Step.Run.addDepFileOutputArg	Add a path argument to a dep file (.d) for the child process to write its discovered additional dependencies. Only one dep file argument is allowed by instance.
std.Build.Step.Run.addPrefixedDepFileOutputArg	Add a prefixed path argument to a dep file (.d) for the child process to write its discovered additional dependencies. Only one dep file argument is allowed by instance.
std.Build.Step.Run.expectStdErrEqual	Adds a check for exact stderr match. Does not add any other checks.
std.Build.Step.Run.expectStdOutEqual	Adds a check for exact stdout match as well as a check for exit code 0, if there is not already an expected termination check.
std.Build.Step.Run.expectStdOutMatch	Adds a check for stdout match as well as a check for exit code 0, if there is not already an expected termination check.
std.Build.Step.Run.addFileInput	Adds an additional input files that, when modified, indicates that this Run step should be re-executed. If the Run step is determined to have side-effects, the Run step is always executed when it appears in the build graph, regardless of whether this file has been modified.
std.Build.Step.TranslateC.addModule	Creates a module from the translated source and adds it to the package's module set making it available to other packages which depend on this one. `createModule` can be used instead to create a private module.
std.Build.Step.TranslateC.createModule	Creates a private module from the translated source to be used by the current package, but not exposed to other packages depending on this one. `addModule` can be used instead to create a public module.
std.Build.Step.TranslateC.defineCMacro	If the value is omitted, it is set to 1. `name` and `value` need not live longer than the function call.
std.Build.Step.TranslateC.defineCMacroRaw	name_and_value looks like [name]=[value]. If the value is omitted, it is set to 1.
std.Build.Step.WriteFile.addCopyFile	Place the file into the generated directory within the local cache, along with all the rest of the files added to this step. The parameter here is the destination path relative to the local cache directory associated with this WriteFile. It may be a basename, or it may include sub-directories, in which case this step will ensure the required sub-path exists. This is the option expected to be used most commonly with `addCopyFile`.
std.Build.Step.WriteFile.addCopyDirectory	Copy files matching the specified exclude/include patterns to the specified subdirectory relative to this step's generated directory. The returned value is a lazy path to the generated subdirectory.
std.Build.Step.WriteFile.getDirectory	Returns a `LazyPath` representing the base directory that contains all the files from this `WriteFile`.
std.Build.Step.UpdateSourceFiles.addCopyFileToSource	A path relative to the package root. Be careful with this because it updates source files. This should not be used as part of the normal build process, but as a utility occasionally run by a developer with intent to modify source files and then commit those changes to version control.
std.Build.Step.UpdateSourceFiles.addBytesToSource	A path relative to the package root. Be careful with this because it updates source files. This should not be used as part of the normal build process, but as a utility occasionally run by a developer with intent to modify source files and then commit those changes to version control.
std.Build.Step.Inputs.Files	The special file name "." means any changes inside the directory.
std.Build.Step.make	If the Step's `make` function reports `error.MakeFailed`, it indicates they have already reported the error. Otherwise, we add a simple error report here.
std.Build.Step.dump	For debugging purposes, prints identifying information about this Step.
std.Build.Step.captureChildProcess	Populates `s.result_failed_command`.
std.Build.Step.evalZigProcess	Assumes that argv contains `--listen=-` and that the process being spawned is the zig compiler - the same version that compiled the build runner. Populates `s.result_failed_command`.
std.Build.Step.installFile	Wrapper around `Io.Dir.updateFile` that handles verbose and error output.
std.Build.Step.installDir	Wrapper around `Io.Dir.createDirPathStatus` that handles verbose and error output.
std.Build.Step.handleChildProcUnsupported	Asserts that the caller has already populated `s.result_failed_command`.
std.Build.Step.handleChildProcessTerm	Asserts that the caller has already populated `s.result_failed_command`.
std.Build.Step.cacheHit	Prefer `cacheHitAndWatch` unless you already added watch inputs separately from using the cache system.
std.Build.Step.cacheHitAndWatch	Clears previous watch inputs, if any, and then populates watch inputs from the full set of files picked up by the cache manifest. Must be accompanied with `writeManifestAndWatch`.
std.Build.Step.writeManifest	Prefer `writeManifestAndWatch` unless you already added watch inputs separately from using the cache system.
std.Build.Step.writeManifestAndWatch	Clears previous watch inputs, if any, and then populates watch inputs from the full set of files picked up by the cache manifest. Must be accompanied with `cacheHitAndWatch`.
std.Build.Step.singleUnchangingWatchInput	For steps that have a single input that never changes when re-running `make`.
std.Build.Step.addWatchInput	Places a *file* dependency on the path.
std.Build.Step.addDirectoryWatchInput	Any changes inside the directory will trigger invalidation. See also `addDirectoryWatchInputFromPath` which takes a `Build.Cache.Path` instead. Paths derived from this directory should also be manually added via `addDirectoryWatchInputFromPath` if and only if this function returns `true`.
std.Build.Step.addDirectoryWatchInputFromPath	Any changes inside the directory will trigger invalidation. See also `addDirectoryWatchInput` which takes a `Build.LazyPath` instead. This function should only be called when it has been verified that the dependency on `path` is not already accounted for by a `Step` dependency. In other words, before calling this function, first check that the `Build.LazyPath` which this `path` is derived from is not `generated`.
std.Build.Step.reset	Implementation detail of file watching and forced rebuilds. Prepares the step for being re-evaluated.
std.Build.Step.invalidateResult	Implementation detail of file watching. Prepares the step for being re-evaluated. Returns `true` if the step was newly invalidated, `false` if it was already invalidated.
std.Build.Module.CreateOptions	Unspecified options here will be inherited from parent `Module` when inserted into an import table.
std.Build.Module.addImport	Adds an existing module to be used with `@import`.
std.Build.Module.addAnonymousImport	Creates a new module and adds it to be used with `@import`.
std.Build.Module.addOptions	Converts a set of key-value pairs into a Zig source file, and then inserts it into the Module's import table with the specified name. This makes the options importable via `@import("module_name")`.
std.Build.Module.addCSourceFiles	Handy when you have many non-Zig source files and want them all to have the same flags.
std.Build.Module.addWin32ResourceFile	Resource files must have the extension `.rc`. Can be called regardless of target. The .rc file will be ignored if the target object format does not support embedded resources.
std.Build.Module.addCMacro	Equvialent to the following C code, applied to all C source files owned by this `Module`: ```c #define name value ``` `name` and `value` need not live longer than the function call.
std.Build.Module.Graph	Elements of `modules` and `names` are matched one-to-one.
std.Build.Module.getGraph	Intended to be used during the make phase only. Given that `root` is the root `Module` of a compilation, return all `Module`s in the module graph, including `root` itself. `root` is guaranteed to be the first module in the returned slice.
std.Build.WebServer.notifyUpdate	Thread-safe. Triggers updates to be sent to connected WebSocket clients; see `update_id`.
std.Build.abi.ToClientTag	All WebSocket messages sent by the server to the client begin with a `ToClientTag` byte. This enum is non-exhaustive only to avoid Illegal Behavior when malformed messages are sent over the socket; unnamed tags are an error condition and should terminate the connection. Every tag has a curresponding `extern struct` representing the full message (or a header of the message if it is variable-length). For instance, `.hello` corresponds to `Hello`. When introducing a tag, make sure to add a corresponding `extern struct` whose first field is this enum, and `check` its layout in the `comptime` block above.
std.Build.abi.ToServerTag	Like `ToClientTag`, but for messages sent by the client to the server.
std.Build.abi.BuildStatus	The current overall status of the build runner. Keep in sync with indices in web UI `main.js:updateBuildStatus`.
std.Build.abi.Hello	WebSocket server->client. Sent by the server as the first message after a WebSocket connection opens to provide basic information about the server, the build graph, etc. Trailing: * `step_name_len: u32` for each `steps_len` * `step_name: [step_name_len]u8` for each `step_name_len` * `step_status: u8` for every 4 `steps_len`; every 2 bits is a `StepUpdate.Status`, LSBs first
std.Build.abi.StatusUpdate	WebSocket server->client. Indicates that the build status has changed.
std.Build.abi.StepUpdate	WebSocket server->client. Indicates a change in a step's status.
std.Build.abi.StepUpdate.Status	Keep in sync with indices in web UI `main.js:updateStepStatus`.
std.Build.abi.fuzz	ABI bits specifically relating to the fuzzer interface.
std.Build.abi.fuzz.TestOne	Returns if `error.SkipZigTest` was indicated
std.Build.abi.fuzz.Uid	A unique value to identify the related requests across runs
std.Build.abi.fuzz.Weight	Increases the probability of values being selected by the fuzzer. `weight` applies to each value in the range (i.e. not evenly across the range) and must be nonzero. In a set of weights, the total weight must not exceed 2^64 and be nonzero.
std.Build.abi.fuzz.Weight.value	`inline` to propogate comptimeness
std.Build.abi.fuzz.Weight.rangeAtMost	`inline` to propogate comptimeness
std.Build.abi.fuzz.Weight.rangeLessThan	`inline` to propogate comptimeness
std.Build.abi.fuzz.SeenPcsHeader	libfuzzer uses this and its usize is the one that counts. To match the ABI, make the ints be the size of the target used with libfuzzer. Trailing: * 1 bit per pc_addr, usize elements * pc_addr: usize for each pcs_len
std.Build.abi.fuzz.SeenPcsHeader.trailing	Used for comptime assertions. Provides a mechanism for strategically causing compile errors.
std.Build.abi.fuzz.MmapInputHeader	Fields are little-endian
std.Build.abi.fuzz.SourceIndexHeader	WebSocket server->client. Sent once, when fuzzing starts, to indicate the available coverage data. Trailing: * std.debug.Coverage.String for each directories_len * std.debug.Coverage.File for each files_len * std.debug.Coverage.SourceLocation for each source_locations_len * u8 for each string_bytes_len
std.Build.abi.fuzz.CoverageUpdateHeader	WebSocket server->client. Sent whenever the set of covered source locations is updated. Trailing: * one bit per source_locations_len, contained in u64 elements
std.Build.abi.fuzz.EntryPointHeader	WebSocket server->client. Sent whenever the set of entry points is updated. Trailing: * one u32 index of source_locations per locsLen()
std.Build.abi.fuzz.Coverage	Sent by lib/fuzzer to test_runner to obtain information about the active memory mapped input file and cumulative stats about previous fuzzing runs.
std.Build.abi.time_report	ABI bits specifically relating to the time report interface.
std.Build.abi.time_report.GenericResult	WebSocket server->client. Sent after a `Step` finishes, providing the time taken to execute the step.
std.Build.abi.time_report.CompileResult	WebSocket server->client. Sent after a `Step.Compile` finishes, providing the step's time report. Trailing: * `llvm_pass_timings: [llvm_pass_timings_len]u8` (ASCII-encoded) * for each `files_len`: * `name` (null-terminated UTF-8 string) * for each `decls_len`: * `name` (null-terminated UTF-8 string) * `file: u32` (index of file this decl is in) * `sema_ns: u64` (nanoseconds spent semantically analyzing this decl) * `codegen_ns: u64` (nanoseconds spent semantically analyzing this decl) * `link_ns: u64` (nanoseconds spent semantically analyzing this decl)
std.Build.abi.time_report.RunTestResult	WebSocket server->client. Sent after a `Step.Run` for a Zig test executable finishes, providing the test's time report. Trailing: * for each `tests_len`: * `test_ns: u64` (nanoseconds spent running this test) * for each `tests_len`: * `name` (null-terminated UTF-8 string)
std.Build.Graph	Shared state among all Build instances. Settings that are here rather than in Build are not configurable per-package.
std.Build.resolveInstallPrefix	This function is intended to be called by lib/build_runner.zig, not a build.zig file.
std.Build.addOptions	Create a set of key-value pairs that can be converted into a Zig source file and then inserted into a Zig compilation's module table for importing. In other words, this provides a way to expose build.zig values to Zig source code with `@import`. Related: `Module.addOptions`.
std.Build.addTest	Creates an executable containing unit tests. Equivalent to running the command `zig test --test-no-exec ...`. **This step does not run the unit tests**. Typically, the result of this function will be passed to `addRunArtifact`, creating a `Step.Run`. These two steps are separated because they are independently configured and cached.
std.Build.addModule	This function creates a module and adds it to the package's module set, making it available to other packages which depend on this one. `createModule` can be used instead to create a private module.
std.Build.createModule	This function creates a private module, to be used by the current package, but not exposed to other packages depending on this one. `addModule` can be used instead to create a public module.
std.Build.addSystemCommand	Initializes a `Step.Run` with argv, which must at least have the path to the executable. More command line arguments can be added with `addArg`, `addArgs`, and `addArtifactArg`. Be careful using this function, as it introduces a system dependency. To run an executable built with zig build, see `Step.Compile.run`.
std.Build.addRunArtifact	Creates a `Step.Run` with an executable built with `addExecutable`. Add command line arguments with methods of `Step.Run`.
std.Build.addConfigHeader	Using the `values` provided, produces a C header file, possibly based on a template input file (e.g. config.h.in). When an input template file is provided, this function will fail the build when an option not found in the input file is provided in `values`, and when an option found in the input file is missing from `values`.
std.Build.dupe	Allocator.dupe without the need to handle out of memory.
std.Build.dupeStrings	Duplicates an array of strings without the need to handle out of memory.
std.Build.dupePath	Duplicates a path and converts all slashes to the OS's canonical path separator.
std.Build.addTempFiles	Creates a step for mutating files inside a temporary directory created lazily and automatically cleaned up upon successful build. The directory will be placed inside "tmp" rather than "o", and caching will be skipped. During the `make` phase, the step will always do all the file system operations, and on successful build completion, the dir will be deleted along with all other tmp directories. The directory is therefore eligible to be used for mutations by other steps. See also: * `addWriteFiles` * `addMutateFiles`
std.Build.addMutateFiles	Creates a step for mutating temporary directories created with `addTempFiles`. Consider instead `addWriteFiles` which is for creating a cached directory of files to operate on. This should only be used with a `tmp_path` obtained via `addTempFiles` or `tmpPath`.
std.Build.option	Creates a configuration option to be passed to the build.zig script. When a user directly runs `zig build`, they can set these options with `-D` arguments. When a project depends on a Zig package as a dependency, it programmatically sets these options when calling the dependency's build.zig script as a function. `null` is returned when an option is left to default.
std.Build.standardTargetOptions	Exposes standard `zig build` options for choosing a target and additionally resolves the target query.
std.Build.parseTargetQuery	Obtain a target query from a string, reporting diagnostics to stderr if the parsing failed. Asserts that the `diagnostics` field of `options` is `null`. This use case is handled instead by calling `std.Target.Query.parse` directly.
std.Build.standardTargetOptionsQueryOnly	Exposes standard `zig build` options for choosing a target.
std.Build.installArtifact	This creates the install step and adds it to the dependencies of the top-level install step, using all the default options. See `addInstallArtifact` for a more flexible function.
std.Build.addInstallArtifact	This merely creates the step; it does not add it to the dependencies of the top-level install step.
std.Build.installFile	`dest_rel_path` is relative to prefix path
std.Build.installBinFile	`dest_rel_path` is relative to bin path
std.Build.installLibFile	`dest_rel_path` is relative to lib path
std.Build.addInstallFile	`dest_rel_path` is relative to install prefix path
std.Build.addInstallBinFile	`dest_rel_path` is relative to bin path
std.Build.addInstallLibFile	`dest_rel_path` is relative to lib path
std.Build.addInstallHeaderFile	`dest_rel_path` is relative to header path
std.Build.path	References a file or directory relative to the source root.
std.Build.pathFromRoot	This is low-level implementation details of the build system, not meant to be called by users' build scripts. Even in the build system itself it is a code smell to call this function.
std.Build.run	This is a helper function to be called from build.zig scripts, *not* from inside step make() functions. If any errors occur, it fails the build with a helpful message.
std.Build.lazyDependency	When this function is called, it means that the current build does, in fact, require this dependency. If the dependency is already fetched, it proceeds in the same manner as `dependency`. However if the dependency was not fetched, then when the build script is finished running, the build will not proceed to the make phase. Instead, the parent process will additionally fetch all the lazy dependencies that were actually required by running the build script, rebuild the build script, and then run it again. In other words, if this function returns `null` it means that the only purpose of completing the configure phase is to find out all the other lazy dependencies that are also required. It is allowed to use this function for non-lazy dependencies, in which case it will never return `null`. This allows toggling laziness via build.zig.zon without changing build.zig logic.
std.Build.lazyImport	In a build.zig file, this function is to `@import` what `lazyDependency` is to `dependency`. If the dependency is lazy and has not yet been fetched, it instructs the parent process to fetch that dependency after the build script has finished running, then returns `null`. If the dependency is lazy but has already been fetched, or if it is eager, it returns the build.zig struct of that dependency, just like a regular `@import`.
std.Build.GeneratedFile	A file that is generated by a build step. This struct is an interface that is meant to be used with `@fieldParentPtr` to implement the actual path logic.
std.Build.GeneratedFile.getPath	Deprecated, see `getPath3`.
std.Build.GeneratedFile.getPath2	Deprecated, see `getPath3`.
std.Build.LazyPath	A reference to an existing or future path.
std.Build.LazyPath.dirname	Returns a lazy path referring to the directory containing this path. The dirname is not allowed to escape the logical root for underlying path. For example, if the path is relative to the build root, the dirname is not allowed to traverse outside of the build root. Similarly, if the path is a generated file inside zig-cache, the dirname is not allowed to traverse outside of zig-cache.
std.Build.LazyPath.getDisplayName	Returns a string that can be shown to represent the file source. Either returns the path, `"generated"`, or `"dependency"`.
std.Build.LazyPath.addStepDependencies	Adds dependencies this file source implies to the given step.
std.Build.LazyPath.getPath	Deprecated, see `getPath4`.
std.Build.LazyPath.getPath2	Deprecated, see `getPath4`.
std.Build.LazyPath.getPath3	Deprecated, see `getPath4`.
std.Build.LazyPath.getPath4	Intended to be used during the make phase only. `asking_step` is only used for debugging purposes; it's the step being run that is asking for the path.
std.Build.LazyPath.dupe	Copies the internal strings. The `b` parameter is only used for its allocator. All *Build instances share the same allocator.
std.Build.dumpBadGetPathHelp	In this function the stderr mutex has already been locked.
std.Build.InstallDir.dupe	Duplicates the install directory including the path if set to custom.
std.Build.tmpPath	Creates a path leading to a directory inside "tmp" subdirectory of `cache_root` which is created on demand and cleaned up by the build runner upon success.
std.Build.ResolvedTarget	A pair of target query and fully resolved target. This type is generally required by build system API that need to be given a target. The query is kept because the Zig toolchain needs to know which parts of the target are "native". This can apply to the CPU, the OS, or even the ABI.
std.Build.resolveTargetQuery	Converts a target query into a fully resolved target that can be passed to various parts of the API.
std.BufMap.init	Create a BufMap backed by a specific allocator. That allocator will be used for both backing allocations and string deduplication.
std.BufMap.deinit	Free the backing storage of the map, as well as all of the stored keys and values.
std.BufMap.putMove	Same as `put` but the key and value become owned by the BufMap rather than being copied. If `putMove` fails, the ownership of key and value does not transfer.
std.BufMap.put	`key` and `value` are copied into the BufMap.
std.BufMap.getPtr	Find the address of the value associated with a key. The returned pointer is invalidated if the map resizes.
std.BufMap.get	Return the map's copy of the value associated with a key. The returned string is invalidated if this key is removed from the map.
std.BufMap.remove	Removes the item from the map and frees its value. This invalidates the value returned by get() for this key.
std.BufMap.count	Returns the number of KV pairs stored in the map.
std.BufMap.iterator	Returns an iterator over entries in the map.
std.BufSet.init	Create a BufSet using an allocator. The allocator will be used internally for both backing allocations and string duplication.
std.BufSet.deinit	Free a BufSet along with all stored keys.
std.BufSet.insert	Insert an item into the BufSet. The item will be copied, so the caller may delete or reuse the passed string immediately.
std.BufSet.contains	Check if the set contains an item matching the passed string
std.BufSet.remove	Remove an item from the set.
std.BufSet.count	Returns the number of items stored in the set
std.BufSet.iterator	Returns an iterator over the items stored in the set. Iteration order is arbitrary.
std.BufSet.allocator	Get the allocator used by this set
std.BufSet.cloneWithAllocator	Creates a copy of this BufSet, using a specified allocator.
std.BufSet.clone	Creates a copy of this BufSet, using the same allocator.
std.DoublyLinkedList.Node	This struct contains only the prev and next pointers and not any data payload. The intended usage is to embed it intrusively into another data structure and access the data with `@fieldParentPtr`.
std.DoublyLinkedList.concatByMoving	Concatenate list2 onto the end of list1, removing all entries from the former. Arguments: list1: the list to concatenate onto list2: the list to be concatenated
std.DoublyLinkedList.append	Insert a new node at the end of the list. Arguments: new_node: Pointer to the new node to insert.
std.DoublyLinkedList.prepend	Insert a new node at the beginning of the list. Arguments: new_node: Pointer to the new node to insert.
std.DoublyLinkedList.remove	Remove a node from the list. Assumes the node is in the list. Arguments: node: Pointer to the node to be removed.
std.DoublyLinkedList.pop	Remove and return the last node in the list. Returns: A pointer to the last node in the list.
std.DoublyLinkedList.popFirst	Remove and return the first node in the list. Returns: A pointer to the first node in the list.
std.DoublyLinkedList.len	Iterate over all nodes, returning the count. This operation is O(N). Consider tracking the length separately rather than computing it.
std.DynLib.open	Trusts the file. Malicious file will be able to execute arbitrary code.
std.DynLib.openZ	Trusts the file. Malicious file will be able to execute arbitrary code.
std.DynLib.close	Trusts the file.
std.Io.Threaded.init	Related: * `init_single_threaded`
std.Io.Threaded.init_single_threaded	Statically initialize such that calls to `Io.VTable.concurrent` will fail with `error.ConcurrencyUnavailable`. When initialized this way: * cancel requests have no effect. * `deinit` is safe, but unnecessary to call.
std.Io.Threaded.global_single_threaded	In general, the application is responsible for choosing the `Io` implementation and library code should accept an `Io` parameter rather than accessing this declaration. Most code should avoid referencing this declaration entirely. However, in some cases such as debugging, it is desirable to hardcode a reference to this `Io` implementation. This instance does not support concurrency or cancelation.
std.Io.Threaded.GetFinalPathNameByHandleFormat	Specifies how to format volume path in the result of `GetFinalPathNameByHandle`. Defaults to DOS volume names.
std.Io.Threaded.GetFinalPathNameByHandle	Returns canonical (normalized) path of handle. Use `GetFinalPathNameByHandleFormat` to specify whether the path is meant to include NT or DOS volume name (e.g., `\Device\HarddiskVolume0\foo.txt` versus `C:\foo.txt`). If DOS volume name format is selected, note that this function does *not* prepend `\\?\` prefix to the resultant path.
std.Io.Threaded.wToPrefixedFileW	Converts the `path` to WTF16, null-terminated. If the path contains any namespace prefix, or is anything but a relative path (rooted, drive relative, etc) the result will have the NT-style prefix `\??\`. Similar to RtlDosPathNameToNtPathName_U with a few differences: - Does not allocate on the heap. - Relative paths are kept as relative unless they contain too many .. components, in which case they are resolved against the `dir` if it is non-null, or the CWD if it is null. - Special case device names like COM1, NUL, etc are not handled specially (TODO) - . and space are not stripped from the end of relative paths (potential TODO)
std.Io.Threaded.sliceToPrefixedFileW	Same as `wToPrefixedFileW` but accepts a WTF-8 encoded path. https://wtf-8.codeberg.page/
std.Io.Threaded.posixExecvPath	This function ignores PATH environment variable.
std.Io.Threaded.mutexLock	Same as `Io.Mutex.lockUncancelable` but avoids the VTable.
std.Io.Threaded.mutexUnlock	Same as `Io.Mutex.unlock` but avoids the VTable.
std.Io.fiber.Context	Stores the cpu state of an inactive fiber.
std.Io.fiber.contextSwitch	Fills `s.old` with the current cpu state, and restores the cpu state stored in `s.new`.
std.Io.Uring.execvPath	This function ignores PATH environment variable.
std.Io.Reader.ending_instance	This is generally safe to `@constCast` because it has an empty buffer, so there is not really a way to accidentally attempt mutation of these fields.
std.Io.Reader.fixed	Constructs a `Reader` such that it will read from `buffer` and then end.
std.Io.Reader.streamExact	"Pump" exactly `n` bytes from the reader to the writer.
std.Io.Reader.streamExact64	"Pump" exactly `n` bytes from the reader to the writer.
std.Io.Reader.streamExactPreserve	"Pump" exactly `n` bytes from the reader to the writer. When draining `w`, ensures that at least `preserve_len` bytes remain buffered. Asserts `Writer.buffer` capacity exceeds `preserve_len`.
std.Io.Reader.streamRemaining	"Pump" data from the reader to the writer, handling `error.EndOfStream` as a success case. Returns total number of bytes written to `w`.
std.Io.Reader.discardRemaining	Consumes the stream until the end, ignoring all the data, returning the number of bytes discarded.
std.Io.Reader.allocRemaining	Transfers all bytes from the current position to the end of the stream, up to `limit`, returning them as a caller-owned allocated slice. If `limit` would be exceeded, `error.StreamTooLong` is returned instead. In such case, the next byte that would be read will be the first one to exceed `limit`, and all preceeding bytes have been discarded. See also: * `appendRemaining`
std.Io.Reader.appendExact	Transfers exactly `n` bytes from the reader to the `ArrayList`. See also: * `appendRemaining`
std.Io.Reader.appendRemaining	Transfers all bytes from the current position to the end of the stream, up to `limit`, appending them to `list`. If `limit` is reached or exceeded, `error.StreamTooLong` is returned instead. In such case, the next byte that would be read will be the first one to exceed `limit`, and all preceeding bytes have been appended to `list`. See also: * `allocRemaining`
std.Io.Reader.appendRemainingAligned	Transfers all bytes from the current position to the end of the stream, up to `limit`, appending them to `list`. If `limit` is reached or exceeded, `error.StreamTooLong` is returned instead. In such case, the next byte that would be read will be the first one to exceed `limit`, and all preceeding bytes have been appended to `list`. See also: * `appendRemaining` * `allocRemainingAligned`
std.Io.Reader.readVec	Writes bytes from the internally tracked stream position to `data`. Returns the number of bytes written, which will be at minimum `0` and at most the sum of each data slice length. The number of bytes read, including zero, does not indicate end of stream. The reader's internal logical seek position moves forward in accordance with the number of bytes returned from this function.
std.Io.Reader.defaultReadVec	Writes to `Reader.buffer` or `data`, whichever has larger capacity.
std.Io.Reader.peek	Returns the next `n` bytes from the stream, filling the buffer as necessary. Invalidates previously returned values from `peek`. Asserts that the `Reader` was initialized with a buffer capacity at least as big as `n`. If there are fewer than `n` bytes left in the stream, `error.EndOfStream` is returned instead. See also: * `toss`
std.Io.Reader.peekGreedy	Returns all the next buffered bytes, after filling the buffer to ensure it contains at least `n` bytes. Invalidates previously returned values from `peek` and `peekGreedy`. Asserts that the `Reader` was initialized with a buffer capacity at least as big as `n`. If there are fewer than `n` bytes left in the stream, `error.EndOfStream` is returned instead. See also: * `peek` * `toss`
std.Io.Reader.toss	Skips the next `n` bytes from the stream, advancing the seek position. This is typically and safely used after `peek`. Asserts that the number of bytes buffered is at least as many as `n`. The "tossed" memory remains alive until a "peek" operation occurs. See also: * `peek`. * `discard`.
std.Io.Reader.tossBuffered	Equivalent to `toss(r.bufferedLen())`.
std.Io.Reader.take	Equivalent to `peek` followed by `toss`. The data returned is invalidated by the next call to `take`, `peek`, `fill`, and functions with those prefixes.
std.Io.Reader.takeArray	Returns the next `n` bytes from the stream as an array, filling the buffer as necessary and advancing the seek position `n` bytes. Asserts that the `Reader` was initialized with a buffer capacity at least as big as `n`. If there are fewer than `n` bytes left in the stream, `error.EndOfStream` is returned instead. See also: * `take`
std.Io.Reader.peekArray	Returns the next `n` bytes from the stream as an array, filling the buffer as necessary, without advancing the seek position. Asserts that the `Reader` was initialized with a buffer capacity at least as big as `n`. If there are fewer than `n` bytes left in the stream, `error.EndOfStream` is returned instead. See also: * `peek` * `takeArray`
std.Io.Reader.discardAll	Skips the next `n` bytes from the stream, advancing the seek position. Unlike `toss` which is infallible, in this function `n` can be any amount. Returns `error.EndOfStream` if fewer than `n` bytes could be discarded. See also: * `toss` * `discardRemaining` * `discardShort` * `discard`
std.Io.Reader.discardShort	Skips the next `n` bytes from the stream, advancing the seek position. Unlike `toss` which is infallible, in this function `n` can be any amount. Returns the number of bytes discarded, which is less than `n` if and only if the stream reached the end. See also: * `discardAll` * `discardRemaining` * `discard`
std.Io.Reader.readSliceAll	Fill `buffer` with the next `buffer.len` bytes from the stream, advancing the seek position. Invalidates previously returned values from `peek`. If the provided buffer cannot be filled completely, `error.EndOfStream` is returned instead. See also: * `peek` * `readSliceShort`
std.Io.Reader.readSliceShort	Fill `buffer` with the next `buffer.len` bytes from the stream, advancing the seek position. Invalidates previously returned values from `peek`. Returns the number of bytes read, which is less than `buffer.len` if and only if the stream reached the end. See also: * `readSliceAll`
std.Io.Reader.readSliceEndian	Fill `buffer` with the next `buffer.len` bytes from the stream, advancing the seek position. Invalidates previously returned values from `peek`. If the provided buffer cannot be filled completely, `error.EndOfStream` is returned instead. The function is inline to avoid the dead code in case `endian` is comptime-known and matches host endianness. See also: * `readSliceAll` * `readSliceEndianAlloc`
std.Io.Reader.readSliceEndianAlloc	The function is inline to avoid the dead code in case `endian` is comptime-known and matches host endianness.
std.Io.Reader.readAlloc	Shortcut for calling `readSliceAll` with a buffer provided by `allocator`.
std.Io.Reader.takeSentinel	Returns a slice of the next bytes of buffered data from the stream until `sentinel` is found, advancing the seek position past the sentinel. Returned slice has a sentinel. Invalidates previously returned values from `peek`. See also: * `peekSentinel` * `takeDelimiterExclusive` * `takeDelimiterInclusive`
std.Io.Reader.peekSentinel	Returns a slice of the next bytes of buffered data from the stream until `sentinel` is found, without advancing the seek position. Returned slice has a sentinel; end of stream does not count as a delimiter. Invalidates previously returned values from `peek`. See also: * `takeSentinel` * `peekDelimiterExclusive` * `peekDelimiterInclusive`
std.Io.Reader.takeDelimiterInclusive	Returns a slice of the next bytes of buffered data from the stream until `delimiter` is found, advancing the seek position past the delimiter. Returned slice includes the delimiter as the last byte. Invalidates previously returned values from `peek`. See also: * `takeSentinel` * `takeDelimiterExclusive` * `peekDelimiterInclusive`
std.Io.Reader.peekDelimiterInclusive	Returns a slice of the next bytes of buffered data from the stream until `delimiter` is found, without advancing the seek position. Returned slice includes the delimiter as the last byte. Invalidates previously returned values from `peek`. See also: * `peekSentinel` * `peekDelimiterExclusive` * `takeDelimiterInclusive`
std.Io.Reader.takeDelimiterExclusive	Returns a slice of the next bytes of buffered data from the stream until `delimiter` is found, advancing the seek position up to (but not past) the delimiter. Returned slice excludes the delimiter. End-of-stream is treated equivalent to a delimiter, unless it would result in a length 0 return value, in which case `error.EndOfStream` is returned instead. If the delimiter is not found within a number of bytes matching the capacity of this `Reader`, `error.StreamTooLong` is returned. In such case, the stream state is unmodified as if this function was never called. Invalidates previously returned values from `peek`. See also: * `takeDelimiter` * `takeDelimiterInclusive` * `peekDelimiterExclusive`
std.Io.Reader.takeDelimiter	Returns a slice of the next bytes of buffered data from the stream until `delimiter` is found, advancing the seek position past the delimiter. Returned slice excludes the delimiter. End-of-stream is treated equivalent to a delimiter, unless it would result in a length 0 return value, in which case `null` is returned instead. If the delimiter is not found within a number of bytes matching the capacity of this `Reader`, `error.StreamTooLong` is returned. In such case, the stream state is unmodified as if this function was never called. Invalidates previously returned values from `peek`. See also: * `takeDelimiterInclusive` * `takeDelimiterExclusive`
std.Io.Reader.peekDelimiterExclusive	Returns a slice of the next bytes of buffered data from the stream until `delimiter` is found, without advancing the seek position. Returned slice excludes the delimiter. End-of-stream is treated equivalent to a delimiter, unless it would result in a length 0 return value, in which case `error.EndOfStream` is returned instead. If the delimiter is not found within a number of bytes matching the capacity of this `Reader`, `error.StreamTooLong` is returned. In such case, the stream state is unmodified as if this function was never called. Invalidates previously returned values from `peek`. See also: * `peekDelimiterInclusive` * `takeDelimiterExclusive`
std.Io.Reader.streamDelimiter	Appends to `w` contents by reading from the stream until `delimiter` is found. Does not write the delimiter itself. Does not discard the delimiter from the `Reader`. Returns number of bytes streamed, which may be zero, or error.EndOfStream if the delimiter was not found. Asserts buffer capacity of at least one. This function performs better with larger buffers. See also: * `streamDelimiterEnding` * `streamDelimiterLimit`
std.Io.Reader.streamDelimiterEnding	Appends to `w` contents by reading from the stream until `delimiter` is found. Does not write the delimiter itself. Returns number of bytes streamed, which may be zero. If the stream reaches the end, the reader buffer will be empty when this function returns. Otherwise, it will have at least one byte buffered, starting with the delimiter. Asserts buffer capacity of at least one. This function performs better with larger buffers. See also: * `streamDelimiter` * `streamDelimiterLimit`
std.Io.Reader.streamDelimiterLimit	Appends to `w` contents by reading from the stream until `delimiter` is found. Does not write the delimiter itself. Does not discard the delimiter from the `Reader`. Returns number of bytes streamed, which may be zero. End of stream can be detected by checking if the next byte in the stream is the delimiter. Asserts buffer capacity of at least one. This function performs better with larger buffers.
std.Io.Reader.discardDelimiterInclusive	Reads from the stream until specified byte is found, discarding all data, including the delimiter. Returns number of bytes discarded, or `error.EndOfStream` if the delimiter is not found. See also: * `discardDelimiterExclusive` * `discardDelimiterLimit`
std.Io.Reader.discardDelimiterExclusive	Reads from the stream until specified byte is found, discarding all data, excluding the delimiter. Returns the number of bytes discarded. Succeeds if stream ends before delimiter found. End of stream can be detected by checking if the delimiter is buffered. See also: * `discardDelimiterInclusive` * `discardDelimiterLimit`
std.Io.Reader.discardDelimiterLimit	Reads from the stream until specified byte is found, discarding all data, excluding the delimiter. Returns the number of bytes discarded. Succeeds if stream ends before delimiter found. End of stream can be detected by checking if the delimiter is buffered.
std.Io.Reader.fill	Fills the buffer such that it contains at least `n` bytes, without advancing the seek position. Returns `error.EndOfStream` if and only if there are fewer than `n` bytes remaining. If the end of stream is not encountered, asserts buffer capacity is at least `n`.
std.Io.Reader.fillMore	Without advancing the seek position, does exactly one underlying read, filling the buffer as much as possible. This may result in zero bytes added to the buffer, which is not an end of stream condition. End of stream is communicated via returning `error.EndOfStream`. Asserts buffer capacity is at least 1.
std.Io.Reader.peekByte	Returns the next byte from the stream or returns `error.EndOfStream`. Does not advance the seek position. Asserts the buffer capacity is nonzero.
std.Io.Reader.takeByte	Reads 1 byte from the stream or returns `error.EndOfStream`. Asserts the buffer capacity is nonzero.
std.Io.Reader.takeByteSigned	Same as `takeByte` except the returned byte is signed.
std.Io.Reader.takeInt	Asserts the buffer was initialized with a capacity at least `@bitSizeOf(T) / 8`.
std.Io.Reader.peekInt	Asserts the buffer was initialized with a capacity at least `@bitSizeOf(T) / 8`.
std.Io.Reader.takeVarInt	Asserts the buffer was initialized with a capacity at least `n`.
std.Io.Reader.takeStructPointer	Obtains an unaligned pointer to the beginning of the stream, reinterpreted as a pointer to the provided type, advancing the seek position. Asserts the buffer was initialized with a capacity at least `@sizeOf(T)`. See also: * `peekStructPointer` * `takeStruct`
std.Io.Reader.peekStructPointer	Obtains an unaligned pointer to the beginning of the stream, reinterpreted as a pointer to the provided type, without advancing the seek position. Asserts the buffer was initialized with a capacity at least `@sizeOf(T)`. See also: * `takeStructPointer` * `peekStruct`
std.Io.Reader.takeStruct	This function is inline to avoid referencing `std.mem.byteSwapAllFields` when `endian` is comptime-known and matches the host endianness. See also: * `takeStructPointer` * `peekStruct`
std.Io.Reader.peekStruct	Asserts the buffer was initialized with a capacity at least `@sizeOf(T)`. This function is inline to avoid referencing `std.mem.byteSwapAllFields` when `endian` is comptime-known and matches the host endianness. See also: * `takeStruct` * `peekStructPointer`
std.Io.Reader.takeEnum	Reads an integer with the same size as the given enum's tag type. If the integer matches an enum tag, casts the integer to the enum tag and returns it. Otherwise, returns `error.InvalidEnumTag`. Asserts the buffer was initialized with a capacity at least `@sizeOf(Enum)`.
std.Io.Reader.takeEnumNonexhaustive	Reads an integer with the same size as the given nonexhaustive enum's tag type. Asserts the buffer was initialized with a capacity at least `@sizeOf(Enum)`.
std.Io.Reader.takeLeb128	Read a single LEB128 value as type T, or `error.Overflow` if the value cannot fit.
std.Io.Reader.rebase	Ensures `capacity` data can be buffered without rebasing.
std.Io.Reader.Hashed	Provides a `Reader` implementation by passing data from an underlying reader through `Hasher.update`. The underlying reader is best unbuffered. This implementation makes suboptimal buffering decisions due to being generic. A better solution will involve creating a reader for each hash function, where the discard buffer can be tailored to the hash implementation details.
std.Io.Writer.fixed	Writes to `buffer` and returns `error.WriteFailed` when it is full.
std.Io.Writer.buffered	Returns the contents not yet drained.
std.Io.Writer.writeVec	If the total number of bytes of `data` fits inside `unusedCapacitySlice`, this function is guaranteed to not fail, not call into `VTable`, and return the total bytes inside `data`.
std.Io.Writer.writeSplat	If the number of bytes to write based on `data` and `splat` fits inside `unusedCapacitySlice`, this function is guaranteed to not fail, not call into `VTable`, and return the full number of bytes.
std.Io.Writer.writeSplatHeader	Returns how many bytes were consumed from `header` and `data`.
std.Io.Writer.writeSplatHeaderLimit	Equivalent to `writeSplatHeader` but writes at most `limit` bytes.
std.Io.Writer.flush	Drains all remaining buffered data.
std.Io.Writer.defaultFlush	Repeatedly calls `VTable.drain` until `end` is zero.
std.Io.Writer.noopFlush	Does nothing.
std.Io.Writer.writableArray	Asserts the provided buffer has total capacity enough for `len`. Advances the buffer end position by `len`.
std.Io.Writer.writableSlice	Asserts the provided buffer has total capacity enough for `len`. Advances the buffer end position by `len`.
std.Io.Writer.writableSliceGreedy	Asserts the provided buffer has total capacity enough for `minimum_len`. Does not `advance` the buffer end position. If `minimum_len` is zero, this is equivalent to `unusedCapacitySlice`.
std.Io.Writer.writableSliceGreedyPreserve	Asserts the provided buffer has total capacity enough for `minimum_len` and `preserve` combined. Does not `advance` the buffer end position. When draining the buffer, ensures that at least `preserve` bytes remain buffered. If `preserve` is zero, this is equivalent to `writableSliceGreedy`.
std.Io.Writer.writableSlicePreserve	Asserts the provided buffer has total capacity enough for `len`. Advances the buffer end position by `len`. When draining the buffer, ensures that at least `preserve` bytes remain buffered. If `preserve` is zero, this is equivalent to `writableSlice`.
std.Io.Writer.advance	After calling `writableSliceGreedy`, this function tracks how many bytes were written to it. This is not needed when using `writableSlice` or `writableArray`.
std.Io.Writer.writeVecAll	The `data` parameter is mutable because this function needs to mutate the fields in order to handle partial writes from `VTable.writeSplat`.
std.Io.Writer.writeSplatAll	The `data` parameter is mutable because this function needs to mutate the fields in order to handle partial writes from `VTable.writeSplat`. `data` will be restored to its original state before returning.
std.Io.Writer.write	Transfers `bytes` to the stream, calling `drain` at most once. Returns the number of bytes transferred, which may be less than `bytes.len`, including zero. A return value less than `bytes.len` does not indicate failure; a subsequent call may return nonzero, or fail with `error.WriteFailed`. See also: * `writeAll` * `writeVec`
std.Io.Writer.writeAll	Transfers `bytes` to the stream, calling `drain` as many times as necessary such that all `bytes` are transferred. See also: * `print` * `writeVecAll` * `write`
std.Io.Writer.print	Renders fmt string with args, calling `writer` with slices of bytes. If `writer` returns an error, the error is returned from `format` and `writer` is not called again. The format string must be comptime-known and may contain placeholders following this format: `{[argument][specifier]:[fill][alignment][width].[precision]}` Above, each word including its surrounding [ and ] is a parameter which you have to replace with something: - *argument* is either the numeric index or the field name of the argument that should be inserted - when using a field name, you are required to enclose the field name (an identifier) in square brackets, e.g. {[score]...} as opposed to the numeric index form which can be written e.g. {2...} - *specifier* is a type-dependent formatting option that determines how a type should formatted (see below) - *fill* is a single byte which is used to pad formatted numbers. - *alignment* is one of the three bytes '<', '^', or '>' to make numbers left, center, or right-aligned, respectively. - Not all specifiers support alignment. - Alignment is not Unicode-aware; appropriate only when used with raw bytes or ASCII. - *width* is the total width of the field in bytes. This only applies to number formatting. - *precision* specifies how many decimals a formatted number should have. Note that most of the parameters are optional and may be omitted. Also you can leave out separators like `:` and `.` when all parameters after the separator are omitted. Only exception is the *fill* parameter. If a non-zero *fill* character is required at the same time as *width* is specified, one has to specify *alignment* as well, as otherwise the digit following `:` is interpreted as *width*, not *fill*. The *specifier* has several options for types: - `x` and `X`: output numeric value in hexadecimal notation, or string in hexadecimal bytes - `s`: - for pointer-to-many and C pointers of u8, print as a C-string using zero-termination - for slices of u8, print the entire slice as a string without zero-termination - `t`: - for enums and tagged unions: prints the tag name - for error sets: prints the error name - `b64`: output string as standard base64 - `e`: output floating point value in scientific notation - `d`: output numeric value in decimal notation - `b`: output integer value in binary notation - `o`: output integer value in octal notation - `c`: output integer as an ASCII character. Integer type must have 8 bits at max. - `u`: output integer as an UTF-8 sequence. Integer type must have 21 bits at max. - `D`: output nanoseconds as duration - `B`: output bytes in SI units (decimal) - `Bi`: output bytes in IEC units (binary) - `?`: output optional value as either the unwrapped value, or `null`; may be followed by a format specifier for the underlying value. - `!`: output error union value as either the unwrapped value, or the formatted error value; may be followed by a format specifier for the underlying value. - `*`: output the address of the value instead of the value itself. - `any`: output a value of any type using its default format. - `f`: delegates to a method on the type named "format" with the signature `fn (*Writer, args: anytype) Writer.Error!void`. A user type may be a `struct`, `vector`, `union` or `enum` type. To print literal curly braces, escape them by writing them twice, e.g. `{{` or `}}`.
std.Io.Writer.writeByte	Calls `drain` as many times as necessary such that `byte` is transferred.
std.Io.Writer.writeBytePreserve	When draining the buffer, ensures that at least `preserve` bytes remain buffered.
std.Io.Writer.splatByteAll	Writes the same byte many times, performing the underlying write call as many times as necessary.
std.Io.Writer.splatByte	Writes the same byte many times, allowing short writes. Does maximum of one underlying `VTable.drain`.
std.Io.Writer.splatBytesAll	Writes the same slice many times, performing the underlying write call as many times as necessary.
std.Io.Writer.splatBytes	Writes the same slice many times, allowing short writes. Does maximum of one underlying `VTable.drain`.
std.Io.Writer.writeInt	Asserts the `buffer` was initialized with a capacity of at least `@sizeOf(T)` bytes.
std.Io.Writer.writeStruct	The function is inline to avoid the dead code in case `endian` is comptime-known and matches host endianness.
std.Io.Writer.sendFile	Unlike `writeSplat` and `writeVec`, this function will call into `VTable` even if there is enough buffer capacity for the file contents. The caller is responsible for flushing. Although the buffer may be bypassed as an optimization, this is not a guarantee. Although it would be possible to eliminate `error.Unimplemented` from the error set by reading directly into the buffer in such case, this is not done because it is more efficient to do it higher up the call stack so that the error does not occur with each write. See `sendFileReading` for an alternative that does not have `error.Unimplemented` in the error set.
std.Io.Writer.sendFileHeader	Returns how many bytes from `header` and `file_reader` were consumed. `limit` only applies to `file_reader`.
std.Io.Writer.sendFileReading	Asserts nonzero buffer capacity and nonzero `limit`.
std.Io.Writer.sendFileAll	Number of bytes logically written is returned. This excludes bytes from `buffer` because they have already been logically written. The caller is responsible for flushing. Although the buffer may be bypassed as an optimization, this is not a guarantee. Asserts nonzero buffer capacity.
std.Io.Writer.sendFileReadingAll	Equivalent to `sendFileAll` but uses direct `pread` and `read` calls on `file` rather than `sendFile`. This is generally used as a fallback when the underlying implementation returns `error.Unimplemented`, which is why that error code does not appear in this function's error set. Asserts nonzero buffer capacity.
std.Io.Writer.printValue	Asserts `buffer` capacity of at least 2 if `value` is a union.
std.Io.Writer.printIntAny	In general, prefer `printInt` to avoid generic explosion. However this function may be used when optimal codegen for a particular integer type is desired.
std.Io.Writer.printFloat	Uses a larger stack buffer; asserts mode is decimal or scientific.
std.Io.Writer.printFloatHexOptions	Uses a smaller stack buffer; asserts mode is not decimal or scientific.
std.Io.Writer.printByteSize	Format option `precision` is ignored when `value` is less than 1kB
std.Io.Writer.writeUleb128	Write a single unsigned integer as LEB128 to the given writer.
std.Io.Writer.writeSleb128	Write a single signed integer as LEB128 to the given writer.
std.Io.Writer.writeLeb128	Write a single integer as LEB128 to the given writer.
std.Io.Writer.Discarding.fullCount	Includes buffered data (no need to flush).
std.Io.Writer.consume	Removes the first `n` bytes from `buffer` by shifting buffer contents, returning how many bytes are left after consuming the entire buffer, or zero if the entire buffer was not consumed. Useful for `VTable.drain` function implementations to implement partial drains.
std.Io.Writer.consumeAll	Shortcut for setting `end` to zero and returning zero. Equivalent to calling `consume` with `end`.
std.Io.Writer.unimplementedSendFile	For use when the `Writer` implementation can cannot offer a more efficient implementation than a basic read/write loop on the file.
std.Io.Writer.fixedDrain	When this function is called it usually means the buffer got full, so it's time to return an error. However, we still need to make sure all of the available buffer has been filled. Also, it may be called from `flush` in which case it should return successfully.
std.Io.Writer.Hashed	Provides a `Writer` implementation based on calling `Hasher.update`, sending all data also to an underlying `Writer`. When using this, the underlying writer is best unbuffered because all writes are passed on directly to it. This implementation makes suboptimal buffering decisions due to being generic. A better solution will involve creating a writer for each hash function, where the splat buffer can be tailored to the hash implementation details. Contrast with `Hashing` which terminates the stream pipeline.
std.Io.Writer.Hashing	Provides a `Writer` implementation based on calling `Hasher.update`, discarding all data. This implementation makes suboptimal buffering decisions due to being generic. A better solution will involve creating a writer for each hash function, where the splat buffer can be tailored to the hash implementation details. The total number of bytes written is stored in `hasher`. Contrast with `Hashed` which also passes the data to an underlying stream.
std.Io.Writer.Allocating	Maintains `Writer` state such that it writes to the unused capacity of an array list, filling it up completely before making a call through the vtable, causing a resize. Consequently, the same, optimized, non-generic machine code that uses `Writer`, such as formatted printing, takes the hot paths when using this API. When using this API, it is not necessary to call `flush`.
std.Io.Writer.Allocating.fromArrayList	Replaces `array_list` with empty, taking ownership of the memory.
std.Io.Writer.Allocating.fromArrayListAligned	Replaces `array_list` with empty, taking ownership of the memory.
std.Io.Writer.Allocating.toArrayList	Returns an array list that takes ownership of the allocated memory. Resets the `Allocating` to an empty state.
std.Io.Writer.Allocating.toArrayListAligned	Returns an array list that takes ownership of the allocated memory. Resets the `Allocating` to an empty state.
std.Io.net.HostName.validate	Validates a hostname according to [RFC 1123](https://www.rfc-editor.org/rfc/rfc1123)
std.Io.net.HostName.eql	Domain names are case-insensitive (RFC 5890, Section 2.3.2.4)
std.Io.net.HostName.lookup	Adds any number of `LookupResult.address` into `resolved`, and exactly one `LookupResult.canonical_name`. Guaranteed not to block if provided queue has capacity at least 16. Closes `resolved` before return, even on error. Asserts `resolved` is not closed until this call returns.
std.Io.net.HostName.expand	Decompresses a DNS name. Returns number of bytes consumed from `packet` starting at `i`, along with the expanded `HostName`. Asserts `buffer` is has length at least `max_len`.
std.Io.net.HostName.connectMany	Asynchronously establishes a connection to all IP addresses associated with a host name, adding them to a results queue upon completion. `error.Canceled` will never be added to the queue, but other errors may be. Closes `results` before return, even on error. Asserts `results` is not closed until this call returns.
std.Io.net.HostName.ResolvConf.max_nameservers	According to resolv.conf(5) there is a maximum of 3 nameservers in this file.
std.Io.net.HostName.ResolvConf.init	Returns `error.StreamTooLong` if a line is longer than 512 bytes.
std.Io.net.Protocol	Source of truth: Internet Assigned Numbers Authority (IANA)
std.Io.net.has_unix_sockets	Windows 10 added support for unix sockets in build 17063, redstone 4 is the first release to support them.
std.Io.net.IpAddress.parseLiteral	Parse an IP address which may include a port. For IPv4, this is written `address:port`. For IPv6, RFC 3986 defines this as an "IP literal", and the port is differentiated from the address by surrounding the address part in brackets "[addr]:port". Even if the port is not given, the brackets are mandatory.
std.Io.net.IpAddress.parse	Parse the given IP address string into an `IpAddress` value. This is a pure function but it cannot handle IPv6 addresses that have scope ids ("%foo" at the end). To also handle those, `resolve` must be called instead.
std.Io.net.IpAddress.parseIp6	This is a pure function but it cannot handle IPv6 addresses that have scope ids ("%foo" at the end). To also handle those, `resolveIp6` must be called instead.
std.Io.net.IpAddress.resolve	This function requires an `Io` parameter because it must query the operating system to convert interface name to index. For example, in "fe80::e0e:76ff:fed4:cf22%eno1", "eno1" must be resolved to an index by creating a socket and then using an `ioctl` syscall. For a pure function that cannot handle scopes, see `parse`.
std.Io.net.IpAddress.getPort	Returns the port in native endian.
std.Io.net.IpAddress.setPort	`port` is native-endian.
std.Io.net.IpAddress.fromIp6	Converts from an IPv4-mapped IPv6 address, or returns the IPv6 address directly.
std.Io.net.IpAddress.formatResolved	Includes the optional scope ("%foo" at the end) in IPv6 addresses. See `format` for an alternative that omits scopes and does not require an `Io` parameter.
std.Io.net.IpAddress.format	See `formatResolved` for an alternative that additionally prints the optional scope at the end of IPv6 addresses and requires an `Io` parameter.
std.Io.net.IpAddress.listen	Waits for a TCP connection. When using this API, `bind` does not need to be called. The returned `Server` has an open `stream`.
std.Io.net.IpAddress.bind	Associates an address with a `Socket` which can be used to receive UDP packets and other kinds of non-streaming messages. See `listen` for a streaming alternative. One bound `Socket` can be used to receive messages from multiple different addresses.
std.Io.net.IpAddress.connect	Initiates a connection-oriented network stream.
std.Io.net.Ip4Address	An IPv4 address in binary memory layout.
std.Io.net.Ip4Address.fromIp6	Converts from an IPv4-mapped IPv6 address, or returns `null`.
std.Io.net.Ip4Address.fromAny	Given an `IpAddress`, converts it to an `Ip4Address` directly, or from an IPv4-mapped IPv6 address, or returns `null`.
std.Io.net.Ip6Address	An IPv6 address in binary memory layout.
std.Io.net.Ip6Address.fromIp4	Constructs an IPv4-mapped IPv6 address.
std.Io.net.Ip6Address.fromAny	Given an `IpAddress`, converts it to an `Ip6Address` directly, or via constructing an IPv4-mapped IPv6 address.
std.Io.net.Ip6Address.Unresolved	An IPv6 address but with `Interface` as a name rather than index.
std.Io.net.Ip6Address.parse	This is a pure function but it cannot handle IPv6 addresses that have scope ids ("%foo" at the end). To also handle those, `resolve` must be called instead, or the lower level `Unresolved` API may be used.
std.Io.net.Ip6Address.resolve	This function requires an `Io` parameter because it must query the operating system to convert interface name to index. For example, in "fe80::e0e:76ff:fed4:cf22%eno1", "eno1" must be resolved to an index by creating a socket and then using an `ioctl` syscall.
std.Io.net.Ip6Address.formatResolved	Includes the optional scope ("%foo" at the end). See `format` for an alternative that omits scopes and does not require an `Io` parameter.
std.Io.net.Ip6Address.format	See `formatResolved` for an alternative that additionally prints the optional scope at the end of addresses and requires an `Io` parameter.
std.Io.net.IncomingMessage.init	Useful for initializing before calling `receiveManyTimeout`.
std.Io.net.Interface.Name.fromSliceUnchecked	Asserts bytes.len fits in `max_len`.
std.Io.net.Interface.Name.resolve	Corresponds to "if_nametoindex" in libc.
std.Io.net.Interface.name	Asserts not `none`. Corresponds to "if_indextoname" in libc.
std.Io.net.Socket	An open port with unspecified protocol.
std.Io.net.Socket.Handle	Underlying platform-defined type which may or may not be interchangeable with a file system file descriptor.
std.Io.net.Socket.close	Leaves `address` in a valid state.
std.Io.net.Socket.send	Transfers `data` to `dest`, connectionless, in one packet.
std.Io.net.Socket.receive	Waits for data. Connectionless. See also: * `receiveTimeout`
std.Io.net.Socket.receiveTimeout	Waits for data. Connectionless. Returns `error.Timeout` if no message arrives early enough. See also: * `receive` * `receiveManyTimeout`
std.Io.net.Socket.receiveManyTimeout	Waits until at least one message is delivered, possibly returning more than one message. Connectionless. Returns number of messages received, or `error.Timeout` if no message arrives early enough. See also: * `receive` * `receiveTimeout`
std.Io.net.Socket.createPair	Create a set of two sockets that are connected to each other. Also known as "socketpair".
std.Io.net.Stream	An open socket connection with a network protocol that guarantees sequencing, delivery, and prevents repetition. Typically TCP or UNIX domain socket.
std.Io.net.Server.accept	Blocks until a client connects to the server.
std.Io.Dir.max_path_bytes	The maximum length of a file path that the operating system will accept. Paths, including those returned from file system operations, may be longer than this length, but such paths cannot be successfully passed back in other file system operations. However, all path components returned by file system operations are assumed to fit into a `u8` array of this length. The byte count includes room for a null sentinel byte. * On Windows, `[]u8` file paths are encoded as [WTF-8](https://wtf-8.codeberg.page/). * On WASI, `[]u8` file paths are encoded as valid UTF-8. * On other platforms, `[]u8` file paths are opaque sequences of bytes with no particular encoding.
std.Io.Dir.max_name_bytes	This represents the maximum size of a `[]u8` file name component that the platform's common file systems support. File name components returned by file system operations are likely to fit into a `u8` array of this length, but (depending on the platform) this assumption may not hold for every configuration. The byte count does not include a null sentinel byte. On Windows, `[]u8` file name components are encoded as [WTF-8](https://wtf-8.codeberg.page/). On WASI, file name components are encoded as valid UTF-8. On other platforms, `[]u8` components are an opaque sequence of bytes with no particular encoding.
std.Io.Dir.cwd	Returns a handle to the current working directory. It is not opened with iteration capability. Iterating over the result is illegal behavior. Closing the returned `Dir` is checked illegal behavior. On POSIX targets, this function is comptime-callable. This function is overridable via `std.Options.cwd`.
std.Io.Dir.Reader.min_buffer_len	A length for `buffer` that allows all implementations to function.
std.Io.Dir.Reader.init	Asserts that `buffer` has length at least `min_buffer_len`.
std.Io.Dir.Reader.read	All `Entry.name` are invalidated with the next call to `read` or `next`.
std.Io.Dir.Reader.next	`Entry.name` is invalidated with the next call to `read` or `next`.
std.Io.Dir.Iterator	This API is designed for convenience rather than performance: * It chooses a buffer size rather than allowing the user to provide one. * It is movable by only requesting one `Entry` at a time from the `Io` implementation rather than doing batch operations. Still, it will do a decent job of minimizing syscall overhead. For a lower level abstraction, see `Reader`. For a higher level abstraction, see `Walker`.
std.Io.Dir.iterateAssumeFirstIteration	Like `iterate`, but will not reset the directory cursor before the first iteration. This should only be used in cases where it is known that the `Dir` has not had its cursor modified yet (e.g. it was just opened).
std.Io.Dir.SelectiveWalker.next	After each call to this function, and on deinit(), the memory returned from this function becomes invalid. A copy must be made in order to keep a reference to the path.
std.Io.Dir.SelectiveWalker.enter	Traverses into the directory, continuing walking one level down.
std.Io.Dir.SelectiveWalker.leave	Leaves the current directory, continuing walking one level up. If the current entry is a directory entry, then the "current directory" will pertain to that entry if `enter` is called before `leave`.
std.Io.Dir.walkSelectively	Recursively iterates over a directory, but requires the user to opt-in to recursing into each directory entry. `dir` must have been opened with `OpenOptions.iterate` set to `true`. `Walker.deinit` releases allocated memory and directory handles. The order of returned file system entries is undefined. `dir` will not be closed after walking it. See also `walk`.
std.Io.Dir.Walker.Entry.depth	Returns the depth of the entry relative to the initial directory. Returns 1 for a direct child of the initial directory, 2 for an entry within a direct child of the initial directory, etc.
std.Io.Dir.Walker.next	After each call to this function, and on deinit(), the memory returned from this function becomes invalid. A copy must be made in order to keep a reference to the path.
std.Io.Dir.Walker.leave	Leaves the current directory, continuing walking one level up. If the current entry is a directory entry, then the "current directory" is the directory pertaining to the current entry.
std.Io.Dir.walk	Recursively iterates over a directory. `dir` must have been opened with `OpenOptions.iterate` set to `true`. `Walker.deinit` releases allocated memory and directory handles. The order of returned file system entries is undefined. `dir` will not be closed after walking it. See also: * `walkSelectively`
std.Io.Dir.access	Test accessing `sub_path`. On Windows, `sub_path` should be encoded as [WTF-8](https://wtf-8.codeberg.page/). On WASI, `sub_path` should be encoded as valid UTF-8. On other platforms, `sub_path` is an opaque sequence of bytes with no particular encoding. Be careful of Time-Of-Check-Time-Of-Use race conditions when using this function. For example, instead of testing if a file exists and then opening it, just open it and handle the error for file not found.
std.Io.Dir.openDir	Opens a directory at the given path. The directory is a system resource that remains open until `close` is called on the result. The directory cannot be iterated unless the `iterate` option is set to `true`. On Windows, `sub_path` should be encoded as [WTF-8](https://wtf-8.codeberg.page/). On WASI, `sub_path` should be encoded as valid UTF-8. On other platforms, `sub_path` is an opaque sequence of bytes with no particular encoding.
std.Io.Dir.openFile	Opens a file for reading or writing, without attempting to create a new file. To create a new file, see `createFile`. Allocates a resource to be released with `File.close`. On Windows, `sub_path` should be encoded as [WTF-8](https://wtf-8.codeberg.page/). On WASI, `sub_path` should be encoded as valid UTF-8. On other platforms, `sub_path` is an opaque sequence of bytes with no particular encoding.
std.Io.Dir.createFile	Creates, opens, or overwrites a file with write access. Allocates a resource to be dellocated with `File.close`. On Windows, `sub_path` should be encoded as [WTF-8](https://wtf-8.codeberg.page/). On WASI, `sub_path` should be encoded as valid UTF-8. On other platforms, `sub_path` is an opaque sequence of bytes with no particular encoding.
std.Io.Dir.writeFile	Writes content to the file system, using the file creation flags provided.
std.Io.Dir.updateFile	Check the file size, mtime, and permissions of `source_path` and `dest_path`. If they are equal, does nothing. Otherwise, atomically copies `source_path` to `dest_path`, creating the parent directory hierarchy as needed. The destination file gains the mtime, atime, and permissions of the source file so that the next call to `updateFile` will not need a copy. Returns the previous status of the file before updating. * On Windows, both paths should be encoded as [WTF-8](https://wtf-8.codeberg.page/). * On WASI, both paths should be encoded as valid UTF-8. * On other platforms, both paths are an opaque sequence of bytes with no particular encoding.
std.Io.Dir.readFile	Read all of file contents using a preallocated buffer. The returned slice has the same pointer as `buffer`. If the length matches `buffer.len` the situation is ambiguous. It could either mean that the entire file was read, and it exactly fits the buffer, or it could mean the buffer was not big enough for the entire file. * On Windows, `file_path` should be encoded as [WTF-8](https://simonsapin.github.io/wtf-8/). * On WASI, `file_path` should be encoded as valid UTF-8. * On other platforms, `file_path` is an opaque sequence of bytes with no particular encoding.
std.Io.Dir.createDir	Creates a single directory with a relative or absolute path. * On Windows, `sub_path` should be encoded as [WTF-8](https://simonsapin.github.io/wtf-8/). * On WASI, `sub_path` should be encoded as valid UTF-8. * On other platforms, `sub_path` is an opaque sequence of bytes with no particular encoding. Related: * `createDirPath` * `createDirAbsolute`
std.Io.Dir.createDirAbsolute	Create a new directory, based on an absolute path. Asserts that the path is absolute. See `createDir` for a function that operates on both absolute and relative paths. On Windows, `absolute_path` should be encoded as [WTF-8](https://wtf-8.codeberg.page/). On WASI, `absolute_path` should be encoded as valid UTF-8. On other platforms, `absolute_path` is an opaque sequence of bytes with no particular encoding.
std.Io.Dir.createDirPath	Creates parent directories with default permissions as necessary to ensure `sub_path` exists as a directory. Returns success if the path already exists and is a directory. This function may not be atomic. If it returns an error, the file system may have been modified. Fails on an empty path with `error.BadPathName` as that is not a path that can be created. On Windows, `sub_path` should be encoded as [WTF-8](https://simonsapin.github.io/wtf-8/). On WASI, `sub_path` should be encoded as valid UTF-8. On other platforms, `sub_path` is an opaque sequence of bytes with no particular encoding. Paths containing `..` components are handled differently depending on the platform: - On Windows, `..` are resolved before the path is passed to NtCreateFile, meaning a `sub_path` like "first/../second" will resolve to "second" and only a `./second` directory will be created. - On other platforms, `..` are not resolved before the path is passed to `mkdirat`, meaning a `sub_path` like "first/../second" will create both a `./first` and a `./second` directory. See also: * `createDirPathStatus`
std.Io.Dir.createDirPathStatus	Same as `createDirPath` except returns whether the path already existed or was successfully created.
std.Io.Dir.createDirPathOpen	Performs the equivalent of `createDirPath` followed by `openDir`, atomically if possible. When this operation is canceled, it may leave the file system in a partially modified state. On Windows, `sub_path` should be encoded as [WTF-8](https://wtf-8.codeberg.page/). On WASI, `sub_path` should be encoded as valid UTF-8. On other platforms, `sub_path` is an opaque sequence of bytes with no particular encoding.
std.Io.Dir.statFile	Returns metadata for a file inside the directory. On Windows, this requires three syscalls. On other operating systems, it only takes one. Symlinks are followed. `sub_path` may be absolute, in which case `self` is ignored. * On Windows, `sub_path` should be encoded as [WTF-8](https://simonsapin.github.io/wtf-8/). * On WASI, `sub_path` should be encoded as valid UTF-8. * On other platforms, `sub_path` is an opaque sequence of bytes with no particular encoding.
std.Io.Dir.realPath	Obtains the canonicalized absolute path name of `sub_path` relative to this `Dir`. If `sub_path` is absolute, ignores this `Dir` handle and obtains the canonicalized absolute pathname of `sub_path` argument. This function has limited platform support, and using it can lead to unnecessary failures and race conditions. It is generally advisable to avoid this function entirely.
std.Io.Dir.realPathFile	Obtains the canonicalized absolute path name of `sub_path` relative to this `Dir`. If `sub_path` is absolute, ignores this `Dir` handle and obtains the canonicalized absolute pathname of `sub_path` argument. This function has limited platform support, and using it can lead to unnecessary failures and race conditions. It is generally advisable to avoid this function entirely. See also: * `realPathFileAlloc`. * `realPathFileAbsolute`.
std.Io.Dir.realPathFileAlloc	Same as `realPathFile` except allocates result. This function has limited platform support, and using it can lead to unnecessary failures and race conditions. It is generally advisable to avoid this function entirely. See also: * `realPathFile`. * `realPathFileAbsolute`.
std.Io.Dir.realPathFileAbsolute	Same as `realPathFile` except `absolute_path` is asserted to be an absolute path. This function has limited platform support, and using it can lead to unnecessary failures and race conditions. It is generally advisable to avoid this function entirely. See also: * `realPathFile`. * `realPathFileAlloc`.
std.Io.Dir.realPathFileAbsoluteAlloc	Same as `realPathFileAbsolute` except allocates result. This function has limited platform support, and using it can lead to unnecessary failures and race conditions. It is generally advisable to avoid this function entirely. See also: * `realPathFileAbsolute`. * `realPathFile`.
std.Io.Dir.deleteFile	Delete a file name and possibly the file it refers to, based on an open directory handle. On Windows, `sub_path` should be encoded as [WTF-8](https://wtf-8.codeberg.page/). On WASI, `sub_path` should be encoded as valid UTF-8. On other platforms, `sub_path` is an opaque sequence of bytes with no particular encoding. Asserts that the path parameter has no null bytes.
std.Io.Dir.deleteDir	Returns `error.DirNotEmpty` if the directory is not empty. To delete a directory recursively, see `deleteTree`. On Windows, `sub_path` should be encoded as [WTF-8](https://wtf-8.codeberg.page/). On WASI, `sub_path` should be encoded as valid UTF-8. On other platforms, `sub_path` is an opaque sequence of bytes with no particular encoding.
std.Io.Dir.deleteDirAbsolute	Same as `deleteDir` except the path is absolute. On Windows, `dir_path` should be encoded as [WTF-8](https://wtf-8.codeberg.page/). On WASI, `dir_path` should be encoded as valid UTF-8. On other platforms, `dir_path` is an opaque sequence of bytes with no particular encoding.
std.Io.Dir.rename	Change the name or location of a file or directory. If `new_sub_path` already exists, it will be replaced. Renaming a file over an existing directory or a directory over an existing file will fail with `error.IsDir` or `error.NotDir` * On Windows, both paths should be encoded as [WTF-8](https://wtf-8.codeberg.page/). * On WASI, both paths should be encoded as valid UTF-8. * On other platforms, both paths are an opaque sequence of bytes with no particular encoding.
std.Io.Dir.renamePreserve	Change the name or location of a file or directory. If `new_sub_path` already exists, `error.PathAlreadyExists` will be returned. Renaming a file over an existing directory or a directory over an existing file will fail with `error.IsDir` or `error.NotDir` * On Windows, both paths should be encoded as [WTF-8](https://wtf-8.codeberg.page/). * On WASI, both paths should be encoded as valid UTF-8. * On other platforms, both paths are an opaque sequence of bytes with no particular encoding.
std.Io.Dir.SymLinkFlags	Use with `symLink`, `symLinkAtomic`, and `symLinkAbsolute` to specify whether the symlink will point to a file or a directory. This value is ignored on all hosts except Windows where creating symlinks to different resource types, requires different flags. By default, `symLinkAbsolute` is assumed to point to a file.
std.Io.Dir.symLink	Creates a symbolic link named `sym_link_path` which contains the string `target_path`. A symbolic link (also known as a soft link) may point to an existing file or to a nonexistent one; the latter case is known as a dangling link. If `sym_link_path` exists, it will not be overwritten. On Windows, both paths should be encoded as [WTF-8](https://wtf-8.codeberg.page/). On WASI, both paths should be encoded as valid UTF-8. On other platforms, both paths are an opaque sequence of bytes with no particular encoding.
std.Io.Dir.symLinkAtomic	Same as `symLink`, except tries to create the symbolic link until it succeeds or encounters an error other than `error.PathAlreadyExists`. * On Windows, both paths should be encoded as [WTF-8](https://wtf-8.codeberg.page/). * On WASI, both paths should be encoded as valid UTF-8. * On other platforms, both paths are an opaque sequence of bytes with no particular encoding.
std.Io.Dir.readLink	Obtain target of a symbolic link. Returns how many bytes of `buffer` are populated. Asserts that the path parameter has no null bytes. On Windows, `sub_path` should be encoded as [WTF-8](https://wtf-8.codeberg.page/). On WASI, `sub_path` should be encoded as valid UTF-8. On other platforms, `sub_path` is an opaque sequence of bytes with no particular encoding.
std.Io.Dir.readLinkAbsolute	Same as `readLink`, except it asserts the path is absolute. On Windows, `path` should be encoded as [WTF-8](https://wtf-8.codeberg.page/). On WASI, `path` should be encoded as valid UTF-8. On other platforms, `path` is an opaque sequence of bytes with no particular encoding.
std.Io.Dir.readFileAlloc	Reads all the bytes from the named file. On success, caller owns returned buffer. If the file size is already known, a better alternative is to initialize a `File.Reader`. If the file size cannot be obtained, an error is returned. If this is a realistic possibility, a better alternative is to initialize a `File.Reader` which handles this seamlessly.
std.Io.Dir.readFileAllocOptions	Reads all the bytes from the named file. On success, caller owns returned buffer. If the file size is already known, a better alternative is to initialize a `File.Reader`.
std.Io.Dir.deleteTree	Whether `sub_path` describes a symlink, file, or directory, this function removes it. If it cannot be removed because it is a non-empty directory, this function recursively removes its entries and then tries again. This operation is not atomic on most file systems. On Windows, `sub_path` should be encoded as [WTF-8](https://wtf-8.codeberg.page/). On WASI, `sub_path` should be encoded as valid UTF-8. On other platforms, `sub_path` is an opaque sequence of bytes with no particular encoding.
std.Io.Dir.deleteTreeMinStackSize	Like `deleteTree`, but only keeps one `Iterator` active at a time to minimize the function's stack size. This is slower than `deleteTree` but uses less stack space. On Windows, `sub_path` should be encoded as [WTF-8](https://wtf-8.codeberg.page/). On WASI, `sub_path` should be encoded as valid UTF-8. On other platforms, `sub_path` is an opaque sequence of bytes with no particular encoding.
std.Io.Dir.copyFile	Atomically creates a new file at `dest_path` within `dest_dir` with the same contents as `source_path` within `source_dir`. Whether to overwrite the existing file is determined by `options`. On Linux, until https://patchwork.kernel.org/patch/9636735/ is merged and readily available, there is a possibility of power loss or application termination leaving temporary files present in the same directory as dest_path. On Windows, both paths should be encoded as [WTF-8](https://wtf-8.codeberg.page/). On WASI, both paths should be encoded as valid UTF-8. On other platforms, both paths are an opaque sequence of bytes with no particular encoding.
std.Io.Dir.copyFileAbsolute	Same as `copyFile`, except asserts that both `source_path` and `dest_path` are absolute. On Windows, both paths should be encoded as [WTF-8](https://wtf-8.codeberg.page/). On WASI, both paths should be encoded as valid UTF-8. On other platforms, both paths are an opaque sequence of bytes with no particular encoding.
std.Io.Dir.createFileAtomic	Create an unnamed ephemeral file that can eventually be atomically materialized into `sub_path`. The returned `File.Atomic` provides API to emulate the behavior in case it is not directly supported by the underlying operating system. * On Windows, `sub_path` should be encoded as [WTF-8](https://wtf-8.codeberg.page/). * On WASI, `sub_path` should be encoded as valid UTF-8. * On other platforms, `sub_path` is an opaque sequence of bytes with no particular encoding.
std.Io.Dir.setPermissions	Also known as "chmod". The process must have the correct privileges in order to do this successfully, or must have the effective user ID matching the owner of the directory. Additionally, the directory must have been opened with `OpenOptions.iterate` set to `true`.
std.Io.Dir.setFilePermissions	Also known as "fchmodat".
std.Io.Dir.setOwner	Also known as "chown". The process must have the correct privileges in order to do this successfully. The group may be changed by the owner of the directory to any group of which the owner is a member. Additionally, the directory must have been opened with `OpenOptions.iterate` set to `true`. If the owner or group is specified as `null`, the ID is not changed.
std.Io.Dir.setFileOwner	Also known as "fchownat".
std.Io.Dir.setTimestamps	The granularity that ultimately is stored depends on the combination of operating system and file system. When a value as provided that exceeds this range, the value is clamped to the maximum.
std.Io.Dir.setTimestampsNow	Sets the accessed and modification timestamps of the provided path to the current wall clock time. The granularity that ultimately is stored depends on the combination of operating system and file system.
std.Io.File.Reader.initStreaming	Positional is more threadsafe, since the global seek position is not affected, but when such syscalls are not available, preemptively initializing in streaming mode skips a failed syscall.
std.Io.File.Reader.seekTo	Repositions logical read offset relative to the beginning of the file.
std.Io.File.Reader.atEnd	Returns whether the stream is at the logical end.
std.Io.File.Writer.initStreaming	Positional is more threadsafe, since the global seek position is not affected, but when such syscalls are not available, preemptively initializing in streaming mode will skip a failed syscall.
std.Io.File.Writer.initDetect	Detects if `file` is terminal and sets the mode accordingly.
std.Io.File.Writer.seekToUnbuffered	Asserts that no data is currently buffered.
std.Io.File.Writer.end	Flushes any buffered data and sets the end position of the file. If not overwriting existing contents, then calling `interface.flush` directly is sufficient. Flush failure is handled by setting `err` so that it can be handled along with other write failures.
std.Io.File.Writer.flush	Convenience method for calling `Io.Writer.flush` and returning the underlying error.
std.Io.File.Atomic.deinit	To release all resources, always call `deinit`, even after a successful `finish`.
std.Io.File.Atomic.link	Atomically materializes the file into place, failing with `error.PathAlreadyExists` if something already exists there. If this operation could not be done with an unnamed temporary file, the named temporary file will be deleted in a following operation, which may independently fail. The result of that operation is stored in `delete_err`.
std.Io.File.Atomic.replace	Atomically materializes the file into place, replacing any file that already exists there. Calling this function requires setting `CreateFileAtomicOptions.replace` to `true`. On Windows, this function introduces a period of time where some file system operations on the destination file will result in `error.AccessDenied`, including rename operations (such as the one used in this function).
std.Io.File.MemoryMap	Memory intended to remain consistent with file contents.
std.Io.File.MemoryMap.create	To release the resources associated with the returned `MemoryMap`, call `destroy`.
std.Io.File.MemoryMap.destroy	If `write` is not called before this function, changes to `memory` may or may not be synchronized to `file`.
std.Io.File.MemoryMap.setLength	Change the size of the mapping. This does not sync the contents. The size of the file after calling this is unspecified until `write` is called. May change the pointer address of `memory`.
std.Io.File.MemoryMap.read	Synchronizes the contents of `memory` from `file`.
std.Io.File.MemoryMap.write	Synchronizes the contents of `memory` to `file`. If `memory.len` is greater than file size, the bytes beyond the end of the file may be dropped, or they may be written, extending the size of the file.
std.Io.File.MultiReader	Concurrently read from multiple file streams, eliminating risk of deadlocking.
std.Io.File.MultiReader.Streams	Trailing: * `contexts: [len]Context` * `storage: [len]Io.Operation.Storage`
std.Io.File.MultiReader.init	See `Streams.Buffer` for convenience API to obtain the `streams` parameter.
std.Io.File.MultiReader.checkAnyError	Checks for errors in all streams, prioritizing `error.Canceled` if it occurred anywhere, and ignoring `error.EndOfStream`.
std.Io.File.MultiReader.fill	Wait until at least one stream receives more data.
std.Io.File.MultiReader.fillRemaining	Wait until all streams fail or reach the end.
std.Io.File.stat	Returns `Stat` containing basic information about the `File`.
std.Io.File.OpenMode	Deprecated, renamed to `Dir.OpenFileOptions.Mode`.
std.Io.File.OpenFlags	Deprecated, renamed to `Dir.OpenFileOptions`
std.Io.File.CreateFlags	Deprecated, renamed to `Dir.CreateFileOptions`.
std.Io.File.sync	Blocks until all pending file contents and metadata modifications for the file have been synchronized with the underlying filesystem. This does not ensure that metadata for the directory containing the file has also reached disk.
std.Io.File.isTty	Test whether the file refers to a terminal (similar to libc "isatty"). See also: * `enableAnsiEscapeCodes` * `supportsAnsiEscapeCodes`.
std.Io.File.supportsAnsiEscapeCodes	Test whether ANSI escape codes will be treated as such without attempting to enable support for ANSI escape codes.
std.Io.File.setLength	Truncates or expands the file, populating any new data with zeroes. The file offset after this call is left unchanged.
std.Io.File.length	Retrieve the ending byte index of the file. Sometimes cheaper than `stat` if only the length is needed.
std.Io.File.setPermissions	Also known as "chmod". The process must have the correct privileges in order to do this successfully, or must have the effective user ID matching the owner of the file.
std.Io.File.setOwner	Also known as "chown". The process must have the correct privileges in order to do this successfully. The group may be changed by the owner of the file to any group of which the owner is a member. If the owner or group is specified as `null`, the ID is not changed.
std.Io.File.Permissions	Cross-platform representation of permissions on a file. On POSIX systems this corresponds to "mode" and on Windows this corresponds to "attributes".
std.Io.File.SetTimestamp.init	Convenience for interacting with `Stat`, in which `null` indicates `unchanged`.
std.Io.File.setTimestamps	The granularity that ultimately is stored depends on the combination of operating system and file system. When a value as provided that exceeds this range, the value is clamped to the maximum.
std.Io.File.setTimestampsNow	Sets the accessed and modification timestamps of `file` to the current wall clock time. The granularity that ultimately is stored depends on the combination of operating system and file system.
std.Io.File.readStreaming	May return fewer bytes than buffer space available, including 0. End-of-stream is indicated by `error.EndOfStream`. See also: * `reader`
std.Io.File.readPositional	Returns 0 on stream end or if `buffer` has no space available for data. See also: * `reader`
std.Io.File.writePositional	See also: * `writer`
std.Io.File.writePositionalAll	Equivalent to creating a positional writer, writing `bytes`, and then flushing.
std.Io.File.reader	Defaults to positional reading; falls back to streaming. Positional is more threadsafe, since the global seek position is not affected. See also: * `readerStreaming`
std.Io.File.readPositionalAll	Equivalent to creating a positional reader and reading multiple times to fill `buffer`. Returns number of bytes read into `buffer`. If less than `buffer.len`, end of file occurred. See also: * `reader`
std.Io.File.readerStreaming	Positional is more threadsafe, since the global seek position is not affected, but when such syscalls are not available, preemptively initializing in streaming mode skips a failed syscall. See also: * `reader`
std.Io.File.writer	Defaults to positional reading; falls back to streaming. Positional is more threadsafe, since the global seek position is not affected.
std.Io.File.writerStreaming	Positional is more threadsafe, since the global seek position is not affected, but when such syscalls are not available, preemptively initializing in streaming mode will skip a failed syscall.
std.Io.File.writeStreaming	This is a low-level API that calls the `Io` interface function directly. For a higher level API, see `writerStreaming`.
std.Io.File.writeStreamingAll	Equivalent to creating a streaming writer, writing `bytes`, and then flushing.
std.Io.File.lock	Blocks when an incompatible lock is held by another process. A process may hold only one type of lock (shared or exclusive) on a file. When a process terminates in any way, the lock is released. Assumes the file is unlocked.
std.Io.File.unlock	Assumes the file is locked.
std.Io.File.tryLock	Attempts to obtain a lock, returning `true` if the lock is obtained, and `false` if there was an existing incompatible lock held. A process may hold only one type of lock (shared or exclusive) on a file. When a process terminates in any way, the lock is released. Assumes the file is unlocked.
std.Io.File.downgradeLock	Assumes the file is already locked in exclusive mode. Atomically modifies the lock to be in shared mode, without releasing it.
std.Io.File.realPath	Obtains the canonicalized absolute path name corresponding to an open file handle. This function has limited platform support, and using it can lead to unnecessary failures and race conditions. It is generally advisable to avoid this function entirely.
std.Io.Terminal.Mode.detect	Detect suitable TTY configuration options for the given file (commonly stdout/stderr). Will attempt to enable ANSI escape code support if necessary/possible. * `NO_COLOR` indicates whether "NO_COLOR" environment variable is present and non-empty. * `CLICOLOR_FORCE` indicates whether "CLICOLOR_FORCE" environment variable is present and non-empty.
std.Io.Operation.FileReadStreaming	May return 0 reads which is different than `error.EndOfStream`.
std.Io.operate	Performs one `Operation`.
std.Io.operateTimeout	Performs one `Operation` with provided `timeout`.
std.Io.Batch	Submits many operations together without waiting for all of them to complete. This is a low-level abstraction based on `Operation`. For a higher level API that operates on `Future`, see `Select` and `Group`.
std.Io.Batch.init	After calling this, it is safe to unconditionally defer a call to `cancel`. `storage` is a pre-allocated buffer of undefined memory that determines the maximum number of active operations that can be submitted via `add` and `addAt`.
std.Io.Batch.add	Adds an operation to be performed at the next await call. Returns the index that will be returned by `next` after the operation completes. Asserts that no more than `storage.len` operations are active at a time.
std.Io.Batch.addAt	Adds an operation to be performed at the next await call. After the operation completes, `next` will return `index`. Asserts that the operation at `index` is not active.
std.Io.Batch.next	After calling `awaitAsync`, `awaitConcurrent`, or `cancel`, this function iterates over the completed operations. Each completion returned from this function dequeues from the `Batch`. It is not required to dequeue all completions before awaiting again.
std.Io.Batch.awaitAsync	Waits for at least one of the submitted operations to complete. After this function returns the completed operations can be iterated with `next`. This function provides opportunity for the implementation to introduce concurrency into the batched operations, but unlike `awaitConcurrent`, does not require it, and therefore cannot fail with `error.ConcurrencyUnavailable`.
std.Io.Batch.awaitConcurrent	Waits for at least one of the submitted operations to complete. After this function returns the completed operations can be iterated with `next`. Unlike `awaitAsync`, this function requires the implementation to perform the operations concurrently and therefore can fail with `error.ConcurrencyUnavailable`.
std.Io.Batch.cancel	Requests all pending operations to be interrupted, then waits for all pending operations to complete. After this returns, the `Batch` is in a well-defined state, ready to be iterated with `next`. Successfully canceled operations will be absent from the iteration. Some operations may have successfully completed regardless of the cancel request and will appear in the iteration.
std.Io.Limit.limited	`math.maxInt(usize)` is interpreted to mean `.unlimited`.
std.Io.Limit.limited64	Any value grater than `math.maxInt(usize)` is interpreted to mean `.unlimited`.
std.Io.Limit.slice1	Reduces a slice to account for the limit, leaving room for one extra byte above the limit, allowing for the use case of differentiating between end-of-stream and reaching the limit.
std.Io.Limit.subtract	Return a new limit reduced by `amount` or return `null` indicating limit would be exceeded.
std.Io.Clock.now	This function is not cancelable because it does not block. Resolution is determined by `resolution` which may be 0 if the clock is unsupported. See also: * `Clock.Timestamp.now`
std.Io.Clock.resolution	Reveals the granularity of `clock`. May be zero, indicating unsupported clock.
std.Io.Clock.Timestamp.now	This function is not cancelable because it does not block. Resolution is determined by `resolution` which may be 0 if the clock is unsupported. See also: * `Clock.now`
std.Io.Clock.Timestamp.wait	Sleeps until the timestamp arrives. See also: * `Io.sleep` * `Clock.Duration.sleep` * `Timeout.sleep`
std.Io.Clock.Timestamp.fromNow	Resolution is determined by `resolution` which may be 0 if the clock is unsupported.
std.Io.Clock.Timestamp.untilNow	Resolution is determined by `resolution` which may be 0 if the clock is unsupported.
std.Io.Clock.Timestamp.durationFromNow	Resolution is determined by `resolution` which may be 0 if the clock is unsupported.
std.Io.Clock.Timestamp.toClock	Resolution is determined by `resolution` which may be 0 if the clock is unsupported.
std.Io.Clock.Duration.sleep	Waits until a specified amount of time has passed on `clock`. See also: * `Io.sleep` * `Clock.Timestamp.wait` * `Timeout.sleep`
std.Io.Timestamp.untilNow	Resolution is determined by `Clock.resolution` which may be 0 if the clock is unsupported.
std.Io.Duration.format	Write number of nanoseconds according to its signed magnitude: `[#y][#w][#d][#h][#m]#[.###][n|u|m]s`
std.Io.Timeout	Declares under what conditions an operation should return `error.Timeout`.
std.Io.Timeout.sleep	Waits until the timeout has passed. See also: * `Io.sleep` * `Clock.Duration.sleep` * `Clock.Timestamp.wait`
std.Io.Group	An unordered set of tasks which can only be awaited or canceled as a whole. Tasks are spawned in the group with `Group.async` and `Group.concurrent`. The resources associated with each task are *guaranteed* to be released when the individual task returns, as opposed to when the whole group completes or is awaited. For this reason, it is not a resource leak to have a long-lived group which concurrent tasks are repeatedly added to. However, asynchronous tasks are not guaranteed to run until `Group.await` or `Group.cancel` is called, so adding async tasks to a group without ever awaiting it may leak resources.
std.Io.Group.async	Equivalent to `Io.async`, except the task is spawned in this `Group` instead of becoming associated with a `Future`. The return type of `function` must be coercible to `Cancelable!void`. `function` returning `error.Canceled` does nothing because it is an cancelation propagation boundary. Once this function is called, there are resources associated with the group. To release those resources, `Group.await` or `Group.cancel` must eventually be called.
std.Io.Group.concurrent	Equivalent to `Io.concurrent`, except the task is spawned in this `Group` instead of becoming associated with a `Future`. The return type of `function` must be coercible to `Cancelable!void`. `function` returning `error.Canceled` does nothing because it is an cancelation propagation boundary. Once this function is called, there are resources associated with the group. To release those resources, `Group.await` or `Group.cancel` must eventually be called.
std.Io.Group.await	Blocks until all tasks of the group finish. During this time, cancelation requests propagate to all members of the group, and will also cause `error.Canceled` to be returned when the group does ultimately finish. Idempotent. Not threadsafe. It is safe to call this function concurrently with `Group.async` or `Group.concurrent`, provided that the group does not complete until the call to `Group.async` or `Group.concurrent` returns.
std.Io.Group.cancel	Equivalent to `await` but immediately requests cancelation on all members of the group. For a description of cancelation and cancelation points, see `Future.cancel`. Idempotent. Not threadsafe. It is safe to call this function concurrently with `Group.async` or `Group.concurrent`, provided that the group does not complete until the call to `Group.async` or `Group.concurrent` returns.
std.Io.recancel	Asserts that `error.Canceled` was returned from a prior cancelation point, and "re-arms" the cancelation request, so that `error.Canceled` will be returned again from the next cancelation point. For a description of cancelation and cancelation points, see `Future.cancel`.
std.Io.CancelProtection	In rare cases, it is desirable to completely block cancelation notification, so that a region of code can run uninterrupted before `error.Canceled` is potentially observed. Therefore, every task has a "cancel protection" state which indicates whether or not `Io` functions can introduce cancelation points. To modify a task's cancel protection state, see `swapCancelProtection`. For a description of cancelation and cancelation points, see `Future.cancel`.
std.Io.swapCancelProtection	Updates the current task's cancel protection state (see `CancelProtection`). The typical usage for this function is to protect a block of code from cancelation: ``` const old_cancel_protect = io.swapCancelProtection(.blocked); defer _ = io.swapCancelProtection(old_cancel_protect); doSomeWork() catch |err| switch (err) { error.Canceled => unreachable, }; ``` For a description of cancelation and cancelation points, see `Future.cancel`.
std.Io.checkCancel	This function acts as a pure cancelation point (subject to protection; see `CancelProtection`) and does nothing else. In other words, it returns `error.Canceled` if there is an outstanding non-blocked cancelation request, but otherwise is a no-op. It is rarely necessary to call this function. The primary use case is in long-running CPU-bound tasks which may need to respond to cancelation before completing. Short tasks, or those which perform other `Io` operations (and hence have other cancelation points), will typically already respond quickly to cancelation requests. For a description of cancelation and cancelation points, see `Future.cancel`.
std.Io.Select	Executes tasks together, providing a mechanism to wait until one or more tasks complete. Similar to `Batch` but operates at the higher level task abstraction layer rather than lower level `Operation` abstraction layer. The provided tagged union will be used as the return type of the await function. When calling async or concurrent, one specifies which union field the called function's result will be placed into upon completion.
std.Io.futexWait	Atomically checks if the value at `ptr` equals `expected`, and if so, blocks until either: * a matching (same `ptr` argument) `futexWake` call occurs, or * a spurious ("random") wakeup occurs. Typically, `futexWake` should be called immediately after updating the value at `ptr.*`, to unblock tasks using `futexWait` to wait for the value to change from what it previously was. The caller is responsible for identifying spurious wakeups if necessary, typically by checking the value at `ptr.*`. Asserts that `T` is 4 bytes in length and has a well-defined layout with no padding bits.
std.Io.futexWaitTimeout	Same as `futexWait`, except also unblocks if `timeout` expires. As with `futexWait`, spurious wakeups are possible. It remains the caller's responsibility to differentiate between these three possible wake-up reasons if necessary.
std.Io.futexWaitUncancelable	Same as `futexWait`, except does not introduce a cancelation point. For a description of cancelation and cancelation points, see `Future.cancel`.
std.Io.futexWake	Unblocks pending futex waits on `ptr`, up to a limit of `max_waiters` calls.
std.Io.Mutex	Mutex is a synchronization primitive which enforces atomic access to a shared region of code known as the "critical section". Mutex is an extern struct so that it may be used as a field inside another extern struct.
std.Io.Mutex.lockUncancelable	Same as `lock`, except does not introduce a cancelation point. For a description of cancelation and cancelation points, see `Future.cancel`.
std.Io.Condition.waitUncancelable	Same as `wait`, except does not introduce a cancelation point. For a description of cancelation and cancelation points, see `Future.cancel`.
std.Io.Event	Logical boolean flag which can be set and unset and supports a "wait until set" operation.
std.Io.Event.isSet	Returns whether the logical boolean is `true`.
std.Io.Event.wait	Blocks until the logical boolean is `true`.
std.Io.Event.waitUncancelable	Same as `wait`, except does not introduce a cancelation point. For a description of cancelation and cancelation points, see `Future.cancel`.
std.Io.Event.waitTimeout	Blocks the calling thread until either the logical boolean is set, the timeout expires, or a spurious wakeup occurs. If the timeout expires or a spurious wakeup occurs, `error.Timeout` is returned.
std.Io.Event.set	Sets the logical boolean to true, and hence unblocks any pending calls to `wait`. The logical boolean remains true until `reset` is called, so future calls to `set` have no semantic effect. Any memory accesses prior to a `set` call are "released", so that if this `set` call causes `isSet` to return `true` or a wait to finish, those tasks will be able to observe those memory accesses.
std.Io.Event.reset	Sets the logical boolean to false. Assumes that there is no pending call to `wait` or `waitUncancelable`. However, concurrent calls to `isSet`, `set`, and `reset` are allowed.
std.Io.TypeErasedQueue.close	After this is called, the queue enters a "closed" state. A closed queue always returns `error.Closed` for put attempts even when there is space in the buffer. However, existing elements of the queue are retrieved before `error.Closed` is returned. Idempotent. Threadsafe.
std.Io.TypeErasedQueue.putUncancelable	Same as `put`, except does not introduce a cancelation point. For a description of cancelation and cancelation points, see `Future.cancel`.
std.Io.TypeErasedQueue.getUncancelable	Same as `get`, except does not introduce a cancelation point. For a description of cancelation and cancelation points, see `Future.cancel`.
std.Io.Queue	Many producer, many consumer, thread-safe, runtime configurable buffer size. When buffer is empty, consumers suspend and are resumed by producers. When buffer is full, producers suspend and are resumed by consumers.
std.Io.async	Calls `function` with `args`, such that the return value of the function is not guaranteed to be available until `await` is called. `function` *may* be called immediately, before `async` returns. This has weaker guarantees than `concurrent`, making more portable and reusable. When this function returns, it is guaranteed that `function` has already been called and completed, or it has successfully been assigned a unit of concurrency. See also: * `Group`
std.Io.concurrent	Calls `function` with `args`, such that the return value of the function is not guaranteed to be available until `await` is called, allowing the caller to progress while waiting for any `Io` operations. This has stronger guarantee than `async`, placing restrictions on what kind of `Io` implementations are supported. By calling `async` instead, one allows, for example, stackful single-threaded blocking I/O.
std.Io.sleep	Waits until a specified amount of time has passed on `clock`. See also: * `Clock.Duration.sleep` * `Clock.Timestamp.wait` * `Timeout.sleep`
std.Io.lockStderr	For doing application-level writes to the standard error stream. Coordinates also with debug-level writes that are ignorant of Io interface and implementations. See also: * `tryLockStderr`
std.Io.tryLockStderr	Same as `lockStderr` but non-blocking.
std.Io.random	Obtains entropy from a cryptographically secure pseudo-random number generator. The implementation *may* store RNG state in process memory and use it to fill `buffer`. The randomness is seeded by `randomSecure`, or a less secure mechanism upon failure. Threadsafe. See also `randomSecure`.
std.Io.randomSecure	Obtains cryptographically secure entropy from outside the process. Always makes a syscall, or otherwise avoids dependency on process memory, in order to obtain fresh randomness. Does not rely on stored RNG state. Does not have any fallback mechanisms; returns `error.EntropyUnavailable` if any problems occur. Threadsafe. See also `random`.
std.Io.failing	An implementation of `Io` which simulates a system supporting no `Io` operations. This system has the following properties: * Concurrency is unavailable. * The stdio handles are pipes whose remote ends are already closed. * The filesystem is entirely empty, including that the cwd is no longer present. * The filesystem is full, so attempting to create entries always returns `error.NoSpaceLeft`. * No entropy source is supported, so `randomSecure` always returns `error.EntropyUnavailable`, and `random` always returns (fills the buffer) with 0. * No clocks are supported, so `now` and `sleep` always return `error.UnsupportedClock`. * No network is connected, so network operations always return `error.NetworkDown`.
std.Progress.Node	Represents one unit of progress. Each node can have children nodes, or one can use integers with `update`.
std.Progress.Node.Index	Index into `node_storage`.
std.Progress.Node.start	Create a new child progress node. Thread-safe. Passing 0 for `estimated_total_items` means unknown.
std.Progress.Node.completeOne	This is the same as calling `start` and then `end` on the returned `Node`. Thread-safe.
std.Progress.Node.setName	Thread-safe. Bytes after '0' in `new_name` are ignored.
std.Progress.Node.getName	Gets the name of this `Node`. A pointer to this array can later be passed to `setName` to restore the name.
std.Progress.Node.setCompletedItems	Thread-safe.
std.Progress.Node.setEstimatedTotalItems	Thread-safe. 0 means unknown.
std.Progress.Node.increaseEstimatedTotalItems	Thread-safe.
std.Progress.Node.end	Finish a started `Node`. Thread-safe.
std.Progress.Node.setIpcFile	Used by `std.process.Child`. Thread-safe.
std.Progress.Node.takeIpcIndex	Not thread-safe.
std.Progress.start	Initializes a global Progress instance. Asserts there is only one global Progress instance. Call `Node.end` when done. If an error occurs, `start_failure` will be populated.
std.Random.DefaultPrng	Fast unbiased random numbers.
std.Random.DefaultCsprng	Cryptographically secure random numbers.
std.Random.Ascon.init	The seed must be uniform, secret and `secret_seed_length` bytes long.
std.Random.Ascon.addEntropy	Inserts entropy to refresh the internal state.
std.Random.Ascon.random	Returns a `std.Random` structure backed by the current RNG.
std.Random.Ascon.fill	Fills the buffer with random bytes.
std.Random.ChaCha.init	The seed must be uniform, secret and `secret_seed_length` bytes long.
std.Random.ChaCha.addEntropy	Inserts entropy to refresh the internal state.
std.Random.ChaCha.random	Returns a `std.Random` structure backed by the current RNG.
std.Random.ChaCha.fill	Fills the buffer with random bytes.
std.Random.lcg.Wrapping	Linear congruent generator where the modulo is `std.math.maxInt(T)`, wrapping over the integer.
std.Random.bytes	Read random bytes into the specified buffer until full.
std.Random.enumValue	Returns a random value from an enum, evenly distributed. Note that this will not yield consistent results across all targets due to dependence on the representation of `usize` as an index. See `enumValueWithIndex` for further commentary.
std.Random.enumValueWithIndex	Returns a random value from an enum, evenly distributed. An index into an array of all named values is generated using the specified `Index` type to determine the return value. This allows for results to be independent of `usize` representation. Prefer `enumValue` if this isn't important. See `uintLessThan`, which this function uses in most cases, for commentary on the runtime of this function.
std.Random.int	Returns a random int `i` such that `minInt(T) <= i <= maxInt(T)`. `i` is evenly distributed.
std.Random.uintLessThanBiased	Constant-time implementation off `uintLessThan`. The results of this function may be biased.
std.Random.uintLessThan	Returns an evenly distributed random unsigned integer `0 <= i < less_than`. This function assumes that the underlying `fillFn` produces evenly distributed values. Within this assumption, the runtime of this function is exponentially distributed. If `fillFn` were backed by a true random generator, the runtime of this function would technically be unbounded. However, if `fillFn` is backed by any evenly distributed pseudo random number generator, this function is guaranteed to return. If you need deterministic runtime bounds, use `uintLessThanBiased`.
std.Random.uintAtMostBiased	Constant-time implementation off `uintAtMost`. The results of this function may be biased.
std.Random.uintAtMost	Returns an evenly distributed random unsigned integer `0 <= i <= at_most`. See `uintLessThan`, which this function uses in most cases, for commentary on the runtime of this function.
std.Random.intRangeLessThanBiased	Constant-time implementation off `intRangeLessThan`. The results of this function may be biased.
std.Random.intRangeLessThan	Returns an evenly distributed random integer `at_least <= i < less_than`. See `uintLessThan`, which this function uses in most cases, for commentary on the runtime of this function.
std.Random.intRangeAtMostBiased	Constant-time implementation off `intRangeAtMostBiased`. The results of this function may be biased.
std.Random.intRangeAtMost	Returns an evenly distributed random integer `at_least <= i <= at_most`. See `uintLessThan`, which this function uses in most cases, for commentary on the runtime of this function.
std.Random.float	Return a floating point value evenly distributed in the range [0, 1).
std.Random.floatNorm	Return a floating point value normally distributed with mean = 0, stddev = 1. To use different parameters, use: floatNorm(...) * desiredStddev + desiredMean.
std.Random.floatExp	Return an exponentially distributed float with a rate parameter of 1. To use a different rate parameter, use: floatExp(...) / desiredRate.
std.Random.shuffle	Shuffle a slice into a random order. Note that this will not yield consistent results across all targets due to dependence on the representation of `usize` as an index. See `shuffleWithIndex` for further commentary.
std.Random.shuffleWithIndex	Shuffle a slice into a random order, using an index of a specified type to maintain distribution across targets. Asserts the index type can represent `buf.len`. Indexes into the slice are generated using the specified `Index` type, which determines distribution properties. This allows for results to be independent of `usize` representation. Prefer `shuffle` if this isn't important. See `intRangeLessThan`, which this function uses, for commentary on the runtime of this function.
std.Random.weightedIndex	Randomly selects an index into `proportions`, where the likelihood of each index is weighted by that proportion. It is more likely for the index of the last proportion to be returned than the index of the first proportion in the slice, and vice versa. This is useful for selecting an item from a slice where weights are not equal. `T` must be a numeric type capable of holding the sum of `proportions`.
std.Random.limitRangeBiased	Convert a random integer 0 <= random_int <= maxValue(T), into an integer 0 <= result < less_than. This function introduces a minor bias.
std.SemanticVersion.Range.isAtLeast	Checks if system is guaranteed to be at least `version` or older than `version`. Returns `null` if a runtime check is required.
std.SinglyLinkedList.Node	This struct contains only a next pointer and not any data payload. The intended usage is to embed it intrusively into another data structure and access the data with `@fieldParentPtr`.
std.SinglyLinkedList.Node.removeNext	Remove the node after the one provided, returning it.
std.SinglyLinkedList.Node.findLast	Iterate over the singly-linked list from this node, until the final node is found. This operation is O(N). Instead of calling this function, consider using a different data structure.
std.SinglyLinkedList.Node.countChildren	Iterate over each next node, returning the count of all nodes except the starting one. This operation is O(N). Instead of calling this function, consider using a different data structure.
std.SinglyLinkedList.Node.reverse	Reverse the list starting from this node in-place. This operation is O(N). Instead of calling this function, consider using a different data structure.
std.SinglyLinkedList.remove	Remove `node` from the list. Asserts that `node` is in the list.
std.SinglyLinkedList.popFirst	Remove and return the first node in the list.
std.SinglyLinkedList.len	Iterate over all nodes, returning the count. This operation is O(N). Consider tracking the length separately rather than computing it.
std.Target.Query.parseCpuArch	Similar to `parse` except instead of fully parsing, it only determines the CPU architecture and returns it if it can be determined, and returns `null` otherwise. This is intended to be used if the API user of Query needs to learn the target CPU architecture in order to fully populate `ParseOptions`.
std.Target.Query.parseVersion	Similar to `SemanticVersion.parse`, but with following changes: * Leading zeroes are allowed. * Supports only 2 or 3 version components (major, minor, [patch]). If 3-rd component is omitted, it will be 0. * Prerelease and build components are disallowed.
std.Target.Query.serializeCpu	Renders the query into a textual representation that can be parsed via the `-mcpu` flag passed to the Zig compiler. Appends the result to `buffer`.
std.Target.Os.WindowsVersion	Based on NTDDI version constants from https://docs.microsoft.com/en-us/cpp/porting/modifying-winver-and-win32-winnt
std.Target.Os.WindowsVersion.latest	Latest Windows version that the Zig Standard Library is aware of
std.Target.Os.WindowsVersion.known_win10_build_numbers	Compared against build numbers reported by the runtime to distinguish win10 versions, where 0x0A000000 + index corresponds to the WindowsVersion u32 value.
std.Target.Os.WindowsVersion.isAtLeast	Returns whether the first version `ver` is newer (greater) than or equal to the second version `ver`.
std.Target.Os.WindowsVersion.Range.isAtLeast	Checks if system is guaranteed to be at least `version` or older than `version`. Returns `null` if a runtime check is required.
std.Target.Os.WindowsVersion.format	This function is defined to serialize a Zig source code representation of this type, that, when parsed, will deserialize into the same data.
std.Target.Os.HurdVersionRange.isAtLeast	Checks if system is guaranteed to be at least `version` or older than `version`. Returns `null` if a runtime check is required.
std.Target.Os.LinuxVersionRange.isAtLeast	Checks if system is guaranteed to be at least `version` or older than `version`. Returns `null` if a runtime check is required.
std.Target.Os.VersionRange	The version ranges here represent the minimum OS version to be supported and the maximum OS version to be supported. The default values represent the range that the Zig Standard Library bases its abstractions on. The minimum version of the range is the main setting to tweak for a target. Usually, the maximum target OS version will remain the default, which is the latest released version of the OS. To test at compile time if the target is guaranteed to support a given OS feature, one should check that the minimum version of the range is greater than or equal to the version the feature was introduced in. To test at compile time if the target certainly will not support a given OS feature, one should check that the maximum version of the range is less than the version the feature was introduced in. If neither of these cases apply, a runtime check should be used to determine if the target supports a given OS feature. Binaries built with a given maximum version will continue to function on newer operating system versions. However, such a binary may not take full advantage of the newer operating system APIs. See `Os.isAtLeast`.
std.Target.Os.VersionRange.default	The default `VersionRange` represents the range that the Zig Standard Library bases its abstractions on.
std.Target.Os.versionRange	Provides a tagged union. `Target` does not store the tag because it is redundant with the OS tag; this function abstracts that part away.
std.Target.Os.isAtLeast	Checks if system is guaranteed to be at least `version` or older than `version`. Returns `null` if a runtime check is required.
std.Target.SubSystem	Deprecated; use 'std.zig.Subsystem' instead. To be removed after 0.16.0 is tagged.
std.Target.Cpu.Feature.Set	A bit set of all the features.
std.Target.Cpu.Feature.Set.addFeature	Adds the specified feature but not its dependencies.
std.Target.Cpu.Feature.Set.addFeatureSet	Adds the specified feature set but not its dependencies.
std.Target.Cpu.Feature.Set.removeFeature	Removes the specified feature but not its dependents.
std.Target.Cpu.Feature.Set.removeFeatureSet	Removes the specified feature but not its dependents.
std.Target.Cpu.Arch.Family	An architecture family can encompass multiple architectures as represented by `Arch`. For a given family tag, it is guaranteed that an `std.Target.<tag>` namespace exists containing CPU model and feature data.
std.Target.Cpu.Arch.isArm	Note that this includes Thumb.
std.Target.Cpu.Arch.allFeaturesList	All CPU features Zig is aware of, sorted lexicographically by name.
std.Target.Cpu.Arch.allCpuModels	All processors Zig is aware of, sorted lexicographically by name.
std.Target.Cpu.Arch.plan9Ext	0c spim little-endian MIPS 3000 family 1c 68000 Motorola MC68000 2c 68020 Motorola MC68020 5c arm little-endian ARM 6c amd64 AMD64 and compatibles (e.g., Intel EM64T) 7c arm64 ARM64 (ARMv8) 8c 386 Intel x86, i486, Pentium, etc. kc sparc Sun SPARC qc power Power PC vc mips big-endian MIPS 3000 family
std.Target.Cpu.Arch.fromCallingConvention	Returns the array of `Arch` to which a specific `std.builtin.CallingConvention` applies. Asserts that `cc` is not `.auto`, `.@"async"`, `.naked`, or `.@"inline"`.
std.Target.Cpu.Model.generic	Returns the most bare-bones CPU model that is valid for `arch`. Note that this function can return CPU models that are understood by LLVM, but *not* understood by Clang. If Clang compatibility is important, consider using `baseline` instead.
std.Target.Cpu.Model.baseline	Returns a conservative CPU model for `arch` that is expected to be compatible with the vast majority of hardware available. This function is guaranteed to return CPU models that are understood by both LLVM and Clang, unlike `generic`. For certain `os` values, this function will additionally bump the baseline higher than the baseline would be for `arch` in isolation; for example, for `aarch64-macos`, the baseline is considered to be `apple_m1`. To avoid this behavior entirely, pass `Os.Tag.freestanding`.
std.Target.Cpu.baseline	The "default" set of CPU features for cross-compiling. A conservative set of features that is expected to be supported on most available hardware.
std.Target.Cpu.has	Returns true if `feature` is enabled.
std.Target.Cpu.hasAny	Returns true if any feature in `features` is enabled.
std.Target.Cpu.hasAll	Returns true if all features in `features` are enabled.
std.Target.requiresLibC	Does this target require linking libc? This may be the case if the target has an unstable syscall interface, for example.
std.Target.AddressSpaceContext	The places where a user can specify an address space attribute
std.Target.supportsAddressSpace	Returns whether this target supports `address_space`. If `context` is `null`, this function simply answers the general question of whether the target has any concept of `address_space`; if non-`null`, the function additionally checks whether `address_space` is valid in that context.
std.Target.DynamicLinker.init	Asserts that the length is less than or equal to 255 bytes.
std.Target.DynamicLinker.get	The returned memory has the same lifetime as the `DynamicLinker`.
std.Target.DynamicLinker.set	Asserts that the length is less than or equal to 255 bytes.
std.Target.DynamicLinker.setFmt	Asserts that the length is less than or equal to 255 bytes.
std.Target.DynamicLinker.standard	The strictness of this function depends on the value of `kind(os.tag)`: * `.none`: Ignores all arguments and just returns `none`. * `.arch_os`: Ignores `abi` and returns the dynamic linker matching `cpu` and `os`. * `.arch_os_abi`: Returns the dynamic linker matching `cpu`, `os`, and `abi`. In the case of `.arch_os` in particular, callers should be aware that a valid dynamic linker being returned only means that the `cpu` + `os` combination represents a platform that actually exists and which has an established dynamic linker path that does not change with the ABI; it does not necessarily mean that `abi` makes any sense at all for that platform. The responsibility for determining whether `abi` is valid in this case rests with the caller. `Abi.default()` can be used to pick a best-effort default ABI for such platforms.
std.Target.cCharSignedness	Default signedness of `char` for the native C compiler for this target Note that char signedness is implementation-defined and many compilers provide an option to override the default signedness e.g. GCC's -funsigned-char / -fsigned-char
std.Thread.getName	On Windows, the result is encoded as [WTF-8](https://wtf-8.codeberg.page/). On other platforms, the result is an opaque sequence of bytes with no particular encoding.
std.Thread.Id	Represents an ID per thread guaranteed to be unique only within a process.
std.Thread.getCurrentId	Returns the platform ID of the callers thread. Attempts to use thread locals and avoid syscalls when possible.
std.Thread.getCpuCount	Returns the platforms view on the number of logical CPU cores available. Returned value guaranteed to be >= 1.
std.Thread.SpawnConfig	Configuration options for hints on how to spawn threads.
std.Thread.spawn	Spawns a new thread which executes `function` using `args` and returns a handle to the spawned thread. `config` can be used as hints to the platform for how to spawn and execute the `function`. The caller must eventually either call `join()` to wait for the thread to finish and free its resources or call `detach()` to excuse the caller from calling `join()` and have the thread clean up its resources on completion.
std.Thread.Handle	Represents a kernel thread handle. May be an integer or a pointer depending on the platform.
std.Thread.getHandle	Returns the handle of this thread
std.Thread.detach	Release the obligation of the caller to call `join()` and have the thread clean up its own resources on completion. Once called, this consumes the Thread object and invoking any other functions on it is considered undefined behavior.
std.Thread.join	Waits for the thread to complete, then deallocates any resources created on `spawn()`. Once called, this consumes the Thread object and invoking any other functions on it is considered undefined behavior.
std.Thread.yield	Yields the current thread potentially allowing other threads to run.
std.Thread.maybeAttachSignalStack	Configures the per-thread alternative signal stack requested by `std.options.signal_stack_size`.
std.Uri.getHost	Returned value may point into `buffer` or be the original string. See also: * `getHostAlloc`
std.Uri.getHostAlloc	Returned value may point into `buffer` or be the original string. See also: * `getHost`
std.Uri.Component.toRaw	Returned value may point into `buffer` or be the original string.
std.Uri.Component.toRawMaybeAlloc	Allocates the result with `arena` only if needed, so the result should not be freed.
std.Uri.percentDecodeBackwards	Percent decodes all %XX where XX is a valid hex number. `output` may alias `input` if `output.ptr <= input.ptr`. Mutates and returns a subslice of `output`.
std.Uri.percentDecodeInPlace	Percent decodes all %XX where XX is a valid hex number. Mutates and returns a subslice of `buffer`.
std.Uri.parseAfterScheme	Parses the URI or returns an error. This function is not compliant, but is required to parse some forms of URIs in the wild, such as HTTP Location headers. The return value will contain strings pointing into the original `text`. Each component that is provided, will be non-`null`.
std.Uri.parse	The return value will contain strings pointing into the original `text`. Each component that is provided will be non-`null`.
std.Uri.resolveInPlace	Resolves a URI against a base URI, conforming to [RFC 3986, Section 5](https://www.rfc-editor.org/rfc/rfc3986#section-5) Assumes new location is already copied to the beginning of `aux_buf.*`. Parses that new location as a URI, and then resolves the path in place. If a merge needs to take place, the newly constructed path will be stored in `aux_buf.*` just after the copied location, and `aux_buf.*` will be modified to only contain the remaining unused space.
std.ArrayHashMapUnmanaged	Deprecated; use `array_hash_map.Custom`.
std.AutoArrayHashMapUnmanaged	Deprecated; use `array_hash_map.Auto`.
std.StringArrayHashMapUnmanaged	Deprecated; use `array_hash_map.String`.
std.ArrayList	A contiguous, growable list of items in memory. This is a wrapper around a slice of `T` values. The same allocator must be used throughout its entire lifetime. Initialize directly with `empty` or `initCapacity`, and deinitialize with `deinit` or `toOwnedSlice`.
std.array_list.Managed	Deprecated.
std.array_list.AlignedManaged	Deprecated.
std.array_list.Aligned	A contiguous, growable list of arbitrarily aligned items in memory. This is a wrapper around an array of T values aligned to `alignment`-byte addresses. If the specified alignment is `null`, then `@alignOf(T)` is used. Functions that potentially allocate memory accept an `Allocator` parameter. Initialize directly or with `initCapacity`, and deinitialize with `deinit` or use `toOwnedSlice`. Default initialization of this struct is deprecated; use `.empty` instead.
std.ArrayListAligned	Deprecated; use `array_list.Aligned`.
std.ArrayListAlignedUnmanaged	Deprecated; use `array_list.Aligned`.
std.ArrayListUnmanaged	Deprecated; use `ArrayList`.
std.array_hash_map.Auto	An `ArrayHashMap` with default hash and equal functions. See `AutoContext` for a description of the hash and equal implementations.
std.array_hash_map.String	An `ArrayHashMap` with strings as keys.
std.array_hash_map.ArrayHashMap	Deprecated; use `Custom`.
std.array_hash_map.Custom	A hash table of keys and values, each stored sequentially. Insertion order is preserved. In general, this data structure supports the same operations as `std.ArrayList`. Deletion operations: * `swapRemove` - O(1) * `orderedRemove` - O(N) Modifying the hash map while iterating is allowed, however, one must understand the (well defined) behavior when mixing insertions and deletions with iteration. This type does not store an `Allocator` field - the `Allocator` must be passed in with each function call that requires it. See `ArrayHashMap` for a type that stores an `Allocator` field for convenience. Can be initialized directly using the default field values. This type is designed to have low overhead for small numbers of entries. When `store_hash` is `false` and the number of entries in the map is less than 9, the overhead cost of using `ArrayHashMap` rather than `std.ArrayList` is only a single pointer-sized integer. Default initialization of this struct is deprecated; use `.empty` instead.
std.atomic.Value	This is a thin wrapper around a primitive value to prevent accidental data races.
std.atomic.spinLoopHint	Signals to the processor that the caller is inside a busy-wait spin-loop.
std.atomic.cache_line	The estimated size of the CPU's cache line when atomically updating memory. Add this much padding or align to this boundary to avoid atomically-updated memory from forcing cache invalidations on near, but non-atomic, memory. https://en.wikipedia.org/wiki/False_sharing https://github.com/golang/go/search?q=CacheLinePadSize
std.atomic.Mutex	A lock-free single-owner resource.
std.base64.Codecs	Base64 codecs
std.base64.standard_alphabet_chars	The Base64 alphabet defined in [RFC 4648 section 4](https://datatracker.ietf.org/doc/html/rfc4648#section-4).
std.base64.standard	Standard Base64 codecs, with padding, as defined in [RFC 4648 section 4](https://datatracker.ietf.org/doc/html/rfc4648#section-4).
std.base64.standard_no_pad	Standard Base64 codecs, without padding, as defined in [RFC 4648 section 3.2](https://datatracker.ietf.org/doc/html/rfc4648#section-3.2).
std.base64.url_safe_alphabet_chars	The URL-safe Base64 alphabet defined in [RFC 4648 section 5](https://datatracker.ietf.org/doc/html/rfc4648#section-5).
std.base64.url_safe	URL-safe Base64 codecs, with padding, as defined in [RFC 4648 section 5](https://datatracker.ietf.org/doc/html/rfc4648#section-5).
std.base64.url_safe_no_pad	URL-safe Base64 codecs, without padding, as defined in [RFC 4648 section 3.2](https://datatracker.ietf.org/doc/html/rfc4648#section-3.2).
std.base64.Base64Encoder.init	A bunch of assertions, then simply pass the data right through.
std.base64.Base64Encoder.calcSize	Compute the encoded length
std.base64.Base64Encoder.encode	dest.len must at least be what you get from ::calcSize.
std.base64.Base64Decoder.calcSizeUpperBound	Return the maximum possible decoded size for a given input length - The actual length may be less if the input includes padding. `InvalidPadding` is returned if the input length is not valid.
std.base64.Base64Decoder.calcSizeForSlice	Return the exact decoded size for a slice. `InvalidPadding` is returned if the input length is not valid.
std.base64.Base64Decoder.decode	dest.len must be what you get from ::calcSize. Invalid characters result in `error.InvalidCharacter`. Invalid padding results in `error.InvalidPadding`.
std.base64.Base64DecoderWithIgnore.calcSizeUpperBound	Return the maximum possible decoded size for a given input length - The actual length may be less if the input includes padding or ignored characters.
std.base64.Base64DecoderWithIgnore.decode	Invalid characters that are not ignored result in error.InvalidCharacter. Invalid padding results in error.InvalidPadding. Decoding more data than can fit in dest results in error.NoSpaceLeft. See also ::calcSizeUpperBound. Returns the number of bytes written to dest.
std.bit_set.StaticBitSet	Returns the optimal static bit set type for the specified number of elements: either `IntegerBitSet` or `ArrayBitSet`, both of which fulfill the same interface. The returned type will perform no allocations, can be copied by value, and does not require deinitialization.
std.bit_set.IntegerBitSet	A bit set with static size, which is backed by a single integer. This set is good for sets with a small size, but may generate inefficient code for larger sets, especially in debug mode.
std.bit_set.ArrayBitSet	A bit set with static size, which is backed by an array of usize. This set is good for sets with a larger size, but may use more bytes than necessary if your set is small.
std.bit_set.DynamicBitSetUnmanaged	A bit set with runtime-known size, backed by an allocated slice of usize. The allocator must be tracked externally by the user.
std.bit_set.DynamicBitSetUnmanaged.MaskInt	The integer type used to represent a mask in this bit set
std.bit_set.DynamicBitSetUnmanaged.ShiftInt	The integer type used to shift a mask in this bit set
std.bit_set.DynamicBitSetUnmanaged.initEmpty	Creates a bit set with no elements present. If bit_length is not zero, deinit must eventually be called.
std.bit_set.DynamicBitSetUnmanaged.initFull	Creates a bit set with all elements present. If bit_length is not zero, deinit must eventually be called.
std.bit_set.DynamicBitSetUnmanaged.resize	Resizes to a new bit_length. If the new length is larger than the old length, fills any added bits with `fill`. If new_len is not zero, deinit must eventually be called.
std.bit_set.DynamicBitSetUnmanaged.deinit	Deinitializes the array and releases its memory. The passed allocator must be the same one used for init* or resize in the past.
std.bit_set.DynamicBitSetUnmanaged.clone	Creates a duplicate of this bit set, using the new allocator.
std.bit_set.DynamicBitSetUnmanaged.capacity	Returns the number of bits in this bit set
std.bit_set.DynamicBitSetUnmanaged.isSet	Returns true if the bit at the specified index is present in the set, false otherwise.
std.bit_set.DynamicBitSetUnmanaged.count	Returns the total number of set bits in this bit set.
std.bit_set.DynamicBitSetUnmanaged.setValue	Changes the value of the specified bit of the bit set to match the passed boolean.
std.bit_set.DynamicBitSetUnmanaged.set	Adds a specific bit to the bit set
std.bit_set.DynamicBitSetUnmanaged.setRangeValue	Changes the value of all bits in the specified range to match the passed boolean.
std.bit_set.DynamicBitSetUnmanaged.unset	Removes a specific bit from the bit set
std.bit_set.DynamicBitSetUnmanaged.unsetAll	Set all bits to 0.
std.bit_set.DynamicBitSetUnmanaged.setAll	Set all bits to 1.
std.bit_set.DynamicBitSetUnmanaged.toggle	Flips a specific bit in the bit set
std.bit_set.DynamicBitSetUnmanaged.toggleSet	Flips all bits in this bit set which are present in the toggles bit set. Both sets must have the same bit_length.
std.bit_set.DynamicBitSetUnmanaged.toggleAll	Flips every bit in the bit set.
std.bit_set.DynamicBitSetUnmanaged.setUnion	Performs a union of two bit sets, and stores the result in the first one. Bits in the result are set if the corresponding bits were set in either input. The two sets must both be the same bit_length.
std.bit_set.DynamicBitSetUnmanaged.setIntersection	Performs an intersection of two bit sets, and stores the result in the first one. Bits in the result are set if the corresponding bits were set in both inputs. The two sets must both be the same bit_length.
std.bit_set.DynamicBitSetUnmanaged.findFirstSet	Finds the index of the first set bit. If no bits are set, returns null.
std.bit_set.DynamicBitSetUnmanaged.findLastSet	Finds the index of the last set bit. If no bits are set, returns null.
std.bit_set.DynamicBitSetUnmanaged.toggleFirstSet	Finds the index of the first set bit, and unsets it. If no bits are set, returns null.
std.bit_set.DynamicBitSetUnmanaged.eql	Returns true iff every corresponding bit in both bit sets are the same.
std.bit_set.DynamicBitSetUnmanaged.subsetOf	Returns true iff the first bit set is the subset of the second one.
std.bit_set.DynamicBitSetUnmanaged.supersetOf	Returns true iff the first bit set is the superset of the second one.
std.bit_set.DynamicBitSetUnmanaged.iterator	Iterates through the items in the set, according to the options. The default options (.{}) will iterate indices of set bits in ascending order. Modifications to the underlying bit set may or may not be observed by the iterator. Resizing the underlying bit set invalidates the iterator.
std.bit_set.DynamicBitSet	A bit set with runtime-known size, backed by an allocated slice of usize. Thin wrapper around DynamicBitSetUnmanaged which keeps track of the allocator instance.
std.bit_set.DynamicBitSet.MaskInt	The integer type used to represent a mask in this bit set
std.bit_set.DynamicBitSet.ShiftInt	The integer type used to shift a mask in this bit set
std.bit_set.DynamicBitSet.initEmpty	Creates a bit set with no elements present.
std.bit_set.DynamicBitSet.initFull	Creates a bit set with all elements present.
std.bit_set.DynamicBitSet.resize	Resizes to a new length. If the new length is larger than the old length, fills any added bits with `fill`.
std.bit_set.DynamicBitSet.deinit	Deinitializes the array and releases its memory. The passed allocator must be the same one used for init* or resize in the past.
std.bit_set.DynamicBitSet.clone	Creates a duplicate of this bit set, using the new allocator.
std.bit_set.DynamicBitSet.capacity	Returns the number of bits in this bit set
std.bit_set.DynamicBitSet.isSet	Returns true if the bit at the specified index is present in the set, false otherwise.
std.bit_set.DynamicBitSet.count	Returns the total number of set bits in this bit set.
std.bit_set.DynamicBitSet.setValue	Changes the value of the specified bit of the bit set to match the passed boolean.
std.bit_set.DynamicBitSet.set	Adds a specific bit to the bit set
std.bit_set.DynamicBitSet.setRangeValue	Changes the value of all bits in the specified range to match the passed boolean.
std.bit_set.DynamicBitSet.unset	Removes a specific bit from the bit set
std.bit_set.DynamicBitSet.toggle	Flips a specific bit in the bit set
std.bit_set.DynamicBitSet.toggleSet	Flips all bits in this bit set which are present in the toggles bit set. Both sets must have the same bit_length.
std.bit_set.DynamicBitSet.toggleAll	Flips every bit in the bit set.
std.bit_set.DynamicBitSet.setUnion	Performs a union of two bit sets, and stores the result in the first one. Bits in the result are set if the corresponding bits were set in either input. The two sets must both be the same bit_length.
std.bit_set.DynamicBitSet.setIntersection	Performs an intersection of two bit sets, and stores the result in the first one. Bits in the result are set if the corresponding bits were set in both inputs. The two sets must both be the same bit_length.
std.bit_set.DynamicBitSet.findFirstSet	Finds the index of the first set bit. If no bits are set, returns null.
std.bit_set.DynamicBitSet.findLastSet	Finds the index of the last set bit. If no bits are set, returns null.
std.bit_set.DynamicBitSet.toggleFirstSet	Finds the index of the first set bit, and unsets it. If no bits are set, returns null.
std.bit_set.DynamicBitSet.eql	Returns true iff every corresponding bit in both bit sets are the same.
std.bit_set.DynamicBitSet.iterator	Iterates through the items in the set, according to the options. The default options (.{}) will iterate indices of set bits in ascending order. Modifications to the underlying bit set may or may not be observed by the iterator. Resizing the underlying bit set invalidates the iterator.
std.bit_set.IteratorOptions	Options for configuring an iterator over a bit set
std.bit_set.Range	A range of indices within a bitset.
std.builtin.StackTrace	This data structure is used by the Zig language code generation and therefore must be kept in sync with the compiler implementation.
std.builtin.GlobalLinkage	This data structure is used by the Zig language code generation and therefore must be kept in sync with the compiler implementation.
std.builtin.SymbolVisibility	This data structure is used by the Zig language code generation and therefore must be kept in sync with the compiler implementation.
std.builtin.AtomicOrder	This data structure is used by the Zig language code generation and therefore must be kept in sync with the compiler implementation.
std.builtin.ReduceOp	This data structure is used by the Zig language code generation and therefore must be kept in sync with the compiler implementation.
std.builtin.AtomicRmwOp	This data structure is used by the Zig language code generation and therefore must be kept in sync with the compiler implementation.
std.builtin.CodeModel	The code model puts constraints on the location of symbols and the size of code and data. The selection of a code model is a trade off on speed and restrictions that needs to be selected on a per application basis to meet its requirements. A slightly more detailed explanation can be found in (for example) the [System V Application Binary Interface (x86_64)](https://github.com/hjl-tools/x86-psABI/wiki/x86-64-psABI-1.0.pdf) 3.5.1. This data structure is used by the Zig language code generation and therefore must be kept in sync with the compiler implementation.
std.builtin.OptimizeMode	This data structure is used by the Zig language code generation and therefore must be kept in sync with the compiler implementation.
std.builtin.CallingConvention	The calling convention of a function defines how arguments and return values are passed, as well as any other requirements which callers and callees must respect, such as register preservation and stack alignment. This data structure is used by the Zig language code generation and therefore must be kept in sync with the compiler implementation.
std.builtin.CallingConvention.c	This is an alias for the default C calling convention for this target. Functions marked as `extern` or `export` are given this calling convention by default.
std.builtin.CallingConvention.CommonOptions	Options shared across most calling conventions.
std.builtin.CallingConvention.X86RegparmOptions	Options for x86 calling conventions which support the regparm attribute to pass some arguments in registers.
std.builtin.CallingConvention.ArcInterruptOptions	Options for the `arc_interrupt` calling convention.
std.builtin.CallingConvention.ArmInterruptOptions	Options for the `arm_interrupt` calling convention.
std.builtin.CallingConvention.MicroblazeInterruptOptions	Options for the `microblaze_interrupt` calling convention.
std.builtin.CallingConvention.MipsInterruptOptions	Options for the `mips_interrupt` and `mips64_interrupt` calling conventions.
std.builtin.CallingConvention.RiscvInterruptOptions	Options for the `riscv32_interrupt` and `riscv64_interrupt` calling conventions.
std.builtin.CallingConvention.ShInterruptOptions	Options for the `sh_interrupt` calling convention.
std.builtin.CallingConvention.archs	Returns the array of `std.Target.Cpu.Arch` to which this `CallingConvention` applies. Asserts that `cc` is not `.auto`, `.@"async"`, `.naked`, or `.@"inline"`.
std.builtin.AddressSpace	This data structure is used by the Zig language code generation and therefore must be kept in sync with the compiler implementation.
std.builtin.SourceLocation	This data structure is used by the Zig language code generation and therefore must be kept in sync with the compiler implementation.
std.builtin.Type	This data structure is used by the Zig language code generation and therefore must be kept in sync with the compiler implementation.
std.builtin.Type.Int	This data structure is used by the Zig language code generation and therefore must be kept in sync with the compiler implementation.
std.builtin.Type.Float	This data structure is used by the Zig language code generation and therefore must be kept in sync with the compiler implementation.
std.builtin.Type.Pointer	This data structure is used by the Zig language code generation and therefore must be kept in sync with the compiler implementation.
std.builtin.Type.Pointer.sentinel	Loads the pointer type's sentinel value from `sentinel_ptr`. Returns `null` if the pointer type has no sentinel.
std.builtin.Type.Pointer.Size	This data structure is used by the Zig language code generation and therefore must be kept in sync with the compiler implementation.
std.builtin.Type.Pointer.Attributes	This data structure is used by the Zig language code generation and therefore must be kept in sync with the compiler implementation.
std.builtin.Type.Array	This data structure is used by the Zig language code generation and therefore must be kept in sync with the compiler implementation.
std.builtin.Type.Array.sentinel	Loads the array type's sentinel value from `sentinel_ptr`. Returns `null` if the array type has no sentinel.
std.builtin.Type.ContainerLayout	This data structure is used by the Zig language code generation and therefore must be kept in sync with the compiler implementation.
std.builtin.Type.StructField	This data structure is used by the Zig language code generation and therefore must be kept in sync with the compiler implementation.
std.builtin.Type.StructField.defaultValue	Loads the field's default value from `default_value_ptr`. Returns `null` if the field has no default value.
std.builtin.Type.StructField.Attributes	This data structure is used by the Zig language code generation and therefore must be kept in sync with the compiler implementation.
std.builtin.Type.Struct	This data structure is used by the Zig language code generation and therefore must be kept in sync with the compiler implementation.
std.builtin.Type.Optional	This data structure is used by the Zig language code generation and therefore must be kept in sync with the compiler implementation.
std.builtin.Type.ErrorUnion	This data structure is used by the Zig language code generation and therefore must be kept in sync with the compiler implementation.
std.builtin.Type.Error	This data structure is used by the Zig language code generation and therefore must be kept in sync with the compiler implementation.
std.builtin.Type.ErrorSet	This data structure is used by the Zig language code generation and therefore must be kept in sync with the compiler implementation.
std.builtin.Type.EnumField	This data structure is used by the Zig language code generation and therefore must be kept in sync with the compiler implementation.
std.builtin.Type.Enum	This data structure is used by the Zig language code generation and therefore must be kept in sync with the compiler implementation.
std.builtin.Type.Enum.Mode	This data structure is used by the Zig language code generation and therefore must be kept in sync with the compiler implementation.
std.builtin.Type.UnionField	This data structure is used by the Zig language code generation and therefore must be kept in sync with the compiler implementation.
std.builtin.Type.UnionField.Attributes	This data structure is used by the Zig language code generation and therefore must be kept in sync with the compiler implementation.
std.builtin.Type.Union	This data structure is used by the Zig language code generation and therefore must be kept in sync with the compiler implementation.
std.builtin.Type.Fn	This data structure is used by the Zig language code generation and therefore must be kept in sync with the compiler implementation.
std.builtin.Type.Fn.Param	This data structure is used by the Zig language code generation and therefore must be kept in sync with the compiler implementation.
std.builtin.Type.Fn.Param.Attributes	This data structure is used by the Zig language code generation and therefore must be kept in sync with the compiler implementation.
std.builtin.Type.Fn.Attributes	This data structure is used by the Zig language code generation and therefore must be kept in sync with the compiler implementation.
std.builtin.Type.Opaque	This data structure is used by the Zig language code generation and therefore must be kept in sync with the compiler implementation.
std.builtin.Type.Frame	This data structure is used by the Zig language code generation and therefore must be kept in sync with the compiler implementation.
std.builtin.Type.AnyFrame	This data structure is used by the Zig language code generation and therefore must be kept in sync with the compiler implementation.
std.builtin.Type.Vector	This data structure is used by the Zig language code generation and therefore must be kept in sync with the compiler implementation.
std.builtin.Type.Declaration	This data structure is used by the Zig language code generation and therefore must be kept in sync with the compiler implementation.
std.builtin.FloatMode	This data structure is used by the Zig language code generation and therefore must be kept in sync with the compiler implementation.
std.builtin.Endian	This data structure is used by the Zig language code generation and therefore must be kept in sync with the compiler implementation.
std.builtin.Signedness	This data structure is used by the Zig language code generation and therefore must be kept in sync with the compiler implementation.
std.builtin.OutputMode	This data structure is used by the Zig language code generation and therefore must be kept in sync with the compiler implementation.
std.builtin.LinkMode	This data structure is used by the Zig language code generation and therefore must be kept in sync with the compiler implementation.
std.builtin.UnwindTables	This data structure is used by the Zig language code generation and therefore must be kept in sync with the compiler implementation.
std.builtin.WasiExecModel	This data structure is used by the Zig language code generation and therefore must be kept in sync with the compiler implementation.
std.builtin.CallModifier	This data structure is used by the Zig language code generation and therefore must be kept in sync with the compiler implementation.
std.builtin.VaListAarch64	This data structure is used by the Zig language code generation and therefore must be kept in sync with the compiler implementation.
std.builtin.VaListAlpha	This data structure is used by the Zig language code generation and therefore must be kept in sync with the compiler implementation.
std.builtin.VaListArm	This data structure is used by the Zig language code generation and therefore must be kept in sync with the compiler implementation.
std.builtin.VaListHexagon	This data structure is used by the Zig language code generation and therefore must be kept in sync with the compiler implementation.
std.builtin.VaListPowerPc	This data structure is used by the Zig language code generation and therefore must be kept in sync with the compiler implementation.
std.builtin.VaListS390x	This data structure is used by the Zig language code generation and therefore must be kept in sync with the compiler implementation.
std.builtin.VaListSh	This data structure is used by the Zig language code generation and therefore must be kept in sync with the compiler implementation.
std.builtin.VaListX86_64	This data structure is used by the Zig language code generation and therefore must be kept in sync with the compiler implementation.
std.builtin.VaListXtensa	This data structure is used by the Zig language code generation and therefore must be kept in sync with the compiler implementation.
std.builtin.VaList	This data structure is used by the Zig language code generation and therefore must be kept in sync with the compiler implementation.
std.builtin.PrefetchOptions	This data structure is used by the Zig language code generation and therefore must be kept in sync with the compiler implementation.
std.builtin.ExportOptions	This data structure is used by the Zig language code generation and therefore must be kept in sync with the compiler implementation.
std.builtin.ExternOptions	This data structure is used by the Zig language code generation and therefore must be kept in sync with the compiler implementation.
std.builtin.BranchHint	This data structure is used by the Zig language code generation and therefore must be kept in sync with the compiler implementation.
std.builtin.CompilerBackend	This enum is set by the compiler and communicates which compiler backend is used to produce machine code. Think carefully before deciding to observe this value. Nearly all code should be agnostic to the backend that implements the language. The use case to use this value is to **work around problems with compiler implementations.** Avoid failing the compilation if the compiler backend does not match a whitelist of backends; rather one should detect that a known problem would occur in a blacklist of backends. The enum is nonexhaustive so that alternate Zig language implementations may choose a number as their tag (please use a random number generator rather than a "cute" number) and codebases can interact with these values even if this upstream enum does not have a name for the number. Of course, upstream is happy to accept pull requests to add Zig implementations to this enum. This data structure is part of the Zig language specification.
std.builtin.TestFn	This function type is used by the Zig language code generation and therefore must be kept in sync with the compiler implementation.
std.builtin.panic	This namespace is used by the Zig compiler to emit various kinds of safety panics. These can be overridden by making a public `panic` namespace in the root source file.
std.c._mh_execute_header	The value of the link editor defined symbol _MH_EXECUTE_SYM is the address of the mach header in a Mach-O executable file type. It does not appear in any file type other than a MH_EXECUTE file type. The type of the symbol is absolute as the header is not part of any section. This symbol is populated when linking the system's libc, which is guaranteed on this operating system. However when building object files or libraries, the system libc won't be linked until the final executable. So we export a weak symbol here, to be overridden by the real one.
std.c.versionCheck	* If not linking libc, returns `false`. * If linking musl libc, returns `true`. * If linking GNU libc (glibc), returns `true` if the target version is greater than or equal to `version`. * If linking Android libc (bionic), returns `true` if the target API level is greater than or equal to `version.major`, ignoring other components. * If linking a libc other than these, returns `false`.
std.c.errno	Get the errno if rc is -1 and SUCCESS if rc is not -1.
std.c.UTIME	For use with `utimensat` and `futimens`.
std.c.F	Command flags for fcntl(2).
std.c.F_OK	Test for existence of file.
std.c.X_OK	Test for execute or search permission.
std.c.W_OK	Test for write permission.
std.c.R_OK	Test for read permission.
std.c.PROT	Basic memory protection flags
std.c.SIG	Signal types
std.c.Sigaction	Renamed from `sigaction` to `Sigaction` to avoid conflict with function name.
std.c.Kevent	Renamed from `kevent` to `Kevent` to avoid conflict with function name.
std.c.MAP_FAILED	Used by libc to communicate failure. Not actually part of the underlying syscall.
std.c.V	Indices into the `cc` array in the `termios` struct.
std.c.NSIG	maximum signal number + 1
std.c.sigrtmin	Zig's version of SIGRTMIN. Actually a function.
std.c.sigrtmax	Zig's version of SIGRTMAX. Actually a function.
std.c.LC	These are implementation defined but share identical values in at least musl and glibc: - https://git.musl-libc.org/cgit/musl/tree/include/locale.h?id=ab31e9d6a0fa7c5c408856c89df2dfb12c344039#n18 - https://sourceware.org/git/?p=glibc.git;a=blob;f=locale/bits/locale.h;h=0fcbb66114be5fef0577dc9047256eb508c45919;hb=c90cfce849d010474e8cccf3e5bff49a2c8b141f#l26
std.coff.ImportHintNameEntry	Every name ends with a NULL byte. IF the NULL byte does not fall on 2byte boundary, the entry structure is padded to ensure 2byte alignment.
std.coff.SectionHeader.getAlignment	Applicable only to section headers in COFF objects.
std.coff.Symtab.at	Lives as long as Symtab instance.
std.coff.Symtab.Slice.next	Lives as long as Symtab instance.
std.coff.IMAGE.FILE.MACHINE	Machine Types The Machine field has one of the following values, which specify the CPU type. An image file can be run only on the specified machine or on a system that emulates the specified machine.
std.coff.IMAGE.FILE.MACHINE.AXP64	AXP 64 (Same as Alpha 64)
std.coff.IMAGE.REL.AMD64	x64 Processors The following relocation type indicators are defined for x64 and compatible processors.
std.coff.IMAGE.REL.ARM	ARM Processors The following relocation type indicators are defined for ARM processors.
std.coff.IMAGE.REL.ARM64	ARM64 Processors The following relocation type indicators are defined for ARM64 processors.
std.coff.IMAGE.REL.SH	Hitachi SuperH Processors The following relocation type indicators are defined for SH3 and SH4 processors. SH5-specific relocations are noted as SHM (SH Media).
std.coff.IMAGE.REL.PPC	IBM PowerPC Processors The following relocation type indicators are defined for PowerPC processors.
std.coff.IMAGE.REL.I386	Intel 386 Processors The following relocation type indicators are defined for Intel 386 and compatible processors.
std.coff.IMAGE.REL.IA64	Intel Itanium Processor Family (IPF) The following relocation type indicators are defined for the Intel Itanium processor family and compatible processors. Note that relocations on instructions use the bundle's offset and slot number for the relocation offset.
std.coff.IMAGE.REL.MIPS	MIPS Processors The following relocation type indicators are defined for MIPS processors.
std.coff.IMAGE.REL.M32R	Mitsubishi M32R The following relocation type indicators are defined for the Mitsubishi M32R processors.
std.compress.flate	gzip and zlib are here.
std.compress.flate.max_window_len	When compressing and decompressing, the provided buffer is used as the history window, so it must be at least this size.
std.compress.flate.Compress	Deflate is a lossless data compression file format that uses a combination of LZ77 and Huffman coding.
std.compress.flate.Compress.Options	Trades between speed and compression size. Default paramaters are [taken from zlib] (https://github.com/madler/zlib/blob/v1.3.1/deflate.c#L112)
std.compress.flate.Compress.init	It is asserted `buffer` is least `flate.max_window_len` bytes. It is asserted `output` has a capacity of at least 8 bytes.
std.compress.flate.Compress.Raw	Does not compress data
std.compress.flate.Compress.Raw.init	While there is no minimum buffer size, it is recommended to be at least `flate.max_window_len` for optimal output.
std.compress.flate.Compress.Huffman	Only performs huffman compression on data, does no matching.
std.compress.flate.Compress.Huffman.init	While there is no minimum buffer size, it is recommended to be at least `flate.max_window_len` to improve compression. It is asserted `output` has a capacity of at least 8 bytes.
std.compress.flate.Decompress	Inflate is the decoding process that consumes a Deflate bitstream and produces the original full-size data.
std.compress.flate.Decompress.init	`input` buffer is asserted to be at least 10 bytes, or EOF before then. If `buffer` is provided then asserted to have `flate.max_window_len` capacity.
std.compress.flate.Container	Container of the deflate bit stream body. Container adds header before deflate bit stream and footer after. It can bi gzip, zlib or raw (no header, no footer, raw bit stream). Zlib format is defined in rfc 1950. Header has 2 bytes and footer 4 bytes addler 32 checksum. Gzip format is defined in rfc 1952. Header has 10+ bytes and footer 4 bytes crc32 checksum and 4 bytes of uncompressed data length. rfc 1950: https://datatracker.ietf.org/doc/html/rfc1950#page-4 rfc 1952: https://datatracker.ietf.org/doc/html/rfc1952#page-5
std.compress.lzma.Decode.CircularBuffer	A circular buffer for LZ sequences
std.compress.lzma.Decode.CircularBuffer.lastOr	Retrieve the last byte or return a default
std.compress.lzma.Decode.CircularBuffer.lastN	Retrieve the n-th last byte
std.compress.lzma.Decode.CircularBuffer.appendLiteral	Append a literal
std.compress.lzma.Decode.CircularBuffer.appendLz	Fetch an LZ sequence (length, distance) from inside the buffer
std.compress.lzma.Decompress.initParams	Takes ownership of `buffer` which may be resized with `gpa`. LZMA was explicitly designed to take advantage of large heap memory being available, with a dictionary size anywhere from 4K to 4G. Thus, this API dynamically allocates the dictionary as-needed.
std.compress.lzma.Decompress.initOptions	Takes ownership of `buffer` which may be resized with `gpa`. LZMA was explicitly designed to take advantage of large heap memory being available, with a dictionary size anywhere from 4K to 4G. Thus, this API dynamically allocates the dictionary as-needed.
std.compress.lzma.Decompress.takeBuffer	Reclaim ownership of the buffer passed to `init`.
std.compress.lzma2.AccumBuffer	An accumulating buffer for LZ sequences
std.compress.lzma2.AccumBuffer.reset	Reset the internal dictionary
std.compress.lzma2.AccumBuffer.lastOr	Retrieve the last byte or return a default
std.compress.lzma2.AccumBuffer.lastN	Retrieve the n-th last byte
std.compress.lzma2.AccumBuffer.appendLiteral	Append a literal
std.compress.lzma2.AccumBuffer.appendLz	Fetch an LZ sequence (length, distance) from inside the buffer
std.compress.lzma2.Decode.decompress	Returns how many compressed bytes were consumed.
std.compress.xz.Decompress.init	XZ uses a series of LZMA2 blocks which each specify a dictionary size anywhere from 4K to 4G. Thus, this API dynamically allocates the dictionary as-needed.
std.compress.xz.Decompress.takeBuffer	Reclaim ownership of the buffer passed to `init`.
std.compress.zstd.Decompress.init	When connecting `reader` to a `Writer`, `buffer` should be empty, and `Writer.buffer` capacity has requirements based on `Options.window_len`. Otherwise, `buffer` has those requirements.
std.compress.zstd.Decompress.Frame.Zstandard.Header.windowSize	Returns the window size required to decompress a frame, or `null` if it cannot be determined (which indicates a malformed frame header).
std.compress.zstd.Decompress.Frame.Zstandard.Decode.prepare	Prepare the decoder to decode a compressed block. Loads the literals stream and Huffman tree from `literals` and reads the FSE tables from `in`.
std.compress.zstd.Decompress.Frame.Zstandard.Decode.readInitialFseState	Read initial FSE states for sequence decoding.
std.compress.zstd.Decompress.Frame.init	Validates `frame_header` and returns the associated `Frame`.
std.compress.zstd.Decompress.LiteralsSection.Header.decode	Decode a literals section header.
std.compress.zstd.default_window_len	Recommended amount by the standard. Lower than this may result in inability to decompress common streams.
std.static_string_map.StaticStringMap	Static string map optimized for small sets of disparate string keys. Works by separating the keys by length at initialization and only checking strings of equal length at runtime.
std.static_string_map.defaultEql	Like `std.mem.eql`, but takes advantage of the fact that the lengths of `a` and `b` are known to be equal.
std.static_string_map.eqlAsciiIgnoreCase	Like `std.ascii.eqlIgnoreCase` but takes advantage of the fact that the lengths of `a` and `b` are known to be equal.
std.static_string_map.StaticStringMapWithEql	StaticStringMap, but accepts an equality function (`eql`). The `eql` function is only called to determine the equality of equal length strings. Any strings that are not equal length are never compared using the `eql` function.
std.crypto.timing_safe.eql	Compares two arrays in constant time (for a given length) and returns whether they are equal. This function was designed to compare short cryptographic secrets (MACs, signatures). For all other applications, use mem.eql() instead.
std.crypto.timing_safe.compare	Compare two integers serialized as arrays of the same size, in constant time. Returns .lt if a<b, .gt if a>b and .eq if a=b
std.crypto.timing_safe.add	Add two integers serialized as arrays of the same size, in constant time. The result is stored into `result`, and `true` is returned if an overflow occurred.
std.crypto.timing_safe.sub	Subtract two integers serialized as arrays of the same size, in constant time. The result is stored into `result`, and `true` is returned if an underflow occurred.
std.crypto.timing_safe.classify	Mark a value as sensitive or secret, helping to detect potential side-channel vulnerabilities. When Valgrind is enabled, this function allows for the detection of conditional jumps or lookups that depend on secrets or secret-derived data. Violations are reported by Valgrind as operations relying on uninitialized values. If Valgrind is disabled, it has no effect. Use this function to verify that cryptographic operations perform constant-time arithmetic on sensitive data, ensuring the confidentiality of secrets and preventing information leakage through side channels.
std.crypto.timing_safe.declassify	Mark a value as non-sensitive or public, indicating it's safe from side-channel attacks. Signals that a value has been securely processed and is no longer confidential, allowing for relaxed handling without fear of information leakage through conditional jumps or lookups.
std.crypto.aead	Authenticated Encryption with Associated Data
std.crypto.aead.aes_ccm.Aes128Ccm0	AES-128-CCM* with no authentication (encryption-only, 13-byte nonce).
std.crypto.aead.aes_ccm.Aes128Ccm8	AES-128-CCM with 8-byte authentication tag and 13-byte nonce.
std.crypto.aead.aes_ccm.Aes128Ccm16	AES-128-CCM with 16-byte authentication tag and 13-byte nonce.
std.crypto.aead.aes_ccm.Aes256Ccm0	AES-256-CCM* with no authentication (encryption-only, 13-byte nonce).
std.crypto.aead.aes_ccm.Aes256Ccm8	AES-256-CCM with 8-byte authentication tag and 13-byte nonce.
std.crypto.aead.aes_ccm.Aes256Ccm16	AES-256-CCM with 16-byte authentication tag and 13-byte nonce.
std.crypto.aead.ascon.AsconAead128.encrypt	Encrypt a message with Ascon-AEAD128. Parameters: - c: Output buffer for ciphertext (must be same length as m) - tag: Output buffer for authentication tag (16 bytes) - m: Plaintext message to encrypt - ad: Associated data to authenticate but not encrypt - npub: Public nonce (16 bytes, must be unique per message) - k: Secret key (16 bytes) Note: The ciphertext and tag must be transmitted together for decryption
std.crypto.aead.ascon.AsconAead128.decrypt	Decrypt a message with Ascon-AEAD128. Parameters: - m: Output buffer for plaintext (must be same length as c) - c: Ciphertext to decrypt - tag: Authentication tag (16 bytes) - ad: Associated data that was authenticated - npub: Public nonce used during encryption (16 bytes) - k: Secret key (16 bytes) Returns: AuthenticationError if tag verification fails Note: On authentication failure, the output buffer is securely zeroed
std.crypto.aead.isap.IsapA128A	ISAPv2 is an authenticated encryption system hardened against side channels and fault attacks. https://csrc.nist.gov/CSRC/media/Projects/lightweight-cryptography/documents/round-2/spec-doc-rnd2/isap-spec-round2.pdf Note that ISAP is not suitable for high-performance applications. However: - if allowing physical access to the device is part of your threat model, - or if you need resistance against microcode/hardware-level side channel attacks, - or if software-induced fault attacks such as rowhammer are a concern, then you may consider ISAP for highly sensitive data.
std.crypto.aead.isap.IsapA128A.decrypt	`m`: Message `c`: Ciphertext `tag`: Authentication tag `ad`: Associated data `npub`: Public nonce `k`: Private key Asserts `c.len == m.len`. Contents of `m` are undefined if an error is returned.
std.crypto.aead.salsa_poly.XSalsa20Poly1305.tag_length	Authentication tag length in bytes.
std.crypto.aead.salsa_poly.XSalsa20Poly1305.nonce_length	Nonce length in bytes.
std.crypto.aead.salsa_poly.XSalsa20Poly1305.key_length	Key length in bytes.
std.crypto.aead.salsa_poly.XSalsa20Poly1305.encrypt	c: ciphertext: output buffer should be of size m.len tag: authentication tag: output MAC m: message ad: Associated Data npub: public nonce k: private key
std.crypto.aead.salsa_poly.XSalsa20Poly1305.decrypt	`m`: Message `c`: Ciphertext `tag`: Authentication tag `ad`: Associated data `npub`: Public nonce `k`: Private key Asserts `c.len == m.len`. Contents of `m` are undefined if an error is returned.
std.crypto.auth	Authentication (MAC) functions.
std.crypto.auth.siphash.SipHash64	SipHash function with 64-bit output. Recommended parameters are: - (c_rounds=4, d_rounds=8) for conservative security; regular hash functions such as BLAKE2 or BLAKE3 are usually a better alternative. - (c_rounds=2, d_rounds=4) standard parameters. - (c_rounds=1, d_rounds=3) reduced-round function. Faster, no known implications on its practical security level. - (c_rounds=1, d_rounds=2) fastest option, but the output may be distinguishable from random data with related keys or non-uniform input - not suitable as a PRF. SipHash is not a traditional hash function. If the input includes untrusted content, a secret key is absolutely necessary. And due to its small output size, collisions in SipHash64 can be found with an exhaustive search.
std.crypto.auth.siphash.SipHash128	SipHash function with 128-bit output. Recommended parameters are: - (c_rounds=4, d_rounds=8) for conservative security; regular hash functions such as BLAKE2 or BLAKE3 are usually a better alternative. - (c_rounds=2, d_rounds=4) standard parameters. - (c_rounds=1, d_rounds=4) reduced-round function. Recommended to hash very short, similar strings, when a 128-bit PRF output is still required. - (c_rounds=1, d_rounds=3) reduced-round function. Faster, no known implications on its practical security level. - (c_rounds=1, d_rounds=2) fastest option, but the output may be distinguishable from random data with related keys or non-uniform input - not suitable as a PRF. SipHash is not a traditional hash function. If the input includes untrusted content, a secret key is absolutely necessary.
std.crypto.auth.cmac.CmacAes128	CMAC with AES-128 - RFC 4493 https://www.rfc-editor.org/rfc/rfc4493
std.crypto.auth.cmac.Cmac	NIST Special Publication 800-38B - The CMAC Mode for Authentication https://nvlpubs.nist.gov/nistpubs/SpecialPublications/NIST.SP.800-38b.pdf
std.crypto.auth.cbc_mac.CbcMacAes128	CBC-MAC with AES-128 - FIPS 113 https://csrc.nist.gov/publications/detail/fips/113/archive/1985-05-30
std.crypto.auth.cbc_mac.CbcMac	FIPS 113 (1985): Computer Data Authentication https://csrc.nist.gov/publications/detail/fips/113/archive/1985-05-30 WARNING: CBC-MAC is insecure for variable-length messages without additional protection. Only use when required by protocols like CCM that mitigate this.
std.crypto.core	Core functions, that should rarely be used directly by applications.
std.crypto.core.aes.has_hardware_support	`true` if AES is backed by hardware (AES-NI on x86_64, ARM Crypto Extensions on AArch64). Software implementations are much slower, and should be avoided if possible.
std.crypto.core.keccak.KeccakF	The Keccak-f permutation.
std.crypto.core.keccak.State	A generic Keccak-P state.
std.crypto.core.modes	Modes are generic compositions to construct encryption/decryption functions from block ciphers and permutations. These modes are designed to be building blocks for higher-level constructions, and should generally not be used directly by applications, as they may not provide the expected properties and security guarantees. Most applications may want to use AEADs instead.
std.crypto.core.modes.ctr	Counter mode. This mode creates a key stream by encrypting an incrementing counter using a block cipher, and adding it to the source material. Important: the counter mode doesn't provide authenticated encryption: the ciphertext can be trivially modified without this being detected. As a result, applications should generally never use it directly, but only in a construction that includes a MAC.
std.crypto.core.modes.ctrSlice	Counter mode with configurable counter position and size. This extended version allows specifying where the counter is located within the IV block and how many bytes it occupies. This is useful for modes like AES-GCM-SIV which use a 32-bit counter at the beginning of the block. @param counter_offset: Byte offset where the counter starts @param counter_size: Size of the counter in bytes
std.crypto.dh	Diffie-Hellman key exchange functions.
std.crypto.dh.X25519.Curve	The underlying elliptic curve.
std.crypto.dh.X25519.Curve.Fe	The underlying prime field.
std.crypto.dh.X25519.Curve.Fe.zero	0
std.crypto.dh.X25519.Curve.Fe.one	1
std.crypto.dh.X25519.Curve.Fe.sqrtm1	sqrt(-1)
std.crypto.dh.X25519.Curve.Fe.curve25519BasePoint	The Curve25519 base point
std.crypto.dh.X25519.Curve.Fe.edwards25519d	Edwards25519 d = 37095705934669439343138083508754565189542113879843219016388785533085940283555
std.crypto.dh.X25519.Curve.Fe.edwards25519d2	Edwards25519 2d
std.crypto.dh.X25519.Curve.Fe.edwards25519sqrtamd	Edwards25519 1/sqrt(a-d)
std.crypto.dh.X25519.Curve.Fe.edwards25519eonemsqd	Edwards25519 1-d^2
std.crypto.dh.X25519.Curve.Fe.edwards25519sqdmone	Edwards25519 (d-1)^2
std.crypto.dh.X25519.Curve.Fe.edwards25519sqrtadm1	Edwards25519 sqrt(ad-1) with a = -1 (mod p)
std.crypto.dh.X25519.Curve.Fe.edwards25519a_32	Edwards25519 A, as a single limb
std.crypto.dh.X25519.Curve.Fe.edwards25519a	Edwards25519 A
std.crypto.dh.X25519.Curve.Fe.edwards25519sqrtam2	Edwards25519 sqrt(A-2)
std.crypto.dh.X25519.Curve.Fe.isZero	Return true if the field element is zero
std.crypto.dh.X25519.Curve.Fe.equivalent	Return true if both field elements are equivalent
std.crypto.dh.X25519.Curve.Fe.fromBytes	Unpack a field element
std.crypto.dh.X25519.Curve.Fe.toBytes	Pack a field element
std.crypto.dh.X25519.Curve.Fe.fromBytes64	Map a 64 bytes big endian string into a field element
std.crypto.dh.X25519.Curve.Fe.rejectNonCanonical	Reject non-canonical encodings of an element, possibly ignoring the top bit
std.crypto.dh.X25519.Curve.Fe.add	Add a field element
std.crypto.dh.X25519.Curve.Fe.sub	Subtract a field element
std.crypto.dh.X25519.Curve.Fe.neg	Negate a field element
std.crypto.dh.X25519.Curve.Fe.isNegative	Return true if a field element is negative
std.crypto.dh.X25519.Curve.Fe.cMov	Conditonally replace a field element with `a` if `c` is positive
std.crypto.dh.X25519.Curve.Fe.cSwap2	Conditionally swap two pairs of field elements if `c` is positive
std.crypto.dh.X25519.Curve.Fe.mul	Multiply two field elements
std.crypto.dh.X25519.Curve.Fe.sq	Square a field element
std.crypto.dh.X25519.Curve.Fe.sq2	Square and double a field element
std.crypto.dh.X25519.Curve.Fe.mul32	Multiply a field element with a small (32-bit) integer
std.crypto.dh.X25519.Curve.Fe.invert	Return the inverse of a field element, or 0 if a=0.
std.crypto.dh.X25519.Curve.Fe.pow2523	Return a^((p-5)/8) = a^(2^252-3) Used to compute square roots since we have p=5 (mod 8); see Cohen and Frey.
std.crypto.dh.X25519.Curve.Fe.abs	Return the absolute value of a field element
std.crypto.dh.X25519.Curve.Fe.isSquare	Return true if the field element is a square
std.crypto.dh.X25519.Curve.Fe.sqrt	Compute the square root of `x2`, returning `error.NotSquare` if `x2` was not a square
std.crypto.dh.X25519.Curve.scalar	Field arithmetic mod the order of the main subgroup.
std.crypto.dh.X25519.Curve.scalar.field_order	The scalar field order.
std.crypto.dh.X25519.Curve.scalar.CompressedScalar	A compressed scalar
std.crypto.dh.X25519.Curve.scalar.zero	Zero
std.crypto.dh.X25519.Curve.scalar.rejectNonCanonical	Reject a scalar whose encoding is not canonical.
std.crypto.dh.X25519.Curve.scalar.reduce	Reduce a scalar to the field size.
std.crypto.dh.X25519.Curve.scalar.reduce64	Reduce a 64-bytes scalar to the field size.
std.crypto.dh.X25519.Curve.scalar.clamp	Perform the X25519 "clamping" operation. The scalar is then guaranteed to be a multiple of the cofactor.
std.crypto.dh.X25519.Curve.scalar.mul	Return a*b (mod L)
std.crypto.dh.X25519.Curve.scalar.mulAdd	Return a*b+c (mod L)
std.crypto.dh.X25519.Curve.scalar.mul8	Return a*8 (mod L)
std.crypto.dh.X25519.Curve.scalar.add	Return a+b (mod L)
std.crypto.dh.X25519.Curve.scalar.neg	Return -s (mod L)
std.crypto.dh.X25519.Curve.scalar.sub	Return (a-b) (mod L)
std.crypto.dh.X25519.Curve.scalar.random	Return a random scalar < L
std.crypto.dh.X25519.Curve.scalar.Scalar	A scalar in unpacked representation
std.crypto.dh.X25519.Curve.scalar.Scalar.fromBytes	Unpack a 32-byte representation of a scalar
std.crypto.dh.X25519.Curve.scalar.Scalar.fromBytes64	Unpack a 64-byte representation of a scalar
std.crypto.dh.X25519.Curve.scalar.Scalar.toBytes	Pack a scalar into bytes
std.crypto.dh.X25519.Curve.scalar.Scalar.isZero	Return true if the scalar is zero
std.crypto.dh.X25519.Curve.scalar.Scalar.add	Return x+y (mod L)
std.crypto.dh.X25519.Curve.scalar.Scalar.mul	Return x*r (mod L)
std.crypto.dh.X25519.Curve.scalar.Scalar.sq	Return x^2 (mod L)
std.crypto.dh.X25519.Curve.scalar.Scalar.invert	Return the inverse of a scalar (mod L), or 0 if x=0.
std.crypto.dh.X25519.Curve.scalar.Scalar.random	Return a random scalar < L.
std.crypto.dh.X25519.Curve.fromBytes	Decode a Curve25519 point from its compressed (X) coordinates.
std.crypto.dh.X25519.Curve.toBytes	Encode a Curve25519 point.
std.crypto.dh.X25519.Curve.basePoint	The Curve25519 base point.
std.crypto.dh.X25519.Curve.rejectNonCanonical	Check that the encoding of a Curve25519 point is canonical.
std.crypto.dh.X25519.Curve.rejectIdentity	Reject the neutral element.
std.crypto.dh.X25519.Curve.clearCofactor	Multiply a point by the cofactor, returning WeakPublicKey if the element is in a small-order group.
std.crypto.dh.X25519.Curve.clampedMul	Multiply a Curve25519 point by a scalar after "clamping" it. Clamping forces the scalar to be a multiple of the cofactor in order to prevent small subgroups attacks. This is the standard way to use Curve25519 for a DH operation. Return error.IdentityElement if the resulting point is the identity element.
std.crypto.dh.X25519.Curve.mul	Multiply a Curve25519 point by a scalar without clamping it. Return error.IdentityElement if the resulting point is the identity element or error.WeakPublicKey if the public key is a low-order point.
std.crypto.dh.X25519.Curve.elligator2	Elligator2 map for Curve25519.
std.crypto.dh.X25519.Curve.fromEdwards25519	Compute the Curve25519 equivalent to an Edwards25519 point. Note that the function doesn't check that the input point is on the prime order group, e.g. that it is an Ed25519 public key for which an Ed25519 secret key exists. If this is required, for example for compatibility with libsodium's strict validation policy, the caller can call the `rejectUnexpectedSubgroup` function on the input point before calling this function.
std.crypto.dh.X25519.secret_length	Length (in bytes) of a secret key.
std.crypto.dh.X25519.public_length	Length (in bytes) of a public key.
std.crypto.dh.X25519.shared_length	Length (in bytes) of the output of the DH function.
std.crypto.dh.X25519.seed_length	Seed (for key pair creation) length in bytes.
std.crypto.dh.X25519.KeyPair	An X25519 key pair.
std.crypto.dh.X25519.KeyPair.generateDeterministic	Deterministically derive a key pair from a cryptograpically secure secret seed. Except in tests, applications should generally call `generate()` instead of this function.
std.crypto.dh.X25519.KeyPair.generate	Generate a new, random key pair.
std.crypto.dh.X25519.KeyPair.fromEd25519	Create a key pair from an Ed25519 key pair
std.crypto.dh.X25519.recoverPublicKey	Compute the public key for a given private key.
std.crypto.dh.X25519.publicKeyFromEd25519	Compute the X25519 equivalent to an Ed25519 public eky.
std.crypto.dh.X25519.scalarmult	Compute the scalar product of a public key and a secret scalar. Note that the output should not be used as a shared secret without hashing it first.
std.crypto.kem	Key Encapsulation Mechanisms.
std.crypto.kem.hybrid.MlKem768X25519	ML-KEM-768 combined with X25519 (Curve25519) aka X-Wing. Targets approximately 128-bit post-quantum security level.
std.crypto.kem.hybrid.MlKem768P256	ML-KEM-768 combined with NIST P-256. Targets approximately 128-bit post-quantum security level.
std.crypto.kem.hybrid.MlKem1024P384	ML-KEM-1024 combined with NIST P-384. Targets approximately 192-bit post-quantum security level.
std.crypto.kem.hybrid.Params	Configuration parameters for a hybrid KEM.
std.crypto.kem.hybrid.HybridKem	Constructs a hybrid KEM type from the given parameters. A hybrid KEM combines a post-quantum KEM with a traditional elliptic curve Diffie-Hellman key exchange. The shared secrets from both components are combined using the C2PRI combiner construction with SHA3-256. The resulting type provides: - `PublicKey`: The hybrid encapsulation (public) key - `SecretKey`: The hybrid decapsulation (secret) key - `KeyPair`: A public/secret key pair - `EncapsulatedSecret`: A shared secret with its ciphertext
std.crypto.ecc	Elliptic-curve arithmetic.
std.crypto.ecc.Curve25519.Fe	The underlying prime field.
std.crypto.ecc.Curve25519.Fe.zero	0
std.crypto.ecc.Curve25519.Fe.one	1
std.crypto.ecc.Curve25519.Fe.sqrtm1	sqrt(-1)
std.crypto.ecc.Curve25519.Fe.curve25519BasePoint	The Curve25519 base point
std.crypto.ecc.Curve25519.Fe.edwards25519d	Edwards25519 d = 37095705934669439343138083508754565189542113879843219016388785533085940283555
std.crypto.ecc.Curve25519.Fe.edwards25519d2	Edwards25519 2d
std.crypto.ecc.Curve25519.Fe.edwards25519sqrtamd	Edwards25519 1/sqrt(a-d)
std.crypto.ecc.Curve25519.Fe.edwards25519eonemsqd	Edwards25519 1-d^2
std.crypto.ecc.Curve25519.Fe.edwards25519sqdmone	Edwards25519 (d-1)^2
std.crypto.ecc.Curve25519.Fe.edwards25519sqrtadm1	Edwards25519 sqrt(ad-1) with a = -1 (mod p)
std.crypto.ecc.Curve25519.Fe.edwards25519a_32	Edwards25519 A, as a single limb
std.crypto.ecc.Curve25519.Fe.edwards25519a	Edwards25519 A
std.crypto.ecc.Curve25519.Fe.edwards25519sqrtam2	Edwards25519 sqrt(A-2)
std.crypto.ecc.Curve25519.Fe.isZero	Return true if the field element is zero
std.crypto.ecc.Curve25519.Fe.equivalent	Return true if both field elements are equivalent
std.crypto.ecc.Curve25519.Fe.fromBytes	Unpack a field element
std.crypto.ecc.Curve25519.Fe.toBytes	Pack a field element
std.crypto.ecc.Curve25519.Fe.fromBytes64	Map a 64 bytes big endian string into a field element
std.crypto.ecc.Curve25519.Fe.rejectNonCanonical	Reject non-canonical encodings of an element, possibly ignoring the top bit
std.crypto.ecc.Curve25519.Fe.add	Add a field element
std.crypto.ecc.Curve25519.Fe.sub	Subtract a field element
std.crypto.ecc.Curve25519.Fe.neg	Negate a field element
std.crypto.ecc.Curve25519.Fe.isNegative	Return true if a field element is negative
std.crypto.ecc.Curve25519.Fe.cMov	Conditonally replace a field element with `a` if `c` is positive
std.crypto.ecc.Curve25519.Fe.cSwap2	Conditionally swap two pairs of field elements if `c` is positive
std.crypto.ecc.Curve25519.Fe.mul	Multiply two field elements
std.crypto.ecc.Curve25519.Fe.sq	Square a field element
std.crypto.ecc.Curve25519.Fe.sq2	Square and double a field element
std.crypto.ecc.Curve25519.Fe.mul32	Multiply a field element with a small (32-bit) integer
std.crypto.ecc.Curve25519.Fe.invert	Return the inverse of a field element, or 0 if a=0.
std.crypto.ecc.Curve25519.Fe.pow2523	Return a^((p-5)/8) = a^(2^252-3) Used to compute square roots since we have p=5 (mod 8); see Cohen and Frey.
std.crypto.ecc.Curve25519.Fe.abs	Return the absolute value of a field element
std.crypto.ecc.Curve25519.Fe.isSquare	Return true if the field element is a square
std.crypto.ecc.Curve25519.Fe.sqrt	Compute the square root of `x2`, returning `error.NotSquare` if `x2` was not a square
std.crypto.ecc.Curve25519.scalar	Field arithmetic mod the order of the main subgroup.
std.crypto.ecc.Curve25519.fromBytes	Decode a Curve25519 point from its compressed (X) coordinates.
std.crypto.ecc.Curve25519.toBytes	Encode a Curve25519 point.
std.crypto.ecc.Curve25519.basePoint	The Curve25519 base point.
std.crypto.ecc.Curve25519.rejectNonCanonical	Check that the encoding of a Curve25519 point is canonical.
std.crypto.ecc.Curve25519.rejectIdentity	Reject the neutral element.
std.crypto.ecc.Curve25519.clearCofactor	Multiply a point by the cofactor, returning WeakPublicKey if the element is in a small-order group.
std.crypto.ecc.Curve25519.clampedMul	Multiply a Curve25519 point by a scalar after "clamping" it. Clamping forces the scalar to be a multiple of the cofactor in order to prevent small subgroups attacks. This is the standard way to use Curve25519 for a DH operation. Return error.IdentityElement if the resulting point is the identity element.
std.crypto.ecc.Curve25519.mul	Multiply a Curve25519 point by a scalar without clamping it. Return error.IdentityElement if the resulting point is the identity element or error.WeakPublicKey if the public key is a low-order point.
std.crypto.ecc.Curve25519.elligator2	Elligator2 map for Curve25519.
std.crypto.ecc.Curve25519.fromEdwards25519	Compute the Curve25519 equivalent to an Edwards25519 point. Note that the function doesn't check that the input point is on the prime order group, e.g. that it is an Ed25519 public key for which an Ed25519 secret key exists. If this is required, for example for compatibility with libsodium's strict validation policy, the caller can call the `rejectUnexpectedSubgroup` function on the input point before calling this function.
std.crypto.ecc.Edwards25519.Fe	The underlying prime field.
std.crypto.ecc.Edwards25519.Fe.zero	0
std.crypto.ecc.Edwards25519.Fe.one	1
std.crypto.ecc.Edwards25519.Fe.sqrtm1	sqrt(-1)
std.crypto.ecc.Edwards25519.Fe.curve25519BasePoint	The Curve25519 base point
std.crypto.ecc.Edwards25519.Fe.edwards25519d	Edwards25519 d = 37095705934669439343138083508754565189542113879843219016388785533085940283555
std.crypto.ecc.Edwards25519.Fe.edwards25519d2	Edwards25519 2d
std.crypto.ecc.Edwards25519.Fe.edwards25519sqrtamd	Edwards25519 1/sqrt(a-d)
std.crypto.ecc.Edwards25519.Fe.edwards25519eonemsqd	Edwards25519 1-d^2
std.crypto.ecc.Edwards25519.Fe.edwards25519sqdmone	Edwards25519 (d-1)^2
std.crypto.ecc.Edwards25519.Fe.edwards25519sqrtadm1	Edwards25519 sqrt(ad-1) with a = -1 (mod p)
std.crypto.ecc.Edwards25519.Fe.edwards25519a_32	Edwards25519 A, as a single limb
std.crypto.ecc.Edwards25519.Fe.edwards25519a	Edwards25519 A
std.crypto.ecc.Edwards25519.Fe.edwards25519sqrtam2	Edwards25519 sqrt(A-2)
std.crypto.ecc.Edwards25519.Fe.isZero	Return true if the field element is zero
std.crypto.ecc.Edwards25519.Fe.equivalent	Return true if both field elements are equivalent
std.crypto.ecc.Edwards25519.Fe.fromBytes	Unpack a field element
std.crypto.ecc.Edwards25519.Fe.toBytes	Pack a field element
std.crypto.ecc.Edwards25519.Fe.fromBytes64	Map a 64 bytes big endian string into a field element
std.crypto.ecc.Edwards25519.Fe.rejectNonCanonical	Reject non-canonical encodings of an element, possibly ignoring the top bit
std.crypto.ecc.Edwards25519.Fe.add	Add a field element
std.crypto.ecc.Edwards25519.Fe.sub	Subtract a field element
std.crypto.ecc.Edwards25519.Fe.neg	Negate a field element
std.crypto.ecc.Edwards25519.Fe.isNegative	Return true if a field element is negative
std.crypto.ecc.Edwards25519.Fe.cMov	Conditonally replace a field element with `a` if `c` is positive
std.crypto.ecc.Edwards25519.Fe.cSwap2	Conditionally swap two pairs of field elements if `c` is positive
std.crypto.ecc.Edwards25519.Fe.mul	Multiply two field elements
std.crypto.ecc.Edwards25519.Fe.sq	Square a field element
std.crypto.ecc.Edwards25519.Fe.sq2	Square and double a field element
std.crypto.ecc.Edwards25519.Fe.mul32	Multiply a field element with a small (32-bit) integer
std.crypto.ecc.Edwards25519.Fe.invert	Return the inverse of a field element, or 0 if a=0.
std.crypto.ecc.Edwards25519.Fe.pow2523	Return a^((p-5)/8) = a^(2^252-3) Used to compute square roots since we have p=5 (mod 8); see Cohen and Frey.
std.crypto.ecc.Edwards25519.Fe.abs	Return the absolute value of a field element
std.crypto.ecc.Edwards25519.Fe.isSquare	Return true if the field element is a square
std.crypto.ecc.Edwards25519.Fe.sqrt	Compute the square root of `x2`, returning `error.NotSquare` if `x2` was not a square
std.crypto.ecc.Edwards25519.scalar	Field arithmetic mod the order of the main subgroup.
std.crypto.ecc.Edwards25519.encoded_length	Length in bytes of a compressed representation of a point.
std.crypto.ecc.Edwards25519.fromBytes	Decode an Edwards25519 point from its compressed (Y+sign) coordinates.
std.crypto.ecc.Edwards25519.toBytes	Encode an Edwards25519 point.
std.crypto.ecc.Edwards25519.rejectNonCanonical	Check that the encoding of a point is canonical.
std.crypto.ecc.Edwards25519.basePoint	The edwards25519 base point.
std.crypto.ecc.Edwards25519.rejectIdentity	Reject the neutral element.
std.crypto.ecc.Edwards25519.rejectUnexpectedSubgroup	Reject a point if it is not in the prime order subgroup generated by the standard base point. If the point is not in the main subgroup: - `WeakPublicKeyError` is returned if the point belongs to a low-order subgroup. - `UnexpectedSubgroupError` is returned otherwise.
std.crypto.ecc.Edwards25519.clearCofactor	Multiply a point by the cofactor
std.crypto.ecc.Edwards25519.rejectLowOrder	Check that the point does not generate a low-order group. Return a `WeakPublicKey` error if it does.
std.crypto.ecc.Edwards25519.neg	Flip the sign of the X coordinate.
std.crypto.ecc.Edwards25519.dbl	Double an Edwards25519 point.
std.crypto.ecc.Edwards25519.add	Add two Edwards25519 points.
std.crypto.ecc.Edwards25519.sub	Subtract two Edwards25519 points.
std.crypto.ecc.Edwards25519.mul	Multiply an Edwards25519 point by a scalar without clamping it. Return error.WeakPublicKey if the base generates a small-order group, and error.IdentityElement if the result is the identity element.
std.crypto.ecc.Edwards25519.mulPublic	Multiply an Edwards25519 point by a *PUBLIC* scalar *IN VARIABLE TIME* This can be used for signature verification.
std.crypto.ecc.Edwards25519.mulDoubleBasePublic	Double-base multiplication of public parameters - Compute (p1*s1)+(p2*s2) *IN VARIABLE TIME* This can be used for signature verification.
std.crypto.ecc.Edwards25519.mulMulti	Multiscalar multiplication *IN VARIABLE TIME* for public data Computes ps0*ss0 + ps1*ss1 + ps2*ss2... faster than doing many of these operations individually
std.crypto.ecc.Edwards25519.clampedMul	Multiply an Edwards25519 point by a scalar after "clamping" it. Clamping forces the scalar to be a multiple of the cofactor in order to prevent small subgroups attacks. This is strongly recommended for DH operations. Return error.WeakPublicKey if the resulting point is the identity element.
std.crypto.ecc.Edwards25519.elligator2	Elligator2 map - Returns Montgomery affine coordinates
std.crypto.ecc.Edwards25519.fromHash	Map a 64-bit hash into an Edwards25519 point
std.crypto.ecc.Edwards25519.fromString	Hash a context `ctx` and a string `s` into an Edwards25519 point This function implements the edwards25519_XMD:SHA-512_ELL2_RO_ and edwards25519_XMD:SHA-512_ELL2_NU_ methods from the "Hashing to Elliptic Curves" standard document. Although not strictly required by the standard, it is recommended to avoid NUL characters in the context in order to be compatible with other implementations.
std.crypto.ecc.Edwards25519.fromUniform	Map a 32 bit uniform bit string into an edwards25519 point
std.crypto.ecc.P256.Fe	The underlying prime field.
std.crypto.ecc.P256.scalar	Field arithmetic mod the order of the main subgroup.
std.crypto.ecc.P256.scalar.encoded_length	Number of bytes required to encode a scalar.
std.crypto.ecc.P256.scalar.CompressedScalar	A compressed scalar, in canonical form.
std.crypto.ecc.P256.scalar.field_order	The scalar field order.
std.crypto.ecc.P256.scalar.rejectNonCanonical	Reject a scalar whose encoding is not canonical.
std.crypto.ecc.P256.scalar.reduce48	Reduce a 48-bytes scalar to the field size.
std.crypto.ecc.P256.scalar.reduce64	Reduce a 64-bytes scalar to the field size.
std.crypto.ecc.P256.scalar.mul	Return a*b (mod L)
std.crypto.ecc.P256.scalar.mulAdd	Return a*b+c (mod L)
std.crypto.ecc.P256.scalar.add	Return a+b (mod L)
std.crypto.ecc.P256.scalar.neg	Return -s (mod L)
std.crypto.ecc.P256.scalar.sub	Return (a-b) (mod L)
std.crypto.ecc.P256.scalar.random	Return a random scalar
std.crypto.ecc.P256.scalar.Scalar	A scalar in unpacked representation.
std.crypto.ecc.P256.scalar.Scalar.zero	Zero.
std.crypto.ecc.P256.scalar.Scalar.one	One.
std.crypto.ecc.P256.scalar.Scalar.fromBytes	Unpack a serialized representation of a scalar.
std.crypto.ecc.P256.scalar.Scalar.fromBytes48	Reduce a 384 bit input to the field size.
std.crypto.ecc.P256.scalar.Scalar.fromBytes64	Reduce a 512 bit input to the field size.
std.crypto.ecc.P256.scalar.Scalar.toBytes	Pack a scalar into bytes.
std.crypto.ecc.P256.scalar.Scalar.isZero	Return true if the scalar is zero..
std.crypto.ecc.P256.scalar.Scalar.isOdd	Return true if the scalar is odd.
std.crypto.ecc.P256.scalar.Scalar.equivalent	Return true if a and b are equivalent.
std.crypto.ecc.P256.scalar.Scalar.add	Compute x+y (mod L)
std.crypto.ecc.P256.scalar.Scalar.sub	Compute x-y (mod L)
std.crypto.ecc.P256.scalar.Scalar.dbl	Compute 2n (mod L)
std.crypto.ecc.P256.scalar.Scalar.mul	Compute x*y (mod L)
std.crypto.ecc.P256.scalar.Scalar.sq	Compute x^2 (mod L)
std.crypto.ecc.P256.scalar.Scalar.pow	Compute x^n (mod L)
std.crypto.ecc.P256.scalar.Scalar.neg	Compute -x (mod L)
std.crypto.ecc.P256.scalar.Scalar.invert	Compute x^-1 (mod L)
std.crypto.ecc.P256.scalar.Scalar.isSquare	Return true if n is a quadratic residue mod L.
std.crypto.ecc.P256.scalar.Scalar.sqrt	Return the square root of L, or NotSquare if there isn't any solutions.
std.crypto.ecc.P256.scalar.Scalar.random	Return a random scalar < L.
std.crypto.ecc.P256.basePoint	The P256 base point.
std.crypto.ecc.P256.identityElement	The P256 neutral element.
std.crypto.ecc.P256.rejectIdentity	Reject the neutral element.
std.crypto.ecc.P256.fromAffineCoordinates	Create a point from affine coordinates after checking that they match the curve equation.
std.crypto.ecc.P256.fromSerializedAffineCoordinates	Create a point from serialized affine coordinates.
std.crypto.ecc.P256.recoverY	Recover the Y coordinate from the X coordinate.
std.crypto.ecc.P256.fromSec1	Deserialize a SEC1-encoded point.
std.crypto.ecc.P256.toCompressedSec1	Serialize a point using the compressed SEC-1 format.
std.crypto.ecc.P256.toUncompressedSec1	Serialize a point using the uncompressed SEC-1 format.
std.crypto.ecc.P256.random	Return a random point.
std.crypto.ecc.P256.neg	Flip the sign of the X coordinate.
std.crypto.ecc.P256.dbl	Double a P256 point.
std.crypto.ecc.P256.addMixed	Add P256 points, the second being specified using affine coordinates.
std.crypto.ecc.P256.add	Add P256 points.
std.crypto.ecc.P256.sub	Subtract P256 points.
std.crypto.ecc.P256.subMixed	Subtract P256 points, the second being specified using affine coordinates.
std.crypto.ecc.P256.affineCoordinates	Return affine coordinates.
std.crypto.ecc.P256.equivalent	Return true if both coordinate sets represent the same point.
std.crypto.ecc.P256.mul	Multiply an elliptic curve point by a scalar. Return error.IdentityElement if the result is the identity element.
std.crypto.ecc.P256.mulPublic	Multiply an elliptic curve point by a *PUBLIC* scalar *IN VARIABLE TIME* This can be used for signature verification.
std.crypto.ecc.P256.mulDoubleBasePublic	Double-base multiplication of public parameters - Compute (p1*s1)+(p2*s2) *IN VARIABLE TIME* This can be used for signature verification.
std.crypto.ecc.P384.Fe	The underlying prime field.
std.crypto.ecc.P384.scalar	Field arithmetic mod the order of the main subgroup.
std.crypto.ecc.P384.scalar.encoded_length	Number of bytes required to encode a scalar.
std.crypto.ecc.P384.scalar.CompressedScalar	A compressed scalar, in canonical form.
std.crypto.ecc.P384.scalar.field_order	The scalar field order.
std.crypto.ecc.P384.scalar.rejectNonCanonical	Reject a scalar whose encoding is not canonical.
std.crypto.ecc.P384.scalar.reduce64	Reduce a 64-bytes scalar to the field size.
std.crypto.ecc.P384.scalar.mul	Return a*b (mod L)
std.crypto.ecc.P384.scalar.mulAdd	Return a*b+c (mod L)
std.crypto.ecc.P384.scalar.add	Return a+b (mod L)
std.crypto.ecc.P384.scalar.neg	Return -s (mod L)
std.crypto.ecc.P384.scalar.sub	Return (a-b) (mod L)
std.crypto.ecc.P384.scalar.random	Return a random scalar
std.crypto.ecc.P384.scalar.Scalar	A scalar in unpacked representation.
std.crypto.ecc.P384.scalar.Scalar.zero	Zero.
std.crypto.ecc.P384.scalar.Scalar.one	One.
std.crypto.ecc.P384.scalar.Scalar.fromBytes	Unpack a serialized representation of a scalar.
std.crypto.ecc.P384.scalar.Scalar.fromBytes64	Reduce a 512 bit input to the field size.
std.crypto.ecc.P384.scalar.Scalar.toBytes	Pack a scalar into bytes.
std.crypto.ecc.P384.scalar.Scalar.isZero	Return true if the scalar is zero..
std.crypto.ecc.P384.scalar.Scalar.isOdd	Return true if the scalar is odd.
std.crypto.ecc.P384.scalar.Scalar.equivalent	Return true if a and b are equivalent.
std.crypto.ecc.P384.scalar.Scalar.add	Compute x+y (mod L)
std.crypto.ecc.P384.scalar.Scalar.sub	Compute x-y (mod L)
std.crypto.ecc.P384.scalar.Scalar.dbl	Compute 2n (mod L)
std.crypto.ecc.P384.scalar.Scalar.mul	Compute x*y (mod L)
std.crypto.ecc.P384.scalar.Scalar.sq	Compute x^2 (mod L)
std.crypto.ecc.P384.scalar.Scalar.pow	Compute x^n (mod L)
std.crypto.ecc.P384.scalar.Scalar.neg	Compute -x (mod L)
std.crypto.ecc.P384.scalar.Scalar.invert	Compute x^-1 (mod L)
std.crypto.ecc.P384.scalar.Scalar.isSquare	Return true if n is a quadratic residue mod L.
std.crypto.ecc.P384.scalar.Scalar.sqrt	Return the square root of L, or NotSquare if there isn't any solutions.
std.crypto.ecc.P384.scalar.Scalar.random	Return a random scalar < L.
std.crypto.ecc.P384.basePoint	The P384 base point.
std.crypto.ecc.P384.identityElement	The P384 neutral element.
std.crypto.ecc.P384.rejectIdentity	Reject the neutral element.
std.crypto.ecc.P384.fromAffineCoordinates	Create a point from affine coordinates after checking that they match the curve equation.
std.crypto.ecc.P384.fromSerializedAffineCoordinates	Create a point from serialized affine coordinates.
std.crypto.ecc.P384.recoverY	Recover the Y coordinate from the X coordinate.
std.crypto.ecc.P384.fromSec1	Deserialize a SEC1-encoded point.
std.crypto.ecc.P384.toCompressedSec1	Serialize a point using the compressed SEC-1 format.
std.crypto.ecc.P384.toUncompressedSec1	Serialize a point using the uncompressed SEC-1 format.
std.crypto.ecc.P384.random	Return a random point.
std.crypto.ecc.P384.neg	Flip the sign of the X coordinate.
std.crypto.ecc.P384.dbl	Double a P384 point.
std.crypto.ecc.P384.addMixed	Add P384 points, the second being specified using affine coordinates.
std.crypto.ecc.P384.add	Add P384 points.
std.crypto.ecc.P384.sub	Subtract P384 points.
std.crypto.ecc.P384.subMixed	Subtract P384 points, the second being specified using affine coordinates.
std.crypto.ecc.P384.affineCoordinates	Return affine coordinates.
std.crypto.ecc.P384.equivalent	Return true if both coordinate sets represent the same point.
std.crypto.ecc.P384.mul	Multiply an elliptic curve point by a scalar. Return error.IdentityElement if the result is the identity element.
std.crypto.ecc.P384.mulPublic	Multiply an elliptic curve point by a *PUBLIC* scalar *IN VARIABLE TIME* This can be used for signature verification.
std.crypto.ecc.P384.mulDoubleBasePublic	Double-base multiplication of public parameters - Compute (p1*s1)+(p2*s2) *IN VARIABLE TIME* This can be used for signature verification.
std.crypto.ecc.Ristretto255.Curve	The underlying elliptic curve.
std.crypto.ecc.Ristretto255.Curve.Fe	The underlying prime field.
std.crypto.ecc.Ristretto255.Curve.Fe.zero	0
std.crypto.ecc.Ristretto255.Curve.Fe.one	1
std.crypto.ecc.Ristretto255.Curve.Fe.sqrtm1	sqrt(-1)
std.crypto.ecc.Ristretto255.Curve.Fe.curve25519BasePoint	The Curve25519 base point
std.crypto.ecc.Ristretto255.Curve.Fe.edwards25519d	Edwards25519 d = 37095705934669439343138083508754565189542113879843219016388785533085940283555
std.crypto.ecc.Ristretto255.Curve.Fe.edwards25519d2	Edwards25519 2d
std.crypto.ecc.Ristretto255.Curve.Fe.edwards25519sqrtamd	Edwards25519 1/sqrt(a-d)
std.crypto.ecc.Ristretto255.Curve.Fe.edwards25519eonemsqd	Edwards25519 1-d^2
std.crypto.ecc.Ristretto255.Curve.Fe.edwards25519sqdmone	Edwards25519 (d-1)^2
std.crypto.ecc.Ristretto255.Curve.Fe.edwards25519sqrtadm1	Edwards25519 sqrt(ad-1) with a = -1 (mod p)
std.crypto.ecc.Ristretto255.Curve.Fe.edwards25519a_32	Edwards25519 A, as a single limb
std.crypto.ecc.Ristretto255.Curve.Fe.edwards25519a	Edwards25519 A
std.crypto.ecc.Ristretto255.Curve.Fe.edwards25519sqrtam2	Edwards25519 sqrt(A-2)
std.crypto.ecc.Ristretto255.Curve.Fe.isZero	Return true if the field element is zero
std.crypto.ecc.Ristretto255.Curve.Fe.equivalent	Return true if both field elements are equivalent
std.crypto.ecc.Ristretto255.Curve.Fe.fromBytes	Unpack a field element
std.crypto.ecc.Ristretto255.Curve.Fe.toBytes	Pack a field element
std.crypto.ecc.Ristretto255.Curve.Fe.fromBytes64	Map a 64 bytes big endian string into a field element
std.crypto.ecc.Ristretto255.Curve.Fe.rejectNonCanonical	Reject non-canonical encodings of an element, possibly ignoring the top bit
std.crypto.ecc.Ristretto255.Curve.Fe.add	Add a field element
std.crypto.ecc.Ristretto255.Curve.Fe.sub	Subtract a field element
std.crypto.ecc.Ristretto255.Curve.Fe.neg	Negate a field element
std.crypto.ecc.Ristretto255.Curve.Fe.isNegative	Return true if a field element is negative
std.crypto.ecc.Ristretto255.Curve.Fe.cMov	Conditonally replace a field element with `a` if `c` is positive
std.crypto.ecc.Ristretto255.Curve.Fe.cSwap2	Conditionally swap two pairs of field elements if `c` is positive
std.crypto.ecc.Ristretto255.Curve.Fe.mul	Multiply two field elements
std.crypto.ecc.Ristretto255.Curve.Fe.sq	Square a field element
std.crypto.ecc.Ristretto255.Curve.Fe.sq2	Square and double a field element
std.crypto.ecc.Ristretto255.Curve.Fe.mul32	Multiply a field element with a small (32-bit) integer
std.crypto.ecc.Ristretto255.Curve.Fe.invert	Return the inverse of a field element, or 0 if a=0.
std.crypto.ecc.Ristretto255.Curve.Fe.pow2523	Return a^((p-5)/8) = a^(2^252-3) Used to compute square roots since we have p=5 (mod 8); see Cohen and Frey.
std.crypto.ecc.Ristretto255.Curve.Fe.abs	Return the absolute value of a field element
std.crypto.ecc.Ristretto255.Curve.Fe.isSquare	Return true if the field element is a square
std.crypto.ecc.Ristretto255.Curve.Fe.sqrt	Compute the square root of `x2`, returning `error.NotSquare` if `x2` was not a square
std.crypto.ecc.Ristretto255.Curve.scalar	Field arithmetic mod the order of the main subgroup.
std.crypto.ecc.Ristretto255.Curve.encoded_length	Length in bytes of a compressed representation of a point.
std.crypto.ecc.Ristretto255.Curve.fromBytes	Decode an Edwards25519 point from its compressed (Y+sign) coordinates.
std.crypto.ecc.Ristretto255.Curve.toBytes	Encode an Edwards25519 point.
std.crypto.ecc.Ristretto255.Curve.rejectNonCanonical	Check that the encoding of a point is canonical.
std.crypto.ecc.Ristretto255.Curve.basePoint	The edwards25519 base point.
std.crypto.ecc.Ristretto255.Curve.rejectIdentity	Reject the neutral element.
std.crypto.ecc.Ristretto255.Curve.rejectUnexpectedSubgroup	Reject a point if it is not in the prime order subgroup generated by the standard base point. If the point is not in the main subgroup: - `WeakPublicKeyError` is returned if the point belongs to a low-order subgroup. - `UnexpectedSubgroupError` is returned otherwise.
std.crypto.ecc.Ristretto255.Curve.clearCofactor	Multiply a point by the cofactor
std.crypto.ecc.Ristretto255.Curve.rejectLowOrder	Check that the point does not generate a low-order group. Return a `WeakPublicKey` error if it does.
std.crypto.ecc.Ristretto255.Curve.neg	Flip the sign of the X coordinate.
std.crypto.ecc.Ristretto255.Curve.dbl	Double an Edwards25519 point.
std.crypto.ecc.Ristretto255.Curve.add	Add two Edwards25519 points.
std.crypto.ecc.Ristretto255.Curve.sub	Subtract two Edwards25519 points.
std.crypto.ecc.Ristretto255.Curve.mul	Multiply an Edwards25519 point by a scalar without clamping it. Return error.WeakPublicKey if the base generates a small-order group, and error.IdentityElement if the result is the identity element.
std.crypto.ecc.Ristretto255.Curve.mulPublic	Multiply an Edwards25519 point by a *PUBLIC* scalar *IN VARIABLE TIME* This can be used for signature verification.
std.crypto.ecc.Ristretto255.Curve.mulDoubleBasePublic	Double-base multiplication of public parameters - Compute (p1*s1)+(p2*s2) *IN VARIABLE TIME* This can be used for signature verification.
std.crypto.ecc.Ristretto255.Curve.mulMulti	Multiscalar multiplication *IN VARIABLE TIME* for public data Computes ps0*ss0 + ps1*ss1 + ps2*ss2... faster than doing many of these operations individually
std.crypto.ecc.Ristretto255.Curve.clampedMul	Multiply an Edwards25519 point by a scalar after "clamping" it. Clamping forces the scalar to be a multiple of the cofactor in order to prevent small subgroups attacks. This is strongly recommended for DH operations. Return error.WeakPublicKey if the resulting point is the identity element.
std.crypto.ecc.Ristretto255.Curve.elligator2	Elligator2 map - Returns Montgomery affine coordinates
std.crypto.ecc.Ristretto255.Curve.fromHash	Map a 64-bit hash into an Edwards25519 point
std.crypto.ecc.Ristretto255.Curve.fromString	Hash a context `ctx` and a string `s` into an Edwards25519 point This function implements the edwards25519_XMD:SHA-512_ELL2_RO_ and edwards25519_XMD:SHA-512_ELL2_NU_ methods from the "Hashing to Elliptic Curves" standard document. Although not strictly required by the standard, it is recommended to avoid NUL characters in the context in order to be compatible with other implementations.
std.crypto.ecc.Ristretto255.Curve.fromUniform	Map a 32 bit uniform bit string into an edwards25519 point
std.crypto.ecc.Ristretto255.Fe	The underlying prime field.
std.crypto.ecc.Ristretto255.scalar	Field arithmetic mod the order of the main subgroup.
std.crypto.ecc.Ristretto255.encoded_length	Length in byte of an encoded element.
std.crypto.ecc.Ristretto255.rejectIdentity	Reject the neutral element.
std.crypto.ecc.Ristretto255.basePoint	The base point (Ristretto is a curve in desguise).
std.crypto.ecc.Ristretto255.fromBytes	Decode a Ristretto255 representative.
std.crypto.ecc.Ristretto255.toBytes	Encode to a Ristretto255 representative.
std.crypto.ecc.Ristretto255.fromUniform	Map a 64-bit string into a Ristretto255 group element
std.crypto.ecc.Ristretto255.dbl	Double a Ristretto255 element.
std.crypto.ecc.Ristretto255.add	Add two Ristretto255 elements.
std.crypto.ecc.Ristretto255.sub	Subtract two Ristretto255 elements.
std.crypto.ecc.Ristretto255.mul	Multiply a Ristretto255 element with a scalar. Return error.WeakPublicKey if the resulting element is the identity element.
std.crypto.ecc.Ristretto255.equivalent	Return true if two Ristretto255 elements are equivalent
std.crypto.ecc.Secp256k1.Fe	The underlying prime field.
std.crypto.ecc.Secp256k1.scalar	Field arithmetic mod the order of the main subgroup.
std.crypto.ecc.Secp256k1.scalar.encoded_length	Number of bytes required to encode a scalar.
std.crypto.ecc.Secp256k1.scalar.CompressedScalar	A compressed scalar, in canonical form.
std.crypto.ecc.Secp256k1.scalar.field_order	The scalar field order.
std.crypto.ecc.Secp256k1.scalar.rejectNonCanonical	Reject a scalar whose encoding is not canonical.
std.crypto.ecc.Secp256k1.scalar.reduce48	Reduce a 48-bytes scalar to the field size.
std.crypto.ecc.Secp256k1.scalar.reduce64	Reduce a 64-bytes scalar to the field size.
std.crypto.ecc.Secp256k1.scalar.mul	Return a*b (mod L)
std.crypto.ecc.Secp256k1.scalar.mulAdd	Return a*b+c (mod L)
std.crypto.ecc.Secp256k1.scalar.add	Return a+b (mod L)
std.crypto.ecc.Secp256k1.scalar.neg	Return -s (mod L)
std.crypto.ecc.Secp256k1.scalar.sub	Return (a-b) (mod L)
std.crypto.ecc.Secp256k1.scalar.random	Return a random scalar
std.crypto.ecc.Secp256k1.scalar.Scalar	A scalar in unpacked representation.
std.crypto.ecc.Secp256k1.scalar.Scalar.zero	Zero.
std.crypto.ecc.Secp256k1.scalar.Scalar.one	One.
std.crypto.ecc.Secp256k1.scalar.Scalar.fromBytes	Unpack a serialized representation of a scalar.
std.crypto.ecc.Secp256k1.scalar.Scalar.fromBytes48	Reduce a 384 bit input to the field size.
std.crypto.ecc.Secp256k1.scalar.Scalar.fromBytes64	Reduce a 512 bit input to the field size.
std.crypto.ecc.Secp256k1.scalar.Scalar.toBytes	Pack a scalar into bytes.
std.crypto.ecc.Secp256k1.scalar.Scalar.isZero	Return true if the scalar is zero..
std.crypto.ecc.Secp256k1.scalar.Scalar.isOdd	Return true if the scalar is odd.
std.crypto.ecc.Secp256k1.scalar.Scalar.equivalent	Return true if a and b are equivalent.
std.crypto.ecc.Secp256k1.scalar.Scalar.add	Compute x+y (mod L)
std.crypto.ecc.Secp256k1.scalar.Scalar.sub	Compute x-y (mod L)
std.crypto.ecc.Secp256k1.scalar.Scalar.dbl	Compute 2n (mod L)
std.crypto.ecc.Secp256k1.scalar.Scalar.mul	Compute x*y (mod L)
std.crypto.ecc.Secp256k1.scalar.Scalar.sq	Compute x^2 (mod L)
std.crypto.ecc.Secp256k1.scalar.Scalar.pow	Compute x^n (mod L)
std.crypto.ecc.Secp256k1.scalar.Scalar.neg	Compute -x (mod L)
std.crypto.ecc.Secp256k1.scalar.Scalar.invert	Compute x^-1 (mod L)
std.crypto.ecc.Secp256k1.scalar.Scalar.isSquare	Return true if n is a quadratic residue mod L.
std.crypto.ecc.Secp256k1.scalar.Scalar.sqrt	Return the square root of L, or NotSquare if there isn't any solutions.
std.crypto.ecc.Secp256k1.scalar.Scalar.random	Return a random scalar < L.
std.crypto.ecc.Secp256k1.basePoint	The secp256k1 base point.
std.crypto.ecc.Secp256k1.identityElement	The secp256k1 neutral element.
std.crypto.ecc.Secp256k1.Endormorphism.splitScalar	Compute r1 and r2 so that k = r1 + r2*lambda (mod L).
std.crypto.ecc.Secp256k1.rejectIdentity	Reject the neutral element.
std.crypto.ecc.Secp256k1.fromAffineCoordinates	Create a point from affine coordinates after checking that they match the curve equation.
std.crypto.ecc.Secp256k1.fromSerializedAffineCoordinates	Create a point from serialized affine coordinates.
std.crypto.ecc.Secp256k1.recoverY	Recover the Y coordinate from the X coordinate.
std.crypto.ecc.Secp256k1.fromSec1	Deserialize a SEC1-encoded point.
std.crypto.ecc.Secp256k1.toCompressedSec1	Serialize a point using the compressed SEC-1 format.
std.crypto.ecc.Secp256k1.toUncompressedSec1	Serialize a point using the uncompressed SEC-1 format.
std.crypto.ecc.Secp256k1.random	Return a random point.
std.crypto.ecc.Secp256k1.neg	Flip the sign of the X coordinate.
std.crypto.ecc.Secp256k1.dbl	Double a secp256k1 point.
std.crypto.ecc.Secp256k1.addMixed	Add secp256k1 points, the second being specified using affine coordinates.
std.crypto.ecc.Secp256k1.add	Add secp256k1 points.
std.crypto.ecc.Secp256k1.sub	Subtract secp256k1 points.
std.crypto.ecc.Secp256k1.subMixed	Subtract secp256k1 points, the second being specified using affine coordinates.
std.crypto.ecc.Secp256k1.affineCoordinates	Return affine coordinates.
std.crypto.ecc.Secp256k1.equivalent	Return true if both coordinate sets represent the same point.
std.crypto.ecc.Secp256k1.mul	Multiply an elliptic curve point by a scalar. Return error.IdentityElement if the result is the identity element.
std.crypto.ecc.Secp256k1.mulPublic	Multiply an elliptic curve point by a *PUBLIC* scalar *IN VARIABLE TIME* This can be used for signature verification.
std.crypto.ecc.Secp256k1.mulDoubleBasePublic	Double-base multiplication of public parameters - Compute (p1*s1)+(p2*s2) *IN VARIABLE TIME* This can be used for signature verification.
std.crypto.hash	Hash functions.
std.crypto.hash.Blake3.init	Construct a new `Blake3` for the hash function, with an optional key
std.crypto.hash.Blake3.initKdf	Construct a new `Blake3` for the key derivation function. The context string should be hardcoded, globally unique, and application-specific.
std.crypto.hash.Blake3.update	Add input to the hash state. This can be called any number of times.
std.crypto.hash.Blake3.final	Finalize the hash and write any number of output bytes.
std.crypto.hash.Blake3.finalizeSeek	Finalize the hash and write any number of output bytes, starting at a given seek position. This is an XOF (extendable-output function) extension.
std.crypto.hash.sha2.Sha256T192	SHA-256 truncated to leftmost 192 bits.
std.crypto.hash.sha2.Sha512T224	SHA-512 truncated to leftmost 224 bits.
std.crypto.hash.sha2.Sha512T256	SHA-512 truncated to leftmost 256 bits.
std.crypto.hash.sha2.Sha512_224	SHA-512 with a different initialization vector truncated to leftmost 224 bits.
std.crypto.hash.sha2.Sha512_256	SHA-512 with a different initialization vector truncated to leftmost 256 bits.
std.crypto.hash.sha3.TurboShake128	TurboSHAKE128 is a XOF (a secure hash function with a variable output length), with a 128 bit security level. It is based on the same permutation as SHA3 and SHAKE128, but which much higher performance. The delimiter is 0x1f by default, but can be changed for context-separation. For a protocol that uses both KangarooTwelve and TurboSHAKE128, it is recommended to avoid using 0x06, 0x07 or 0x0b for the delimiter.
std.crypto.hash.sha3.TurboShake256	TurboSHAKE256 is a XOF (a secure hash function with a variable output length), with a 256 bit security level. It is based on the same permutation as SHA3 and SHAKE256, but which much higher performance. The delimiter is 0x1f by default, but can be changed for context-separation.
std.crypto.hash.sha3.Keccak	A generic Keccak hash function.
std.crypto.hash.sha3.Shake	The SHAKE extendable output hash function.
std.crypto.hash.sha3.TurboShake	The TurboSHAKE extendable output hash function. It is based on the same permutation as SHA3 and SHAKE, but which much higher performance. The delimiter is 0x1f by default, but can be changed for context-separation. https://eprint.iacr.org/2023/342
std.crypto.hash.sha3.CShake	The cSHAKE extendable output hash function. cSHAKE is similar to SHAKE, but in addition to the input message, it also takes an optional context (aka customization string).
std.crypto.hash.sha3.KMac	The KMAC extendable output authentication function. KMAC is a keyed version of the cSHAKE function, with an optional context. It can be used as an SHA-3 based alternative to HMAC, as well as a generic keyed XoF (extendable output function).
std.crypto.hash.sha3.TupleHash	The TupleHash extendable output hash function, with domain-separated inputs. TupleHash is a secure hash function with a variable output length, based on the cSHAKE function. It is designed for unambiguously hashing tuples of data. With most hash functions, calling `update("A")` followed by `update("B")`is identical to `update("AB")`. With TupleHash, this is not the case: `update("A"); update("B")` is different from `update("AB")`. Any number of inputs can be hashed, and the output depends on individual inputs and their order.
std.crypto.hash.sha3.NistLengthEncoding	The NIST SP 800-185 encoded length format.
std.crypto.hash.sha3.NistLengthEncoding.Length	A length encoded according to NIST SP 800-185.
std.crypto.hash.sha3.NistLengthEncoding.Length.slice	Return the encoded length as a slice.
std.crypto.hash.sha3.NistLengthEncoding.encode	Encode a length according to NIST SP 800-185.
std.crypto.hash.composition.Composition	The composition of two hash functions: H1 o H2, with the same API as regular hash functions. The security level of a hash cascade doesn't exceed the security level of the weakest function. However, Merkle–Damgård constructions such as SHA-256 are vulnerable to length-extension attacks, where under some conditions, `H(x||e)` can be efficiently computed without knowing `x`. The composition of two hash functions is a common defense against such attacks. This is not necessary with modern hash functions, such as SHA-3, BLAKE2 and BLAKE3.
std.crypto.hash.composition.Sha256oSha256	SHA-256(SHA-256())
std.crypto.hash.composition.Sha384oSha384	SHA-384(SHA-384())
std.crypto.hash.composition.Sha512oSha512	SHA-512(SHA-512())
std.crypto.kdf	Key derivation functions.
std.crypto.kdf.hkdf.HkdfSha256	HKDF-SHA256
std.crypto.kdf.hkdf.HkdfSha512	HKDF-SHA512
std.crypto.kdf.hkdf.Hkdf	The Hkdf construction takes some source of initial keying material and derives one or more uniform keys from it.
std.crypto.onetimeauth	MAC functions requiring single-use secret keys.
std.crypto.onetimeauth.Poly1305.pad	Zero-pad to align the next input to the first byte of a block
std.crypto.pwhash	A password hashing function derives a uniform key from low-entropy input material such as passwords. It is intentionally slow or expensive. With the standard definition of a key derivation function, if a key space is small, an exhaustive search may be practical. Password hashing functions make exhaustive searches way slower or way more expensive, even when implemented on GPUs and ASICs, by using different, optionally combined strategies: - Requiring a lot of computation cycles to complete - Requiring a lot of memory to complete - Requiring multiple CPU cores to complete - Requiring cache-local data to complete in reasonable time - Requiring large static tables - Avoiding precomputations and time/memory tradeoffs - Requiring multi-party computations - Combining the input material with random per-entry data (salts), application-specific contexts and keys Password hashing functions must be used whenever sensitive data has to be directly derived from a password.
std.crypto.pwhash.argon2.Mode	Argon2 type
std.crypto.pwhash.argon2.Params	Argon2 parameters
std.crypto.pwhash.argon2.Params.interactive_2i	Baseline parameters for interactive logins using argon2i type
std.crypto.pwhash.argon2.Params.moderate_2i	Baseline parameters for normal usage using argon2i type
std.crypto.pwhash.argon2.Params.sensitive_2i	Baseline parameters for offline usage using argon2i type
std.crypto.pwhash.argon2.Params.interactive_2id	Baseline parameters for interactive logins using argon2id type
std.crypto.pwhash.argon2.Params.moderate_2id	Baseline parameters for normal usage using argon2id type
std.crypto.pwhash.argon2.Params.sensitive_2id	Baseline parameters for offline usage using argon2id type
std.crypto.pwhash.argon2.Params.owasp_2id	Recommended parameters for argon2id type according to the [OWASP cheat sheet](https://cheatsheetseries.owasp.org/cheatsheets/Password_Storage_Cheat_Sheet.html).
std.crypto.pwhash.argon2.Params.fromLimits	Create parameters from ops and mem limits, where mem_limit given in bytes
std.crypto.pwhash.argon2.kdf	Derives a key from the password, salt, and argon2 parameters. Derived key has to be at least 4 bytes length. Salt has to be at least 8 bytes length.
std.crypto.pwhash.argon2.HashOptions	Options for hashing a password. Allocator is required for argon2. Only phc encoding is supported.
std.crypto.pwhash.argon2.strHash	Compute a hash of a password using the argon2 key derivation function. The function returns a string that includes all the parameters required for verification.
std.crypto.pwhash.argon2.VerifyOptions	Options for hash verification. Allocator is required for argon2.
std.crypto.pwhash.argon2.strVerify	Verify that a previously computed hash is valid for a given password.
std.crypto.pwhash.bcrypt.hash_length	Length (in bytes) of a password hash in crypt encoding
std.crypto.pwhash.bcrypt.Params	bcrypt parameters
std.crypto.pwhash.bcrypt.Params.owasp	Minimum recommended parameters according to the [OWASP cheat sheet](https://cheatsheetseries.owasp.org/cheatsheets/Password_Storage_Cheat_Sheet.html).
std.crypto.pwhash.bcrypt.bcrypt	Compute a hash of a password using 2^rounds_log rounds of the bcrypt key stretching function. bcrypt is a computationally expensive and cache-hard function, explicitly designed to slow down exhaustive searches. The function returns the hash as a `dk_length` byte array, that doesn't include anything besides the hash output. This function was designed for password storage, not for key derivation. For key derivation, use `bcrypt.pbkdf()` or `bcrypt.opensshKdf()` instead.
std.crypto.pwhash.bcrypt.pbkdf	bcrypt-pbkdf is a key derivation function based on bcrypt. Unlike the password hashing function `bcrypt`, this function doesn't silently truncate passwords longer than 72 bytes.
std.crypto.pwhash.bcrypt.opensshKdf	The function used in OpenSSH to derive encryption keys from passphrases. This implementation is compatible with the OpenBSD implementation (https://github.com/openbsd/src/blob/master/lib/libutil/bcrypt_pbkdf.c).
std.crypto.pwhash.bcrypt.HashOptions	Options for hashing a password.
std.crypto.pwhash.bcrypt.strHash	Compute a hash of a password using 2^rounds_log rounds of the bcrypt key stretching function. bcrypt is a computationally expensive and cache-hard function, explicitly designed to slow down exhaustive searches. The function returns a string that includes all the parameters required for verification. By design, bcrypt silently truncates passwords to 72 bytes. If this is an issue for your application, set the `silently_truncate_password` option to `false`.
std.crypto.pwhash.bcrypt.strHashWithSalt	Compute a deterministic hash of a password using the bcrypt key derivation function. The function returns a string that includes all the parameters required for verification. Uses the provided salt instead of generating one randomly.
std.crypto.pwhash.bcrypt.VerifyOptions	Options for hash verification.
std.crypto.pwhash.bcrypt.strVerify	Verify that a previously computed hash is valid for a given password.
std.crypto.pwhash.scrypt.Params	Scrypt parameters
std.crypto.pwhash.scrypt.Params.interactive	Baseline parameters for interactive logins
std.crypto.pwhash.scrypt.Params.sensitive	Baseline parameters for offline usage
std.crypto.pwhash.scrypt.Params.owasp	Recommended parameters according to the [OWASP cheat sheet](https://cheatsheetseries.owasp.org/cheatsheets/Password_Storage_Cheat_Sheet.html).
std.crypto.pwhash.scrypt.Params.fromLimits	Create parameters from ops and mem limits, where mem_limit given in bytes
std.crypto.pwhash.scrypt.kdf	Apply scrypt to generate a key from a password. scrypt is defined in RFC 7914. allocator: mem.Allocator. derived_key: Slice of appropriate size for generated key. Generally 16 or 32 bytes in length. May be uninitialized. All bytes will be overwritten. Maximum size is `derived_key.len / 32 == 0xffff_ffff`. password: Arbitrary sequence of bytes of any length. salt: Arbitrary sequence of bytes of any length. params: Params.
std.crypto.pwhash.scrypt.HashOptions	Options for hashing a password. Allocator is required for scrypt.
std.crypto.pwhash.scrypt.strHash	Compute a hash of a password using the scrypt key derivation function. The function returns a string that includes all the parameters required for verification.
std.crypto.pwhash.scrypt.strHashWithSalt	Compute a deterministic hash of a password using the scrypt key derivation function. The function returns a string that includes all the parameters required for verification. Uses the provided salt instead of generating one randomly.
std.crypto.pwhash.scrypt.VerifyOptions	Options for hash verification. Allocator is required for scrypt.
std.crypto.pwhash.scrypt.strVerify	Verify that a previously computed hash is valid for a given password.
std.crypto.pwhash.phc_format.BinValue	A wrapped binary value whose maximum size is `max_len`. This type must be used whenever a binary value is encoded in a PHC-formatted string. This includes `salt`, `hash`, and any other binary parameters such as keys. Once initialized, the actual value can be read with the `constSlice()` function.
std.crypto.pwhash.phc_format.deserialize	Deserialize a PHC-formatted string into a structure `HashResult`. Required field in the `HashResult` structure: - `alg_id`: algorithm identifier Optional, special fields: - `alg_version`: algorithm version (unsigned integer) - `salt`: salt - `hash`: output of the hash function Other fields will also be deserialized from the function parameters section.
std.crypto.pwhash.phc_format.serialize	Serialize parameters into a PHC string. Required field for `params`: - `alg_id`: algorithm identifier Optional, special fields: - `alg_version`: algorithm version (unsigned integer) - `salt`: salt - `hash`: output of the hash function `params` can also include any additional parameters.
std.crypto.pwhash.phc_format.calcSize	Compute the number of bytes required to serialize `params`
std.crypto.sign	Digital signature functions.
std.crypto.sign.Ed25519.Curve	The underlying elliptic curve.
std.crypto.sign.Ed25519.noise_length	Length (in bytes) of optional random bytes, for non-deterministic signatures.
std.crypto.sign.Ed25519.SecretKey	An Ed25519 secret key.
std.crypto.sign.Ed25519.SecretKey.encoded_length	Length (in bytes) of a raw secret key.
std.crypto.sign.Ed25519.SecretKey.seed	Return the seed used to generate this secret key.
std.crypto.sign.Ed25519.SecretKey.publicKeyBytes	Return the raw public key bytes corresponding to this secret key.
std.crypto.sign.Ed25519.SecretKey.fromBytes	Create a secret key from raw bytes.
std.crypto.sign.Ed25519.SecretKey.toBytes	Return the secret key as raw bytes.
std.crypto.sign.Ed25519.Signer	A Signer is used to incrementally compute a signature. It can be obtained from a `KeyPair`, using the `signer()` function.
std.crypto.sign.Ed25519.Signer.update	Add new data to the message being signed.
std.crypto.sign.Ed25519.Signer.finalize	Compute a signature over the entire message.
std.crypto.sign.Ed25519.PublicKey	An Ed25519 public key.
std.crypto.sign.Ed25519.PublicKey.encoded_length	Length (in bytes) of a raw public key.
std.crypto.sign.Ed25519.PublicKey.fromBytes	Create a public key from raw bytes.
std.crypto.sign.Ed25519.PublicKey.toBytes	Convert a public key to raw bytes.
std.crypto.sign.Ed25519.Verifier	A Verifier is used to incrementally verify a signature. It can be obtained from a `Signature`, using the `verifier()` function.
std.crypto.sign.Ed25519.Verifier.update	Add new content to the message to be verified.
std.crypto.sign.Ed25519.Verifier.verify	Verify that the signature is valid for the entire message. This function uses cofactored verification for broad interoperability. It aligns single-signature verification with common batch verification approaches. Return IdentityElement or NonCanonical if the public key or signature are not in the expected range, or SignatureVerificationError if the signature is invalid for the given message and key.
std.crypto.sign.Ed25519.Verifier.verifyStrict	Verify that the signature is valid for the entire message using cofactorless verification. This function performs strict verification without cofactor multiplication, checking the exact equation: [s]B = R + [H(R,A,m)]A This is more restrictive than the cofactored `verify()` method and may reject specially crafted signatures that would be accepted by cofactored verification. But it will never reject valid signatures created using the `sign()` method. Return IdentityElement or NonCanonical if the public key or signature are not in the expected range, or SignatureVerificationError if the signature is invalid for the given message and key.
std.crypto.sign.Ed25519.Signature	An Ed25519 signature.
std.crypto.sign.Ed25519.Signature.encoded_length	Length (in bytes) of a raw signature.
std.crypto.sign.Ed25519.Signature.toBytes	Return the raw signature (r, s) in little-endian format.
std.crypto.sign.Ed25519.Signature.fromBytes	Create a signature from a raw encoding of (r, s). EdDSA always assumes little-endian.
std.crypto.sign.Ed25519.Signature.verifier	Create a Verifier for incremental verification of a signature.
std.crypto.sign.Ed25519.Signature.verify	Verify the signature against a message and public key. This function uses cofactored verification for broad interoperability. It aligns single-signature verification with common batch verification approaches. Return IdentityElement or NonCanonical if the public key or signature are not in the expected range, or SignatureVerificationError if the signature is invalid for the given message and key.
std.crypto.sign.Ed25519.Signature.verifyStrict	Verify the signature against a message and public key using cofactorless verification. This performs strict verification without cofactor multiplication, checking the exact equation: [s]B = R + [H(R,A,m)]A This is more restrictive than the standard `verify()` method and may reject specially crafted signatures that would be accepted by cofactored verification. But it will never reject valid signatures created using the `sign()` method. Return IdentityElement or NonCanonical if the public key or signature are not in the expected range, or SignatureVerificationError if the signature is invalid for the given message and key.
std.crypto.sign.Ed25519.KeyPair	An Ed25519 key pair.
std.crypto.sign.Ed25519.KeyPair.seed_length	Length (in bytes) of a seed required to create a key pair.
std.crypto.sign.Ed25519.KeyPair.generateDeterministic	Deterministically derive a key pair from a cryptograpically secure secret seed. To create a new key, applications should generally call `generate()` instead of this function. As in RFC 8032, an Ed25519 public key is generated by hashing the secret key using the SHA-512 function, and interpreting the bit-swapped, clamped lower-half of the output as the secret scalar. For this reason, an EdDSA secret key is commonly called a seed, from which the actual secret is derived.
std.crypto.sign.Ed25519.KeyPair.generate	Generate a new, random key pair.
std.crypto.sign.Ed25519.KeyPair.fromSecretKey	Create a key pair from an existing secret key. Note that with EdDSA, storing the seed, and recovering the key pair from it is recommended over storing the entire secret key. The seed of an exiting key pair can be obtained with `key_pair.secret_key.seed()`, and the secret key can then be recomputed using `SecretKey.generateDeterministic()`.
std.crypto.sign.Ed25519.KeyPair.sign	Sign a message using the key pair. The noise can be null in order to create deterministic signatures. If deterministic signatures are not required, the noise should be randomly generated instead. This helps defend against fault attacks.
std.crypto.sign.Ed25519.KeyPair.signerWithBaseNonce	Create a signer that can be used for incremental signing, using a custom base nonce. `base_nonce` must be unique for each signed message; otherwise, the secret key can be trivially recovered by an attacker. It can be generated using a cryptographically secure random number generator.
std.crypto.sign.Ed25519.KeyPair.signer	Create a Signer, that can be used for incremental signing. Note that the signature is not deterministic.
std.crypto.sign.Ed25519.BatchElement	A (signature, message, public_key) tuple for batch verification
std.crypto.sign.Ed25519.verifyBatch	Verify several signatures in a single operation, much faster than verifying signatures one-by-one
std.crypto.sign.Ed25519.key_blinding	Ed25519 signatures with key blinding.
std.crypto.sign.Ed25519.key_blinding.blind_seed_length	Length (in bytes) of a blinding seed.
std.crypto.sign.Ed25519.key_blinding.BlindSecretKey	A blind secret key.
std.crypto.sign.Ed25519.key_blinding.BlindPublicKey	A blind public key.
std.crypto.sign.Ed25519.key_blinding.BlindPublicKey.unblind	Recover a public key from a blind version of it.
std.crypto.sign.Ed25519.key_blinding.BlindKeyPair	A blind key pair.
std.crypto.sign.Ed25519.key_blinding.BlindKeyPair.init	Create an blind key pair from an existing key pair, a blinding seed and a context.
std.crypto.sign.Ed25519.key_blinding.BlindKeyPair.sign	Sign a message using a blind key pair, and optional random noise. Having noise creates non-standard, non-deterministic signatures, but has been proven to increase resilience against fault attacks.
std.crypto.sign.ecdsa.EcdsaP256Sha256	ECDSA over P-256 with SHA-256.
std.crypto.sign.ecdsa.EcdsaP256Sha3_256	ECDSA over P-256 with SHA3-256.
std.crypto.sign.ecdsa.EcdsaP384Sha384	ECDSA over P-384 with SHA-384.
std.crypto.sign.ecdsa.EcdsaP384Sha3_384	ECDSA over P-384 with SHA3-384.
std.crypto.sign.ecdsa.EcdsaSecp256k1Sha256	ECDSA over Secp256k1 with SHA-256.
std.crypto.sign.ecdsa.EcdsaSecp256k1Sha256oSha256	ECDSA over Secp256k1 with SHA-256(SHA-256()) -- The Bitcoin signature system.
std.crypto.sign.ecdsa.Ecdsa	Elliptic Curve Digital Signature Algorithm (ECDSA).
std.crypto.sign.mldsa.MLDSA44	ML-DSA-44 (Module-Lattice-Based Digital Signature Algorithm, 44 parameter set) as specified in NIST FIPS 204. This is a post-quantum signature scheme providing NIST security category 2, which is roughly equivalent to the security of SHA-256 or AES-128. Key sizes: - Public key: 1312 bytes - Secret key: 2560 bytes - Signature: 2420 bytes Example usage: ```zig const kp = MLDSA44.KeyPair.generate(); const msg = "Hello, post-quantum world!"; const sig = try kp.sign(msg, null); try sig.verify(msg, kp.public_key); ```
std.crypto.sign.mldsa.MLDSA65	ML-DSA-65 (Module-Lattice-Based Digital Signature Algorithm, 65 parameter set) as specified in NIST FIPS 204. This is a post-quantum signature scheme providing NIST security category 3, which is roughly equivalent to the security of SHA-384 or AES-192. Key sizes: - Public key: 1952 bytes - Secret key: 4032 bytes - Signature: 3309 bytes This parameter set offers higher security than ML-DSA-44 at the cost of larger keys and signatures.
std.crypto.sign.mldsa.MLDSA87	ML-DSA-87 (Module-Lattice-Based Digital Signature Algorithm, 87 parameter set) as specified in NIST FIPS 204. This is a post-quantum signature scheme providing NIST security category 5, which is roughly equivalent to the security of SHA-512 or AES-256. Key sizes: - Public key: 2592 bytes - Secret key: 4896 bytes - Signature: 4627 bytes This parameter set offers the highest security level among the three ML-DSA variants, suitable for applications requiring maximum security assurance.
std.crypto.stream	Stream ciphers. These do not provide any kind of authentication. Most applications should be using AEAD constructions instead of stream ciphers directly.
std.crypto.ff	Finite-field arithmetic.
std.crypto.ff.OverflowError	Value is too large for the destination.
std.crypto.ff.InvalidModulusError	Invalid modulus. Modulus must be odd.
std.crypto.ff.NullExponentError	Exponentiation with a null exponent. Exponentiation in cryptographic protocols is almost always a sign of a bug which can lead to trivial attacks. Therefore, this module returns an error when a null exponent is encountered, encouraging applications to handle this case explicitly.
std.crypto.ff.FieldElementError	Invalid field element for the given modulus.
std.crypto.ff.RepresentationError	Invalid representation (Montgomery vs non-Montgomery domain.)
std.crypto.ff.Error	The set of all possible errors `std.crypto.ff` functions can return.
std.crypto.ff.Uint	An unsigned big integer with a fixed maximum size (`max_bits`), suitable for cryptographic operations. Unless side-channels mitigations are explicitly disabled, operations are designed to be constant-time.
std.crypto.ff.Modulus	A modulus, defining a finite field. All operations within the field are performed modulo this modulus, without heap allocations. `max_bits` represents the number of bits in the maximum value the modulus can be set to.
std.crypto.codecs	Encoding and decoding
std.crypto.codecs.asn1.der.Decoder.any	Expect a value.
std.crypto.codecs.asn1.der.Decoder.view	View of element bytes.
std.crypto.codecs.asn1.der.Encoder.any	Encode any value.
std.crypto.codecs.asn1.der.Encoder.tag	Encode a tag.
std.crypto.codecs.asn1.der.Encoder.length	Encode a length.
std.crypto.codecs.asn1.der.Encoder.tagBytes	Encode a tag and length-prefixed bytes.
std.crypto.codecs.asn1.der.Encoder.writer	Warning: This writer writes backwards. `fn print` will NOT work as expected.
std.crypto.codecs.asn1.der.encode	Caller owns returned memory.
std.crypto.codecs.asn1.Oid.StaticMap	Maps of: - Oid -> enum - Enum -> oid
std.crypto.codecs.asn1.Tag.Number	These values apply to class == .universal.
std.crypto.codecs.asn1.Element	A decoded view.
std.crypto.codecs.asn1.Element.decode	Safely decode a DER/BER/CER element at `index`: - Ensures length uses shortest form - Ensures length is within `bytes` - Ensures length is less than `std.math.maxInt(Index)`
std.crypto.codecs.asn1.ExpectedTag	For decoding.
std.crypto.codecs.asn1.Any	Use sparingly.
std.crypto.codecs.base64.Variant	The base64 variant to use.
std.crypto.codecs.base64.Variant.standard	The standard base64 variant.
std.crypto.codecs.base64.Variant.urlsafe	The URL-safe base64 variant.
std.crypto.codecs.base64.Variant.standard_nopad	The standard base64 variant without padding.
std.crypto.codecs.base64.Variant.urlsafe_nopad	The URL-safe base64 variant without padding.
std.crypto.codecs.base64.encodedLen	Returns the length of the encoded base64 string for a given length.
std.crypto.codecs.base64.decodedLen	Returns the maximum possible decoded size for a given input length - The actual length may be less if the input includes padding. `InvalidPadding` is returned if the input length is not valid.
std.crypto.codecs.base64.encode	Encodes a binary buffer into a base64 string. The output buffer must be at least `encodedLen(bin.len)` bytes long.
std.crypto.codecs.base64.decode	Decodes a base64 string into a binary buffer. The output buffer must be at least `decodedLenUpperBound(encoded.len)` bytes long.
std.crypto.codecs.base64.DecoderWithIgnore.decode	Decodes a base64 string into a binary buffer. The output buffer must be at least `decodedLenUpperBound(encoded.len)` bytes long.
std.crypto.codecs.base64.DecoderWithIgnore.decodedLenForSlice	Returns the decoded length of a base64 string, ignoring any characters in the ignore list. This operation does not run in constant time, but it aims to avoid leaking information about the underlying base64 string.
std.crypto.codecs.base64.DecoderWithIgnore.decodedLenUpperBound	Returns the maximum possible decoded size for a given input length after skipping ignored characters.
std.crypto.codecs.base64.decoderWithIgnore	Creates a new decoder that ignores certain characters.
std.crypto.codecs.hex.encode	Encodes a binary buffer into a hexadecimal string. The output buffer must be twice the size of the input buffer.
std.crypto.codecs.hex.decode	Decodes a hexadecimal string into a binary buffer. The output buffer must be half the size of the input buffer.
std.crypto.codecs.hex.DecoderWithIgnore	A decoder that ignores certain characters. The decoder will skip any characters that are in the ignore list.
std.crypto.codecs.hex.DecoderWithIgnore.decode	Decodes a hexadecimal string into a binary buffer. The output buffer must be half the size of the input buffer.
std.crypto.codecs.hex.DecoderWithIgnore.decodedLenForSlice	Returns the decoded length of a hexadecimal string, ignoring any characters in the ignore list. This operation does not run in constant time, but it aims to avoid leaking information about the underlying hexadecimal string.
std.crypto.codecs.hex.DecoderWithIgnore.decodedLenUpperBound	Returns the maximum possible decoded size for a given input length after skipping ignored characters.
std.crypto.codecs.hex.decoderWithIgnore	Creates a new decoder that ignores certain characters. The decoder will skip any characters that are in the ignore list. The ignore list must not contain any valid hexadecimal characters.
std.crypto.errors.AuthenticationError	MAC verification failed - The tag doesn't verify for the given ciphertext and secret key
std.crypto.errors.OutputTooLongError	The requested output length is too long for the chosen algorithm
std.crypto.errors.IdentityElementError	Finite field operation returned the identity element
std.crypto.errors.EncodingError	Encoded input cannot be decoded
std.crypto.errors.SignatureVerificationError	The signature doesn't verify for the given message and public key
std.crypto.errors.KeyMismatchError	Both a public and secret key have been provided, but they are incompatible
std.crypto.errors.NonCanonicalError	Encoded input is not in canonical form
std.crypto.errors.NotSquareError	Square root has no solutions
std.crypto.errors.PasswordVerificationError	Verification string doesn't match the provided password and parameters
std.crypto.errors.WeakParametersError	Parameters would be insecure to use
std.crypto.errors.WeakPublicKeyError	Public key would be insecure to use
std.crypto.errors.UnexpectedSubgroupError	Point is not in the prime order group
std.crypto.errors.ContextTooLongError	Context string is too long
std.crypto.errors.Error	Any error related to cryptography operations
std.crypto.tls.Client.min_buffer_len	The `Reader` supplied to `init` requires a buffer capacity at least this amount.
std.crypto.tls.Client.init	Initiates a TLS handshake and establishes a TLSv1.2 or TLSv1.3 session. `host` is only borrowed during this function call. `input` is asserted to have buffer capacity at least `min_buffer_len`.
std.crypto.tls.Client.end	Sends a `close_notify` alert, which is necessary for the server to distinguish between a properly finished TLS session, or a truncation attack.
std.crypto.tls.ApplicationCipher	Encryption parameters for application traffic.
std.crypto.tls.Decoder	An abstraction to ensure that protocol-parsing code does not perform an out-of-bounds read.
std.crypto.tls.Decoder.readAtLeast	Use this function to increase `their_end`.
std.crypto.tls.Decoder.readAtLeastOurAmt	Same as `readAtLeast` but also increases `our_end` by exactly `our_amt`. Use when `our_amt` is calculated by us, not by them.
std.crypto.tls.Decoder.ensure	Use this function to increase `our_end`. This should always be called with an amount provided by us, not them.
std.crypto.tls.Decoder.decode	Use this function to increase `idx`.
std.crypto.tls.Decoder.array	Use this function to increase `idx`.
std.crypto.tls.Decoder.slice	Use this function to increase `idx`.
std.crypto.tls.Decoder.skip	Use this function to increase `idx`.
std.crypto.tls.Decoder.sub	Provide the length they claim, and receive a sub-decoder specific to that slice. The parent decoder is advanced to the end.
std.crypto.Certificate.Bundle.find	The returned bytes become invalid after calling any of the rescan functions or add functions.
std.crypto.Certificate.Bundle.rescan	Clears the set of certificates and then scans the host operating system file system standard locations for certificates. For operating systems that do not have standard CA installations to be found, this function clears the set of certificates.
std.crypto.Certificate.Parsed.verify	This function verifies: * That the subject's issuer is indeed the provided issuer. * The time validity of the subject. * The signature.
std.crypto.Certificate.parseTime	Returns number of seconds since epoch.
std.crypto.Certificate.rsa.PSSSignature	RFC 3447 8.1 RSASSA-PSS
std.crypto.Certificate.rsa.PKCS1v1_5Signature	RFC 3447 8.2 RSASSA-PKCS1-v1_5
std.crypto.SideChannelsMitigations	Side-channels mitigations.
std.crypto.secureZero	Sets a slice to zeroes. Prevents the store from being optimized out.
std.debug.Dwarf.expression.Context	Expressions can be evaluated in different contexts, each requiring its own set of inputs. Callers should specify all the fields relevant to their context. If a field is required by the expression and it isn't in the context, error.IncompleteExpressionContext is returned.
std.debug.Dwarf.expression.StackMachine	A stack machine that can decode and run DWARF expressions. Expressions can be decoded for non-native address size and endianness, but can only be executed if the current target matches the configuration.
std.debug.Dwarf.Unwind.VirtualMachine.RegisterRule	See section 6.4.1 of the DWARF5 specification for details on each
std.debug.Dwarf.Unwind.VirtualMachine.Row	Each row contains unwinding rules for a set of registers.
std.debug.Dwarf.Unwind.VirtualMachine.rowColumns	Return a slice backed by the row's non-CFA columns
std.debug.Dwarf.Unwind.VirtualMachine.runTo	Runs the CIE instructions, then the FDE instructions. Execution halts once the row that corresponds to `pc` is known, and the row is returned.
std.debug.Dwarf.Unwind.initEhFrameHdr	Initialize with unwind information from a header loaded from an `.eh_frame_hdr` section, and a pointer to the contents of the `.eh_frame` section. `.eh_frame_hdr` may embed a binary search table of FDEs. If it does, we will use that table for PC lookups rather than spending time constructing our own search table.
std.debug.Dwarf.Unwind.initSection	Initialize with unwind information from the contents of a `.debug_frame` or `.eh_frame` section. If the `.eh_frame_hdr` section is available, consider instead using `initEhFrameHdr`, which allows the implementation to use a search table embedded in that section if it is available.
std.debug.Dwarf.Unwind.EhFrameHeader	Decoded version of the `.eh_frame_hdr` section.
std.debug.Dwarf.Unwind.prepare	Builds the CIE list and FDE lookup table if they are not already built. It is required to call this function at least once before calling `lookupPc` or `getFde`. If only `getFde` is needed, then `need_lookup` can be set to `false` to make this function more efficient.
std.debug.Dwarf.Unwind.lookupPc	Given a program counter value, returns the offset of the corresponding FDE, or `null` if no matching FDE was found. The returned offset can be passed to `getFde` to load the data associated with the FDE. Before calling this function, `prepare` must return successfully at least once, to ensure that `unwind.lookup` is populated. The return value may be a false positive. After loading the FDE with `loadFde`, the caller must validate that `pc` is indeed in its range -- if it is not, then no FDE matches `pc`.
std.debug.Dwarf.Unwind.getFde	Get the FDE at a given offset, as well as its associated CIE. This offset typically comes from `lookupPc`. The CFI instructions within can be evaluated with `VirtualMachine`.
std.debug.Dwarf.SelfUnwinder.computeRules	Compute the rule set for the address `unwinder.pc` from the information in `unwind`. The caller may store the returned rule set in a simple fixed-size cache keyed on the `pc` field to avoid frequently recomputing register rules when unwinding many times. To actually apply the computed rules, see `next`.
std.debug.Dwarf.SelfUnwinder.next	Applies the register rules given in `cache_entry` to the current state of `unwinder`. The caller is responsible for ensuring that `cache_entry` contains the correct rule set for `unwinder.pc`. `unwinder.cpu_state` and `unwinder.pc` are updated to refer to the next frame, and this frame's return address is returned as a `usize`.
std.debug.Dwarf.open	Initialize DWARF info. The caller has the responsibility to initialize most the `Dwarf` fields before calling. `binary_mem` is the raw bytes of the main binary file (not the secondary debug info file).
std.debug.Dwarf.findCompileUnit	TODO: change this to binary searching the sorted compile unit list
std.debug.Dwarf.compactUnwindToDwarfRegNumber	Returns the DWARF register number for an x86_64 register number found in compact unwind info
std.debug.Dwarf.ipRegNum	Returns `null` for CPU architectures without an instruction pointer register.
std.debug.Dwarf.supportsUnwinding	Tells whether unwinding for this target is supported by the Dwarf standard. See also `std.debug.SelfInfo.can_unwind` which tells whether the Zig standard library has a working implementation of unwinding for the current target.
std.debug.Dwarf.bad	This function is to make it handy to comment out the return and make it into a crash when working on this file.
std.debug.Pdb.BinaryAnnotation.RangeIterator	A virtual machine that processed binary annotations.
std.debug.Pdb.getInlineeSourceLines	Returns all `InlineeSourceLine`s for a given module with the given inlinee. Ideally there would only be one entry per inlinee, but LLVM appears to assign all functions that share a name the same inlinee ID. This appears to be a bug, so the best the caller can do right now is print all the results.
std.debug.Info.resolveAddresses	Given an array of virtual memory addresses, sorted ascending, outputs a corresponding array of source locations.
std.debug.cpu_context.Native	Register state for the native architecture, used by `std.debug` for stack unwinding. `noreturn` if there is no implementation for the native architecture. This can be overriden by exposing a declaration `root.debug.CpuContext`.
std.debug.SelfInfo	This type abstracts the target-specific implementation of accessing this process' own debug information behind a generic interface which supports looking up source locations associated with addresses, as well as unwinding the stack where a safe mechanism to do so exists. The Zig Standard Library provides default implementations of `SelfInfo` for common targets, but the implementation can be overriden by exposing `root.debug.SelfInfo`. Setting `SelfInfo` to `void` indicates that the `SelfInfo` API is not supported. This type must expose the following declarations: ``` pub const init: SelfInfo; pub fn deinit(si: *SelfInfo, io: Io) void; /// Appends the symbols for the instruction at `address` to `symbols`. pub fn getSymbols(si: *SelfInfo, io: Io, symbol_allocator: Allocator, text_arena: Allocator, address: usize, include_inline_callers: bool, symbols: *std.ArrayList(Symbol)) SelfInfoError!void; /// Returns a name for the "module" (e.g. shared library or executable image) containing `address`. pub fn getModuleName(si: *SelfInfo, io: Io, address: usize) SelfInfoError![]const u8; pub fn getModuleSlide(si: *SelfInfo, io: Io, address: usize) SelfInfoError!usize; /// Whether a reliable stack unwinding strategy, such as DWARF unwinding, is available. pub const can_unwind: bool; /// Only required if `can_unwind == true`. pub const UnwindContext = struct { /// An address representing the instruction pointer in the last frame. pc: usize, pub fn init(ctx: *cpu_context.Native) Allocator.Error!UnwindContext; pub fn deinit(ctx: *UnwindContext) void; /// Returns the frame pointer associated with the last unwound stack frame. /// If the frame pointer is unknown, 0 may be returned instead. pub fn getFp(uc: *UnwindContext) usize; }; /// Only required if `can_unwind == true`. Unwinds a single stack frame, returning the frame's /// return address, or 0 if the end of the stack has been reached. pub fn unwindFrame(si: *SelfInfo, io: Io, context: *UnwindContext) SelfInfoError!usize; ```
std.debug.simple_panic.call	Prints the message to stderr without a newline and then traps. Explicit calls to `@panic` lower to calling this function.
std.debug.FullPanic	A fully-featured panic handler namespace which lowers all panics to calls to `panicFn`. Safety panics will use formatted printing to provide a meaningful error message. The signature of `panicFn` should match that of `defaultPanic`.
std.debug.SourceLocation	Unresolved source locations can be represented with a single `usize` that corresponds to a virtual memory address of the program counter. Combined with debug information, those values can be converted into a resolved source location, including file, line, and column.
std.debug.runtime_safety	Deprecated because it returns the optimization mode of the standard library, when the caller probably wants to use the optimization mode of their own module.
std.debug.sys_can_stack_trace	Whether we can unwind the stack on this target, allowing capturing and/or printing the current stack trace. It is still legal to call `captureCurrentStackTrace`, `writeCurrentStackTrace`, and `dumpCurrentStackTrace` if this is `false`; it will just print an error / capture an empty trace due to missing functionality. This value is just intended as a heuristic to avoid pointless work e.g. capturing always-empty stack traces.
std.debug.lockStderr	Allows the caller to freely write to stderr until `unlockStderr` is called. During the lock, any `std.Progress` information is cleared from the terminal. The lock is recursive, so it is valid for the same thread to call `lockStderr` multiple times, allowing the panic handler to safely dump the stack trace and panic message even if the mutex was held at the panic site. The returned `Writer` does not need to be manually flushed: flushing is performed automatically when the matching `unlockStderr` call occurs. This is a low-level debugging primitive that bypasses the `Io` interface, writing directly to stderr using the most basic syscalls available. This function does not switch threads, switch stacks, or suspend. Alternatively, use the higher-level `Io.lockStderr` to integrate with the application's chosen `Io` implementation.
std.debug.print	Writes to stderr, ignoring errors. This is a low-level debugging primitive that bypasses the `Io` interface, writing directly to stderr using the most basic syscalls available. This function does not switch threads, switch stacks, or suspend. Uses a 64-byte buffer for formatted printing which is flushed before this function returns. Alternatively, use the higher-level `std.log` or `Io.lockStderr` to integrate with the application's chosen `Io` implementation.
std.debug.getSelfDebugInfo	Marked `inline` to propagate a comptime-known error to callers.
std.debug.dumpHex	Tries to print a hexadecimal view of the bytes, unbuffered, and ignores any error returned. Obtains the stderr mutex while dumping.
std.debug.dumpHexFallible	Prints a hexadecimal view of the bytes, returning any error that occurs.
std.debug.CpuContextPtr	The pointer through which a `cpu_context.Native` is received from callers of stack tracing logic.
std.debug.assert	Invokes detectable illegal behavior when `ok` is `false`. In Debug and ReleaseSafe modes, calls to this function are always generated, and the `unreachable` statement triggers a panic. In ReleaseFast and ReleaseSmall modes, calls to this function are optimized away, and in fact the optimizer is able to use the assertion in its heuristics. Inside a test block, it is best to use the `testing` module rather than this function, because this function may not detect a test failure in ReleaseFast and ReleaseSmall mode. Outside of a test block, this assert function is the correct function to use.
std.debug.assertReadable	Invokes detectable illegal behavior when the provided slice is not mapped or lacks read permissions.
std.debug.assertAligned	Invokes detectable illegal behavior when the provided array is not aligned to the provided amount.
std.debug.panic	Equivalent to `@panic` but with a formatted message.
std.debug.panicExtra	Equivalent to `@panic` but with a formatted message and an explicitly provided return address which will be the first address in the stack trace.
std.debug.defaultPanic	Dumps a stack trace to standard error, then aborts.
std.debug.SkippedAddresses	Indicates how many addresses were skipped in a trace.
std.debug.captureCurrentStackTrace	Capture and return the current stack trace. The returned `StackTrace` stores its addresses in the given buffer, so `addr_buf` must have a lifetime at least equal to the `StackTrace`. See `writeCurrentStackTrace` to immediately print the trace instead of capturing it.
std.debug.writeCurrentStackTrace	Write the current stack trace to `writer`, annotated with source locations. See `captureCurrentStackTrace` to capture the trace addresses into a buffer instead of printing.
std.debug.dumpCurrentStackTrace	A thin wrapper around `writeCurrentStackTrace` which writes to stderr and ignores write errors.
std.debug.writeErrorReturnTrace	Write a previously captured error return trace to `writer`, annotated with source locations.
std.debug.writeStackTrace	Write a previously captured stack trace to `writer`, annotated with source locations.
std.debug.dumpStackTrace	A thin wrapper around `writeStackTrace` which writes to stderr and ignores write errors.
std.debug.dumpErrorReturnTrace	A thin wrapper around `writeErrorReturnTrace` which writes to stderr and ignores write errors.
std.debug.stripInstructionPtrAuthCode	Some platforms use pointer authentication: the upper bits of instruction pointers contain a signature. This function clears those signature bits to make the pointer directly usable.
std.debug.getDebugInfoAllocator	The returned allocator should be thread-safe if the compilation is multi-threaded, because multiple threads could capture and/or print stack traces simultaneously.
std.debug.have_segfault_handling_support	Whether or not the current target can print useful debug information when a segfault occurs.
std.debug.attachSegfaultHandler	Attaches a global handler for several signals which, when triggered, prints output to stderr similar to the default panic handler, with a message containing the type of signal and a stack trace if possible. This implementation does not just call the panic handler, because unwinding the stack (for a stack trace) when a signal is received requires special target-specific logic. On POSIX targets, the signal handler is configured to use the alternative signal stack. Such a stack is configured by the Zig Standard Library if `std.options.signal_stack_size` is set. The signals for which a handler is installed are: * SIGSEGV (segmentation fault) * SIGILL (illegal instruction) * SIGBUS (bus error) * SIGFPE (arithmetic exception)
std.debug.Trace	This API helps you track where a value originated and where it was mutated, or any other points of interest. In debug mode, it adds a small size penalty (104 bytes on 64-bit architectures) to the aggregate that you add it to. In release mode, it is size 0 and all methods are no-ops. This is a pre-made type with default settings. For more advanced usage, see `ConfigurableTrace`.
std.debug.inValgrind	Detect whether the program is being executed in the Valgrind virtual machine. When Valgrind integrations are disabled, this returns comptime-known false. Otherwise, the result is runtime-known.
std.dwarf.EH.PE.omit	This is a special encoding which does not correspond to named `type`/`rel` values.
std.dwarf.EH.PE.Rel	The specification considers this a `u4`, but the GCC `indirect` field extension conflicts with that, so we consider it a `u3` instead.
std.elf.VER_FLG_BASE	Version definition of the file itself
std.elf.VER_FLG_WEAK	Weak version identifier
std.elf.PT_NULL	Deprecated, use `@intFromEnum(std.elf.PT.NULL)`
std.elf.PT_LOAD	Deprecated, use `@intFromEnum(std.elf.PT.LOAD)`
std.elf.PT_DYNAMIC	Deprecated, use `@intFromEnum(std.elf.PT.DYNAMIC)`
std.elf.PT_INTERP	Deprecated, use `@intFromEnum(std.elf.PT.INTERP)`
std.elf.PT_NOTE	Deprecated, use `@intFromEnum(std.elf.PT.NOTE)`
std.elf.PT_SHLIB	Deprecated, use `@intFromEnum(std.elf.PT.SHLIB)`
std.elf.PT_PHDR	Deprecated, use `@intFromEnum(std.elf.PT.PHDR)`
std.elf.PT_TLS	Deprecated, use `@intFromEnum(std.elf.PT.TLS)`
std.elf.PT_NUM	Deprecated, use `std.elf.PT.NUM`.
std.elf.PT_LOOS	Deprecated, use `@intFromEnum(std.elf.PT.LOOS)`
std.elf.PT_GNU_EH_FRAME	Deprecated, use `@intFromEnum(std.elf.PT.GNU_EH_FRAME)`
std.elf.PT_GNU_STACK	Deprecated, use `@intFromEnum(std.elf.PT.GNU_STACK)`
std.elf.PT_GNU_RELRO	Deprecated, use `@intFromEnum(std.elf.PT.GNU_RELRO)`
std.elf.PT_LOSUNW	Deprecated, use `@intFromEnum(std.elf.PT.LOSUNW)`
std.elf.PT_SUNWBSS	Deprecated, use `@intFromEnum(std.elf.PT.SUNWBSS)`
std.elf.PT_SUNWSTACK	Deprecated, use `@intFromEnum(std.elf.PT.SUNWSTACK)`
std.elf.PT_HISUNW	Deprecated, use `@intFromEnum(std.elf.PT.HISUNW)`
std.elf.PT_HIOS	Deprecated, use `@intFromEnum(std.elf.PT.HIOS)`
std.elf.PT_LOPROC	Deprecated, use `@intFromEnum(std.elf.PT.LOPROC)`
std.elf.PT_HIPROC	Deprecated, use `@intFromEnum(std.elf.PT.HIPROC)`
std.elf.SHT_NULL	Deprecated, use `@intFromEnum(std.elf.SHT.NULL)`
std.elf.SHT_PROGBITS	Deprecated, use `@intFromEnum(std.elf.SHT.PROGBITS)`
std.elf.SHT_SYMTAB	Deprecated, use `@intFromEnum(std.elf.SHT.SYMTAB)`
std.elf.SHT_STRTAB	Deprecated, use `@intFromEnum(std.elf.SHT.STRTAB)`
std.elf.SHT_RELA	Deprecated, use `@intFromEnum(std.elf.SHT.RELA)`
std.elf.SHT_HASH	Deprecated, use `@intFromEnum(std.elf.SHT.HASH)`
std.elf.SHT_DYNAMIC	Deprecated, use `@intFromEnum(std.elf.SHT.DYNAMIC)`
std.elf.SHT_NOTE	Deprecated, use `@intFromEnum(std.elf.SHT.NOTE)`
std.elf.SHT_NOBITS	Deprecated, use `@intFromEnum(std.elf.SHT.NOBITS)`
std.elf.SHT_REL	Deprecated, use `@intFromEnum(std.elf.SHT.REL)`
std.elf.SHT_SHLIB	Deprecated, use `@intFromEnum(std.elf.SHT.SHLIB)`
std.elf.SHT_DYNSYM	Deprecated, use `@intFromEnum(std.elf.SHT.DYNSYM)`
std.elf.SHT_INIT_ARRAY	Deprecated, use `@intFromEnum(std.elf.SHT.INIT_ARRAY)`
std.elf.SHT_FINI_ARRAY	Deprecated, use `@intFromEnum(std.elf.SHT.FINI_ARRAY)`
std.elf.SHT_PREINIT_ARRAY	Deprecated, use `@intFromEnum(std.elf.SHT.PREINIT_ARRAY)`
std.elf.SHT_GROUP	Deprecated, use `@intFromEnum(std.elf.SHT.GROUP)`
std.elf.SHT_SYMTAB_SHNDX	Deprecated, use `@intFromEnum(std.elf.SHT.SYMTAB_SHNDX)`
std.elf.SHT_RELR	Deprecated, use `@intFromEnum(std.elf.SHT.RELR)`
std.elf.SHT_NUM	Deprecated, use `std.elf.SHT.NUM`.
std.elf.SHT_LOOS	Deprecated, use `@intFromEnum(std.elf.SHT.LOOS)`
std.elf.SHT_LLVM_ADDRSIG	Deprecated, use `@intFromEnum(std.elf.SHT.LLVM_ADDRSIG)`
std.elf.SHT_GNU_HASH	Deprecated, use `@intFromEnum(std.elf.SHT.GNU_HASH)`
std.elf.SHT_GNU_VERDEF	Deprecated, use `@intFromEnum(std.elf.SHT.GNU_VERDEF)`
std.elf.SHT_GNU_VERNEED	Deprecated, use `@intFromEnum(std.elf.SHT.GNU_VERNEED)`
std.elf.SHT_GNU_VERSYM	Deprecated, use `@intFromEnum(std.elf.SHT.GNU_VERSYM)`
std.elf.SHT_HIOS	Deprecated, use `@intFromEnum(std.elf.SHT.HIOS)`
std.elf.SHT_LOPROC	Deprecated, use `@intFromEnum(std.elf.SHT.LOPROC)`
std.elf.SHT_X86_64_UNWIND	Deprecated, use `@intFromEnum(std.elf.SHT.X86_64_UNWIND)`
std.elf.SHT_HIPROC	Deprecated, use `@intFromEnum(std.elf.SHT.HIPROC)`
std.elf.SHT_LOUSER	Deprecated, use `@intFromEnum(std.elf.SHT.LOUSER)`
std.elf.SHT_HIUSER	Deprecated, use `@intFromEnum(std.elf.SHT.HIUSER)`
std.elf.STB_LOCAL	Deprecated, use `@intFromEnum(std.elf.STB.LOCAL)`
std.elf.STB_GLOBAL	Deprecated, use `@intFromEnum(std.elf.STB.GLOBAL)`
std.elf.STB_WEAK	Deprecated, use `@intFromEnum(std.elf.STB.WEAK)`
std.elf.STB_NUM	Deprecated, use `std.elf.STB.NUM`
std.elf.STB_LOOS	Deprecated, use `@intFromEnum(std.elf.STB.LOOS)`
std.elf.STB_GNU_UNIQUE	Deprecated, use `@intFromEnum(std.elf.STB.GNU_UNIQUE)`
std.elf.STB_HIOS	Deprecated, use `@intFromEnum(std.elf.STB.HIOS)`
std.elf.STB_LOPROC	Deprecated, use `@intFromEnum(std.elf.STB.LOPROC)`
std.elf.STB_HIPROC	Deprecated, use `@intFromEnum(std.elf.STB.HIPROC)`
std.elf.STB_MIPS_SPLIT_COMMON	Deprecated, use `@intFromEnum(std.elf.STB.MIPS_SPLIT_COMMON)`
std.elf.STT_NOTYPE	Deprecated, use `@intFromEnum(std.elf.STT.NOTYPE)`
std.elf.STT_OBJECT	Deprecated, use `@intFromEnum(std.elf.STT.OBJECT)`
std.elf.STT_FUNC	Deprecated, use `@intFromEnum(std.elf.STT.FUNC)`
std.elf.STT_SECTION	Deprecated, use `@intFromEnum(std.elf.STT.SECTION)`
std.elf.STT_FILE	Deprecated, use `@intFromEnum(std.elf.STT.FILE)`
std.elf.STT_COMMON	Deprecated, use `@intFromEnum(std.elf.STT.COMMON)`
std.elf.STT_TLS	Deprecated, use `@intFromEnum(std.elf.STT.TLS)`
std.elf.STT_NUM	Deprecated, use `std.elf.STT.NUM`
std.elf.STT_LOOS	Deprecated, use `@intFromEnum(std.elf.STT.LOOS)`
std.elf.STT_GNU_IFUNC	Deprecated, use `@intFromEnum(std.elf.STT.GNU_IFUNC)`
std.elf.STT_HIOS	Deprecated, use `@intFromEnum(std.elf.STT.HIOS)`
std.elf.STT_LOPROC	Deprecated, use `@intFromEnum(std.elf.STT.LOPROC)`
std.elf.STT_HIPROC	Deprecated, use `@intFromEnum(std.elf.STT.HIPROC)`
std.elf.STT_SPARC_REGISTER	Deprecated, use `@intFromEnum(std.elf.STT.SPARC_REGISTER)`
std.elf.STT_PARISC_MILLICODE	Deprecated, use `@intFromEnum(std.elf.STT.PARISC_MILLICODE)`
std.elf.STT_HP_OPAQUE	Deprecated, use `@intFromEnum(std.elf.STT.HP_OPAQUE)`
std.elf.STT_HP_STUB	Deprecated, use `@intFromEnum(std.elf.STT.HP_STUB)`
std.elf.STT_ARM_TFUNC	Deprecated, use `@intFromEnum(std.elf.STT.ARM_TFUNC)`
std.elf.STT_ARM_16BIT	Deprecated, use `@intFromEnum(std.elf.STT.ARM_16BIT)`
std.elf.PT.NUM	Number of defined types
std.elf.PT.LOOS	Start of OS-specific
std.elf.PT.HIOS	End of OS-specific
std.elf.PT.GNU_EH_FRAME	GCC .eh_frame_hdr segment
std.elf.PT.GNU_STACK	Indicates stack executability
std.elf.PT.GNU_RELRO	Read-only after relocation
std.elf.PT.SUNWBSS	Sun specific segment
std.elf.PT.SUNWSTACK	Stack segment
std.elf.PT.LOPROC	Start of processor-specific
std.elf.PT.HIPROC	End of processor-specific
std.elf.SHT.NUM	Number of defined types
std.elf.SHT.LOOS	Start of OS-specific
std.elf.SHT.HIOS	End of OS-specific
std.elf.SHT.LLVM_ADDRSIG	LLVM address-significance table
std.elf.SHT.GNU_HASH	GNU hash table
std.elf.SHT.GNU_VERDEF	GNU version definition table
std.elf.SHT.GNU_VERNEED	GNU needed versions table
std.elf.SHT.GNU_VERSYM	GNU symbol version table
std.elf.SHT.LOPROC	Start of processor-specific
std.elf.SHT.HIPROC	End of processor-specific
std.elf.SHT.X86_64_UNWIND	Unwind information
std.elf.SHT.LOUSER	Start of application-specific
std.elf.SHT.HIUSER	End of application-specific
std.elf.STB.NUM	Number of defined types
std.elf.STB.LOOS	Start of OS-specific
std.elf.STB.HIOS	End of OS-specific
std.elf.STB.GNU_UNIQUE	Unique symbol
std.elf.STB.LOPROC	Start of processor-specific
std.elf.STB.HIPROC	End of processor-specific
std.elf.STT.NUM	Number of defined types
std.elf.STT.LOOS	Start of OS-specific
std.elf.STT.HIOS	End of OS-specific
std.elf.STT.GNU_IFUNC	Symbol is indirect code object
std.elf.STT.LOPROC	Start of processor-specific
std.elf.STT.HIPROC	End of processor-specific
std.elf.ET	File types
std.elf.ET.LOOS	Beginning of OS-specific codes
std.elf.ET.HIOS	End of OS-specific codes
std.elf.ET.LOPROC	Beginning of processor-specific codes
std.elf.ET.HIPROC	End of processor-specific codes
std.elf.Header	All integers are native endian.
std.elf.Header.read	If this function fails, seek position of `r` is unchanged.
std.elf.EI_CLASS	Deprecated, use `std.elf.EI.CLASS`
std.elf.EI_DATA	Deprecated, use `std.elf.EI.DATA`
std.elf.EI_VERSION	Deprecated, use `std.elf.EI.VERSION`
std.elf.EI_OSABI	Deprecated, use `std.elf.EI.OSABI`
std.elf.EI_ABIVERSION	Deprecated, use `std.elf.EI.ABIVERSION`
std.elf.EI_PAD	Deprecated, use `std.elf.EI.PAD`
std.elf.EI_NIDENT	Deprecated, use `std.elf.EI.NIDENT`
std.elf.Elf32_Xword	Deprecated, use `std.elf.Xword`
std.elf.Elf32_Sxword	Deprecated, use `std.elf.Sxword`
std.elf.Elf64_Xword	Deprecated, use `std.elf.Xword`
std.elf.Elf64_Sxword	Deprecated, use `std.elf.Sxword`
std.elf.Elf32_Addr	Deprecated, use `std.elf.Elf32.Addr`
std.elf.Elf64_Addr	Deprecated, use `std.elf.Elf64.Addr`
std.elf.Elf32_Off	Deprecated, use `std.elf.Elf32.Off`
std.elf.Elf64_Off	Deprecated, use `std.elf.Elf64.Off`
std.elf.Elf32_Section	Deprecated, use `std.elf.Section`
std.elf.Elf64_Section	Deprecated, use `std.elf.Section`
std.elf.Elf32_Ehdr	Deprecated, use `std.elf.Elf32.Ehdr`
std.elf.Elf64_Ehdr	Deprecated, use `std.elf.Elf64.Ehdr`
std.elf.Elf32_Phdr	Deprecated, use `std.elf.Elf32.Phdr`
std.elf.Elf64_Phdr	Deprecated, use `std.elf.Elf64.Phdr`
std.elf.Elf32_Shdr	Deprecated, use `std.elf.Elf32.Shdr`
std.elf.Elf64_Shdr	Deprecated, use `std.elf.Elf64.Shdr`
std.elf.Elf32_Chdr	Deprecated, use `std.elf.Elf32.Chdr`
std.elf.Elf64_Chdr	Deprecated, use `std.elf.Elf64.Chdr`
std.elf.Elf32_Sym	Deprecated, use `std.elf.Elf32.Sym`
std.elf.Elf64_Sym	Deprecated, use `std.elf.Elf64.Sym`
std.elf.Ehdr	Deprecated, use `std.elf.ElfN.Ehdr`
std.elf.Phdr	Deprecated, use `std.elf.ElfN.Phdr`
std.elf.Chdr	Deprecated, use `std.elf.ElfN.Chdr`
std.elf.Sym	Deprecated, use `std.elf.ElfN.Sym`
std.elf.Addr	Deprecated, use `std.elf.ElfN.Addr`
std.elf.ELFCLASSNONE	Deprecated, use `@intFromEnum(std.elf.CLASS.NONE)`
std.elf.ELFCLASS32	Deprecated, use `@intFromEnum(std.elf.CLASS.@"32")`
std.elf.ELFCLASS64	Deprecated, use `@intFromEnum(std.elf.CLASS.@"64")`
std.elf.ELFCLASSNUM	Deprecated, use `@intFromEnum(std.elf.CLASS.NUM)`
std.elf.ELFDATANONE	Deprecated, use `@intFromEnum(std.elf.DATA.NONE)`
std.elf.ELFDATA2LSB	Deprecated, use `@intFromEnum(std.elf.DATA.@"2LSB")`
std.elf.ELFDATA2MSB	Deprecated, use `@intFromEnum(std.elf.DATA.@"2MSB")`
std.elf.ELFDATANUM	Deprecated, use `@intFromEnum(std.elf.DATA.NUM)`
std.elf.EM	Machine architectures. See current registered ELF machine architectures at: http://www.sco.com/developers/gabi/latest/ch4.eheader.html
std.elf.SHF_WRITE	Section data should be writable during execution.
std.elf.SHF_ALLOC	Section occupies memory during program execution.
std.elf.SHF_EXECINSTR	Section contains executable machine instructions.
std.elf.SHF_MERGE	The data in this section may be merged.
std.elf.SHF_STRINGS	The data in this section is null-terminated strings.
std.elf.SHF_INFO_LINK	A field in this section holds a section header table index.
std.elf.SHF_LINK_ORDER	Adds special ordering requirements for link editors.
std.elf.SHF_OS_NONCONFORMING	This section requires special OS-specific processing to avoid incorrect behavior.
std.elf.SHF_GROUP	This section is a member of a section group.
std.elf.SHF_TLS	This section holds Thread-Local Storage.
std.elf.SHF_COMPRESSED	Identifies a section containing compressed data.
std.elf.SHF_GNU_RETAIN	Not to be GCed by the linker
std.elf.SHF_EXCLUDE	This section is excluded from the final executable or shared library.
std.elf.SHF_MASKOS	Start of target-specific flags.
std.elf.SHF_MASKPROC	Bits indicating processor-specific flags.
std.elf.XCORE_SHF_DP_SECTION	All sections with the "d" flag are grouped together by the linker to form the data section and the dp register is set to the start of the section by the boot code.
std.elf.XCORE_SHF_CP_SECTION	All sections with the "c" flag are grouped together by the linker to form the constant pool and the cp register is set to the start of the constant pool by the boot code.
std.elf.SHF_X86_64_LARGE	If an object file section does not have this flag set, then it may not hold more than 2GB and can be freely referred to in objects using smaller code models. Otherwise, only objects using larger code models can refer to them. For example, a medium code model object can refer to data in a section that sets this flag besides being able to refer to data in a section that does not set it; likewise, a small code model object can refer only to code in a section that does not set this flag.
std.elf.SHF_HEX_GPREL	All sections with the GPREL flag are grouped into a global data area for faster accesses
std.elf.SHF_MIPS_NODUPES	Section contains text/data which may be replicated in other sections. Linker must retain only one copy.
std.elf.SHF_MIPS_NAMES	Linker must generate implicit hidden weak names.
std.elf.SHF_MIPS_LOCAL	Section data local to process.
std.elf.SHF_MIPS_NOSTRIP	Do not strip this section.
std.elf.SHF_MIPS_GPREL	Section must be part of global data area.
std.elf.SHF_MIPS_MERGE	This section should be merged.
std.elf.SHF_MIPS_ADDR	Address size to be inferred from section entry size.
std.elf.SHF_MIPS_STRING	Section data is string data by default.
std.elf.SHF_ARM_PURECODE	Make code section unreadable when in execute-only mode
std.elf.PF_X	Execute
std.elf.PF_W	Write
std.elf.PF_R	Read
std.elf.PF_MASKOS	Bits for operating system-specific semantics.
std.elf.PF_MASKPROC	Bits for processor-specific semantics.
std.elf.SHN_UNDEF	Undefined section
std.elf.SHN_LORESERVE	Start of reserved indices
std.elf.SHN_LOPROC	Start of processor-specific
std.elf.SHN_HIPROC	End of processor-specific
std.elf.SHN_ABS	Associated symbol is absolute
std.elf.SHN_COMMON	Associated symbol is common
std.elf.SHN_HIRESERVE	End of reserved indices
std.elf.R_X86_64	AMD x86-64 relocations.
std.elf.R_AARCH64	AArch64 relocations.
std.elf.R_RISCV	RISC-V relocations.
std.elf.R_PPC64	PowerPC64 relocations.
std.elf.ARMAG	String that begins an archive file.
std.elf.ARMAG_THIN	String that begins a thin archive file.
std.elf.ARFMAG	String in ar_fmag at the end of each header.
std.elf.SYMNAME	32-bit symtab identifier
std.elf.STRNAME	Strtab identifier
std.elf.SYM64NAME	64-bit symtab identifier
std.elf.gnu_hash.calculate	Calculate the hash value for a name
std.enums.EnumFieldStruct	Returns a struct with a field matching each unique named enum element. If the enum is extern and has multiple names for the same value, only the first name is used. Each field is of type Data and has the provided default, which may be undefined.
std.enums.valuesFromFields	Looks up the supplied fields in the given enum type. Uses only the field names, field values are ignored. The result array is in the same order as the input.
std.enums.values	Returns the set of all named values in the given enum, in declaration order.
std.enums.tagName	A safe alternative to @tagName() for non-exhaustive enums that doesn't panic when `e` has no tagged value. Returns the tag name for `e` or null if no tag exists.
std.enums.directEnumArrayLen	Determines the length of a direct-mapped enum array, indexed by @intCast(usize, @intFromEnum(enum_value)). If the enum is non-exhaustive, the resulting length will only be enough to hold all explicit fields. If the enum contains any fields with values that cannot be represented by usize, a compile error is issued. The max_unused_slots parameter limits the total number of items which have no matching enum key (holes in the enum numbering). So for example, if an enum has values 1, 2, 5, and 6, max_unused_slots must be at least 3, to allow unused slots 0, 3, and 4.
std.enums.directEnumArray	Initializes an array of Data which can be indexed by @intCast(usize, @intFromEnum(enum_value)). If the enum is non-exhaustive, the resulting array will only be large enough to hold all explicit fields. If the enum contains any fields with values that cannot be represented by usize, a compile error is issued. The max_unused_slots parameter limits the total number of items which have no matching enum key (holes in the enum numbering). So for example, if an enum has values 1, 2, 5, and 6, max_unused_slots must be at least 3, to allow unused slots 0, 3, and 4. The init_values parameter must be a struct with field names that match the enum values. If the enum has multiple fields with the same value, the name of the first one must be used.
std.enums.directEnumArrayDefault	Initializes an array of Data which can be indexed by @intCast(usize, @intFromEnum(enum_value)). The enum must be exhaustive. If the enum contains any fields with values that cannot be represented by usize, a compile error is issued. The max_unused_slots parameter limits the total number of items which have no matching enum key (holes in the enum numbering). So for example, if an enum has values 1, 2, 5, and 6, max_unused_slots must be at least 3, to allow unused slots 0, 3, and 4. The init_values parameter must be a struct with field names that match the enum values. If the enum has multiple fields with the same value, the name of the first one must be used.
std.enums.EnumSet	A set of enum elements, backed by a bitfield. If the enum is exhaustive but not dense, a mapping will be constructed from enum values to dense indices. This type does no dynamic allocation and can be copied by value.
std.enums.EnumMap	A map keyed by an enum, backed by a bitfield and a dense array. If the enum is exhaustive but not dense, a mapping will be constructed from enum values to dense indices. This type does no dynamic allocation and can be copied by value.
std.enums.EnumMultiset	A multiset of enum elements up to a count of usize. Backed by an EnumArray. This type does no dynamic allocation and can be copied by value.
std.enums.BoundedEnumMultiset	A multiset of enum elements up to CountSize. Backed by an EnumArray. This type does no dynamic allocation and can be copied by value.
std.enums.EnumArray	An array keyed by an enum, backed by a dense array. If the enum is not dense, a mapping will be constructed from enum values to dense indices. This type does no dynamic allocation and can be copied by value.
std.fmt.float.min_buffer_size	Any buffer used for `format` must be at least this large. This is asserted. A runtime check will additionally be performed if more bytes are required.
std.fmt.float.bufferSize	Returns the minimum buffer size needed to print every float of a specific type and format.
std.fmt.float.render	Format a floating-point value and write it to buffer. Returns a slice to the buffer containing the string representation. Full precision is the default. Any full precision float can be reparsed with std.fmt.parseFloat unambiguously. Scientific mode is recommended generally as the output is more compact and any type can be written in full precision using a buffer of only `min_buffer_size`. When printing full precision decimals, use `bufferSize` to get the required space. It is recommended to bound decimal output with a fixed precision to reduce the required buffer size.
std.fmt.float.formatScientific	Write a FloatDecimal to a buffer in scientific form. The buffer provided must be greater than `min_buffer_size` in length. If no precision is specified, this function will never return an error. If a precision is specified, up to `8 + precision` bytes will be written to the buffer. An error will be returned if the content will not fit. It is recommended to bound decimal formatting with an exact precision.
std.fmt.float.formatDecimal	Write a FloatDecimal to a buffer in decimal form. The buffer provided must be greater than `min_buffer_size` bytes in length. If no precision is specified, this may still return an error. If precision is specified, `2 + precision` bytes will always be written.
std.fmt.float.binaryToDecimal	Convert a binary float representation to decimal.
std.fmt.Parser	A stream based parser for format strings. Allows to implement formatters compatible with std.fmt without replicating the standard library behavior.
std.fmt.printInt	Asserts the rendered integer value fits in `buffer`. Returns the end index within `buffer`.
std.fmt.digits2	Converts values in the range [0, 100) to a base 10 string.
std.fmt.Alt	Creates a type suitable for instantiating and passing to a "{f}" placeholder.
std.fmt.alt	Helper for calling alternate format methods besides one named "format".
std.fmt.parseInt	Parses the string `buf` as signed or unsigned representation in the specified base of an integral value of type `T`. When `base` is zero the string prefix is examined to detect the true base: * A prefix of "0b" implies base=2, * A prefix of "0o" implies base=8, * A prefix of "0x" implies base=16, * Otherwise base=10 is assumed. Ignores '_' character in `buf`. See also `parseUnsigned`.
std.fmt.parseIntWithGenericCharacter	Like `parseInt`, but with a generic `Character` type.
std.fmt.parseUnsigned	Parses the string `buf` as unsigned representation in the specified base of an integral value of type `T`. When `base` is zero the string prefix is examined to detect the true base: * A prefix of "0b" implies base=2, * A prefix of "0o" implies base=8, * A prefix of "0x" implies base=16, * Otherwise base=10 is assumed. Ignores '_' character in `buf`. See also `parseInt`.
std.fmt.parseIntSizeSuffix	Parses a number like '2G', '2Gi', or '2GiB'.
std.fmt.bufPrint	Print a format string into `buf`. Returns a slice of the bytes printed.
std.fmt.bufPrintZ	Deprecated in favor of `bufPrintSentinel`
std.fmt.count	Count the characters needed for format.
std.fmt.bytesToHex	Encodes a sequence of bytes as hexadecimal digits. Returns an array containing the encoded bytes.
std.fmt.hexToBytes	Decodes the sequence of bytes represented by the specified string of hexadecimal characters. Returns a slice of the output buffer containing the decoded bytes.
std.fmt.hex	Converts an unsigned integer of any multiple of u8 to an array of lowercase hex bytes, little endian.
std.fs.path	Deprecated, use `std.Io.Dir.path`.
std.fs.path.isSep	Returns if the given byte is a valid path separator
std.fs.path.PathType.isSep	Returns true if `c` is a valid path separator for the `path_type`. If `T` is `u16`, `c` is assumed to be little-endian.
std.fs.path.join	Naively combines a series of paths with the native path separator. Allocates memory for the result, which must be freed by the caller.
std.fs.path.joinZ	Naively combines a series of paths with the native path separator and null terminator. Allocates memory for the result, which must be freed by the caller.
std.fs.path.WindowsPath	Deprecated; see `WindowsPath2`
std.fs.path.windowsParsePath	Deprecated; see `parsePathWindows`
std.fs.path.parsePath	On Windows, this calls `parsePathWindows` and on POSIX it calls `parsePathPosix`. Returns a platform-specific struct with two fields: `root` and `kind`. The `root` will be a slice of `path` (`/` for POSIX absolute paths, and things like `C:\`, `\\server\share\`, etc for Windows paths). If the path is of kind `.relative`, then `root` will be zero-length.
std.fs.path.diskDesignator	Deprecated; use `parsePath`
std.fs.path.diskDesignatorWindows	Deprecated; use `parsePathWindows`
std.fs.path.resolve	On Windows, this calls `resolveWindows` and on POSIX it calls `resolvePosix`.
std.fs.path.resolveWindows	This function is like a series of `cd` statements executed one after another. It resolves "." and ".." to the best of its ability, but will not convert relative paths to an absolute path, use Io.Dir.realpath instead. ".." components may persist in the resolved path if the resolved path is relative or drive-relative. Path separators are canonicalized to '\\' and drives are canonicalized to capital letters. The result will not have a trailing path separator, except for the following scenarios: - The resolved path is drive-absolute with no components (e.g. `C:\`). - The resolved path is a UNC path with only a server name, and the input path contained a trailing separator (e.g. `\\server\`). - The resolved path is a UNC path with no components after the share name, and the input path contained a trailing separator (e.g. `\\server\share\`). Each drive has its own current working directory, which is only resolved via the paths provided. In the scenario that the resolved path contains a drive-relative path that can't be resolved using the paths alone, the result will be a drive-relative path. Similarly, in the scenario that the resolved path contains a rooted path that can't be resolved using the paths alone, the result will be a rooted path. Note: all usage of this function should be audited due to the existence of symlinks. Without performing actual syscalls, resolving `..` could be incorrect. This API may break in the future: https://github.com/ziglang/zig/issues/13613
std.fs.path.resolvePosix	This function is like a series of `cd` statements executed one after another. It resolves "." and ".." to the best of its ability, but will not convert relative paths to an absolute path, use Io.Dir.realpath instead. ".." components may persist in the resolved path if the resolved path is relative. The result does not have a trailing path separator. This function does not perform any syscalls. Executing this series of path lookups on the actual filesystem may produce different results due to symlinks.
std.fs.path.dirname	Strip the last component from a file path. If the path is a file in the current directory (no directory component) then returns null. If the path is the root directory, returns null.
std.fs.path.relative	Returns the non-absolute path from `from` to `to`. Other than memory allocation, this is a pure function; the result solely depends on the input parameters. If `from` and `to` each resolve to the same path (after calling `resolve` on each), a zero-length string is returned. See `relativePosix` and `relativeWindows` for operating system specific details and for how `environ_map` is used.
std.fs.path.relativeWindows	Returns the non-absolute path from `from` to `to` according to Windows rules. Other than memory allocation, this is a pure function; the result solely depends on the input parameters. If `from` and `to` each resolve to the same path (after calling `resolve` on each), a zero-length string is returned. The result is not guaranteed to be relative, as the paths may be on different volumes. In that case, the result will be the canonicalized absolute path of `to`. Per-drive CWDs are stored in special semi-hidden environment variables of the format `=<drive-letter>:`, e.g. `=C:`. This type of CWD is purely a shell concept, so there's no guarantee that it'll be set or that it'll even be accurate. This is the only reason for the `environ_map` parameter. `null` is treated equivalent to the environment variable missing.
std.fs.path.relativePosix	Returns the non-absolute path from `from` to `to` according to Windows rules. Other than memory allocation, this is a pure function; the result solely depends on the input parameters. If `from` and `to` each resolve to the same path (after calling `resolve` on each), a zero-length string is returned.
std.fs.path.extension	Searches for a file extension separated by a `.` and returns the string after that `.`. Files that end or start with `.` and have no other `.` in their name are considered to have no extension, in which case this returns "". Examples: - `"main.zig"` ⇒ `".zig"` - `"src/main.zig"` ⇒ `".zig"` - `".gitignore"` ⇒ `""` - `".image.png"` ⇒ `".png"` - `"keep."` ⇒ `"."` - `"src.keep.me"` ⇒ `".me"` - `"/src/keep.me"` ⇒ `".me"` - `"/src/keep.me/"` ⇒ `".me"` The returned slice is guaranteed to have its pointer within the start and end pointer address range of `path`, even if it is length zero.
std.fs.path.stem	Returns the last component of this path without its extension (if any): - "hello/world/lib.tar.gz" ⇒ "lib.tar" - "hello/world/lib.tar" ⇒ "lib" - "hello/world/lib" ⇒ "lib"
std.fs.path.ComponentIterator	A path component iterator that can move forwards and backwards. The 'root' of the path (`/` for POSIX, things like `C:\`, `\\server\share\`, etc for Windows) is treated specially and will never be returned by any of the `first`, `last`, `next`, or `previous` functions. Multiple consecutive path separators are skipped (treated as a single separator) when iterating. All returned component names/paths are slices of the original path. There is no normalization of paths performed while iterating.
std.fs.path.fmtAsUtf8Lossy	Format a path encoded as bytes for display as UTF-8. Returns a Formatter for the given path. The path will be converted to valid UTF-8 during formatting. This is a lossy conversion if the path contains any ill-formed UTF-8. Ill-formed UTF-8 byte sequences are replaced by the replacement character (U+FFFD) according to "U+FFFD Substitution of Maximal Subparts" from Chapter 3 of the Unicode standard, and as specified by https://encoding.spec.whatwg.org/#utf-8-decoder
std.fs.path.fmtWtf16LeAsUtf8Lossy	Format a path encoded as WTF-16 LE for display as UTF-8. Return a Formatter for a (potentially ill-formed) UTF-16 LE path. The path will be converted to valid UTF-8 during formatting. This is a lossy conversion if the path contains any unpaired surrogates. Unpaired surrogates are replaced by the replacement character (U+FFFD).
std.fs.path.Win32PathType	Similar to `RTL_PATH_TYPE`, but without the `UNKNOWN` path type.
std.fs.path.getWin32PathType	Get the path type of a Win32 namespace path. Similar to `RtlDetermineDosPathNameType_U`. If `T` is `u16`, then `path` should be encoded as WTF-16LE.
std.fs.base64_alphabet	Deprecated, use `std.base64.url_safe_alphabet_chars`.
std.fs.base64_encoder	Deprecated, use `std.base64.url_safe.Encoder`.
std.fs.base64_decoder	Deprecated, use `std.base64.url_safe.Decoder`.
std.fs.max_path_bytes	Deprecated, use `std.Io.Dir.max_path_bytes`.
std.fs.max_name_bytes	Deprecated, use `std.Io.Dir.max_name_bytes`.
std.gpu.executionMode	Declare the mode entry point executes in.
std.hash.int	Integer-to-integer hashing for bit widths <= 256.
std.hash_map.StringHashMap	Builtin hashmap for strings as keys. Key memory is managed by the caller. Keys and values will not automatically be freed.
std.hash_map.StringHashMapUnmanaged	Key memory is managed by the caller. Keys and values will not automatically be freed.
std.hash_map.HashMap	General purpose hash table. No order is guaranteed and any modification invalidates live iterators. It provides fast operations (lookup, insertion, deletion) with quite high load factors (up to 80% by default) for low memory usage. For a hash map that can be initialized directly that does not store an Allocator field, see `HashMapUnmanaged`. If iterating over the table entries is a strong usecase and needs to be fast, prefer the alternative `std.ArrayHashMap`. Context must be a struct type with two member functions: hash(self, K) u64 eql(self, K, K) bool Adapted variants of many functions are provided. These variants take a pseudo key instead of a key. Their context must have the functions: hash(self, PseudoKey) u64 eql(self, PseudoKey, K) bool
std.hash_map.HashMapUnmanaged	A HashMap based on open addressing and linear probing. A lookup or modification typically incurs only 2 cache misses. No order is guaranteed and any modification invalidates live iterators. It achieves good performance with quite high load factors (by default, grow is triggered at 80% full) and only one byte of overhead per element. The struct itself is only 16 bytes for a small footprint. This comes at the price of handling size with u32, which should be reasonable enough for almost all uses. Deletions are achieved with tombstones. Default initialization of this struct is deprecated; use `.empty` instead.
std.heap.ArenaAllocator.State	Inner state of ArenaAllocator. Can be stored rather than the entire ArenaAllocator as a memory-saving optimization. Default initialization of this struct is deprecated; use `init` instead.
std.heap.ArenaAllocator.deinit	Not threadsafe.
std.heap.ArenaAllocator.queryCapacity	Queries the current memory use of this arena. This will **not** include the storage required for internal keeping. Not threadsafe.
std.heap.ArenaAllocator.reset	Resets the arena allocator and frees all allocated memory. `mode` defines how the currently allocated memory is handled. See the variant documentation for `ResetMode` for the effects of each mode. The function will return whether the reset operation was successful or not. If the reallocation failed `false` is returned. The arena will still be fully functional in that case, all memory is released. Future allocations just might be slower. Not threadsafe. NOTE: If `mode` is `free_all`, the function will always return `true`.
std.heap.FixedBufferAllocator.allocator	Using this at the same time as the interface returned by `threadSafeAllocator` is not thread safe.
std.heap.FixedBufferAllocator.threadSafeAllocator	Provides a lock free thread safe `Allocator` interface to the underlying `FixedBufferAllocator` Using this at the same time as the interface returned by `allocator` is not thread safe.
std.heap.FixedBufferAllocator.isLastAllocation	This has false negatives when the last allocation had an adjusted_index. In such case we won't be able to determine what the last allocation was because the alignForward operation done in alloc is not reversible.
std.heap.MemoryPool	A memory pool that can allocate objects of a single type very quickly. Use this when you need to allocate a lot of objects of the same type, because it outperforms general purpose allocators. Functions that potentially allocate memory accept an `Allocator` parameter.
std.heap.memory_pool.Managed	Deprecated.
std.heap.memory_pool.Aligned	A memory pool that can allocate objects of a single type very quickly. Use this when you need to allocate a lot of objects of the same type, because it outperforms general purpose allocators. Allocated items are aligned to `alignment`-byte addresses or `@alignOf(Item)` if `alignment` is `null`. Functions that potentially allocate memory accept an `Allocator` parameter.
std.heap.memory_pool.AlignedManaged	Deprecated.
std.heap.memory_pool.Extra	A memory pool that can allocate objects of a single type very quickly. Use this when you need to allocate a lot of objects of the same type, because it outperforms general purpose allocators. Functions that potentially allocate memory accept an `Allocator` parameter.
std.heap.memory_pool.ExtraManaged	Deprecated.
std.heap.MemoryPoolAligned	Deprecated; use `memory_pool.Aligned`.
std.heap.MemoryPoolExtra	Deprecated; use `memory_pool.Extra`.
std.heap.MemoryPoolOptions	Deprecated; use `memory_pool.Options`.
std.heap.page_size_min	comptime-known minimum page size of the target. All pointers from `mmap` or `NtAllocateVirtualMemory` are aligned to at least `page_size_min`, but their actual alignment may be bigger. This value can be overridden via `std.options.page_size_min`. On many systems, the actual page size can only be determined at runtime with `pageSize`.
std.heap.page_size_max	comptime-known maximum page size of the target. Targeting a system with a larger page size may require overriding `std.options.page_size_max`, as well as providing a corresponding linker option. The actual page size can only be determined at runtime with `pageSize`.
std.heap.pageSize	If the page size is comptime-known, return value is comptime. Otherwise, calls `std.options.queryPageSize` which by default queries the host operating system at runtime.
std.heap.defaultQueryPageSize	The default implementation of `std.options.queryPageSize`. Asserts that the page size is within `page_size_min` and `page_size_max`
std.heap.c_allocator	A wrapper around the C memory allocation API which supports the full `Allocator` interface, including arbitrary alignment. Simple `malloc` calls are used when possible, but large requested alignments may require larger buffers in order to satisfy the request. As well as `malloc`, `realloc`, and `free`, the extension functions `malloc_usable_size` and `posix_memalign` are used when available.
std.heap.page_allocator	On operating systems that support memory mapping, this allocator makes a syscall directly for every allocation and free. Otherwise, it falls back to the preferred singleton for the target. Thread-safe.
std.heap.wasm_allocator	This allocator is fast, small, and specific to WebAssembly.
std.heap.brk_allocator	Supports single-threaded WebAssembly and Linux.
std.heap.stackFallback	Returns a `StackFallbackAllocator` allocating using either a `FixedBufferAllocator` on an array of size `size` and falling back to `fallback_allocator` if that fails.
std.heap.StackFallbackAllocator	An allocator that attempts to allocate using a `FixedBufferAllocator` using an array of size `size`. If the allocation fails, it will fall back to using `fallback_allocator`. Easily created with `stackFallback`.
std.heap.testAllocator	This one should not try alignments that exceed what C malloc can handle.
std.http.Client.ConnectionPool	A Least-Recently-Used cache of open connections to be reused.
std.http.Client.ConnectionPool.Criteria	The criteria for a connection to be considered a match.
std.http.Client.ConnectionPool.findConnection	Finds and acquires a connection from the connection pool matching the criteria. If no connection is found, null is returned. Threadsafe.
std.http.Client.ConnectionPool.acquireUnsafe	Acquires an existing connection from the connection pool. This function is not threadsafe.
std.http.Client.ConnectionPool.acquire	Acquires an existing connection from the connection pool. This function is threadsafe.
std.http.Client.ConnectionPool.release	Tries to release a connection back to the connection pool. If the connection is marked as closing, it will be closed instead. Threadsafe.
std.http.Client.ConnectionPool.addUsed	Adds a newly created node to the pool of used connections. This function is threadsafe.
std.http.Client.ConnectionPool.resize	Resizes the connection pool. If the new size is smaller than the current size, then idle connections will be closed until the pool is the new size. Threadsafe.
std.http.Client.ConnectionPool.deinit	Frees the connection pool and closes all connections within. All future operations on the connection pool will deadlock. Threadsafe.
std.http.Client.Connection.destroy	If this is called without calling `flush` or `end`, data will be dropped unsent.
std.http.Client.Connection.writer	HTTP protocol from client to server. This either goes directly to `stream_writer`, or to a TLS client.
std.http.Client.Connection.reader	HTTP protocol from server to client. This either comes directly from `stream_reader`, or from a TLS client.
std.http.Client.Connection.end	If the connection is a TLS connection, sends the close_notify alert. Flushes all buffers.
std.http.Client.Response.reader	If compressed body has been negotiated this will return compressed bytes. If the returned `Reader` returns `error.ReadFailed` the error is available via `bodyErr`. Asserts that this function is only called once. See also: * `readerDecompressing`
std.http.Client.Response.readerDecompressing	If compressed body has been negotiated this will return decompressed bytes. If the returned `Reader` returns `error.ReadFailed` the error is available via `bodyErr`. Asserts that this function is only called once. See also: * `reader`
std.http.Client.Response.bodyErr	After receiving `error.ReadFailed` from the `Reader` returned by `reader` or `readerDecompressing`, this function accesses the more specific error code.
std.http.Client.Request.RedirectBehavior	Any value other than `not_allowed` or `unhandled` means that integer represents how many remaining redirects are allowed.
std.http.Client.Request.deinit	Returns the request's `Connection` back to the pool of the `Client`.
std.http.Client.Request.sendBodiless	Sends and flushes a complete request as only HTTP head, no body.
std.http.Client.Request.sendBodilessUnflushed	Sends but does not flush a complete request as only HTTP head, no body.
std.http.Client.Request.sendBody	Transfers the HTTP head over the connection and flushes. See also: * `sendBodyUnflushed`
std.http.Client.Request.sendBodyComplete	Transfers the HTTP head and body over the connection and flushes.
std.http.Client.Request.sendBodyUnflushed	Transfers the HTTP head over the connection, which is not flushed until `BodyWriter.flush` or `BodyWriter.end` is called. See also: * `sendBody`
std.http.Client.Request.receiveHead	If handling redirects and the request has no payload, then this function will automatically follow redirects. If a request payload is present, then this function will error with `error.RedirectRequiresResend`. This function takes an auxiliary buffer to store the arbitrarily large URI which may need to be merged with the previous URI, and that data needs to survive across different connections, which is where the input buffer lives. `redirect_buffer` must outlive accesses to `Request.uri`. If this buffer capacity would be exceeded, `error.HttpRedirectLocationOversize` is returned instead. This buffer may be empty if no redirects are to be handled. RFC 9110 recommends making this at least 8000 bytes. If this fails with `error.ReadFailed` then the `Connection.getReadError` method of `r.connection` can be used to get more detailed information.
std.http.Client.deinit	Release all associated resources with the client. All pending requests must be de-initialized and all active connections released before calling this function.
std.http.Client.initDefaultProxies	Populates `http_proxy` and `https_proxy` via standard proxy environment variables. Asserts the client has no active connections. Uses `arena` for a few small allocations that must outlive the client, or at least until those fields are set to different values.
std.http.Client.connectTcp	Reuses a `Connection` if one matching `host` and `port` is already open. Threadsafe.
std.http.Client.connectUnix	Connect to `path` as a unix domain socket. This will reuse a connection if one is already open. This function is threadsafe.
std.http.Client.connectProxied	Connect to `proxied_host:proxied_port` using the specified proxy with HTTP CONNECT. This will reuse a connection if one is already open. This function is threadsafe.
std.http.Client.connect	Connect to `host:port` using the specified protocol. This will reuse a connection if one is already open. If a proxy is configured for the client, then the proxy will be used to connect to the host. This function is threadsafe.
std.http.Client.request	Open a connection to the host specified by `uri` and prepare to send a HTTP request. The caller is responsible for calling `deinit()` on the `Request`. This function is threadsafe. Asserts that "\r\n" does not occur in any header name or value.
std.http.Client.fetch	Perform a one-shot HTTP request with the provided options. This function is threadsafe.
std.http.Server.init	Initialize an HTTP server that can respond to multiple requests on the same connection. The buffer of `in` must be large enough to store the client's entire HTTP header, otherwise `receiveHead` returns `error.HttpHeadersOversize`. The returned `Server` is ready for `receiveHead` to be called.
std.http.Server.Request.respond	Send an entire HTTP response to the client, including headers and body. Automatically handles HEAD requests by omitting the body. Unless `transfer_encoding` is specified, uses the "content-length" header. If the request contains a body and the connection is to be reused, discards the request body, leaving the Server in the `ready` state. If this discarding fails, the connection is marked as not to be reused and no error is surfaced. Asserts status is not `continue`. Asserts that "\r\n" does not occur in any header name or value.
std.http.Server.Request.respondStreaming	The header is not guaranteed to be sent until `BodyWriter.flush` or `BodyWriter.end` is called. If the request contains a body and the connection is to be reused, discards the request body, leaving the Server in the `ready` state. If this discarding fails, the connection is marked as not to be reused and no error is surfaced. HEAD requests are handled transparently by setting the `BodyWriter.elide` flag on the returned `BodyWriter`, causing the response stream to omit the body. However, it may be worth noticing that flag and skipping any expensive work that would otherwise need to be done to satisfy the request. Asserts status is not `continue`.
std.http.Server.Request.upgradeRequested	Does not invalidate `request.head`.
std.http.Server.Request.respondWebSocket	The header is not guaranteed to be sent until `WebSocket.flush` is called on the returned struct.
std.http.Server.Request.readerExpectContinue	In the case that the request contains "expect: 100-continue", this function writes the continuation header, which means it can fail with a write error. After sending the continuation header, it sets the request's expect field to `null`. Asserts that this function is only called once. See `readerExpectNone` for an infallible alternative that cannot write to the server output stream.
std.http.Server.Request.readerExpectNone	Asserts the expect header is `null`. The caller must handle the expectation manually and then set the value to `null` prior to calling this function. Asserts that this function is only called once. Invalidates the string memory inside `Head`.
std.http.Server.WebSocket	See https://tools.ietf.org/html/rfc6455
std.http.Server.WebSocket.readSmallMessage	Reads the next message from the WebSocket stream, failing if the message does not fit into the input buffer. The returned memory points into the input buffer and is invalidated on the next read.
std.http.HeadParser.feed	Returns the number of bytes consumed by headers. This is always less than or equal to `bytes.len`. If the amount returned is less than `bytes.len`, the parser is in a content state and the first byte of content is located at `bytes[result]`.
std.http.ChunkParser.feed	Returns the number of bytes consumed by the chunk size. This is always less than or equal to `bytes.len`. After this function returns, `chunk_len` will contain the parsed chunk size in bytes when `state` is `data`. Alternately, `state` may become `invalid`, indicating a syntax error in the input stream. If the amount returned is less than `bytes.len`, the parser is in the `chunk_data` state and the first byte of the chunk is at `bytes[result]`. Asserts `state` is neither `data` nor `invalid`.
std.http.Method	https://developer.mozilla.org/en-US/docs/Web/HTTP/Methods https://datatracker.ietf.org/doc/html/rfc7231#section-4 Initial definition https://datatracker.ietf.org/doc/html/rfc5789#section-2 PATCH
std.http.Method.requestHasBody	Returns true if a request of this method is allowed to have a body Actual behavior from servers may vary and should still be checked
std.http.Method.responseHasBody	Returns true if a response to this method is allowed to have a body Actual behavior from clients may vary and should still be checked
std.http.Method.safe	An HTTP method is safe if it doesn't alter the state of the server. https://developer.mozilla.org/en-US/docs/Glossary/Safe/HTTP https://datatracker.ietf.org/doc/html/rfc7231#section-4.2.1
std.http.Method.idempotent	An HTTP method is idempotent if an identical request can be made once or several times in a row with the same effect while leaving the server in the same state. https://developer.mozilla.org/en-US/docs/Glossary/Idempotent https://datatracker.ietf.org/doc/html/rfc7231#section-4.2.2
std.http.Method.cacheable	A cacheable response can be stored to be retrieved and used later, saving a new request to the server. https://developer.mozilla.org/en-US/docs/Glossary/cacheable https://datatracker.ietf.org/doc/html/rfc7231#section-4.2.3
std.http.Status	https://developer.mozilla.org/en-US/docs/Web/HTTP/Status
std.http.TransferEncoding	compression is intentionally omitted here since it is handled in `ContentEncoding`.
std.http.Reader.receiveHead	Buffers the entire head inside `in`. The resulting memory is invalidated by any subsequent consumption of the input stream.
std.http.Reader.bodyReader	If compressed body has been negotiated this will return compressed bytes. Asserts only called once and after `receiveHead`. See also: * `interfaceDecompressing`
std.http.Reader.bodyReaderDecompressing	If compressed body has been negotiated this will return decompressed bytes. Asserts only called once and after `receiveHead`. See also: * `interface`
std.http.BodyWriter	Request or response body.
std.http.BodyWriter.flush	Sends all buffered data across `BodyWriter.http_protocol_output`.
std.http.BodyWriter.end	When using content-length, asserts that the amount of data sent matches the value sent in the header, then flushes `http_protocol_output`. When using transfer-encoding: chunked, writes the end-of-stream message with empty trailers, then flushes the stream to the system. Asserts any started chunk has been completely finished. Respects the value of `isEliding` to omit all data after the headers. See also: * `endUnflushed` * `endChunked`
std.http.BodyWriter.endUnflushed	When using content-length, asserts that the amount of data sent matches the value sent in the header. Otherwise, transfer-encoding: chunked is being used, and it writes the end-of-stream message with empty trailers. Respects the value of `isEliding` to omit all data after the headers. Does not flush `http_protocol_output`, but does flush `writer`. See also: * `end` * `endChunked`
std.http.BodyWriter.endChunked	Writes the end-of-stream message and any optional trailers, flushing the underlying stream. Asserts that the BodyWriter is using transfer-encoding: chunked. Respects the value of `isEliding` to omit all data after the headers. See also: * `endChunkedUnflushed` * `end`
std.http.BodyWriter.endChunkedUnflushed	Writes the end-of-stream message and any optional trailers. Does not flush. Asserts that the BodyWriter is using transfer-encoding: chunked. Respects the value of `isEliding` to omit all data after the headers. See also: * `endChunked` * `endUnflushed` * `end`
std.http.BodyWriter.noneSendFile	Returns `null` if size cannot be computed without making any syscalls.
std.json.Scanner.initStreaming	The allocator is only used to track `[]` and `{}` nesting levels.
std.json.Scanner.initCompleteInput	Use this if your input is a single slice. This is effectively equivalent to: ``` initStreaming(allocator); feedInput(complete_input); endInput(); ```
std.json.Scanner.feedInput	Call this whenever you get `error.BufferUnderrun` from `next()`. When there is no more input to provide, call `endInput()`.
std.json.Scanner.endInput	Call this when you will no longer call `feedInput()` anymore. This can be called either immediately after the last `feedInput()`, or at any time afterward, such as when getting `error.BufferUnderrun` from `next()`. Don't forget to call `next*()` after `endInput()` until you get `.end_of_document`.
std.json.Scanner.nextAlloc	Equivalent to `nextAllocMax(allocator, when, default_max_value_len);` This function is only available after `endInput()` (or `initCompleteInput()`) has been called. See also `std.json.Token` for documentation of `nextAlloc*()` function behavior.
std.json.Scanner.nextAllocMax	This function is only available after `endInput()` (or `initCompleteInput()`) has been called. See also `std.json.Token` for documentation of `nextAlloc*()` function behavior.
std.json.Scanner.allocNextIntoArrayList	Equivalent to `allocNextIntoArrayListMax(value_list, when, default_max_value_len);`
std.json.Scanner.allocNextIntoArrayListMax	The next token type must be either `.number` or `.string`. See `peekNextTokenType()`. When allocation is not necessary with `.alloc_if_needed`, this method returns the content slice from the input buffer, and `value_list` is not touched. When allocation is necessary or with `.alloc_always`, this method concatenates partial tokens into the given `value_list`, and returns `null` once the final `.number` or `.string` token has been written into it. In case of an `error.BufferUnderrun`, partial values will be left in the given value_list. The given `value_list` is never reset by this method, so an `error.BufferUnderrun` situation can be resumed by passing the same array list in again. This method does not indicate whether the token content being returned is for a `.number` or `.string` token type; the caller of this method is expected to know which type of token is being processed.
std.json.Scanner.skipValue	This function is only available after `endInput()` (or `initCompleteInput()`) has been called. If the next token type is `.object_begin` or `.array_begin`, this function calls `next()` repeatedly until the corresponding `.object_end` or `.array_end` is found. If the next token type is `.number` or `.string`, this function calls `next()` repeatedly until the (non `.partial_*`) `.number` or `.string` token is found. If the next token type is `.true`, `.false`, or `.null`, this function calls `next()` once. The next token type must not be `.object_end`, `.array_end`, or `.end_of_document`; see `peekNextTokenType()`.
std.json.Scanner.skipUntilStackHeight	Skip tokens until an `.object_end` or `.array_end` token results in a `stackHeight()` equal the given stack height. Unlike `skipValue()`, this function is available in streaming mode.
std.json.Scanner.stackHeight	The depth of `{}` or `[]` nesting levels at the current position.
std.json.Scanner.ensureTotalStackCapacity	Pre allocate memory to hold the given number of nesting levels. `stackHeight()` up to the given number will not cause allocations.
std.json.Scanner.next	See `std.json.Token` for documentation of this function.
std.json.Scanner.peekNextTokenType	Seeks ahead in the input until the first byte of the next token (or the end of the input) determines which type of token will be returned from the next `next*()` call. This function is idempotent, only advancing past commas, colons, and inter-token whitespace.
std.json.Scanner.validate	Scan the input and check for malformed JSON. On `SyntaxError` or `UnexpectedEndOfInput`, returns `false`. Returns any errors from the allocator as-is, which is unlikely, but can be caused by extreme nesting depth in the input.
std.json.Scanner.Error	The parsing errors are divided into two categories: * `SyntaxError` is for clearly malformed JSON documents, such as giving an input document that isn't JSON at all. * `UnexpectedEndOfInput` is for signaling that everything's been valid so far, but the input appears to be truncated for some reason. Note that a completely empty (or whitespace-only) input will give `UnexpectedEndOfInput`.
std.json.Scanner.default_buffer_size	Used by `json.reader`.
std.json.Scanner.Token	The tokens emitted by `std.json.Scanner` and `std.json.Reader` `.next*()` functions follow this grammar: ``` <document> = <value> .end_of_document <value> = | <object> | <array> | <number> | <string> | .true | .false | .null <object> = .object_begin ( <string> <value> )* .object_end <array> = .array_begin ( <value> )* .array_end <number> = <It depends. See below.> <string> = <It depends. See below.> ``` What you get for `<number>` and `<string>` values depends on which `next*()` method you call: ``` next(): <number> = ( .partial_number )* .number <string> = ( <partial_string> )* .string <partial_string> = | .partial_string | .partial_string_escaped_1 | .partial_string_escaped_2 | .partial_string_escaped_3 | .partial_string_escaped_4 nextAlloc*(..., .alloc_always): <number> = .allocated_number <string> = .allocated_string nextAlloc*(..., .alloc_if_needed): <number> = | .number | .allocated_number <string> = | .string | .allocated_string ``` For all tokens with a `[]const u8`, `[]u8`, or `[n]u8` payload, the payload represents the content of the value. For number values, this is the representation of the number exactly as it appears in the input. For strings, this is the content of the string after resolving escape sequences. For `.allocated_number` and `.allocated_string`, the `[]u8` payloads are allocations made with the given allocator. You are responsible for managing that memory. `json.Reader.deinit()` does *not* free those allocations. The `.partial_*` tokens indicate that a value spans multiple input buffers or that a string contains escape sequences. To get a complete value in memory, you need to concatenate the values yourself. Calling `nextAlloc*()` does this for you, and returns an `.allocated_*` token with the result. For tokens with a `[]const u8` payload, the payload is a slice into the current input buffer. The memory may become undefined during the next call to `json.Scanner.feedInput()` or any `json.Reader` method whose return error set includes `json.Error`. To keep the value persistently, it recommended to make a copy or to use `.alloc_always`, which makes a copy for you. Note that `.number` and `.string` tokens that follow `.partial_*` tokens may have `0` length to indicate that the previously partial value is completed with no additional bytes. (This can happen when the break between input buffers happens to land on the exact end of a value. E.g. `"[1234"`, `"]"`.) `.partial_*` tokens never have `0` length. The recommended strategy for using the different `next*()` methods is something like this: When you're expecting an object key, use `.alloc_if_needed`. You often don't need a copy of the key string to persist; you might just check which field it is. In the case that the key happens to require an allocation, free it immediately after checking it. When you're expecting a meaningful string value (such as on the right of a `:`), use `.alloc_always` in order to keep the value valid throughout parsing the rest of the document. When you're expecting a number value, use `.alloc_if_needed`. You're probably going to be parsing the string representation of the number into a numeric representation, so you need the complete string representation only temporarily. When you're skipping an unrecognized value, use `skipValue()`.
std.json.Scanner.TokenType	This is only used in `peekNextTokenType()` and gives a categorization based on the first byte of the next token that will be emitted from a `next*()` call.
std.json.Scanner.Diagnostics	To enable diagnostics, declare `var diagnostics = Diagnostics{};` then call `source.enableDiagnostics(&diagnostics);` where `source` is either a `std.json.Reader` or a `std.json.Scanner` that has just been initialized. At any time, notably just after an error, call `getLine()`, `getColumn()`, and/or `getByteOffset()` to get meaningful information from this.
std.json.Scanner.Diagnostics.getLine	Starts at 1.
std.json.Scanner.Diagnostics.getColumn	Starts at 1.
std.json.Scanner.Diagnostics.getByteOffset	Starts at 0. Measures the byte offset since the start of the input.
std.json.Scanner.AllocWhen	See the documentation for `std.json.Token`.
std.json.Scanner.default_max_value_len	For security, the maximum size allocated to store a single string or number value is limited to 4MiB by default. This limit can be specified by calling `nextAllocMax()` instead of `nextAlloc()`.
std.json.Scanner.Reader	All `next*()` methods here handle `error.BufferUnderrun` from `std.json.Scanner`, and then read from the reader.
std.json.Scanner.Reader.init	The allocator is only used to track `[]` and `{}` nesting levels.
std.json.Scanner.Reader.enableDiagnostics	Calls `std.json.Scanner.enableDiagnostics`.
std.json.Scanner.Reader.nextAlloc	Equivalent to `nextAllocMax(allocator, when, default_max_value_len);` See also `std.json.Token` for documentation of `nextAlloc*()` function behavior.
std.json.Scanner.Reader.nextAllocMax	See also `std.json.Token` for documentation of `nextAlloc*()` function behavior.
std.json.Scanner.Reader.allocNextIntoArrayList	Equivalent to `allocNextIntoArrayListMax(value_list, when, default_max_value_len);`
std.json.Scanner.Reader.allocNextIntoArrayListMax	Calls `std.json.Scanner.allocNextIntoArrayListMax` and handles `error.BufferUnderrun`.
std.json.Scanner.Reader.skipValue	Like `std.json.Scanner.skipValue`, but handles `error.BufferUnderrun`.
std.json.Scanner.Reader.skipUntilStackHeight	Like `std.json.Scanner.skipUntilStackHeight()` but handles `error.BufferUnderrun`.
std.json.Scanner.Reader.stackHeight	Calls `std.json.Scanner.stackHeight`.
std.json.Scanner.Reader.ensureTotalStackCapacity	Calls `std.json.Scanner.ensureTotalStackCapacity`.
std.json.Scanner.Reader.next	See `std.json.Token` for documentation of this function.
std.json.Scanner.Reader.peekNextTokenType	See `std.json.Scanner.peekNextTokenType()`.
std.json.Scanner.isNumberFormattedLikeAnInteger	For the slice you get from a `Token.number` or `Token.allocated_number`, this function returns true if the number doesn't contain any fraction or exponent components, and is not `-0`. Note, the numeric value encoded by the value may still be an integer, such as `1.0`. This function is meant to give a hint about whether integer parsing or float parsing should be used on the value. This function will not give meaningful results on non-numeric input.
std.json.Stringify.print	An alternative to calling `write` that formats a value with `std.fmt`. This function does the usual punctuation and indentation formatting assuming the resulting formatted string represents a single complete value; e.g. `"1"`, `"[]"`, `"[1,2]"`, not `"1,2"`. This function may be useful for doing your own number formatting.
std.json.Stringify.beginWriteRaw	An alternative to calling `write` that allows you to write directly to the `.writer` field, e.g. with `.writer.writeAll()`. Call `beginWriteRaw()`, then write a complete value (including any quotes if necessary) directly to the `.writer` field, then call `endWriteRaw()`. This can be useful for streaming very long strings into the output without needing it all buffered in memory.
std.json.Stringify.endWriteRaw	See `beginWriteRaw`.
std.json.Stringify.objectField	See `Stringify` for when to call this method. `key` is the string content of the property name. Surrounding quotes will be added and any special characters will be escaped. See also `objectFieldRaw`.
std.json.Stringify.objectFieldRaw	See `Stringify` for when to call this method. `quoted_key` is the complete bytes of the key including quotes and any necessary escape sequences. A few assertions are performed on the given value to ensure that the caller of this function understands the API contract. See also `objectField`.
std.json.Stringify.beginObjectFieldRaw	In the rare case that you need to write very long object field names, this is an alternative to `objectField` and `objectFieldRaw` that allows you to write directly to the `.writer` field similar to `beginWriteRaw`. Call `endObjectFieldRaw()` when you're done.
std.json.Stringify.endObjectFieldRaw	See `beginObjectFieldRaw`.
std.json.Stringify.write	Renders the given Zig value as JSON. Supported types: * Zig `bool` -> JSON `true` or `false`. * Zig `?T` -> `null` or the rendering of `T`. * Zig `i32`, `u64`, etc. -> JSON number or string. * When option `emit_nonportable_numbers_as_strings` is true, if the value is outside the range `+-1<<53` (the precise integer range of f64), it is rendered as a JSON string in base 10. Otherwise, it is rendered as JSON number. * Zig floats -> JSON number or string. * If the value cannot be precisely represented by an f64, it is rendered as a JSON string. Otherwise, it is rendered as JSON number. * TODO: Float rendering will likely change in the future, e.g. to remove the unnecessary "e+00". * Zig `[]const u8`, `[]u8`, `*[N]u8`, `@Vector(N, u8)`, and similar -> JSON string. * See `Options.emit_strings_as_arrays`. * If the content is not valid UTF-8, rendered as an array of numbers instead. * Zig `[]T`, `[N]T`, `*[N]T`, `@Vector(N, T)`, and similar -> JSON array of the rendering of each item. * Zig tuple -> JSON array of the rendering of each item. * Zig `struct` -> JSON object with each field in declaration order. * If the struct declares a method `pub fn jsonStringify(self: *@This(), jw: anytype) !void`, it is called to do the serialization instead of the default behavior. The given `jw` is a pointer to this `Stringify`. See `std.json.Value` for an example. * See `Options.emit_null_optional_fields`. * Zig `union(enum)` -> JSON object with one field named for the active tag and a value representing the payload. * If the payload is `void`, then the emitted value is `{}`. * If the union declares a method `pub fn jsonStringify(self: *@This(), jw: anytype) !void`, it is called to do the serialization instead of the default behavior. The given `jw` is a pointer to this `Stringify`. * Zig `enum` -> JSON string naming the active tag. * If the enum declares a method `pub fn jsonStringify(self: *@This(), jw: anytype) !void`, it is called to do the serialization instead of the default behavior. The given `jw` is a pointer to this `Stringify`. * If the enum is non-exhaustive, unnamed values are rendered as integers. * Zig untyped enum literal -> JSON string naming the active tag. * Zig error -> JSON string naming the error. * Zig `*T` -> the rendering of `T`. Note there is no guard against circular-reference infinite recursion. See also alternative functions `print` and `beginWriteRaw`. For writing object field names, use `objectField` instead.
std.json.Stringify.value	Writes the given value to the `Writer` writer. See `Stringify` for how the given value is serialized into JSON. The maximum nesting depth of the output JSON document is 256.
std.json.Stringify.valueAlloc	Calls `value` and stores the result in dynamically allocated memory instead of taking a writer. Caller owns returned memory.
std.json.Stringify.encodeJsonString	Write `string` to `writer` as a JSON encoded string.
std.json.Stringify.encodeJsonStringChars	Write `chars` to `writer` as JSON encoded string characters.
std.json.fmt	Returns a formatter that formats the given value using stringify.
std.json.Formatter	Formats the given value using stringify.
std.leb.writeUnsignedFixed	This is an "advanced" function. It allows one to use a fixed amount of memory to store a ULEB128. This defeats the entire purpose of using this data encoding; it will no longer use fewer bytes to store smaller numbers. The advantage of using a fixed width is that it makes fields have a predictable size and so depending on the use case this tradeoff can be worthwhile. An example use case of this is in emitting DWARF info where one wants to make a ULEB128 field "relocatable", meaning that it becomes possible to later go back and patch the number to be a different value without shifting all the following code.
std.leb.writeUnsignedExtended	Same as `writeUnsignedFixed` but with a runtime-known length. Asserts `slice.len > 0`.
std.leb.writeSignedFixed	This is an "advanced" function. It allows one to use a fixed amount of memory to store an ILEB128. This defeats the entire purpose of using this data encoding; it will no longer use fewer bytes to store smaller numbers. The advantage of using a fixed width is that it makes fields have a predictable size and so depending on the use case this tradeoff can be worthwhile. An example use case of this is in emitting DWARF info where one wants to make a ILEB128 field "relocatable", meaning that it becomes possible to later go back and patch the number to be a different value without shifting all the following code.
std.log.Level.asText	Returns a string literal of the given level in full text form.
std.log.default_level	The default log level is based on build mode.
std.log.logEnabled	Determine if a specific log message level and scope combination are enabled for logging.
std.log.defaultLog	The default implementation for the log function. Custom log functions may forward log messages to this function. Uses a 64-byte buffer for formatted printing which is flushed before this function returns.
std.log.scoped	Returns a scoped logging namespace that logs all messages using the scope provided here.
std.log.default	The default scoped logging namespace.
std.log.err	Log an error message using the default scope. This log level is intended to be used when something has gone wrong. This might be recoverable or might be followed by the program exiting.
std.log.warn	Log a warning message using the default scope. This log level is intended to be used if it is uncertain whether something has gone wrong or not, but the circumstances would be worth investigating.
std.log.info	Log an info message using the default scope. This log level is intended to be used for general messages about the state of the program.
std.log.debug	Log a debug message using the default scope. This log level is intended to be used for messages which are only useful for debugging.
std.macho.uuid_command	The uuid load command contains a single 128-bit unique random number that identifies an object produced by the static link editor.
std.macho.version_min_command	The version_min_command contains the min OS version on which this binary was built to run.
std.macho.source_version_command	The source_version_command is an optional load command containing the version of the sources used to build the binary.
std.macho.build_version_command	The build_version_command contains the min OS version on which this binary was built to run for its platform. The list of known platforms and tool values following it.
std.macho.entry_point_command	The entry_point_command is a replacement for thread_command. It is used for main executables to specify the location (file offset) of main(). If -stack_size was used at link time, the stacksize field will contain the stack size needed for the main thread.
std.macho.symtab_command	The symtab_command contains the offsets and sizes of the link-edit 4.3BSD "stab" style symbol table information as described in the header files <nlist.h> and <stab.h>.
std.macho.dysymtab_command	This is the second set of the symbolic information which is used to support the data structures for the dynamically link editor. The original set of symbolic information in the symtab_command which contains the symbol and string tables must also be present when this load command is present. When this load command is present the symbol table is organized into three groups of symbols: local symbols (static and debugging symbols) - grouped by module defined external symbols - grouped by module (sorted by name if not lib) undefined external symbols (sorted by name if MH_BINDATLOAD is not set, and in order the were seen by the static linker if MH_BINDATLOAD is set) In this load command there are offsets and counts to each of the three groups of symbols. This load command contains a the offsets and sizes of the following new symbolic information tables: table of contents module table reference symbol table indirect symbol table The first three tables above (the table of contents, module table and reference symbol table) are only present if the file is a dynamically linked shared library. For executable and object modules, which are files containing only one module, the information that would be in these three tables is determined as follows: table of contents - the defined external symbols are sorted by name module table - the file contains only one module so everything in the file is part of the module. reference symbol table - is the defined and undefined external symbols For dynamically linked shared library files this load command also contains offsets and sizes to the pool of relocation entries for all sections separated into two groups: external relocation entries local relocation entries For executable and object modules the relocation entries continue to hang off the section structures.
std.macho.linkedit_data_command	The linkedit_data_command contains the offsets and sizes of a blob of data in the __LINKEDIT segment.
std.macho.dyld_info_command	The dyld_info_command contains the file offsets and sizes of the new compressed form of the information dyld needs to load the image. This information is used by dyld on Mac OS X 10.6 and later. All information pointed to by this command is encoded using byte streams, so no endian swapping is needed to interpret it.
std.macho.dylinker_command	A program that uses a dynamic linker contains a dylinker_command to identify the name of the dynamic linker (LC_LOAD_DYLINKER). And a dynamic linker contains a dylinker_command to identify the dynamic linker (LC_ID_DYLINKER). A file can have at most one of these. This struct is also used for the LC_DYLD_ENVIRONMENT load command and contains string for dyld to treat like an environment variable.
std.macho.dylib_command	A dynamically linked shared library (filetype == MH_DYLIB in the mach header) contains a dylib_command (cmd == LC_ID_DYLIB) to identify the library. An object that uses a dynamically linked shared library also contains a dylib_command (cmd == LC_LOAD_DYLIB, LC_LOAD_WEAK_DYLIB, or LC_REEXPORT_DYLIB) for each library it uses.
std.macho.dylib	Dynamically linked shared libraries are identified by two things. The pathname (the name of the library as found for execution), and the compatibility version number. The pathname must match and the compatibility number in the user of the library must be greater than or equal to the library being used. The time stamp is used to record the time a library was built and copied into user so it can be use to determined if the library used at runtime is exactly the same as used to build the program.
std.macho.rpath_command	The rpath_command contains a path which at runtime should be added to the current run path used to find @rpath prefixed dylibs.
std.macho.segment_command	The segment load command indicates that a part of this file is to be mapped into the task's address space. The size of this segment in memory, vmsize, maybe equal to or larger than the amount to map from this file, filesize. The file is mapped starting at fileoff to the beginning of the segment in memory, vmaddr. The rest of the memory of the segment, if any, is allocated zero fill on demand. The segment's maximum virtual memory protection and initial virtual memory protection are specified by the maxprot and initprot fields. If the segment has sections then the section structures directly follow the segment command and their size is reflected in cmdsize.
std.macho.segment_command_64	The 64-bit segment load command indicates that a part of this file is to be mapped into a 64-bit task's address space. If the 64-bit segment has sections then section_64 structures directly follow the 64-bit segment command and their size is reflected in cmdsize.
std.macho.PROT.NONE	[MC2] no permissions
std.macho.PROT.READ	[MC2] pages can be read
std.macho.PROT.WRITE	[MC2] pages can be written
std.macho.PROT.EXEC	[MC2] pages can be executed
std.macho.PROT.COPY	When a caller finds that they cannot obtain write permission on a mapped entry, the following flag can be used. The entry will be made "needs copy" effectively copying the object (using COW), and write permission will be added to the maximum protections for the associated entry.
std.macho.section	A segment is made up of zero or more sections. Non-MH_OBJECT files have all of their segments with the proper sections in each, and padded to the specified segment alignment when produced by the link editor. The first segment of a MH_EXECUTE and MH_FVMLIB format file contains the mach_header and load commands of the object file before its first section. The zero fill sections are always last in their segment (in all formats). This allows the zeroed segment padding to be mapped into memory where zero fill sections might be. The gigabyte zero fill sections, those with the section type S_GB_ZEROFILL, can only be in a segment with sections of this type. These segments are then placed after all other segments. The MH_OBJECT format has all of its sections in one segment for compactness. There is no padding to a specified segment boundary and the mach_header and load commands are not part of the segment. Sections with the same section name, sectname, going into the same segment, segname, are combined by the link editor. The resulting section is aligned to the maximum alignment of the combined sections and is the new section's alignment. The combined sections are aligned to their original alignment in the combined section. Any padded bytes to get the specified alignment are zeroed. The format of the relocation entries referenced by the reloff and nreloc fields of the section structure for mach object files is described in the header file <reloc.h>.
std.macho.relocation_info	Format of a relocation entry of a Mach-O file. Modified from the 4.3BSD format. The modifications from the original format were changing the value of the r_symbolnum field for "local" (r_extern == 0) relocation entries. This modification is required to support symbols in an arbitrary number of sections not just the three sections (text, data and bss) in a 4.3BSD file. Also the last 4 bits have had the r_type tag added to them.
std.macho.LC_REQ_DYLD	After MacOS X 10.1 when a new load command is added that is required to be understood by the dynamic linker for the image to execute properly the LC_REQ_DYLD bit will be or'ed into the load command constant. If the dynamic linker sees such a load command it it does not understand will issue a "unknown load command required for execution" error and refuse to use the image. Other load commands without this bit that are not understood will simply be ignored.
std.macho.MH_MAGIC	the mach magic number
std.macho.MH_CIGAM	NXSwapInt(MH_MAGIC)
std.macho.MH_MAGIC_64	the 64-bit mach magic number
std.macho.MH_CIGAM_64	NXSwapInt(MH_MAGIC_64)
std.macho.MH_OBJECT	relocatable object file
std.macho.MH_EXECUTE	demand paged executable file
std.macho.MH_FVMLIB	fixed VM shared library file
std.macho.MH_CORE	core file
std.macho.MH_PRELOAD	preloaded executable file
std.macho.MH_DYLIB	dynamically bound shared library
std.macho.MH_DYLINKER	dynamic link editor
std.macho.MH_BUNDLE	dynamically bound bundle file
std.macho.MH_DYLIB_STUB	shared library stub for static linking only, no section contents
std.macho.MH_DSYM	companion file with only debug sections
std.macho.MH_KEXT_BUNDLE	x86_64 kexts
std.macho.MH_NOUNDEFS	the object file has no undefined references
std.macho.MH_INCRLINK	the object file is the output of an incremental link against a base file and can't be link edited again
std.macho.MH_DYLDLINK	the object file is input for the dynamic linker and can't be statically link edited again
std.macho.MH_BINDATLOAD	the object file's undefined references are bound by the dynamic linker when loaded.
std.macho.MH_PREBOUND	the file has its dynamic undefined references prebound.
std.macho.MH_SPLIT_SEGS	the file has its read-only and read-write segments split
std.macho.MH_LAZY_INIT	the shared library init routine is to be run lazily via catching memory faults to its writeable segments (obsolete)
std.macho.MH_TWOLEVEL	the image is using two-level name space bindings
std.macho.MH_FORCE_FLAT	the executable is forcing all images to use flat name space bindings
std.macho.MH_NOMULTIDEFS	this umbrella guarantees no multiple definitions of symbols in its sub-images so the two-level namespace hints can always be used.
std.macho.MH_NOFIXPREBINDING	do not have dyld notify the prebinding agent about this executable
std.macho.MH_PREBINDABLE	the binary is not prebound but can have its prebinding redone. only used when MH_PREBOUND is not set.
std.macho.MH_ALLMODSBOUND	indicates that this binary binds to all two-level namespace modules of its dependent libraries. only used when MH_PREBINDABLE and MH_TWOLEVEL are both set.
std.macho.MH_SUBSECTIONS_VIA_SYMBOLS	safe to divide up the sections into sub-sections via symbols for dead code stripping
std.macho.MH_CANONICAL	the binary has been canonicalized via the unprebind operation
std.macho.MH_WEAK_DEFINES	the final linked image contains external weak symbols
std.macho.MH_BINDS_TO_WEAK	the final linked image uses weak symbols
std.macho.MH_ALLOW_STACK_EXECUTION	When this bit is set, all stacks in the task will be given stack execution privilege. Only used in MH_EXECUTE filetypes.
std.macho.MH_ROOT_SAFE	When this bit is set, the binary declares it is safe for use in processes with uid zero
std.macho.MH_SETUID_SAFE	When this bit is set, the binary declares it is safe for use in processes when issetugid() is true
std.macho.MH_NO_REEXPORTED_DYLIBS	When this bit is set on a dylib, the static linker does not need to examine dependent dylibs to see if any are re-exported
std.macho.MH_PIE	When this bit is set, the OS will load the main executable at a random address. Only used in MH_EXECUTE filetypes.
std.macho.MH_DEAD_STRIPPABLE_DYLIB	Only for use on dylibs. When linking against a dylib that has this bit set, the static linker will automatically not create a LC_LOAD_DYLIB load command to the dylib if no symbols are being referenced from the dylib.
std.macho.MH_HAS_TLV_DESCRIPTORS	Contains a section of type S_THREAD_LOCAL_VARIABLES
std.macho.MH_NO_HEAP_EXECUTION	When this bit is set, the OS will run the main executable with a non-executable heap even on platforms (e.g. x86) that don't require it. Only used in MH_EXECUTE filetypes.
std.macho.MH_APP_EXTENSION_SAFE	The code was linked for use in an application extension.
std.macho.MH_NLIST_OUTOFSYNC_WITH_DYLDINFO	The external symbols listed in the nlist symbol table do not include all the symbols listed in the dyld info.
std.macho.MH_SIM_SUPPORT	Allow LC_MIN_VERSION_MACOS and LC_BUILD_VERSION load commands with the platforms macOS, iOSMac, iOSSimulator, tvOSSimulator and watchOSSimulator.
std.macho.MH_DYLIB_IN_CACHE	Only for use on dylibs. When this bit is set, the dylib is part of the dyld shared cache, rather than loose in the filesystem.
std.macho.FAT_MAGIC	the fat magic number
std.macho.FAT_CIGAM	NXSwapLong(FAT_MAGIC)
std.macho.FAT_MAGIC_64	the 64-bit fat magic number
std.macho.FAT_CIGAM_64	NXSwapLong(FAT_MAGIC_64)
std.macho.SG_HIGHVM	Segment flags The file contents for this segment is for the high part of the VM space, the low part is zero filled (for stacks in core files).
std.macho.SG_FVMLIB	This segment is the VM that is allocated by a fixed VM library, for overlap checking in the link editor.
std.macho.SG_NORELOC	This segment has nothing that was relocated in it and nothing relocated to it, that is it maybe safely replaced without relocation.
std.macho.SG_PROTECTED_VERSION_1	This segment is protected. If the segment starts at file offset 0, the first page of the segment is not protected. All other pages of the segment are protected.
std.macho.SG_READ_ONLY	This segment is made read-only after fixups
std.macho.SECTION_TYPE	The flags field of a section structure is separated into two parts a section type and section attributes. The section types are mutually exclusive (it can only have one type) but the section attributes are not (it may have more than one attribute). 256 section types
std.macho.SECTION_ATTRIBUTES	24 section attributes
std.macho.S_REGULAR	regular section
std.macho.S_ZEROFILL	zero fill on demand section
std.macho.S_CSTRING_LITERALS	section with only literal C string
std.macho.S_4BYTE_LITERALS	section with only 4 byte literals
std.macho.S_8BYTE_LITERALS	section with only 8 byte literals
std.macho.S_LITERAL_POINTERS	section with only pointers to
std.macho.N_STAB	if any of these bits set, a symbolic debugging entry
std.macho.N_PEXT	private external symbol bit
std.macho.N_TYPE	mask for the type bits
std.macho.N_EXT	external symbol bit, set for external symbols
std.macho.N_UNDF	symbol is undefined
std.macho.N_ABS	symbol is absolute
std.macho.N_SECT	symbol is defined in the section number given in n_sect
std.macho.N_PBUD	symbol is undefined and the image is using a prebound value for the symbol
std.macho.N_INDR	symbol is defined to be the same as another symbol; the n_value field is an index into the string table specifying the name of the other symbol
std.macho.N_GSYM	global symbol: name,,NO_SECT,type,0
std.macho.N_FNAME	procedure name (f77 kludge): name,,NO_SECT,0,0
std.macho.N_FUN	procedure: name,,n_sect,linenumber,address
std.macho.N_STSYM	static symbol: name,,n_sect,type,address
std.macho.N_LCSYM	.lcomm symbol: name,,n_sect,type,address
std.macho.N_BNSYM	begin nsect sym: 0,,n_sect,0,address
std.macho.N_AST	AST file path: name,,NO_SECT,0,0
std.macho.N_OPT	emitted with gcc2_compiled and in gcc source
std.macho.N_RSYM	register sym: name,,NO_SECT,type,register
std.macho.N_SLINE	src line: 0,,n_sect,linenumber,address
std.macho.N_ENSYM	end nsect sym: 0,,n_sect,0,address
std.macho.N_SSYM	structure elt: name,,NO_SECT,type,struct_offset
std.macho.N_SO	source file name: name,,n_sect,0,address
std.macho.N_OSO	object file name: name,,0,0,st_mtime
std.macho.N_LSYM	local sym: name,,NO_SECT,type,offset
std.macho.N_BINCL	include file beginning: name,,NO_SECT,0,sum
std.macho.N_SOL	#included file name: name,,n_sect,0,address
std.macho.N_PARAMS	compiler parameters: name,,NO_SECT,0,0
std.macho.N_VERSION	compiler version: name,,NO_SECT,0,0
std.macho.N_OLEVEL	compiler -O level: name,,NO_SECT,0,0
std.macho.N_PSYM	parameter: name,,NO_SECT,type,offset
std.macho.N_EINCL	include file end: name,,NO_SECT,0,0
std.macho.N_ENTRY	alternate entry: name,,n_sect,linenumber,address
std.macho.N_LBRAC	left bracket: 0,,NO_SECT,nesting level,address
std.macho.N_EXCL	deleted include file: name,,NO_SECT,0,sum
std.macho.N_RBRAC	right bracket: 0,,NO_SECT,nesting level,address
std.macho.N_BCOMM	begin common: name,,NO_SECT,0,0
std.macho.N_ECOMM	end common: name,,n_sect,0,0
std.macho.N_ECOML	end common (local name): 0,,n_sect,0,address
std.macho.N_LENG	second stab entry with length information
std.macho.S_NON_LAZY_SYMBOL_POINTERS	section with only non-lazy symbol pointers
std.macho.S_LAZY_SYMBOL_POINTERS	section with only lazy symbol pointers
std.macho.S_SYMBOL_STUBS	section with only symbol stubs, byte size of stub in the reserved2 field
std.macho.S_MOD_INIT_FUNC_POINTERS	section with only function pointers for initialization
std.macho.S_MOD_TERM_FUNC_POINTERS	section with only function pointers for termination
std.macho.S_COALESCED	section contains symbols that are to be coalesced
std.macho.S_GB_ZEROFILL	zero fill on demand section (that can be larger than 4 gigabytes)
std.macho.S_INTERPOSING	section with only pairs of function pointers for interposing
std.macho.S_16BYTE_LITERALS	section with only 16 byte literals
std.macho.S_DTRACE_DOF	section contains DTrace Object Format
std.macho.S_LAZY_DYLIB_SYMBOL_POINTERS	section with only lazy symbol pointers to lazy loaded dylibs
std.macho.S_ATTR_DEBUG	a debug section
std.macho.S_ATTR_PURE_INSTRUCTIONS	section contains only true machine instructions
std.macho.S_ATTR_NO_TOC	section contains coalesced symbols that are not to be in a ranlib table of contents
std.macho.S_ATTR_STRIP_STATIC_SYMS	ok to strip static symbols in this section in files with the MH_DYLDLINK flag
std.macho.S_ATTR_NO_DEAD_STRIP	no dead stripping
std.macho.S_ATTR_LIVE_SUPPORT	blocks are live if they reference live blocks
std.macho.S_ATTR_SELF_MODIFYING_CODE	used with x86 code stubs written on by dyld
std.macho.S_ATTR_SOME_INSTRUCTIONS	section contains some machine instructions
std.macho.S_ATTR_EXT_RELOC	section has external relocation entries
std.macho.S_ATTR_LOC_RELOC	section has local relocation entries
std.macho.S_THREAD_LOCAL_REGULAR	template of initial values for TLVs
std.macho.S_THREAD_LOCAL_ZEROFILL	template of initial values for TLVs
std.macho.S_THREAD_LOCAL_VARIABLES	TLV descriptors
std.macho.S_THREAD_LOCAL_VARIABLE_POINTERS	pointers to TLV descriptors
std.macho.S_THREAD_LOCAL_INIT_FUNCTION_POINTERS	functions to call to initialize TLV values
std.macho.S_INIT_FUNC_OFFSETS	32-bit offsets to initializers
std.macho.CPU_TYPE_X86_64	CPU type targeting 64-bit Intel-based Macs
std.macho.CPU_TYPE_ARM64	CPU type targeting 64-bit ARM-based Macs
std.macho.CPU_SUBTYPE_X86_64_ALL	All Intel-based Macs
std.macho.CPU_SUBTYPE_ARM_ALL	All ARM-based Macs
std.macho.REFERENCE_FLAG_UNDEFINED_NON_LAZY	This symbol is a reference to an external non-lazy (data) symbol.
std.macho.REFERENCE_FLAG_UNDEFINED_LAZY	This symbol is a reference to an external lazy symbol—that is, to a function call.
std.macho.REFERENCE_FLAG_DEFINED	This symbol is defined in this module.
std.macho.REFERENCE_FLAG_PRIVATE_DEFINED	This symbol is defined in this module and is visible only to modules within this shared library.
std.macho.REFERENCE_FLAG_PRIVATE_UNDEFINED_NON_LAZY	This symbol is defined in another module in this file, is a non-lazy (data) symbol, and is visible only to modules within this shared library.
std.macho.REFERENCE_FLAG_PRIVATE_UNDEFINED_LAZY	This symbol is defined in another module in this file, is a lazy (function) symbol, and is visible only to modules within this shared library.
std.macho.REFERENCED_DYNAMICALLY	Must be set for any defined symbol that is referenced by dynamic-loader APIs (such as dlsym and NSLookupSymbolInImage) and not ordinary undefined symbol references. The strip tool uses this bit to avoid removing symbols that must exist: If the symbol has this bit set, strip does not strip it.
std.macho.N_NO_DEAD_STRIP	The N_NO_DEAD_STRIP bit of the n_desc field only ever appears in a relocatable .o file (MH_OBJECT filetype). And is used to indicate to the static link editor it is never to dead strip the symbol.
std.macho.N_DESC_DISCARDED	Used by the dynamic linker at runtime. Do not set this bit.
std.macho.N_WEAK_REF	Indicates that this symbol is a weak reference. If the dynamic linker cannot find a definition for this symbol, it sets the address of this symbol to 0. The static linker sets this symbol given the appropriate weak-linking flags.
std.macho.N_WEAK_DEF	Indicates that this symbol is a weak definition. If the static linker or the dynamic linker finds another (non-weak) definition for this symbol, the weak definition is ignored. Only symbols in a coalesced section (page 23) can be marked as a weak definition.
std.macho.N_SYMBOL_RESOLVER	The N_SYMBOL_RESOLVER bit of the n_desc field indicates that the that the function is actually a resolver function and should be called to get the address of the real function to use. This bit is only available in .o files (MH_OBJECT filetype)
std.macho.CSMAGIC_REQUIREMENT	Single Requirement blob
std.macho.CSMAGIC_REQUIREMENTS	Requirements vector (internal requirements)
std.macho.CSMAGIC_CODEDIRECTORY	CodeDirectory blob
std.macho.CSMAGIC_EMBEDDED_SIGNATURE	embedded form of signature data
std.macho.CSMAGIC_EMBEDDED_SIGNATURE_OLD	XXX
std.macho.CSMAGIC_EMBEDDED_ENTITLEMENTS	Embedded entitlements
std.macho.CSMAGIC_EMBEDDED_DER_ENTITLEMENTS	Embedded DER encoded entitlements
std.macho.CSMAGIC_DETACHED_SIGNATURE	Multi-arch collection of embedded signatures
std.macho.CSMAGIC_BLOBWRAPPER	CMS Signature, among other things
std.macho.CSSLOT_CODEDIRECTORY	Slot index for CodeDirectory
std.macho.CSSLOT_ALTERNATE_CODEDIRECTORIES	first alternate CodeDirectory, if any
std.macho.CSSLOT_ALTERNATE_CODEDIRECTORY_MAX	Max number of alternate CD slots
std.macho.CSSLOT_ALTERNATE_CODEDIRECTORY_LIMIT	One past the last
std.macho.CSSLOT_SIGNATURESLOT	CMS Signature
std.macho.CSTYPE_INDEX_REQUIREMENTS	Compat with amfi
std.macho.CSTYPE_INDEX_ENTITLEMENTS	Compat with amfi
std.macho.CS_CDHASH_LEN	Always - larger hashes are truncated
std.macho.CS_HASH_MAX_SIZE	Max size of the hash we'll support
std.macho.CodeDirectory	This CodeDirectory is tailored specifically at version 0x20400.
std.macho.BlobIndex	Structure of an embedded-signature SuperBlob
std.macho.SuperBlob	This structure is followed by GenericBlobs in no particular order as indicated by offsets in index
std.macho.data_in_code_entry	The LC_DATA_IN_CODE load commands uses a linkedit_data_command to point to an array of data_in_code_entry entries. Each entry describes a range of data in a code section.
std.macho.LoadCommandIterator.LoadCommand.getSections	Asserts LoadCommand is of type segment_command_64. If the native endian is not `.little`, the `section_64` values must be byte-swapped by the caller.
std.macho.LoadCommandIterator.LoadCommand.getDylibPathName	Asserts LoadCommand is of type dylib_command.
std.macho.LoadCommandIterator.LoadCommand.getRpathPathName	Asserts LoadCommand is of type rpath_command.
std.macho.LoadCommandIterator.LoadCommand.getBuildVersionTools	Asserts LoadCommand is of type build_version_command. If the native endian is not `.little`, the `build_tool_version` values must be byte-swapped by the caller.
std.math.e	Euler's number (e)
std.math.pi	Archimedes' constant (π)
std.math.phi	Phi or Golden ratio constant (Φ) = (1 + sqrt(5))/2
std.math.tau	Circle constant (τ)
std.math.log2e	log2(e)
std.math.log10e	log10(e)
std.math.ln2	ln(2)
std.math.ln10	ln(10)
std.math.two_sqrtpi	2/sqrt(π)
std.math.sqrt2	sqrt(2)
std.math.sqrt1_2	1/sqrt(2)
std.math.rad_per_deg	pi/180.0
std.math.deg_per_rad	180.0/pi
std.math.approxEqAbs	Performs an approximate comparison of two floating point values `x` and `y`. Returns true if the absolute difference between them is less or equal than the specified tolerance. The `tolerance` parameter is the absolute tolerance used when determining if the two numbers are close enough; a good value for this parameter is a small multiple of `floatEps(T)`. Note that this function is recommended for comparing small numbers around zero; using `approxEqRel` is suggested otherwise. NaN values are never considered equal to any value.
std.math.approxEqRel	Performs an approximate comparison of two floating point values `x` and `y`. Returns true if the absolute difference between them is less or equal than `max(|x|, |y|) * tolerance`, where `tolerance` is a positive number greater than zero. The `tolerance` parameter is the relative tolerance used when determining if the two numbers are close enough; a good value for this parameter is usually `sqrt(floatEps(T))`, meaning that the two numbers are considered equal if at least half of the digits are equal. Note that for comparisons of small numbers around zero this function won't give meaningful results, use `approxEqAbs` instead. NaN values are never considered equal to any value.
std.math.sin	Sine trigonometric function on a floating point number. Uses a dedicated hardware instruction when available. This is the same as calling the builtin @sin
std.math.cos	Cosine trigonometric function on a floating point number. Uses a dedicated hardware instruction when available. This is the same as calling the builtin @cos
std.math.tan	Tangent trigonometric function on a floating point number. Uses a dedicated hardware instruction when available. This is the same as calling the builtin @tan
std.math.radiansToDegrees	Converts an angle in radians to degrees. T must be a float or comptime number or a vector of floats.
std.math.degreesToRadians	Converts an angle in degrees to radians. T must be a float or comptime number or a vector of floats.
std.math.exp	Base-e exponential function on a floating point number. Uses a dedicated hardware instruction when available. This is the same as calling the builtin @exp
std.math.exp2	Base-2 exponential function on a floating point number. Uses a dedicated hardware instruction when available. This is the same as calling the builtin @exp2
std.math.complex.Complex	A complex number consisting of a real an imaginary part. T must be a floating-point value.
std.math.big.int.calcLimbLen	Returns the number of limbs needed to store `scalar`, which must be a primitive integer or float value. Note: A comptime-known upper bound of this value that may be used instead if `scalar` is not already comptime-known is `calcTwosCompLimbCount(@typeInfo(@TypeOf(scalar)).int.bits)`
std.math.big.int.calcLog10LimbsBufferLen	Same as `calcToStringLimbsBufferLen`, without the useless base check.
std.math.big.int.calcSetStringLimbCount	Assumes `string_len` doesn't account for minus signs if the number is negative.
std.math.big.int.calcNonZeroTwosCompLimbCount	Compute the number of limbs required to store a 2s-complement number of `bit_count` bits.
std.math.big.int.calcTwosCompLimbCount	Compute the number of limbs required to store a 2s-complement number of `bit_count` bits. Special cases `bit_count == 0` to return 1. Zero-bit integers can only store the value zero and this big integer implementation stores zero using one limb.
std.math.big.int.addMulLimbWithCarry	a + b * c + *carry, sets carry to the overflow bits
std.math.big.int.TwosCompIntLimit	Used to indicate either limit of a 2s-complement integer.
std.math.big.int.Mutable	A arbitrary-precision big integer, with a fixed set of mutable limbs.
std.math.big.int.Mutable.toInt	Convert `self` to `Int`. Returns an error if self cannot be narrowed into the requested type without truncation.
std.math.big.int.Mutable.toFloat	Convert `self` to `Float`.
std.math.big.int.Mutable.eqlZero	Returns true if `a == 0`.
std.math.big.int.Mutable.toManaged	Asserts that the allocator owns the limbs memory. If this is not the case, use `toConst().toManaged()`.
std.math.big.int.Mutable.init	`value` is a primitive integer type. Asserts the value fits within the provided `limbs_buffer`. Note: `calcLimbLen` can be used to figure out how big an array to allocate for `limbs_buffer`.
std.math.big.int.Mutable.copy	Copies the value of a Const to an existing Mutable so that they both have the same value. Asserts the value fits in the limbs buffer.
std.math.big.int.Mutable.swap	Efficiently swap an Mutable with another. This swaps the limb pointers and a full copy is not performed. The address of the limbs field will not be the same after this function.
std.math.big.int.Mutable.clone	Clones an Mutable and returns a new Mutable with the same value. The new Mutable is a deep copy and can be modified separately from the original. Asserts that limbs is big enough to store the value.
std.math.big.int.Mutable.abs	Modify to become the absolute value
std.math.big.int.Mutable.set	Sets the Mutable to value. Value must be an primitive integer type. Asserts the value fits within the limbs buffer. Note: `calcLimbLen` can be used to figure out how big the limbs buffer needs to be to store a specific value.
std.math.big.int.Mutable.setString	Set self from the string representation `value`. `value` must contain only digits <= `base` and is case insensitive. Base prefixes are not allowed (e.g. 0x43 should simply be 43). Underscores in the input string are ignored and can be used as digit separators. There must be enough memory for the value in `self.limbs`. An upper bound on number of limbs can be determined with `calcSetStringLimbCount`. Asserts the base is in the range [2, 36]. Returns an error if the value has invalid digits for the requested base.
std.math.big.int.Mutable.setTwosCompIntLimit	Set self to either bound of a 2s-complement integer. Note: The result is still sign-magnitude, not twos complement! In order to convert the result to twos complement, it is sufficient to take the absolute value. Asserts the result fits in `r`. An upper bound on the number of limbs needed by r is `calcTwosCompLimbCount(bit_count)`.
std.math.big.int.Mutable.setFloat	Sets the Mutable to a float value rounded according to `round`. Returns whether the conversion was exact (`round` had no effect on the result).
std.math.big.int.Mutable.addScalar	r = a + scalar r and a may be aliases. scalar is a primitive integer type. Asserts the result fits in `r`. An upper bound on the number of limbs needed by r is `@max(a.limbs.len, calcLimbLen(scalar)) + 1`.
std.math.big.int.Mutable.add	r = a + b r, a and b may be aliases. Asserts the result fits in `r`. An upper bound on the number of limbs needed by r is `@max(a.limbs.len, b.limbs.len) + 1`.
std.math.big.int.Mutable.addWrap	r = a + b with 2s-complement wrapping semantics. Returns whether overflow occurred. r, a and b may be aliases Asserts the result fits in `r`. An upper bound on the number of limbs needed by r is `calcTwosCompLimbCount(bit_count)`.
std.math.big.int.Mutable.addSat	r = a + b with 2s-complement saturating semantics. r, a and b may be aliases. Assets the result fits in `r`. Upper bound on the number of limbs needed by r is `calcTwosCompLimbCount(bit_count)`.
std.math.big.int.Mutable.sub	r = a - b r, a and b may be aliases. Asserts the result fits in `r`. An upper bound on the number of limbs needed by r is `@max(a.limbs.len, b.limbs.len) + 1`. The +1 is not needed if both operands are positive.
std.math.big.int.Mutable.subWrap	r = a - b with 2s-complement wrapping semantics. Returns whether any overflow occurred. r, a and b may be aliases Asserts the result fits in `r`. An upper bound on the number of limbs needed by r is `calcTwosCompLimbCount(bit_count)`.
std.math.big.int.Mutable.subSat	r = a - b with 2s-complement saturating semantics. r, a and b may be aliases. Assets the result fits in `r`. Upper bound on the number of limbs needed by r is `calcTwosCompLimbCount(bit_count)`.
std.math.big.int.Mutable.mul	rma = a * b `rma` may alias with `a` or `b`. `a` and `b` may alias with each other. Asserts the result fits in `rma`. An upper bound on the number of limbs needed by rma is given by `a.limbs.len + b.limbs.len`. `limbs_buffer` is used for temporary storage. The amount required is given by `calcMulLimbsBufferLen`.
std.math.big.int.Mutable.mulNoAlias	rma = a * b `rma` may not alias with `a` or `b`. `a` and `b` may alias with each other. Asserts the result fits in `rma`. An upper bound on the number of limbs needed by rma is given by `a.limbs.len + b.limbs.len`. If `allocator` is provided, it will be used for temporary storage to improve multiplication performance. `error.OutOfMemory` is handled with a fallback algorithm.
std.math.big.int.Mutable.mulWrap	rma = a * b with 2s-complement wrapping semantics. `rma` may alias with `a` or `b`. `a` and `b` may alias with each other. Asserts the result fits in `rma`. An upper bound on the number of limbs needed by rma is given by `a.limbs.len + b.limbs.len`. `limbs_buffer` is used for temporary storage. The amount required is given by `calcMulWrapLimbsBufferLen`.
std.math.big.int.Mutable.mulWrapNoAlias	rma = a * b with 2s-complement wrapping semantics. `rma` may not alias with `a` or `b`. `a` and `b` may alias with each other. Asserts the result fits in `rma`. An upper bound on the number of limbs needed by rma is given by `a.limbs.len + b.limbs.len`. If `allocator` is provided, it will be used for temporary storage to improve multiplication performance. `error.OutOfMemory` is handled with a fallback algorithm.
std.math.big.int.Mutable.bitReverse	r = @bitReverse(a) with 2s-complement semantics. r and a may be aliases. Asserts the result fits in `r`. Upper bound on the number of limbs needed by r is `calcTwosCompLimbCount(bit_count)`.
std.math.big.int.Mutable.byteSwap	r = @byteSwap(a) with 2s-complement semantics. r and a may be aliases. Asserts the result fits in `r`. Upper bound on the number of limbs needed by r is `calcTwosCompLimbCount(8*byte_count)`.
std.math.big.int.Mutable.popCount	r = @popCount(a) with 2s-complement semantics. r and a may be aliases. Assets the result fits in `r`. Upper bound on the number of limbs needed by r is `calcTwosCompLimbCount(bit_count)`.
std.math.big.int.Mutable.sqrNoAlias	rma = a * a `rma` may not alias with `a`. Asserts the result fits in `rma`. An upper bound on the number of limbs needed by rma is given by `2 * a.limbs.len + 1`. If `allocator` is provided, it will be used for temporary storage to improve multiplication performance. `error.OutOfMemory` is handled with a fallback algorithm.
std.math.big.int.Mutable.divFloor	q = a / b (rem r) a / b are floored (rounded towards 0). q may alias with a or b. Asserts there is enough memory to store q and r. The upper bound for r limb count is `b.limbs.len`. The upper bound for q limb count is given by `a.limbs`. `limbs_buffer` is used for temporary storage. The amount required is given by `calcDivLimbsBufferLen`.
std.math.big.int.Mutable.divTrunc	q = a / b (rem r) a / b are truncated (rounded towards -inf). q may alias with a or b. Asserts there is enough memory to store q and r. The upper bound for r limb count is `b.limbs.len`. The upper bound for q limb count is given by `a.limbs.len`. `limbs_buffer` is used for temporary storage. The amount required is given by `calcDivLimbsBufferLen`.
std.math.big.int.Mutable.shiftLeft	r = a << shift, in other words, r = a * 2^shift r and a may alias. Asserts there is enough memory to fit the result. The upper bound Limb count is `a.limbs.len + (shift / (@sizeOf(Limb) * 8))`.
std.math.big.int.Mutable.shiftLeftSat	r = a <<| shift with 2s-complement saturating semantics. r and a may alias. Asserts there is enough memory to fit the result. The upper bound Limb count is r is `calcTwosCompLimbCount(bit_count)`.
std.math.big.int.Mutable.shiftRight	r = a >> shift r and a may alias. Asserts there is enough memory to fit the result. The upper bound Limb count is `a.limbs.len - (shift / (@bitSizeOf(Limb)))`.
std.math.big.int.Mutable.bitNotWrap	r = ~a under 2s complement wrapping semantics. r may alias with a. Assets that r has enough limbs to store the result. The upper bound Limb count is r is `calcTwosCompLimbCount(bit_count)`.
std.math.big.int.Mutable.bitOr	r = a | b under 2s complement semantics. r may alias with a or b. a and b are zero-extended to the longer of a or b. Asserts that r has enough limbs to store the result. Upper bound is `@max(a.limbs.len, b.limbs.len)`.
std.math.big.int.Mutable.bitAnd	r = a & b under 2s complement semantics. r may alias with a or b. Asserts that r has enough limbs to store the result. If only a is positive, the upper bound is `a.limbs.len`. If only b is positive, the upper bound is `b.limbs.len`. If a and b are positive, the upper bound is `@min(a.limbs.len, b.limbs.len)`. If a and b are negative, the upper bound is `@max(a.limbs.len, b.limbs.len) + 1`.
std.math.big.int.Mutable.bitXor	r = a ^ b under 2s complement semantics. r may alias with a or b. Asserts that r has enough limbs to store the result. If a and b share the same signedness, the upper bound is `@max(a.limbs.len, b.limbs.len)`. Otherwise, if either a or b is negative but not both, the upper bound is `@max(a.limbs.len, b.limbs.len) + 1`.
std.math.big.int.Mutable.gcd	rma may alias x or y. x and y may alias each other. Asserts that `rma` has enough limbs to store the result. Upper bound is `@min(x.limbs.len, y.limbs.len)`. `limbs_buffer` is used for temporary storage during the operation. When this function returns, it will have the same length as it had when the function was called.
std.math.big.int.Mutable.pow	q = a ^ b r may not alias a. Asserts that `r` has enough limbs to store the result. Upper bound is `calcPowLimbsBufferLen(a.bitCountAbs(), b)`. `limbs_buffer` is used for temporary storage. The amount required is given by `calcPowLimbsBufferLen`.
std.math.big.int.Mutable.sqrt	r = ⌊√a⌋ r may alias a. Asserts that `r` has enough limbs to store the result. Upper bound is `(a.limbs.len - 1) / 2 + 1`. `limbs_buffer` is used for temporary storage. The amount required is given by `calcSqrtLimbsBufferLen`.
std.math.big.int.Mutable.gcdNoAlias	rma may not alias x or y. x and y may alias each other. Asserts that `rma` has enough limbs to store the result. Upper bound is given by `calcGcdNoAliasLimbLen`. `limbs_buffer` is used for temporary storage during the operation.
std.math.big.int.Mutable.truncate	Truncate an integer to a number of bits, following 2s-complement semantics. `r` may alias `a`. Asserts `r` has enough storage to compute the result. The upper bound is `calcTwosCompLimbCount(a.len)`.
std.math.big.int.Mutable.saturate	Saturate an integer to a number of bits, following 2s-complement semantics. r may alias a. Asserts `r` has enough storage to store the result. The upper bound is `calcTwosCompLimbCount(a.len)`.
std.math.big.int.Mutable.readTwosComplement	Read the value of `x` from `buffer`. Asserts that `buffer` is large enough to contain a value of bit-size `bit_count`. The contents of `buffer` are interpreted as if they were the contents of @ptrCast(*[buffer.len]const u8, &x). Byte ordering is determined by `endian` and any required padding bits are expected on the MSB end.
std.math.big.int.Mutable.readPackedTwosComplement	Read the value of `x` from a packed memory `buffer`. Asserts that `buffer` is large enough to contain a value of bit-size `bit_count` at offset `bit_offset`. This is equivalent to loading the value of an integer with `bit_count` bits as if it were a field in packed memory at the provided bit offset.
std.math.big.int.Mutable.normalize	Normalize a possible sequence of leading zeros. [1, 2, 3, 4, 0] -> [1, 2, 3, 4] [1, 2, 0, 0, 0] -> [1, 2] [0, 0, 0, 0, 0] -> [0]
std.math.big.int.Mutable.formatNumber	If the absolute value of integer is greater than or equal to `pow(2, 64 * @sizeOf(usize) * 8)`, this function will fail to print the string, printing "(BigInt)" instead of a number. This is because the rendering algorithm requires reversing a string, which requires O(N) memory. See `Const.toString` and `Const.toStringAlloc` for a way to print big integers without failure.
std.math.big.int.Const	A arbitrary-precision big integer, with a fixed set of immutable limbs.
std.math.big.int.Const.toManaged	The result is an independent resource which is managed by the caller.
std.math.big.int.Const.toMutable	Asserts `limbs` is big enough to store the value.
std.math.big.int.Const.bitCountAbs	Returns the number of bits required to represent the absolute value of an integer.
std.math.big.int.Const.bitCountTwosComp	Returns the number of bits required to represent the integer in twos-complement form. If the integer is negative the value returned is the number of bits needed by a signed integer to represent the value. If positive the value is the number of bits for an unsigned integer. Any unsigned integer will fit in the signed integer with bitcount one greater than the returned value. e.g. -127 returns 8 as it will fit in an i8. 127 returns 7 since it fits in a u7.
std.math.big.int.Const.bitCountTwosCompForSignedness	Returns the number of bits required to represent the integer in twos-complement form with the given signedness.
std.math.big.int.Const.popCount	@popCount with two's complement semantics. This returns the number of 1 bits set when the value would be represented in two's complement with the given integer width (bit_count). This includes the leading sign bit, which will be set for negative values. Asserts that bit_count is enough to represent value in two's compliment and that the final result fits in a usize. Asserts that there are no trailing empty limbs on the most significant end, i.e. that limb count matches `calcLimbLen()` and zero is not negative.
std.math.big.int.Const.fits	Returns whether self can fit into an integer of the requested type.
std.math.big.int.Const.sizeInBaseUpperBound	Returns the approximate size of the integer in the given base. Negative values accommodate for the minus sign. This is used for determining the number of characters needed to print the value. It is inexact and may exceed the given value by ~1-2 bytes. TODO See if we can make this exact.
std.math.big.int.Const.toInt	Convert `self` to `Int`. Returns an error if self cannot be narrowed into the requested type without truncation.
std.math.big.int.Const.toFloat	Convert self to `Float`.
std.math.big.int.Const.formatNumber	If the absolute value of integer is greater than or equal to `pow(2, 64 * @sizeOf(usize) * 8)`, this function will fail to print the string, printing "(BigInt)" instead of a number. This is because the rendering algorithm requires reversing a string, which requires O(N) memory. See `toString` and `toStringAlloc` for a way to print big integers without failure.
std.math.big.int.Const.toStringAlloc	Converts self to a string in the requested base. Caller owns returned memory. Asserts that `base` is in the range [2, 36]. See also `toString`, a lower level function than this.
std.math.big.int.Const.toString	Converts self to a string in the requested base. Asserts that `base` is in the range [2, 36]. `string` is a caller-provided slice of at least `sizeInBaseUpperBound` bytes, where the result is written to. Returns the length of the string. `limbs_buffer` is caller-provided memory for `toString` to use as a working area. It must have length of at least `calcToStringLimbsBufferLen`. In the case of power-of-two base, `limbs_buffer` is ignored. See also `toStringAlloc`, a higher level function than this.
std.math.big.int.Const.writeTwosComplement	Write the value of `x` into `buffer` Asserts that `buffer` is large enough to store the value. `buffer` is filled so that its contents match what would be observed via @ptrCast(*[buffer.len]const u8, &x). Byte ordering is determined by `endian`, and any required padding bits are added on the MSB end.
std.math.big.int.Const.writePackedTwosComplement	Write the value of `x` to a packed memory `buffer`. Asserts that `buffer` is large enough to contain a value of bit-size `bit_count` at offset `bit_offset`. This is equivalent to storing the value of an integer with `bit_count` bits as if it were a field in packed memory at the provided bit offset.
std.math.big.int.Const.orderAbs	Returns `math.Order.lt`, `math.Order.eq`, `math.Order.gt` if `|a| < |b|`, `|a| == |b|`, or `|a| > |b|` respectively.
std.math.big.int.Const.order	Returns `math.Order.lt`, `math.Order.eq`, `math.Order.gt` if `a < b`, `a == b` or `a > b` respectively.
std.math.big.int.Const.orderAgainstScalar	Same as `order` but the right-hand operand is a primitive integer.
std.math.big.int.Const.eqlZero	Returns true if `a == 0`.
std.math.big.int.Const.eqlAbs	Returns true if `|a| == |b|`.
std.math.big.int.Const.eql	Returns true if `a == b`.
std.math.big.int.Const.clz	Returns the number of leading zeros in twos-complement form.
std.math.big.int.Const.ctz	Returns the number of trailing zeros in twos-complement form.
std.math.big.int.Const.log2	Calculate the base 2 logarithm, rounded down.
std.math.big.int.Const.log10Alloc	Calculate the base 10 logarithm, rounded down. The allocator is used to allocate a temporary buffer.
std.math.big.int.Const.log10	Calculate the base 10 logarithm, rounded down. `limbs_buffer` is used for temporary storage. The amount required is given by `calcLog10LimbsBufferLen`.
std.math.big.int.Managed	An arbitrary-precision big integer along with an allocator which manages the memory. Memory is allocated as needed to ensure operations never overflow. The range is bounded only by available memory.
std.math.big.int.Managed.default_capacity	Default number of limbs to allocate on creation of a `Managed`.
std.math.big.int.Managed.init	Creates a new `Managed`. `default_capacity` limbs will be allocated immediately. The integer value after initializing is `0`.
std.math.big.int.Managed.initSet	Creates a new `Managed` with value `value`. This is identical to an `init`, followed by a `set`.
std.math.big.int.Managed.initCapacity	Creates a new Managed with a specific capacity. If capacity < default_capacity then the default capacity will be used instead. The integer value after initializing is `0`.
std.math.big.int.Managed.len	Returns the number of limbs currently in use.
std.math.big.int.Managed.isPositive	Returns whether an Managed is positive.
std.math.big.int.Managed.setSign	Sets the sign of an Managed.
std.math.big.int.Managed.setLen	Sets the length of an Managed. If setLen is used, then the Managed must be normalized to suit.
std.math.big.int.Managed.ensureCapacity	Ensures an Managed has enough space allocated for capacity limbs. If the Managed does not have sufficient capacity, the exact amount will be allocated. This occurs even if the requested capacity is only greater than the current capacity by one limb.
std.math.big.int.Managed.deinit	Frees all associated memory.
std.math.big.int.Managed.clone	Returns a `Managed` with the same value. The returned `Managed` is a deep copy and can be modified separately from the original, and its resources are managed separately from the original.
std.math.big.int.Managed.copy	Copies the value of the integer to an existing `Managed` so that they both have the same value. Extra memory will be allocated if the receiver does not have enough capacity.
std.math.big.int.Managed.swap	Efficiently swap a `Managed` with another. This swaps the limb pointers and a full copy is not performed. The address of the limbs field will not be the same after this function.
std.math.big.int.Managed.dump	Debugging tool: prints the state to stderr.
std.math.big.int.Managed.negate	Negate the sign.
std.math.big.int.Managed.abs	Make positive.
std.math.big.int.Managed.bitCountAbs	Returns the number of bits required to represent the absolute value of an integer.
std.math.big.int.Managed.bitCountTwosComp	Returns the number of bits required to represent the integer in twos-complement form. If the integer is negative the value returned is the number of bits needed by a signed integer to represent the value. If positive the value is the number of bits for an unsigned integer. Any unsigned integer will fit in the signed integer with bitcount one greater than the returned value. e.g. -127 returns 8 as it will fit in an i8. 127 returns 7 since it fits in a u7.
std.math.big.int.Managed.fits	Returns whether self can fit into an integer of the requested type.
std.math.big.int.Managed.sizeInBaseUpperBound	Returns the approximate size of the integer in the given base. Negative values accommodate for the minus sign. This is used for determining the number of characters needed to print the value. It is inexact and may exceed the given value by ~1-2 bytes.
std.math.big.int.Managed.set	Sets an Managed to value. Value must be an primitive integer type.
std.math.big.int.Managed.toInt	Convert `self` to `Int`. Returns an error if self cannot be narrowed into the requested type without truncation.
std.math.big.int.Managed.toFloat	Convert `self` to `Float`.
std.math.big.int.Managed.setString	Set self from the string representation `value`. `value` must contain only digits <= `base` and is case insensitive. Base prefixes are not allowed (e.g. 0x43 should simply be 43). Underscores in the input string are ignored and can be used as digit separators. Returns an error if memory could not be allocated or `value` has invalid digits for the requested base. self's allocator is used for temporary storage to boost multiplication performance.
std.math.big.int.Managed.setTwosCompIntLimit	Set self to either bound of a 2s-complement integer. Note: The result is still sign-magnitude, not twos complement! In order to convert the result to twos complement, it is sufficient to take the absolute value.
std.math.big.int.Managed.toString	Converts self to a string in the requested base. Memory is allocated from the provided allocator and not the one present in self.
std.math.big.int.Managed.format	To allow `std.fmt.format` to work with `Managed`.
std.math.big.int.Managed.formatNumber	If the absolute value of integer is greater than or equal to `pow(2, 64 * @sizeOf(usize) * 8)`, this function will fail to print the string, printing "(BigInt)" instead of a number. This is because the rendering algorithm requires reversing a string, which requires O(N) memory. See `toString` and `toStringAlloc` for a way to print big integers without failure.
std.math.big.int.Managed.orderAbs	Returns math.Order.lt, math.Order.eq, math.Order.gt if |a| < |b|, |a| == |b| or |a| > |b| respectively.
std.math.big.int.Managed.order	Returns math.Order.lt, math.Order.eq, math.Order.gt if a < b, a == b or a > b respectively.
std.math.big.int.Managed.eqlZero	Returns true if a == 0.
std.math.big.int.Managed.eqlAbs	Returns true if |a| == |b|.
std.math.big.int.Managed.eql	Returns true if a == b.
std.math.big.int.Managed.normalize	Normalize a possible sequence of leading zeros. [1, 2, 3, 4, 0] -> [1, 2, 3, 4] [1, 2, 0, 0, 0] -> [1, 2] [0, 0, 0, 0, 0] -> [0]
std.math.big.int.Managed.addScalar	r = a + scalar r and a may be aliases. Returns an error if memory could not be allocated.
std.math.big.int.Managed.add	r = a + b r, a and b may be aliases. Returns an error if memory could not be allocated.
std.math.big.int.Managed.addWrap	r = a + b with 2s-complement wrapping semantics. Returns whether any overflow occurred. r, a and b may be aliases. Returns an error if memory could not be allocated.
std.math.big.int.Managed.addSat	r = a + b with 2s-complement saturating semantics. r, a and b may be aliases. Returns an error if memory could not be allocated.
std.math.big.int.Managed.sub	r = a - b r, a and b may be aliases. Returns an error if memory could not be allocated.
std.math.big.int.Managed.subWrap	r = a - b with 2s-complement wrapping semantics. Returns whether any overflow occurred. r, a and b may be aliases. Returns an error if memory could not be allocated.
std.math.big.int.Managed.subSat	r = a - b with 2s-complement saturating semantics. r, a and b may be aliases. Returns an error if memory could not be allocated.
std.math.big.int.Managed.mul	rma = a * b rma, a and b may be aliases. However, it is more efficient if rma does not alias a or b. Returns an error if memory could not be allocated. rma's allocator is used for temporary storage to speed up the multiplication.
std.math.big.int.Managed.mulWrap	rma = a * b with 2s-complement wrapping semantics. rma, a and b may be aliases. However, it is more efficient if rma does not alias a or b. Returns an error if memory could not be allocated. rma's allocator is used for temporary storage to speed up the multiplication.
std.math.big.int.Managed.ensureAddScalarCapacity	Use this function before doing `addScalar` if some of your parameters alias each other
std.math.big.int.Managed.ensureAddCapacity	Use this function before doing `add` if some of your parameters alias each other
std.math.big.int.Managed.ensureMulCapacity	Use this function before doing `mul` if some of your parameters alias each other
std.math.big.int.Managed.divFloor	q = a / b (rem r) a / b are floored (rounded towards 0). Returns an error if memory could not be allocated.
std.math.big.int.Managed.divTrunc	q = a / b (rem r) a / b are truncated (rounded towards -inf). Returns an error if memory could not be allocated.
std.math.big.int.Managed.shiftLeft	r = a << shift, in other words, r = a * 2^shift r and a may alias.
std.math.big.int.Managed.shiftLeftSat	r = a <<| shift with 2s-complement saturating semantics. r and a may alias.
std.math.big.int.Managed.shiftRight	r = a >> shift r and a may alias.
std.math.big.int.Managed.bitNotWrap	r = ~a under 2s-complement wrapping semantics. r and a may alias.
std.math.big.int.Managed.bitOr	r = a | b a and b are zero-extended to the longer of a or b.
std.math.big.int.Managed.bitAnd	r = a & b
std.math.big.int.Managed.bitXor	r = a ^ b
std.math.big.int.Managed.gcd	rma may alias x or y. x and y may alias each other. rma's allocator is used for temporary storage to boost multiplication performance.
std.math.big.int.Managed.sqr	r = a * a
std.math.big.int.Managed.sqrt	r = ⌊√a⌋
std.math.big.int.Managed.truncate	r = truncate(Int(signedness, bit_count), a)
std.math.big.int.Managed.saturate	r = saturate(Int(signedness, bit_count), a)
std.math.big.int.Managed.popCount	r = @popCount(a) with 2s-complement semantics. r and a may be aliases.
std.math.big.int.llcmp	Returns -1, 0, 1 if |a| < |b|, |a| == |b| or |a| > |b| respectively for limbs.
std.math.Min	Given two types, returns the smallest one which is capable of holding the full range of the minimum value.
std.math.wrap	Odd sawtooth function ``` | / | / / / |/ / --/----/----/-- / /| / / / | / | ``` Limit x to the half-open interval [-r, r).
std.math.clamp	Odd ramp function ``` | _____ | / |/ -------/------- /| _____/ | | ``` Limit val to the inclusive range [lower, upper].
std.math.mul	Returns the product of a and b. Returns an error on overflow.
std.math.add	Returns the sum of a and b. Returns an error on overflow.
std.math.sub	Returns a - b, or an error on overflow.
std.math.shlExact	Shifts a left by shift_amt. Returns an error on overflow. shift_amt is unsigned.
std.math.shl	Shifts left. Overflowed bits are truncated. A negative shift amount results in a right shift.
std.math.shr	Shifts right. Overflowed bits are truncated. A negative shift amount results in a left shift.
std.math.rotr	Rotates right. Only unsigned values can be rotated. Negative shift values result in shift modulo the bit count.
std.math.rotl	Rotates left. Only unsigned values can be rotated. Negative shift values result in shift modulo the bit count.
std.math.Log2Int	Returns an unsigned int type that can hold the number of bits in T - 1. Suitable for 0-based bit indices of T.
std.math.Log2IntCeil	Returns an unsigned int type that can hold the number of bits in T.
std.math.IntFittingRange	Returns the smallest integer type that can hold both from and to.
std.math.divTrunc	Divide numerator by denominator, rounding toward zero. Returns an error on overflow or when denominator is zero.
std.math.divFloor	Divide numerator by denominator, rounding toward negative infinity. Returns an error on overflow or when denominator is zero.
std.math.divCeil	Divide numerator by denominator, rounding toward positive infinity. Returns an error on overflow or when denominator is zero.
std.math.divExact	Divide numerator by denominator. Return an error if quotient is not an integer, denominator is zero, or on overflow.
std.math.mod	Returns numerator modulo denominator, or an error if denominator is zero or negative. Negative numerators never result in negative return values.
std.math.rem	Returns the remainder when numerator is divided by denominator, or an error if denominator is zero or negative. Negative numerators can give negative results.
std.math.negateCast	Returns the negation of the integer parameter. Result is a signed integer.
std.math.cast	Cast an integer to a different integer type. If the value doesn't fit, return null.
std.math.alignCast	Align cast a pointer but return an error if it's the wrong alignment
std.math.isPowerOfTwo	Asserts `int > 0`.
std.math.ByteAlignedInt	Aligns the given integer type bit width to a width divisible by 8.
std.math.round	Rounds the given floating point number to the nearest integer. If two integers are equally close, rounds away from zero. Uses a dedicated hardware instruction when available. This is the same as calling the builtin @round
std.math.trunc	Rounds the given floating point number to an integer, towards zero. Uses a dedicated hardware instruction when available. This is the same as calling the builtin @trunc
std.math.floor	Returns the largest integral value not greater than the given floating point number. Uses a dedicated hardware instruction when available. This is the same as calling the builtin @floor
std.math.floorPowerOfTwo	Returns the nearest power of two less than or equal to value, or zero if value is less than or equal to zero.
std.math.ceil	Returns the smallest integral value not less than the given floating point number. Uses a dedicated hardware instruction when available. This is the same as calling the builtin @ceil
std.math.ceilPowerOfTwoPromote	Returns the next power of two (if the value is not already a power of two). Only unsigned integers can be used. Zero is not an allowed input. Result is a type with 1 more bit than the input type.
std.math.ceilPowerOfTwo	Returns the next power of two (if the value is not already a power of two). Only unsigned integers can be used. Zero is not an allowed input. If the value doesn't fit, returns an error.
std.math.ceilPowerOfTwoAssert	Returns the next power of two (if the value is not already a power of two). Only unsigned integers can be used. Zero is not an allowed input. Asserts that the value fits.
std.math.log2_int	Return the log base 2 of integer value x, rounding down to the nearest integer.
std.math.log2_int_ceil	Return the log base 2 of integer value x, rounding up to the nearest integer.
std.math.lossyCast	Cast a value to a different type. If the value doesn't fit in, or can't be perfectly represented by, the new type, it will be converted to the closest possible representation.
std.math.lerp	Performs linear interpolation between *a* and *b* based on *t*. *t* ranges from 0.0 to 1.0, but may exceed these bounds. Supports floats and vectors of floats. This does not guarantee returning *b* if *t* is 1 due to floating-point errors. This is monotonic.
std.math.maxInt	Returns the maximum value of integer type T.
std.math.minInt	Returns the minimum value of integer type T.
std.math.mulWide	Multiply a and b. Return type is wide enough to guarantee no overflow.
std.math.Order	See also `CompareOperator`.
std.math.order	Given two numbers, this function returns the order they are with respect to each other.
std.math.CompareOperator	See also `Order`.
std.math.CompareOperator.reverse	Reverse the direction of the comparison. Use when swapping the left and right hand operands.
std.math.compare	This function does the same thing as comparison operators, however the operator is a runtime-known enum value. Works on any operands that support comparison operators.
std.math.boolMask	Returns a mask of all ones if value is true, and a mask of all zeroes if value is false. Compiles to one instruction for register sized integers.
std.math.comptimeMod	Return the mod of `num` with the smallest integer type
std.math.sign	Returns -1, 0, or 1. Supports integer and float types and vectors of integer and float types. Unsigned integer types will always return 0 or 1. The returned integer type is the smallest that fits the possible values. Branchless.
std.mem.byte_size_in_bits	The standard library currently thoroughly depends on byte size being 8 bits. (see the use of u8 throughout allocation code as the "byte" type.) Code which depends on this can reference this declaration. If we ever try to port the standard library to a non-8-bit-byte platform, this will allow us to search for things which need to be updated.
std.mem.Allocator.rawAlloc	This function is not intended to be called except from within the implementation of an `Allocator`.
std.mem.Allocator.rawResize	This function is not intended to be called except from within the implementation of an `Allocator`.
std.mem.Allocator.rawRemap	This function is not intended to be called except from within the implementation of an `Allocator`.
std.mem.Allocator.rawFree	This function is not intended to be called except from within the implementation of an `Allocator`.
std.mem.Allocator.create	Returns a pointer to undefined memory. Call `destroy` with the result to free the memory.
std.mem.Allocator.destroy	`ptr` should be the return value of `create`, or otherwise have the same address and alignment property.
std.mem.Allocator.alloc	Allocates an array of `n` items of type `T` and sets all the items to `undefined`. Depending on the Allocator implementation, it may be required to call `free` once the memory is no longer needed, to avoid a resource leak. If the `Allocator` implementation is unknown, then correct code will call `free` when done. For allocating a single item, see `create`.
std.mem.Allocator.allocSentinel	Allocates an array of `n + 1` items of type `T` and sets the first `n` items to `undefined` and the last item to `sentinel`. Depending on the Allocator implementation, it may be required to call `free` once the memory is no longer needed, to avoid a resource leak. If the `Allocator` implementation is unknown, then correct code will call `free` when done. For allocating a single item, see `create`.
std.mem.Allocator.resize	Request to modify the size of an allocation. It is guaranteed to not move the pointer, however the allocator implementation may refuse the resize request by returning `false`. `allocation` may be an empty slice, in which case `false` is returned, unless `new_len` is also 0, in which case `true` is returned. `new_len` may be zero, in which case the allocation is freed.
std.mem.Allocator.remap	Request to modify the size of an allocation, allowing relocation. A non-`null` return value indicates the resize was successful. The allocation may have same address, or may have been relocated. In either case, the allocation now has size of `new_len`. A `null` return value indicates that the resize would be equivalent to allocating new memory, copying the bytes from the old memory, and then freeing the old memory. In such case, it is more efficient for the caller to perform those operations. `allocation` may be an empty slice, in which case `null` is returned, unless `new_len` is also 0, in which case `allocation` is returned. `new_len` may be zero, in which case the allocation is freed. If the allocation's elements' type is zero bytes sized, `allocation.len` is set to `new_len`.
std.mem.Allocator.realloc	This function requests a new size for an existing allocation, which can be larger, smaller, or the same size as the old memory allocation. The result is an array of `new_n` items of the same type as the existing allocation. If `new_n` is 0, this is the same as `free` and it always succeeds. `old_mem` may have length zero, which makes a new allocation. This function only fails on out-of-memory conditions, unlike: * `remap` which returns `null` when the `Allocator` implementation cannot do the realloc more efficiently than the caller * `resize` which returns `false` when the `Allocator` implementation cannot change the size without relocating the allocation.
std.mem.Allocator.free	Free an array allocated with `alloc`. If memory has length 0, free is a no-op. To free a single item, see `destroy`.
std.mem.Allocator.dupe	Copies `m` to newly allocated memory. Caller owns the memory.
std.mem.Allocator.dupeZ	Deprecated in favor of `dupeSentinel` Copies `m` to newly allocated memory, with a null-terminated element. Caller owns the memory.
std.mem.Allocator.dupeSentinel	Copies `m` to newly allocated memory, with a null-terminated element. Caller owns the memory.
std.mem.Allocator.failing	An allocator that always fails to allocate.
std.mem.Alignment	Stored as a power-of-two.
std.mem.Alignment.forward	Return next address with this alignment.
std.mem.Alignment.backward	Return previous address with this alignment.
std.mem.Alignment.check	Return whether address is aligned to this amount.
std.mem.ValidationAllocator	Detects and asserts if the std.mem.Allocator interface is violated by the caller or the allocator.
std.mem.validationWrap	Wraps an allocator with basic validation checks. Asserts that allocation sizes are greater than zero and returned pointers have correct alignment.
std.mem.copyForwards	Copy all of source into dest at position 0. dest.len must be >= source.len. If the slices overlap, dest.ptr must be <= src.ptr. This function is deprecated; use @memmove instead.
std.mem.copyBackwards	Copy all of source into dest at position 0. dest.len must be >= source.len. If the slices overlap, dest.ptr must be >= src.ptr. This function is deprecated; use @memmove instead.
std.mem.zeroes	Generally, Zig users are encouraged to explicitly initialize all fields of a struct explicitly rather than using this function. However, it is recognized that there are sometimes use cases for initializing all fields to a "zero" value. For example, when interfacing with a C API where this practice is more common and relied upon. If you are performing code review and see this function used, examine closely - it may be a code smell. Zero initializes the type. This can be used to zero-initialize any type for which it makes sense. Structs will be initialized recursively.
std.mem.zeroInit	Initializes all fields of the struct with their default value, or zero values if no default value is present. If the field is present in the provided initial values, it will have that value instead. Structs are initialized recursively.
std.mem.sort	Sorts a slice in-place using a stable algorithm (maintains relative order of equal elements). Average time complexity: O(n log n), worst case: O(n log n) Space complexity: O(log n) for recursive calls For slice of primitives with default ordering, consider using `std.sort.block` directly. For unstable but potentially faster sorting, see `sortUnstable`.
std.mem.sortUnstable	Sorts a slice in-place using an unstable algorithm (does not preserve relative order of equal elements). Time complexity: O(n) best case, O(n log n) worst case and average case. Generally faster than stable sort but order of equal elements is undefined. Uses pattern-defeating quicksort (PDQ) algorithm which performs well on many data patterns. For stable sorting that preserves equal element order, use `sort`.
std.mem.sortContext	TODO: currently this just calls `insertionSortContext`. The block sort implementation in this file needs to be adapted to use the sort context.
std.mem.sortUnstableContext	Sorts a range [a, b) using an unstable algorithm with custom context. This is a lower-level interface for sorting that works with indices instead of slices. Does not preserve relative order of equal elements. The context must provide lessThan(a_idx, b_idx) and swap(a_idx, b_idx) methods. Uses pattern-defeating quicksort (PDQ) algorithm.
std.mem.order	Compares two slices of numbers lexicographically. O(n).
std.mem.orderZ	Compares two many-item pointers with NUL-termination lexicographically.
std.mem.boundedOrderZ	Compares two many-item pointers with NUL-termination lexicographically until some specified bound.
std.mem.lessThan	Returns true if lhs < rhs, false otherwise
std.mem.eql	Returns true if and only if the slices have the same length and all elements compare true using equality operator.
std.mem.indexOfDiff	Deprecated in favor of `findDiff`.
std.mem.findDiff	Compares two slices and returns the index of the first inequality. Returns null if the slices are equal.
std.mem.span	Takes a sentinel-terminated pointer and returns a slice, iterating over the memory to find the sentinel and determine the length. Pointer attributes such as const are preserved. `[*c]` pointers are assumed to be non-null and 0-terminated.
std.mem.sliceTo	Takes a pointer to an array, a many-item pointer, or a slice, and returns a slice of the items up to the first occurrence of `end`. If `end` is not found, the resulting slice will include all items up to the input's length or sentinel. If the pointer type is unbounded (no length or sentinel), `end` will be the sentinel for the resulting slice. If the pointer type is sentinel-terminated by `end`, the resulting slice will also be sentinel-terminated by `end`. Pointer properties such as mutability and alignment are preserved. C pointers are assumed to be non-null.
std.mem.len	Takes a sentinel-terminated pointer and iterates over the memory to find the sentinel and determine the length. `[*c]` pointers are assumed to be non-null and 0-terminated.
std.mem.indexOfSentinel	Deprecated in favor of `findSentinel`.
std.mem.findSentinel	Returns the index of the sentinel value in a sentinel-terminated pointer. Linear search through memory until the sentinel is found.
std.mem.allEqual	Returns true if all elements in a slice are equal to the scalar value provided
std.mem.trimStart	Remove a set of values from the beginning of a slice.
std.mem.trimEnd	Remove a set of values from the end of a slice.
std.mem.trim	Remove a set of values from the beginning and end of a slice.
std.mem.indexOfScalar	Deprecated in favor of `findScalar`.
std.mem.findScalar	Linear search for the index of a scalar value inside a slice.
std.mem.lastIndexOfScalar	Deprecated in favor of `findScalarLast`.
std.mem.findScalarLast	Linear search for the last index of a scalar value inside a slice.
std.mem.indexOfScalarPos	Deprecated in favor of `findScalarPos`.
std.mem.findScalarPos	Linear search for the index of a scalar value inside a slice, starting from a given position. Returns null if the value is not found.
std.mem.indexOfAny	Deprecated in favor of `findAny`.
std.mem.findAny	Linear search for the index of any value in the provided list inside a slice. Returns null if no values are found.
std.mem.lastIndexOfAny	Deprecated in favor of `findLastAny`.
std.mem.findLastAny	Linear search for the last index of any value in the provided list inside a slice. Returns null if no values are found.
std.mem.indexOfAnyPos	Deprecated in favor of `findAnyPos`.
std.mem.findAnyPos	Linear search for the index of any value in the provided list inside a slice, starting from a given position. Returns null if no values are found.
std.mem.indexOfNone	Deprecated in favor of `findNone`.
std.mem.findNone	Find the first item in `slice` which is not contained in `values`. Comparable to `strspn` in the C standard library.
std.mem.lastIndexOfNone	Deprecated in favor of `findLastNone`.
std.mem.findLastNone	Find the last item in `slice` which is not contained in `values`. Like `strspn` in the C standard library, but searches from the end.
std.mem.findNonePos	Find the first item in `slice[start_index..]` which is not contained in `values`. The returned index will be relative to the start of `slice`, and never less than `start_index`. Comparable to `strspn` in the C standard library.
std.mem.indexOf	Deprecated in favor of `find`.
std.mem.find	Search for needle in haystack and return the index of the first occurrence. Uses Boyer-Moore-Horspool algorithm on large inputs; linear search on small inputs. Returns null if needle is not found.
std.mem.lastIndexOfLinear	Deprecated in favor of `findLastLinear`.
std.mem.findLastLinear	Find the index in a slice of a sub-slice, searching from the end backwards. To start looking at a different index, slice the haystack first. Consider using `lastIndexOf` instead of this, which will automatically use a more sophisticated algorithm on larger inputs.
std.mem.findPosLinear	Consider using `findPos` instead of this, which will automatically use a more sophisticated algorithm on larger inputs.
std.mem.lastIndexOf	Deprecated in favor of `find`.
std.mem.findLast	Find the index in a slice of a sub-slice, searching from the end backwards. To start looking at a different index, slice the haystack first. Uses the Reverse Boyer-Moore-Horspool algorithm on large inputs; `lastIndexOfLinear` on small inputs.
std.mem.indexOfPos	Deprecated in favor of `findPos`.
std.mem.findPos	Uses Boyer-Moore-Horspool algorithm on large inputs; `findPosLinear` on small inputs.
std.mem.count	Returns the number of needles inside the haystack needle.len must be > 0 does not count overlapping needles
std.mem.countScalar	Returns the number of times `element` appears in a slice of memory.
std.mem.containsAtLeast	Returns true if the haystack contains expected_count or more needles needle.len must be > 0 does not count overlapping needles See also: `containsAtLeastScalar`
std.mem.containsAtLeastScalar	Deprecated in favor of `containsAtLeastScalar2`.
std.mem.containsAtLeastScalar2	Returns true if `element` appears at least `minimum` number of times in `list`. Related: * `containsAtLeast` * `countScalar`
std.mem.readVarInt	Reads an integer from memory with size equal to bytes.len. ReturnType specifies the return type, which must be large enough to store the result.
std.mem.readVarPackedInt	Loads an integer from packed memory with provided bit_count, bit_offset, and signedness. Asserts that T is large enough to store the read value.
std.mem.readInt	Reads an integer from memory with bit count specified by T. The bit count of T must be evenly divisible by 8. This function cannot fail and cannot cause undefined behavior.
std.mem.readPackedIntNative	Deprecated: use readPackedInt(T, bytes, bit_offset, value, .native)
std.mem.readPackedIntForeign	Deprecated: use readPackedInt(T, bytes, bit_offset, value, .foreign)
std.mem.readPackedInt	Loads an integer from packed memory. Asserts that buffer contains at least bit_offset + @bitSizeOf(T) bits.
std.mem.writeInt	Writes an integer to memory, storing it in twos-complement. This function always succeeds, has defined behavior for all inputs, but the integer bit width must be divisible by 8.
std.mem.writePackedIntNative	Deprecated: use writePackedInt(T, bytes, bit_offset, value, .native)
std.mem.writePackedIntForeign	Deprecated: use writePackedInt(T, bytes, bit_offset, value, .foreign)
std.mem.writePackedInt	Stores an integer to packed memory. Asserts that buffer contains at least bit_offset + @bitSizeOf(T) bits.
std.mem.writeVarPackedInt	Stores an integer to packed memory with provided bit_offset, bit_count, and signedness. If negative, the written value is sign-extended.
std.mem.byteSwapAllFields	Swap the byte order of all the members of the fields of a struct (Changing their endianness)
std.mem.byteSwapAllFieldsAligned	Swap the byte order of all the members of the fields of a struct (Changing their endianness)
std.mem.byteSwapAllElements	Reverses the byte order of all elements in a slice. Handles structs, unions, arrays, enums, floats, and integers recursively. Useful for converting between little-endian and big-endian representations.
std.mem.tokenizeAny	Returns an iterator that iterates over the slices of `buffer` that are not any of the items in `delimiters`. `tokenizeAny(u8, " abc|def || ghi ", " |")` will return slices for "abc", "def", "ghi", null, in that order. If `buffer` is empty, the iterator will return null. If none of `delimiters` exist in buffer, the iterator will return `buffer`, null, in that order. See also: `tokenizeSequence`, `tokenizeScalar`, `splitSequence`,`splitAny`, `splitScalar`, `splitBackwardsSequence`, `splitBackwardsAny`, and `splitBackwardsScalar`
std.mem.tokenizeSequence	Returns an iterator that iterates over the slices of `buffer` that are not the sequence in `delimiter`. `tokenizeSequence(u8, "<>abc><def<><>ghi", "<>")` will return slices for "abc><def", "ghi", null, in that order. If `buffer` is empty, the iterator will return null. If `delimiter` does not exist in buffer, the iterator will return `buffer`, null, in that order. The delimiter length must not be zero. See also: `tokenizeAny`, `tokenizeScalar`, `splitSequence`,`splitAny`, and `splitScalar` `splitBackwardsSequence`, `splitBackwardsAny`, and `splitBackwardsScalar`
std.mem.tokenizeScalar	Returns an iterator that iterates over the slices of `buffer` that are not `delimiter`. `tokenizeScalar(u8, " abc def ghi ", ' ')` will return slices for "abc", "def", "ghi", null, in that order. If `buffer` is empty, the iterator will return null. If `delimiter` does not exist in buffer, the iterator will return `buffer`, null, in that order. See also: `tokenizeAny`, `tokenizeSequence`, `splitSequence`,`splitAny`, and `splitScalar` `splitBackwardsSequence`, `splitBackwardsAny`, and `splitBackwardsScalar`
std.mem.splitSequence	Returns an iterator that iterates over the slices of `buffer` that are separated by the byte sequence in `delimiter`. `splitSequence(u8, "abc||def||||ghi", "||")` will return slices for "abc", "def", "", "ghi", null, in that order. If `delimiter` does not exist in buffer, the iterator will return `buffer`, null, in that order. The delimiter length must not be zero. See also: `splitAny`, `splitScalar`, `splitBackwardsSequence`, `splitBackwardsAny`,`splitBackwardsScalar`, `tokenizeAny`, `tokenizeSequence`, and `tokenizeScalar`.
std.mem.splitAny	Returns an iterator that iterates over the slices of `buffer` that are separated by any item in `delimiters`. `splitAny(u8, "abc,def||ghi", "|,")` will return slices for "abc", "def", "", "ghi", null, in that order. If none of `delimiters` exist in buffer, the iterator will return `buffer`, null, in that order. See also: `splitSequence`, `splitScalar`, `splitBackwardsSequence`, `splitBackwardsAny`,`splitBackwardsScalar`, `tokenizeAny`, `tokenizeSequence`, and `tokenizeScalar`.
std.mem.splitScalar	Returns an iterator that iterates over the slices of `buffer` that are separated by `delimiter`. `splitScalar(u8, "abc|def||ghi", '|')` will return slices for "abc", "def", "", "ghi", null, in that order. If `delimiter` does not exist in buffer, the iterator will return `buffer`, null, in that order. See also: `splitSequence`, `splitAny`, `splitBackwardsSequence`, `splitBackwardsAny`,`splitBackwardsScalar`, `tokenizeAny`, `tokenizeSequence`, and `tokenizeScalar`.
std.mem.splitBackwardsSequence	Returns an iterator that iterates backwards over the slices of `buffer` that are separated by the sequence in `delimiter`. `splitBackwardsSequence(u8, "abc||def||||ghi", "||")` will return slices for "ghi", "", "def", "abc", null, in that order. If `delimiter` does not exist in buffer, the iterator will return `buffer`, null, in that order. The delimiter length must not be zero. See also: `splitBackwardsAny`, `splitBackwardsScalar`, `splitSequence`, `splitAny`,`splitScalar`, `tokenizeAny`, `tokenizeSequence`, and `tokenizeScalar`.
std.mem.splitBackwardsAny	Returns an iterator that iterates backwards over the slices of `buffer` that are separated by any item in `delimiters`. `splitBackwardsAny(u8, "abc,def||ghi", "|,")` will return slices for "ghi", "", "def", "abc", null, in that order. If none of `delimiters` exist in buffer, the iterator will return `buffer`, null, in that order. See also: `splitBackwardsSequence`, `splitBackwardsScalar`, `splitSequence`, `splitAny`,`splitScalar`, `tokenizeAny`, `tokenizeSequence`, and `tokenizeScalar`.
std.mem.splitBackwardsScalar	Returns an iterator that iterates backwards over the slices of `buffer` that are separated by `delimiter`. `splitBackwardsScalar(u8, "abc|def||ghi", '|')` will return slices for "ghi", "", "def", "abc", null, in that order. If `delimiter` does not exist in buffer, the iterator will return `buffer`, null, in that order. See also: `splitBackwardsSequence`, `splitBackwardsAny`, `splitSequence`, `splitAny`,`splitScalar`, `tokenizeAny`, `tokenizeSequence`, and `tokenizeScalar`.
std.mem.window	Returns an iterator with a sliding window of slices for `buffer`. The sliding window has length `size` and on every iteration moves forward by `advance`. Extract data for moving average with: `window(u8, "abcdefg", 3, 1)` will return slices "abc", "bcd", "cde", "def", "efg", null, in that order. Chunk or split every N items with: `window(u8, "abcdefg", 3, 3)` will return slices "abc", "def", "g", null, in that order. Pick every even index with: `window(u8, "abcdefg", 1, 2)` will return slices "a", "c", "e", "g" null, in that order. The `size` and `advance` must be not be zero.
std.mem.WindowIterator	Iterator type returned by the `window` function for sliding window operations.
std.mem.startsWith	Returns true if haystack starts with needle. Time complexity: O(needle.len)
std.mem.endsWith	Returns true if haystack ends with needle. Time complexity: O(needle.len)
std.mem.cutPrefix	If `slice` starts with `prefix`, returns the rest of `slice` starting at `prefix.len`.
std.mem.cutSuffix	If `slice` ends with `suffix`, returns `slice` from beginning to start of `suffix`.
std.mem.cut	Returns slice of `haystack` before and after first occurrence of `needle`, or `null` if not found. See also: * `cutScalar` * `split` * `tokenizeAny`
std.mem.cutLast	Returns slice of `haystack` before and after last occurrence of `needle`, or `null` if not found. See also: * `cut` * `cutScalarLast`
std.mem.cutScalar	Returns slice of `haystack` before and after first occurrence `needle`, or `null` if not found. See also: * `cut` * `splitScalar` * `tokenizeScalar`
std.mem.cutScalarLast	Returns slice of `haystack` before and after last occurrence of `needle`, or `null` if not found. See also: * `cut` * `splitScalar` * `tokenizeScalar`
std.mem.DelimiterType	Delimiter type for tokenization and splitting operations.
std.mem.TokenIterator	Iterator type for tokenization operations, skipping empty sequences and delimiter sequences.
std.mem.SplitIterator	Iterator type for splitting operations, including empty sequences between delimiters.
std.mem.SplitBackwardsIterator	Iterator type for splitting operations from the end backwards, including empty sequences.
std.mem.join	Naively combines a series of slices with a separator. Allocates memory for the result, which must be freed by the caller.
std.mem.joinZ	Naively combines a series of slices with a separator and null terminator. Allocates memory for the result, which must be freed by the caller.
std.mem.concat	Copies each T from slices into a new slice that exactly holds all the elements.
std.mem.concatWithSentinel	Copies each T from slices into a new slice that exactly holds all the elements.
std.mem.concatMaybeSentinel	Copies each T from slices into a new slice that exactly holds all the elements as well as the sentinel.
std.mem.min	Returns the smallest number in a slice. O(n). `slice` must not be empty.
std.mem.max	Returns the largest number in a slice. O(n). `slice` must not be empty.
std.mem.minMax	Finds the smallest and largest number in a slice. O(n). Returns an anonymous struct with the fields `min` and `max`. `slice` must not be empty.
std.mem.indexOfMin	Deprecated in favor of `findMin`.
std.mem.findMin	Returns the index of the smallest number in a slice. O(n). `slice` must not be empty.
std.mem.findMax	Returns the index of the largest number in a slice. O(n). `slice` must not be empty.
std.mem.indexOfMinMax	Deprecated in favor of `findMinMax`.
std.mem.findMinMax	Finds the indices of the smallest and largest number in a slice. O(n). Returns the indices of the smallest and largest numbers in that order. `slice` must not be empty.
std.mem.swap	Exchanges contents of two memory locations.
std.mem.reverse	In-place order reversal of a slice
std.mem.ReverseIterator	Returned by `reverseIterator`.
std.mem.reverseIterator	Iterates over a slice in reverse.
std.mem.rotate	In-place rotation of the values in an array ([0 1 2 3] becomes [1 2 3 0] if we rotate by 1) Assumes 0 <= amount <= items.len
std.mem.replace	Replace needle with replacement as many times as possible, writing to an output buffer which is assumed to be of appropriate size. Use replacementSize to calculate an appropriate buffer size. The `input` and `output` slices must not overlap. The needle must not be empty. Returns the number of replacements made.
std.mem.replaceScalar	Replace all occurrences of `match` with `replacement`.
std.mem.collapseRepeatsLen	Collapse consecutive duplicate elements into one entry.
std.mem.collapseRepeats	Collapse consecutive duplicate elements into one entry.
std.mem.replacementSize	Calculate the size needed in an output buffer to perform a replacement. The needle must not be empty.
std.mem.replaceOwned	Perform a replacement on an allocated buffer of pre-determined size. Caller must free returned memory.
std.mem.littleToNative	Converts a little-endian integer to host endianness.
std.mem.bigToNative	Converts a big-endian integer to host endianness.
std.mem.toNative	Converts an integer from specified endianness to host endianness.
std.mem.nativeTo	Converts an integer which has host endianness to the desired endianness.
std.mem.nativeToLittle	Converts an integer which has host endianness to little endian.
std.mem.nativeToBig	Converts an integer which has host endianness to big endian.
std.mem.alignPointerOffset	Returns the number of elements that, if added to the given pointer, align it to a multiple of the given quantity, or `null` if one of the following conditions is met: - The aligned pointer would not fit the address space, - The delta required to align the pointer is not a multiple of the pointee's type.
std.mem.alignPointer	Aligns a given pointer value to a specified alignment factor. Returns an aligned pointer or null if one of the following conditions is met: - The aligned pointer would not fit the address space, - The delta required to align the pointer is not a multiple of the pointee's type.
std.mem.asBytes	Given a pointer to a single item, returns a slice of the underlying bytes, preserving pointer attributes.
std.mem.toBytes	Given any value, returns a copy of its bytes in an array.
std.mem.bytesAsValue	Given a pointer to an array of bytes, returns a pointer to a value of the specified type backed by those bytes, preserving pointer attributes.
std.mem.bytesToValue	Given a pointer to an array of bytes, returns a value of the specified type backed by a copy of those bytes.
std.mem.bytesAsSlice	Given a slice of bytes, returns a slice of the specified type backed by those bytes, preserving pointer attributes. If `T` is zero-bytes sized, the returned slice has a len of zero.
std.mem.sliceAsBytes	Given a slice, returns a slice of the underlying bytes, preserving pointer attributes.
std.mem.absorbSentinel	If the provided slice is not sentinel terminated, do nothing and return that slice. If it is sentinel-terminated, return a non-sentinel-terminated slice with the length increased by one to include the absorbed sentinel element.
std.mem.alignForwardAnyAlign	Round an address down to the next (or current) aligned address. Unlike `alignForward`, `alignment` can be any positive number, not just a power of 2.
std.mem.alignForward	Round an address up to the next (or current) aligned address. The alignment must be a power of 2 and greater than 0. Asserts that rounding up the address does not cause integer overflow.
std.mem.alignForwardLog2	Rounds an address up to the next alignment boundary using log2 representation. Equivalent to alignForward with alignment = 1 << log2_alignment. More efficient when alignment is known to be a power of 2.
std.mem.doNotOptimizeAway	Force an evaluation of the expression; this tries to prevent the compiler from optimizing the computation away even if the result eventually gets discarded.
std.mem.alignBackwardAnyAlign	Round an address down to the previous (or current) aligned address. Unlike `alignBackward`, `alignment` can be any positive number, not just a power of 2.
std.mem.alignBackward	Round an address down to the previous (or current) aligned address. The alignment must be a power of 2 and greater than 0.
std.mem.isValidAlign	Returns whether `alignment` is a valid alignment, meaning it is a positive power of 2.
std.mem.isValidAlignGeneric	Returns whether `alignment` is a valid alignment, meaning it is a positive power of 2.
std.mem.isAlignedAnyAlign	Returns true if i is aligned to the given alignment. Works with any positive alignment value, not just powers of 2. For power-of-2 alignments, `isAligned` is more efficient.
std.mem.isAlignedLog2	Returns true if addr is aligned to 2^log2_alignment. More efficient than `isAligned` when alignment is known to be a power of 2. log2_alignment must be < @bitSizeOf(usize).
std.mem.isAligned	Given an address and an alignment, return true if the address is a multiple of the alignment The alignment must be a power of 2 and greater than 0.
std.mem.isAlignedGeneric	Generic version of `isAligned` that works with any integer type. Returns true if addr is aligned to the given alignment. Alignment must be a power of 2 and greater than 0.
std.mem.alignInBytes	Returns the largest slice in the given bytes that conforms to the new alignment, or `null` if the given bytes contain no conforming address.
std.mem.alignInSlice	Returns the largest sub-slice within the given slice that conforms to the new alignment, or `null` if the given slice contains no conforming address.
std.meta.stringToEnum	Returns the variant of an enum type, `T`, which is named `str`, or `null` if no such variant exists.
std.meta.alignment	Returns the alignment of type T. Note that if T is a pointer type the result is different than the one returned by @alignOf(T). If T is a pointer type the alignment of the type it points to is returned.
std.meta.Child	Given a parameterized type (array, vector, pointer, optional), returns the "child type".
std.meta.Elem	Given a "memory span" type (array, slice, vector, or pointer to such), returns the "element type".
std.meta.sentinel	Given a type which can have a sentinel e.g. `[:0]u8`, returns the sentinel value, or `null` if there is not one. Types which cannot possibly have a sentinel will be a compile error. Result is always comptime-known.
std.meta.Sentinel	Given a "memory span" type, returns the same type except with the given sentinel value.
std.meta.declarations	Instead of this function, prefer to use e.g. `@typeInfo(foo).@"struct".decls` directly when you know what kind of type it is.
std.meta.tags	Given an enum or error set type, returns a pointer to an array containing all tags for that enum or error set.
std.meta.FieldEnum	Returns an enum with a variant named after each field of `T`.
std.meta.activeTag	Returns the active tag of a tagged union
std.meta.eql	Compares two of any type for equality. Containers that do not support comparison on their own are compared on a field-by-field basis. Pointers are not followed.
std.meta.fieldIndex	Given a type and a name, return the field index according to source order. Returns `null` if the field is not found.
std.meta.Int	Deprecated: use @Int
std.meta.ArgsTuple	For a given function type, returns a tuple type which fields will correspond to the argument types. Examples: - `ArgsTuple(fn () void)` ⇒ `tuple { }` - `ArgsTuple(fn (a: u32) u32)` ⇒ `tuple { u32 }` - `ArgsTuple(fn (a: u32, b: f16) noreturn)` ⇒ `tuple { u32, f16 }`
std.meta.Tuple	Deprecated; use `@Tuple` instead. To be removed after Zig 0.16.0 releases.
std.meta.isError	Returns whether `error_union` contains an error.
std.meta.hasFn	Returns true if a type has a namespace and the namespace contains `name`; `false` otherwise. Result is always comptime-known.
std.meta.hasMethod	Returns true if a type has a `name` method; `false` otherwise. Result is always comptime-known.
std.meta.hasUniqueRepresentation	True if every value of the type `T` has a unique bit pattern representing it. In other words, `T` has no unused bits and no padding. Result is always comptime-known.
std.os.linux.tls.prepareArea	Initializes all the fields of the static TLS area and returns the computed architecture-specific value of the TP register.
std.os.linux.tls.initStatic	Computes the layout of the static TLS area, allocates the area, initializes all of its fields, and assigns the architecture-specific value to the TP register.
std.os.linux.BPF.btf.Header	All offsets are in bytes relative to the end of this header
std.os.linux.BPF.btf.max_type	Max number of type identifiers
std.os.linux.BPF.btf.max_name_offset	Max offset into string section
std.os.linux.BPF.btf.max_vlen	Max number of struct/union/enum member of func args
std.os.linux.BPF.btf.Kind	For some kinds, Type is immediately followed by extra data
std.os.linux.BPF.btf.IntInfo	int kind is followed by this struct
std.os.linux.BPF.btf.Enum	enum kind is followed by this struct
std.os.linux.BPF.btf.Enum64	enum64 kind is followed by this struct
std.os.linux.BPF.btf.Array	array kind is followed by this struct
std.os.linux.BPF.btf.Member	struct and union kinds are followed by multiple Member structs. The exact number is stored in vlen
std.os.linux.BPF.btf.Param	func_proto is followed by multiple Params, the exact number is stored in vlen
std.os.linux.BPF.btf.Var	var kind is followed by a single Var struct to describe additional information related to the variable such as its linkage
std.os.linux.BPF.btf.VarSecInfo	datasec kind is followed by multiple VarSecInfo to describe all Var kind types it contains along with it's in-section offset as well as size.
std.os.linux.BPF.W	32-bit
std.os.linux.BPF.H	16-bit
std.os.linux.BPF.B	8-bit
std.os.linux.BPF.DW	64-bit
std.os.linux.BPF.JMP32	jmp mode in word width
std.os.linux.BPF.ALU64	alu mode in double word width
std.os.linux.BPF.XADD	exclusive add
std.os.linux.BPF.MOV	mov reg to reg
std.os.linux.BPF.ARSH	sign extending arithmetic shift right */
std.os.linux.BPF.END	flags for endianness conversion:
std.os.linux.BPF.TO_LE	convert to little-endian */
std.os.linux.BPF.TO_BE	convert to big-endian
std.os.linux.BPF.JNE	jump != *
std.os.linux.BPF.JLT	LT is unsigned, '<'
std.os.linux.BPF.JLE	LE is unsigned, '<=' *
std.os.linux.BPF.JSGT	SGT is signed '>', GT in x86
std.os.linux.BPF.JSGE	SGE is signed '>=', GE in x86
std.os.linux.BPF.JSLT	SLT is signed, '<'
std.os.linux.BPF.JSLE	SLE is signed, '<='
std.os.linux.BPF.CALL	function call
std.os.linux.BPF.EXIT	function return
std.os.linux.BPF.F_ALLOW_OVERRIDE	Flag for prog_attach command. If a sub-cgroup installs some bpf program, the program in this cgroup yields to sub-cgroup program.
std.os.linux.BPF.F_ALLOW_MULTI	Flag for prog_attach command. If a sub-cgroup installs some bpf program, that cgroup program gets run in addition to the program in this cgroup.
std.os.linux.BPF.F_REPLACE	Flag for prog_attach command.
std.os.linux.BPF.F_STRICT_ALIGNMENT	If BPF_F_STRICT_ALIGNMENT is used in BPF_PROG_LOAD command, the verifier will perform strict alignment checking as if the kernel has been built with CONFIG_EFFICIENT_UNALIGNED_ACCESS not set, and NET_IP_ALIGN defined to 2.
std.os.linux.BPF.F_ANY_ALIGNMENT	If BPF_F_ANY_ALIGNMENT is used in BPF_PROF_LOAD command, the verifier will allow any alignment whatsoever. On platforms with strict alignment requirements for loads and stores (such as sparc and mips) the verifier validates that all loads and stores provably follow this requirement. This flag turns that checking and enforcement off. It is mostly used for testing when we want to validate the context and memory access aspects of the verifier, but because of an unaligned access the alignment check would trigger before the one we are interested in.
std.os.linux.BPF.F_TEST_RND_HI32	BPF_F_TEST_RND_HI32 is used in BPF_PROG_LOAD command for testing purpose. Verifier does sub-register def/use analysis and identifies instructions whose def only matters for low 32-bit, high 32-bit is never referenced later through implicit zero extension. Therefore verifier notifies JIT back-ends that it is safe to ignore clearing high 32-bit for these instructions. This saves some back-ends a lot of code-gen. However such optimization is not necessary on some arches, for example x86_64, arm64 etc, whose JIT back-ends hence hasn't used verifier's analysis result. But, we really want to have a way to be able to verify the correctness of the described optimization on x86_64 on which testsuites are frequently exercised. So, this flag is introduced. Once it is set, verifier will randomize high 32-bit for those instructions who has been identified as safe to ignore them. Then, if verifier is not doing correct analysis, such randomization will regress tests to expose bugs.
std.os.linux.BPF.F_SLEEPABLE	If BPF_F_SLEEPABLE is used in BPF_PROG_LOAD command, the verifier will restrict map and helper usage for such programs. Sleepable BPF programs can only be attached to hooks where kernel execution context allows sleeping. Such programs are allowed to use helpers that may sleep like bpf_copy_from_user().
std.os.linux.BPF.PSEUDO_MAP_FD	When BPF ldimm64's insn[0].src_reg != 0 then this can have two extensions: insn[0].src_reg: BPF_PSEUDO_MAP_FD BPF_PSEUDO_MAP_VALUE insn[0].imm: map fd map fd insn[1].imm: 0 offset into value insn[0].off: 0 0 insn[1].off: 0 0 ldimm64 rewrite: address of map address of map[0]+offset verifier type: CONST_PTR_TO_MAP PTR_TO_MAP_VALUE
std.os.linux.BPF.PSEUDO_CALL	when bpf_call->src_reg == BPF_PSEUDO_CALL, bpf_call->imm == pc-relative offset to another bpf function
std.os.linux.BPF.ANY	flag for BPF_MAP_UPDATE_ELEM command. create new element or update existing
std.os.linux.BPF.NOEXIST	flag for BPF_MAP_UPDATE_ELEM command. create new element if it didn't exist
std.os.linux.BPF.EXIST	flag for BPF_MAP_UPDATE_ELEM command. update existing element
std.os.linux.BPF.F_LOCK	flag for BPF_MAP_UPDATE_ELEM command. spin_lock-ed map_lookup/map_update
std.os.linux.BPF.BPF_F_NO_PREALLOC	flag for BPF_MAP_CREATE command */
std.os.linux.BPF.BPF_F_NO_COMMON_LRU	flag for BPF_MAP_CREATE command. Instead of having one common LRU list in the BPF_MAP_TYPE_LRU_[PERCPU_]HASH map, use a percpu LRU list which can scale and perform better. Note, the LRU nodes (including free nodes) cannot be moved across different LRU lists.
std.os.linux.BPF.BPF_F_NUMA_NODE	flag for BPF_MAP_CREATE command. Specify numa node during map creation
std.os.linux.BPF.BPF_F_RDONLY	flag for BPF_MAP_CREATE command. Flags for BPF object read access from syscall side
std.os.linux.BPF.BPF_F_WRONLY	flag for BPF_MAP_CREATE command. Flags for BPF object write access from syscall side
std.os.linux.BPF.BPF_F_STACK_BUILD_ID	flag for BPF_MAP_CREATE command. Flag for stack_map, store build_id+offset instead of pointer
std.os.linux.BPF.BPF_F_ZERO_SEED	flag for BPF_MAP_CREATE command. Zero-initialize hash function seed. This should only be used for testing.
std.os.linux.BPF.BPF_F_RDONLY_PROG	flag for BPF_MAP_CREATE command Flags for accessing BPF object from program side.
std.os.linux.BPF.BPF_F_WRONLY_PROG	flag for BPF_MAP_CREATE command. Flags for accessing BPF object from program side.
std.os.linux.BPF.BPF_F_CLONE	flag for BPF_MAP_CREATE command. Clone map from listener for newly accepted socket
std.os.linux.BPF.BPF_F_MMAPABLE	flag for BPF_MAP_CREATE command. Enable memory-mapping BPF map
std.os.linux.BPF.Helper	These values correspond to "syscalls" within the BPF program's environment, each one is documented in std.os.linux.BPF.kern
std.os.linux.BPF.Insn	a single BPF instruction
std.os.linux.BPF.Insn.Reg	r0 - r9 are general purpose 64-bit registers, r10 points to the stack frame
std.os.linux.BPF.Insn.exit	exit BPF program
std.os.linux.BPF.MapCreateAttr	struct used by Cmd.map_create command
std.os.linux.BPF.MapElemAttr	struct used by Cmd.map_*_elem commands
std.os.linux.BPF.MapBatchAttr	struct used by Cmd.map_*_batch commands
std.os.linux.BPF.ProgLoadAttr	struct used by Cmd.prog_load command
std.os.linux.BPF.ObjAttr	struct used by Cmd.obj_* commands
std.os.linux.BPF.ProgAttachAttr	struct used by Cmd.prog_attach/detach commands
std.os.linux.BPF.TestRunAttr	struct used by Cmd.prog_test_run command
std.os.linux.BPF.GetIdAttr	struct used by Cmd.*_get_*_id commands
std.os.linux.BPF.InfoAttr	struct used by Cmd.obj_get_info_by_fd command
std.os.linux.BPF.QueryAttr	struct used by Cmd.prog_query command
std.os.linux.BPF.RawTracepointAttr	struct used by Cmd.raw_tracepoint_open command
std.os.linux.BPF.BtfLoadAttr	struct used by Cmd.btf_load command
std.os.linux.BPF.TaskFdQueryAttr	struct used by Cmd.task_fd_query
std.os.linux.BPF.LinkCreateAttr	struct used by Cmd.link_create command
std.os.linux.BPF.LinkUpdateAttr	struct used by Cmd.link_update command
std.os.linux.BPF.EnableStatsAttr	struct used by Cmd.enable_stats command
std.os.linux.BPF.IterCreateAttr	struct used by Cmd.iter_create command
std.os.linux.BPF.Attr	Mega struct that is passed to the bpf() syscall
std.os.linux.SECCOMP.MODE.DISABLED	Seccomp not in use.
std.os.linux.SECCOMP.MODE.STRICT	Uses a hard-coded filter.
std.os.linux.SECCOMP.MODE.FILTER	Uses a user-supplied filter.
std.os.linux.SECCOMP.FILTER_FLAG	Bitflags for the SET_MODE_FILTER operation.
std.os.linux.SECCOMP.RET	Action values for seccomp BPF programs. The lower 16-bits are for optional return data. The upper 16-bits are ordered from least permissive values to most.
std.os.linux.SECCOMP.RET.KILL_PROCESS	Kill the process.
std.os.linux.SECCOMP.RET.KILL_THREAD	Kill the thread.
std.os.linux.SECCOMP.RET.TRAP	Disallow and force a SIGSYS.
std.os.linux.SECCOMP.RET.ERRNO	Return an errno.
std.os.linux.SECCOMP.RET.USER_NOTIF	Forward the syscall to a userspace supervisor to make a decision.
std.os.linux.SECCOMP.RET.TRACE	Pass to a tracer or disallow.
std.os.linux.SECCOMP.RET.LOG	Allow after logging.
std.os.linux.SECCOMP.RET.ALLOW	Allow.
std.os.linux.SECCOMP.USER_NOTIF_FLAG_CONTINUE	Tells the kernel that the supervisor allows the syscall to continue.
std.os.linux.SECCOMP.ADDFD_FLAG	See seccomp_unotify(2).
std.os.linux.SECCOMP.notif_sizes	Used with the ::GET_NOTIF_SIZES command to check if the kernel structures have changed.
std.os.linux.SECCOMP.notif_resp	The decision payload the supervisor process sends to the kernel.
std.os.linux.elf_aux_maybe	Set by startup code, used by `getauxval`.
std.os.linux.errno	Get the errno from a syscall return value. SUCCESS means no error.
std.os.linux.vfork	This must be inline, and inline call the syscall function, because if the child does a return it will clobber the parent's stack. It is advised to avoid this function and use clone instead, because the compiler is not aware of how vfork affects control flow and you may see different results in optimized builds.
std.os.linux.futex	The futex v1 syscall, see also the newer the futex2_{wait,wakeup,requeue,waitv} syscalls. The futex_op parameter is a sub-command and flags. The sub-command defines which of the subsequent paramters are relevant.
std.os.linux.futex_3arg	Three-argument variation of the v1 futex call. Only suitable for a futex_op that ignores the remaining arguments (e.g., FUTUX_OP.WAKE).
std.os.linux.futex_4arg	Four-argument variation on the v1 futex call. Only suitable for futex_op that ignores the remaining arguments (e.g., FUTEX_OP.WAIT).
std.os.linux.futex2_waitv	Given an array of `futex2_waitone`, wait on each uaddr. The thread wakes if a futex_wake() is performed at any uaddr. The syscall returns immediately if any futex has *uaddr != val. timeout is an optional, absolute timeout value for the operation. The `flags` argument is for future use and currently should be `.{}`. Flags for private futexes, sizes, etc. should be set on the individual flags of each `futex2_waitone`. Returns the array index of one of the woken futexes. No further information is provided: any number of other futexes may also have been woken by the same event, and if more than one futex was woken, the returned index may refer to any one of them. (It is not necessaryily the futex with the smallest index, nor the one most recently woken, nor...) Requires at least kernel v5.16.
std.os.linux.futex2_wait	Wait on a single futex. Identical to the futex v1 `FUTEX.FUTEX_WAIT_BITSET` op, except it is part of the futex2 family of calls. Requires at least kernel v6.7.
std.os.linux.futex2_wake	Wake (subset of) waiters on given futex. Identical to the traditional `FUTEX.FUTEX_WAKE_BITSET` op, except it is part of the futex2 family of calls. Requires at least kernel v6.7.
std.os.linux.futex2_requeue	Wake and/or requeue waiter(s) from one futex to another. Identical to `FUTEX.CMP_REQUEUE`, except it is part of the futex2 family of calls. Requires at least kernel v6.7.
std.os.linux.mseal	Can only be called on 64 bit systems.
std.os.linux.clone5	See also `clone` (from the arch-specific include)
std.os.linux.clone2	See also `clone` (from the arch-specific include)
std.os.linux.set_tid_address	This call cannot fail, and the return value is the caller's thread id
std.os.linux.llseek	Can only be called on 32 bit systems. For 64 bit see `lseek`.
std.os.linux.lseek	Can only be called on 64 bit systems. For 32 bit see `llseek`.
std.os.linux.LINUX_REBOOT	flags for the `reboot' system call.
std.os.linux.LINUX_REBOOT.MAGIC1	First magic value required to use _reboot() system call.
std.os.linux.LINUX_REBOOT.MAGIC2	Second magic value required to use _reboot() system call.
std.os.linux.LINUX_REBOOT.CMD	Commands accepted by the _reboot() system call.
std.os.linux.NSIG	Defined as one greater than the largest defined signal number.
std.os.linux.sigset_t	Linux kernel's sigset_t. This is logically 64-bit on most architectures, but 128-bit on MIPS. Contrast with the 1024-bit sigset_t exported by the glibc and musl library ABIs.
std.os.linux.sigrtmin	Zig's SIGRTMIN, but is a function for compatibility with glibc
std.os.linux.sigrtmax	Zig's SIGRTMAX, but is a function for compatibility with glibc
std.os.linux.sigemptyset	Zig's version of sigemptyset. Returns initialized sigset_t.
std.os.linux.sigfillset	Zig's version of sigfillset. Returns initalized sigset_t.
std.os.linux.cachestat	Query the page cache statistics of a file.
std.os.linux.MAX_ADDR_LEN	Largest hardware address length e.g. a mac address is a type of hardware address
std.os.linux.AT.FDCWD	Special value used to indicate openat should use the current working directory
std.os.linux.AT.SYMLINK_NOFOLLOW	Do not follow symbolic links
std.os.linux.AT.REMOVEDIR	Remove directory instead of unlinking file
std.os.linux.AT.SYMLINK_FOLLOW	Follow symbolic links.
std.os.linux.AT.NO_AUTOMOUNT	Suppress terminal automount traversal
std.os.linux.AT.EMPTY_PATH	Allow empty relative pathname
std.os.linux.AT.STATX_SYNC_TYPE	Type of synchronisation required from statx()
std.os.linux.AT.STATX_SYNC_AS_STAT	- Do whatever stat() does
std.os.linux.AT.STATX_FORCE_SYNC	- Force the attributes to be sync'd with the server
std.os.linux.AT.STATX_DONT_SYNC	- Don't sync attributes with the server
std.os.linux.AT.RECURSIVE	Apply to the entire subtree
std.os.linux.FALLOC.FL_KEEP_SIZE	Default is extend size
std.os.linux.FALLOC.FL_PUNCH_HOLE	De-allocates range
std.os.linux.FALLOC.FL_NO_HIDE_STALE	Reserved codepoint
std.os.linux.FALLOC.FL_COLLAPSE_RANGE	Removes a range of a file without leaving a hole in the file
std.os.linux.FALLOC.FL_ZERO_RANGE	Converts a range of file to zeros preferably without issuing data IO
std.os.linux.FALLOC.FL_INSERT_RANGE	Inserts space within the file size without overwriting any existing data
std.os.linux.FALLOC.FL_UNSHARE_RANGE	Unshares shared blocks within the file size without overwriting any existing data
std.os.linux.FUTEX_OP	Futex v1 API command and flags for the `futex_op` parameter
std.os.linux.FUTEX_WAKE_OP	Futex v1 FUTEX_WAKE_OP `val3` operation:
std.os.linux.FUTEX_WAKE_OP_CMD	Futex v1 cmd for FUTEX_WAKE_OP `val3` command.
std.os.linux.FUTEX_WAKE_OP_CMP	Futex v1 comparison op for FUTEX_WAKE_OP `val3` cmp
std.os.linux.FUTEX2_WAITONE_MAX	Max numbers of elements in a `futex2_waitone` array.
std.os.linux.FUTEX2_SIZE	For futex v2 API, the size of the futex at the uaddr. v1 futex are always implicitly U32. As of kernel v6.14, only U32 is implemented for v2 futexes.
std.os.linux.FUTEX2_FLAGS_WAITV	As of kernel 6.14 there are no defined flags to futex2_waitv.
std.os.linux.FUTEX2_FLAGS_REQUEUE	As of kernel 6.14 there are no defined flags to futex2_requeue.
std.os.linux.FUTEX2_FLAGS	Flags for futex v2 APIs (futex2_wait, futex2_wake, futex2_requeue, but not the futex2_waitv syscall, but also used in the futex2_waitone struct).
std.os.linux.TCP.NODELAY	Turn off Nagle's algorithm
std.os.linux.TCP.MAXSEG	Limit MSS
std.os.linux.TCP.CORK	Never send partially complete segments.
std.os.linux.TCP.KEEPIDLE	Start keeplives after this period, in seconds
std.os.linux.TCP.KEEPINTVL	Interval between keepalives
std.os.linux.TCP.KEEPCNT	Number of keepalives before death
std.os.linux.TCP.SYNCNT	Number of SYN retransmits
std.os.linux.TCP.LINGER2	Life time of orphaned FIN-WAIT-2 state
std.os.linux.TCP.DEFER_ACCEPT	Wake up listener only when data arrive
std.os.linux.TCP.WINDOW_CLAMP	Bound advertised window
std.os.linux.TCP.INFO	Information about this connection.
std.os.linux.TCP.QUICKACK	Block/reenable quick acks
std.os.linux.TCP.CONGESTION	Congestion control algorithm
std.os.linux.TCP.MD5SIG	TCP MD5 Signature (RFC2385)
std.os.linux.TCP.THIN_LINEAR_TIMEOUTS	Use linear timeouts for thin streams
std.os.linux.TCP.THIN_DUPACK	Fast retrans. after 1 dupack
std.os.linux.TCP.USER_TIMEOUT	How long for loss retry before timeout
std.os.linux.TCP.REPAIR	TCP sock is under repair right now
std.os.linux.TCP.FASTOPEN	Enable FastOpen on listeners
std.os.linux.TCP.NOTSENT_LOWAT	limit number of unsent bytes in write queue
std.os.linux.TCP.CC_INFO	Get Congestion Control (optional) info
std.os.linux.TCP.SAVE_SYN	Record SYN headers for new connections
std.os.linux.TCP.SAVED_SYN	Get SYN headers recorded for connection
std.os.linux.TCP.REPAIR_WINDOW	Get/set window parameters
std.os.linux.TCP.FASTOPEN_CONNECT	Attempt FastOpen with connect
std.os.linux.TCP.ULP	Attach a ULP to a TCP connection
std.os.linux.TCP.MD5SIG_EXT	TCP MD5 Signature with extensions
std.os.linux.TCP.FASTOPEN_KEY	Set the key for Fast Open (cookie)
std.os.linux.TCP.FASTOPEN_NO_COOKIE	Enable TFO without a TFO cookie
std.os.linux.TCP.INQ	Notify bytes available to read as a cmsg on read
std.os.linux.TCP.TX_DELAY	delay outgoing packets by XX usec
std.os.linux.TCP.REPAIR_OFF_NO_WP	Turn off without window probes
std.os.linux.UDP.CORK	Never send partially complete segments
std.os.linux.UDP.ENCAP	Set the socket to accept encapsulated packets
std.os.linux.UDP.NO_CHECK6_TX	Disable sending checksum for UDP6X
std.os.linux.UDP.NO_CHECK6_RX	Disable accepting checksum for UDP6
std.os.linux.UDP.SEGMENT	Set GSO segmentation size
std.os.linux.UDP.GRO	This socket can receive UDP GRO packets
std.os.linux.IPV6	IPv6 socket options
std.os.linux.ETH	IEEE 802.3 Ethernet magic constants. The frame sizes omit the preamble and FCS/CRC (frame check sequence).
std.os.linux.ETH.ALEN	Octets in one ethernet addr
std.os.linux.ETH.TLEN	Octets in ethernet type field
std.os.linux.ETH.HLEN	Total octets in header
std.os.linux.ETH.ZLEN	Min. octets in frame sans FC
std.os.linux.ETH.DATA_LEN	Max. octets in payload
std.os.linux.ETH.FRAME_LEN	Max. octets in frame sans FCS
std.os.linux.ETH.FCS_LEN	Octets in the FCS
std.os.linux.ETH.MIN_MTU	Min IPv4 MTU per RFC791
std.os.linux.ETH.MAX_MTU	65535, same as IP_MAX_MTU
std.os.linux.ETH.P	These are the defined Ethernet Protocol ID's.
std.os.linux.ETH.P.LOOP	Ethernet Loopback packet
std.os.linux.ETH.P.PUP	Xerox PUP packet
std.os.linux.ETH.P.PUPAT	Xerox PUP Addr Trans packet
std.os.linux.ETH.P.TSN	TSN (IEEE 1722) packet
std.os.linux.ETH.P.ERSPAN2	ERSPAN version 2 (type III)
std.os.linux.ETH.P.IP	Internet Protocol packet
std.os.linux.ETH.P.X25	CCITT X.25
std.os.linux.ETH.P.ARP	Address Resolution packet
std.os.linux.ETH.P.BPQ	G8BPQ AX.25 Ethernet Packet [ NOT AN OFFICIALLY REGISTERED ID ]
std.os.linux.ETH.P.IEEEPUP	Xerox IEEE802.3 PUP packet
std.os.linux.ETH.P.IEEEPUPAT	Xerox IEEE802.3 PUP Addr Trans packet
std.os.linux.ETH.P.BATMAN	B.A.T.M.A.N.-Advanced packet [ NOT AN OFFICIALLY REGISTERED ID ]
std.os.linux.ETH.P.DEC	DEC Assigned proto
std.os.linux.ETH.P.DNA_DL	DEC DNA Dump/Load
std.os.linux.ETH.P.DNA_RC	DEC DNA Remote Console
std.os.linux.ETH.P.DNA_RT	DEC DNA Routing
std.os.linux.ETH.P.LAT	DEC LAT
std.os.linux.ETH.P.DIAG	DEC Diagnostics
std.os.linux.ETH.P.CUST	DEC Customer use
std.os.linux.ETH.P.SCA	DEC Systems Comms Arch
std.os.linux.ETH.P.TEB	Trans Ether Bridging
std.os.linux.ETH.P.RARP	Reverse Addr Res packet
std.os.linux.ETH.P.ATALK	Appletalk DDP
std.os.linux.ETH.P.AARP	Appletalk AARP
std.os.linux.ETH.P.P_8021Q	802.1Q VLAN Extended Header
std.os.linux.ETH.P.ERSPAN	ERSPAN type II
std.os.linux.ETH.P.IPX	IPX over DIX
std.os.linux.ETH.P.IPV6	IPv6 over bluebook
std.os.linux.ETH.P.PAUSE	IEEE Pause frames. See 802.3 31B
std.os.linux.ETH.P.SLOW	Slow Protocol. See 802.3ad 43B
std.os.linux.ETH.P.WCCP	Web-cache coordination protocol defined in draft-wilson-wrec-wccp-v2-00.txt
std.os.linux.ETH.P.MPLS_UC	MPLS Unicast traffic
std.os.linux.ETH.P.MPLS_MC	MPLS Multicast traffic
std.os.linux.ETH.P.ATMMPOA	MultiProtocol Over ATM
std.os.linux.ETH.P.PPP_DISC	PPPoE discovery messages
std.os.linux.ETH.P.PPP_SES	PPPoE session messages
std.os.linux.ETH.P.LINK_CTL	HPNA, wlan link local tunnel
std.os.linux.ETH.P.ATMFATE	Frame-based ATM Transport over Ethernet
std.os.linux.ETH.P.PAE	Port Access Entity (IEEE 802.1X)
std.os.linux.ETH.P.PROFINET	PROFINET
std.os.linux.ETH.P.REALTEK	Multiple proprietary protocols
std.os.linux.ETH.P.AOE	ATA over Ethernet
std.os.linux.ETH.P.ETHERCAT	EtherCAT
std.os.linux.ETH.P.@"8021AD"	802.1ad Service VLAN
std.os.linux.ETH.P.@"802_EX1"	802.1 Local Experimental 1.
std.os.linux.ETH.P.PREAUTH	802.11 Preauthentication
std.os.linux.ETH.P.TIPC	TIPC
std.os.linux.ETH.P.LLDP	Link Layer Discovery Protocol
std.os.linux.ETH.P.MRP	Media Redundancy Protocol
std.os.linux.ETH.P.MACSEC	802.1ae MACsec
std.os.linux.ETH.P.@"8021AH"	802.1ah Backbone Service Tag
std.os.linux.ETH.P.MVRP	802.1Q MVRP
std.os.linux.ETH.P.@"1588"	IEEE 1588 Timesync
std.os.linux.ETH.P.NCSI	NCSI protocol
std.os.linux.ETH.P.PRP	IEC 62439-3 PRP/HSRv0
std.os.linux.ETH.P.CFM	Connectivity Fault Management
std.os.linux.ETH.P.FCOE	Fibre Channel over Ethernet
std.os.linux.ETH.P.IBOE	Infiniband over Ethernet
std.os.linux.ETH.P.TDLS	TDLS
std.os.linux.ETH.P.FIP	FCoE Initialization Protocol
std.os.linux.ETH.P.@"80221"	IEEE 802.21 Media Independent Handover Protocol
std.os.linux.ETH.P.HSR	IEC 62439-3 HSRv1
std.os.linux.ETH.P.NSH	Network Service Header
std.os.linux.ETH.P.LOOPBACK	Ethernet loopback packet, per IEEE 802.3
std.os.linux.ETH.P.QINQ1	deprecated QinQ VLAN [ NOT AN OFFICIALLY REGISTERED ID ]
std.os.linux.ETH.P.QINQ2	deprecated QinQ VLAN [ NOT AN OFFICIALLY REGISTERED ID ]
std.os.linux.ETH.P.QINQ3	deprecated QinQ VLAN [ NOT AN OFFICIALLY REGISTERED ID ]
std.os.linux.ETH.P.EDSA	Ethertype DSA [ NOT AN OFFICIALLY REGISTERED ID ]
std.os.linux.ETH.P.DSA_8021Q	Fake VLAN Header for DSA [ NOT AN OFFICIALLY REGISTERED ID ]
std.os.linux.ETH.P.DSA_A5PSW	A5PSW Tag Value [ NOT AN OFFICIALLY REGISTERED ID ]
std.os.linux.ETH.P.IFE	ForCES inter-FE LFB type
std.os.linux.ETH.P.AF_IUCV	IBM af_iucv [ NOT AN OFFICIALLY REGISTERED ID ]
std.os.linux.ETH.P.@"802_3_MIN"	If the value in the ethernet type is more than this value then the frame is Ethernet II. Else it is 802.3
std.os.linux.ETH.P.@"802_3"	Dummy type for 802.3 frames
std.os.linux.ETH.P.AX25	Dummy protocol id for AX.25
std.os.linux.ETH.P.ALL	Every packet (be careful!!!)
std.os.linux.ETH.P.@"802_2"	802.2 frames
std.os.linux.ETH.P.SNAP	Internal only
std.os.linux.ETH.P.DDCMP	DEC DDCMP: Internal only
std.os.linux.ETH.P.WAN_PPP	Dummy type for WAN PPP frames
std.os.linux.ETH.P.PPP_MP	Dummy type for PPP MP frames
std.os.linux.ETH.P.LOCALTALK	Localtalk pseudo type
std.os.linux.ETH.P.CAN	CAN: Controller Area Network
std.os.linux.ETH.P.CANFD	CANFD: CAN flexible data rate
std.os.linux.ETH.P.CANXL	CANXL: eXtended frame Length
std.os.linux.ETH.P.PPPTALK	Dummy type for Atalk over PPP
std.os.linux.ETH.P.TR_802_2	802.2 frames
std.os.linux.ETH.P.MOBITEX	Mobitex (kaz@cafe.net)
std.os.linux.ETH.P.CONTROL	Card specific control frames
std.os.linux.ETH.P.IRDA	Linux-IrDA
std.os.linux.ETH.P.ECONET	Acorn Econet
std.os.linux.ETH.P.HDLC	HDLC frames
std.os.linux.ETH.P.ARCNET	1A for ArcNet :-)
std.os.linux.ETH.P.DSA	Distributed Switch Arch.
std.os.linux.ETH.P.TRAILER	Trailer switch tagging
std.os.linux.ETH.P.PHONET	Nokia Phonet frames
std.os.linux.ETH.P.IEEE802154	IEEE802.15.4 frame
std.os.linux.ETH.P.CAIF	ST-Ericsson CAIF protocol
std.os.linux.ETH.P.XDSA	Multiplexed DSA protocol
std.os.linux.ETH.P.MAP	Qualcomm multiplexing and aggregation protocol
std.os.linux.ETH.P.MCTP	Management component transport protocol packets
std.os.linux.CLONE.CLEAR_SIGHAND	Clear any signal handler and reset to SIG_DFL.
std.os.linux.CLONE.INTO_CGROUP	Clone into a specific cgroup given the right permissions.
std.os.linux.CLONE.NEWTIME	New time namespace
std.os.linux.fanotify.event_info_fid	Unique file identifier info record. This structure is used for records of types `EVENT_INFO_TYPE.FID`. `EVENT_INFO_TYPE.DFID` and `EVENT_INFO_TYPE.DFID_NAME`. For `EVENT_INFO_TYPE.DFID_NAME` there is additionally a null terminated name immediately after the file handle.
std.os.linux.fanotify.event_info_header	Variable length info record following event metadata.
std.os.linux.k_sigaction	Kernel sigaction struct, as expected by the `rt_sigaction` syscall. Includes `restorer` on targets where userspace is responsible for hooking up `rt_sigreturn`.
std.os.linux.Sigaction	Kernel Sigaction wrapper for the actual ABI `k_sigaction`. The Zig linux.zig wrapper library still does some pre-processing on sigaction() calls (to add the `restorer` field). Renamed from `sigaction` to `Sigaction` to avoid conflict with the syscall.
std.os.linux.sockaddr.in	IPv4 socket address
std.os.linux.sockaddr.in6	IPv6 socket address
std.os.linux.sockaddr.un	UNIX domain socket address
std.os.linux.sockaddr.ll	Packet socket address
std.os.linux.sockaddr.nl	Netlink socket address
std.os.linux.sockaddr.vm	Address structure for vSockets
std.os.linux.IORING_SETUP_IOPOLL	io_context is polled
std.os.linux.IORING_SETUP_SQPOLL	SQ poll thread
std.os.linux.IORING_SETUP_SQ_AFF	sq_thread_cpu is valid
std.os.linux.IORING_SETUP_CQSIZE	app defines CQ size
std.os.linux.IORING_SETUP_CLAMP	clamp SQ/CQ ring sizes
std.os.linux.IORING_SETUP_ATTACH_WQ	attach to existing wq
std.os.linux.IORING_SETUP_R_DISABLED	start with ring disabled
std.os.linux.IORING_SETUP_SUBMIT_ALL	continue submit on error
std.os.linux.IORING_SETUP_COOP_TASKRUN	Cooperative task running. When requests complete, they often require forcing the submitter to transition to the kernel to complete. If this flag is set, work will be done when the task transitions anyway, rather than force an inter-processor interrupt reschedule. This avoids interrupting a task running in userspace, and saves an IPI.
std.os.linux.IORING_SETUP_TASKRUN_FLAG	If COOP_TASKRUN is set, get notified if task work is available for running and a kernel transition would be needed to run it. This sets IORING_SQ_TASKRUN in the sq ring flags. Not valid with COOP_TASKRUN.
std.os.linux.IORING_SETUP_SQE128	SQEs are 128 byte
std.os.linux.IORING_SETUP_CQE32	CQEs are 32 byte
std.os.linux.IORING_SETUP_SINGLE_ISSUER	Only one task is allowed to submit requests
std.os.linux.IORING_SETUP_DEFER_TASKRUN	Defer running task work to get events. Rather than running bits of task work whenever the task transitions try to do it just before it is needed.
std.os.linux.IORING_SETUP_NO_MMAP	Application provides ring memory
std.os.linux.IORING_SETUP_REGISTERED_FD_ONLY	Register the ring fd in itself for use with IORING_REGISTER_USE_REGISTERED_RING; return a registered fd index rather than an fd.
std.os.linux.IORING_SETUP_NO_SQARRAY	Removes indirection through the SQ index array.
std.os.linux.io_uring_sqe	IO submission data structure (Submission Queue Entry)
std.os.linux.io_uring_sqe.link_next	This SQE forms a link with the next SQE in the submission ring. Next SQE will not be started before this one completes. Forms a chain of SQEs.
std.os.linux.IoUring.init	A friendly way to setup an io_uring, with default linux.io_uring_params. `entries` must be a power of two between 1 and 32768, although the kernel will make the final call on how many entries the submission and completion queues will ultimately have, see https://github.com/torvalds/linux/blob/v5.8/fs/io_uring.c#L8027-L8050. Matches the interface of io_uring_queue_init() in liburing.
std.os.linux.IoUring.init_params	A powerful way to setup an io_uring, if you want to tweak linux.io_uring_params such as submission queue thread cpu affinity or thread idle timeout (the kernel and our default is 1 second). `params` is passed by reference because the kernel needs to modify the parameters. Matches the interface of io_uring_queue_init_params() in liburing.
std.os.linux.IoUring.get_sqe	Returns a pointer to a vacant SQE, or an error if the submission queue is full. We follow the implementation (and atomics) of liburing's `io_uring_get_sqe()` exactly. However, instead of a null we return an error to force safe handling. Any situation where the submission queue is full tends more towards a control flow error, and the null return in liburing is more a C idiom than anything else, for lack of a better alternative. In Zig, we have first-class error handling... so let's use it. Matches the implementation of io_uring_get_sqe() in liburing.
std.os.linux.IoUring.submit	Submits the SQEs acquired via get_sqe() to the kernel. You can call this once after you have called get_sqe() multiple times to setup multiple I/O requests. Returns the number of SQEs submitted, if not used alongside IORING_SETUP_SQPOLL. If the io_uring instance is uses IORING_SETUP_SQPOLL, the value returned on success is not guaranteed to match the amount of actually submitted sqes during this call. A value higher or lower, including 0, may be returned. Matches the implementation of io_uring_submit() in liburing.
std.os.linux.IoUring.submit_and_wait	Like submit(), but allows waiting for events as well. Returns the number of SQEs submitted. Matches the implementation of io_uring_submit_and_wait() in liburing.
std.os.linux.IoUring.enter	Tell the kernel we have submitted SQEs and/or want to wait for CQEs. Returns the number of SQEs submitted.
std.os.linux.IoUring.flush_sq	Sync internal state with kernel ring state on the SQ side. Returns the number of all pending events in the SQ ring, for the shared ring. This return value includes previously flushed SQEs, as per liburing. The rationale is to suggest that an io_uring_enter() call is needed rather than not. Matches the implementation of __io_uring_flush_sq() in liburing.
std.os.linux.IoUring.sq_ring_needs_enter	Returns true if we are not using an SQ thread (thus nobody submits but us), or if IORING_SQ_NEED_WAKEUP is set and the SQ thread must be explicitly awakened. For the latter case, we set the SQ thread wakeup flag. Matches the implementation of sq_ring_needs_enter() in liburing.
std.os.linux.IoUring.sq_ready	Returns the number of flushed and unflushed SQEs pending in the submission queue. In other words, this is the number of SQEs in the submission queue, i.e. its length. These are SQEs that the kernel is yet to consume. Matches the implementation of io_uring_sq_ready in liburing.
std.os.linux.IoUring.cq_ready	Returns the number of CQEs in the completion queue, i.e. its length. These are CQEs that the application is yet to consume. Matches the implementation of io_uring_cq_ready in liburing.
std.os.linux.IoUring.copy_cqes	Copies as many CQEs as are ready, and that can fit into the destination `cqes` slice. If none are available, enters into the kernel to wait for at most `wait_nr` CQEs. Returns the number of CQEs copied, advancing the CQ ring. Provides all the wait/peek methods found in liburing, but with batching and a single method. The rationale for copying CQEs rather than copying pointers is that pointers are 8 bytes whereas CQEs are not much more at only 16 bytes, and this provides a safer faster interface. Safer, because you no longer need to call cqe_seen(), avoiding idempotency bugs. Faster, because we can now amortize the atomic store release to `cq.head` across the batch. See https://github.com/axboe/liburing/issues/103#issuecomment-686665007. Matches the implementation of io_uring_peek_batch_cqe() in liburing, but supports waiting.
std.os.linux.IoUring.copy_cqe	Returns a copy of an I/O completion, waiting for it if necessary, and advancing the CQ ring. A convenience method for `copy_cqes()` for when you don't need to batch or peek.
std.os.linux.IoUring.cq_ring_needs_flush	Matches the implementation of cq_ring_needs_flush() in liburing.
std.os.linux.IoUring.cqe_seen	For advanced use cases only that implement custom completion queue methods. If you use copy_cqes() or copy_cqe() you must not call cqe_seen() or cq_advance(). Must be called exactly once after a zero-copy CQE has been processed by your application. Not idempotent, calling more than once will result in other CQEs being lost. Matches the implementation of cqe_seen() in liburing.
std.os.linux.IoUring.cq_advance	For advanced use cases only that implement custom completion queue methods. Matches the implementation of cq_advance() in liburing.
std.os.linux.IoUring.fsync	Queues (but does not submit) an SQE to perform an `fsync(2)`. Returns a pointer to the SQE so that you can further modify the SQE for advanced use cases. For example, for `fdatasync()` you can set `IORING_FSYNC_DATASYNC` in the SQE's `rw_flags`. N.B. While SQEs are initiated in the order in which they appear in the submission queue, operations execute in parallel and completions are unordered. Therefore, an application that submits a write followed by an fsync in the submission queue cannot expect the fsync to apply to the write, since the fsync may complete before the write is issued to the disk. You should preferably use `link_with_next_sqe()` on a write's SQE to link it with an fsync, or else insert a full write barrier using `drain_previous_sqes()` when queueing an fsync.
std.os.linux.IoUring.nop	Queues (but does not submit) an SQE to perform a no-op. Returns a pointer to the SQE so that you can further modify the SQE for advanced use cases. A no-op is more useful than may appear at first glance. For example, you could call `drain_previous_sqes()` on the returned SQE, to use the no-op to know when the ring is idle before acting on a kill signal.
std.os.linux.IoUring.ReadBuffer	Used to select how the read should be handled.
std.os.linux.IoUring.read	Queues (but does not submit) an SQE to perform a `read(2)` or `preadv(2)` depending on the buffer type. * Reading into a `ReadBuffer.buffer` uses `read(2)` * Reading into a `ReadBuffer.iovecs` uses `preadv(2)` If you want to do a `preadv2(2)` then set `rw_flags` on the returned SQE. See https://man7.org/linux/man-pages/man2/preadv2.2.html Returns a pointer to the SQE.
std.os.linux.IoUring.write	Queues (but does not submit) an SQE to perform a `write(2)`. Returns a pointer to the SQE.
std.os.linux.IoUring.splice	Queues (but does not submit) an SQE to perform a `splice(2)` Either `fd_in` or `fd_out` must be a pipe. If `fd_in` refers to a pipe, `off_in` is ignored and must be set to std.math.maxInt(u64). If `fd_in` does not refer to a pipe and `off_in` is maxInt(u64), then `len` are read from `fd_in` starting from the file offset, which is incremented by the number of bytes read. If `fd_in` does not refer to a pipe and `off_in` is not maxInt(u64), then the starting offset of `fd_in` will be `off_in`. This splice operation can be used to implement sendfile by splicing to an intermediate pipe first, then splice to the final destination. In fact, the implementation of sendfile in kernel uses splice internally. NOTE that even if fd_in or fd_out refers to a pipe, the splice operation can still fail with EINVAL if one of the fd doesn't explicitly support splice peration, e.g. reading from terminal is unsupported from kernel 5.7 to 5.11. See https://github.com/axboe/liburing/issues/291 Returns a pointer to the SQE so that you can further modify the SQE for advanced use cases.
std.os.linux.IoUring.read_fixed	Queues (but does not submit) an SQE to perform a IORING_OP_READ_FIXED. The `buffer` provided must be registered with the kernel by calling `register_buffers` first. The `buffer_index` must be the same as its index in the array provided to `register_buffers`. Returns a pointer to the SQE so that you can further modify the SQE for advanced use cases.
std.os.linux.IoUring.writev	Queues (but does not submit) an SQE to perform a `pwritev()`. Returns a pointer to the SQE so that you can further modify the SQE for advanced use cases. For example, if you want to do a `pwritev2()` then set `rw_flags` on the returned SQE. See https://linux.die.net/man/2/pwritev.
std.os.linux.IoUring.write_fixed	Queues (but does not submit) an SQE to perform a IORING_OP_WRITE_FIXED. The `buffer` provided must be registered with the kernel by calling `register_buffers` first. The `buffer_index` must be the same as its index in the array provided to `register_buffers`. Returns a pointer to the SQE so that you can further modify the SQE for advanced use cases.
std.os.linux.IoUring.accept	Queues (but does not submit) an SQE to perform an `accept4(2)` on a socket. Returns a pointer to the SQE. Available since 5.5
std.os.linux.IoUring.accept_multishot	Queues an multishot accept on a socket. Multishot variant allows an application to issue a single accept request, which will repeatedly trigger a CQE when a connection request comes in. While IORING_CQE_F_MORE flag is set in CQE flags accept will generate further CQEs. Available since 5.19
std.os.linux.IoUring.accept_direct	Queues an accept using direct (registered) file descriptors. To use an accept direct variant, the application must first have registered a file table (with register_files). An unused table index will be dynamically chosen and returned in the CQE res field. After creation, they can be used by setting IOSQE_FIXED_FILE in the SQE flags member, and setting the SQE fd field to the direct descriptor value rather than the regular file descriptor. Available since 5.19
std.os.linux.IoUring.accept_multishot_direct	Queues an multishot accept using direct (registered) file descriptors. Available since 5.19
std.os.linux.IoUring.connect	Queue (but does not submit) an SQE to perform a `connect(2)` on a socket. Returns a pointer to the SQE.
std.os.linux.IoUring.epoll_ctl	Queues (but does not submit) an SQE to perform a `epoll_ctl(2)`. Returns a pointer to the SQE.
std.os.linux.IoUring.RecvBuffer	Used to select how the recv call should be handled.
std.os.linux.IoUring.recv	Queues (but does not submit) an SQE to perform a `recv(2)`. Returns a pointer to the SQE. Available since 5.6
std.os.linux.IoUring.send	Queues (but does not submit) an SQE to perform a `send(2)`. Returns a pointer to the SQE. Available since 5.6
std.os.linux.IoUring.send_zc	Queues (but does not submit) an SQE to perform an async zerocopy `send(2)`. This operation will most likely produce two CQEs. The flags field of the first cqe may likely contain IORING_CQE_F_MORE, which means that there will be a second cqe with the user_data field set to the same value. The user must not modify the data buffer until the notification is posted. The first cqe follows the usual rules and so its res field will contain the number of bytes sent or a negative error code. The notification's res field will be set to zero and the flags field will contain IORING_CQE_F_NOTIF. The two step model is needed because the kernel may hold on to buffers for a long time, e.g. waiting for a TCP ACK. Notifications responsible for controlling the lifetime of the buffers. Even errored requests may generate a notification. Available since 6.0
std.os.linux.IoUring.send_zc_fixed	Queues (but does not submit) an SQE to perform an async zerocopy `send(2)`. Returns a pointer to the SQE. Available since 6.0
std.os.linux.IoUring.recvmsg	Queues (but does not submit) an SQE to perform a `recvmsg(2)`. Returns a pointer to the SQE. Available since 5.3
std.os.linux.IoUring.sendmsg	Queues (but does not submit) an SQE to perform a `sendmsg(2)`. Returns a pointer to the SQE. Available since 5.3
std.os.linux.IoUring.sendmsg_zc	Queues (but does not submit) an SQE to perform an async zerocopy `sendmsg(2)`. Returns a pointer to the SQE. Available since 6.1
std.os.linux.IoUring.openat	Queues (but does not submit) an SQE to perform an `openat(2)`. Returns a pointer to the SQE. Available since 5.6.
std.os.linux.IoUring.openat_direct	Queues an openat using direct (registered) file descriptors. To use an accept direct variant, the application must first have registered a file table (with register_files). An unused table index will be dynamically chosen and returned in the CQE res field. After creation, they can be used by setting IOSQE_FIXED_FILE in the SQE flags member, and setting the SQE fd field to the direct descriptor value rather than the regular file descriptor. Available since 5.15
std.os.linux.IoUring.close	Queues (but does not submit) an SQE to perform a `close(2)`. Returns a pointer to the SQE. Available since 5.6.
std.os.linux.IoUring.close_direct	Queues close of registered file descriptor. Available since 5.15
std.os.linux.IoUring.timeout	Queues (but does not submit) an SQE to register a timeout operation. Returns a pointer to the SQE. The timeout will complete when either the timeout expires, or after the specified number of events complete (if `count` is greater than `0`). `flags` may be `0` for a relative timeout, or `IORING_TIMEOUT_ABS` for an absolute timeout. The completion event result will be `-ETIME` if the timeout completed through expiration, `0` if the timeout completed after the specified number of events, or `-ECANCELED` if the timeout was removed before it expired. io_uring timeouts use the `CLOCK.MONOTONIC` clock source.
std.os.linux.IoUring.timeout_remove	Queues (but does not submit) an SQE to remove an existing timeout operation. Returns a pointer to the SQE. The timeout is identified by its `user_data`. The completion event result will be `0` if the timeout was found and canceled successfully, `-EBUSY` if the timeout was found but expiration was already in progress, or `-ENOENT` if the timeout was not found.
std.os.linux.IoUring.link_timeout	Queues (but does not submit) an SQE to add a link timeout operation. Returns a pointer to the SQE. You need to set linux.IOSQE_IO_LINK to flags of the target operation and then call this method right after the target operation. See https://lwn.net/Articles/803932/ for detail. If the dependent request finishes before the linked timeout, the timeout is canceled. If the timeout finishes before the dependent request, the dependent request will be canceled. The completion event result of the link_timeout will be `-ETIME` if the timeout finishes before the dependent request (in this case, the completion event result of the dependent request will be `-ECANCELED`), or `-EALREADY` if the dependent request finishes before the linked timeout.
std.os.linux.IoUring.poll_add	Queues (but does not submit) an SQE to perform a `poll(2)`. Returns a pointer to the SQE.
std.os.linux.IoUring.poll_remove	Queues (but does not submit) an SQE to remove an existing poll operation. Returns a pointer to the SQE.
std.os.linux.IoUring.poll_update	Queues (but does not submit) an SQE to update the user data of an existing poll operation. Returns a pointer to the SQE.
std.os.linux.IoUring.fallocate	Queues (but does not submit) an SQE to perform an `fallocate(2)`. Returns a pointer to the SQE.
std.os.linux.IoUring.statx	Queues (but does not submit) an SQE to perform an `statx(2)`. Returns a pointer to the SQE.
std.os.linux.IoUring.cancel	Queues (but does not submit) an SQE to remove an existing operation. Returns a pointer to the SQE. The operation is identified by its `user_data`. The completion event result will be `0` if the operation was found and canceled successfully, `-EALREADY` if the operation was found but was already in progress, or `-ENOENT` if the operation was not found.
std.os.linux.IoUring.shutdown	Queues (but does not submit) an SQE to perform a `shutdown(2)`. Returns a pointer to the SQE. The operation is identified by its `user_data`.
std.os.linux.IoUring.renameat	Queues (but does not submit) an SQE to perform a `renameat2(2)`. Returns a pointer to the SQE.
std.os.linux.IoUring.unlinkat	Queues (but does not submit) an SQE to perform a `unlinkat(2)`. Returns a pointer to the SQE.
std.os.linux.IoUring.mkdirat	Queues (but does not submit) an SQE to perform a `mkdirat(2)`. Returns a pointer to the SQE.
std.os.linux.IoUring.symlinkat	Queues (but does not submit) an SQE to perform a `symlinkat(2)`. Returns a pointer to the SQE.
std.os.linux.IoUring.linkat	Queues (but does not submit) an SQE to perform a `linkat(2)`. Returns a pointer to the SQE.
std.os.linux.IoUring.provide_buffers	Queues (but does not submit) an SQE to provide a group of buffers used for commands that read/receive data. Returns a pointer to the SQE. Provided buffers can be used in `read`, `recv` or `recvmsg` commands via .buffer_selection. The kernel expects a contiguous block of memory of size (buffers_count * buffer_size).
std.os.linux.IoUring.remove_buffers	Queues (but does not submit) an SQE to remove a group of provided buffers. Returns a pointer to the SQE.
std.os.linux.IoUring.waitid	Queues (but does not submit) an SQE to perform a `waitid(2)`. Returns a pointer to the SQE.
std.os.linux.IoUring.register_files	Registers an array of file descriptors. Every time a file descriptor is put in an SQE and submitted to the kernel, the kernel must retrieve a reference to the file, and once I/O has completed the file reference must be dropped. The atomic nature of this file reference can be a slowdown for high IOPS workloads. This slowdown can be avoided by pre-registering file descriptors. To refer to a registered file descriptor, IOSQE_FIXED_FILE must be set in the SQE's flags, and the SQE's fd must be set to the index of the file descriptor in the registered array. Registering file descriptors will wait for the ring to idle. Files are automatically unregistered by the kernel when the ring is torn down. An application need unregister only if it wants to register a new array of file descriptors.
std.os.linux.IoUring.register_files_update	Updates registered file descriptors. Updates are applied starting at the provided offset in the original file descriptors slice. There are three kind of updates: * turning a sparse entry (where the fd is -1) into a real one * removing an existing entry (set the fd to -1) * replacing an existing entry with a new fd Adding new file descriptors must be done with `register_files`.
std.os.linux.IoUring.register_files_sparse	Registers an empty (-1) file table of `nr_files` number of file descriptors.
std.os.linux.IoUring.register_eventfd	Registers the file descriptor for an eventfd that will be notified of completion events on an io_uring instance. Only a single a eventfd can be registered at any given point in time.
std.os.linux.IoUring.register_eventfd_async	Registers the file descriptor for an eventfd that will be notified of completion events on an io_uring instance. Notifications are only posted for events that complete in an async manner. This means that events that complete inline while being submitted do not trigger a notification event. Only a single eventfd can be registered at any given point in time.
std.os.linux.IoUring.unregister_eventfd	Unregister the registered eventfd file descriptor.
std.os.linux.IoUring.register_buffers	Registers an array of buffers for use with `read_fixed` and `write_fixed`.
std.os.linux.IoUring.unregister_buffers	Unregister the registered buffers.
std.os.linux.IoUring.get_probe	Returns a io_uring_probe which is used to probe the capabilities of the io_uring subsystem of the running kernel. The io_uring_probe contains the list of supported operations.
std.os.linux.IoUring.unregister_files	Unregisters all registered file descriptors previously associated with the ring.
std.os.linux.IoUring.socket	Prepares a socket creation request. New socket fd will be returned in completion result. Available since 5.19
std.os.linux.IoUring.socket_direct	Prepares a socket creation request for registered file at index `file_index`. Available since 5.19
std.os.linux.IoUring.socket_direct_alloc	Prepares a socket creation request for registered file, index chosen by kernel (file index alloc). File index will be returned in CQE res field. Available since 5.19
std.os.linux.IoUring.bind	Queues (but does not submit) an SQE to perform an `bind(2)` on a socket. Returns a pointer to the SQE. Available since 6.11
std.os.linux.IoUring.listen	Queues (but does not submit) an SQE to perform an `listen(2)` on a socket. Returns a pointer to the SQE. Available since 6.11
std.os.linux.IoUring.cmd_sock	Prepares an cmd request for a socket. See: https://man7.org/linux/man-pages/man3/io_uring_prep_cmd.3.html Available since 6.7.
std.os.linux.IoUring.setsockopt	Prepares set socket option for the optname argument, at the protocol level specified by the level argument. Available since 6.7.n
std.os.linux.IoUring.getsockopt	Prepares get socket option to retrieve the value for the option specified by the option_name argument for the socket specified by the fd argument. Available since 6.7.
std.os.linux.IoUring.BufferGroup	Group of application provided buffers. Uses newer type, called ring mapped buffers, supported since kernel 5.19. Buffers are identified by a buffer group ID, and within that group, a buffer ID. IO_Uring can have multiple buffer groups, each with unique group ID. In `init` application provides contiguous block of memory `buffers` for `buffers_count` buffers of size `buffers_size`. Application can then submit `recv` operation without providing buffer upfront. Once the operation is ready to receive data, a buffer is picked automatically and the resulting CQE will contain the buffer ID in `cqe.buffer_id()`. Use `get` method to get buffer for buffer ID identified by CQE. Once the application has processed the buffer, it may hand ownership back to the kernel, by calling `put` allowing the cycle to repeat. Depending on the rate of arrival of data, it is possible that a given buffer group will run out of buffers before those in CQEs can be put back to the kernel. If this happens, a `cqe.err()` will have ENOBUFS as the error value.
std.os.linux.IoUring.setup_buf_ring	Registers a shared buffer ring to be used with provided buffers. `entries` number of `io_uring_buf` structures is mem mapped and shared by kernel. `fd` is IO_Uring.fd for which the provided buffer ring is being registered. `entries` is the number of entries requested in the buffer ring, must be power of 2. `group_id` is the chosen buffer group ID, unique in IO_Uring.
std.os.linux.IoUring.buf_ring_init	Initialises `br` so that it is ready to be used.
std.os.linux.IoUring.buf_ring_mask	Calculates the appropriate size mask for a buffer ring. `entries` is the ring entries as specified in io_uring_register_buf_ring.
std.os.linux.IoUring.buf_ring_add	Assigns `buffer` with the `br` buffer ring. `buffer_id` is identifier which will be returned in the CQE. `buffer_offset` is the offset to insert at from the current tail. If just one buffer is provided before the ring tail is committed with advance then offset should be 0. If buffers are provided in a loop before being committed, the offset must be incremented by one for each buffer added.
std.os.linux.IoUring.buf_ring_advance	Make `count` new buffers visible to the kernel. Called after `io_uring_buf_ring_add` has been called `count` times to fill in new buffers.
std.os.linux.IORING_FILE_INDEX_ALLOC	If sqe->file_index is set to this for opcodes that instantiate a new direct descriptor (like openat/openat2/accept), then io_uring will allocate an available direct descriptor instead of having the application pass one in. The picked direct descriptor will be returned in cqe->res, or -ENFILE if the space is full. Available since Linux 5.19
std.os.linux.IOSQE_FIXED_FILE	use fixed fileset
std.os.linux.IOSQE_IO_DRAIN	issue after inflight IO
std.os.linux.IOSQE_IO_LINK	links next sqe
std.os.linux.IOSQE_IO_HARDLINK	like LINK, but stronger
std.os.linux.IOSQE_ASYNC	always go async
std.os.linux.IOSQE_BUFFER_SELECT	select buffer from buf_group
std.os.linux.IOSQE_CQE_SKIP_SUCCESS	don't post CQE if request succeeded Available since Linux 5.17
std.os.linux.IORING_URING_CMD_FIXED	use registered buffer; pass thig flag along with setting sqe->buf_index.
std.os.linux.IORING_POLL_ADD_MULTI	Multishot poll. Sets IORING_CQE_F_MORE if the poll handler will continue to report CQEs on behalf of the same SQE.
std.os.linux.IORING_POLL_UPDATE_EVENTS	Update existing poll request, matching sqe->addr as the old user_data field.
std.os.linux.IORING_ASYNC_CANCEL_ALL	Cancel all requests that match the given key
std.os.linux.IORING_ASYNC_CANCEL_FD	Key off 'fd' for cancelation rather than the request 'user_data'.
std.os.linux.IORING_ASYNC_CANCEL_ANY	Match any request
std.os.linux.IORING_ASYNC_CANCEL_FD_FIXED	'fd' passed in is a fixed descriptor. Available since Linux 6.0
std.os.linux.IORING_RECVSEND_POLL_FIRST	If set, instead of first attempting to send or receive and arm poll if that yields an -EAGAIN result, arm poll upfront and skip the initial transfer attempt.
std.os.linux.IORING_RECV_MULTISHOT	Multishot recv. Sets IORING_CQE_F_MORE if the handler will continue to report CQEs on behalf of the same SQE.
std.os.linux.IORING_RECVSEND_FIXED_BUF	Use registered buffers, the index is stored in the buf_index field.
std.os.linux.IORING_SEND_ZC_REPORT_USAGE	If set, SEND[MSG]_ZC should report the zerocopy usage in cqe.res for the IORING_CQE_F_NOTIF cqe.
std.os.linux.IORING_RECVSEND_BUNDLE	If set, send or recv will grab as many buffers from the buffer group ID given and send them all. The completion result will be the number of buffers send, with the starting buffer ID in cqe as per usual. The buffers be contigious from the starting buffer ID. Used with IOSQE_BUFFER_SELECT.
std.os.linux.IORING_NOTIF_USAGE_ZC_COPIED	CQE.RES FOR IORING_CQE_F_NOTIF if IORING_SEND_ZC_REPORT_USAGE was requested
std.os.linux.IORING_ACCEPT_MULTISHOT	accept flags stored in sqe->iopri
std.os.linux.IORING_MSG_RING_COMMAND	IORING_OP_MSG_RING command types, stored in sqe->addr
std.os.linux.IORING_MSG_RING_CQE_SKIP	Don't post a CQE to the target ring. Not applicable for IORING_MSG_DATA, obviously.
std.os.linux.IORING_MSG_RING_FLAGS_PASS	Pass through the flags from sqe->file_index (splice_fd_in in the zig struct) to cqe->flags */
std.os.linux.IORING_CQE_F_BUFFER	If set, the upper 16 bits are the buffer ID
std.os.linux.IORING_CQE_F_MORE	If set, parent SQE will generate more CQE entries. Available since Linux 5.13.
std.os.linux.IORING_CQE_F_SOCK_NONEMPTY	If set, more data to read after socket recv
std.os.linux.IORING_CQE_F_NOTIF	Set for notification CQEs. Can be used to distinct them from sends.
std.os.linux.IORING_CQE_F_BUF_MORE	If set, the buffer ID set in the completion will get more completions.
std.os.linux.IORING_OFF_SQ_RING	Magic offsets for the application to mmap the data it needs
std.os.linux.io_sqring_offsets	Filled with the offset for mmap(2)
std.os.linux.IORING_SQ_NEED_WAKEUP	needs io_uring_enter wakeup
std.os.linux.IORING_SQ_CQ_OVERFLOW	kernel has cqes waiting beyond the cq ring
std.os.linux.IORING_SQ_TASKRUN	task should enter the kernel
std.os.linux.IORING_CQ_EVENTFD_DISABLED	disable eventfd notifications
std.os.linux.IOWQ_CATEGORIES	io_uring_restriction->opcode values
std.os.linux.io_uring_files_update	deprecated, see struct io_uring_rsrc_update
std.os.linux.IORING_RSRC_REGISTER_SPARSE	Register a fully sparse file space, rather than pass in an array of all -1 file descriptors.
std.os.linux.IORING_REGISTER_FILES_SKIP	Skip updating fd indexes set to this value in the fd table */
std.os.linux.io_uring_probe.is_supported	Is the operation supported on the running kernel.
std.os.linux.IORING_RESTRICTION	io_uring_restriction->opcode values
std.os.linux.io_uring_buf_reg	argument for IORING_(UN)REGISTER_PBUF_RING
std.os.linux.io_uring_sync_cancel_reg	Argument for IORING_REGISTER_SYNC_CANCEL
std.os.linux.io_uring_file_index_range	Argument for IORING_REGISTER_FILE_ALLOC_RANGE The range is specified as [off, off + len)
std.os.linux.STATX_ATTR	Attributes about the state or features of a file as a bitmask. Flags marked [I] correspond to the `FS_IOC_SETFLAGS` values semantically. See [FS_IOC_SETFLAGS(2const)](https://man7.org/linux/man-pages/man2/FS_IOC_GETFLAGS.2const.html) for more.
std.os.linux.Statx	Renamed to `Statx` to not conflict with the `statx` function.
std.os.linux.tcp_fastopen_client_fail	why fastopen failed from client perspective
std.os.linux.TCPI_OPT_TIMESTAMPS	for TCP_INFO socket option
std.os.linux.TCPI_OPT_ECN	ECN was negotiated at TCP session init
std.os.linux.TCPI_OPT_ECN_SEEN	we received at least one packet with ECT
std.os.linux.TCPI_OPT_SYN_DATA	SYN-ACK acked data in SYN sent or rcvd
std.os.linux.V	Indices into the `cc` array in the `termios` struct.
std.os.linux.SIOCINQ	Linux-specific socket ioctls
std.os.linux.SIOCOUTQ	Linux-specific socket ioctls output queue size (not sent + not acked)
std.os.linux.SIOCGSTAMP	Get stamp (timeval)
std.os.linux.SIOCGSTAMPNS	Get stamp (timespec)
std.os.linux.SIOCADDRT	Add routing table entry
std.os.linux.SIOCDELRT	Delete routing table entry
std.os.linux.SIOCRTMSG	Unused
std.os.linux.SIOCGIFNAME	Get iface name
std.os.linux.SIOCSIFLINK	Set iface channel
std.os.linux.SIOCGIFCONF	Get iface list
std.os.linux.SIOCGIFFLAGS	Get flags
std.os.linux.SIOCSIFFLAGS	Set flags
std.os.linux.SIOCGIFADDR	Get PA address
std.os.linux.SIOCSIFADDR	Set PA address
std.os.linux.SIOCGIFDSTADDR	Get remote PA address
std.os.linux.SIOCSIFDSTADDR	Set remote PA address
std.os.linux.SIOCGIFBRDADDR	Get broadcast PA address
std.os.linux.SIOCSIFBRDADDR	Set broadcast PA address
std.os.linux.SIOCGIFNETMASK	Get network PA mask
std.os.linux.SIOCSIFNETMASK	Set network PA mask
std.os.linux.SIOCGIFMETRIC	Get metric
std.os.linux.SIOCSIFMETRIC	Set metric
std.os.linux.SIOCGIFMEM	Get memory address (BSD)
std.os.linux.SIOCSIFMEM	Set memory address (BSD)
std.os.linux.SIOCGIFMTU	Get MTU size
std.os.linux.SIOCSIFMTU	Set MTU size
std.os.linux.SIOCSIFNAME	Set interface name
std.os.linux.SIOCSIFHWADDR	Set hardware address
std.os.linux.SIOCGIFENCAP	Get encapsulations
std.os.linux.SIOCSIFENCAP	Set encapsulations
std.os.linux.SIOCGIFHWADDR	Get hardware address
std.os.linux.SIOCGIFSLAVE	Driver slaving support
std.os.linux.SIOCSIFSLAVE	Driver slaving support
std.os.linux.SIOCADDMULTI	Add to Multicast address lists
std.os.linux.SIOCDELMULTI	Delete from Multicast address lists
std.os.linux.SIOCGIFINDEX	name -> if_index mapping
std.os.linux.SIOCSIFPFLAGS	Set extended flags set
std.os.linux.SIOCGIFPFLAGS	Get extended flags set
std.os.linux.SIOCDIFADDR	Delete PA address
std.os.linux.SIOCSIFHWBROADCAST	Set hardware broadcast addr
std.os.linux.SIOCGIFCOUNT	Get number of devices
std.os.linux.SIOCGIFBR	Bridging support
std.os.linux.SIOCSIFBR	Set bridging options
std.os.linux.SIOCGIFTXQLEN	Get the tx queue length
std.os.linux.SIOCSIFTXQLEN	Set the tx queue length
std.os.linux.SIOCETHTOOL	Ethtool interface
std.os.linux.SIOCGMIIPHY	Get address of MII PHY in use.
std.os.linux.SIOCGMIIREG	Read MII PHY register.
std.os.linux.SIOCSMIIREG	Write MII PHY register.
std.os.linux.SIOCWANDEV	Get / Set netdev parameters
std.os.linux.SIOCOUTQNSD	Output queue size (not sent only)
std.os.linux.SIOCGSKNS	Get socket network namespace
std.os.linux.SIOCDARP	Delete ARP table entry
std.os.linux.SIOCGARP	Get ARP table entry
std.os.linux.SIOCSARP	Set ARP table entry
std.os.linux.SIOCDRARP	Delete RARP table entry
std.os.linux.SIOCGRARP	Get RARP table entry
std.os.linux.SIOCSRARP	Set RARP table entry
std.os.linux.SIOCGIFMAP	Get device parameters
std.os.linux.SIOCSIFMAP	Set device parameters
std.os.linux.SIOCADDDLCI	Create new DLCI device
std.os.linux.SIOCDELDLCI	Delete DLCI device
std.os.linux.SIOCGIFVLAN	802.1Q VLAN support
std.os.linux.SIOCSIFVLAN	Set 802.1Q VLAN options
std.os.linux.SIOCBONDENSLAVE	Enslave a device to the bond
std.os.linux.SIOCBONDRELEASE	Release a slave from the bond
std.os.linux.SIOCBONDSETHWADDR	Set the hw addr of the bond
std.os.linux.SIOCBONDSLAVEINFOQUERY	rtn info about slave state
std.os.linux.SIOCBONDINFOQUERY	rtn info about bond state
std.os.linux.SIOCBONDCHANGEACTIVE	Update to a new active slave
std.os.linux.SIOCBRADDBR	Create new bridge device
std.os.linux.SIOCBRDELBR	Remove bridge device
std.os.linux.SIOCBRADDIF	Add interface to bridge
std.os.linux.SIOCBRDELIF	Remove interface from bridge
std.os.linux.SIOCSHWTSTAMP	Get hardware time stamp config
std.os.linux.SIOCGHWTSTAMP	Set hardware time stamp config
std.os.linux.SIOCDEVPRIVATE	Device private ioctl calls
std.os.linux.SIOCPROTOPRIVATE	These 16 ioctl calls are protocol private
std.os.linux.RLIM.INFINITY	No limit
std.os.linux.kernel_timespec	The timespec struct used by the kernel.
std.os.linux.kernel_timespec.NOW	For use with `utimensat` and `futimens`.
std.os.linux.kernel_timespec.OMIT	For use with `utimensat` and `futimens`.
std.os.linux.UTIME	For use with `utimensat` and `futimens`.
std.os.linux.NETLINK.ROUTE	Routing/device hook
std.os.linux.NETLINK.UNUSED	Unused number
std.os.linux.NETLINK.USERSOCK	Reserved for user mode socket protocols
std.os.linux.NETLINK.FIREWALL	Unused number, formerly ip_queue
std.os.linux.NETLINK.SOCK_DIAG	socket monitoring
std.os.linux.NETLINK.NFLOG	netfilter/iptables ULOG
std.os.linux.NETLINK.XFRM	ipsec
std.os.linux.NETLINK.SELINUX	SELinux event notifications
std.os.linux.NETLINK.ISCSI	Open-iSCSI
std.os.linux.NETLINK.AUDIT	auditing
std.os.linux.NETLINK.NETFILTER	netfilter subsystem
std.os.linux.NETLINK.DNRTMSG	DECnet routing messages
std.os.linux.NETLINK.KOBJECT_UEVENT	Kernel messages to userspace
std.os.linux.NETLINK.SCSITRANSPORT	SCSI Transports
std.os.linux.NETLINK.CRYPTO	Crypto layer
std.os.linux.NETLINK.SMC	SMC monitoring
std.os.linux.NLM_F_REQUEST	It is request message.
std.os.linux.NLM_F_MULTI	Multipart message, terminated by NLMSG_DONE
std.os.linux.NLM_F_ACK	Reply with ack, with zero or error code
std.os.linux.NLM_F_ECHO	Echo this request
std.os.linux.NLM_F_DUMP_INTR	Dump was inconsistent due to sequence change
std.os.linux.NLM_F_DUMP_FILTERED	Dump was filtered as requested
std.os.linux.NLM_F_ROOT	specify tree root
std.os.linux.NLM_F_MATCH	return all matching
std.os.linux.NLM_F_ATOMIC	atomic GET
std.os.linux.NLM_F_REPLACE	Override existing
std.os.linux.NLM_F_EXCL	Do not touch, if it exists
std.os.linux.NLM_F_CREATE	Create, if it does not exist
std.os.linux.NLM_F_APPEND	Add to end of list
std.os.linux.NLM_F_NONREC	Do not delete recursively
std.os.linux.NLM_F_CAPPED	request was capped
std.os.linux.NLM_F_ACK_TLVS	extended ACK TVLs were included
std.os.linux.NetlinkMessageType.MIN_TYPE	< 0x10: reserved control messages
std.os.linux.nlmsghdr	Netlink message header Specified in RFC 3549 Section 2.3.2
std.os.linux.futex2_waitone	For futex2_waitv and futex2_requeue. Arrays of `futex2_waitone` allow waiting on multiple futexes in one call.
std.os.linux.SHADOW_STACK.SET_TOKEN	Set up a restore token in the shadow stack.
std.os.plan9.E	Ported from /sys/include/ape/errno.h
std.os.plan9.errno	Get the errno from a syscall return value. SUCCESS means no error.
std.os.plan9.errstr	Gets whatever the last errstr was
std.os.plan9.SIG.HUP	hangup
std.os.plan9.SIG.INT	interrupt
std.os.plan9.SIG.QUIT	quit
std.os.plan9.SIG.ILL	illegal instruction (not reset when caught)
std.os.plan9.SIG.ABRT	used by abort
std.os.plan9.SIG.FPE	floating point exception
std.os.plan9.SIG.KILL	kill (cannot be caught or ignored)
std.os.plan9.SIG.SEGV	segmentation violation
std.os.plan9.SIG.PIPE	write on a pipe with no one to read it
std.os.plan9.SIG.ALRM	alarm clock
std.os.plan9.SIG.TERM	software termination signal from kill
std.os.plan9.SIG.USR1	user defined signal 1
std.os.plan9.SIG.USR2	user defined signal 2
std.os.plan9.SIG.BUS	bus error
std.os.plan9.SIG.CHLD	child process terminated or stopped
std.os.plan9.SIG.CONT	continue if stopped
std.os.plan9.SIG.STOP	stop
std.os.plan9.SIG.TSTP	interactive stop
std.os.plan9.SIG.TTIN	read from ctl tty by member of background
std.os.plan9.SIG.TTOU	write to ctl tty by member of background
std.os.plan9.brk_	Brk sets the system's idea of the lowest bss location not used by the program (called the break) to addr rounded up to the next multiple of 8 bytes. Locations not less than addr and below the stack pointer may cause a memory violation if accessed. -9front brk(2)
std.os.uefi.protocol	A protocol is an interface identified by a GUID.
std.os.uefi.protocol.LoadedImage.unload	Unloads an image from memory.
std.os.uefi.protocol.DevicePath.next	Returns the next DevicePath node in the sequence, if any.
std.os.uefi.protocol.DevicePath.size	Calculates the total length of the device path structure in bytes, including the end of device path node.
std.os.uefi.protocol.DevicePath.createFileDevicePath	Creates a file device path from the existing device path and a file path.
std.os.uefi.protocol.Rng.getInfo	Returns information about the random number generation implementation.
std.os.uefi.protocol.Rng.getRNG	Produces and returns an RNG value using either the default or specified RNG algorithm.
std.os.uefi.protocol.File.delete	Delete the file. Returns true if the file was deleted, false if the file was not deleted, which is a warning according to the UEFI specification.
std.os.uefi.protocol.File.getInfo	If `buffer` is too small to contain all of the info, this function returns `Error.BufferTooSmall`. You should call `getInfoSize` first to determine how big the buffer should be to safely call this function.
std.os.uefi.protocol.BlockIo.reset	Resets the block device hardware.
std.os.uefi.protocol.BlockIo.readBlocks	Reads the number of requested blocks from the device.
std.os.uefi.protocol.BlockIo.writeBlocks	Writes a specified number of blocks to the device.
std.os.uefi.protocol.BlockIo.flushBlocks	Flushes all modified data to a physical block device.
std.os.uefi.protocol.SimpleTextInput.reset	Resets the input device hardware.
std.os.uefi.protocol.SimpleTextInput.readKeyStroke	Reads the next keystroke from the input device.
std.os.uefi.protocol.SimpleTextInputEx.reset	Resets the input device hardware.
std.os.uefi.protocol.SimpleTextInputEx.readKeyStroke	Reads the next keystroke from the input device.
std.os.uefi.protocol.SimpleTextInputEx.setState	Set certain state for the input device.
std.os.uefi.protocol.SimpleTextInputEx.registerKeyNotify	Register a notification function for a particular keystroke for the input device.
std.os.uefi.protocol.SimpleTextInputEx.unregisterKeyNotify	Remove the notification that was previously registered.
std.os.uefi.protocol.SimpleTextOutput.reset	Resets the text output device hardware.
std.os.uefi.protocol.SimpleTextOutput.outputString	Writes a string to the output device. Returns `true` if the string was successfully written, `false` if an unknown glyph was encountered.
std.os.uefi.protocol.SimpleTextOutput.testString	Verifies that all characters in a string can be output to the target device.
std.os.uefi.protocol.SimpleTextOutput.queryMode	Returns information for an available text mode that the output device(s) supports.
std.os.uefi.protocol.SimpleTextOutput.setMode	Sets the output device(s) to a specified mode.
std.os.uefi.protocol.SimpleTextOutput.setAttribute	Sets the background and foreground colors for the outputString() and clearScreen() functions.
std.os.uefi.protocol.SimpleTextOutput.clearScreen	Clears the output device(s) display to the currently selected background color.
std.os.uefi.protocol.SimpleTextOutput.setCursorPosition	Sets the current coordinates of the cursor position.
std.os.uefi.protocol.SimpleTextOutput.enableCursor	Makes the cursor visible or invisible.
std.os.uefi.protocol.SimplePointer.reset	Resets the pointer device hardware.
std.os.uefi.protocol.SimplePointer.getState	Retrieves the current state of a pointer device.
std.os.uefi.protocol.AbsolutePointer.reset	Resets the pointer device hardware.
std.os.uefi.protocol.AbsolutePointer.getState	Retrieves the current state of a pointer device.
std.os.uefi.protocol.SerialIo.reset	Resets the serial device.
std.os.uefi.protocol.SerialIo.setAttribute	Sets the baud rate, receive FIFO depth, transmit/receive time out, parity, data bits, and stop bits on a serial device.
std.os.uefi.protocol.SerialIo.setControl	Sets the control bits on a serial device.
std.os.uefi.protocol.SerialIo.getControl	Retrieves the status of the control bits on a serial device.
std.os.uefi.protocol.SerialIo.write	Writes data to a serial device.
std.os.uefi.protocol.SerialIo.read	Reads data from a serial device.
std.os.uefi.protocol.GraphicsOutput.queryMode	Returns information for an available graphics mode that the graphics device and the set of active video output devices supports.
std.os.uefi.protocol.GraphicsOutput.setMode	Set the video device into the specified mode and clears the visible portions of the output display to black.
std.os.uefi.protocol.GraphicsOutput.blt	Blt a rectangle of pixels on the graphics screen. Blt stands for BLock Transfer.
std.os.uefi.protocol.edid.Active	EDID information for an active video output device
std.os.uefi.protocol.edid.Discovered	EDID information for a video output device
std.os.uefi.protocol.edid.Override	Override EDID information
std.os.uefi.protocol.edid.Override.getEdid	Returns policy information and potentially a replacement EDID for the specified video output device.
std.os.uefi.protocol.SimpleNetwork.start	Changes the state of a network interface from "stopped" to "started".
std.os.uefi.protocol.SimpleNetwork.stop	Changes the state of a network interface from "started" to "stopped".
std.os.uefi.protocol.SimpleNetwork.initialize	Resets a network adapter and allocates the transmit and receive buffers required by the network interface.
std.os.uefi.protocol.SimpleNetwork.reset	Resets a network adapter and reinitializes it with the parameters that were provided in the previous call to initialize().
std.os.uefi.protocol.SimpleNetwork.shutdown	Resets a network adapter and leaves it in a state that is safe for another driver to initialize.
std.os.uefi.protocol.SimpleNetwork.receiveFilters	Manages the multicast receive filters of a network interface.
std.os.uefi.protocol.SimpleNetwork.stationAddress	Modifies or resets the current station address, if supported.
std.os.uefi.protocol.SimpleNetwork.statistics	Resets or collects the statistics on a network interface.
std.os.uefi.protocol.SimpleNetwork.mcastIpToMac	Converts a multicast IP address to a multicast HW MAC address.
std.os.uefi.protocol.SimpleNetwork.nvData	Performs read and write operations on the NVRAM device attached to a network interface.
std.os.uefi.protocol.SimpleNetwork.getStatus	Reads the current interrupt status and recycled transmit buffer status from a network interface.
std.os.uefi.protocol.SimpleNetwork.transmit	Places a packet in the transmit queue of a network interface.
std.os.uefi.protocol.SimpleNetwork.receive	Receives a packet from a network interface.
std.os.uefi.protocol.ManagedNetwork.getModeData	Returns the operational parameters for the current MNP child driver. May also support returning the underlying SNP driver mode data.
std.os.uefi.protocol.ManagedNetwork.configure	Sets or clears the operational parameters for the MNP child driver.
std.os.uefi.protocol.ManagedNetwork.mcastIpToMac	Translates an IP multicast address to a hardware (MAC) multicast address. This function may be unsupported in some MNP implementations.
std.os.uefi.protocol.ManagedNetwork.groups	Enables and disables receive filters for multicast address. This function may be unsupported in some MNP implementations.
std.os.uefi.protocol.ManagedNetwork.transmit	Places asynchronous outgoing data packets into the transmit queue.
std.os.uefi.protocol.ManagedNetwork.receive	Places an asynchronous receiving request into the receiving queue.
std.os.uefi.protocol.ManagedNetwork.cancel	Aborts an asynchronous transmit or receive request.
std.os.uefi.protocol.ManagedNetwork.poll	Polls for incoming data packets and processes outgoing data packets.
std.os.uefi.protocol.Ip6.getModeData	Gets the current operational settings for this instance of the EFI IPv6 Protocol driver.
std.os.uefi.protocol.Ip6.configure	Assign IPv6 address and other configuration parameter to this EFI IPv6 Protocol driver instance. To reset the configuration, use `disable` instead.
std.os.uefi.protocol.Ip6.groups	Joins and leaves multicast groups. To leave all groups, use `leaveAllGroups` instead.
std.os.uefi.protocol.Ip6.routes	Adds and deletes routing table entries.
std.os.uefi.protocol.Ip6.neighbors	Add or delete Neighbor cache entries.
std.os.uefi.protocol.Ip6.transmit	Places outgoing data packets into the transmit queue.
std.os.uefi.protocol.Ip6.receive	Places a receiving request into the receiving queue.
std.os.uefi.protocol.Ip6.cancel	Abort an asynchronous transmits or receive request.
std.os.uefi.protocol.Ip6.poll	Polls for incoming data packets and processes outgoing data packets. Returns true if a packet was received or processed.
std.os.uefi.protocol.HiiDatabase.removePackageList	Removes a package list from the HII database.
std.os.uefi.protocol.HiiDatabase.updatePackageList	Update a package list in the HII database.
std.os.uefi.protocol.HiiDatabase.listPackageLists	Determines the handles that are currently active in the database.
std.os.uefi.protocol.HiiDatabase.exportPackageLists	Exports the contents of one or all package lists in the HII database into a buffer.
std.os.uefi.protocol.HiiPopup.createPopup	Displays a popup window.
std.os.uefi.hii.PackageHeader	The header found at the start of each package.
std.os.uefi.hii.PackageList	The header found at the start of each package list.
std.os.uefi.Status	Status codes returned by EFI interfaces
std.os.uefi.tables.BootServices.allocatePages	Allocates pages of memory. This function scans the memory map to locate free pages. When it finds a physically contiguous block of pages that is large enough and also satisfies the allocation requirements of `alloc_type`, it changes the memory map to indicate that the pages are now of type `mem_type`. In general, UEFI OS loaders and UEFI applications should allocate memory (and pool) of type `.loader_data`. UEFI boot service drivers must allocate memory (and pool) of type `.boot_services_data`. UREFI runtime drivers should allocate memory (and pool) of type `.runtime_services_data` (although such allocation can only be made during boot services time). Allocation requests of `.allocate_any_pages` allocate any available range of pages that satisfies the request. Allocation requests of `.allocate_max_address` allocate any available range of pages whose uppermost address is less than or equal to the address pointed to by the input. Allocation requests of `.allocate_address` allocate pages at the address pointed to by the input.
std.os.uefi.tables.BootServices.allocatePool	Allocates a memory region of `size` bytes from memory of type `pool_type` and returns the allocated memory. Allocates pages from `.conventional_memory` as needed to grow the requested pool type.
std.os.uefi.tables.BootServices.setTimer	Cancels any previous time trigger setting for the event, and sets a new trigger timer for the event. Returns `error.InvalidParameter` if the event is not a timer event.
std.os.uefi.tables.BootServices.waitForEvent	Returns the event that was signaled, along with its index in the slice.
std.os.uefi.tables.BootServices.signalEvent	If `event` is `EventType.signal`, then the event’s notification function is scheduled to be invoked at the event’s notification task priority level. This function may be invoked from any task priority level. If the supplied Event is a part of an event group, then all of the events in the event group are also signaled and their notification functions are scheduled. When signaling an event group, it is possible to create an event in the group, signal it and then close the event to remove it from the group.
std.os.uefi.tables.BootServices.checkEvent	Checks to see whether an event is signaled. The underlying function is equivalent to this pseudo-code: ``` if (event.type.signal) return error.InvalidParameter; if (event.signaled) { event.signaled = false; return true; } const notify = event.notification_function orelse return false; notify(); if (event.signaled) { event.signaled = false; return true; } return false; ```
std.os.uefi.tables.BootServices.installProtocolInterface	See `installProtocolInterfaces`. Does not call `self._installProtocolInterface`, because `self._installMultipleProtocolInterfaces` performs more error checks.
std.os.uefi.tables.BootServices.reinstallProtocolInterface	Reinstalls a protocol interface on a device handle. `new` may be the same as `old`. If it is, the registered protocol notifications occur for the handle without replacing the interface on the handle. Any process that has registered to wait for the installation of the interface is notified. The caller is responsible for ensuring that there are no references to `old` if it is being removed.
std.os.uefi.tables.BootServices.uninstallProtocolInterface	See `uninstallProtocolInterfaces`. Does not call `self._uninstallProtocolInterface`, because `self._uninstallMultipleProtocolInterfaces` performs more error checks.
std.os.uefi.tables.BootServices.handleProtocol	Returns a pointer to the `Protocol` interface if it's supported by the handle. Note that UEFI implementations are no longer required to implement this function, so it's implemented using `openProtocol` instead.
std.os.uefi.tables.BootServices.locateHandleLen	Returns the number of handles that match the given search criteria.
std.os.uefi.tables.BootServices.locateHandle	To determine the necessary size of `buffer`, call `locateHandleLen` first.
std.os.uefi.tables.BootServices.locateDevicePath	Locates all devices on `device_path` that support `Protocol`. Once the closest match to `device_path` is found, it returns the unmatched device path and handle.
std.os.uefi.tables.BootServices.exit	`message` must be allocated using `allocatePool`.
std.os.uefi.tables.BootServices.exitWithData	`message` should be a null-terminated u16 string followed by binary data allocated using `allocatePool`.
std.os.uefi.tables.BootServices.unloadImage	The result is the exit code of the unload handler. Any error codes are `try/catch`-able, leaving only success and warning codes as the result.
std.os.uefi.tables.BootServices.connectController	`driver_image` should be a null-terminated ordered list of handles.
std.os.uefi.tables.BootServices.openProtocol	Opens a protocol with a structure as the loaded image for a UEFI application If `flag` is `.test_protocol`, then the only valid return value is `null`, and `Status.unsupported` is returned. Otherwise, if `_openProtocol` returns `Status.unsupported`, then `null` is returned.
std.os.uefi.tables.BootServices.installProtocolInterfaces	Installs a set of protocol interfaces into the boot services environment. This function's final argument should be a tuple of pointers to protocol interfaces. For example: ``` const handle = try boot_services.installProtocolInterfaces(null, .{ &my_interface_1, &my_interface_2, }); ``` The underlying function accepts a vararg list of pairs of Guid pointers and opaque pointers to the interface. To provide a guid, the interface types should declare a `guid` constant like so: ``` pub const guid: uefi.Guid = .{ ... }; ``` See `std.os.uefi.protocol` for examples of protocol type definitions.
std.os.uefi.tables.RuntimeServices.getTime	Returns the current time and the time capabilities of the platform.
std.os.uefi.tables.RuntimeServices.getVariableSize	Returns the length of the variable's data and its attributes.
std.os.uefi.tables.RuntimeServices.getVariable	To determine the minimum necessary buffer size for the variable, call `getVariableSize` first.
std.os.uefi.tables.RuntimeServices.VariableNameIterator.next	Call `nextSize` to get the length of the next variable name and check if `buffer` is large enough to hold the name.
std.os.uefi.efi_pool_memory_type	The memory type to allocate when using the pool. Defaults to `.loader_data`, the default data allocation type used by UEFI applications to allocate pool memory.
std.os.uefi.handle	The EFI image's handle that is passed to its entry point.
std.os.uefi.system_table	A pointer to the EFI System Table that is passed to the EFI image's entry point.
std.os.uefi.Page	UEFI's memory interfaces exclusively act on 4096-byte pages.
std.os.uefi.Event	A handle to an event structure.
std.os.uefi.EventType.signal_exit_boot_services	This event should not be combined with any other event types. This event type is functionally equivalent to the EFI_EVENT_GROUP_EXIT_BOOT_SERVICES event group.
std.os.uefi.EventType.signal_virtual_address_change	The event is to be notified by the system when SetVirtualAddressMap() is performed. This event type is a composite of EVT_NOTIFY_SIGNAL, EVT_RUNTIME, and EVT_RUNTIME_CONTEXT and should not be combined with any other event types.
std.os.uefi.cc	The calling convention used for all external functions part of the UEFI API.
std.os.uefi.Guid	GUIDs are align(8) unless otherwise specified.
std.os.uefi.Guid.format	Format GUID into hexadecimal lowercase xxxxxxxx-xxxx-xxxx-xxxx-xxxxxxxxxxxx format
std.os.uefi.Handle	An EFI Handle represents a collection of related interfaces.
std.os.uefi.Time	This structure represents time information.
std.os.uefi.Time.unspecified_timezone	Time is to be interpreted as local time
std.os.uefi.TimeCapabilities	Capabilities of the clock device
std.os.uefi.FileHandle	File Handle as specified in the EFI Shell Spec
std.os.wasi.timestamp_t	Nanoseconds.
std.os.emscripten.UTIME	For use with `utimensat` and `futimens`.
std.os.windows.ws2_32.sockaddr.in	IPv4 socket address
std.os.windows.ws2_32.sockaddr.in6	IPv6 socket address
std.os.windows.ws2_32.sockaddr.un	UNIX domain socket address
std.os.windows.nls.upcaseW	Cross-platform implementation of `ntdll.RtlUpcaseUnicodeChar`. Transforms the UTF-16 code unit in `c` to its uppercased version if there is one. Otherwise, returns `c` unmodified. Note: When this function is referenced, it will need to include `uppercase_table.len * 2` bytes of data in the resulting binary since it depends on the `uppercase_table` data. When targeting Windows, `ntdll.RtlUpcaseUnicodeChar` can be used instead to avoid having to include a copy of this data.
std.os.windows.PS.ATTRIBUTE.NUM	https://ntdoc.m417z.com/ps_attribute_num Tag type is `u16` based on PS_ATTRIBUTE_NUMBER_MASK being 0xFFFF
std.os.windows.PS.ATTRIBUTE.Type	https://ntdoc.m417z.com/psattributevalue
std.os.windows.FILE.PIPE.TYPE	Define the `NamedPipeType` flags for `NtCreateNamedPipeFile`
std.os.windows.FILE.PIPE.COMPLETION_MODE	Define the `CompletionMode` flags for `NtCreateNamedPipeFile`
std.os.windows.FILE.PIPE.READ_MODE	Define the `ReadMode` flags for `NtCreateNamedPipeFile`
std.os.windows.FILE.PIPE.CONFIGURATION	Define the `NamedPipeConfiguration` flags for `NtQueryInformationFile`
std.os.windows.FILE.PIPE.STATE	Define the `NamedPipeState` flags for `NtQueryInformationFile`
std.os.windows.FILE.PIPE.END	Define the `NamedPipeEnd` flags for `NtQueryInformationFile`
std.os.windows.FILE.RENAME_INFORMATION	This is not separated into RENAME_INFORMATION and RENAME_INFORMATION_EX because the only difference is the `Flags` type (BOOLEAN before _EX, ULONG in the _EX), which doesn't affect the struct layout--the offset of RootDirectory is the same regardless.
std.os.windows.FILE.CREATE_DISPOSITION	Define the create disposition values
std.os.windows.FILE.MODE	Define the create/open option flags
std.os.windows.CONSOLE.USER_IO.INFO.SCREEN_BUFFER	all output
std.os.windows.ACCESS_MASK.Specific.Key.READ	Combines the STANDARD_RIGHTS_READ, KEY_QUERY_VALUE, KEY_ENUMERATE_SUB_KEYS, and KEY_NOTIFY values.
std.os.windows.ACCESS_MASK.Specific.Key.WRITE	Combines the STANDARD_RIGHTS_WRITE, KEY_SET_VALUE, and KEY_CREATE_SUB_KEY access rights.
std.os.windows.ACCESS_MASK.Specific.Key.EXECUTE	Equivalent to KEY_READ.
std.os.windows.NTSTATUS.WAIT_0	The caller specified WaitAny for WaitType and one of the dispatcher objects in the Object array has been set to the signaled state.
std.os.windows.NTSTATUS.ABANDONED_WAIT_0	The caller attempted to wait for a mutex that has been abandoned.
std.os.windows.NTSTATUS.FWP_TOO_MANY_BOOTTIME_FILTERS	The maximum number of boot-time filters has been reached.
std.os.windows.fromSysTime	A file time is a 64-bit value that represents the number of 100-nanosecond intervals that have elapsed since 12:00 A.M. January 1, 1601 Coordinated Universal Time (UTC). This function returns the number of nanoseconds since the canonical epoch, which is the POSIX one (Jan 01, 1970 AD).
std.os.windows.toUpperWtf16	Use RtlUpcaseUnicodeChar on Windows when not in comptime to avoid including a redundant copy of the uppercase data.
std.os.windows.eqlIgnoreCaseWtf16	Compares two WTF16 strings using the equivalent functionality of `RtlEqualUnicodeString` (with case insensitive comparison enabled). This function can be called on any target.
std.os.windows.eqlIgnoreCaseWtf8	Compares two WTF-8 strings using the equivalent functionality of `RtlEqualUnicodeString` (with case insensitive comparison enabled). This function can be called on any target. Assumes `a` and `b` are valid WTF-8.
std.os.windows.RemoveDotDirsError	The error type for `removeDotDirsSanitized`
std.os.windows.removeDotDirsSanitized	Removes '.' and '..' path components from a "sanitized relative path". A "sanitized path" is one where: 1) all forward slashes have been replaced with back slashes 2) all repeating back slashes have been collapsed 3) the path is a relative one (does not start with a back slash)
std.os.windows.normalizePath	Normalizes a Windows path with the following steps: 1) convert all forward slashes to back slashes 2) collapse duplicate back slashes 3) remove '.' and '..' directory parts Returns the length of the new path.
std.os.windows.hasCommonNtPrefix	Returns true if the path starts with `\??\`, which is indicative of an NT path but is not enough to fully distinguish between NT paths and Win32 paths, as `\??\` is not actually a distinct prefix but rather the path to a special virtual folder in the Object Manager. For example, `\Device\HarddiskVolume2` and `\DosDevices\C:` are also NT paths but cannot be distinguished as such by their prefix. So, inferring whether a path is an NT path or a Win32 path is usually a mistake; that information should instead be known ahead-of-time. If `T` is `u16`, then `path` should be encoded as WTF-16LE.
std.os.windows.ntToWin32Namespace	Similar to `RtlNtPathNameToDosPathName` but does not do any heap allocation. The possible transformations are: \??\C:\Some\Path -> C:\Some\Path \??\UNC\server\share\foo -> \\server\share\foo If the path does not have the NT namespace prefix, then `error.NotNtPath` is returned. Functionality is based on the ReactOS test cases found here: https://github.com/reactos/reactos/blob/master/modules/rostests/apitests/ntdll/RtlNtPathNameToDosPathName.c `path` should be encoded as WTF-16LE. Supports in-place modification (`path` and `out` may refer to the same slice).
std.os.windows.unexpectedError	Call this when you made a windows DLL call or something that does SetLastError and you get an unexpected error.
std.os.windows.unexpectedStatus	Call this when you made a windows NtDll call and you get an unexpected status.
std.os.windows.BSTR	Allocated by SysAllocString, freed by SysFreeString
std.os.windows.RTL_REGISTRY_ABSOLUTE	Path is a full path
std.os.windows.RTL_REGISTRY_SERVICES	\Registry\Machine\System\CurrentControlSet\Services
std.os.windows.RTL_REGISTRY_CONTROL	\Registry\Machine\System\CurrentControlSet\Control
std.os.windows.RTL_REGISTRY_WINDOWS_NT	\Registry\Machine\Software\Microsoft\Windows NT\CurrentVersion
std.os.windows.RTL_REGISTRY_DEVICEMAP	\Registry\Machine\Hardware\DeviceMap
std.os.windows.RTL_REGISTRY_USER	\Registry\User\CurrentUser
std.os.windows.RTL_REGISTRY_HANDLE	Low order bits are registry handle
std.os.windows.RTL_REGISTRY_OPTIONAL	Indicates the key node is optional
std.os.windows.RTL_QUERY_REGISTRY_SUBKEY	Name is a subkey and remainder of table or until next subkey are value names for that subkey to look at.
std.os.windows.RTL_QUERY_REGISTRY_TOPKEY	Reset current key to original key for this and all following table entries.
std.os.windows.RTL_QUERY_REGISTRY_REQUIRED	Fail if no match found for this table entry.
std.os.windows.RTL_QUERY_REGISTRY_NOVALUE	Used to mark a table entry that has no value name, just wants a call out, not an enumeration of all values.
std.os.windows.RTL_QUERY_REGISTRY_NOEXPAND	Used to suppress the expansion of REG_MULTI_SZ into multiple callouts or to prevent the expansion of environment variable values in REG_EXPAND_SZ.
std.os.windows.RTL_QUERY_REGISTRY_DIRECT	QueryRoutine field ignored. EntryContext field points to location to store value. For null terminated strings, EntryContext points to UNICODE_STRING structure that that describes maximum size of buffer. If .Buffer field is NULL then a buffer is allocated.
std.os.windows.RTL_QUERY_REGISTRY_DELETE	Used to delete value keys after they are queried.
std.os.windows.RTL_QUERY_REGISTRY_TYPECHECK	Use this flag with the RTL_QUERY_REGISTRY_DIRECT flag to verify that the REG_XXX type of the stored registry value matches the type expected by the caller. If the types do not match, the call fails.
std.os.windows.REG	REG_ is a crowded namespace with a lot of overlapping and unrelated defines in the Windows headers, so instead of strictly following the Windows headers names, extra namespaces are added here for clarity.
std.os.windows.REG.ValueType.DWORD_LITTLE_ENDIAN	32-bit number (same as REG_DWORD)
std.os.windows.REG.ValueType.QWORD_LITTLE_ENDIAN	64-bit number (same as REG_QWORD)
std.os.windows.REG.OpenOptions	Used with NtOpenKeyEx, maybe others
std.os.windows.REG.LoadOptions	Used with NtLoadKeyEx, maybe others
std.os.windows.KEY.VALUE.INFORMATION_CLASS	https://learn.microsoft.com/en-us/windows-hardware/drivers/ddi/wdm/ne-wdm-_key_value_information_class
std.os.windows.PATH_MAX_WIDE	> The maximum path of 32,767 characters is approximate, because the "\\?\" > prefix may be expanded to a longer string by the system at run time, and > this expansion applies to the total length. from https://docs.microsoft.com/en-us/windows/desktop/FileIO/naming-a-file#maximum-path-length-limitation
std.os.windows.NAME_MAX	> [Each file name component can be] up to the value returned in the > lpMaximumComponentLength parameter of the GetVolumeInformation function > (this value is commonly 255 characters) from https://learn.microsoft.com/en-us/windows/win32/fileio/maximum-file-path-limitation > The value that is stored in the variable that *lpMaximumComponentLength points to is > used to indicate that a specified file system supports long names. For example, for > a FAT file system that supports long names, the function stores the value 255, rather > than the previous 8.3 indicator. Long names can also be supported on systems that use > the NTFS file system. from https://learn.microsoft.com/en-us/windows/win32/api/fileapi/nf-fileapi-getvolumeinformationw The assumption being made here is that while lpMaximumComponentLength may vary, it will never be larger than 255. TODO: More verification of this assumption.
std.os.windows.PEB	Process Environment Block Microsoft documentation of this is incomplete, the fields here are taken from various resources including: - https://github.com/wine-mirror/wine/blob/1aff1e6a370ee8c0213a0fd4b220d121da8527aa/include/winternl.h#L269 - https://www.geoffchappell.com/studies/windows/win32/ntdll/structs/peb/index.htm
std.os.windows.PEB_LDR_DATA	The `PEB_LDR_DATA` structure is the main record of what modules are loaded in a process. It is essentially the head of three double-linked lists of `LDR.DATA_TABLE_ENTRY` structures which each represent one loaded module. Microsoft documentation of this is incomplete, the fields here are taken from various resources including: - https://www.geoffchappell.com/studies/windows/win32/ntdll/structs/peb_ldr_data.htm
std.os.windows.LDR.DATA_TABLE_ENTRY	Microsoft documentation of this is incomplete, the fields here are taken from various resources including: - https://docs.microsoft.com/en-us/windows/win32/api/winternl/ns-winternl-peb_ldr_data - https://www.geoffchappell.com/studies/windows/km/ntoskrnl/inc/api/ntldr/ldr_data_table_entry.htm
std.os.windows.FileInformationIterator	Helper for iterating a byte buffer of FILE_*_INFORMATION structures (from things like NtQueryDirectoryFile calls).
std.os.windows.PF	Processor feature enumeration.
std.os.windows.KUSER_SHARED_DATA	Shared Kernel User Data
std.os.windows.SharedUserData	Read-only user-mode address for the shared data. https://www.geoffchappell.com/studies/windows/km/ntoskrnl/inc/api/ntexapi_x/kuser_shared_data/index.htm https://msrc-blog.microsoft.com/2022/04/05/randomizing-the-kuser_shared_data-structure-on-windows/
std.os.windows.getSystemDirectoryWtf16Le	Returns the path to the system directory, typically "C:\\WINDOWS\\System32". Equivalent to `GetSystemDirectoryW` in kernel32.
std.pdb.DbiStreamHeader	https://llvm.org/docs/PDB/DbiStream.html#stream-header
std.pdb.SymbolKind	Duplicate copy of SymbolRecordKind, but using the official CV names. Useful for reference purposes and when dealing with unknown record types.
std.pdb.LineFragmentHeader	The following variable length array appears immediately after the header. The structure definition follows. LineBlockFragmentHeader Blocks[] Each `LineBlockFragmentHeader` as specified below.
std.pdb.LineBlockFragmentHeader	The following two variable length arrays appear immediately after the header. The structure definitions follow. LineNumberEntry Lines[NumLines]; ColumnNumberEntry Columns[NumLines];
std.pdb.FileChecksumEntryHeader	Checksum bytes follow.
std.pdb.SuperBlock.expect_magic	The LLVM docs list a space between C / C++ but empirically this is not the case.
std.posix.system	A libc-compatible API layer.
std.posix.Stat	Windows has no concept of `stat`. On Linux, the `stat` bits/wrappers are removed due to having to maintain the different varying stat structs per target and libc, leading to runtime errors. Users targeting Linux should add a comptime check and use statx, similar to how `Io.File.stat` does.
std.posix.LOG.EMERG	system is unusable
std.posix.LOG.ALERT	action must be taken immediately
std.posix.LOG.CRIT	critical conditions
std.posix.LOG.ERR	error conditions
std.posix.LOG.WARNING	warning conditions
std.posix.LOG.NOTICE	normal but significant condition
std.posix.LOG.INFO	informational
std.posix.LOG.DEBUG	debug-level messages
std.posix.errno	Obtains errno from the return value of a system function call. For some systems this will obtain the value directly from the syscall return value; for others it will use a thread-local errno variable. Therefore, this function only returns a well-defined value when it is called directly after the system function call whose errno value is intended to be observed.
std.posix.read	Returns the number of bytes that were read, which can be less than buf.len. If 0 bytes were read, that means EOF. If `fd` is opened in non blocking mode, the function will return error.WouldBlock when EAGAIN is received. Linux has a limit on how many bytes may be transferred in one `read` call, which is `0x7ffff000` on both 64-bit and 32-bit systems. This is due to using a signed C int as the return value, as well as stuffing the errno codes into the last `4096` values. This is noted on the `read` man page. The limit on Darwin is `0x7fffffff`, trying to read more than that returns EINVAL. The corresponding POSIX limit is `maxInt(isize)`.
std.posix.openat	Open and possibly create a file. Keeps trying if it gets interrupted. `file_path` is relative to the open directory handle `dir_fd`. On Windows, `file_path` should be encoded as [WTF-8](https://wtf-8.codeberg.page/). On WASI, `file_path` should be encoded as valid UTF-8. On other platforms, `file_path` is an opaque sequence of bytes with no particular encoding. See also `openatZ`.
std.posix.openatZ	Open and possibly create a file. Keeps trying if it gets interrupted. `file_path` is relative to the open directory handle `dir_fd`. On Windows, `file_path` should be encoded as [WTF-8](https://wtf-8.codeberg.page/). On WASI, `file_path` should be encoded as valid UTF-8. On other platforms, `file_path` is an opaque sequence of bytes with no particular encoding. See also `openat`.
std.posix.mmap	Map files or devices into memory. `length` does not need to be aligned. Use of a mapped region can result in these signals: * SIGSEGV - Attempted write into a region mapped as read-only. * SIGBUS - Attempted access to a portion of the buffer that does not correspond to the file
std.posix.munmap	Deletes the mappings for the specified address range, causing further references to addresses within the range to generate invalid memory references. Note that while POSIX allows unmapping a region in the middle of an existing mapping, Zig's munmap function does not, for two reasons: * It violates the Zig principle that resource deallocation must succeed. * The Windows function, NtFreeVirtualMemory, has this restriction.
std.posix.sigfillset	Return a filled sigset_t.
std.posix.sigemptyset	Return an empty sigset_t.
std.posix.sigaction	Examine and change a signal action.
std.posix.sigprocmask	Sets the thread signal mask.
std.posix.setsockopt	Set a socket's options.
std.posix.tcgetpgrp	Returns the process group ID for the TTY associated with the given handle.
std.posix.tcsetpgrp	Sets the controlling process group ID for given TTY. handle must be valid fd_t to a TTY associated with calling process. pgrp must be a valid process group, and the calling process must be a member of that group.
std.posix.sync	Write all pending file contents and metadata modifications to all filesystems.
std.posix.syncfs	Write all pending file contents and metadata modifications to the filesystem which contains the specified file.
std.posix.fdatasync	Write all pending file contents for the specified file descriptor to the underlying filesystem, but not necessarily the metadata.
std.posix.mincore	Determine whether pages are resident in memory.
std.posix.madvise	Give advice about use of memory. This syscall is optional and is sometimes configured to be disabled.
std.posix.unexpectedErrno	Call this when you made a syscall or something that sets errno and you get an unexpected error.
std.posix.toPosixPath	Used to convert a slice to a null terminated slice on the stack.
std.process.Child.ResourceUsageStatistics.getMaxRss	Returns the peak resident set size of the child process, in bytes, if available.
std.process.Child.kill	Requests for the operating system to forcibly terminate the child process, then blocks until it terminates, then cleans up all resources. Idempotent and does nothing after `wait` returns. Uncancelable. Ignores unexpected errors from the operating system.
std.process.Child.wait	Blocks until child process terminates and then cleans up all resources.
std.process.Args.Vector	On WASI without libc, this is `void` because the environment has to be queried and heap-allocated at runtime.
std.process.Args.Iterator	Cross-platform access to command line one argument at a time.
std.process.Args.Iterator.init	Initialize the args iterator. Consider using `initAllocator` instead for cross-platform compatibility.
std.process.Args.Iterator.initAllocator	You must deinitialize iterator's internal buffers by calling `deinit` when done.
std.process.Args.Iterator.next	Return subsequent argument, or `null` if no more remaining. Returned slice is pointing to the iterator's internal buffer. On Windows, the result is encoded as [WTF-8](https://wtf-8.codeberg.page/). On other platforms, the result is an opaque sequence of bytes with no particular encoding.
std.process.Args.Iterator.skip	Parse past 1 argument without capturing it. Returns `true` if skipped an arg, `false` if we are at the end.
std.process.Args.Iterator.deinit	Required to release resources if the iterator was initialized with `initAllocator` function.
std.process.Args.Iterator.Windows	Iterator that implements the Windows command-line parsing algorithm. The implementation is intended to be compatible with the post-2008 C runtime, but is *not* intended to be compatible with `CommandLineToArgvW` since `CommandLineToArgvW` uses the pre-2008 parsing rules. This iterator faithfully implements the parsing behavior observed from the C runtime with one exception: if the command-line string is empty, the iterator will immediately complete without returning any arguments (whereas the C runtime will return a single argument representing the name of the current executable). The essential parts of the algorithm are described in Microsoft's documentation: - https://learn.microsoft.com/en-us/cpp/cpp/main-function-command-line-args?view=msvc-170#parsing-c-command-line-arguments David Deley explains some additional undocumented quirks in great detail: - https://daviddeley.com/autohotkey/parameters/parameters.htm#WINCRULES
std.process.Args.Iterator.Windows.init	`cmd_line_w` *must* be a WTF16-LE-encoded string. The iterator stores and uses `cmd_line_w`, so its memory must be valid for at least as long as the returned Windows.
std.process.Args.Iterator.Windows.next	Returns the next argument and advances the iterator. Returns `null` if at the end of the command-line string. The iterator owns the returned slice. The result is encoded as [WTF-8](https://wtf-8.codeberg.page/).
std.process.Args.Iterator.Windows.skip	Skips the next argument and advances the iterator. Returns `true` if an argument was skipped, `false` if at the end of the command-line string.
std.process.Args.Iterator.Windows.deinit	Frees the iterator's copy of the command-line string and all previously returned argument slices.
std.process.Args.Iterator.Wasi.init	You must call deinit to free the internal buffer of the iterator after you are done.
std.process.Args.Iterator.Wasi.deinit	Call to free the internal buffer of the iterator.
std.process.Args.iterate	Holds the command-line arguments, with the program name as the first entry. Use `iterateAllocator` for cross-platform code.
std.process.Args.iterateAllocator	You must deinitialize iterator's internal buffers by calling `deinit` when done.
std.process.Args.toSlice	Returned value may reference several allocations and may point into `a`. Thefore, an arena-style allocator must be used. * On Windows, the result is encoded as [WTF-8](https://wtf-8.codeberg.page/). * On other platforms, the result is an opaque sequence of bytes with no particular encoding. See also: * `iterate` * `iterateAllocator`
std.process.Args.IteratorGeneralOptions	Optional parameters for `IteratorGeneral`
std.process.Args.IteratorGeneral	A general Iterator to parse a string into a set of arguments
std.process.Environ.Block	On WASI without libc, this is `void` because the environment has to be queried and heap-allocated at runtime. On Windows, the memory pointed at by the PEB changes when the environment is modified, so a long-lived pointer cannot be used. Therefore, on this operating system `void` is also used.
std.process.Environ.Map.init	Create a Map backed by a specific allocator. That allocator will be used for both backing allocations and string deduplication.
std.process.Environ.Map.deinit	Free the backing storage of the map, as well as all of the stored keys and values.
std.process.Environ.Map.putMove	Same as `put` but the key and value become owned by the Map rather than being copied. If `putMove` fails, the ownership of key and value does not transfer. Asserts that `key` is valid: - It cannot contain a NUL (`'\x00') byte. - It must have a length > 0. - It cannot contain `=`, except on Windows where only the first code point is allowed to be `=`. - On Windows, it must be valid [WTF-8](https://wtf-8.codeberg.page/).
std.process.Environ.Map.put	`key` and `value` are copied into the Map. Asserts that `key` is valid: - It cannot contain a NUL (`'\x00') byte. - It must have a length > 0. - It cannot contain `=`, except on Windows where only the first code point is allowed to be `=`. - On Windows, it must be valid [WTF-8](https://wtf-8.codeberg.page/).
std.process.Environ.Map.getPtr	Find the address of the value associated with a key. The returned pointer is invalidated if the map resizes. On Windows, asserts that `key` is valid [WTF-8](https://wtf-8.codeberg.page/).
std.process.Environ.Map.get	Return the map's copy of the value associated with a key. The returned string is invalidated if this key is removed from the map. On Windows, asserts that `key` is valid [WTF-8](https://wtf-8.codeberg.page/).
std.process.Environ.Map.contains	On Windows, asserts that `key` is valid [WTF-8](https://wtf-8.codeberg.page/).
std.process.Environ.Map.swapRemove	If there is an entry with a matching key, it is deleted from the hash map. The entry is removed from the underlying array by swapping it with the last element. Returns true if an entry was removed, false otherwise. This invalidates the value returned by get() for this key. On Windows, asserts that `key` is valid [WTF-8](https://wtf-8.codeberg.page/).
std.process.Environ.Map.orderedRemove	If there is an entry with a matching key, it is deleted from the map. The entry is removed from the underlying array by shifting all elements forward, thereby maintaining the current ordering. Returns true if an entry was removed, false otherwise. This invalidates the value returned by get() for this key. On Windows, asserts that `key` is valid [WTF-8](https://wtf-8.codeberg.page/).
std.process.Environ.Map.count	Returns the number of KV pairs stored in the map.
std.process.Environ.Map.iterator	Returns an iterator over entries in the map.
std.process.Environ.Map.clone	Returns a full copy of `em` allocated with `gpa`, which is not necessarily the same allocator used to allocate `em`.
std.process.Environ.Map.createPosixBlock	Creates a null-delimited environment variable block in the format expected by POSIX, from a hash map plus options.
std.process.Environ.Map.createWindowsBlock	Caller owns result.
std.process.Environ.createMap	Allocates a `Map` and copies environment block into it.
std.process.Environ.contains	On Windows, if `key` is not valid [WTF-8](https://wtf-8.codeberg.page/), then `error.InvalidWtf8` is returned. See also: * `createMap` * `containsConstant` * `containsUnempty`
std.process.Environ.containsUnempty	On Windows, if `key` is not valid [WTF-8](https://wtf-8.codeberg.page/), then `error.InvalidWtf8` is returned. See also: * `createMap` * `containsUnemptyConstant` * `contains`
std.process.Environ.containsConstant	This function is unavailable on WASI without libc due to the memory allocation requirement. On Windows, `key` must be valid [WTF-8](https://wtf-8.codeberg.page/), See also: * `contains` * `containsUnemptyConstant` * `createMap`
std.process.Environ.containsUnemptyConstant	This function is unavailable on WASI without libc due to the memory allocation requirement. On Windows, `key` must be valid [WTF-8](https://wtf-8.codeberg.page/), See also: * `containsUnempty` * `containsConstant` * `createMap`
std.process.Environ.getPosix	This function is unavailable on WASI without libc due to the memory allocation requirement. See also: * `getWindows` * `createMap`
std.process.Environ.getWindows	Windows-only. Get an environment variable with a null-terminated, WTF-16 encoded name. This function performs a Unicode-aware case-insensitive lookup using RtlEqualUnicodeString. See also: * `createMap` * `containsConstant` * `contains`
std.process.Environ.getAlloc	Caller owns returned memory. On Windows: * If `key` is not valid [WTF-8](https://wtf-8.codeberg.page/), then `error.InvalidWtf8` is returned. * The returned value is encoded as [WTF-8](https://wtf-8.codeberg.page/). On other platforms, the value is an opaque sequence of bytes with no particular encoding. See also: * `createMap`
std.process.Environ.createPosixBlock	Creates a null-delimited environment variable block in the format expected by POSIX, from a different one.
std.process.Environ.createWindowsBlock	Creates a null-delimited environment variable block in the format expected by POSIX, from a different one.
std.process.Init	A standard set of pre-initialized useful APIs for programs to take advantage of. This is the type of the first parameter of the main function. Applications wanting more flexibility can accept `Init.Minimal` instead. Completion of https://github.com/ziglang/zig/issues/24510 will also allow the second parameter of the main function to be a custom struct that contain auto-parsed CLI arguments.
std.process.Init.Minimal	Alternative to `Init` as the first parameter of the main function.
std.process.currentPath	On Windows, the result is encoded as [WTF-8](https://wtf-8.codeberg.page/). On other platforms, the result is an opaque sequence of bytes with no particular encoding.
std.process.currentPathAlloc	On Windows, the result is encoded as [WTF-8](https://wtf-8.codeberg.page/). On other platforms, the result is an opaque sequence of bytes with no particular encoding. Caller owns returned memory.
std.process.getUserInfo	POSIX function which gets a uid from username.
std.process.posixGetUserInfo	TODO this reads /etc/passwd. But sometimes the user/id mapping is in something else like NIS, AD, etc. See `man nss` or look at an strace for `id myuser`.
std.process.can_replace	Tells whether the target operating system supports replacing the current process image. If this is `false` then calling `replace` or `replaceFile` functions will return `error.OperationUnsupported`.
std.process.can_spawn	Tells whether spawning child processes is supported.
std.process.replace	Replaces the current process image with the executed process. If this function succeeds, it does not return. `argv[0]` is the name of the process to replace the current one with. If it is not already a file path (i.e. it contains '/'), it is resolved into a file path based on PATH from the parent environment. It is illegal to call this function in a fork() child.
std.process.replacePath	Replaces the current process image with the executed process. If this function succeeds, it does not return. `argv[0]` is the file path of the process to replace the current one with, relative to `dir`. It is *always* treated as a file path, even if it does not contain '/'. It is illegal to call this function in a fork() child.
std.process.WindowsExtension	File name extensions supported natively by `CreateProcess()` on Windows.
std.process.SpawnOptions.StdIo	Behavior of the child process's standard input, output, and error streams.
std.process.spawn	Creates a child process. `argv[0]` is the name of the program to execute. If it is not already a file path (i.e. it contains '/'), it is resolved into a file path based on PATH from the parent environment.
std.process.spawnPath	Creates a child process. `argv[0]` is the file path of the program to execute, relative to `dir`. It is *always* treated as a file path, even if it does not contain '/'.
std.process.run	Spawns a child process, waits for it, collecting stdout and stderr, and then returns. If it succeeds, the caller owns result.stdout and result.stderr memory.
std.process.totalSystemMemory	Returns the total system memory, in bytes as a u64. We return a u64 instead of usize due to PAE on ARM and Linux's /proc/meminfo reporting more memory when using QEMU user mode emulation.
std.process.cleanExit	Indicate intent to terminate with a successful exit code. In debug builds, this is a no-op, so that the calling code's cleanup mechanisms are tested and so that external tools checking for resource leaks can be accurate. In release builds, this calls `exit` with code zero, and does not return.
std.process.raiseFileDescriptorLimit	Request ability to have more open file descriptors simultaneously. On some systems, this raises the limit before seeing ProcessFdQuotaExceeded errors. On other systems, this does nothing.
std.process.fatal	Logs an error and then terminates the process with exit code 1.
std.process.executablePath	Get the path to the current executable, following symlinks. This function may return an error if the current executable was deleted after spawning. Returned value is a slice of out_buffer. On Windows, the result is encoded as [WTF-8](https://wtf-8.codeberg.page/). On other platforms, the result is an opaque sequence of bytes with no particular encoding. On Linux, depends on procfs being mounted. If the currently executing binary has been deleted, the file path looks something like "/a/b/c/exe (deleted)". See also: * `executableDirPath` - to obtain only the directory * `openExecutable` - to obtain only an open file handle
std.process.executableDirPath	Get the directory path that contains the current executable. Returns index into `out_buffer`. On Windows, the result is encoded as [WTF-8](https://wtf-8.codeberg.page/). On other platforms, the result is an opaque sequence of bytes with no particular encoding.
std.process.executableDirPathAlloc	Same as `executableDirPath` except allocates the result.
std.process.abort	Causes abnormal process termination. If linking against libc, this calls `std.c.abort`. Otherwise it raises SIGABRT followed by SIGKILL. Invokes the current signal handler for SIGABRT, if any.
std.process.exit	Exits all threads of the program with the specified status code.
std.process.setCurrentDir	Changes the current working directory to the open directory handle. Corresponds to "fchdir" in libc. This modifies global process state and can have surprising effects in multithreaded applications. Most applications and especially libraries should not call this function as a general rule, however it can have use cases in, for example, implementing a shell, or child process execution. Calling this function makes code less portable and less reusable.
std.process.setCurrentPath	Changes the current working directory to the given path. Corresponds to "chdir" in libc. This modifies global process state and can have surprising effects in multithreaded applications. Most applications and especially libraries should not call this function as a general rule, however it can have use cases in, for example, implementing a shell, or child process execution. Calling this function makes code less portable and less reusable.
std.process.lockMemory	Request part of the calling process's virtual address space to be in RAM, preventing that memory from being paged to the swap area. Corresponds to "mlock" or "mlock2" in libc. See also: * unlockMemory
std.process.unlockMemory	Withdraw request for process's virtual address space to be in RAM. Corresponds to "munlock" in libc. See also: * `lockMemory`
std.sort.insertion	Stable in-place sort. O(n) best case, O(pow(n, 2)) worst case. O(1) memory (no allocator required). Sorts in ascending order with respect to the given `lessThan` function.
std.sort.insertionContext	Stable in-place sort. O(n) best case, O(pow(n, 2)) worst case. O(1) memory (no allocator required). `context` must have methods `swap` and `lessThan`, which each take 2 `usize` parameters indicating the index of an item. Sorts in ascending order with respect to `lessThan`.
std.sort.heap	Unstable in-place sort. O(n*log(n)) best case, worst case and average case. O(1) memory (no allocator required). Sorts in ascending order with respect to the given `lessThan` function.
std.sort.heapContext	Unstable in-place sort. O(n*log(n)) best case, worst case and average case. O(1) memory (no allocator required). `context` must have methods `swap` and `lessThan`, which each take 2 `usize` parameters indicating the index of an item. Sorts in ascending order with respect to `lessThan`.
std.sort.asc	Use to generate a comparator function for a given type. e.g. `sort(u8, slice, {}, asc(u8))`.
std.sort.desc	Use to generate a comparator function for a given type. e.g. `sort(u8, slice, {}, desc(u8))`.
std.sort.binarySearch	Returns the index of an element in `items` returning `.eq` when given to `compareFn`. - If there are multiple such elements, returns the index of any one of them. - If there are no such elements, returns `null`. `items` must be sorted in ascending order with respect to `compareFn`: ``` [0] [len] ┌───┬───┬─/ /─┬───┬───┬───┬─/ /─┬───┬───┬───┬─/ /─┬───┐ │.lt│.lt│ \ \ │.lt│.eq│.eq│ \ \ │.eq│.gt│.gt│ \ \ │.gt│ └───┴───┴─/ /─┴───┴───┴───┴─/ /─┴───┴───┴───┴─/ /─┴───┘ ├─────────────────┼─────────────────┼─────────────────┤ ↳ zero or more ↳ zero or more ↳ zero or more ├─────────────────┤ ↳ if not null, returned index is in this range ``` `O(log n)` time complexity. See also: `lowerBound, `upperBound`, `partitionPoint`, `equalRange`.
std.sort.lowerBound	Returns the index of the first element in `items` that is greater than or equal to `context`, as determined by `compareFn`. If no such element exists, returns `items.len`. `items` must be sorted in ascending order with respect to `compareFn`: ``` [0] [len] ┌───┬───┬─/ /─┬───┬───┬───┬─/ /─┬───┬───┬───┬─/ /─┬───┐ │.lt│.lt│ \ \ │.lt│.eq│.eq│ \ \ │.eq│.gt│.gt│ \ \ │.gt│ └───┴───┴─/ /─┴───┴───┴───┴─/ /─┴───┴───┴───┴─/ /─┴───┘ ├─────────────────┼─────────────────┼─────────────────┤ ↳ zero or more ↳ zero or more ↳ zero or more ├───┤ ↳ returned index ``` `O(log n)` time complexity. See also: `binarySearch`, `upperBound`, `partitionPoint`, `equalRange`.
std.sort.upperBound	Returns the index of the first element in `items` that is greater than `context`, as determined by `compareFn`. If no such element exists, returns `items.len`. `items` must be sorted in ascending order with respect to `compareFn`: ``` [0] [len] ┌───┬───┬─/ /─┬───┬───┬───┬─/ /─┬───┬───┬───┬─/ /─┬───┐ │.lt│.lt│ \ \ │.lt│.eq│.eq│ \ \ │.eq│.gt│.gt│ \ \ │.gt│ └───┴───┴─/ /─┴───┴───┴───┴─/ /─┴───┴───┴───┴─/ /─┴───┘ ├─────────────────┼─────────────────┼─────────────────┤ ↳ zero or more ↳ zero or more ↳ zero or more ├───┤ ↳ returned index ``` `O(log n)` time complexity. See also: `binarySearch`, `lowerBound`, `partitionPoint`, `equalRange`.
std.sort.partitionPoint	Returns the index of the partition point of `items` in relation to the given predicate. - If all elements of `items` satisfy the predicate the returned value is `items.len`. `items` must contain a prefix for which all elements satisfy the predicate, and beyond which none of the elements satisfy the predicate: ``` [0] [len] ┌────┬────┬─/ /─┬────┬─────┬─────┬─/ /─┬─────┐ │true│true│ \ \ │true│false│false│ \ \ │false│ └────┴────┴─/ /─┴────┴─────┴─────┴─/ /─┴─────┘ ├────────────────────┼───────────────────────┤ ↳ zero or more ↳ zero or more ├─────┤ ↳ returned index ``` `O(log n)` time complexity. See also: `binarySearch`, `lowerBound, `upperBound`, `equalRange`.
std.sort.equalRange	Returns a tuple of the lower and upper indices in `items` between which all elements return `.eq` when given to `compareFn`. - If no element in `items` returns `.eq`, both indices are the index of the first element in `items` returning `.gt`. - If no element in `items` returns `.gt`, both indices equal `items.len`. `items` must be sorted in ascending order with respect to `compareFn`: ``` [0] [len] ┌───┬───┬─/ /─┬───┬───┬───┬─/ /─┬───┬───┬───┬─/ /─┬───┐ │.lt│.lt│ \ \ │.lt│.eq│.eq│ \ \ │.eq│.gt│.gt│ \ \ │.gt│ └───┴───┴─/ /─┴───┴───┴───┴─/ /─┴───┴───┴───┴─/ /─┴───┘ ├─────────────────┼─────────────────┼─────────────────┤ ↳ zero or more ↳ zero or more ↳ zero or more ├─────────────────┤ ↳ returned range ``` `O(log n)` time complexity. See also: `binarySearch`, `lowerBound, `upperBound`, `partitionPoint`.
std.simd.suggestVectorLength	Suggests a target-dependant vector length for a given type, or null if scalars are recommended. Not yet implemented for every CPU architecture.
std.simd.VectorIndex	Returns the smallest type of unsigned ints capable of indexing any element within the given vector type.
std.simd.VectorCount	Returns the smallest type of unsigned ints capable of holding the length of the given vector type.
std.simd.iota	Returns a vector containing the first `len` integers in order from 0 to `len`-1. For example, `iota(i32, 8)` will return a vector containing `.{0, 1, 2, 3, 4, 5, 6, 7}`.
std.simd.repeat	Returns a vector containing the same elements as the input, but repeated until the desired length is reached. For example, `repeat(8, [_]u32{1, 2, 3})` will return a vector containing `.{1, 2, 3, 1, 2, 3, 1, 2}`.
std.simd.join	Returns a vector containing all elements of the first vector at the lower indices followed by all elements of the second vector at the higher indices.
std.simd.interlace	Returns a vector whose elements alternates between those of each input vector. For example, `interlace(.{[4]u32{11, 12, 13, 14}, [4]u32{21, 22, 23, 24}})` returns a vector containing `.{11, 21, 12, 22, 13, 23, 14, 24}`.
std.simd.deinterlace	The contents of `interlaced` is evenly split between vec_count vectors that are returned as an array. They "take turns", receiving one element from `interlaced` at a time.
std.simd.mergeShift	Joins two vectors, shifts them leftwards (towards lower indices) and extracts the leftmost elements into a vector the length of a and b.
std.simd.shiftElementsRight	Elements are shifted rightwards (towards higher indices). New elements are added to the left, and the rightmost elements are cut off so that the length of the vector stays the same.
std.simd.shiftElementsLeft	Elements are shifted leftwards (towards lower indices). New elements are added to the right, and the leftmost elements are cut off so that no elements with indices below 0 remain.
std.simd.rotateElementsLeft	Elements are shifted leftwards (towards lower indices). Elements that leave to the left will reappear to the right in the same order.
std.simd.rotateElementsRight	Elements are shifted rightwards (towards higher indices). Elements that leave to the right will reappear to the left in the same order.
std.simd.prefixScanWithFunc	Same as prefixScan, but with a user-provided, mathematically associative function.
std.simd.prefixScan	Returns a vector whose elements are the result of performing the specified operation on the corresponding element of the input vector and every hop'th element that came before it (or after, if hop is negative). Supports the same operations as the @reduce() builtin. Takes O(logN) to compute. The scan is not linear, which may affect floating point errors. This may affect the determinism of algorithms that use this function.
std.ascii.control_code	The C0 control codes of the ASCII encoding. See also: https://en.wikipedia.org/wiki/C0_and_C1_control_codes and `isControl`
std.ascii.control_code.nul	Null.
std.ascii.control_code.soh	Start of Heading.
std.ascii.control_code.stx	Start of Text.
std.ascii.control_code.etx	End of Text.
std.ascii.control_code.eot	End of Transmission.
std.ascii.control_code.enq	Enquiry.
std.ascii.control_code.ack	Acknowledge.
std.ascii.control_code.bel	Bell, Alert.
std.ascii.control_code.bs	Backspace.
std.ascii.control_code.ht	Horizontal Tab, Tab ('\t').
std.ascii.control_code.lf	Line Feed, Newline ('\n').
std.ascii.control_code.vt	Vertical Tab.
std.ascii.control_code.ff	Form Feed.
std.ascii.control_code.cr	Carriage Return ('\r').
std.ascii.control_code.so	Shift Out.
std.ascii.control_code.si	Shift In.
std.ascii.control_code.dle	Data Link Escape.
std.ascii.control_code.dc1	Device Control One (XON).
std.ascii.control_code.dc2	Device Control Two.
std.ascii.control_code.dc3	Device Control Three (XOFF).
std.ascii.control_code.dc4	Device Control Four.
std.ascii.control_code.nak	Negative Acknowledge.
std.ascii.control_code.syn	Synchronous Idle.
std.ascii.control_code.etb	End of Transmission Block
std.ascii.control_code.can	Cancel.
std.ascii.control_code.em	End of Medium.
std.ascii.control_code.sub	Substitute.
std.ascii.control_code.esc	Escape.
std.ascii.control_code.fs	File Separator.
std.ascii.control_code.gs	Group Separator.
std.ascii.control_code.rs	Record Separator.
std.ascii.control_code.us	Unit Separator.
std.ascii.control_code.del	Delete.
std.ascii.control_code.xon	An alias to `dc1`.
std.ascii.control_code.xoff	An alias to `dc3`.
std.ascii.isAlphanumeric	Returns whether the character is alphanumeric: A-Z, a-z, or 0-9.
std.ascii.isAlphabetic	Returns whether the character is alphabetic: A-Z or a-z.
std.ascii.isControl	Returns whether the character is a control character. See also: `control_code`
std.ascii.isDigit	Returns whether the character is a digit.
std.ascii.isLower	Returns whether the character is a lowercase letter.
std.ascii.isPrint	Returns whether the character is printable and has some graphical representation, including the space character.
std.ascii.isGraphical	Returns whether the character has some graphical representation,
std.ascii.isPunctuation	Returns whether the character is a punctuation character.
std.ascii.isWhitespace	Returns whether this character is included in `whitespace`.
std.ascii.whitespace	Whitespace for general use. This may be used with e.g. `std.mem.trim` to trim whitespace. See also: `isWhitespace`
std.ascii.isUpper	Returns whether the character is an uppercase letter.
std.ascii.isHex	Returns whether the character is a hexadecimal digit: A-F, a-f, or 0-9.
std.ascii.isAscii	Returns whether the character is a 7-bit ASCII character.
std.ascii.toUpper	Uppercases the character and returns it as-is if already uppercase or not a letter.
std.ascii.toLower	Lowercases the character and returns it as-is if already lowercase or not a letter.
std.ascii.lowerString	Writes a lower case copy of `ascii_string` to `output`. Asserts `output.len >= ascii_string.len`.
std.ascii.allocLowerString	Allocates a lower case copy of `ascii_string`. Caller owns returned string and must free with `allocator`.
std.ascii.upperString	Writes an upper case copy of `ascii_string` to `output`. Asserts `output.len >= ascii_string.len`.
std.ascii.allocUpperString	Allocates an upper case copy of `ascii_string`. Caller owns returned string and must free with `allocator`.
std.ascii.eqlIgnoreCase	Compares strings `a` and `b` case-insensitively and returns whether they are equal.
std.ascii.indexOfIgnoreCase	Deprecated in favor of `findIgnoreCase`.
std.ascii.findIgnoreCase	Finds `needle` in `haystack`, ignoring case, starting at index 0.
std.ascii.indexOfIgnoreCasePos	Deprecated in favor of `findIgnoreCasePos`.
std.ascii.findIgnoreCasePos	Finds `needle` in `haystack`, ignoring case, starting at `start_index`. Uses Boyer-Moore-Horspool algorithm on large inputs; `findIgnoreCasePosLinear` on small inputs.
std.ascii.indexOfIgnoreCasePosLinear	Deprecated in favor of `findIgnoreCaseLinear`.
std.ascii.findIgnoreCasePosLinear	Consider using `findIgnoreCasePos` instead of this, which will automatically use a more sophisticated algorithm on larger inputs.
std.ascii.orderIgnoreCase	Returns the lexicographical order of two slices. O(n).
std.ascii.orderIgnoreCaseZ	Returns the lexicographical order of two many-item pointers with NUL-termination. O(n).
std.ascii.boundedOrderIgnoreCaseZ	Returns the lexicographical order of two many-item pointers with NUL-termination until some specified bound. O(n).
std.ascii.lessThanIgnoreCase	Returns whether the lexicographical order of `lhs` is lower than `rhs`.
std.ascii.hexEscape	Replaces non-ASCII bytes with hex escapes.
std.tar.Writer.Options	Options for writing file/dir/link. If left empty 0o664 is used for file mode and current time for mtime.
std.tar.Writer.setRoot	Sets prefix for all other write* method paths. `root` is assumed to use `/` for any path separators.
std.tar.Writer.writeFileStream	Writes file reading file content from `reader`. Reads exactly `size` bytes from `reader`, or returns `error.EndOfStream`.
std.tar.Writer.writeFileBytes	Writes file using bytes buffer `content` for size and file content.
std.tar.Writer.finishPedantically	According to the specification, tar should finish with two zero blocks, but "reasonable system must not assume that such a block exists when reading an archive". Therefore, the Zig standard library recommends to not call this function.
std.tar.Writer.Header	A struct that is exactly 512 bytes and matches tar file format. This is intended to be used for outputting tar files; for parsing there is `std.tar.Header`.
std.tar.Diagnostics	Provide this to receive detailed error messages. When this is provided, some errors which would otherwise be returned immediately will instead be added to this structure. The API user must check the errors in diagnostics to know whether the operation succeeded or failed.
std.tar.PipeOptions	Deprecated, renamed to `ExtractOptions`.
std.tar.FileKind	Type of the file returned by iterator `next` method.
std.tar.Iterator	Iterator over entries in the tar file represented by reader.
std.tar.Iterator.Options	Options for iterator. Buffers should be provided by the caller.
std.tar.Iterator.init	Iterates over files in tar archive. `next` returns each file in tar archive.
std.tar.Iterator.next	Iterates through the tar archive as if it is a series of files. Internally, the tar format often uses entries (header with optional content) to add meta data that describes the next file. These entries should not normally be visible to the outside. As such, this loop iterates through one or more entries until it collects a all file attributes.
std.tar.pipeToFileSystem	Deprecated, renamed to `extract`.
std.tar.extract	Ingests tar file from `reader`, populating file contents within `dir`. If any file would be extracted outside of `dir`, an error is return instead.
std.testing.random_seed	Provides deterministic randomness in unit tests. Initialized on startup. Read-only after that.
std.testing.FailingAllocator.getStackTrace	Only valid once `has_induced_failure == true`
std.testing.allocator	This should only be used in temporary test programs.
std.testing.log_level	TODO https://github.com/ziglang/zig/issues/5738
std.testing.expectError	This function is intended to be used only in tests. It prints diagnostics to stderr and then returns a test failure error when actual_error_union is not expected_error.
std.testing.expectEqual	This function is intended to be used only in tests. When the two values are not equal, prints diagnostics to stderr to show exactly how they are not equal, then returns a test failure error. `actual` and `expected` are coerced to a common type using peer type resolution.
std.testing.expectFmt	This function is intended to be used only in tests. When the formatted result of the template and its arguments does not equal the expected text, it prints diagnostics to stderr to show how they are not equal, then returns an error. It depends on `expectEqualStrings` for printing diagnostics.
std.testing.expectApproxEqAbs	This function is intended to be used only in tests. When the actual value is not approximately equal to the expected value, prints diagnostics to stderr to show exactly how they are not equal, then returns a test failure error. See `math.approxEqAbs` for more information on the tolerance parameter. The types must be floating-point. `actual` and `expected` are coerced to a common type using peer type resolution.
std.testing.expectApproxEqRel	This function is intended to be used only in tests. When the actual value is not approximately equal to the expected value, prints diagnostics to stderr to show exactly how they are not equal, then returns a test failure error. See `math.approxEqRel` for more information on the tolerance parameter. The types must be floating-point. `actual` and `expected` are coerced to a common type using peer type resolution.
std.testing.expectEqualSlices	This function is intended to be used only in tests. When the two slices are not equal, prints diagnostics to stderr to show exactly how they are not equal (with the differences highlighted in red), then returns a test failure error.
std.testing.expectEqualSentinel	This function is intended to be used only in tests. Checks that two slices or two arrays are equal, including that their sentinel (if any) are the same. Will error if given another type.
std.testing.expect	This function is intended to be used only in tests. When `ok` is false, returns a test failure error.
std.testing.expectEqualDeep	This function is intended to be used only in tests. When the two values are not deeply equal, prints diagnostics to stderr to show exactly how they are not equal, then returns a test failure error. `actual` and `expected` are coerced to a common type using peer type resolution. Deeply equal is defined as follows: Primitive types are deeply equal if they are equal using `==` operator. Struct values are deeply equal if their corresponding fields are deeply equal. Container types(like Array/Slice/Vector) deeply equal when their corresponding elements are deeply equal. Pointer values are deeply equal if values they point to are deeply equal. Note: Self-referential structs are supported (e.g. things like std.SinglyLinkedList) but may cause infinite recursion or stack overflow when a container has a pointer to itself.
std.testing.checkAllAllocationFailures	Exhaustively check that allocation failures within `test_fn` are handled without introducing memory leaks. If used with the `testing.allocator` as the `backing_allocator`, it will also be able to detect double frees, etc (when runtime safety is enabled). The provided `test_fn` must have a `std.mem.Allocator` as its first argument, and must have a return type of `!void`. Any extra arguments of `test_fn` can be provided via the `extra_args` tuple. Any relevant state shared between runs of `test_fn` *must* be reset within `test_fn`. The strategy employed is to: - Run the test function once to get the total number of allocations. - Then, iterate and run the function X more times, incrementing the failing index each iteration (where X is the total number of allocations determined previously) Expects that `test_fn` has a deterministic number of memory allocations: - If an allocation was made to fail during a run of `test_fn`, but `test_fn` didn't return `error.OutOfMemory`, then `error.SwallowedOutOfMemoryError` is returned from `checkAllAllocationFailures`. You may want to ignore this depending on whether or not the code you're testing includes some strategies for recovering from `error.OutOfMemory`. - If a run of `test_fn` with an expected allocation failure executes without an allocation failure being induced, then `error.NondeterministicMemoryUsage` is returned. This error means that there are allocation points that won't be tested by the strategy this function employs (that is, there are sometimes more points of allocation than the initial run of `test_fn` detects). --- Here's an example using a simple test case that will cause a leak when the allocation of `bar` fails (but will pass normally): ```zig test { const length: usize = 10; const allocator = std.testing.allocator; var foo = try allocator.alloc(u8, length); var bar = try allocator.alloc(u8, length); allocator.free(foo); allocator.free(bar); } ``` The test case can be converted to something that this function can use by doing: ```zig fn testImpl(allocator: std.mem.Allocator, length: usize) !void { var foo = try allocator.alloc(u8, length); var bar = try allocator.alloc(u8, length); allocator.free(foo); allocator.free(bar); } test { const length: usize = 10; const allocator = std.testing.allocator; try std.testing.checkAllAllocationFailures(allocator, testImpl, .{length}); } ``` Running this test will show that `foo` is leaked when the allocation of `bar` fails. The simplest fix, in this case, would be to use defer like so: ```zig fn testImpl(allocator: std.mem.Allocator, length: usize) !void { var foo = try allocator.alloc(u8, length); defer allocator.free(foo); var bar = try allocator.alloc(u8, length); defer allocator.free(bar); } ```
std.testing.refAllDecls	Given a type, references all the declarations inside, so that the semantic analyzer sees them.
std.testing.Smith.baselineWeights	Returns an array of weights containing each possible value of `T`.
std.testing.Smith.index	It is asserted `len` is nonzero. It is asserted `len` fits within 64 bits.
std.testing.Smith.boolWeighted	It is asserted that the weight of `false` is non-zero. It is asserted that the weight of `true` is non-zero.
std.testing.Smith.eos	This is similar to `value(bool)` however it is gauraunteed to eventually return `true` and provides the fuzzer with an extra hint about the data.
std.testing.Smith.eosWeighted	This is similar to `value(bool)` however it is gauraunteed to eventually return `true` and provides the fuzzer with an extra hint about the data. It is asserted that the weight of `true` is non-zero.
std.testing.Smith.eosWeightedSimple	This is similar to `value(bool)` however it is gauraunteed to eventually return `true` and provides the fuzzer with an extra hint about the data. It is asserted that the weight of `false` is non-zero. It is asserted that the weight of `true` is non-zero.
std.testing.Smith.slice	Returns the length of the filled slice It is asserted that `buf.len` fits within a u32
std.testing.Smith.sliceWeightedBytes	Returns the length of the filled slice It is asserted that `buf.len` fits within a u32
std.testing.Smith.sliceWeighted	Returns the length of the filled slice It is asserted that `buf.len` fits within a u32
std.testing.Smith.indexWithHash	It is asserted `len` is nonzero. It is asserted `len` fits within 64 bits.
std.testing.Smith.boolWeightedWithHash	It is asserted that the weight of `false` is non-zero. It is asserted that the weight of `true` is non-zero.
std.testing.Smith.eosWithHash	This is similar to `value(bool)` however it is gauraunteed to eventually return `true` and provides the fuzzer with an extra hint about the data.
std.testing.Smith.eosWeightedWithHash	This is similar to `value(bool)` however it is gauraunteed to eventually return `true` and provides the fuzzer with an extra hint about the data. It is asserted that the weight of `true` is non-zero.
std.testing.Smith.eosWeightedSimpleWithHash	This is similar to `value(bool)` however it is gauraunteed to eventually return `true` and provides the fuzzer with an extra hint about the data. It is asserted that the weight of `false` is non-zero. It is asserted that the weight of `true` is non-zero.
std.testing.Smith.sliceWithHash	Returns the length of the filled slice It is asserted that `buf.len` fits within a u32
std.testing.Smith.sliceWeightedBytesWithHash	Returns the length of the filled slice It is asserted that `buf.len` fits within a u32
std.testing.Smith.sliceWeightedWithHash	Returns the length of the filled slice It is asserted that `buf.len` fits within a u32
std.testing.fuzz	Inline to avoid coverage instrumentation.
std.testing.Reader	A `Io.Reader` that writes a predetermined list of buffers during `stream`.
std.testing.ReaderIndirect	A `Io.Reader` that gets its data from another `Io.Reader`, and always writes to its own buffer (and returns 0) during `stream` and `readVec`.
std.time.epoch.posix	Jan 01, 1970 AD
std.time.epoch.dos	Jan 01, 1980 AD
std.time.epoch.ios	Jan 01, 2001 AD
std.time.epoch.openvms	Nov 17, 1858 AD
std.time.epoch.zos	Jan 01, 1900 AD
std.time.epoch.windows	Jan 01, 1601 AD
std.time.epoch.amiga	Jan 01, 1978 AD
std.time.epoch.pickos	Dec 31, 1967 AD
std.time.epoch.gps	Jan 06, 1980 AD
std.time.epoch.clr	Jan 01, 0001 AD
std.time.epoch.Year	The type that holds the current year, i.e. 2016
std.time.epoch.Month.numeric	return the numeric calendar value for the given month i.e. jan=1, feb=2, etc
std.time.epoch.getDaysInMonth	Get the number of days in the given month and year
std.time.epoch.EpochDay	days since epoch Jan 1, 1970
std.time.epoch.DaySeconds	seconds since start of day
std.time.epoch.DaySeconds.getHoursIntoDay	the number of hours past the start of the day (0 to 23)
std.time.epoch.DaySeconds.getMinutesIntoHour	the number of minutes past the hour (0 to 59)
std.time.epoch.DaySeconds.getSecondsIntoMinute	the number of seconds past the start of the minute (0 to 59)
std.time.epoch.EpochSeconds	seconds since epoch Jan 1, 1970 at 12:00 AM
std.time.epoch.EpochSeconds.getEpochDay	Returns the number of days since the epoch as an EpochDay. Use EpochDay to get information about the day of this time.
std.time.epoch.EpochSeconds.getDaySeconds	Returns the number of seconds into the day as DaySeconds. Use DaySeconds to get information about the time.
std.unicode.replacement_character	Use this to replace an unknown, unrecognized, or unrepresentable character. See also: https://en.wikipedia.org/wiki/Specials_(Unicode_block)#Replacement_character
std.unicode.utf8CodepointSequenceLength	Returns how many bytes the UTF-8 representation would require for the given codepoint.
std.unicode.utf8ByteSequenceLength	Given the first byte of a UTF-8 codepoint, returns a number 1-4 indicating the total length of the codepoint in bytes. If this byte does not match the form of a UTF-8 start byte, returns Utf8InvalidStartByte.
std.unicode.utf8Encode	Encodes the given codepoint into a UTF-8 byte sequence. c: the codepoint. out: the out buffer to write to. Must have a len >= utf8CodepointSequenceLength(c). Errors: if c cannot be encoded in UTF-8. Returns: the number of bytes written to out.
std.unicode.utf8Decode	Deprecated. This function has an awkward API that is too easy to use incorrectly.
std.unicode.utf8ValidCodepoint	Returns true if the given unicode codepoint can be encoded in UTF-8.
std.unicode.utf8CountCodepoints	Returns the length of a supplied UTF-8 string literal in terms of unicode codepoints.
std.unicode.utf8ValidateSlice	Returns true if the input consists entirely of UTF-8 codepoints
std.unicode.Utf8View	Utf8View iterates the code points of a utf-8 encoded string. ``` var utf8 = (try std.unicode.Utf8View.init("hi there")).iterator(); while (utf8.nextCodepointSlice()) |codepoint| { std.debug.print("got codepoint {s}\n", .{codepoint}); } ```
std.unicode.Utf8Iterator.peek	Look ahead at the next n codepoints without advancing the iterator. If fewer than n codepoints are available, then return the remainder of the string.
std.unicode.utf16CodepointSequenceLength	Returns how many code units the UTF-16 representation would require for the given codepoint.
std.unicode.utf16CodeUnitSequenceLength	Given the first code unit of a UTF-16 codepoint, returns a number 1-2 indicating the total length of the codepoint in UTF-16 code units. If this code unit does not match the form of a UTF-16 start code unit, returns Utf16InvalidStartCodeUnit.
std.unicode.utf16DecodeSurrogatePair	Decodes the codepoint encoded in the given pair of UTF-16 code units. Asserts that `surrogate_pair.len >= 2` and that the first code unit is a high surrogate. If the second code unit is not a low surrogate, error.ExpectedSecondSurrogateHalf is returned.
std.unicode.utf16CountCodepoints	Returns the length of a supplied UTF-16 string literal in terms of unicode codepoints.
std.unicode.fmtUtf8	Return a Formatter for a (potentially ill-formed) UTF-8 string. Ill-formed UTF-8 byte sequences are replaced by the replacement character (U+FFFD) according to "U+FFFD Substitution of Maximal Subparts" from Chapter 3 of the Unicode standard, and as specified by https://encoding.spec.whatwg.org/#utf-8-decoder
std.unicode.utf16LeToUtf8Alloc	Caller owns returned memory.
std.unicode.utf16LeToUtf8AllocZ	Caller owns returned memory.
std.unicode.utf8ToUtf16Le	Returns index of next character. If exact fit, returned index equals output slice length. Assumes there is enough space for the output.
std.unicode.utf8ToUtf16LeStringLiteral	Converts a UTF-8 string literal into a UTF-16LE string literal.
std.unicode.wtf8ToWtf16LeStringLiteral	Converts a WTF-8 string literal into a WTF-16LE string literal.
std.unicode.calcUtf16LeLen	Returns length in UTF-16LE of UTF-8 slice as length of []u16. Length in []u8 is 2*len16.
std.unicode.calcWtf16LeLen	Returns length in WTF-16LE of WTF-8 slice as length of []u16. Length in []u8 is 2*len16.
std.unicode.fmtUtf16Le	Return a Formatter for a (potentially ill-formed) UTF-16 LE string, which will be converted to UTF-8 during formatting. Unpaired surrogates are replaced by the replacement character (U+FFFD).
std.unicode.isSurrogateCodepoint	Returns true if the codepoint is a surrogate (U+DC00 to U+DFFF)
std.unicode.wtf8Encode	Encodes the given codepoint into a WTF-8 byte sequence. c: the codepoint. out: the out buffer to write to. Must have a len >= utf8CodepointSequenceLength(c). Errors: if c cannot be encoded in WTF-8. Returns: the number of bytes written to out.
std.unicode.wtf8Decode	Deprecated. This function has an awkward API that is too easy to use incorrectly.
std.unicode.wtf8ValidateSlice	Returns true if the input consists entirely of WTF-8 codepoints (all the same restrictions as UTF-8, but allows surrogate codepoints U+D800 to U+DFFF). Does not check for well-formed WTF-8, meaning that this function does not check that all surrogate halves are unpaired.
std.unicode.Wtf8View	Wtf8View iterates the code points of a WTF-8 encoded string, including surrogate halves. ``` var wtf8 = (try std.unicode.Wtf8View.init("hi there")).iterator(); while (wtf8.nextCodepointSlice()) |codepoint| { // note: codepoint could be a surrogate half which is invalid // UTF-8, avoid printing or otherwise sending/emitting this directly } ```
std.unicode.Wtf8Iterator	Asserts that `bytes` is valid WTF-8
std.unicode.Wtf8Iterator.peek	Look ahead at the next n codepoints without advancing the iterator. If fewer than n codepoints are available, then return the remainder of the string.
std.unicode.wtf16LeToWtf8Alloc	Caller must free returned memory.
std.unicode.wtf16LeToWtf8AllocZ	Caller must free returned memory.
std.unicode.wtf8ToWtf16Le	Returns index of next character. If exact fit, returned index equals output slice length. Assumes there is enough space for the output.
std.unicode.wtf8ToUtf8Lossy	Surrogate codepoints (U+D800 to U+DFFF) are replaced by the Unicode replacement character (U+FFFD). All surrogate codepoints and the replacement character are encoded as three bytes, meaning the input and output slices will always be the same length. In-place conversion is supported when `utf8` and `wtf8` refer to the same slice. Note: If `wtf8` is entirely composed of well-formed UTF-8, then no conversion is necessary. `utf8ValidateSlice` can be used to check if lossy conversion is worthwhile. If `wtf8` is not valid WTF-8, then `error.InvalidWtf8` is returned.
std.unicode.Wtf16LeIterator.nextCodepoint	If the next codepoint is encoded by a surrogate pair, returns the codepoint that the surrogate pair represents. If the next codepoint is an unpaired surrogate, returns the codepoint of the unpaired surrogate.
std.unicode.calcWtf8Len	Returns the length, in bytes, that would be necessary to encode the given WTF-16 LE slice as WTF-8.
std.valgrind.runningOnValgrind	Returns the number of Valgrinds this code is running under. That is, 0 if running natively, 1 if running under Valgrind, 2 if running under Valgrind which is running under another Valgrind, etc.
std.valgrind.discardTranslations	Discard translation of code in the slice qzz. Useful if you are debugging a JITter or some such, since it provides a way to make sure valgrind will retranslate the invalidated area. Returns no value.
std.valgrind.countErrors	Counts the number of errors that have been recorded by a tool. Nb: the tool must record the errors with VG_(maybe_record_error)() or VG_(unique_error)() for them to be counted.
std.valgrind.MempoolFlags	Create a memory pool.
std.valgrind.destroyMempool	Destroy a memory pool.
std.valgrind.mempoolAlloc	Associate a piece of memory with a memory pool.
std.valgrind.mempoolFree	Disassociate a piece of memory from a memory pool.
std.valgrind.mempoolTrim	Disassociate any pieces outside a particular range.
std.valgrind.moveMempool	Resize and/or move a piece associated with a memory pool.
std.valgrind.mempoolChange	Resize and/or move a piece associated with a memory pool.
std.valgrind.mempoolExists	Return if a mempool exists.
std.valgrind.stackRegister	Mark a piece of memory as being a stack. Returns a stack id. start is the lowest addressable stack byte, end is the highest addressable stack byte.
std.valgrind.stackDeregister	Unmark the piece of memory associated with a stack id as being a stack.
std.valgrind.stackChange	Change the start and end address of the stack id. start is the new lowest addressable stack byte, end is the new highest addressable stack byte.
std.valgrind.mapIpToSrcloc	Map a code address to a source file name and line number. buf64 must point to a 64-byte buffer in the caller's address space. The result will be dumped in there and is guaranteed to be zero terminated. If no info is found, the first byte is set to zero.
std.valgrind.disableErrorReporting	Disable error reporting for this thread. Behaves in a stack like way, so you can safely call this multiple times provided that enableErrorReporting() is called the same number of times to re-enable reporting. The first call of this macro disables reporting. Subsequent calls have no effect except to increase the number of enableErrorReporting() calls needed to re-enable reporting. Child threads do not inherit this setting from their parents -- they are always created with reporting enabled.
std.valgrind.enableErrorReporting	Re-enable error reporting. (see disableErrorReporting())
std.valgrind.monitorCommand	Execute a monitor command from the client program. If a connection is opened with GDB, the output will be sent according to the output mode set for vgdb. If no connection is opened, output will go to the log output. Returns 1 if command not recognised, 0 otherwise.
std.valgrind.memcheck.makeMemNoAccess	Mark memory at qzz.ptr as unaddressable for qzz.len bytes.
std.valgrind.memcheck.makeMemUndefined	Mark memory at qzz.ptr as addressable but undefined for qzz.len bytes.
std.valgrind.memcheck.makeMemDefined	Mark memory at qzz.ptr as addressable and defined or qzz.len bytes.
std.valgrind.memcheck.makeMemDefinedIfAddressable	Similar to makeMemDefined except that addressability is not altered: bytes which are addressable are marked as defined, but those which are not addressable are left unchanged.
std.valgrind.memcheck.createBlock	Create a block-description handle. The description is an ascii string which is included in any messages pertaining to addresses within the specified memory range. Has no other effect on the properties of the memory range.
std.valgrind.memcheck.discard	Discard a block-description-handle. Returns 1 for an invalid handle, 0 for a valid handle.
std.valgrind.memcheck.checkMemIsAddressable	Check that memory at qzz.ptr is addressable for qzz.len bytes. If suitable addressability is not established, Valgrind prints an error message and returns the address of the first offending byte. Otherwise it returns zero.
std.valgrind.memcheck.checkMemIsDefined	Check that memory at qzz.ptr is addressable and defined for qzz.len bytes. If suitable addressability and definedness are not established, Valgrind prints an error message and returns the address of the first offending byte. Otherwise it returns zero.
std.valgrind.memcheck.doLeakCheck	Do a full memory leak check (like --leak-check=full) mid-execution.
std.valgrind.memcheck.doAddedLeakCheck	Same as doLeakCheck() but only showing the entries for which there was an increase in leaked bytes or leaked nr of blocks since the previous leak search.
std.valgrind.memcheck.doChangedLeakCheck	Same as doAddedLeakCheck() but showing entries with increased or decreased leaked bytes/blocks since previous leak search.
std.valgrind.memcheck.doQuickLeakCheck	Do a summary memory leak check (like --leak-check=summary) mid-execution.
std.valgrind.memcheck.getVbits	Get the validity data for addresses zza and copy it into the provided zzvbits array. Return values: 0 if not running on valgrind 1 success 2 [previously indicated unaligned arrays; these are now allowed] 3 if any parts of zzsrc/zzvbits are not addressable. The metadata is not copied in cases 0, 2 or 3 so it should be impossible to segfault your system by using this call.
std.valgrind.memcheck.setVbits	Set the validity data for addresses zza, copying it from the provided zzvbits array. Return values: 0 if not running on valgrind 1 success 2 [previously indicated unaligned arrays; these are now allowed] 3 if any parts of zza/zzvbits are not addressable. The metadata is not copied in cases 0, 2 or 3 so it should be impossible to segfault your system by using this call.
std.valgrind.memcheck.disableAddrErrorReportingInRange	Disable and re-enable reporting of addressing errors in the specified address range.
std.valgrind.callgrind.dumpStats	Dump current state of cost centers, and zero them afterwards
std.valgrind.callgrind.dumpStatsAt	Dump current state of cost centers, and zero them afterwards. The argument is appended to a string stating the reason which triggered the dump. This string is written as a description field into the profile data dump.
std.valgrind.callgrind.zeroStats	Zero cost centers
std.valgrind.callgrind.toggleCollect	Toggles collection state. The collection state specifies whether the happening of events should be noted or if they are to be ignored. Events are noted by increment of counters in a cost center
std.valgrind.callgrind.startInstrumentation	Start full callgrind instrumentation if not already switched on. When cache simulation is done, it will flush the simulated cache; this will lead to an artificial cache warmup phase afterwards with cache misses which would not have happened in reality.
std.valgrind.callgrind.stopInstrumentation	Stop full callgrind instrumentation if not already switched off. This flushes Valgrinds translation cache, and does no additional instrumentation afterwards, which effectively will run at the same speed as the "none" tool (ie. at minimal slowdown). Use this to bypass Callgrind aggregation for uninteresting code parts. To start Callgrind in this mode to ignore the setup phase, use the option "--instr-atstart=no".
std.valgrind.cachegrind.startInstrumentation	Start Cachegrind instrumentation if not already enabled. Use this in combination with `std.valgrind.cachegrind.stopInstrumentation` and `--instr-at-start` to measure only part of a client program's execution.
std.valgrind.cachegrind.stopInstrumentation	Stop Cachegrind instrumentation if not already disabled. Use this in combination with `std.valgrind.cachegrind.startInstrumentation` and `--instr-at-start` to measure only part of a client program's execution.
std.wasm.Opcode	Wasm instruction opcodes All instructions are defined as per spec: https://webassembly.github.io/spec/core/appendix/index-instructions.html
std.wasm.MiscOpcode	Opcodes that require a prefix `0xFC`. Each opcode represents a varuint32, meaning they are encoded as leb128 in binary.
std.wasm.SimdOpcode	Simd opcodes that require a prefix `0xFD`. Each opcode represents a varuint32, meaning they are encoded as leb128 in binary.
std.wasm.AtomicsOpcode	Atomic opcodes that require a prefix `0xFE`. Each opcode represents a varuint32, meaning they are encoded as leb128 in binary.
std.wasm.Valtype	Enum representing all Wasm value types as per spec: https://webassembly.github.io/spec/core/binary/types.html
std.wasm.RefType	Reference types, where the funcref references to a function regardless of its type and ref references an object from the embedder.
std.wasm.Limits	Limits classify the size range of resizeable storage associated with memory types and table types.
std.wasm.InitExpression	Initialization expressions are used to set the initial value on an object when a wasm module is being loaded.
std.wasm.Memory	Describes the layout of the memory where `min` represents the minimal amount of pages, and the optional `max` represents the max pages. When `null` will allow the host to determine the amount of pages.
std.wasm.Section	Wasm module sections as per spec: https://webassembly.github.io/spec/core/binary/modules.html
std.wasm.ExternalKind	The kind of the type when importing or exporting to/from the host environment. https://webassembly.github.io/spec/core/syntax/modules.html
std.wasm.NameSubsection	Defines the enum values for each subsection id for the "Names" custom section as described by: https://webassembly.github.io/spec/core/appendix/custom.html?highlight=name#name-section
std.wasm.BlockType	Represents a block which will not return a value
std.zig.ErrorBundle.String	Index into `string_bytes`.
std.zig.ErrorBundle.OptionalString	Index into `string_bytes`, or null.
std.zig.ErrorBundle.empty	Special encoding when there are no errors.
std.zig.ErrorBundle.ErrorMessageList	There will be a MessageIndex for each len at start.
std.zig.ErrorBundle.SourceLocation	Trailing: * ReferenceTrace for each reference_trace_len
std.zig.ErrorBundle.ErrorMessage	Trailing: * MessageIndex for each notes_len.
std.zig.ErrorBundle.nullTerminatedString	Given an index into `string_bytes` returns the null-terminated string found there.
std.zig.Server.Message.ErrorBundle	Trailing: * extra: [extra_len]u32, * string_bytes: [string_bytes_len]u8, See `std.zig.ErrorBundle`.
std.zig.Server.Message.TestMetadata	Trailing: * name: [tests_len]u32 - null-terminated string_bytes index * expected_panic_msg: [tests_len]u32, - null-terminated string_bytes index - 0 means does not expect panic * string_bytes: [string_bytes_len]u8,
std.zig.Server.Message.TimeReport	Trailing is the same as in `std.Build.abi.time_report.CompileResult`, excluding `step_name`.
std.zig.Server.Message.EmitDigest	Trailing: * the hex digest of the cache directory within the /o/ subdirectory.
std.zig.Server.serveMessageHeader	Don't forget to flush!
std.zig.TokenSmith.list	The Slice is not backed by a MultiArrayList, so calling deinit or toMultiArrayList is illegal.
std.zig.string_literal.parseCharLiteral	Asserts the slice starts and ends with single-quotes. Returns an error if there is not exactly one UTF-8 codepoint in between.
std.zig.string_literal.parseEscapeSequence	Parse an escape sequence from `slice[offset..]`. If parsing is successful, offset is updated to reflect the characters consumed.
std.zig.string_literal.parseWrite	Parses `bytes` as a Zig string literal and writes the result to the `Writer` type. Asserts `bytes` has '"' at beginning and end.
std.zig.string_literal.parseAlloc	Higher level API. Does not return extra info about parse errors. Caller owns returned memory.
std.zig.number_literal.parseNumberLiteral	Parse Zig number literal accepted by fmt.parseInt, fmt.parseFloat and big_int.setString. Valid for any input.
std.zig.primitives.names	Set of primitive type and value names. Does not include `_` or integer type names.
std.zig.primitives.isPrimitive	Returns true if a name matches a primitive type or value, excluding `_`. Integer type names like `u8` or `i32` are only matched for syntax, so this will still return true when they have an oversized bit count or leading zeroes.
std.zig.Ast.TokenIndex	Index into `tokens`.
std.zig.Ast.OptionalTokenIndex	Index into `tokens`, or null.
std.zig.Ast.TokenOffset	A relative token index.
std.zig.Ast.OptionalTokenOffset	A relative token index, or null.
std.zig.Ast.parse	Result should be freed with tree.deinit() when there are no more references to any of the tokens or nodes.
std.zig.Ast.renderAlloc	`gpa` is used for allocating the resulting formatted source code. Caller owns the returned slice of bytes, allocated with `gpa`.
std.zig.Ast.errorOffset	Returns an extra offset for column and byte offset of errors that should point after the token in the error message.
std.zig.Ast.full	Fully assembled AST node information.
std.zig.Ast.full.FnProto.Iterator	Abstracts over the fact that anytype and ... are not included in the params slice, since they are simple identifiers and not sub-expressions.
std.zig.Ast.ExtraIndex	Index into `extra_data`.
std.zig.Ast.Node.Index	Index into `nodes`.
std.zig.Ast.Node.OptionalIndex	Index into `nodes`, or null.
std.zig.Ast.Node.Offset	A relative node index.
std.zig.Ast.Node.OptionalOffset	A relative node index, or null.
std.zig.Ast.Node.Tag	The FooComma/FooSemicolon variants exist to ease the implementation of `Ast.lastToken()`
std.zig.AstSmith.init	`generate` must be called on the returned value before any other methods
std.zig.AstSmith.tokens	The Slice is not backed by a MultiArrayList, so calling deinit or toMultiArrayList is illegal.
std.zig.Zir.Header	The data stored at byte offset 0 when ZIR is stored in a file.
std.zig.Zir.extraData	Returns the requested data, as well as the new index which is at the start of the trailers for the object.
std.zig.Zir.nullTerminatedString	Given an index into `string_bytes` returns the null-terminated string found there.
std.zig.Zir.Inst	These are untyped instructions generated from an Abstract Syntax Tree. The data here is immutable because it is possible to have multiple analyses on the same ZIR happening at the same time.
std.zig.Zir.Inst.Tag	These names are used directly as the instruction names in the text format. See `data_field_map` for a list of which `Data` fields are used by each `Tag`.
std.zig.Zir.Inst.Tag.isNoReturn	Returns whether the instruction is one of the control flow "noreturn" types. Function calls do not count.
std.zig.Zir.Inst.Tag.isAlwaysVoid	AstGen uses this to find out if `Ref.void_value` should be used in place of the result of a given instruction. This allows Sema to forego adding the instruction to the map after analysis.
std.zig.Zir.Inst.Tag.data_tags	Used by debug safety-checking code.
std.zig.Zir.Inst.Extended	Rarer instructions are here; ones that do not fit in the 8-bit `Tag` enum. `noreturn` instructions may not go here; they must be part of the main `Tag` enum.
std.zig.Zir.Inst.Index	The position of a ZIR instruction within the `Zir` instructions array.
std.zig.Zir.Inst.Ref	A reference to ZIR instruction, or to an InternPool index, or neither. If the integer tag value is < InternPool.static_len, then it corresponds to an InternPool index. Otherwise, this refers to a ZIR instruction. The tag type is specified so that it is safe to bitcast between `[]u32` and `[]Ref`.
std.zig.Zir.Inst.Data	All instructions have an 8-byte payload, which is contained within this union. `Tag` determines which union field is active, as well as how to interpret the data within.
std.zig.Zir.Inst.Data.FieldEnum	TODO this has to be kept in sync with `Data` which we want to be an untagged union. There is some kind of language awkwardness here and it has to do with deserializing an untagged union (in this case `Data`) from a file, and trying to preserve the hidden safety field.
std.zig.Zir.Inst.Asm	Trailing: 0. Output for every outputs_len 1. Input for every inputs_len
std.zig.Zir.Inst.Func	Trailing: if (ret_ty.body_len == 1) { 0. return_type: Ref } if (ret_ty.body_len > 1) { 1. return_type: Index // for each ret_ty.body_len } 2. body: Index // for each body_len 3. src_locs: SrcLocs // if body_len != 0 4. proto_hash: std.zig.SrcHash // if body_len != 0; hash of function prototype
std.zig.Zir.Inst.FuncFancy	Trailing: if (has_cc_ref and !has_cc_body) { 0. cc: Ref, } if (has_cc_body) { 1. cc_body_len: u32 2. cc_body: u32 // for each cc_body_len } if (has_ret_ty_ref and !has_ret_ty_body) { 3. ret_ty: Ref, } if (has_ret_ty_body) { 4. ret_ty_body_len: u32 5. ret_ty_body: u32 // for each ret_ty_body_len } 6. noalias_bits: u32 // if has_any_noalias - each bit starting with LSB corresponds to parameter indexes 7. body: Index // for each body_len 8. src_locs: Func.SrcLocs // if body_len != 0 9. proto_hash: std.zig.SrcHash // if body_len != 0; hash of function prototype
std.zig.Zir.Inst.FuncFancy.Bits	If both has_cc_ref and has_cc_body are false, it means auto calling convention. If both has_ret_ty_ref and has_ret_ty_body are false, it means void return type.
std.zig.Zir.Inst.MultiOp	This data is stored inside extra, with trailing operands according to `operands_len`. Each operand is a `Ref`.
std.zig.Zir.Inst.NodeMultiOp	Trailing: operand: Ref, // for each `operands_len` (stored in `small`).
std.zig.Zir.Inst.Block	This data is stored inside extra, with trailing operands according to `body_len`. Each operand is an `Index`.
std.zig.Zir.Inst.BlockComptime	Trailing: * inst: Index // for each `body_len`
std.zig.Zir.Inst.BoolBr	Trailing: * inst: Index // for each `body_len`
std.zig.Zir.Inst.Declaration	Trailing: 0. name: NullTerminatedString // if `flags.id.hasName()` 1. lib_name: NullTerminatedString // if `flags.id.hasLibName()` 2. type_body_len: u32 // if `flags.id.hasTypeBody()` 3. align_body_len: u32 // if `flags.id.hasSpecialBodies()` 4. linksection_body_len: u32 // if `flags.id.hasSpecialBodies()` 5. addrspace_body_len: u32 // if `flags.id.hasSpecialBodies()` 6. value_body_len: u32 // if `flags.id.hasValueBody()` 7. type_body_inst: Zir.Inst.Index - for each `type_body_len` - body to be exited via `break_inline` to this `declaration` instruction 8. align_body_inst: Zir.Inst.Index - for each `align_body_len` - body to be exited via `break_inline` to this `declaration` instruction 9. linksection_body_inst: Zir.Inst.Index - for each `linksection_body_len` - body to be exited via `break_inline` to this `declaration` instruction 10. addrspace_body_inst: Zir.Inst.Index - for each `addrspace_body_len` - body to be exited via `break_inline` to this `declaration` instruction 11. value_body_inst: Zir.Inst.Index - for each `value_body_len` - body to be exited via `break_inline` to this `declaration` instruction - within this body, the `declaration` instruction refers to the resolved type from the type body
std.zig.Zir.Inst.Call	Stored inside extra, with trailing arguments according to `args_len`. Implicit 0. arg_0_start: u32, // always same as `args_len` 1. arg_end: u32, // for each `args_len` arg_N_start is the same as arg_N-1_end
std.zig.Zir.Inst.Call.Flags.PackedModifier	std.builtin.CallModifier in packed form
std.zig.Zir.Inst.FieldCall	Stored inside extra, with trailing arguments according to `args_len`. Implicit 0. arg_0_start: u32, // always same as `args_len` 1. arg_end: u32, // for each `args_len` arg_N_start is the same as arg_N-1_end
std.zig.Zir.Inst.TypeOfPeer	There is a body of instructions at `extra[body_index..][0..body_len]`. Trailing: 0. operand: Ref // for each `operands_len`
std.zig.Zir.Inst.CondBr	This data is stored inside extra, with two sets of trailing `Ref`: * 0. the then body, according to `then_body_len`. * 1. the else body, according to `else_body_len`.
std.zig.Zir.Inst.Try	This data is stored inside extra, trailed by: * 0. body: Index // for each `body_len`.
std.zig.Zir.Inst.PtrType	Stored in extra. Depending on the flags in Data, there will be up to 5 trailing Ref fields: 0. sentinel: Ref // if `has_sentinel` flag is set 1. align: Ref // if `has_align` flag is set 2. address_space: Ref // if `has_addrspace` flag is set 3. bit_start: Ref // if `has_bit_range` flag is set 4. host_size: Ref // if `has_bit_range` flag is set
std.zig.Zir.Inst.Bin	The meaning of these operands depends on the corresponding `Tag`.
std.zig.Zir.Inst.SwitchBlock	Trailing: 0. multi_cases_len: u32, // If has_multi_cases is set. 1. payload_capture_placeholder: Inst.Index, // If payload_capture_inst_is_placeholder is set. // Index of instruction prongs use to refer to their payload capture. 2. tag_capture_placeholder: Inst.Index, // If tag_capture_inst_is_placeholder is set. // Index of instruction prongs use to refer to their tag capture. 3. catch_or_if_src_node_offset: Ast.Node.Offset, // If inst is switch_block_err_union. 4. non_err_info: ProngInfo.NonErr, // If inst is switch_block_err_union. 5. else_info: ProngInfo.Else, // If has_else is set. 6. scalar_prong_info: ProngInfo, // for every scalar_cases_len 7. multi_prong_info: ProngInfo, // for every multi_cases_len 8. multi_case_items_len: u32, // for every multi_cases_len 9. multi_case_ranges_len: u32, // If has_ranges is set: for every multi_cases_len 10. scalar_item_info: ItemInfo, // for every scalar_cases_len 11. multi_items_info: { // for every multi_cases_len item_info: ItemInfo, // for each multi_case_items_len range_items_info: { // for each multi_case_ranges_len first_info: ItemInfo, last_info: ItemInfo, } } 12. non_err_body { body_inst: Index // for every non_err_info.body_len } 13. else_body: { // If has_else is set. body_inst: Inst.Index, // for every else_info.body_len } 14. scalar_bodies: { // for every scalar_cases_len prong_body: { // for each body_len in scalar_prong_info body_inst: Inst.Index, // for every body_len } item_body: { // for each body_len in scalar_item_info body_inst: Inst.Index, // for every body_len } } 15. multi_bodies: { // for each multi_items_info prong_body: { body_inst: Inst.Index, // for each multi_prong_info.body_len } item_body: { // for each item_info body_inst: Inst.Index, // for every item_info.body_len } range_bodies: { // for each .{first_info, last_info} in range_items_info first_body_inst: Inst.Index, // for every first_info.body_len last_body_inst: Inst.Index, // for every last_info.body_len } }
std.zig.Zir.Inst.StructDecl	Trailing: 0. captures_len: u32 // if `has_captures_len` 1. decls_len: u32, // if `has_decls_len` 2. fields_len: u32, // if `has_fields_len` 3. backing_int_body_len: u32 // if `has_backing_int` 4. capture: Capture // for every `captures_len` 5. capture_name: NullTerminatedString // for every `captures_len` 6. decl: Index, // for every `decls_len`; points to a `declaration` instruction 7. field_name: NullTerminatedString // for every `fields_len` 8. field_type_body_len: u32 // for every `fields_len` 9. field_align_body_len: u32 // for every `fields_len` if `any_field_aligns` 10. field_default_body_len: u32 // for every `fields_len` if `any_field_defaults` 11. field_comptime_bits: u32 // one bit per `fields_len` if `any_comptime_fields` // LSB is first field, minimum number of `u32` needed 12. backing_int_body_inst: Inst.Index // for each `backing_int_body_len` 13. body_inst: Inst.Index // type body, then align body, then default body, for each field
std.zig.Zir.Inst.Capture	Represents a single value being captured in a type declaration's closure.
std.zig.Zir.Inst.EnumDecl	Trailing: 0. captures_len: u32, // if has_captures_len 1. decls_len: u32, // if has_decls_len 2. fields_len: u32, // if has_fields_len 3. tag_type_body_len: u32, // if has_tag_type 4. capture: Capture // for every `captures_len` 5. capture_name: NullTerminatedString // for every `captures_len` 6. decl: Index, // for every `decls_len`; points to a `declaration` instruction 7. field_name: NullTerminatedString // for every `fields_len` 8. field_value_body_len: u32 // for every `fields_len` if `any_field_values` 9. tag_type_body_inst: Inst.Index // for each `tag_type_body_len` 10. body_inst: Inst.Index // value body for each field
std.zig.Zir.Inst.UnionDecl	Trailing: 0. captures_len: u32 // if `has_captures_len` 1. decls_len: u32, // if `has_decls_len` 2. fields_len: u32, // if `has_fields_len` 3. arg_type_body_len: u32, // if `kind.hasArgType()` 4. capture: Capture // for every `captures_len` 5. capture_name: NullTerminatedString // for every `captures_len` 6. decl: Index, // for every `decls_len`; points to a `declaration` instruction 7. field_name: NullTerminatedString // for every `fields_len` 8. field_type_body_len: u32 // for every `fields_len` 9 . field_align_body_len: u32 // for every `fields_len` if `any_field_aligns` 10. field_value_body_len: u32 // for every `fields_len` if `any_field_values` 11. arg_type_body_inst: Inst.Index // for each `arg_type_body_len` 12. body_inst: Inst.Index // type body, then align body, then value body, for each field
std.zig.Zir.Inst.OpaqueDecl	Trailing: 0. captures_len: u32, // if has_captures_len 1. decls_len: u32, // if has_decls_len 2. capture: Capture, // for every captures_len 3. capture_name: NullTerminatedString // for every captures_len 4. decl: Index, // for every decls_len; points to a `declaration` instruction
std.zig.Zir.Inst.TupleDecl	Trailing: 1. fields: { // for every `fields_len` (stored in `extended.small`) type: Inst.Ref, init: Inst.Ref, // `.none` for non-`comptime` fields }
std.zig.Zir.Inst.ErrorSetDecl	Trailing: 0. field_name: NullTerminatedString // for every fields_len
std.zig.Zir.Inst.Float128	A f128 value, broken up into 4 u32 parts.
std.zig.Zir.Inst.StructInit	Trailing is an item per field.
std.zig.Zir.Inst.StructInitAnon	Trailing is an Item per field. TODO make this instead array of inits followed by array of names because it will be simpler Sema code and better for CPU cache.
std.zig.Zir.Inst.Param	Trailing: inst: Index // for every body_len
std.zig.Zir.Inst.AllocExtended	Trailing: 0. type_inst: Ref, // if small 0b000X is set 1. align_inst: Ref, // if small 0b00X0 is set
std.zig.Zir.Inst.CompileErrors	Trailing: `CompileErrors.Item` for each `items_len`.
std.zig.Zir.Inst.CompileErrors.Item	Trailing: `note_payload_index: u32` for each `notes_len`. It's a payload index of another `Item`.
std.zig.Zir.Inst.Imports	Trailing: for each `imports_len` there is an Item
std.zig.Zir.DeclContents	`DeclContents` contains all "interesting" instructions found within a declaration by `findTrackable`. These instructions are partitioned into a few different sets, since this makes ZIR instruction mapping more effective.
std.zig.Zir.findTrackable	Find all tracked ZIR instructions, recursively, within a `declaration` instruction. Does not recurse through nested declarations; to find all declarations, call this function recursively on the type declarations discovered in `contents.explicit_types`. This populates an `ArrayList` because an iterator would need to allocate memory anyway.
std.zig.Zir.findTrackableRoot	Like `findTrackable`, but only considers the `main_struct_inst` instruction. This may return more than just that instruction because it will also traverse fields.
std.zig.Zir.UnwrappedSwitchBlock	Trailing (starting at `end`): 0. case_bodies: { // for each case in Case.Iterator.next() prong_body: { body_inst: Inst.Index, // for every case.prong_info.body_len, } item_body: { // for each body_len in case.item_infos body_inst: Inst.Index, // for every body_len } range_bodies: { // for each .{first_info, last_info} in case.range_infos first_body_inst: Inst.Index, // for every first_info.body_len last_body_inst: Inst.Index, // for every last_info.body_len } }
std.zig.Zir.inst_tracking_version	When the ZIR update tracking logic must be modified to consider new instructions, change this constant to trigger compile errors at all relevant locations.
std.zig.Zir.assertTrackable	Asserts that a ZIR instruction is tracked across incremental updates, and thus may be given an `InternPool.TrackedInst`.
std.zig.Zoir.Header	The data stored at byte offset 0 when ZOIR is stored in a file.
std.zig.ZonGen.strLitSizeHint	Estimates the size of a string node without parsing it.
std.zig.ZonGen.parseStrLit	Parses the given node as a string literal.
std.zig.system.windows.detectRuntimeVersion	Returns the highest known WindowsVersion deduced from reported runtime information. Discards information about in-between versions we don't differentiate.
std.zig.system.darwin.macos.detect	Detect macOS version. `target_os` is not modified in case of error.
std.zig.system.darwin.isSdkInstalled	Check if SDK is installed on Darwin without triggering CLT installation popup window. Simply invoking `xcrun` will inevitably trigger the CLT installation popup. Therefore, we resort to invoking `xcode-select --print-path` and checking if the status is nonzero. stderr from xcode-select is ignored. If error.OutOfMemory occurs in Allocator, this function returns null.
std.zig.system.darwin.getSdk	Detect SDK on Darwin. Calls `xcrun --sdk <target_sdk> --show-sdk-path` which fetches the path to the SDK. Caller owns the memory. stderr from xcrun is ignored. If error.OutOfMemory occurs in Allocator, this function returns null.
std.zig.system.getExternalExecutor	Return whether or not the given host is capable of running executables of the other target.
std.zig.system.resolveTargetQuery	Given a `Target.Query`, which specifies in detail which parts of the target should be detected natively, which should be standard or default, and which are provided explicitly, this function resolves the native components by detecting the native system, and then resolves standard/default parts relative to that.
std.zig.LibCInstallation.findNative	Finds the default, native libc.
std.zig.LibCInstallation.deinit	Must be the same allocator passed to `parse` or `findNative`.
std.zig.LibCInstallation.CrtBasenames	These are basenames. This data is produced with a pure function. See also `CsuPaths`.
std.zig.LibCInstallation.CrtBasenames.get	Determine file system path names of C runtime startup objects for supported link modes.
std.zig.WindowsSdk.find	Find path and version of Windows 10 SDK and Windows 8.1 SDK, and find path to MSVC's `lib/` directory. Caller owns the result's fields. Returns memory allocated by `gpa`
std.zig.LibCDirs.DarwinSdkLayout	The filesystem layout of darwin SDK elements.
std.zig.target.glibcRuntimeTriple	Returns the subdirectory triple to be used to find the correct glibc for the given `arch`, `os`, and `abi` in an installation directory created by glibc's `build-many-glibcs.py` script. `os` must be `.linux` or `.hurd`. `abi` must be a GNU ABI, i.e. `.isGnu()`.
std.zig.target.muslRuntimeTriple	Returns the subdirectory triple to be used to find the correct musl for the given `arch` and `abi` in an installation directory. `abi` must be a musl ABI, i.e. `.isMusl()`.
std.zig.llvm.Builder.Global.Index.toNewFunction	Replaces whatever this `Global` currently contains with a new `Function`. Similar to `Builder.addFunction`, but the same `Global` is reused.
std.zig.llvm.Builder.Global.Index.toNewVariable	Replaces whatever this `Global` currently contains with a new `Variable`. Similar to `Builder.addVariable`, but the same `Global` is reused.
std.zig.llvm.Builder.Global.Index.toNewAlias	Replaces whatever this `Global` currently contains with a new `Alias`. Similar to `Builder.addAlias`, but the same `Global` is reused.
std.zig.llvm.Builder.alignmentForwardReference	The initial "resolved" value of the forward reference is `Alignment.default`.
std.zig.llvm.Builder.resolveAlignmentForwardReference	Updates the "resolved" value of the alignment forward reference `fwd_ref` to `value`. Asserts that `fwd_ref` is a forward reference, as opposed to a resolved alignment value.
std.zig.llvm.Builder.resolveDebugForwardReference	Resolves the given forward reference to the given value (which is not itself a forward reference). If the forward reference is already resolved, its target is replaced.
std.zig.c_translation.builtins.abs	Standard C Library bug: The absolute value of the most negative integer remains negative.
std.zig.c_translation.builtins.clz	Returns the number of leading 0-bits in x, starting at the most significant bit position. In C if `val` is 0, the result is undefined; in zig it's the number of bits in a c_uint
std.zig.c_translation.builtins.ctz	Returns the number of trailing 0-bits in val, starting at the least significant bit position. In C if `val` is 0, the result is undefined; in zig it's the number of bits in a c_uint
std.zig.c_translation.builtins.expect	The return value of __builtin_expect is `expr`. `c` is the expected value of `expr` and is used as a hint to the compiler in C. Here it is unused.
std.zig.c_translation.builtins.isinf_sign	Similar to isinf, except the return value is -1 for an argument of -Inf and 1 for an argument of +Inf.
std.zig.c_translation.builtins.labs	Standard C Library bug: The absolute value of the most negative integer remains negative.
std.zig.c_translation.builtins.llabs	Standard C Library bug: The absolute value of the most negative integer remains negative.
std.zig.c_translation.builtins.nanf	returns a quiet NaN. Quiet NaNs have many representations; tagp is used to select one in an implementation-defined way. This implementation is based on the description for nan provided in the GCC docs at https://gcc.gnu.org/onlinedocs/gcc/Other-Builtins.html#index-_005f_005fbuiltin_005fnan Comment is reproduced below: Since ISO C99 defines this function in terms of strtod, which we do not implement, a description of the parsing is in order. The string is parsed as by strtol; that is, the base is recognized by leading ‘0’ or ‘0x’ prefixes. The number parsed is placed in the significand such that the least significant bit of the number is at the least significant bit of the significand. The number is truncated to fit the significand field provided. The significand is forced to be a quiet NaN. If tagp contains any non-numeric characters, the function returns a NaN whose significand is zero. If tagp is empty, the function returns a NaN whose significand is zero.
std.zig.c_translation.builtins.popcount	popcount of a c_uint will never exceed the capacity of a c_int
std.zig.c_translation.helpers.ArithmeticConversion	"Usual arithmetic conversions" from C11 standard 6.3.1.8
std.zig.c_translation.helpers.FlexibleArrayType	Constructs a [*c] pointer with the const and volatile annotations from SelfType for pointing to a C flexible array of ElementType.
std.zig.c_translation.helpers.promoteIntLiteral	Promote the type of an integer literal until it fits as C would.
std.zig.c_translation.helpers.shuffleVectorIndex	Convert from clang __builtin_shufflevector index to Zig @shuffle index clang requires __builtin_shufflevector index arguments to be integer constants. negative values for `this_index` indicate "don't care". clang enforces that `this_index` is less than the total number of vector elements See https://ziglang.org/documentation/master/#shuffle See https://clang.llvm.org/docs/LanguageExtensions.html#langext-builtin-shufflevector
std.zig.c_translation.helpers.signedRemainder	C `%` operator for signed integers C standard states: "If the quotient a/b is representable, the expression (a/b)*b + a%b shall equal a" The quotient is not representable if denominator is zero, or if numerator is the minimum integer for the type and denominator is -1. C has undefined behavior for those two cases; this function has safety checked undefined behavior
std.zig.c_translation.helpers.cast	Given a type and value, cast the value to the type as c would.
std.zig.c_translation.helpers.sizeof	Given a value returns its size as C's sizeof operator would.
std.zig.c_translation.helpers.CAST_OR_CALL	A 2-argument function-like macro defined as #define FOO(A, B) (A)(B) could be either: cast B to A, or call A with the value B.
std.zig.max_src_size	There are many assumptions in the entire codebase that Zig source files can be byte-indexed with a u32 integer.
std.zig.binNameAlloc	Returns the standard file system basename of a binary generated by the Zig compiler.
std.zig.BuildId.HexString.toSlice	Result is byte values, *not* hex-encoded.
std.zig.BuildId.initHexString	Input is byte values, *not* hex-encoded. Asserts `bytes` fits inside `HexString`
std.zig.BuildId.parse	Converts UTF-8 text to a `BuildId`.
std.zig.Subsystem.Console	Deprecated; use '.console' instead. To be removed after 0.16.0 is tagged.
std.zig.Subsystem.Windows	Deprecated; use '.windows' instead. To be removed after 0.16.0 is tagged.
std.zig.Subsystem.Posix	Deprecated; use '.posix' instead. To be removed after 0.16.0 is tagged.
std.zig.Subsystem.Native	Deprecated; use '.native' instead. To be removed after 0.16.0 is tagged.
std.zig.Subsystem.EfiApplication	Deprecated; use '.efi_application' instead. To be removed after 0.16.0 is tagged.
std.zig.Subsystem.EfiBootServiceDriver	Deprecated; use '.efi_boot_service_driver' instead. To be removed after 0.16.0 is tagged.
std.zig.Subsystem.EfiRom	Deprecated; use '.efi_rom' instead. To be removed after 0.16.0 is tagged.
std.zig.Subsystem.EfiRuntimeDriver	Deprecated; use '.efi_runtime_driver' instead. To be removed after 0.16.0 is tagged.
std.zig.serializeCpu	Renders a `std.Target.Cpu` value into a textual representation that can be parsed via the `-mcpu` flag passed to the Zig compiler. Appends the result to `buffer`.
std.zig.fmtId	Return a Formatter for a Zig identifier, escaping it with `@""` syntax if needed. See also `fmtIdFlags`.
std.zig.fmtIdFlags	Return a Formatter for a Zig identifier, escaping it with `@""` syntax if needed. See also `fmtId`.
std.zig.FormatId.format	Print the string as a Zig identifier, escaping it with `@""` syntax if needed.
std.zig.fmtString	Return a formatter for escaping a double quoted Zig string.
std.zig.fmtChar	Return a formatter for escaping a single quoted Zig string.
std.zig.stringEscape	Print the string as escaped contents of a double quoted string.
std.zig.charEscape	Print as escaped contents of a single-quoted string.
std.zig.readSourceFileToEndAlloc	If the source can be UTF-16LE encoded, this function asserts that `gpa` will align a byte-sized allocation to at least 2. Allocators that don't do this are rare.
std.zig.EnvVar	Collects all the environment variables that Zig could possibly inspect, so that we can do reflection on this and print them with `zig env`.
std.zig.EmitArtifact	Every kind of artifact which the compiler can emit.
std.zig.EmitArtifact.cacheName	If using `Server` to communicate with the compiler, it will place requested artifacts in paths under the output directory, where those paths are named according to this function. Returned string is allocated with `gpa` and owned by the caller.
std.zig.ClangCliParam	The defaults are chosen here to reduce the size of src/clang_options.zon
std.zip.EndRecord.findBuffer	TODO audit this logic
std.zip.extract	Extract the zipped files to the given `dest` directory.
std.zon.parse.Options	Configuration for the runtime parser.
std.zon.parse.Diagnostics	Information about the success or failure of a parse.
std.zon.parse.fromSlice	Parses the given slice as ZON. Returns `error.OutOfMemory` on allocation failure, or `error.ParseZon` error if the ZON is invalid or can not be deserialized into type `T`. When the parser returns `error.ParseZon`, it will also store a human readable explanation in `diag` if non null. If diag is not null, it must be initialized to `.{}`. Asserts at compile time that the result type doesn't contain pointers. As such, the result doesn't need to be freed. An allocator is still required for temporary allocations made during parsing.
std.zon.parse.fromSliceAlloc	Like `fromSlice`, but the result may contain pointers. To automatically free the result, see `free`.
std.zon.parse.fromZoir	Like `fromSlice`, but operates on `Zoir` instead of ZON source.
std.zon.parse.fromZoirAlloc	Like `fromSliceAlloc`, but operates on `Zoir` instead of ZON source.
std.zon.parse.fromZoirNode	Like `fromZoir`, but the parse starts at `node` instead of root.
std.zon.parse.fromZoirNodeAlloc	Like `fromZoirAlloc`, but the parse starts at `node` instead of root.
std.zon.parse.free	Frees ZON values. Provided for convenience, you may also free these values on your own using the same allocator passed into the parser. Asserts at comptime that sufficient information is available via the type system to free this value. Untagged unions, for example, will fail this assert.
std.zon.stringify.serialize	Serialize the given value as ZON. It is asserted at comptime that `@TypeOf(val)` is not a recursive type.
std.zon.stringify.serializeMaxDepth	Like `serialize`, but recursive types are allowed. Returns `error.ExceededMaxDepth` if `depth` is exceeded. Every nested value adds one to a value's depth.
std.zon.stringify.serializeArbitraryDepth	Like `serialize`, but recursive types are allowed. It is the caller's responsibility to ensure that `val` does not contain cycles.
std.zon.Serializer.ContainerOptions	Options for manual serialization of container types.
std.zon.Serializer.ValueOptions	Options for serialization of an individual value. See `SerializeOptions` for more information on these options.
std.zon.Serializer.EmitCodepointLiterals	Determines when to emit Unicode code point literals as opposed to integer literals.
std.zon.Serializer.value	Serialize a value, similar to `serialize`.
std.zon.Serializer.valueMaxDepth	Serialize a value, similar to `serializeMaxDepth`. Can return `error.ExceededMaxDepth`.
std.zon.Serializer.valueArbitraryDepth	Serialize a value, similar to `serializeArbitraryDepth`.
std.zon.Serializer.int	Serialize an integer.
std.zon.Serializer.float	Serialize a float.
std.zon.Serializer.ident	Serialize `name` as an identifier prefixed with `.`. Escapes the identifier if necessary.
std.zon.Serializer.codePoint	Serialize `val` as a Unicode codepoint. Returns `error.InvalidCodepoint` if `val` is not a valid Unicode codepoint.
std.zon.Serializer.tuple	Like `value`, but always serializes `val` as a tuple. Will fail at comptime if `val` is not a tuple, array, pointer to an array, or slice.
std.zon.Serializer.tupleMaxDepth	Like `tuple`, but recursive types are allowed. Returns `error.ExceededMaxDepth` if `depth` is exceeded.
std.zon.Serializer.tupleArbitraryDepth	Like `tuple`, but recursive types are allowed. It is the caller's responsibility to ensure that `val` does not contain cycles.
std.zon.Serializer.string	Like `value`, but always serializes `val` as a string.
std.zon.Serializer.MultilineStringOptions	Options for formatting multiline strings.
std.zon.Serializer.multilineString	Like `value`, but always serializes to a multiline string literal. Returns `error.InnerCarriageReturn` if `val` contains a CR not followed by a newline, since multiline strings cannot represent CR without a following newline.
std.zon.Serializer.beginStruct	Create a `Struct` for writing ZON structs field by field.
std.zon.Serializer.beginTuple	Creates a `Tuple` for writing ZON tuples field by field.
std.zon.Serializer.Tuple	Writes ZON tuples field by field.
std.zon.Serializer.Tuple.end	Finishes serializing the tuple. Prints a trailing comma as configured when appropriate, and the closing bracket.
std.zon.Serializer.Tuple.field	Serialize a field. Equivalent to calling `fieldPrefix` followed by `value`.
std.zon.Serializer.Tuple.fieldMaxDepth	Serialize a field. Equivalent to calling `fieldPrefix` followed by `valueMaxDepth`. Returns `error.ExceededMaxDepth` if `depth` is exceeded.
std.zon.Serializer.Tuple.fieldArbitraryDepth	Serialize a field. Equivalent to calling `fieldPrefix` followed by `valueArbitraryDepth`.
std.zon.Serializer.Tuple.beginStructField	Starts a field with a struct as a value. Returns the struct.
std.zon.Serializer.Tuple.beginTupleField	Starts a field with a tuple as a value. Returns the tuple.
std.zon.Serializer.Tuple.fieldPrefix	Print a field prefix. This prints any necessary commas, and whitespace as configured. Useful if you want to serialize the field value yourself.
std.zon.Serializer.Struct	Writes ZON structs field by field.
std.zon.Serializer.Struct.end	Finishes serializing the struct. Prints a trailing comma as configured when appropriate, and the closing bracket.
std.zon.Serializer.Struct.field	Serialize a field. Equivalent to calling `fieldPrefix` followed by `value`.
std.zon.Serializer.Struct.fieldMaxDepth	Serialize a field. Equivalent to calling `fieldPrefix` followed by `valueMaxDepth`. Returns `error.ExceededMaxDepth` if `depth` is exceeded.
std.zon.Serializer.Struct.fieldArbitraryDepth	Serialize a field. Equivalent to calling `fieldPrefix` followed by `valueArbitraryDepth`.
std.zon.Serializer.Struct.beginStructField	Starts a field with a struct as a value. Returns the struct.
std.zon.Serializer.Struct.beginTupleField	Starts a field with a tuple as a value. Returns the tuple.
std.zon.Serializer.Struct.fieldPrefix	Print a field prefix. This prints any necessary commas, the field name (escaped if necessary) and whitespace as configured. Useful if you want to serialize the field value yourself.
std.options	Compile-time known settings overridable by the root source file.
std.Options.logTerminalMode	TODO This is a separate decl instead of a field as a workaround around compilation errors due to zig not being lazy enough.
std.Options.elf_debug_info_search_paths	TODO This is a separate decl instead of a field as a workaround around compilation errors due to zig not being lazy enough.
std.Options.debug_io	The `Io` instance that `std.debug` uses for `std.debug.print`, capturing stack traces, loading debug info, finding the executable's own path, and environment variables that affect terminal mode detection. The default is to use statically initialized singleton that is independent from the application's `Io` instance in order to make debugging more straightforward. For example, while debugging an `Io` implementation based on coroutines, one likely wants `std.debug.print` to directly write to stderr without trying to interact with the code being debugged.
std.Options.FilePermissions	Overrides `std.Io.File.Permissions`.
std.Options.cwd	Overrides `std.Io.Dir.cwd`.
