path	depth	kind	name	n_children	detail
std	0	ns	std	91	std.zig
std.AutoHashMap	1	alias	AutoHashMap	0	hash_map.AutoHashMap
std.AutoHashMapUnmanaged	1	alias	AutoHashMapUnmanaged	0	hash_map.AutoHashMapUnmanaged
std.BitStack	1	ns	BitStack	9	BitStack.zig
std.BitStack.init	2	fn	init	0	1
std.BitStack.deinit	2	fn	deinit	0	1
std.BitStack.ensureTotalCapacity	2	fn	ensureTotalCapacity	0	2
std.BitStack.push	2	fn	push	0	2
std.BitStack.peek	2	fn	peek	0	1
std.BitStack.pop	2	fn	pop	0	1
std.BitStack.pushWithStateAssumeCapacity	2	fn	pushWithStateAssumeCapacity	0	3
std.BitStack.peekWithState	2	fn	peekWithState	0	2
std.BitStack.popWithState	2	fn	popWithState	0	2
std.Build	1	ns	Build	98	Build.zig
std.Build.Cache	2	ns	Cache	18	Build/Cache.zig
std.Build.Cache.Path	3	ns	Path	27	Build/Cache/Path.zig
std.Build.Cache.Path.clone	4	fn	clone	0	2
std.Build.Cache.Path.cwd	4	fn	cwd	0	0
std.Build.Cache.Path.initCwd	4	fn	initCwd	0	1
std.Build.Cache.Path.join	4	fn	join	0	3
std.Build.Cache.Path.resolvePosix	4	fn	resolvePosix	0	3
std.Build.Cache.Path.joinString	4	fn	joinString	0	3
std.Build.Cache.Path.joinStringZ	4	fn	joinStringZ	0	3
std.Build.Cache.Path.openFile	4	fn	openFile	0	4
std.Build.Cache.Path.openDir	4	fn	openDir	0	4
std.Build.Cache.Path.createDirPathOpen	4	fn	createDirPathOpen	0	4
std.Build.Cache.Path.statFile	4	fn	statFile	0	3
std.Build.Cache.Path.atomicFile	4	fn	atomicFile	0	5
std.Build.Cache.Path.access	4	fn	access	0	4
std.Build.Cache.Path.createDirPath	4	fn	createDirPath	0	3
std.Build.Cache.Path.toString	4	fn	toString	0	2
std.Build.Cache.Path.toStringZ	4	fn	toStringZ	0	2
std.Build.Cache.Path.fmtEscapeString	4	fn	fmtEscapeString	0	1
std.Build.Cache.Path.formatEscapeString	4	fn	formatEscapeString	0	2
std.Build.Cache.Path.fmtEscapeChar	4	fn	fmtEscapeChar	0	1
std.Build.Cache.Path.formatEscapeChar	4	fn	formatEscapeChar	0	2
std.Build.Cache.Path.format	4	fn	format	0	2
std.Build.Cache.Path.eql	4	fn	eql	0	2
std.Build.Cache.Path.subPathOpt	4	fn	subPathOpt	0	1
std.Build.Cache.Path.subPathOrDot	4	fn	subPathOrDot	0	1
std.Build.Cache.Path.stem	4	fn	stem	0	1
std.Build.Cache.Path.basename	4	fn	basename	0	1
std.Build.Cache.Path.TableAdapter	4	struct	TableAdapter	3	
std.Build.Cache.Path.TableAdapter.Hash	5	alias	Hash	0	std.hash.Wyhash
std.Build.Cache.Path.TableAdapter.hash	5	fn	hash	0	2
std.Build.Cache.Path.TableAdapter.eql	5	fn	eql	0	4
std.Build.Cache.Directory	3	ns	Directory	7	Build/Cache/Directory.zig
std.Build.Cache.Directory.clone	4	fn	clone	0	2
std.Build.Cache.Directory.cwd	4	fn	cwd	0	0
std.Build.Cache.Directory.join	4	fn	join	0	3
std.Build.Cache.Directory.joinZ	4	fn	joinZ	0	3
std.Build.Cache.Directory.closeAndFree	4	fn	closeAndFree	0	3
std.Build.Cache.Directory.format	4	fn	format	0	2
std.Build.Cache.Directory.eql	4	fn	eql	0	2
std.Build.Cache.DepTokenizer	3	ns	DepTokenizer	2	Build/Cache/DepTokenizer.zig
std.Build.Cache.DepTokenizer.next	4	fn	next	0	1
std.Build.Cache.DepTokenizer.Token	4	union	Token	4	
std.Build.Cache.DepTokenizer.Token.IndexAndChar	5	struct	IndexAndChar	0	
std.Build.Cache.DepTokenizer.Token.IndexAndBytes	5	struct	IndexAndBytes	0	
std.Build.Cache.DepTokenizer.Token.resolve	5	fn	resolve	0	3
std.Build.Cache.DepTokenizer.Token.printError	5	fn	printError	0	3
std.Build.Cache.addPrefix	3	fn	addPrefix	0	2
std.Build.Cache.obtain	3	fn	obtain	0	1
std.Build.Cache.prefixes	3	fn	prefixes	0	1
std.Build.Cache.bin_digest_len	3	const	bin_digest_len	0	
std.Build.Cache.hex_digest_len	3	const	hex_digest_len	0	
std.Build.Cache.BinDigest	3	const	BinDigest	0	
std.Build.Cache.HexDigest	3	const	HexDigest	0	
std.Build.Cache.manifest_file_size_max	3	const	manifest_file_size_max	0	
std.Build.Cache.Hasher	3	const	Hasher	0	
std.Build.Cache.hasher_init	3	const	hasher_init	0	
std.Build.Cache.File	3	struct	File	4	
std.Build.Cache.File.Stat	4	struct	Stat	1	
std.Build.Cache.File.Stat.fromFs	5	fn	fromFs	0	1
std.Build.Cache.File.deinit	4	fn	deinit	0	2
std.Build.Cache.File.updateMaxSize	4	fn	updateMaxSize	0	2
std.Build.Cache.File.updateHandle	4	fn	updateHandle	0	2
std.Build.Cache.HashHelper	3	struct	HashHelper	10	
std.Build.Cache.HashHelper.addBytes	4	fn	addBytes	0	2
std.Build.Cache.HashHelper.addOptionalBytes	4	fn	addOptionalBytes	0	2
std.Build.Cache.HashHelper.addListOfBytes	4	fn	addListOfBytes	0	2
std.Build.Cache.HashHelper.addOptionalListOfBytes	4	fn	addOptionalListOfBytes	0	2
std.Build.Cache.HashHelper.add	4	fn	add	0	2
std.Build.Cache.HashHelper.addOptional	4	fn	addOptional	0	2
std.Build.Cache.HashHelper.peek	4	fn	peek	0	1
std.Build.Cache.HashHelper.peekBin	4	fn	peekBin	0	1
std.Build.Cache.HashHelper.final	4	fn	final	0	1
std.Build.Cache.HashHelper.oneShot	4	fn	oneShot	0	1
std.Build.Cache.binToHex	3	fn	binToHex	0	1
std.Build.Cache.Lock	3	struct	Lock	1	
std.Build.Cache.Lock.release	4	fn	release	0	2
std.Build.Cache.Manifest	3	struct	Manifest	24	
std.Build.Cache.Manifest.Diagnostic	4	union	Diagnostic	1	
std.Build.Cache.Manifest.Diagnostic.FileOp	5	struct	FileOp	0	
std.Build.Cache.Manifest.Files	4	const	Files	0	
std.Build.Cache.Manifest.FilesContext	4	struct	FilesContext	2	
std.Build.Cache.Manifest.FilesContext.hash	5	fn	hash	0	2
std.Build.Cache.Manifest.FilesContext.eql	5	fn	eql	0	4
std.Build.Cache.Manifest.addFilePath	4	fn	addFilePath	0	3
std.Build.Cache.Manifest.addOpenedFile	4	fn	addOpenedFile	0	4
std.Build.Cache.Manifest.addFile	4	fn	addFile	0	3
std.Build.Cache.Manifest.addOptionalFile	4	fn	addOptionalFile	0	2
std.Build.Cache.Manifest.addOptionalFilePath	4	fn	addOptionalFilePath	0	2
std.Build.Cache.Manifest.addListOfFiles	4	fn	addListOfFiles	0	2
std.Build.Cache.Manifest.addDepFile	4	fn	addDepFile	0	3
std.Build.Cache.Manifest.HitError	4	const	HitError	0	
std.Build.Cache.Manifest.hit	4	fn	hit	0	1
std.Build.Cache.Manifest.unhit	4	fn	unhit	0	3
std.Build.Cache.Manifest.addFilePostFetch	4	fn	addFilePostFetch	0	3
std.Build.Cache.Manifest.addFilePost	4	fn	addFilePost	0	2
std.Build.Cache.Manifest.addFilePostContents	4	fn	addFilePostContents	0	4
std.Build.Cache.Manifest.addDepFilePost	4	fn	addDepFilePost	0	3
std.Build.Cache.Manifest.finalBin	4	fn	finalBin	0	1
std.Build.Cache.Manifest.final	4	fn	final	0	1
std.Build.Cache.Manifest.writeManifest	4	fn	writeManifest	0	1
std.Build.Cache.Manifest.toOwnedLock	4	fn	toOwnedLock	0	1
std.Build.Cache.Manifest.deinit	4	fn	deinit	0	1
std.Build.Cache.Manifest.populateFileSystemInputs	4	fn	populateFileSystemInputs	0	2
std.Build.Cache.Manifest.populateOtherManifest	4	fn	populateOtherManifest	0	3
std.Build.Step	2	ns	Step	51	Build/Step.zig
std.Build.Step.TestResults	3	struct	TestResults	2	
std.Build.Step.TestResults.isSuccess	4	fn	isSuccess	0	1
std.Build.Step.TestResults.passCount	4	fn	passCount	0	1
std.Build.Step.MakeOptions	3	struct	MakeOptions	0	
std.Build.Step.MakeFn	3	const	MakeFn	0	
std.Build.Step.State	3	enum	State	0	
std.Build.Step.Id	3	enum	Id	1	
std.Build.Step.Id.Type	4	fn	Type	0	1
std.Build.Step.CheckFile	3	ns	CheckFile	4	Build/Step/CheckFile.zig
std.Build.Step.CheckFile.base_id	4	const	base_id	0	
std.Build.Step.CheckFile.Options	4	struct	Options	0	
std.Build.Step.CheckFile.create	4	fn	create	0	3
std.Build.Step.CheckFile.setName	4	fn	setName	0	2
std.Build.Step.CheckObject	3	ns	CheckObject	23	Build/Step/CheckObject.zig
std.Build.Step.CheckObject.base_id	4	const	base_id	0	
std.Build.Step.CheckObject.create	4	fn	create	0	3
std.Build.Step.CheckObject.checkExact	4	fn	checkExact	0	2
std.Build.Step.CheckObject.checkExactPath	4	fn	checkExactPath	0	3
std.Build.Step.CheckObject.checkContains	4	fn	checkContains	0	2
std.Build.Step.CheckObject.checkContainsPath	4	fn	checkContainsPath	0	3
std.Build.Step.CheckObject.checkExtract	4	fn	checkExtract	0	2
std.Build.Step.CheckObject.checkExtractLazyPath	4	fn	checkExtractLazyPath	0	3
std.Build.Step.CheckObject.checkNotPresent	4	fn	checkNotPresent	0	2
std.Build.Step.CheckObject.checkNotPresentLazyPath	4	fn	checkNotPresentLazyPath	0	3
std.Build.Step.CheckObject.checkInHeaders	4	fn	checkInHeaders	0	1
std.Build.Step.CheckObject.checkInSymtab	4	fn	checkInSymtab	0	1
std.Build.Step.CheckObject.checkInDyldRebase	4	fn	checkInDyldRebase	0	1
std.Build.Step.CheckObject.checkInDyldBind	4	fn	checkInDyldBind	0	1
std.Build.Step.CheckObject.checkInDyldWeakBind	4	fn	checkInDyldWeakBind	0	1
std.Build.Step.CheckObject.checkInDyldLazyBind	4	fn	checkInDyldLazyBind	0	1
std.Build.Step.CheckObject.checkInExports	4	fn	checkInExports	0	1
std.Build.Step.CheckObject.checkInIndirectSymtab	4	fn	checkInIndirectSymtab	0	1
std.Build.Step.CheckObject.checkInDynamicSymtab	4	fn	checkInDynamicSymtab	0	1
std.Build.Step.CheckObject.checkInDynamicSection	4	fn	checkInDynamicSection	0	1
std.Build.Step.CheckObject.checkInArchiveSymtab	4	fn	checkInArchiveSymtab	0	1
std.Build.Step.CheckObject.dumpSection	4	fn	dumpSection	0	2
std.Build.Step.CheckObject.checkComputeCompare	4	fn	checkComputeCompare	0	3
std.Build.Step.ConfigHeader	3	ns	ConfigHeader	10	Build/Step/ConfigHeader.zig
std.Build.Step.ConfigHeader.Style	4	union	Style	1	
std.Build.Step.ConfigHeader.Style.getPath	5	fn	getPath	0	1
std.Build.Step.ConfigHeader.Value	4	union	Value	0	
std.Build.Step.ConfigHeader.base_id	4	const	base_id	0	
std.Build.Step.ConfigHeader.Options	4	struct	Options	0	
std.Build.Step.ConfigHeader.create	4	fn	create	0	2
std.Build.Step.ConfigHeader.addIdent	4	fn	addIdent	0	3
std.Build.Step.ConfigHeader.addValue	4	fn	addValue	0	4
std.Build.Step.ConfigHeader.addValues	4	fn	addValues	0	2
std.Build.Step.ConfigHeader.getOutputDir	4	fn	getOutputDir	0	1
std.Build.Step.ConfigHeader.getOutputFile	4	fn	getOutputFile	0	1
std.Build.Step.Fail	3	ns	Fail	2	Build/Step/Fail.zig
std.Build.Step.Fail.base_id	4	const	base_id	0	
std.Build.Step.Fail.create	4	fn	create	0	2
std.Build.Step.Fmt	3	ns	Fmt	3	Build/Step/Fmt.zig
std.Build.Step.Fmt.base_id	4	const	base_id	0	
std.Build.Step.Fmt.Options	4	struct	Options	0	
std.Build.Step.Fmt.create	4	fn	create	0	2
std.Build.Step.InstallArtifact	3	ns	InstallArtifact	3	Build/Step/InstallArtifact.zig
std.Build.Step.InstallArtifact.base_id	4	const	base_id	0	
std.Build.Step.InstallArtifact.Options	4	struct	Options	1	
std.Build.Step.InstallArtifact.Options.Dir	5	union	Dir	0	
std.Build.Step.InstallArtifact.create	4	fn	create	0	3
std.Build.Step.InstallDir	3	ns	InstallDir	3	Build/Step/InstallDir.zig
std.Build.Step.InstallDir.base_id	4	const	base_id	0	
std.Build.Step.InstallDir.Options	4	struct	Options	0	
std.Build.Step.InstallDir.create	4	fn	create	0	2
std.Build.Step.InstallFile	3	ns	InstallFile	2	Build/Step/InstallFile.zig
std.Build.Step.InstallFile.base_id	4	const	base_id	0	
std.Build.Step.InstallFile.create	4	fn	create	0	4
std.Build.Step.ObjCopy	3	ns	ObjCopy	11	Build/Step/ObjCopy.zig
std.Build.Step.ObjCopy.base_id	4	const	base_id	0	
std.Build.Step.ObjCopy.RawFormat	4	enum	RawFormat	0	
std.Build.Step.ObjCopy.Strip	4	enum	Strip	0	
std.Build.Step.ObjCopy.SectionFlags	4	struct	SectionFlags	0	
std.Build.Step.ObjCopy.AddSection	4	struct	AddSection	0	
std.Build.Step.ObjCopy.SetSectionAlignment	4	struct	SetSectionAlignment	0	
std.Build.Step.ObjCopy.SetSectionFlags	4	struct	SetSectionFlags	0	
std.Build.Step.ObjCopy.Options	4	struct	Options	0	
std.Build.Step.ObjCopy.create	4	fn	create	0	3
std.Build.Step.ObjCopy.getOutput	4	fn	getOutput	0	1
std.Build.Step.ObjCopy.getOutputSeparatedDebug	4	fn	getOutputSeparatedDebug	0	1
std.Build.Step.Compile	3	ns	Compile	44	Build/Step/Compile.zig
std.Build.Step.Compile.base_id	4	const	base_id	0	
std.Build.Step.Compile.ExpectedCompileErrors	4	union	ExpectedCompileErrors	0	
std.Build.Step.Compile.Entry	4	union	Entry	0	
std.Build.Step.Compile.Options	4	struct	Options	0	
std.Build.Step.Compile.Kind	4	enum	Kind	1	
std.Build.Step.Compile.Kind.isTest	5	fn	isTest	0	1
std.Build.Step.Compile.HeaderInstallation	4	union	HeaderInstallation	4	
std.Build.Step.Compile.HeaderInstallation.File	5	struct	File	1	
std.Build.Step.Compile.HeaderInstallation.File.dupe	6	fn	dupe	0	2
std.Build.Step.Compile.HeaderInstallation.Directory	5	struct	Directory	2	
std.Build.Step.Compile.HeaderInstallation.Directory.Options	6	struct	Options	1	
std.Build.Step.Compile.HeaderInstallation.Directory.Options.dupe	7	fn	dupe	0	2
std.Build.Step.Compile.HeaderInstallation.Directory.dupe	6	fn	dupe	0	2
std.Build.Step.Compile.HeaderInstallation.getSource	5	fn	getSource	0	1
std.Build.Step.Compile.HeaderInstallation.dupe	5	fn	dupe	0	2
std.Build.Step.Compile.TestRunner	4	struct	TestRunner	0	
std.Build.Step.Compile.create	4	fn	create	0	2
std.Build.Step.Compile.installHeader	4	fn	installHeader	0	3
std.Build.Step.Compile.installHeadersDirectory	4	fn	installHeadersDirectory	0	4
std.Build.Step.Compile.installConfigHeader	4	fn	installConfigHeader	0	2
std.Build.Step.Compile.installLibraryHeaders	4	fn	installLibraryHeaders	0	2
std.Build.Step.Compile.getEmittedIncludeTree	4	fn	getEmittedIncludeTree	0	1
std.Build.Step.Compile.addObjCopy	4	fn	addObjCopy	0	2
std.Build.Step.Compile.checkObject	4	fn	checkObject	0	1
std.Build.Step.Compile.setLinkerScript	4	fn	setLinkerScript	0	2
std.Build.Step.Compile.setVersionScript	4	fn	setVersionScript	0	2
std.Build.Step.Compile.forceUndefinedSymbol	4	fn	forceUndefinedSymbol	0	2
std.Build.Step.Compile.dependsOnSystemLibrary	4	fn	dependsOnSystemLibrary	0	2
std.Build.Step.Compile.isDynamicLibrary	4	fn	isDynamicLibrary	0	1
std.Build.Step.Compile.isStaticLibrary	4	fn	isStaticLibrary	0	1
std.Build.Step.Compile.isDll	4	fn	isDll	0	1
std.Build.Step.Compile.producesPdbFile	4	fn	producesPdbFile	0	1
std.Build.Step.Compile.producesCompilerRtDynLib	4	fn	producesCompilerRtDynLib	0	1
std.Build.Step.Compile.producesImplib	4	fn	producesImplib	0	1
std.Build.Step.Compile.runPkgConfig	4	fn	runPkgConfig	0	2
std.Build.Step.Compile.setVerboseLink	4	fn	setVerboseLink	0	2
std.Build.Step.Compile.setVerboseCC	4	fn	setVerboseCC	0	2
std.Build.Step.Compile.setLibCFile	4	fn	setLibCFile	0	2
std.Build.Step.Compile.getEmittedBinDirectory	4	fn	getEmittedBinDirectory	0	1
std.Build.Step.Compile.getEmittedBin	4	fn	getEmittedBin	0	1
std.Build.Step.Compile.getEmittedImplib	4	fn	getEmittedImplib	0	1
std.Build.Step.Compile.getEmittedH	4	fn	getEmittedH	0	1
std.Build.Step.Compile.getEmittedPdb	4	fn	getEmittedPdb	0	1
std.Build.Step.Compile.getEmittedCompilerRtDynLib	4	fn	getEmittedCompilerRtDynLib	0	1
std.Build.Step.Compile.getEmittedDocs	4	fn	getEmittedDocs	0	1
std.Build.Step.Compile.getEmittedAsm	4	fn	getEmittedAsm	0	1
std.Build.Step.Compile.getEmittedLlvmIr	4	fn	getEmittedLlvmIr	0	1
std.Build.Step.Compile.getEmittedLlvmBc	4	fn	getEmittedLlvmBc	0	1
std.Build.Step.Compile.setExecCmd	4	fn	setExecCmd	0	2
std.Build.Step.Compile.rebuildInFuzzMode	4	fn	rebuildInFuzzMode	0	3
std.Build.Step.Compile.doAtomicSymLinks	4	fn	doAtomicSymLinks	0	4
std.Build.Step.Compile.rootModuleTarget	4	fn	rootModuleTarget	0	1
std.Build.Step.Compile.getCompileDependencies	4	fn	getCompileDependencies	0	2
std.Build.Step.Options	3	ns	Options	6	Build/Step/Options.zig
std.Build.Step.Options.base_id	4	const	base_id	0	
std.Build.Step.Options.create	4	fn	create	0	1
std.Build.Step.Options.addOption	4	fn	addOption	0	4
std.Build.Step.Options.addOptionPath	4	fn	addOptionPath	0	3
std.Build.Step.Options.createModule	4	fn	createModule	0	1
std.Build.Step.Options.getOutput	4	fn	getOutput	0	1
std.Build.Step.Run	3	ns	Run	49	Build/Step/Run.zig
std.Build.Step.Run.base_id	4	const	base_id	0	
std.Build.Step.Run.Color	4	enum	Color	0	
std.Build.Step.Run.StdIn	4	union	StdIn	0	
std.Build.Step.Run.StdIo	4	union	StdIo	1	
std.Build.Step.Run.StdIo.Check	5	union	Check	0	
std.Build.Step.Run.Arg	4	union	Arg	0	
std.Build.Step.Run.PrefixedArtifact	4	struct	PrefixedArtifact	0	
std.Build.Step.Run.PrefixedLazyPath	4	struct	PrefixedLazyPath	0	
std.Build.Step.Run.DecoratedLazyPath	4	struct	DecoratedLazyPath	0	
std.Build.Step.Run.Output	4	struct	Output	0	
std.Build.Step.Run.CapturedStdIo	4	struct	CapturedStdIo	2	
std.Build.Step.Run.CapturedStdIo.Options	5	struct	Options	0	
std.Build.Step.Run.CapturedStdIo.TrimWhitespace	5	enum	TrimWhitespace	0	
std.Build.Step.Run.create	4	fn	create	0	2
std.Build.Step.Run.setName	4	fn	setName	0	2
std.Build.Step.Run.enableTestRunnerMode	4	fn	enableTestRunnerMode	0	1
std.Build.Step.Run.addArtifactArg	4	fn	addArtifactArg	0	2
std.Build.Step.Run.addPrefixedArtifactArg	4	fn	addPrefixedArtifactArg	0	3
std.Build.Step.Run.addOutputFileArg	4	fn	addOutputFileArg	0	2
std.Build.Step.Run.addPrefixedOutputFileArg	4	fn	addPrefixedOutputFileArg	0	3
std.Build.Step.Run.addFileArg	4	fn	addFileArg	0	2
std.Build.Step.Run.addPrefixedFileArg	4	fn	addPrefixedFileArg	0	3
std.Build.Step.Run.addFileContentArg	4	fn	addFileContentArg	0	2
std.Build.Step.Run.addPrefixedFileContentArg	4	fn	addPrefixedFileContentArg	0	3
std.Build.Step.Run.addOutputDirectoryArg	4	fn	addOutputDirectoryArg	0	2
std.Build.Step.Run.addPrefixedOutputDirectoryArg	4	fn	addPrefixedOutputDirectoryArg	0	3
std.Build.Step.Run.addDirectoryArg	4	fn	addDirectoryArg	0	2
std.Build.Step.Run.addPrefixedDirectoryArg	4	fn	addPrefixedDirectoryArg	0	3
std.Build.Step.Run.addDecoratedDirectoryArg	4	fn	addDecoratedDirectoryArg	0	4
std.Build.Step.Run.addDepFileOutputArg	4	fn	addDepFileOutputArg	0	2
std.Build.Step.Run.addPrefixedDepFileOutputArg	4	fn	addPrefixedDepFileOutputArg	0	3
std.Build.Step.Run.addArg	4	fn	addArg	0	2
std.Build.Step.Run.addArgs	4	fn	addArgs	0	2
std.Build.Step.Run.setStdIn	4	fn	setStdIn	0	2
std.Build.Step.Run.setCwd	4	fn	setCwd	0	2
std.Build.Step.Run.clearEnvironment	4	fn	clearEnvironment	0	1
std.Build.Step.Run.addPathDir	4	fn	addPathDir	0	2
std.Build.Step.Run.getEnvMap	4	fn	getEnvMap	0	1
std.Build.Step.Run.setEnvironmentVariable	4	fn	setEnvironmentVariable	0	3
std.Build.Step.Run.removeEnvironmentVariable	4	fn	removeEnvironmentVariable	0	2
std.Build.Step.Run.expectStdErrEqual	4	fn	expectStdErrEqual	0	2
std.Build.Step.Run.expectStdErrMatch	4	fn	expectStdErrMatch	0	2
std.Build.Step.Run.expectStdOutEqual	4	fn	expectStdOutEqual	0	2
std.Build.Step.Run.expectStdOutMatch	4	fn	expectStdOutMatch	0	2
std.Build.Step.Run.expectExitCode	4	fn	expectExitCode	0	2
std.Build.Step.Run.hasTermCheck	4	fn	hasTermCheck	0	1
std.Build.Step.Run.addCheck	4	fn	addCheck	0	2
std.Build.Step.Run.captureStdErr	4	fn	captureStdErr	0	2
std.Build.Step.Run.captureStdOut	4	fn	captureStdOut	0	2
std.Build.Step.Run.addFileInput	4	fn	addFileInput	0	2
std.Build.Step.Run.rerunInFuzzMode	4	fn	rerunInFuzzMode	0	3
std.Build.Step.Run.CachedTestMetadata	4	struct	CachedTestMetadata	1	
std.Build.Step.Run.CachedTestMetadata.testName	5	fn	testName	0	2
std.Build.Step.TranslateC	3	ns	TranslateC	17	Build/Step/TranslateC.zig
std.Build.Step.TranslateC.base_id	4	const	base_id	0	
std.Build.Step.TranslateC.Options	4	struct	Options	0	
std.Build.Step.TranslateC.create	4	fn	create	0	2
std.Build.Step.TranslateC.AddExecutableOptions	4	struct	AddExecutableOptions	0	
std.Build.Step.TranslateC.getOutput	4	fn	getOutput	0	1
std.Build.Step.TranslateC.addModule	4	fn	addModule	0	2
std.Build.Step.TranslateC.createModule	4	fn	createModule	0	1
std.Build.Step.TranslateC.addAfterIncludePath	4	fn	addAfterIncludePath	0	2
std.Build.Step.TranslateC.addSystemIncludePath	4	fn	addSystemIncludePath	0	2
std.Build.Step.TranslateC.addIncludePath	4	fn	addIncludePath	0	2
std.Build.Step.TranslateC.addConfigHeader	4	fn	addConfigHeader	0	2
std.Build.Step.TranslateC.addSystemFrameworkPath	4	fn	addSystemFrameworkPath	0	2
std.Build.Step.TranslateC.addFrameworkPath	4	fn	addFrameworkPath	0	2
std.Build.Step.TranslateC.addCheckFile	4	fn	addCheckFile	0	2
std.Build.Step.TranslateC.defineCMacro	4	fn	defineCMacro	0	3
std.Build.Step.TranslateC.defineCMacroRaw	4	fn	defineCMacroRaw	0	2
std.Build.Step.TranslateC.linkSystemLibrary	4	fn	linkSystemLibrary	0	3
std.Build.Step.WriteFile	3	ns	WriteFile	10	Build/Step/WriteFile.zig
std.Build.Step.WriteFile.base_id	4	const	base_id	0	
std.Build.Step.WriteFile.Mode	4	union	Mode	0	
std.Build.Step.WriteFile.File	4	struct	File	0	
std.Build.Step.WriteFile.Directory	4	struct	Directory	1	
std.Build.Step.WriteFile.Directory.Options	5	struct	Options	2	
std.Build.Step.WriteFile.Directory.Options.dupe	6	fn	dupe	0	2
std.Build.Step.WriteFile.Directory.Options.pathIncluded	6	fn	pathIncluded	0	2
std.Build.Step.WriteFile.Contents	4	union	Contents	0	
std.Build.Step.WriteFile.create	4	fn	create	0	1
std.Build.Step.WriteFile.add	4	fn	add	0	3
std.Build.Step.WriteFile.addCopyFile	4	fn	addCopyFile	0	3
std.Build.Step.WriteFile.addCopyDirectory	4	fn	addCopyDirectory	0	4
std.Build.Step.WriteFile.getDirectory	4	fn	getDirectory	0	1
std.Build.Step.UpdateSourceFiles	3	ns	UpdateSourceFiles	6	Build/Step/UpdateSourceFiles.zig
std.Build.Step.UpdateSourceFiles.base_id	4	const	base_id	0	
std.Build.Step.UpdateSourceFiles.OutputSourceFile	4	struct	OutputSourceFile	0	
std.Build.Step.UpdateSourceFiles.Contents	4	union	Contents	0	
std.Build.Step.UpdateSourceFiles.create	4	fn	create	0	1
std.Build.Step.UpdateSourceFiles.addCopyFileToSource	4	fn	addCopyFileToSource	0	3
std.Build.Step.UpdateSourceFiles.addBytesToSource	4	fn	addBytesToSource	0	3
std.Build.Step.Inputs	3	struct	Inputs	5	
std.Build.Step.Inputs.init	4	const	init	0	
std.Build.Step.Inputs.Table	4	const	Table	0	
std.Build.Step.Inputs.Files	4	const	Files	0	
std.Build.Step.Inputs.populated	4	fn	populated	0	1
std.Build.Step.Inputs.clear	4	fn	clear	0	2
std.Build.Step.StepOptions	3	struct	StepOptions	0	
std.Build.Step.init	3	fn	init	0	1
std.Build.Step.make	3	fn	make	0	2
std.Build.Step.dependOn	3	fn	dependOn	0	2
std.Build.Step.cast	3	fn	cast	0	2
std.Build.Step.dump	3	fn	dump	0	2
std.Build.Step.captureChildProcess	3	fn	captureChildProcess	0	4
std.Build.Step.fail	3	fn	fail	0	3
std.Build.Step.addError	3	fn	addError	0	3
std.Build.Step.ZigProcess	3	struct	ZigProcess	3	
std.Build.Step.ZigProcess.StreamEnum	4	enum	StreamEnum	0	
std.Build.Step.ZigProcess.saveState	4	fn	saveState	0	2
std.Build.Step.ZigProcess.deinit	4	fn	deinit	0	2
std.Build.Step.evalZigProcess	3	fn	evalZigProcess	0	6
std.Build.Step.installFile	3	fn	installFile	0	3
std.Build.Step.installDir	3	fn	installDir	0	2
std.Build.Step.getZigProcess	3	fn	getZigProcess	0	1
std.Build.Step.handleVerbose	3	fn	handleVerbose	0	3
std.Build.Step.handleVerbose2	3	fn	handleVerbose2	0	4
std.Build.Step.handleChildProcUnsupported	3	fn	handleChildProcUnsupported	0	1
std.Build.Step.handleChildProcessTerm	3	fn	handleChildProcessTerm	0	2
std.Build.Step.allocPrintCmd	3	fn	allocPrintCmd	0	4
std.Build.Step.cacheHit	3	fn	cacheHit	0	2
std.Build.Step.cacheHitAndWatch	3	fn	cacheHitAndWatch	0	2
std.Build.Step.writeManifest	3	fn	writeManifest	0	2
std.Build.Step.writeManifestAndWatch	3	fn	writeManifestAndWatch	0	2
std.Build.Step.singleUnchangingWatchInput	3	fn	singleUnchangingWatchInput	0	2
std.Build.Step.clearWatchInputs	3	fn	clearWatchInputs	0	1
std.Build.Step.addWatchInput	3	fn	addWatchInput	0	2
std.Build.Step.addDirectoryWatchInput	3	fn	addDirectoryWatchInput	0	2
std.Build.Step.addDirectoryWatchInputFromPath	3	fn	addDirectoryWatchInputFromPath	0	2
std.Build.Step.reset	3	fn	reset	0	2
std.Build.Step.invalidateResult	3	fn	invalidateResult	0	2
std.Build.Module	2	ns	Module	41	Build/Module.zig
std.Build.Module.RPath	3	union	RPath	0	
std.Build.Module.LinkObject	3	union	LinkObject	0	
std.Build.Module.SystemLib	3	struct	SystemLib	2	
std.Build.Module.SystemLib.UsePkgConfig	4	enum	UsePkgConfig	0	
std.Build.Module.SystemLib.SearchStrategy	4	enum	SearchStrategy	0	
std.Build.Module.CSourceLanguage	3	enum	CSourceLanguage	1	
std.Build.Module.CSourceLanguage.internalIdentifier	4	fn	internalIdentifier	0	1
std.Build.Module.CSourceFiles	3	struct	CSourceFiles	0	
std.Build.Module.CSourceFile	3	struct	CSourceFile	1	
std.Build.Module.CSourceFile.dupe	4	fn	dupe	0	2
std.Build.Module.RcSourceFile	3	struct	RcSourceFile	1	
std.Build.Module.RcSourceFile.dupe	4	fn	dupe	0	2
std.Build.Module.IncludeDir	3	union	IncludeDir	1	
std.Build.Module.IncludeDir.appendZigProcessFlags	4	fn	appendZigProcessFlags	0	4
std.Build.Module.LinkFrameworkOptions	3	struct	LinkFrameworkOptions	0	
std.Build.Module.CreateOptions	3	struct	CreateOptions	0	
std.Build.Module.Import	3	struct	Import	0	
std.Build.Module.init	3	fn	init	0	3
std.Build.Module.create	3	fn	create	0	2
std.Build.Module.addImport	3	fn	addImport	0	3
std.Build.Module.addAnonymousImport	3	fn	addAnonymousImport	0	3
std.Build.Module.addOptions	3	fn	addOptions	0	3
std.Build.Module.LinkSystemLibraryOptions	3	struct	LinkSystemLibraryOptions	0	
std.Build.Module.linkSystemLibrary	3	fn	linkSystemLibrary	0	3
std.Build.Module.linkFramework	3	fn	linkFramework	0	3
std.Build.Module.AddCSourceFilesOptions	3	struct	AddCSourceFilesOptions	0	
std.Build.Module.addCSourceFiles	3	fn	addCSourceFiles	0	2
std.Build.Module.addCSourceFile	3	fn	addCSourceFile	0	2
std.Build.Module.addWin32ResourceFile	3	fn	addWin32ResourceFile	0	2
std.Build.Module.addAssemblyFile	3	fn	addAssemblyFile	0	2
std.Build.Module.addObjectFile	3	fn	addObjectFile	0	2
std.Build.Module.addObject	3	fn	addObject	0	2
std.Build.Module.linkLibrary	3	fn	linkLibrary	0	2
std.Build.Module.addAfterIncludePath	3	fn	addAfterIncludePath	0	2
std.Build.Module.addSystemIncludePath	3	fn	addSystemIncludePath	0	2
std.Build.Module.addIncludePath	3	fn	addIncludePath	0	2
std.Build.Module.addConfigHeader	3	fn	addConfigHeader	0	2
std.Build.Module.addSystemFrameworkPath	3	fn	addSystemFrameworkPath	0	2
std.Build.Module.addFrameworkPath	3	fn	addFrameworkPath	0	2
std.Build.Module.addEmbedPath	3	fn	addEmbedPath	0	2
std.Build.Module.addLibraryPath	3	fn	addLibraryPath	0	2
std.Build.Module.addRPath	3	fn	addRPath	0	2
std.Build.Module.addRPathSpecial	3	fn	addRPathSpecial	0	2
std.Build.Module.addCMacro	3	fn	addCMacro	0	3
std.Build.Module.appendZigProcessFlags	3	fn	appendZigProcessFlags	0	3
std.Build.Module.Graph	3	struct	Graph	0	
std.Build.Module.getGraph	3	fn	getGraph	0	1
std.Build.Watch	2	ns	Watch	7	Build/Watch.zig
std.Build.Watch.have_impl	3	const	have_impl	0	
std.Build.Watch.init	3	fn	init	0	1
std.Build.Watch.Match	3	struct	Match	1	
std.Build.Watch.Match.Context	4	struct	Context	2	
std.Build.Watch.Match.Context.hash	5	fn	hash	0	2
std.Build.Watch.Match.Context.eql	5	fn	eql	0	4
std.Build.Watch.update	3	fn	update	0	3
std.Build.Watch.Timeout	3	union	Timeout	2	
std.Build.Watch.Timeout.to_i32_ms	4	fn	to_i32_ms	0	1
std.Build.Watch.Timeout.toTimespec	4	fn	toTimespec	0	2
std.Build.Watch.WaitResult	3	enum	WaitResult	0	
std.Build.Watch.wait	3	fn	wait	0	4
std.Build.Fuzz	2	ns	Fuzz	8	Build/Fuzz.zig
std.Build.Fuzz.Mode	3	union	Mode	1	
std.Build.Fuzz.Mode.Limited	4	struct	Limited	0	
std.Build.Fuzz.init	3	fn	init	0	5
std.Build.Fuzz.start	3	fn	start	0	1
std.Build.Fuzz.deinit	3	fn	deinit	0	1
std.Build.Fuzz.serveSourcesTar	3	fn	serveSourcesTar	0	2
std.Build.Fuzz.Previous	3	struct	Previous	1	
std.Build.Fuzz.Previous.init	4	const	init	0	
std.Build.Fuzz.sendUpdate	3	fn	sendUpdate	0	3
std.Build.Fuzz.waitAndPrintReport	3	fn	waitAndPrintReport	0	1
std.Build.WebServer	2	ns	WebServer	17	Build/WebServer.zig
std.Build.WebServer.base_clock	3	const	base_clock	0	
std.Build.WebServer.notifyUpdate	3	fn	notifyUpdate	0	1
std.Build.WebServer.Options	3	struct	Options	0	
std.Build.WebServer.init	3	fn	init	0	1
std.Build.WebServer.deinit	3	fn	deinit	0	1
std.Build.WebServer.start	3	fn	start	0	1
std.Build.WebServer.startBuild	3	fn	startBuild	0	1
std.Build.WebServer.updateStepStatus	3	fn	updateStepStatus	0	3
std.Build.WebServer.finishBuild	3	fn	finishBuild	0	2
std.Build.WebServer.now	3	fn	now	0	1
std.Build.WebServer.serveFile	3	fn	serveFile	0	4
std.Build.WebServer.serveTarFile	3	fn	serveTarFile	0	3
std.Build.WebServer.updateTimeReportCompile	3	fn	updateTimeReportCompile	0	2
std.Build.WebServer.updateTimeReportGeneric	3	fn	updateTimeReportGeneric	0	3
std.Build.WebServer.updateTimeReportRunTest	3	fn	updateTimeReportRunTest	0	4
std.Build.WebServer.getRunnerRequest	3	fn	getRunnerRequest	0	1
std.Build.WebServer.wait	3	fn	wait	0	1
std.Build.abi	2	ns	abi	9	Build/abi.zig
std.Build.abi.ToClientTag	3	enum	ToClientTag	0	
std.Build.abi.ToServerTag	3	enum	ToServerTag	0	
std.Build.abi.BuildStatus	3	enum	BuildStatus	0	
std.Build.abi.Hello	3	struct	Hello	1	
std.Build.abi.Hello.Flags	4	struct	Flags	0	
std.Build.abi.StatusUpdate	3	struct	StatusUpdate	0	
std.Build.abi.StepUpdate	3	struct	StepUpdate	1	
std.Build.abi.StepUpdate.Status	4	enum	Status	0	
std.Build.abi.Rebuild	3	struct	Rebuild	0	
std.Build.abi.fuzz	3	struct	fuzz	13	
std.Build.abi.fuzz.TestOne	4	const	TestOne	0	
std.Build.abi.fuzz.Uid	4	struct	Uid	1	
std.Build.abi.fuzz.Uid.hashmap_ctx	5	struct	hashmap_ctx	2	
std.Build.abi.fuzz.Uid.hashmap_ctx.hash	6	fn	hash	0	2
std.Build.abi.fuzz.Uid.hashmap_ctx.eql	6	fn	eql	0	4
std.Build.abi.fuzz.Slice	4	struct	Slice	2	
std.Build.abi.fuzz.Slice.toSlice	5	fn	toSlice	0	1
std.Build.abi.fuzz.Slice.fromSlice	5	fn	fromSlice	0	1
std.Build.abi.fuzz.MutSlice	4	struct	MutSlice	2	
std.Build.abi.fuzz.MutSlice.toSlice	5	fn	toSlice	0	1
std.Build.abi.fuzz.MutSlice.fromSlice	5	fn	fromSlice	0	1
std.Build.abi.fuzz.Weights	4	struct	Weights	2	
std.Build.abi.fuzz.Weights.toSlice	5	fn	toSlice	0	1
std.Build.abi.fuzz.Weights.fromSlice	5	fn	fromSlice	0	1
std.Build.abi.fuzz.Weight	4	struct	Weight	3	
std.Build.abi.fuzz.Weight.value	5	fn	value	0	3
std.Build.abi.fuzz.Weight.rangeAtMost	5	fn	rangeAtMost	0	4
std.Build.abi.fuzz.Weight.rangeLessThan	5	fn	rangeLessThan	0	4
std.Build.abi.fuzz.LimitKind	4	enum	LimitKind	0	
std.Build.abi.fuzz.SeenPcsHeader	4	struct	SeenPcsHeader	5	
std.Build.abi.fuzz.SeenPcsHeader.trailing	5	const	trailing	0	
std.Build.abi.fuzz.SeenPcsHeader.headerEnd	5	fn	headerEnd	0	1
std.Build.abi.fuzz.SeenPcsHeader.seenBits	5	fn	seenBits	0	1
std.Build.abi.fuzz.SeenPcsHeader.seenElemsLen	5	fn	seenElemsLen	0	1
std.Build.abi.fuzz.SeenPcsHeader.pcAddrs	5	fn	pcAddrs	0	1
std.Build.abi.fuzz.MmapInputHeader	4	struct	MmapInputHeader	0	
std.Build.abi.fuzz.SourceIndexHeader	4	struct	SourceIndexHeader	0	
std.Build.abi.fuzz.CoverageUpdateHeader	4	struct	CoverageUpdateHeader	1	
std.Build.abi.fuzz.CoverageUpdateHeader.trailing	5	const	trailing	0	
std.Build.abi.fuzz.EntryPointHeader	4	struct	EntryPointHeader	2	
std.Build.abi.fuzz.EntryPointHeader.locsLen	5	fn	locsLen	0	1
std.Build.abi.fuzz.EntryPointHeader.init	5	fn	init	0	1
std.Build.abi.fuzz.Coverage	4	struct	Coverage	0	
std.Build.abi.time_report	3	struct	time_report	3	
std.Build.abi.time_report.GenericResult	4	struct	GenericResult	0	
std.Build.abi.time_report.CompileResult	4	struct	CompileResult	2	
std.Build.abi.time_report.CompileResult.Flags	5	struct	Flags	0	
std.Build.abi.time_report.CompileResult.Stats	5	struct	Stats	1	
std.Build.abi.time_report.CompileResult.Stats.init	6	const	init	0	
std.Build.abi.time_report.RunTestResult	4	struct	RunTestResult	0	
std.Build.ReleaseMode	2	enum	ReleaseMode	0	
std.Build.Graph	2	struct	Graph	0	
std.Build.RunError	2	const	RunError	0	
std.Build.PkgConfigError	2	const	PkgConfigError	0	
std.Build.PkgConfigPkg	2	struct	PkgConfigPkg	0	
std.Build.DirList	2	struct	DirList	0	
std.Build.create	2	fn	create	0	4
std.Build.resolveInstallPrefix	2	fn	resolveInstallPrefix	0	3
std.Build.addOptions	2	fn	addOptions	0	1
std.Build.ExecutableOptions	2	struct	ExecutableOptions	0	
std.Build.addExecutable	2	fn	addExecutable	0	2
std.Build.ObjectOptions	2	struct	ObjectOptions	0	
std.Build.addObject	2	fn	addObject	0	2
std.Build.LibraryOptions	2	struct	LibraryOptions	0	
std.Build.addLibrary	2	fn	addLibrary	0	2
std.Build.TestOptions	2	struct	TestOptions	0	
std.Build.addTest	2	fn	addTest	0	2
std.Build.AssemblyOptions	2	struct	AssemblyOptions	0	
std.Build.addModule	2	fn	addModule	0	3
std.Build.createModule	2	fn	createModule	0	2
std.Build.addSystemCommand	2	fn	addSystemCommand	0	2
std.Build.addRunArtifact	2	fn	addRunArtifact	0	2
std.Build.addConfigHeader	2	fn	addConfigHeader	0	3
std.Build.dupe	2	fn	dupe	0	2
std.Build.dupeInner	2	fn	dupeInner	0	2
std.Build.dupeStrings	2	fn	dupeStrings	0	2
std.Build.dupePath	2	fn	dupePath	0	2
std.Build.addWriteFile	2	fn	addWriteFile	0	3
std.Build.addNamedWriteFiles	2	fn	addNamedWriteFiles	0	2
std.Build.addNamedLazyPath	2	fn	addNamedLazyPath	0	3
std.Build.addTempFiles	2	fn	addTempFiles	0	1
std.Build.addMutateFiles	2	fn	addMutateFiles	0	2
std.Build.addWriteFiles	2	fn	addWriteFiles	0	1
std.Build.addUpdateSourceFiles	2	fn	addUpdateSourceFiles	0	1
std.Build.addFail	2	fn	addFail	0	2
std.Build.addFmt	2	fn	addFmt	0	2
std.Build.addTranslateC	2	fn	addTranslateC	0	2
std.Build.getInstallStep	2	fn	getInstallStep	0	1
std.Build.getUninstallStep	2	fn	getUninstallStep	0	1
std.Build.option	2	fn	option	0	4
std.Build.step	2	fn	step	0	3
std.Build.StandardOptimizeOptionOptions	2	struct	StandardOptimizeOptionOptions	0	
std.Build.standardOptimizeOption	2	fn	standardOptimizeOption	0	2
std.Build.StandardTargetOptionsArgs	2	struct	StandardTargetOptionsArgs	0	
std.Build.standardTargetOptions	2	fn	standardTargetOptions	0	2
std.Build.parseTargetQuery	2	fn	parseTargetQuery	0	1
std.Build.standardTargetOptionsQueryOnly	2	fn	standardTargetOptionsQueryOnly	0	2
std.Build.addUserInputOption	2	fn	addUserInputOption	0	3
std.Build.addUserInputFlag	2	fn	addUserInputFlag	0	2
std.Build.validateUserInputDidItFail	2	fn	validateUserInputDidItFail	0	1
std.Build.installArtifact	2	fn	installArtifact	0	2
std.Build.addInstallArtifact	2	fn	addInstallArtifact	0	3
std.Build.installFile	2	fn	installFile	0	3
std.Build.installDirectory	2	fn	installDirectory	0	2
std.Build.installBinFile	2	fn	installBinFile	0	3
std.Build.installLibFile	2	fn	installLibFile	0	3
std.Build.addObjCopy	2	fn	addObjCopy	0	3
std.Build.addInstallFile	2	fn	addInstallFile	0	3
std.Build.addInstallBinFile	2	fn	addInstallBinFile	0	3
std.Build.addInstallLibFile	2	fn	addInstallLibFile	0	3
std.Build.addInstallHeaderFile	2	fn	addInstallHeaderFile	0	3
std.Build.addInstallFileWithDir	2	fn	addInstallFileWithDir	0	4
std.Build.addInstallDirectory	2	fn	addInstallDirectory	0	2
std.Build.addCheckFile	2	fn	addCheckFile	0	3
std.Build.truncateFile	2	fn	truncateFile	0	2
std.Build.path	2	fn	path	0	2
std.Build.pathFromRoot	2	fn	pathFromRoot	0	2
std.Build.pathJoin	2	fn	pathJoin	0	2
std.Build.pathResolve	2	fn	pathResolve	0	2
std.Build.fmt	2	fn	fmt	0	3
std.Build.findProgram	2	fn	findProgram	0	3
std.Build.runAllowFail	2	fn	runAllowFail	0	4
std.Build.run	2	fn	run	0	2
std.Build.addSearchPrefix	2	fn	addSearchPrefix	0	2
std.Build.getInstallPath	2	fn	getInstallPath	0	3
std.Build.Dependency	2	struct	Dependency	5	
std.Build.Dependency.artifact	3	fn	artifact	0	2
std.Build.Dependency.module	3	fn	module	0	2
std.Build.Dependency.namedWriteFiles	3	fn	namedWriteFiles	0	2
std.Build.Dependency.namedLazyPath	3	fn	namedLazyPath	0	2
std.Build.Dependency.path	3	fn	path	0	2
std.Build.lazyDependency	2	fn	lazyDependency	0	3
std.Build.dependency	2	fn	dependency	0	3
std.Build.lazyImport	2	fn	lazyImport	0	3
std.Build.dependencyFromBuildZig	2	fn	dependencyFromBuildZig	0	3
std.Build.runBuild	2	fn	runBuild	0	2
std.Build.GeneratedFile	2	struct	GeneratedFile	3	
std.Build.GeneratedFile.getPath	3	fn	getPath	0	1
std.Build.GeneratedFile.getPath2	3	fn	getPath2	0	3
std.Build.GeneratedFile.getPath3	3	fn	getPath3	0	3
std.Build.LazyPath	2	union	LazyPath	11	
std.Build.LazyPath.dirname	3	fn	dirname	0	1
std.Build.LazyPath.path	3	fn	path	0	3
std.Build.LazyPath.join	3	fn	join	0	3
std.Build.LazyPath.getDisplayName	3	fn	getDisplayName	0	1
std.Build.LazyPath.addStepDependencies	3	fn	addStepDependencies	0	2
std.Build.LazyPath.getPath	3	fn	getPath	0	2
std.Build.LazyPath.getPath2	3	fn	getPath2	0	3
std.Build.LazyPath.getPath3	3	fn	getPath3	0	3
std.Build.LazyPath.getPath4	3	fn	getPath4	0	3
std.Build.LazyPath.basename	3	fn	basename	0	3
std.Build.LazyPath.dupe	3	fn	dupe	0	2
std.Build.dumpBadGetPathHelp	2	fn	dumpBadGetPathHelp	0	4
std.Build.InstallDir	2	union	InstallDir	1	
std.Build.InstallDir.dupe	3	fn	dupe	0	2
std.Build.tmpPath	2	fn	tmpPath	0	1
std.Build.ResolvedTarget	2	struct	ResolvedTarget	0	
std.Build.resolveTargetQuery	2	fn	resolveTargetQuery	0	2
std.Build.wantSharedLibSymLinks	2	fn	wantSharedLibSymLinks	0	1
std.Build.SystemIntegrationOptionConfig	2	struct	SystemIntegrationOptionConfig	0	
std.Build.systemIntegrationOption	2	fn	systemIntegrationOption	0	3
std.BufMap	1	struct	BufMap	9	
std.BufMap.init	2	fn	init	0	1
std.BufMap.deinit	2	fn	deinit	0	1
std.BufMap.putMove	2	fn	putMove	0	3
std.BufMap.put	2	fn	put	0	3
std.BufMap.getPtr	2	fn	getPtr	0	2
std.BufMap.get	2	fn	get	0	2
std.BufMap.remove	2	fn	remove	0	2
std.BufMap.count	2	fn	count	0	1
std.BufMap.iterator	2	fn	iterator	0	1
std.BufSet	1	struct	BufSet	11	
std.BufSet.Iterator	2	alias	Iterator	0	BufSetHashMap.KeyIterator
std.BufSet.init	2	fn	init	0	1
std.BufSet.deinit	2	fn	deinit	0	1
std.BufSet.insert	2	fn	insert	0	2
std.BufSet.contains	2	fn	contains	0	2
std.BufSet.remove	2	fn	remove	0	2
std.BufSet.count	2	fn	count	0	1
std.BufSet.iterator	2	fn	iterator	0	1
std.BufSet.allocator	2	fn	allocator	0	1
std.BufSet.cloneWithAllocator	2	fn	cloneWithAllocator	0	2
std.BufSet.clone	2	fn	clone	0	1
std.StaticStringMap	1	alias	StaticStringMap	0	static_string_map.StaticStringMap
std.StaticStringMapWithEql	1	alias	StaticStringMapWithEql	0	static_string_map.StaticStringMapWithEql
std.Deque	1	fn	Deque	0	1
std.DoublyLinkedList	1	ns	DoublyLinkedList	10	DoublyLinkedList.zig
std.DoublyLinkedList.Node	2	struct	Node	0	
std.DoublyLinkedList.insertAfter	2	fn	insertAfter	0	3
std.DoublyLinkedList.insertBefore	2	fn	insertBefore	0	3
std.DoublyLinkedList.concatByMoving	2	fn	concatByMoving	0	2
std.DoublyLinkedList.append	2	fn	append	0	2
std.DoublyLinkedList.prepend	2	fn	prepend	0	2
std.DoublyLinkedList.remove	2	fn	remove	0	2
std.DoublyLinkedList.pop	2	fn	pop	0	1
std.DoublyLinkedList.popFirst	2	fn	popFirst	0	1
std.DoublyLinkedList.len	2	fn	len	0	1
std.DynLib	1	struct	DynLib	5	
std.DynLib.Error	2	const	Error	0	
std.DynLib.open	2	fn	open	0	1
std.DynLib.openZ	2	fn	openZ	0	1
std.DynLib.close	2	fn	close	0	1
std.DynLib.lookup	2	fn	lookup	0	3
std.DynamicBitSet	1	alias	DynamicBitSet	0	bit_set.DynamicBitSet
std.DynamicBitSetUnmanaged	1	alias	DynamicBitSetUnmanaged	0	bit_set.DynamicBitSetUnmanaged
std.EnumArray	1	alias	EnumArray	0	enums.EnumArray
std.EnumMap	1	alias	EnumMap	0	enums.EnumMap
std.EnumSet	1	alias	EnumSet	0	enums.EnumSet
std.HashMap	1	alias	HashMap	0	hash_map.HashMap
std.HashMapUnmanaged	1	alias	HashMapUnmanaged	0	hash_map.HashMapUnmanaged
std.Io	1	ns	Io	166	Io.zig
std.Io.Threaded	2	ns	Threaded	69	Io/Threaded.zig
std.Io.Threaded.Csprng	3	struct	Csprng	3	
std.Io.Threaded.Csprng.uninitialized	4	const	uninitialized	0	
std.Io.Threaded.Csprng.seed_len	4	alias	seed_len	0	std.Random.DefaultCsprng.secret_seed_length
std.Io.Threaded.Csprng.isInitialized	4	fn	isInitialized	0	1
std.Io.Threaded.Argv0	3	const	Argv0	0	
std.Io.Threaded.Environ	3	struct	Environ	5	
std.Io.Threaded.Environ.empty	4	const	empty	0	
std.Io.Threaded.Environ.Error	4	const	Error	0	
std.Io.Threaded.Environ.Exist	4	struct	Exist	0	
std.Io.Threaded.Environ.String	4	const	String	0	
std.Io.Threaded.Environ.scan	4	fn	scan	0	2
std.Io.Threaded.NullFile	3	const	NullFile	0	
std.Io.Threaded.RandomFile	3	const	RandomFile	0	
std.Io.Threaded.PipeFile	3	const	PipeFile	0	
std.Io.Threaded.Pid	3	const	Pid	0	
std.Io.Threaded.UseSendfile	3	const	UseSendfile	0	
std.Io.Threaded.UseCopyFileRange	3	const	UseCopyFileRange	0	
std.Io.Threaded.UseFcopyfile	3	const	UseFcopyfile	0	
std.Io.Threaded.UseFchmodat2	3	const	UseFchmodat2	0	
std.Io.Threaded.apc_align	3	const	apc_align	0	
std.Io.Threaded.waitForApcOrAlert	3	fn	waitForApcOrAlert	0	0
std.Io.Threaded.max_iovecs_len	3	const	max_iovecs_len	0	
std.Io.Threaded.splat_buffer_size	3	const	splat_buffer_size	0	
std.Io.Threaded.default_PATH	3	const	default_PATH	0	
std.Io.Threaded.InitOptions	3	struct	InitOptions	0	
std.Io.Threaded.init	3	fn	init	0	2
std.Io.Threaded.init_single_threaded	3	const	init_single_threaded	0	
std.Io.Threaded.global_single_threaded	3	const	global_single_threaded	0	
std.Io.Threaded.setAsyncLimit	3	fn	setAsyncLimit	0	2
std.Io.Threaded.deinit	3	fn	deinit	0	1
std.Io.Threaded.io	3	fn	io	0	1
std.Io.Threaded.socket_flags_unsupported	3	const	socket_flags_unsupported	0	
std.Io.Threaded.dirOpenFileWtf16	3	fn	dirOpenFileWtf16	0	3
std.Io.Threaded.dirOpenDirWindows	3	fn	dirOpenDirWindows	0	3
std.Io.Threaded.GetFinalPathNameByHandleFormat	3	struct	GetFinalPathNameByHandleFormat	0	
std.Io.Threaded.GetFinalPathNameByHandleError	3	const	GetFinalPathNameByHandleError	0	
std.Io.Threaded.GetFinalPathNameByHandle	3	fn	GetFinalPathNameByHandle	0	3
std.Io.Threaded.QueryObjectNameError	3	const	QueryObjectNameError	0	
std.Io.Threaded.QueryObjectName	3	fn	QueryObjectName	0	2
std.Io.Threaded.wToPrefixedFileW	3	fn	wToPrefixedFileW	0	3
std.Io.Threaded.Wtf8ToPrefixedFileWError	3	alias	Wtf8ToPrefixedFileWError	0	Wtf16ToPrefixedFileWError
std.Io.Threaded.sliceToPrefixedFileW	3	fn	sliceToPrefixedFileW	0	3
std.Io.Threaded.WindowsPathSpace	3	struct	WindowsPathSpace	2	
std.Io.Threaded.WindowsPathSpace.span	4	fn	span	0	1
std.Io.Threaded.WindowsPathSpace.string	4	fn	string	0	1
std.Io.Threaded.PosixAddress	3	union	PosixAddress	0	
std.Io.Threaded.posixAddressFamily	3	fn	posixAddressFamily	0	1
std.Io.Threaded.addressFromPosix	3	fn	addressFromPosix	0	1
std.Io.Threaded.addressToPosix	3	fn	addressToPosix	0	2
std.Io.Threaded.errnoBug	3	fn	errnoBug	0	1
std.Io.Threaded.posixSocketModeProtocol	3	fn	posixSocketModeProtocol	0	3
std.Io.Threaded.recoverableOsBugDetected	3	fn	recoverableOsBugDetected	0	0
std.Io.Threaded.clockToPosix	3	fn	clockToPosix	0	1
std.Io.Threaded.linux_statx_request	3	const	linux_statx_request	0	
std.Io.Threaded.linux_statx_check	3	const	linux_statx_check	0	
std.Io.Threaded.statFromLinux	3	fn	statFromLinux	0	1
std.Io.Threaded.statxKind	3	fn	statxKind	0	1
std.Io.Threaded.statFromPosix	3	fn	statFromPosix	0	1
std.Io.Threaded.timestampFromPosix	3	fn	timestampFromPosix	0	1
std.Io.Threaded.nanosecondsFromPosix	3	fn	nanosecondsFromPosix	0	1
std.Io.Threaded.setTimestampToPosix	3	fn	setTimestampToPosix	0	1
std.Io.Threaded.pathToPosix	3	fn	pathToPosix	0	2
std.Io.Threaded.statusToTerm	3	fn	statusToTerm	0	1
std.Io.Threaded.posixExecvPath	3	fn	posixExecvPath	0	3
std.Io.Threaded.CreatePipeOptions	3	struct	CreatePipeOptions	1	
std.Io.Threaded.CreatePipeOptions.End	4	struct	End	0	
std.Io.Threaded.windowsCreatePipe	3	fn	windowsCreatePipe	0	2
std.Io.Threaded.environString	3	fn	environString	0	2
std.Io.Threaded.fallbackSeed	3	fn	fallbackSeed	0	2
std.Io.Threaded.PipeError	3	const	PipeError	0	
std.Io.Threaded.pipe2	3	fn	pipe2	0	1
std.Io.Threaded.DupError	3	const	DupError	0	
std.Io.Threaded.dup2	3	fn	dup2	0	2
std.Io.Threaded.FchdirError	3	const	FchdirError	0	
std.Io.Threaded.fchdir	3	fn	fchdir	0	1
std.Io.Threaded.ChdirError	3	const	ChdirError	0	
std.Io.Threaded.chdir	3	fn	chdir	0	1
std.Io.Threaded.mutexLock	3	fn	mutexLock	0	1
std.Io.Threaded.mutexUnlock	3	fn	mutexUnlock	0	1
std.Io.Threaded.closeFd	3	fn	closeFd	0	1
std.Io.fiber	2	ns	fiber	4	Io/fiber.zig
std.Io.fiber.supported	3	const	supported	0	
std.Io.fiber.Context	3	const	Context	0	
std.Io.fiber.Switch	3	struct	Switch	0	
std.Io.fiber.contextSwitch	3	fn	contextSwitch	0	1
std.Io.Evented	2	const	Evented	0	
std.Io.Dispatch	2	ns	Dispatch	5	Io/Dispatch.zig
std.Io.Dispatch.allocator	3	fn	allocator	0	1
std.Io.Dispatch.io	3	fn	io	0	1
std.Io.Dispatch.InitOptions	3	struct	InitOptions	0	
std.Io.Dispatch.init	3	fn	init	0	3
std.Io.Dispatch.deinit	3	fn	deinit	0	1
std.Io.Kqueue	2	ns	Kqueue	9	Io/Kqueue.zig
std.Io.Kqueue.InitOptions	3	struct	InitOptions	0	
std.Io.Kqueue.InitError	3	const	InitError	0	
std.Io.Kqueue.init	3	fn	init	0	3
std.Io.Kqueue.deinit	3	fn	deinit	0	1
std.Io.Kqueue.CreateFileDescriptorError	3	const	CreateFileDescriptorError	0	
std.Io.Kqueue.createFileDescriptor	3	fn	createFileDescriptor	0	0
std.Io.Kqueue.io	3	fn	io	0	1
std.Io.Kqueue.KEventError	3	const	KEventError	0	
std.Io.Kqueue.kevent	3	fn	kevent	0	4
std.Io.Uring	2	ns	Uring	10	Io/Uring.zig
std.Io.Uring.allocator	3	fn	allocator	0	1
std.Io.Uring.io	3	fn	io	0	1
std.Io.Uring.InitOptions	3	struct	InitOptions	0	
std.Io.Uring.init	3	fn	init	0	3
std.Io.Uring.deinit	3	fn	deinit	0	1
std.Io.Uring.PipeError	3	const	PipeError	0	
std.Io.Uring.pipe2	3	fn	pipe2	0	1
std.Io.Uring.DupError	3	const	DupError	0	
std.Io.Uring.dup2	3	fn	dup2	0	3
std.Io.Uring.execvPath	3	fn	execvPath	0	4
std.Io.Reader	2	ns	Reader	90	Io/Reader.zig
std.Io.Reader.Limited	3	ns	Limited	1	Io/Reader/Limited.zig
std.Io.Reader.Limited.init	4	fn	init	0	3
std.Io.Reader.VTable	3	struct	VTable	0	
std.Io.Reader.StreamError	3	const	StreamError	0	
std.Io.Reader.Error	3	const	Error	0	
std.Io.Reader.StreamRemainingError	3	const	StreamRemainingError	0	
std.Io.Reader.ShortError	3	const	ShortError	0	
std.Io.Reader.RebaseError	3	alias	RebaseError	0	Error
std.Io.Reader.failing	3	const	failing	0	
std.Io.Reader.ending_instance	3	const	ending_instance	0	
std.Io.Reader.ending	3	const	ending	0	
std.Io.Reader.limited	3	fn	limited	0	3
std.Io.Reader.fixed	3	fn	fixed	0	1
std.Io.Reader.stream	3	fn	stream	0	3
std.Io.Reader.discard	3	fn	discard	0	2
std.Io.Reader.defaultDiscard	3	fn	defaultDiscard	0	2
std.Io.Reader.streamExact	3	fn	streamExact	0	3
std.Io.Reader.streamExact64	3	fn	streamExact64	0	3
std.Io.Reader.streamExactPreserve	3	fn	streamExactPreserve	0	4
std.Io.Reader.streamRemaining	3	fn	streamRemaining	0	2
std.Io.Reader.discardRemaining	3	fn	discardRemaining	0	1
std.Io.Reader.LimitedAllocError	3	const	LimitedAllocError	0	
std.Io.Reader.allocRemaining	3	fn	allocRemaining	0	3
std.Io.Reader.allocRemainingAlignedSentinel	3	fn	allocRemainingAlignedSentinel	0	5
std.Io.Reader.AppendExactError	3	const	AppendExactError	0	
std.Io.Reader.appendExact	3	fn	appendExact	0	4
std.Io.Reader.appendRemaining	3	fn	appendRemaining	0	4
std.Io.Reader.appendRemainingAligned	3	fn	appendRemainingAligned	0	5
std.Io.Reader.UnlimitedAllocError	3	const	UnlimitedAllocError	0	
std.Io.Reader.appendRemainingUnlimited	3	fn	appendRemainingUnlimited	0	3
std.Io.Reader.readVec	3	fn	readVec	0	2
std.Io.Reader.defaultReadVec	3	fn	defaultReadVec	0	2
std.Io.Reader.buffered	3	fn	buffered	0	1
std.Io.Reader.bufferedLen	3	fn	bufferedLen	0	1
std.Io.Reader.hashed	3	fn	hashed	0	3
std.Io.Reader.readVecAll	3	fn	readVecAll	0	2
std.Io.Reader.peek	3	fn	peek	0	2
std.Io.Reader.peekGreedy	3	fn	peekGreedy	0	2
std.Io.Reader.toss	3	fn	toss	0	2
std.Io.Reader.tossBuffered	3	fn	tossBuffered	0	1
std.Io.Reader.take	3	fn	take	0	2
std.Io.Reader.takeArray	3	fn	takeArray	0	2
std.Io.Reader.peekArray	3	fn	peekArray	0	2
std.Io.Reader.discardAll	3	fn	discardAll	0	2
std.Io.Reader.discardAll64	3	fn	discardAll64	0	2
std.Io.Reader.discardShort	3	fn	discardShort	0	2
std.Io.Reader.readSliceAll	3	fn	readSliceAll	0	2
std.Io.Reader.readSliceShort	3	fn	readSliceShort	0	2
std.Io.Reader.readSliceEndian	3	fn	readSliceEndian	0	4
std.Io.Reader.ReadAllocError	3	const	ReadAllocError	0	
std.Io.Reader.readSliceEndianAlloc	3	fn	readSliceEndianAlloc	0	5
std.Io.Reader.readAlloc	3	fn	readAlloc	0	3
std.Io.Reader.DelimiterError	3	const	DelimiterError	0	
std.Io.Reader.takeSentinel	3	fn	takeSentinel	0	2
std.Io.Reader.peekSentinel	3	fn	peekSentinel	0	2
std.Io.Reader.takeDelimiterInclusive	3	fn	takeDelimiterInclusive	0	2
std.Io.Reader.peekDelimiterInclusive	3	fn	peekDelimiterInclusive	0	2
std.Io.Reader.takeDelimiterExclusive	3	fn	takeDelimiterExclusive	0	2
std.Io.Reader.takeDelimiter	3	fn	takeDelimiter	0	2
std.Io.Reader.peekDelimiterExclusive	3	fn	peekDelimiterExclusive	0	2
std.Io.Reader.streamDelimiter	3	fn	streamDelimiter	0	3
std.Io.Reader.streamDelimiterEnding	3	fn	streamDelimiterEnding	0	3
std.Io.Reader.StreamDelimiterLimitError	3	const	StreamDelimiterLimitError	0	
std.Io.Reader.streamDelimiterLimit	3	fn	streamDelimiterLimit	0	4
std.Io.Reader.discardDelimiterInclusive	3	fn	discardDelimiterInclusive	0	2
std.Io.Reader.discardDelimiterExclusive	3	fn	discardDelimiterExclusive	0	2
std.Io.Reader.DiscardDelimiterLimitError	3	const	DiscardDelimiterLimitError	0	
std.Io.Reader.discardDelimiterLimit	3	fn	discardDelimiterLimit	0	3
std.Io.Reader.fill	3	fn	fill	0	2
std.Io.Reader.fillMore	3	fn	fillMore	0	1
std.Io.Reader.peekByte	3	fn	peekByte	0	1
std.Io.Reader.takeByte	3	fn	takeByte	0	1
std.Io.Reader.takeByteSigned	3	fn	takeByteSigned	0	1
std.Io.Reader.takeInt	3	fn	takeInt	0	3
std.Io.Reader.peekInt	3	fn	peekInt	0	3
std.Io.Reader.takeVarInt	3	fn	takeVarInt	0	4
std.Io.Reader.takeStructPointer	3	fn	takeStructPointer	0	2
std.Io.Reader.peekStructPointer	3	fn	peekStructPointer	0	2
std.Io.Reader.takeStruct	3	fn	takeStruct	0	3
std.Io.Reader.peekStruct	3	fn	peekStruct	0	3
std.Io.Reader.TakeEnumError	3	const	TakeEnumError	0	
std.Io.Reader.takeEnum	3	fn	takeEnum	0	3
std.Io.Reader.takeEnumNonexhaustive	3	fn	takeEnumNonexhaustive	0	3
std.Io.Reader.TakeLeb128Error	3	const	TakeLeb128Error	0	
std.Io.Reader.takeLeb128	3	fn	takeLeb128	0	2
std.Io.Reader.rebase	3	fn	rebase	0	2
std.Io.Reader.defaultRebase	3	fn	defaultRebase	0	2
std.Io.Reader.Hashed	3	fn	Hashed	0	1
std.Io.Reader.writableVectorPosix	3	fn	writableVectorPosix	0	3
std.Io.Reader.writableVectorWsa	3	fn	writableVectorWsa	0	3
std.Io.Reader.writableVector	3	fn	writableVector	0	3
std.Io.Writer	2	ns	Writer	88	Io/Writer.zig
std.Io.Writer.VTable	3	struct	VTable	0	
std.Io.Writer.Error	3	const	Error	0	
std.Io.Writer.FileAllError	3	const	FileAllError	0	
std.Io.Writer.FileReadingError	3	const	FileReadingError	0	
std.Io.Writer.FileError	3	const	FileError	0	
std.Io.Writer.fixed	3	fn	fixed	0	1
std.Io.Writer.hashed	3	fn	hashed	0	3
std.Io.Writer.failing	3	const	failing	0	
std.Io.Writer.buffered	3	fn	buffered	0	1
std.Io.Writer.countSplat	3	fn	countSplat	0	2
std.Io.Writer.countSendFileLowerBound	3	fn	countSendFileLowerBound	0	3
std.Io.Writer.writeVec	3	fn	writeVec	0	2
std.Io.Writer.writeSplat	3	fn	writeSplat	0	3
std.Io.Writer.writeSplatHeader	3	fn	writeSplatHeader	0	4
std.Io.Writer.writeSplatHeaderLimit	3	fn	writeSplatHeaderLimit	0	5
std.Io.Writer.flush	3	fn	flush	0	1
std.Io.Writer.defaultFlush	3	fn	defaultFlush	0	1
std.Io.Writer.noopFlush	3	fn	noopFlush	0	1
std.Io.Writer.rebase	3	fn	rebase	0	3
std.Io.Writer.defaultRebase	3	fn	defaultRebase	0	3
std.Io.Writer.unusedCapacitySlice	3	fn	unusedCapacitySlice	0	1
std.Io.Writer.unusedCapacityLen	3	fn	unusedCapacityLen	0	1
std.Io.Writer.writableArray	3	fn	writableArray	0	2
std.Io.Writer.writableSlice	3	fn	writableSlice	0	2
std.Io.Writer.writableSliceGreedy	3	fn	writableSliceGreedy	0	2
std.Io.Writer.writableSliceGreedyPreserve	3	fn	writableSliceGreedyPreserve	0	3
std.Io.Writer.writableSlicePreserve	3	fn	writableSlicePreserve	0	3
std.Io.Writer.ensureUnusedCapacity	3	fn	ensureUnusedCapacity	0	2
std.Io.Writer.undo	3	fn	undo	0	2
std.Io.Writer.advance	3	fn	advance	0	2
std.Io.Writer.writeVecAll	3	fn	writeVecAll	0	2
std.Io.Writer.writeSplatAll	3	fn	writeSplatAll	0	3
std.Io.Writer.write	3	fn	write	0	2
std.Io.Writer.writeAll	3	fn	writeAll	0	2
std.Io.Writer.print	3	fn	print	0	3
std.Io.Writer.writeByte	3	fn	writeByte	0	2
std.Io.Writer.writeBytePreserve	3	fn	writeBytePreserve	0	3
std.Io.Writer.splatByteAll	3	fn	splatByteAll	0	3
std.Io.Writer.splatBytePreserve	3	fn	splatBytePreserve	0	4
std.Io.Writer.splatByte	3	fn	splatByte	0	3
std.Io.Writer.splatBytesAll	3	fn	splatBytesAll	0	3
std.Io.Writer.splatBytes	3	fn	splatBytes	0	3
std.Io.Writer.writeInt	3	fn	writeInt	0	4
std.Io.Writer.writeStruct	3	fn	writeStruct	0	3
std.Io.Writer.writeSliceEndian	3	fn	writeSliceEndian	0	4
std.Io.Writer.writeSliceSwap	3	fn	writeSliceSwap	0	3
std.Io.Writer.sendFile	3	fn	sendFile	0	3
std.Io.Writer.sendFileHeader	3	fn	sendFileHeader	0	4
std.Io.Writer.sendFileReading	3	fn	sendFileReading	0	3
std.Io.Writer.sendFileAll	3	fn	sendFileAll	0	3
std.Io.Writer.sendFileReadingAll	3	fn	sendFileReadingAll	0	3
std.Io.Writer.alignBuffer	3	fn	alignBuffer	0	5
std.Io.Writer.alignBufferOptions	3	fn	alignBufferOptions	0	3
std.Io.Writer.printAddress	3	fn	printAddress	0	2
std.Io.Writer.printValue	3	fn	printValue	0	5
std.Io.Writer.printVector	3	fn	printVector	0	5
std.Io.Writer.printArray	3	fn	printArray	0	5
std.Io.Writer.printInt	3	fn	printInt	0	5
std.Io.Writer.printIntAny	3	fn	printIntAny	0	5
std.Io.Writer.printAsciiChar	3	fn	printAsciiChar	0	3
std.Io.Writer.printAscii	3	fn	printAscii	0	3
std.Io.Writer.printUnicodeCodepoint	3	fn	printUnicodeCodepoint	0	2
std.Io.Writer.printFloat	3	fn	printFloat	0	3
std.Io.Writer.printFloatHexOptions	3	fn	printFloatHexOptions	0	3
std.Io.Writer.printFloatHex	3	fn	printFloatHex	0	4
std.Io.Writer.ByteSizeUnits	3	enum	ByteSizeUnits	0	
std.Io.Writer.printByteSize	3	fn	printByteSize	0	4
std.Io.Writer.invalidFmtError	3	fn	invalidFmtError	0	2
std.Io.Writer.printHex	3	fn	printHex	0	3
std.Io.Writer.printBase64	3	fn	printBase64	0	2
std.Io.Writer.writeUleb128	3	fn	writeUleb128	0	2
std.Io.Writer.writeSleb128	3	fn	writeSleb128	0	2
std.Io.Writer.writeLeb128	3	fn	writeLeb128	0	2
std.Io.Writer.failingDrain	3	fn	failingDrain	0	3
std.Io.Writer.failingSendFile	3	fn	failingSendFile	0	3
std.Io.Writer.failingRebase	3	fn	failingRebase	0	3
std.Io.Writer.Discarding	3	struct	Discarding	4	
std.Io.Writer.Discarding.init	4	fn	init	0	1
std.Io.Writer.Discarding.fullCount	4	fn	fullCount	0	1
std.Io.Writer.Discarding.drain	4	fn	drain	0	3
std.Io.Writer.Discarding.sendFile	4	fn	sendFile	0	3
std.Io.Writer.consume	3	fn	consume	0	2
std.Io.Writer.consumeAll	3	fn	consumeAll	0	1
std.Io.Writer.unimplementedSendFile	3	fn	unimplementedSendFile	0	3
std.Io.Writer.fixedDrain	3	fn	fixedDrain	0	3
std.Io.Writer.unreachableDrain	3	fn	unreachableDrain	0	3
std.Io.Writer.unreachableRebase	3	fn	unreachableRebase	0	3
std.Io.Writer.fromArrayList	3	fn	fromArrayList	0	1
std.Io.Writer.toArrayList	3	fn	toArrayList	0	1
std.Io.Writer.Hashed	3	fn	Hashed	0	1
std.Io.Writer.Hashing	3	fn	Hashing	0	1
std.Io.Writer.Allocating	3	struct	Allocating	18	
std.Io.Writer.Allocating.init	4	fn	init	0	1
std.Io.Writer.Allocating.initAligned	4	fn	initAligned	0	2
std.Io.Writer.Allocating.initCapacity	4	fn	initCapacity	0	2
std.Io.Writer.Allocating.initOwnedSlice	4	fn	initOwnedSlice	0	2
std.Io.Writer.Allocating.initOwnedSliceAligned	4	fn	initOwnedSliceAligned	0	3
std.Io.Writer.Allocating.fromArrayList	4	fn	fromArrayList	0	2
std.Io.Writer.Allocating.fromArrayListAligned	4	fn	fromArrayListAligned	0	3
std.Io.Writer.Allocating.deinit	4	fn	deinit	0	1
std.Io.Writer.Allocating.toArrayList	4	fn	toArrayList	0	1
std.Io.Writer.Allocating.toArrayListAligned	4	fn	toArrayListAligned	0	2
std.Io.Writer.Allocating.ensureUnusedCapacity	4	fn	ensureUnusedCapacity	0	2
std.Io.Writer.Allocating.ensureTotalCapacity	4	fn	ensureTotalCapacity	0	2
std.Io.Writer.Allocating.ensureTotalCapacityPrecise	4	fn	ensureTotalCapacityPrecise	0	2
std.Io.Writer.Allocating.toOwnedSlice	4	fn	toOwnedSlice	0	1
std.Io.Writer.Allocating.toOwnedSliceSentinel	4	fn	toOwnedSliceSentinel	0	2
std.Io.Writer.Allocating.written	4	fn	written	0	1
std.Io.Writer.Allocating.shrinkRetainingCapacity	4	fn	shrinkRetainingCapacity	0	2
std.Io.Writer.Allocating.clearRetainingCapacity	4	fn	clearRetainingCapacity	0	1
std.Io.net	2	ns	net	18	Io/net.zig
std.Io.net.HostName	3	ns	HostName	18	Io/net/HostName.zig
std.Io.net.HostName.max_len	4	const	max_len	0	
std.Io.net.HostName.ValidateError	4	const	ValidateError	0	
std.Io.net.HostName.validate	4	fn	validate	0	1
std.Io.net.HostName.init	4	fn	init	0	1
std.Io.net.HostName.sameParentDomain	4	fn	sameParentDomain	0	2
std.Io.net.HostName.eql	4	fn	eql	0	2
std.Io.net.HostName.LookupOptions	4	struct	LookupOptions	0	
std.Io.net.HostName.LookupError	4	const	LookupError	0	
std.Io.net.HostName.LookupResult	4	union	LookupResult	0	
std.Io.net.HostName.lookup	4	fn	lookup	0	4
std.Io.net.HostName.ExpandError	4	const	ExpandError	0	
std.Io.net.HostName.expand	4	fn	expand	0	3
std.Io.net.HostName.DnsRecord	4	enum	DnsRecord	0	
std.Io.net.HostName.DnsResponse	4	struct	DnsResponse	4	
std.Io.net.HostName.DnsResponse.Answer	5	struct	Answer	0	
std.Io.net.HostName.DnsResponse.Error	5	const	Error	0	
std.Io.net.HostName.DnsResponse.init	5	fn	init	0	1
std.Io.net.HostName.DnsResponse.next	5	fn	next	0	1
std.Io.net.HostName.ConnectError	4	const	ConnectError	0	
std.Io.net.HostName.connect	4	fn	connect	0	4
std.Io.net.HostName.connectMany	4	fn	connectMany	0	5
std.Io.net.HostName.ResolvConf	4	struct	ResolvConf	4	
std.Io.net.HostName.ResolvConf.max_nameservers	5	const	max_nameservers	0	
std.Io.net.HostName.ResolvConf.init	5	fn	init	0	1
std.Io.net.HostName.ResolvConf.parse	5	fn	parse	0	3
std.Io.net.HostName.ResolvConf.nameservers	5	fn	nameservers	0	1
std.Io.net.Protocol	3	enum	Protocol	0	
std.Io.net.has_unix_sockets	3	const	has_unix_sockets	0	
std.Io.net.default_kernel_backlog	3	const	default_kernel_backlog	0	
std.Io.net.IpAddress	3	union	IpAddress	23	
std.Io.net.IpAddress.Family	4	const	Family	0	
std.Io.net.IpAddress.ParseLiteralError	4	const	ParseLiteralError	0	
std.Io.net.IpAddress.parseLiteral	4	fn	parseLiteral	0	1
std.Io.net.IpAddress.parse	4	fn	parse	0	2
std.Io.net.IpAddress.parseIp4	4	fn	parseIp4	0	2
std.Io.net.IpAddress.parseIp6	4	fn	parseIp6	0	2
std.Io.net.IpAddress.resolve	4	fn	resolve	0	3
std.Io.net.IpAddress.resolveIp6	4	fn	resolveIp6	0	3
std.Io.net.IpAddress.getPort	4	fn	getPort	0	1
std.Io.net.IpAddress.setPort	4	fn	setPort	0	2
std.Io.net.IpAddress.fromIp6	4	fn	fromIp6	0	1
std.Io.net.IpAddress.formatResolved	4	fn	formatResolved	0	3
std.Io.net.IpAddress.format	4	fn	format	0	2
std.Io.net.IpAddress.eql	4	fn	eql	0	2
std.Io.net.IpAddress.ListenError	4	const	ListenError	0	
std.Io.net.IpAddress.ListenOptions	4	struct	ListenOptions	0	
std.Io.net.IpAddress.listen	4	fn	listen	0	3
std.Io.net.IpAddress.BindError	4	const	BindError	0	
std.Io.net.IpAddress.BindOptions	4	struct	BindOptions	0	
std.Io.net.IpAddress.bind	4	fn	bind	0	3
std.Io.net.IpAddress.ConnectError	4	const	ConnectError	0	
std.Io.net.IpAddress.ConnectOptions	4	struct	ConnectOptions	0	
std.Io.net.IpAddress.connect	4	fn	connect	0	3
std.Io.net.Ip4Address	3	struct	Ip4Address	8	
std.Io.net.Ip4Address.loopback	4	fn	loopback	0	1
std.Io.net.Ip4Address.unspecified	4	fn	unspecified	0	1
std.Io.net.Ip4Address.fromIp6	4	fn	fromIp6	0	1
std.Io.net.Ip4Address.fromAny	4	fn	fromAny	0	1
std.Io.net.Ip4Address.ParseError	4	const	ParseError	0	
std.Io.net.Ip4Address.parse	4	fn	parse	0	2
std.Io.net.Ip4Address.format	4	fn	format	0	2
std.Io.net.Ip4Address.eql	4	fn	eql	0	2
std.Io.net.Ip6Address	3	struct	Ip6Address	20	
std.Io.net.Ip6Address.Policy	4	struct	Policy	0	
std.Io.net.Ip6Address.loopback	4	fn	loopback	0	1
std.Io.net.Ip6Address.unspecified	4	fn	unspecified	0	1
std.Io.net.Ip6Address.fromIp4	4	fn	fromIp4	0	1
std.Io.net.Ip6Address.fromAny	4	fn	fromAny	0	1
std.Io.net.Ip6Address.Unresolved	4	struct	Unresolved	3	
std.Io.net.Ip6Address.Unresolved.Parsed	5	union	Parsed	0	
std.Io.net.Ip6Address.Unresolved.parse	5	fn	parse	0	1
std.Io.net.Ip6Address.Unresolved.format	5	fn	format	0	2
std.Io.net.Ip6Address.ParseError	4	const	ParseError	0	
std.Io.net.Ip6Address.parse	4	fn	parse	0	2
std.Io.net.Ip6Address.ResolveError	4	const	ResolveError	0	
std.Io.net.Ip6Address.resolve	4	fn	resolve	0	3
std.Io.net.Ip6Address.FormatError	4	const	FormatError	0	
std.Io.net.Ip6Address.formatResolved	4	fn	formatResolved	0	3
std.Io.net.Ip6Address.format	4	fn	format	0	2
std.Io.net.Ip6Address.eql	4	fn	eql	0	2
std.Io.net.Ip6Address.isMultiCast	4	fn	isMultiCast	0	1
std.Io.net.Ip6Address.isLinkLocal	4	fn	isLinkLocal	0	1
std.Io.net.Ip6Address.isLoopBack	4	fn	isLoopBack	0	1
std.Io.net.Ip6Address.isSiteLocal	4	fn	isSiteLocal	0	1
std.Io.net.Ip6Address.policy	4	fn	policy	0	1
std.Io.net.Ip6Address.scope	4	fn	scope	0	1
std.Io.net.UnixAddress	3	struct	UnixAddress	9	
std.Io.net.UnixAddress.max_len	4	const	max_len	0	
std.Io.net.UnixAddress.InitError	4	const	InitError	0	
std.Io.net.UnixAddress.init	4	fn	init	0	1
std.Io.net.UnixAddress.isAbstract	4	fn	isAbstract	0	1
std.Io.net.UnixAddress.ListenError	4	const	ListenError	0	
std.Io.net.UnixAddress.ListenOptions	4	struct	ListenOptions	0	
std.Io.net.UnixAddress.listen	4	fn	listen	0	3
std.Io.net.UnixAddress.ConnectError	4	const	ConnectError	0	
std.Io.net.UnixAddress.connect	4	fn	connect	0	2
std.Io.net.ReceiveFlags	3	struct	ReceiveFlags	0	
std.Io.net.IncomingMessage	3	struct	IncomingMessage	2	
std.Io.net.IncomingMessage.init	4	const	init	0	
std.Io.net.IncomingMessage.Flags	4	struct	Flags	0	
std.Io.net.OutgoingMessage	3	struct	OutgoingMessage	0	
std.Io.net.SendFlags	3	struct	SendFlags	0	
std.Io.net.ShutdownHow	3	enum	ShutdownHow	0	
std.Io.net.ShutdownError	3	const	ShutdownError	0	
std.Io.net.Interface	3	struct	Interface	5	
std.Io.net.Interface.none	4	const	none	0	
std.Io.net.Interface.Name	4	struct	Name	6	
std.Io.net.Interface.Name.max_len	5	const	max_len	0	
std.Io.net.Interface.Name.toSlice	5	fn	toSlice	0	1
std.Io.net.Interface.Name.fromSlice	5	fn	fromSlice	0	1
std.Io.net.Interface.Name.fromSliceUnchecked	5	fn	fromSliceUnchecked	0	1
std.Io.net.Interface.Name.ResolveError	5	const	ResolveError	0	
std.Io.net.Interface.Name.resolve	5	fn	resolve	0	2
std.Io.net.Interface.NameError	4	const	NameError	0	
std.Io.net.Interface.name	4	fn	name	0	2
std.Io.net.Interface.isNone	4	fn	isNone	0	1
std.Io.net.Socket	3	struct	Socket	15	
std.Io.net.Socket.Mode	4	enum	Mode	0	
std.Io.net.Socket.Handle	4	alias	Handle	0	std.posix.fd_t
std.Io.net.Socket.close	4	fn	close	0	2
std.Io.net.Socket.closeMany	4	fn	closeMany	0	2
std.Io.net.Socket.SendError	4	const	SendError	0	
std.Io.net.Socket.send	4	fn	send	0	4
std.Io.net.Socket.sendMany	4	fn	sendMany	0	4
std.Io.net.Socket.ReceiveError	4	const	ReceiveError	0	
std.Io.net.Socket.receive	4	fn	receive	0	3
std.Io.net.Socket.ReceiveTimeoutError	4	const	ReceiveTimeoutError	0	
std.Io.net.Socket.receiveTimeout	4	fn	receiveTimeout	0	4
std.Io.net.Socket.receiveManyTimeout	4	fn	receiveManyTimeout	0	6
std.Io.net.Socket.CreatePairError	4	const	CreatePairError	0	
std.Io.net.Socket.CreatePairOptions	4	struct	CreatePairOptions	0	
std.Io.net.Socket.createPair	4	fn	createPair	0	2
std.Io.net.Stream	3	struct	Stream	6	
std.Io.net.Stream.close	4	fn	close	0	2
std.Io.net.Stream.shutdown	4	fn	shutdown	0	3
std.Io.net.Stream.Reader	4	struct	Reader	2	
std.Io.net.Stream.Reader.Error	5	const	Error	0	
std.Io.net.Stream.Reader.init	5	fn	init	0	3
std.Io.net.Stream.Writer	4	struct	Writer	3	
std.Io.net.Stream.Writer.Error	5	const	Error	0	
std.Io.net.Stream.Writer.WriteFileError	5	const	WriteFileError	0	
std.Io.net.Stream.Writer.init	5	fn	init	0	3
std.Io.net.Stream.reader	4	fn	reader	0	3
std.Io.net.Stream.writer	4	fn	writer	0	3
std.Io.net.Server	3	struct	Server	4	
std.Io.net.Server.deinit	4	fn	deinit	0	2
std.Io.net.Server.AcceptError	4	const	AcceptError	0	
std.Io.net.Server.AcceptOptions	4	const	AcceptOptions	0	
std.Io.net.Server.accept	4	fn	accept	0	2
std.Io.Dir	2	ns	Dir	114	Io/Dir.zig
std.Io.Dir.Handle	3	alias	Handle	0	std.posix.fd_t
std.Io.Dir.path	3	alias	path	0	std.fs.path
std.Io.Dir.max_path_bytes	3	const	max_path_bytes	0	
std.Io.Dir.max_name_bytes	3	const	max_name_bytes	0	
std.Io.Dir.Entry	3	struct	Entry	0	
std.Io.Dir.cwd	3	fn	cwd	0	0
std.Io.Dir.Reader	3	struct	Reader	7	
std.Io.Dir.Reader.min_buffer_len	4	const	min_buffer_len	0	
std.Io.Dir.Reader.State	4	enum	State	0	
std.Io.Dir.Reader.Error	4	const	Error	0	
std.Io.Dir.Reader.init	4	fn	init	0	2
std.Io.Dir.Reader.read	4	fn	read	0	3
std.Io.Dir.Reader.next	4	fn	next	0	2
std.Io.Dir.Reader.reset	4	fn	reset	0	1
std.Io.Dir.Iterator	3	struct	Iterator	4	
std.Io.Dir.Iterator.reader_buffer_len	4	const	reader_buffer_len	0	
std.Io.Dir.Iterator.Error	4	alias	Error	0	Reader.Error
std.Io.Dir.Iterator.init	4	fn	init	0	2
std.Io.Dir.Iterator.next	4	fn	next	0	2
std.Io.Dir.iterate	3	fn	iterate	0	1
std.Io.Dir.iterateAssumeFirstIteration	3	fn	iterateAssumeFirstIteration	0	1
std.Io.Dir.SelectiveWalker	3	struct	SelectiveWalker	5	
std.Io.Dir.SelectiveWalker.Error	4	const	Error	0	
std.Io.Dir.SelectiveWalker.next	4	fn	next	0	2
std.Io.Dir.SelectiveWalker.enter	4	fn	enter	0	3
std.Io.Dir.SelectiveWalker.deinit	4	fn	deinit	0	1
std.Io.Dir.SelectiveWalker.leave	4	fn	leave	0	2
std.Io.Dir.walkSelectively	3	fn	walkSelectively	0	2
std.Io.Dir.Walker	3	struct	Walker	4	
std.Io.Dir.Walker.Entry	4	struct	Entry	1	
std.Io.Dir.Walker.Entry.depth	5	fn	depth	0	1
std.Io.Dir.Walker.next	4	fn	next	0	2
std.Io.Dir.Walker.deinit	4	fn	deinit	0	1
std.Io.Dir.Walker.leave	4	fn	leave	0	2
std.Io.Dir.walk	3	fn	walk	0	2
std.Io.Dir.PathNameError	3	const	PathNameError	0	
std.Io.Dir.AccessError	3	const	AccessError	0	
std.Io.Dir.AccessOptions	3	struct	AccessOptions	0	
std.Io.Dir.access	3	fn	access	0	4
std.Io.Dir.accessAbsolute	3	fn	accessAbsolute	0	3
std.Io.Dir.OpenError	3	const	OpenError	0	
std.Io.Dir.OpenOptions	3	struct	OpenOptions	0	
std.Io.Dir.openDir	3	fn	openDir	0	4
std.Io.Dir.openDirAbsolute	3	fn	openDirAbsolute	0	3
std.Io.Dir.close	3	fn	close	0	2
std.Io.Dir.closeMany	3	fn	closeMany	0	2
std.Io.Dir.OpenFileOptions	3	struct	OpenFileOptions	3	
std.Io.Dir.OpenFileOptions.Mode	4	enum	Mode	0	
std.Io.Dir.OpenFileOptions.isRead	4	fn	isRead	0	1
std.Io.Dir.OpenFileOptions.isWrite	4	fn	isWrite	0	1
std.Io.Dir.openFile	3	fn	openFile	0	4
std.Io.Dir.openFileAbsolute	3	fn	openFileAbsolute	0	3
std.Io.Dir.CreateFileOptions	3	struct	CreateFileOptions	0	
std.Io.Dir.createFile	3	fn	createFile	0	4
std.Io.Dir.createFileAbsolute	3	fn	createFileAbsolute	0	3
std.Io.Dir.WriteFileOptions	3	struct	WriteFileOptions	0	
std.Io.Dir.WriteFileError	3	const	WriteFileError	0	
std.Io.Dir.writeFile	3	fn	writeFile	0	3
std.Io.Dir.PrevStatus	3	enum	PrevStatus	0	
std.Io.Dir.UpdateFileError	3	alias	UpdateFileError	0	File.OpenError
std.Io.Dir.updateFile	3	fn	updateFile	0	6
std.Io.Dir.ReadFileError	3	const	ReadFileError	0	
std.Io.Dir.readFile	3	fn	readFile	0	4
std.Io.Dir.CreateDirError	3	const	CreateDirError	0	
std.Io.Dir.createDir	3	fn	createDir	0	4
std.Io.Dir.createDirAbsolute	3	fn	createDirAbsolute	0	3
std.Io.Dir.CreateDirPathError	3	const	CreateDirPathError	0	
std.Io.Dir.createDirPath	3	fn	createDirPath	0	3
std.Io.Dir.CreatePathStatus	3	enum	CreatePathStatus	0	
std.Io.Dir.createDirPathStatus	3	fn	createDirPathStatus	0	4
std.Io.Dir.CreateDirPathOpenError	3	const	CreateDirPathOpenError	0	
std.Io.Dir.CreateDirPathOpenOptions	3	struct	CreateDirPathOpenOptions	0	
std.Io.Dir.createDirPathOpen	3	fn	createDirPathOpen	0	4
std.Io.Dir.Stat	3	alias	Stat	0	File.Stat
std.Io.Dir.StatError	3	alias	StatError	0	File.StatError
std.Io.Dir.stat	3	fn	stat	0	2
std.Io.Dir.StatFileError	3	const	StatFileError	0	
std.Io.Dir.StatFileOptions	3	struct	StatFileOptions	0	
std.Io.Dir.statFile	3	fn	statFile	0	4
std.Io.Dir.RealPathError	3	alias	RealPathError	0	File.RealPathError
std.Io.Dir.realPath	3	fn	realPath	0	3
std.Io.Dir.RealPathFileError	3	const	RealPathFileError	0	
std.Io.Dir.realPathFile	3	fn	realPathFile	0	4
std.Io.Dir.RealPathFileAllocError	3	const	RealPathFileAllocError	0	
std.Io.Dir.realPathFileAlloc	3	fn	realPathFileAlloc	0	4
std.Io.Dir.realPathFileAbsolute	3	fn	realPathFileAbsolute	0	3
std.Io.Dir.realPathFileAbsoluteAlloc	3	fn	realPathFileAbsoluteAlloc	0	3
std.Io.Dir.DeleteFileError	3	const	DeleteFileError	0	
std.Io.Dir.deleteFile	3	fn	deleteFile	0	3
std.Io.Dir.deleteFileAbsolute	3	fn	deleteFileAbsolute	0	2
std.Io.Dir.DeleteDirError	3	const	DeleteDirError	0	
std.Io.Dir.deleteDir	3	fn	deleteDir	0	3
std.Io.Dir.deleteDirAbsolute	3	fn	deleteDirAbsolute	0	2
std.Io.Dir.RenameError	3	const	RenameError	0	
std.Io.Dir.rename	3	fn	rename	0	5
std.Io.Dir.renameAbsolute	3	fn	renameAbsolute	0	3
std.Io.Dir.RenamePreserveError	3	const	RenamePreserveError	0	
std.Io.Dir.renamePreserve	3	fn	renamePreserve	0	5
std.Io.Dir.HardLinkOptions	3	alias	HardLinkOptions	0	File.HardLinkOptions
std.Io.Dir.HardLinkError	3	alias	HardLinkError	0	File.HardLinkError
std.Io.Dir.hardLink	3	fn	hardLink	0	6
std.Io.Dir.SymLinkFlags	3	struct	SymLinkFlags	0	
std.Io.Dir.SymLinkError	3	const	SymLinkError	0	
std.Io.Dir.symLink	3	fn	symLink	0	5
std.Io.Dir.symLinkAbsolute	3	fn	symLinkAbsolute	0	4
std.Io.Dir.symLinkAtomic	3	fn	symLinkAtomic	0	5
std.Io.Dir.ReadLinkError	3	const	ReadLinkError	0	
std.Io.Dir.readLink	3	fn	readLink	0	4
std.Io.Dir.readLinkAbsolute	3	fn	readLinkAbsolute	0	3
std.Io.Dir.ReadFileAllocError	3	const	ReadFileAllocError	0	
std.Io.Dir.readFileAlloc	3	fn	readFileAlloc	0	5
std.Io.Dir.readFileAllocOptions	3	fn	readFileAllocOptions	0	7
std.Io.Dir.DeleteTreeError	3	const	DeleteTreeError	0	
std.Io.Dir.deleteTree	3	fn	deleteTree	0	3
std.Io.Dir.deleteTreeMinStackSize	3	fn	deleteTreeMinStackSize	0	3
std.Io.Dir.CopyFileOptions	3	struct	CopyFileOptions	0	
std.Io.Dir.CopyFileError	3	const	CopyFileError	0	
std.Io.Dir.copyFile	3	fn	copyFile	0	6
std.Io.Dir.copyFileAbsolute	3	fn	copyFileAbsolute	0	4
std.Io.Dir.CreateFileAtomicOptions	3	struct	CreateFileAtomicOptions	0	
std.Io.Dir.CreateFileAtomicError	3	const	CreateFileAtomicError	0	
std.Io.Dir.createFileAtomic	3	fn	createFileAtomic	0	4
std.Io.Dir.SetPermissionsError	3	alias	SetPermissionsError	0	File.SetPermissionsError
std.Io.Dir.Permissions	3	alias	Permissions	0	File.Permissions
std.Io.Dir.setPermissions	3	fn	setPermissions	0	3
std.Io.Dir.SetFilePermissionsError	3	const	SetFilePermissionsError	0	
std.Io.Dir.SetFilePermissionsOptions	3	struct	SetFilePermissionsOptions	0	
std.Io.Dir.setFilePermissions	3	fn	setFilePermissions	0	5
std.Io.Dir.SetOwnerError	3	alias	SetOwnerError	0	File.SetOwnerError
std.Io.Dir.setOwner	3	fn	setOwner	0	4
std.Io.Dir.SetFileOwnerError	3	const	SetFileOwnerError	0	
std.Io.Dir.SetFileOwnerOptions	3	struct	SetFileOwnerOptions	0	
std.Io.Dir.setFileOwner	3	fn	setFileOwner	0	6
std.Io.Dir.SetTimestampsError	3	const	SetTimestampsError	0	
std.Io.Dir.SetTimestampsOptions	3	struct	SetTimestampsOptions	0	
std.Io.Dir.setTimestamps	3	fn	setTimestamps	0	4
std.Io.Dir.SetTimestampsNowOptions	3	struct	SetTimestampsNowOptions	0	
std.Io.Dir.setTimestampsNow	3	fn	setTimestampsNow	0	4
std.Io.File	2	ns	File	74	Io/File.zig
std.Io.File.Flags	3	struct	Flags	0	
std.Io.File.Handle	3	alias	Handle	0	std.posix.fd_t
std.Io.File.Reader	3	ns	Reader	14	Io/File/Reader.zig
std.Io.File.Reader.Error	4	const	Error	0	
std.Io.File.Reader.SizeError	4	const	SizeError	0	
std.Io.File.Reader.SeekError	4	const	SeekError	0	
std.Io.File.Reader.Mode	4	enum	Mode	2	
std.Io.File.Reader.Mode.toStreaming	5	fn	toStreaming	0	1
std.Io.File.Reader.Mode.toSimple	5	fn	toSimple	0	1
std.Io.File.Reader.initInterface	4	fn	initInterface	0	1
std.Io.File.Reader.init	4	fn	init	0	3
std.Io.File.Reader.initSize	4	fn	initSize	0	4
std.Io.File.Reader.initStreaming	4	fn	initStreaming	0	3
std.Io.File.Reader.getSize	4	fn	getSize	0	1
std.Io.File.Reader.seekBy	4	fn	seekBy	0	2
std.Io.File.Reader.seekTo	4	fn	seekTo	0	2
std.Io.File.Reader.logicalPos	4	fn	logicalPos	0	1
std.Io.File.Reader.streamMode	4	fn	streamMode	0	4
std.Io.File.Reader.atEnd	4	fn	atEnd	0	1
std.Io.File.Writer	3	ns	Writer	17	Io/File/Writer.zig
std.Io.File.Writer.Mode	4	alias	Mode	0	File.Reader.Mode
std.Io.File.Writer.Error	4	const	Error	0	
std.Io.File.Writer.WriteFileError	4	const	WriteFileError	0	
std.Io.File.Writer.SeekError	4	alias	SeekError	0	Io.File.SeekError
std.Io.File.Writer.init	4	fn	init	0	3
std.Io.File.Writer.initStreaming	4	fn	initStreaming	0	3
std.Io.File.Writer.initDetect	4	fn	initDetect	0	3
std.Io.File.Writer.initInterface	4	fn	initInterface	0	1
std.Io.File.Writer.moveToReader	4	fn	moveToReader	0	1
std.Io.File.Writer.drain	4	fn	drain	0	3
std.Io.File.Writer.sendFile	4	fn	sendFile	0	3
std.Io.File.Writer.seekTo	4	fn	seekTo	0	2
std.Io.File.Writer.logicalPos	4	fn	logicalPos	0	1
std.Io.File.Writer.seekToUnbuffered	4	fn	seekToUnbuffered	0	2
std.Io.File.Writer.EndError	4	const	EndError	0	
std.Io.File.Writer.end	4	fn	end	0	1
std.Io.File.Writer.flush	4	fn	flush	0	1
std.Io.File.Atomic	3	ns	Atomic	6	Io/File/Atomic.zig
std.Io.File.Atomic.InitError	4	alias	InitError	0	File.OpenError
std.Io.File.Atomic.deinit	4	fn	deinit	0	2
std.Io.File.Atomic.LinkError	4	const	LinkError	0	
std.Io.File.Atomic.link	4	fn	link	0	2
std.Io.File.Atomic.ReplaceError	4	alias	ReplaceError	0	Dir.RenameError
std.Io.File.Atomic.replace	4	fn	replace	0	2
std.Io.File.MemoryMap	3	ns	MemoryMap	9	Io/File/MemoryMap.zig
std.Io.File.MemoryMap.Section	4	const	Section	0	
std.Io.File.MemoryMap.CreateError	4	const	CreateError	0	
std.Io.File.MemoryMap.CreateOptions	4	struct	CreateOptions	0	
std.Io.File.MemoryMap.create	4	fn	create	0	3
std.Io.File.MemoryMap.destroy	4	fn	destroy	0	2
std.Io.File.MemoryMap.SetLengthError	4	const	SetLengthError	0	
std.Io.File.MemoryMap.setLength	4	fn	setLength	0	3
std.Io.File.MemoryMap.read	4	fn	read	0	2
std.Io.File.MemoryMap.write	4	fn	write	0	2
std.Io.File.MultiReader	3	ns	MultiReader	14	Io/File/MultiReader.zig
std.Io.File.MultiReader.Context	4	struct	Context	0	
std.Io.File.MultiReader.Error	4	const	Error	0	
std.Io.File.MultiReader.UnendingError	4	const	UnendingError	0	
std.Io.File.MultiReader.Streams	4	struct	Streams	2	
std.Io.File.MultiReader.Streams.contexts	5	fn	contexts	0	1
std.Io.File.MultiReader.Streams.storage	5	fn	storage	0	1
std.Io.File.MultiReader.Buffer	4	fn	Buffer	0	1
std.Io.File.MultiReader.init	4	fn	init	0	5
std.Io.File.MultiReader.deinit	4	fn	deinit	0	1
std.Io.File.MultiReader.fileReader	4	fn	fileReader	0	2
std.Io.File.MultiReader.reader	4	fn	reader	0	2
std.Io.File.MultiReader.checkAnyError	4	fn	checkAnyError	0	1
std.Io.File.MultiReader.toOwnedSlice	4	fn	toOwnedSlice	0	2
std.Io.File.MultiReader.FillError	4	const	FillError	0	
std.Io.File.MultiReader.fill	4	fn	fill	0	3
std.Io.File.MultiReader.fillRemaining	4	fn	fillRemaining	0	2
std.Io.File.INode	3	alias	INode	0	std.posix.ino_t
std.Io.File.NLink	3	alias	NLink	0	std.posix.nlink_t
std.Io.File.Uid	3	alias	Uid	0	std.posix.uid_t
std.Io.File.Gid	3	alias	Gid	0	std.posix.gid_t
std.Io.File.BlockSize	3	alias	BlockSize	0	u32
std.Io.File.Kind	3	enum	Kind	0	
std.Io.File.Stat	3	struct	Stat	0	
std.Io.File.stdout	3	fn	stdout	0	0
std.Io.File.stderr	3	fn	stderr	0	0
std.Io.File.stdin	3	fn	stdin	0	0
std.Io.File.StatError	3	const	StatError	0	
std.Io.File.stat	3	fn	stat	0	2
std.Io.File.OpenMode	3	alias	OpenMode	0	Dir.OpenFileOptions.Mode
std.Io.File.Lock	3	enum	Lock	0	
std.Io.File.OpenFlags	3	alias	OpenFlags	0	Dir.OpenFileOptions
std.Io.File.CreateFlags	3	alias	CreateFlags	0	Dir.CreateFileOptions
std.Io.File.OpenError	3	const	OpenError	0	
std.Io.File.close	3	fn	close	0	2
std.Io.File.closeMany	3	fn	closeMany	0	2
std.Io.File.SyncError	3	const	SyncError	0	
std.Io.File.sync	3	fn	sync	0	2
std.Io.File.isTty	3	fn	isTty	0	2
std.Io.File.EnableAnsiEscapeCodesError	3	const	EnableAnsiEscapeCodesError	0	
std.Io.File.enableAnsiEscapeCodes	3	fn	enableAnsiEscapeCodes	0	2
std.Io.File.supportsAnsiEscapeCodes	3	fn	supportsAnsiEscapeCodes	0	2
std.Io.File.SetLengthError	3	const	SetLengthError	0	
std.Io.File.setLength	3	fn	setLength	0	3
std.Io.File.LengthError	3	alias	LengthError	0	StatError
std.Io.File.length	3	fn	length	0	2
std.Io.File.SetPermissionsError	3	const	SetPermissionsError	0	
std.Io.File.setPermissions	3	fn	setPermissions	0	3
std.Io.File.SetOwnerError	3	const	SetOwnerError	0	
std.Io.File.setOwner	3	fn	setOwner	0	4
std.Io.File.Permissions	3	const	Permissions	0	
std.Io.File.SetTimestampsError	3	const	SetTimestampsError	0	
std.Io.File.SetTimestampsOptions	3	struct	SetTimestampsOptions	0	
std.Io.File.SetTimestamp	3	union	SetTimestamp	1	
std.Io.File.SetTimestamp.init	4	fn	init	0	1
std.Io.File.setTimestamps	3	fn	setTimestamps	0	3
std.Io.File.setTimestampsNow	3	fn	setTimestampsNow	0	2
std.Io.File.ReadStreamingError	3	const	ReadStreamingError	0	
std.Io.File.readStreaming	3	fn	readStreaming	0	3
std.Io.File.ReadPositionalError	3	const	ReadPositionalError	0	
std.Io.File.readPositional	3	fn	readPositional	0	4
std.Io.File.WritePositionalError	3	const	WritePositionalError	0	
std.Io.File.writePositional	3	fn	writePositional	0	4
std.Io.File.writePositionalAll	3	fn	writePositionalAll	0	4
std.Io.File.SeekError	3	const	SeekError	0	
std.Io.File.WriteFilePositionalError	3	const	WriteFilePositionalError	0	
std.Io.File.reader	3	fn	reader	0	3
std.Io.File.readPositionalAll	3	fn	readPositionalAll	0	4
std.Io.File.readerStreaming	3	fn	readerStreaming	0	3
std.Io.File.writer	3	fn	writer	0	3
std.Io.File.writerStreaming	3	fn	writerStreaming	0	3
std.Io.File.writeStreaming	3	fn	writeStreaming	0	5
std.Io.File.writeStreamingAll	3	fn	writeStreamingAll	0	3
std.Io.File.LockError	3	const	LockError	0	
std.Io.File.lock	3	fn	lock	0	3
std.Io.File.unlock	3	fn	unlock	0	2
std.Io.File.tryLock	3	fn	tryLock	0	3
std.Io.File.DowngradeLockError	3	const	DowngradeLockError	0	
std.Io.File.downgradeLock	3	fn	downgradeLock	0	2
std.Io.File.RealPathError	3	const	RealPathError	0	
std.Io.File.realPath	3	fn	realPath	0	3
std.Io.File.HardLinkOptions	3	struct	HardLinkOptions	0	
std.Io.File.HardLinkError	3	const	HardLinkError	0	
std.Io.File.hardLink	3	fn	hardLink	0	5
std.Io.File.createMemoryMap	3	fn	createMemoryMap	0	3
std.Io.Terminal	2	ns	Terminal	4	Io/Terminal.zig
std.Io.Terminal.Color	3	enum	Color	0	
std.Io.Terminal.Mode	3	union	Mode	2	
std.Io.Terminal.Mode.WindowsApi	4	const	WindowsApi	0	
std.Io.Terminal.Mode.detect	4	fn	detect	0	4
std.Io.Terminal.SetColorError	3	const	SetColorError	0	
std.Io.Terminal.setColor	3	fn	setColor	0	2
std.Io.RwLock	2	ns	RwLock	9	Io/RwLock.zig
std.Io.RwLock.init	3	const	init	0	
std.Io.RwLock.tryLock	3	fn	tryLock	0	2
std.Io.RwLock.lockUncancelable	3	fn	lockUncancelable	0	2
std.Io.RwLock.lock	3	fn	lock	0	2
std.Io.RwLock.unlock	3	fn	unlock	0	2
std.Io.RwLock.tryLockShared	3	fn	tryLockShared	0	2
std.Io.RwLock.lockSharedUncancelable	3	fn	lockSharedUncancelable	0	2
std.Io.RwLock.lockShared	3	fn	lockShared	0	2
std.Io.RwLock.unlockShared	3	fn	unlockShared	0	2
std.Io.Semaphore	2	ns	Semaphore	3	Io/Semaphore.zig
std.Io.Semaphore.wait	3	fn	wait	0	2
std.Io.Semaphore.waitUncancelable	3	fn	waitUncancelable	0	2
std.Io.Semaphore.post	3	fn	post	0	2
std.Io.VTable	2	struct	VTable	0	
std.Io.Operation	2	union	Operation	9	
std.Io.Operation.Tag	3	const	Tag	0	
std.Io.Operation.FileReadStreaming	3	struct	FileReadStreaming	3	
std.Io.Operation.FileReadStreaming.Error	4	const	Error	0	
std.Io.Operation.FileReadStreaming.UnendingError	4	const	UnendingError	0	
std.Io.Operation.FileReadStreaming.Result	4	const	Result	0	
std.Io.Operation.FileWriteStreaming	3	struct	FileWriteStreaming	2	
std.Io.Operation.FileWriteStreaming.Error	4	const	Error	0	
std.Io.Operation.FileWriteStreaming.Result	4	const	Result	0	
std.Io.Operation.DeviceIoControl	3	const	DeviceIoControl	0	
std.Io.Operation.NetReceive	3	struct	NetReceive	2	
std.Io.Operation.NetReceive.Error	4	const	Error	0	
std.Io.Operation.NetReceive.Result	4	struct	Result	0	
std.Io.Operation.Result	3	const	Result	0	
std.Io.Operation.Storage	3	union	Storage	3	
std.Io.Operation.Storage.Submission	4	struct	Submission	0	
std.Io.Operation.Storage.Pending	4	struct	Pending	1	
std.Io.Operation.Storage.Pending.Userdata	5	const	Userdata	0	
std.Io.Operation.Storage.Completion	4	struct	Completion	0	
std.Io.Operation.OptionalIndex	3	enum	OptionalIndex	2	
std.Io.Operation.OptionalIndex.fromIndex	4	fn	fromIndex	0	1
std.Io.Operation.OptionalIndex.toIndex	4	fn	toIndex	0	1
std.Io.Operation.List	3	struct	List	3	
std.Io.Operation.List.empty	4	const	empty	0	
std.Io.Operation.List.SingleNode	4	struct	SingleNode	0	
std.Io.Operation.List.DoubleNode	4	struct	DoubleNode	0	
std.Io.operate	2	fn	operate	0	2
std.Io.OperateTimeoutError	2	const	OperateTimeoutError	0	
std.Io.operateTimeout	2	fn	operateTimeout	0	3
std.Io.Batch	2	struct	Batch	9	
std.Io.Batch.init	3	fn	init	0	1
std.Io.Batch.add	3	fn	add	0	2
std.Io.Batch.addAt	3	fn	addAt	0	3
std.Io.Batch.Completion	3	struct	Completion	0	
std.Io.Batch.next	3	fn	next	0	1
std.Io.Batch.awaitAsync	3	fn	awaitAsync	0	2
std.Io.Batch.AwaitConcurrentError	3	const	AwaitConcurrentError	0	
std.Io.Batch.awaitConcurrent	3	fn	awaitConcurrent	0	3
std.Io.Batch.cancel	3	fn	cancel	0	2
std.Io.Limit	2	enum	Limit	13	
std.Io.Limit.limited	3	fn	limited	0	1
std.Io.Limit.limited64	3	fn	limited64	0	1
std.Io.Limit.countVec	3	fn	countVec	0	1
std.Io.Limit.min	3	fn	min	0	2
std.Io.Limit.max	3	fn	max	0	2
std.Io.Limit.minInt	3	fn	minInt	0	2
std.Io.Limit.minInt64	3	fn	minInt64	0	2
std.Io.Limit.slice	3	fn	slice	0	2
std.Io.Limit.sliceConst	3	fn	sliceConst	0	2
std.Io.Limit.toInt	3	fn	toInt	0	1
std.Io.Limit.slice1	3	fn	slice1	0	2
std.Io.Limit.nonzero	3	fn	nonzero	0	1
std.Io.Limit.subtract	3	fn	subtract	0	2
std.Io.Cancelable	2	const	Cancelable	0	
std.Io.UnexpectedError	2	const	UnexpectedError	0	
std.Io.Clock	2	enum	Clock	5	
std.Io.Clock.now	3	fn	now	0	2
std.Io.Clock.ResolutionError	3	const	ResolutionError	0	
std.Io.Clock.resolution	3	fn	resolution	0	2
std.Io.Clock.Timestamp	3	struct	Timestamp	10	
std.Io.Clock.Timestamp.now	4	fn	now	0	2
std.Io.Clock.Timestamp.wait	4	fn	wait	0	2
std.Io.Clock.Timestamp.durationTo	4	fn	durationTo	0	2
std.Io.Clock.Timestamp.addDuration	4	fn	addDuration	0	2
std.Io.Clock.Timestamp.subDuration	4	fn	subDuration	0	2
std.Io.Clock.Timestamp.fromNow	4	fn	fromNow	0	2
std.Io.Clock.Timestamp.untilNow	4	fn	untilNow	0	2
std.Io.Clock.Timestamp.durationFromNow	4	fn	durationFromNow	0	2
std.Io.Clock.Timestamp.toClock	4	fn	toClock	0	3
std.Io.Clock.Timestamp.compare	4	fn	compare	0	3
std.Io.Clock.Duration	3	struct	Duration	1	
std.Io.Clock.Duration.sleep	4	fn	sleep	0	2
std.Io.Timestamp	2	struct	Timestamp	13	
std.Io.Timestamp.now	3	fn	now	0	2
std.Io.Timestamp.zero	3	const	zero	0	
std.Io.Timestamp.durationTo	3	fn	durationTo	0	2
std.Io.Timestamp.addDuration	3	fn	addDuration	0	2
std.Io.Timestamp.subDuration	3	fn	subDuration	0	2
std.Io.Timestamp.withClock	3	fn	withClock	0	2
std.Io.Timestamp.fromNanoseconds	3	fn	fromNanoseconds	0	1
std.Io.Timestamp.toMicroseconds	3	fn	toMicroseconds	0	1
std.Io.Timestamp.toMilliseconds	3	fn	toMilliseconds	0	1
std.Io.Timestamp.toSeconds	3	fn	toSeconds	0	1
std.Io.Timestamp.toNanoseconds	3	fn	toNanoseconds	0	1
std.Io.Timestamp.formatNumber	3	fn	formatNumber	0	3
std.Io.Timestamp.untilNow	3	fn	untilNow	0	3
std.Io.Duration	2	struct	Duration	11	
std.Io.Duration.zero	3	const	zero	0	
std.Io.Duration.max	3	const	max	0	
std.Io.Duration.fromNanoseconds	3	fn	fromNanoseconds	0	1
std.Io.Duration.fromMicroseconds	3	fn	fromMicroseconds	0	1
std.Io.Duration.fromMilliseconds	3	fn	fromMilliseconds	0	1
std.Io.Duration.fromSeconds	3	fn	fromSeconds	0	1
std.Io.Duration.toMicroseconds	3	fn	toMicroseconds	0	1
std.Io.Duration.toMilliseconds	3	fn	toMilliseconds	0	1
std.Io.Duration.toSeconds	3	fn	toSeconds	0	1
std.Io.Duration.toNanoseconds	3	fn	toNanoseconds	0	1
std.Io.Duration.format	3	fn	format	0	2
std.Io.Timeout	2	union	Timeout	5	
std.Io.Timeout.Error	3	const	Error	0	
std.Io.Timeout.toTimestamp	3	fn	toTimestamp	0	2
std.Io.Timeout.toDeadline	3	fn	toDeadline	0	2
std.Io.Timeout.toDurationFromNow	3	fn	toDurationFromNow	0	2
std.Io.Timeout.sleep	3	fn	sleep	0	2
std.Io.AnyFuture	2	opaque	AnyFuture	0	
std.Io.Future	2	fn	Future	0	1
std.Io.Group	2	struct	Group	5	
std.Io.Group.init	3	const	init	0	
std.Io.Group.async	3	fn	async	0	4
std.Io.Group.concurrent	3	fn	concurrent	0	4
std.Io.Group.await	3	fn	await	0	2
std.Io.Group.cancel	3	fn	cancel	0	2
std.Io.recancel	2	fn	recancel	0	1
std.Io.CancelProtection	2	enum	CancelProtection	0	
std.Io.swapCancelProtection	2	fn	swapCancelProtection	0	2
std.Io.checkCancel	2	fn	checkCancel	0	1
std.Io.Select	2	fn	Select	0	1
std.Io.futexWait	2	fn	futexWait	0	4
std.Io.futexWaitTimeout	2	fn	futexWaitTimeout	0	5
std.Io.futexWaitUncancelable	2	fn	futexWaitUncancelable	0	4
std.Io.futexWake	2	fn	futexWake	0	4
std.Io.Mutex	2	struct	Mutex	6	
std.Io.Mutex.init	3	const	init	0	
std.Io.Mutex.State	3	enum	State	0	
std.Io.Mutex.tryLock	3	fn	tryLock	0	1
std.Io.Mutex.lock	3	fn	lock	0	2
std.Io.Mutex.lockUncancelable	3	fn	lockUncancelable	0	2
std.Io.Mutex.unlock	3	fn	unlock	0	2
std.Io.Condition	2	struct	Condition	5	
std.Io.Condition.init	3	const	init	0	
std.Io.Condition.wait	3	fn	wait	0	3
std.Io.Condition.waitUncancelable	3	fn	waitUncancelable	0	3
std.Io.Condition.signal	3	fn	signal	0	2
std.Io.Condition.broadcast	3	fn	broadcast	0	2
std.Io.Event	2	enum	Event	7	
std.Io.Event.isSet	3	fn	isSet	0	1
std.Io.Event.wait	3	fn	wait	0	2
std.Io.Event.waitUncancelable	3	fn	waitUncancelable	0	2
std.Io.Event.WaitTimeoutError	3	const	WaitTimeoutError	0	
std.Io.Event.waitTimeout	3	fn	waitTimeout	0	3
std.Io.Event.set	3	fn	set	0	2
std.Io.Event.reset	3	fn	reset	0	1
std.Io.QueueClosedError	2	const	QueueClosedError	0	
std.Io.TypeErasedQueue	2	struct	TypeErasedQueue	6	
std.Io.TypeErasedQueue.init	3	fn	init	0	1
std.Io.TypeErasedQueue.close	3	fn	close	0	2
std.Io.TypeErasedQueue.put	3	fn	put	0	4
std.Io.TypeErasedQueue.putUncancelable	3	fn	putUncancelable	0	4
std.Io.TypeErasedQueue.get	3	fn	get	0	4
std.Io.TypeErasedQueue.getUncancelable	3	fn	getUncancelable	0	4
std.Io.Queue	2	fn	Queue	0	1
std.Io.async	2	fn	async	0	3
std.Io.ConcurrentError	2	const	ConcurrentError	0	
std.Io.concurrent	2	fn	concurrent	0	3
std.Io.sleep	2	fn	sleep	0	3
std.Io.LockedStderr	2	struct	LockedStderr	2	
std.Io.LockedStderr.terminal	3	fn	terminal	0	1
std.Io.LockedStderr.clear	3	fn	clear	0	2
std.Io.lockStderr	2	fn	lockStderr	0	3
std.Io.tryLockStderr	2	fn	tryLockStderr	0	3
std.Io.unlockStderr	2	fn	unlockStderr	0	1
std.Io.random	2	fn	random	0	2
std.Io.RandomSecureError	2	const	RandomSecureError	0	
std.Io.randomSecure	2	fn	randomSecure	0	2
std.Io.failing	2	const	failing	0	
std.Io.noCrashHandler	2	fn	noCrashHandler	0	1
std.Io.noAsync	2	fn	noAsync	0	6
std.Io.failingConcurrent	2	fn	failingConcurrent	0	6
std.Io.unreachableAwait	2	fn	unreachableAwait	0	4
std.Io.unreachableCancel	2	fn	unreachableCancel	0	4
std.Io.noGroupAsync	2	fn	noGroupAsync	0	5
std.Io.failingGroupConcurrent	2	fn	failingGroupConcurrent	0	5
std.Io.unreachableGroupAwait	2	fn	unreachableGroupAwait	0	3
std.Io.unreachableGroupCancel	2	fn	unreachableGroupCancel	0	3
std.Io.unreachableRecancel	2	fn	unreachableRecancel	0	1
std.Io.unreachableSwapCancelProtection	2	fn	unreachableSwapCancelProtection	0	2
std.Io.unreachableCheckCancel	2	fn	unreachableCheckCancel	0	1
std.Io.noFutexWait	2	fn	noFutexWait	0	4
std.Io.noFutexWaitUncancelable	2	fn	noFutexWaitUncancelable	0	3
std.Io.noFutexWake	2	fn	noFutexWake	0	3
std.Io.failingOperate	2	fn	failingOperate	0	2
std.Io.unreachableBatchAwaitAsync	2	fn	unreachableBatchAwaitAsync	0	2
std.Io.unreachableBatchAwaitConcurrent	2	fn	unreachableBatchAwaitConcurrent	0	3
std.Io.unreachableBatchCancel	2	fn	unreachableBatchCancel	0	2
std.Io.failingDirCreateDir	2	fn	failingDirCreateDir	0	4
std.Io.failingDirCreateDirPath	2	fn	failingDirCreateDirPath	0	4
std.Io.failingDirCreateDirPathOpen	2	fn	failingDirCreateDirPathOpen	0	5
std.Io.failingDirOpenDir	2	fn	failingDirOpenDir	0	4
std.Io.failingDirStat	2	fn	failingDirStat	0	2
std.Io.failingDirStatFile	2	fn	failingDirStatFile	0	4
std.Io.failingDirAccess	2	fn	failingDirAccess	0	4
std.Io.failingDirCreateFile	2	fn	failingDirCreateFile	0	4
std.Io.failingDirCreateFileAtomic	2	fn	failingDirCreateFileAtomic	0	4
std.Io.failingDirOpenFile	2	fn	failingDirOpenFile	0	4
std.Io.unreachableDirClose	2	fn	unreachableDirClose	0	2
std.Io.noDirRead	2	fn	noDirRead	0	3
std.Io.failingDirRealPath	2	fn	failingDirRealPath	0	3
std.Io.failingDirRealPathFile	2	fn	failingDirRealPathFile	0	4
std.Io.failingDirDeleteFile	2	fn	failingDirDeleteFile	0	3
std.Io.failingDirDeleteDir	2	fn	failingDirDeleteDir	0	3
std.Io.failingDirRename	2	fn	failingDirRename	0	5
std.Io.failingDirRenamePreserve	2	fn	failingDirRenamePreserve	0	5
std.Io.failingDirSymLink	2	fn	failingDirSymLink	0	5
std.Io.failingDirReadLink	2	fn	failingDirReadLink	0	4
std.Io.failingDirSetOwner	2	fn	failingDirSetOwner	0	4
std.Io.failingDirSetFileOwner	2	fn	failingDirSetFileOwner	0	6
std.Io.failingDirSetPermissions	2	fn	failingDirSetPermissions	0	3
std.Io.failingDirSetFilePermissions	2	fn	failingDirSetFilePermissions	0	5
std.Io.noDirSetTimestamps	2	fn	noDirSetTimestamps	0	4
std.Io.failingDirHardLink	2	fn	failingDirHardLink	0	6
std.Io.failingFileStat	2	fn	failingFileStat	0	2
std.Io.failingFileLength	2	fn	failingFileLength	0	2
std.Io.unreachableFileClose	2	fn	unreachableFileClose	0	2
std.Io.failingFileWritePositional	2	fn	failingFileWritePositional	0	6
std.Io.noFileWriteFileStreaming	2	fn	noFileWriteFileStreaming	0	5
std.Io.noFileWriteFilePositional	2	fn	noFileWriteFilePositional	0	6
std.Io.failingFileReadPositional	2	fn	failingFileReadPositional	0	4
std.Io.failingFileSeekBy	2	fn	failingFileSeekBy	0	3
std.Io.failingFileSeekTo	2	fn	failingFileSeekTo	0	3
std.Io.failingFileSync	2	fn	failingFileSync	0	2
std.Io.unreachableFileIsTty	2	fn	unreachableFileIsTty	0	2
std.Io.unreachableFileEnableAnsiEscapeCodes	2	fn	unreachableFileEnableAnsiEscapeCodes	0	2
std.Io.unreachableFileSupportsAnsiEscapeCodes	2	fn	unreachableFileSupportsAnsiEscapeCodes	0	2
std.Io.failingFileSetLength	2	fn	failingFileSetLength	0	3
std.Io.failingFileSetOwner	2	fn	failingFileSetOwner	0	4
std.Io.failingFileSetPermissions	2	fn	failingFileSetPermissions	0	3
std.Io.noFileSetTimestamps	2	fn	noFileSetTimestamps	0	3
std.Io.failingFileLock	2	fn	failingFileLock	0	3
std.Io.failingFileTryLock	2	fn	failingFileTryLock	0	3
std.Io.unreachableFileUnlock	2	fn	unreachableFileUnlock	0	2
std.Io.failingFileDowngradeLock	2	fn	failingFileDowngradeLock	0	2
std.Io.failingFileRealPath	2	fn	failingFileRealPath	0	3
std.Io.failingFileHardLink	2	fn	failingFileHardLink	0	5
std.Io.failingFileMemoryMapCreate	2	fn	failingFileMemoryMapCreate	0	3
std.Io.unreachableFileMemoryMapDestroy	2	fn	unreachableFileMemoryMapDestroy	0	2
std.Io.unreachableFileMemoryMapSetLength	2	fn	unreachableFileMemoryMapSetLength	0	3
std.Io.unreachableFileMemoryMapRead	2	fn	unreachableFileMemoryMapRead	0	2
std.Io.unreachableFileMemoryMapWrite	2	fn	unreachableFileMemoryMapWrite	0	2
std.Io.failingProcessExecutableOpen	2	fn	failingProcessExecutableOpen	0	2
std.Io.failingProcessExecutablePath	2	fn	failingProcessExecutablePath	0	2
std.Io.unreachableLockStderr	2	fn	unreachableLockStderr	0	2
std.Io.noTryLockStderr	2	fn	noTryLockStderr	0	2
std.Io.unreachableUnlockStderr	2	fn	unreachableUnlockStderr	0	1
std.Io.failingProcessCurrentPath	2	fn	failingProcessCurrentPath	0	2
std.Io.failingProcessSetCurrentDir	2	fn	failingProcessSetCurrentDir	0	2
std.Io.failingProcessSetCurrentPath	2	fn	failingProcessSetCurrentPath	0	2
std.Io.failingProcessReplace	2	fn	failingProcessReplace	0	2
std.Io.failingProcessReplacePath	2	fn	failingProcessReplacePath	0	3
std.Io.failingProcessSpawn	2	fn	failingProcessSpawn	0	2
std.Io.failingProcessSpawnPath	2	fn	failingProcessSpawnPath	0	3
std.Io.unreachableChildWait	2	fn	unreachableChildWait	0	2
std.Io.unreachableChildKill	2	fn	unreachableChildKill	0	2
std.Io.failingProgressParentFile	2	fn	failingProgressParentFile	0	1
std.Io.noRandom	2	fn	noRandom	0	2
std.Io.failingRandomSecure	2	fn	failingRandomSecure	0	2
std.Io.noNow	2	fn	noNow	0	2
std.Io.failingClockResolution	2	fn	failingClockResolution	0	2
std.Io.noSleep	2	fn	noSleep	0	2
std.Io.failingNetListenIp	2	fn	failingNetListenIp	0	3
std.Io.failingNetAccept	2	fn	failingNetAccept	0	3
std.Io.failingNetBindIp	2	fn	failingNetBindIp	0	3
std.Io.failingNetConnectIp	2	fn	failingNetConnectIp	0	3
std.Io.failingNetListenUnix	2	fn	failingNetListenUnix	0	3
std.Io.failingNetConnectUnix	2	fn	failingNetConnectUnix	0	2
std.Io.failingNetSocketCreatePair	2	fn	failingNetSocketCreatePair	0	2
std.Io.failingNetSend	2	fn	failingNetSend	0	4
std.Io.failingNetRead	2	fn	failingNetRead	0	3
std.Io.failingNetWrite	2	fn	failingNetWrite	0	5
std.Io.failingNetWriteFile	2	fn	failingNetWriteFile	0	5
std.Io.unreachableNetClose	2	fn	unreachableNetClose	0	2
std.Io.failingNetShutdown	2	fn	failingNetShutdown	0	3
std.Io.failingNetInterfaceNameResolve	2	fn	failingNetInterfaceNameResolve	0	2
std.Io.unreachableNetInterfaceName	2	fn	unreachableNetInterfaceName	0	2
std.Io.failingNetLookup	2	fn	failingNetLookup	0	4
std.MultiArrayList	1	fn	MultiArrayList	0	1
std.PriorityQueue	1	fn	PriorityQueue	0	3
std.PriorityDequeue	1	fn	PriorityDequeue	0	3
std.Progress	1	ns	Progress	12	Progress.zig
std.Progress.Status	2	enum	Status	0	
std.Progress.Ipc	2	struct	Ipc	3	
std.Progress.Ipc.Slot	3	const	Slot	0	
std.Progress.Ipc.Generation	3	const	Generation	0	
std.Progress.Ipc.Index	3	struct	Index	0	
std.Progress.TerminalMode	2	union	TerminalMode	1	
std.Progress.TerminalMode.WindowsApi	3	struct	WindowsApi	0	
std.Progress.Options	2	struct	Options	0	
std.Progress.Node	2	struct	Node	16	
std.Progress.Node.none	3	const	none	0	
std.Progress.Node.max_name_len	3	const	max_name_len	0	
std.Progress.Node.OptionalIndex	3	enum	OptionalIndex	1	
std.Progress.Node.OptionalIndex.unwrap	4	fn	unwrap	0	1
std.Progress.Node.Index	3	enum	Index	1	
std.Progress.Node.Index.toOptional	4	fn	toOptional	0	1
std.Progress.Node.start	3	fn	start	0	3
std.Progress.Node.startFmt	3	fn	startFmt	0	4
std.Progress.Node.completeOne	3	fn	completeOne	0	1
std.Progress.Node.setName	3	fn	setName	0	2
std.Progress.Node.getName	3	fn	getName	0	1
std.Progress.Node.setCompletedItems	3	fn	setCompletedItems	0	2
std.Progress.Node.setEstimatedTotalItems	3	fn	setEstimatedTotalItems	0	2
std.Progress.Node.increaseEstimatedTotalItems	3	fn	increaseEstimatedTotalItems	0	2
std.Progress.Node.end	3	fn	end	0	1
std.Progress.Node.setIpcFile	3	fn	setIpcFile	0	3
std.Progress.Node.setIpcIndex	3	fn	setIpcIndex	0	2
std.Progress.Node.takeIpcIndex	3	fn	takeIpcIndex	0	1
std.Progress.StartFailure	2	union	StartFailure	0	
std.Progress.max_packet_len	2	const	max_packet_len	0	
std.Progress.have_ipc	2	const	have_ipc	0	
std.Progress.ParentFileError	2	const	ParentFileError	0	
std.Progress.start	2	fn	start	0	2
std.Progress.setStatus	2	fn	setStatus	0	1
std.Progress.clearWrittenWithEscapeCodes	2	fn	clearWrittenWithEscapeCodes	0	1
std.Random	1	ns	Random	36	Random.zig
std.Random.DefaultPrng	2	alias	DefaultPrng	0	Xoshiro256
std.Random.DefaultCsprng	2	alias	DefaultCsprng	0	ChaCha
std.Random.Ascon	2	ns	Ascon	5	Random/Ascon.zig
std.Random.Ascon.secret_seed_length	3	const	secret_seed_length	0	
std.Random.Ascon.init	3	fn	init	0	1
std.Random.Ascon.addEntropy	3	fn	addEntropy	0	2
std.Random.Ascon.random	3	fn	random	0	1
std.Random.Ascon.fill	3	fn	fill	0	2
std.Random.ChaCha	2	ns	ChaCha	5	Random/ChaCha.zig
std.Random.ChaCha.secret_seed_length	3	alias	secret_seed_length	0	Cipher.key_length
std.Random.ChaCha.init	3	fn	init	0	1
std.Random.ChaCha.addEntropy	3	fn	addEntropy	0	2
std.Random.ChaCha.random	3	fn	random	0	1
std.Random.ChaCha.fill	3	fn	fill	0	2
std.Random.Isaac64	2	ns	Isaac64	3	Random/Isaac64.zig
std.Random.Isaac64.init	3	fn	init	0	1
std.Random.Isaac64.random	3	fn	random	0	1
std.Random.Isaac64.fill	3	fn	fill	0	2
std.Random.Pcg	2	ns	Pcg	3	Random/Pcg.zig
std.Random.Pcg.init	3	fn	init	0	1
std.Random.Pcg.random	3	fn	random	0	1
std.Random.Pcg.fill	3	fn	fill	0	2
std.Random.Xoroshiro128	2	ns	Xoroshiro128	6	Random/Xoroshiro128.zig
std.Random.Xoroshiro128.init	3	fn	init	0	1
std.Random.Xoroshiro128.random	3	fn	random	0	1
std.Random.Xoroshiro128.next	3	fn	next	0	1
std.Random.Xoroshiro128.jump	3	fn	jump	0	1
std.Random.Xoroshiro128.seed	3	fn	seed	0	2
std.Random.Xoroshiro128.fill	3	fn	fill	0	2
std.Random.Xoshiro256	2	ns	Xoshiro256	6	Random/Xoshiro256.zig
std.Random.Xoshiro256.init	3	fn	init	0	1
std.Random.Xoshiro256.random	3	fn	random	0	1
std.Random.Xoshiro256.next	3	fn	next	0	1
std.Random.Xoshiro256.jump	3	fn	jump	0	1
std.Random.Xoshiro256.seed	3	fn	seed	0	2
std.Random.Xoshiro256.fill	3	fn	fill	0	2
std.Random.Sfc64	2	ns	Sfc64	3	Random/Sfc64.zig
std.Random.Sfc64.init	3	fn	init	0	1
std.Random.Sfc64.random	3	fn	random	0	1
std.Random.Sfc64.fill	3	fn	fill	0	2
std.Random.RomuTrio	2	ns	RomuTrio	5	Random/RomuTrio.zig
std.Random.RomuTrio.init	3	fn	init	0	1
std.Random.RomuTrio.random	3	fn	random	0	1
std.Random.RomuTrio.seedWithBuf	3	fn	seedWithBuf	0	2
std.Random.RomuTrio.seed	3	fn	seed	0	2
std.Random.RomuTrio.fill	3	fn	fill	0	2
std.Random.SplitMix64	2	ns	SplitMix64	2	Random/SplitMix64.zig
std.Random.SplitMix64.init	3	fn	init	0	1
std.Random.SplitMix64.next	3	fn	next	0	1
std.Random.ziggurat	2	ns	ziggurat	15	Random/ziggurat.zig
std.Random.ziggurat.next_f64	3	fn	next_f64	0	2
std.Random.ziggurat.ZigTable	3	struct	ZigTable	0	
std.Random.ziggurat.ZigTableGen	3	fn	ZigTableGen	0	6
std.Random.ziggurat.NormDist	3	const	NormDist	0	
std.Random.ziggurat.norm_r	3	const	norm_r	0	
std.Random.ziggurat.norm_v	3	const	norm_v	0	
std.Random.ziggurat.norm_f	3	fn	norm_f	0	1
std.Random.ziggurat.norm_f_inv	3	fn	norm_f_inv	0	1
std.Random.ziggurat.norm_zero_case	3	fn	norm_zero_case	0	2
std.Random.ziggurat.ExpDist	3	const	ExpDist	0	
std.Random.ziggurat.exp_r	3	const	exp_r	0	
std.Random.ziggurat.exp_v	3	const	exp_v	0	
std.Random.ziggurat.exp_f	3	fn	exp_f	0	1
std.Random.ziggurat.exp_f_inv	3	fn	exp_f_inv	0	1
std.Random.ziggurat.exp_zero_case	3	fn	exp_zero_case	0	2
std.Random.lcg	2	ns	lcg	1	Random/lcg.zig
std.Random.lcg.Wrapping	3	fn	Wrapping	0	1
std.Random.IoSource	2	struct	IoSource	1	
std.Random.IoSource.interface	3	fn	interface	0	1
std.Random.init	2	fn	init	0	2
std.Random.bytes	2	fn	bytes	0	2
std.Random.array	2	fn	array	0	3
std.Random.boolean	2	fn	boolean	0	1
std.Random.enumValue	2	fn	enumValue	0	2
std.Random.enumValueWithIndex	2	fn	enumValueWithIndex	0	3
std.Random.int	2	fn	int	0	2
std.Random.uintLessThanBiased	2	fn	uintLessThanBiased	0	3
std.Random.uintLessThan	2	fn	uintLessThan	0	3
std.Random.uintAtMostBiased	2	fn	uintAtMostBiased	0	3
std.Random.uintAtMost	2	fn	uintAtMost	0	3
std.Random.intRangeLessThanBiased	2	fn	intRangeLessThanBiased	0	4
std.Random.intRangeLessThan	2	fn	intRangeLessThan	0	4
std.Random.intRangeAtMostBiased	2	fn	intRangeAtMostBiased	0	4
std.Random.intRangeAtMost	2	fn	intRangeAtMost	0	4
std.Random.float	2	fn	float	0	2
std.Random.floatNorm	2	fn	floatNorm	0	2
std.Random.floatExp	2	fn	floatExp	0	2
std.Random.shuffle	2	fn	shuffle	0	3
std.Random.shuffleWithIndex	2	fn	shuffleWithIndex	0	4
std.Random.weightedIndex	2	fn	weightedIndex	0	3
std.Random.limitRangeBiased	2	fn	limitRangeBiased	0	3
std.SemanticVersion	1	ns	SemanticVersion	4	SemanticVersion.zig
std.SemanticVersion.Range	2	struct	Range	2	
std.SemanticVersion.Range.includesVersion	3	fn	includesVersion	0	2
std.SemanticVersion.Range.isAtLeast	3	fn	isAtLeast	0	2
std.SemanticVersion.order	2	fn	order	0	2
std.SemanticVersion.parse	2	fn	parse	0	1
std.SemanticVersion.format	2	fn	format	0	2
std.SinglyLinkedList	1	ns	SinglyLinkedList	5	SinglyLinkedList.zig
std.SinglyLinkedList.Node	2	struct	Node	5	
std.SinglyLinkedList.Node.insertAfter	3	fn	insertAfter	0	2
std.SinglyLinkedList.Node.removeNext	3	fn	removeNext	0	1
std.SinglyLinkedList.Node.findLast	3	fn	findLast	0	1
std.SinglyLinkedList.Node.countChildren	3	fn	countChildren	0	1
std.SinglyLinkedList.Node.reverse	3	fn	reverse	0	1
std.SinglyLinkedList.prepend	2	fn	prepend	0	2
std.SinglyLinkedList.remove	2	fn	remove	0	2
std.SinglyLinkedList.popFirst	2	fn	popFirst	0	1
std.SinglyLinkedList.len	2	fn	len	0	1
std.StaticBitSet	1	alias	StaticBitSet	0	bit_set.StaticBitSet
std.StringHashMap	1	alias	StringHashMap	0	hash_map.StringHashMap
std.StringHashMapUnmanaged	1	alias	StringHashMapUnmanaged	0	hash_map.StringHashMapUnmanaged
std.Target	1	ns	Target	77	Target.zig
std.Target.Query	2	ns	Query	20	Target/Query.zig
std.Target.Query.CpuModel	3	union	CpuModel	1	
std.Target.Query.CpuModel.eql	4	fn	eql	0	2
std.Target.Query.OsVersion	3	union	OsVersion	2	
std.Target.Query.OsVersion.eql	4	fn	eql	0	2
std.Target.Query.OsVersion.eqlOpt	4	fn	eqlOpt	0	2
std.Target.Query.SemanticVersion	3	alias	SemanticVersion	0	std.SemanticVersion
std.Target.Query.fromTarget	3	fn	fromTarget	0	1
std.Target.Query.ParseOptions	3	struct	ParseOptions	1	
std.Target.Query.ParseOptions.Diagnostics	4	struct	Diagnostics	0	
std.Target.Query.parse	3	fn	parse	0	1
std.Target.Query.parseCpuArch	3	fn	parseCpuArch	0	1
std.Target.Query.parseVersion	3	fn	parseVersion	0	1
std.Target.Query.isNativeCpu	3	fn	isNativeCpu	0	1
std.Target.Query.isNativeOs	3	fn	isNativeOs	0	1
std.Target.Query.isNativeAbi	3	fn	isNativeAbi	0	1
std.Target.Query.isNativeTriple	3	fn	isNativeTriple	0	1
std.Target.Query.isNative	3	fn	isNative	0	1
std.Target.Query.canDetectLibC	3	fn	canDetectLibC	0	1
std.Target.Query.zigTriple	3	fn	zigTriple	0	2
std.Target.Query.serializeCpu	3	fn	serializeCpu	0	2
std.Target.Query.serializeCpuAlloc	3	fn	serializeCpuAlloc	0	2
std.Target.Query.allocDescription	3	fn	allocDescription	0	2
std.Target.Query.setGnuLibCVersion	3	fn	setGnuLibCVersion	0	4
std.Target.Query.eql	3	fn	eql	0	2
std.Target.Os	2	struct	Os	8	
std.Target.Os.Tag	3	enum	Tag	8	
std.Target.Os.Tag.isDarwin	4	fn	isDarwin	0	1
std.Target.Os.Tag.isBSD	4	fn	isBSD	0	1
std.Target.Os.Tag.exeFileExt	4	fn	exeFileExt	0	2
std.Target.Os.Tag.staticLibSuffix	4	fn	staticLibSuffix	0	2
std.Target.Os.Tag.dynamicLibSuffix	4	fn	dynamicLibSuffix	0	1
std.Target.Os.Tag.libPrefix	4	fn	libPrefix	0	2
std.Target.Os.Tag.defaultVersionRange	4	fn	defaultVersionRange	0	3
std.Target.Os.Tag.versionRangeTag	4	fn	versionRangeTag	0	1
std.Target.Os.WindowsVersion	3	enum	WindowsVersion	6	
std.Target.Os.WindowsVersion.latest	4	alias	latest	0	WindowsVersion.win11_dt
std.Target.Os.WindowsVersion.known_win10_build_numbers	4	const	known_win10_build_numbers	0	
std.Target.Os.WindowsVersion.isAtLeast	4	fn	isAtLeast	0	2
std.Target.Os.WindowsVersion.Range	4	struct	Range	2	
std.Target.Os.WindowsVersion.Range.includesVersion	5	fn	includesVersion	0	2
std.Target.Os.WindowsVersion.Range.isAtLeast	5	fn	isAtLeast	0	2
std.Target.Os.WindowsVersion.parse	4	fn	parse	0	1
std.Target.Os.WindowsVersion.format	4	fn	format	0	2
std.Target.Os.HurdVersionRange	3	struct	HurdVersionRange	2	
std.Target.Os.HurdVersionRange.includesVersion	4	fn	includesVersion	0	2
std.Target.Os.HurdVersionRange.isAtLeast	4	fn	isAtLeast	0	2
std.Target.Os.LinuxVersionRange	3	struct	LinuxVersionRange	2	
std.Target.Os.LinuxVersionRange.includesVersion	4	fn	includesVersion	0	2
std.Target.Os.LinuxVersionRange.isAtLeast	4	fn	isAtLeast	0	2
std.Target.Os.VersionRange	3	union	VersionRange	1	
std.Target.Os.VersionRange.default	4	fn	default	0	3
std.Target.Os.TaggedVersionRange	3	union	TaggedVersionRange	1	
std.Target.Os.TaggedVersionRange.gnuLibCVersion	4	fn	gnuLibCVersion	0	1
std.Target.Os.versionRange	3	fn	versionRange	0	1
std.Target.Os.isAtLeast	3	fn	isAtLeast	0	3
std.Target.aarch64	2	ns	aarch64	7	Target/aarch64.zig
std.Target.aarch64.Feature	3	enum	Feature	0	
std.Target.aarch64.featureSet	3	const	featureSet	0	
std.Target.aarch64.featureSetHas	3	const	featureSetHas	0	
std.Target.aarch64.featureSetHasAny	3	const	featureSetHasAny	0	
std.Target.aarch64.featureSetHasAll	3	const	featureSetHasAll	0	
std.Target.aarch64.all_features	3	const	all_features	0	
std.Target.aarch64.cpu	3	struct	cpu	95	
std.Target.aarch64.cpu.a64fx	4	const	a64fx	0	
std.Target.aarch64.cpu.ampere1	4	const	ampere1	0	
std.Target.aarch64.cpu.ampere1a	4	const	ampere1a	0	
std.Target.aarch64.cpu.ampere1b	4	const	ampere1b	0	
std.Target.aarch64.cpu.apple_a10	4	const	apple_a10	0	
std.Target.aarch64.cpu.apple_a11	4	const	apple_a11	0	
std.Target.aarch64.cpu.apple_a12	4	const	apple_a12	0	
std.Target.aarch64.cpu.apple_a13	4	const	apple_a13	0	
std.Target.aarch64.cpu.apple_a14	4	const	apple_a14	0	
std.Target.aarch64.cpu.apple_a15	4	const	apple_a15	0	
std.Target.aarch64.cpu.apple_a16	4	const	apple_a16	0	
std.Target.aarch64.cpu.apple_a17	4	const	apple_a17	0	
std.Target.aarch64.cpu.apple_a18	4	const	apple_a18	0	
std.Target.aarch64.cpu.apple_a7	4	const	apple_a7	0	
std.Target.aarch64.cpu.apple_a8	4	const	apple_a8	0	
std.Target.aarch64.cpu.apple_a9	4	const	apple_a9	0	
std.Target.aarch64.cpu.apple_m1	4	const	apple_m1	0	
std.Target.aarch64.cpu.apple_m2	4	const	apple_m2	0	
std.Target.aarch64.cpu.apple_m3	4	const	apple_m3	0	
std.Target.aarch64.cpu.apple_m4	4	const	apple_m4	0	
std.Target.aarch64.cpu.apple_s10	4	const	apple_s10	0	
std.Target.aarch64.cpu.apple_s4	4	const	apple_s4	0	
std.Target.aarch64.cpu.apple_s5	4	const	apple_s5	0	
std.Target.aarch64.cpu.apple_s6	4	const	apple_s6	0	
std.Target.aarch64.cpu.apple_s7	4	const	apple_s7	0	
std.Target.aarch64.cpu.apple_s8	4	const	apple_s8	0	
std.Target.aarch64.cpu.apple_s9	4	const	apple_s9	0	
std.Target.aarch64.cpu.carmel	4	const	carmel	0	
std.Target.aarch64.cpu.cobalt_100	4	const	cobalt_100	0	
std.Target.aarch64.cpu.cortex_a320	4	const	cortex_a320	0	
std.Target.aarch64.cpu.cortex_a34	4	const	cortex_a34	0	
std.Target.aarch64.cpu.cortex_a35	4	const	cortex_a35	0	
std.Target.aarch64.cpu.cortex_a510	4	const	cortex_a510	0	
std.Target.aarch64.cpu.cortex_a520	4	const	cortex_a520	0	
std.Target.aarch64.cpu.cortex_a520ae	4	const	cortex_a520ae	0	
std.Target.aarch64.cpu.cortex_a53	4	const	cortex_a53	0	
std.Target.aarch64.cpu.cortex_a55	4	const	cortex_a55	0	
std.Target.aarch64.cpu.cortex_a57	4	const	cortex_a57	0	
std.Target.aarch64.cpu.cortex_a65	4	const	cortex_a65	0	
std.Target.aarch64.cpu.cortex_a65ae	4	const	cortex_a65ae	0	
std.Target.aarch64.cpu.cortex_a710	4	const	cortex_a710	0	
std.Target.aarch64.cpu.cortex_a715	4	const	cortex_a715	0	
std.Target.aarch64.cpu.cortex_a72	4	const	cortex_a72	0	
std.Target.aarch64.cpu.cortex_a720	4	const	cortex_a720	0	
std.Target.aarch64.cpu.cortex_a720ae	4	const	cortex_a720ae	0	
std.Target.aarch64.cpu.cortex_a725	4	const	cortex_a725	0	
std.Target.aarch64.cpu.cortex_a73	4	const	cortex_a73	0	
std.Target.aarch64.cpu.cortex_a75	4	const	cortex_a75	0	
std.Target.aarch64.cpu.cortex_a76	4	const	cortex_a76	0	
std.Target.aarch64.cpu.cortex_a76ae	4	const	cortex_a76ae	0	
std.Target.aarch64.cpu.cortex_a77	4	const	cortex_a77	0	
std.Target.aarch64.cpu.cortex_a78	4	const	cortex_a78	0	
std.Target.aarch64.cpu.cortex_a78ae	4	const	cortex_a78ae	0	
std.Target.aarch64.cpu.cortex_a78c	4	const	cortex_a78c	0	
std.Target.aarch64.cpu.cortex_r82	4	const	cortex_r82	0	
std.Target.aarch64.cpu.cortex_r82ae	4	const	cortex_r82ae	0	
std.Target.aarch64.cpu.cortex_x1	4	const	cortex_x1	0	
std.Target.aarch64.cpu.cortex_x1c	4	const	cortex_x1c	0	
std.Target.aarch64.cpu.cortex_x2	4	const	cortex_x2	0	
std.Target.aarch64.cpu.cortex_x3	4	const	cortex_x3	0	
std.Target.aarch64.cpu.cortex_x4	4	const	cortex_x4	0	
std.Target.aarch64.cpu.cortex_x925	4	const	cortex_x925	0	
std.Target.aarch64.cpu.cyclone	4	const	cyclone	0	
std.Target.aarch64.cpu.emag	4	const	emag	0	
std.Target.aarch64.cpu.exynos_m1	4	const	exynos_m1	0	
std.Target.aarch64.cpu.exynos_m2	4	const	exynos_m2	0	
std.Target.aarch64.cpu.exynos_m3	4	const	exynos_m3	0	
std.Target.aarch64.cpu.exynos_m4	4	const	exynos_m4	0	
std.Target.aarch64.cpu.exynos_m5	4	const	exynos_m5	0	
std.Target.aarch64.cpu.falkor	4	const	falkor	0	
std.Target.aarch64.cpu.fujitsu_monaka	4	const	fujitsu_monaka	0	
std.Target.aarch64.cpu.gb10	4	const	gb10	0	
std.Target.aarch64.cpu.generic	4	const	generic	0	
std.Target.aarch64.cpu.grace	4	const	grace	0	
std.Target.aarch64.cpu.kryo	4	const	kryo	0	
std.Target.aarch64.cpu.neoverse_512tvb	4	const	neoverse_512tvb	0	
std.Target.aarch64.cpu.neoverse_e1	4	const	neoverse_e1	0	
std.Target.aarch64.cpu.neoverse_n1	4	const	neoverse_n1	0	
std.Target.aarch64.cpu.neoverse_n2	4	const	neoverse_n2	0	
std.Target.aarch64.cpu.neoverse_n3	4	const	neoverse_n3	0	
std.Target.aarch64.cpu.neoverse_v1	4	const	neoverse_v1	0	
std.Target.aarch64.cpu.neoverse_v2	4	const	neoverse_v2	0	
std.Target.aarch64.cpu.neoverse_v3	4	const	neoverse_v3	0	
std.Target.aarch64.cpu.neoverse_v3ae	4	const	neoverse_v3ae	0	
std.Target.aarch64.cpu.olympus	4	const	olympus	0	
std.Target.aarch64.cpu.oryon_1	4	const	oryon_1	0	
std.Target.aarch64.cpu.saphira	4	const	saphira	0	
std.Target.aarch64.cpu.thunderx	4	const	thunderx	0	
std.Target.aarch64.cpu.thunderx2t99	4	const	thunderx2t99	0	
std.Target.aarch64.cpu.thunderx3t110	4	const	thunderx3t110	0	
std.Target.aarch64.cpu.thunderxt81	4	const	thunderxt81	0	
std.Target.aarch64.cpu.thunderxt83	4	const	thunderxt83	0	
std.Target.aarch64.cpu.thunderxt88	4	const	thunderxt88	0	
std.Target.aarch64.cpu.tsv110	4	const	tsv110	0	
std.Target.aarch64.cpu.xgene1	4	const	xgene1	0	
std.Target.alpha	2	ns	alpha	7	Target/alpha.zig
std.Target.alpha.Feature	3	enum	Feature	0	
std.Target.alpha.featureSet	3	const	featureSet	0	
std.Target.alpha.featureSetHas	3	const	featureSetHas	0	
std.Target.alpha.featureSetHasAny	3	const	featureSetHasAny	0	
std.Target.alpha.featureSetHasAll	3	const	featureSetHasAll	0	
std.Target.alpha.all_features	3	const	all_features	0	
std.Target.alpha.cpu	3	struct	cpu	7	
std.Target.alpha.cpu.ev4	4	const	ev4	0	
std.Target.alpha.cpu.ev45	4	const	ev45	0	
std.Target.alpha.cpu.ev5	4	const	ev5	0	
std.Target.alpha.cpu.ev56	4	const	ev56	0	
std.Target.alpha.cpu.ev6	4	const	ev6	0	
std.Target.alpha.cpu.ev67	4	const	ev67	0	
std.Target.alpha.cpu.pca56	4	const	pca56	0	
std.Target.amdgcn	2	ns	amdgcn	7	Target/amdgcn.zig
std.Target.amdgcn.Feature	3	enum	Feature	0	
std.Target.amdgcn.featureSet	3	const	featureSet	0	
std.Target.amdgcn.featureSetHas	3	const	featureSetHas	0	
std.Target.amdgcn.featureSetHasAny	3	const	featureSetHasAny	0	
std.Target.amdgcn.featureSetHasAll	3	const	featureSetHasAll	0	
std.Target.amdgcn.all_features	3	const	all_features	0	
std.Target.amdgcn.cpu	3	struct	cpu	72	
std.Target.amdgcn.cpu.bonaire	4	const	bonaire	0	
std.Target.amdgcn.cpu.carrizo	4	const	carrizo	0	
std.Target.amdgcn.cpu.fiji	4	const	fiji	0	
std.Target.amdgcn.cpu.generic	4	const	generic	0	
std.Target.amdgcn.cpu.generic_hsa	4	const	generic_hsa	0	
std.Target.amdgcn.cpu.gfx1010	4	const	gfx1010	0	
std.Target.amdgcn.cpu.gfx1011	4	const	gfx1011	0	
std.Target.amdgcn.cpu.gfx1012	4	const	gfx1012	0	
std.Target.amdgcn.cpu.gfx1013	4	const	gfx1013	0	
std.Target.amdgcn.cpu.gfx1030	4	const	gfx1030	0	
std.Target.amdgcn.cpu.gfx1031	4	const	gfx1031	0	
std.Target.amdgcn.cpu.gfx1032	4	const	gfx1032	0	
std.Target.amdgcn.cpu.gfx1033	4	const	gfx1033	0	
std.Target.amdgcn.cpu.gfx1034	4	const	gfx1034	0	
std.Target.amdgcn.cpu.gfx1035	4	const	gfx1035	0	
std.Target.amdgcn.cpu.gfx1036	4	const	gfx1036	0	
std.Target.amdgcn.cpu.gfx10_1_generic	4	const	gfx10_1_generic	0	
std.Target.amdgcn.cpu.gfx10_3_generic	4	const	gfx10_3_generic	0	
std.Target.amdgcn.cpu.gfx1100	4	const	gfx1100	0	
std.Target.amdgcn.cpu.gfx1101	4	const	gfx1101	0	
std.Target.amdgcn.cpu.gfx1102	4	const	gfx1102	0	
std.Target.amdgcn.cpu.gfx1103	4	const	gfx1103	0	
std.Target.amdgcn.cpu.gfx1150	4	const	gfx1150	0	
std.Target.amdgcn.cpu.gfx1151	4	const	gfx1151	0	
std.Target.amdgcn.cpu.gfx1152	4	const	gfx1152	0	
std.Target.amdgcn.cpu.gfx1153	4	const	gfx1153	0	
std.Target.amdgcn.cpu.gfx11_generic	4	const	gfx11_generic	0	
std.Target.amdgcn.cpu.gfx1200	4	const	gfx1200	0	
std.Target.amdgcn.cpu.gfx1201	4	const	gfx1201	0	
std.Target.amdgcn.cpu.gfx1250	4	const	gfx1250	0	
std.Target.amdgcn.cpu.gfx12_generic	4	const	gfx12_generic	0	
std.Target.amdgcn.cpu.gfx600	4	const	gfx600	0	
std.Target.amdgcn.cpu.gfx601	4	const	gfx601	0	
std.Target.amdgcn.cpu.gfx602	4	const	gfx602	0	
std.Target.amdgcn.cpu.gfx700	4	const	gfx700	0	
std.Target.amdgcn.cpu.gfx701	4	const	gfx701	0	
std.Target.amdgcn.cpu.gfx702	4	const	gfx702	0	
std.Target.amdgcn.cpu.gfx703	4	const	gfx703	0	
std.Target.amdgcn.cpu.gfx704	4	const	gfx704	0	
std.Target.amdgcn.cpu.gfx705	4	const	gfx705	0	
std.Target.amdgcn.cpu.gfx801	4	const	gfx801	0	
std.Target.amdgcn.cpu.gfx802	4	const	gfx802	0	
std.Target.amdgcn.cpu.gfx803	4	const	gfx803	0	
std.Target.amdgcn.cpu.gfx805	4	const	gfx805	0	
std.Target.amdgcn.cpu.gfx810	4	const	gfx810	0	
std.Target.amdgcn.cpu.gfx900	4	const	gfx900	0	
std.Target.amdgcn.cpu.gfx902	4	const	gfx902	0	
std.Target.amdgcn.cpu.gfx904	4	const	gfx904	0	
std.Target.amdgcn.cpu.gfx906	4	const	gfx906	0	
std.Target.amdgcn.cpu.gfx908	4	const	gfx908	0	
std.Target.amdgcn.cpu.gfx909	4	const	gfx909	0	
std.Target.amdgcn.cpu.gfx90a	4	const	gfx90a	0	
std.Target.amdgcn.cpu.gfx90c	4	const	gfx90c	0	
std.Target.amdgcn.cpu.gfx942	4	const	gfx942	0	
std.Target.amdgcn.cpu.gfx950	4	const	gfx950	0	
std.Target.amdgcn.cpu.gfx9_4_generic	4	const	gfx9_4_generic	0	
std.Target.amdgcn.cpu.gfx9_generic	4	const	gfx9_generic	0	
std.Target.amdgcn.cpu.hainan	4	const	hainan	0	
std.Target.amdgcn.cpu.hawaii	4	const	hawaii	0	
std.Target.amdgcn.cpu.iceland	4	const	iceland	0	
std.Target.amdgcn.cpu.kabini	4	const	kabini	0	
std.Target.amdgcn.cpu.kaveri	4	const	kaveri	0	
std.Target.amdgcn.cpu.mullins	4	const	mullins	0	
std.Target.amdgcn.cpu.oland	4	const	oland	0	
std.Target.amdgcn.cpu.pitcairn	4	const	pitcairn	0	
std.Target.amdgcn.cpu.polaris10	4	const	polaris10	0	
std.Target.amdgcn.cpu.polaris11	4	const	polaris11	0	
std.Target.amdgcn.cpu.stoney	4	const	stoney	0	
std.Target.amdgcn.cpu.tahiti	4	const	tahiti	0	
std.Target.amdgcn.cpu.tonga	4	const	tonga	0	
std.Target.amdgcn.cpu.tongapro	4	const	tongapro	0	
std.Target.amdgcn.cpu.verde	4	const	verde	0	
std.Target.arc	2	ns	arc	7	Target/arc.zig
std.Target.arc.Feature	3	enum	Feature	0	
std.Target.arc.featureSet	3	const	featureSet	0	
std.Target.arc.featureSetHas	3	const	featureSetHas	0	
std.Target.arc.featureSetHasAny	3	const	featureSetHasAny	0	
std.Target.arc.featureSetHasAll	3	const	featureSetHasAll	0	
std.Target.arc.all_features	3	const	all_features	0	
std.Target.arc.cpu	3	struct	cpu	1	
std.Target.arc.cpu.generic	4	const	generic	0	
std.Target.arm	2	ns	arm	7	Target/arm.zig
std.Target.arm.Feature	3	enum	Feature	0	
std.Target.arm.featureSet	3	const	featureSet	0	
std.Target.arm.featureSetHas	3	const	featureSetHas	0	
std.Target.arm.featureSetHasAny	3	const	featureSetHasAny	0	
std.Target.arm.featureSetHasAll	3	const	featureSetHasAll	0	
std.Target.arm.all_features	3	const	all_features	0	
std.Target.arm.cpu	3	struct	cpu	98	
std.Target.arm.cpu.arm1020e	4	const	arm1020e	0	
std.Target.arm.cpu.arm1020t	4	const	arm1020t	0	
std.Target.arm.cpu.arm1022e	4	const	arm1022e	0	
std.Target.arm.cpu.arm10e	4	const	arm10e	0	
std.Target.arm.cpu.arm10tdmi	4	const	arm10tdmi	0	
std.Target.arm.cpu.arm1136j_s	4	const	arm1136j_s	0	
std.Target.arm.cpu.arm1136jf_s	4	const	arm1136jf_s	0	
std.Target.arm.cpu.arm1156t2_s	4	const	arm1156t2_s	0	
std.Target.arm.cpu.arm1156t2f_s	4	const	arm1156t2f_s	0	
std.Target.arm.cpu.arm1176jz_s	4	const	arm1176jz_s	0	
std.Target.arm.cpu.arm1176jzf_s	4	const	arm1176jzf_s	0	
std.Target.arm.cpu.arm710t	4	const	arm710t	0	
std.Target.arm.cpu.arm720t	4	const	arm720t	0	
std.Target.arm.cpu.arm7tdmi	4	const	arm7tdmi	0	
std.Target.arm.cpu.arm7tdmi_s	4	const	arm7tdmi_s	0	
std.Target.arm.cpu.arm8	4	const	arm8	0	
std.Target.arm.cpu.arm810	4	const	arm810	0	
std.Target.arm.cpu.arm9	4	const	arm9	0	
std.Target.arm.cpu.arm920	4	const	arm920	0	
std.Target.arm.cpu.arm920t	4	const	arm920t	0	
std.Target.arm.cpu.arm922t	4	const	arm922t	0	
std.Target.arm.cpu.arm926ej_s	4	const	arm926ej_s	0	
std.Target.arm.cpu.arm940t	4	const	arm940t	0	
std.Target.arm.cpu.arm946e_s	4	const	arm946e_s	0	
std.Target.arm.cpu.arm966e_s	4	const	arm966e_s	0	
std.Target.arm.cpu.arm968e_s	4	const	arm968e_s	0	
std.Target.arm.cpu.arm9e	4	const	arm9e	0	
std.Target.arm.cpu.arm9tdmi	4	const	arm9tdmi	0	
std.Target.arm.cpu.baseline	4	const	baseline	0	
std.Target.arm.cpu.cortex_a12	4	const	cortex_a12	0	
std.Target.arm.cpu.cortex_a15	4	const	cortex_a15	0	
std.Target.arm.cpu.cortex_a17	4	const	cortex_a17	0	
std.Target.arm.cpu.cortex_a32	4	const	cortex_a32	0	
std.Target.arm.cpu.cortex_a35	4	const	cortex_a35	0	
std.Target.arm.cpu.cortex_a5	4	const	cortex_a5	0	
std.Target.arm.cpu.cortex_a510	4	const	cortex_a510	0	
std.Target.arm.cpu.cortex_a53	4	const	cortex_a53	0	
std.Target.arm.cpu.cortex_a55	4	const	cortex_a55	0	
std.Target.arm.cpu.cortex_a57	4	const	cortex_a57	0	
std.Target.arm.cpu.cortex_a7	4	const	cortex_a7	0	
std.Target.arm.cpu.cortex_a710	4	const	cortex_a710	0	
std.Target.arm.cpu.cortex_a72	4	const	cortex_a72	0	
std.Target.arm.cpu.cortex_a73	4	const	cortex_a73	0	
std.Target.arm.cpu.cortex_a75	4	const	cortex_a75	0	
std.Target.arm.cpu.cortex_a76	4	const	cortex_a76	0	
std.Target.arm.cpu.cortex_a76ae	4	const	cortex_a76ae	0	
std.Target.arm.cpu.cortex_a77	4	const	cortex_a77	0	
std.Target.arm.cpu.cortex_a78	4	const	cortex_a78	0	
std.Target.arm.cpu.cortex_a78ae	4	const	cortex_a78ae	0	
std.Target.arm.cpu.cortex_a78c	4	const	cortex_a78c	0	
std.Target.arm.cpu.cortex_a8	4	const	cortex_a8	0	
std.Target.arm.cpu.cortex_a9	4	const	cortex_a9	0	
std.Target.arm.cpu.cortex_m0	4	const	cortex_m0	0	
std.Target.arm.cpu.cortex_m0plus	4	const	cortex_m0plus	0	
std.Target.arm.cpu.cortex_m1	4	const	cortex_m1	0	
std.Target.arm.cpu.cortex_m23	4	const	cortex_m23	0	
std.Target.arm.cpu.cortex_m3	4	const	cortex_m3	0	
std.Target.arm.cpu.cortex_m33	4	const	cortex_m33	0	
std.Target.arm.cpu.cortex_m35p	4	const	cortex_m35p	0	
std.Target.arm.cpu.cortex_m4	4	const	cortex_m4	0	
std.Target.arm.cpu.cortex_m52	4	const	cortex_m52	0	
std.Target.arm.cpu.cortex_m55	4	const	cortex_m55	0	
std.Target.arm.cpu.cortex_m7	4	const	cortex_m7	0	
std.Target.arm.cpu.cortex_m85	4	const	cortex_m85	0	
std.Target.arm.cpu.cortex_r4	4	const	cortex_r4	0	
std.Target.arm.cpu.cortex_r4f	4	const	cortex_r4f	0	
std.Target.arm.cpu.cortex_r5	4	const	cortex_r5	0	
std.Target.arm.cpu.cortex_r52	4	const	cortex_r52	0	
std.Target.arm.cpu.cortex_r52plus	4	const	cortex_r52plus	0	
std.Target.arm.cpu.cortex_r7	4	const	cortex_r7	0	
std.Target.arm.cpu.cortex_r8	4	const	cortex_r8	0	
std.Target.arm.cpu.cortex_x1	4	const	cortex_x1	0	
std.Target.arm.cpu.cortex_x1c	4	const	cortex_x1c	0	
std.Target.arm.cpu.cyclone	4	const	cyclone	0	
std.Target.arm.cpu.ep9312	4	const	ep9312	0	
std.Target.arm.cpu.exynos_m1	4	const	exynos_m1	0	
std.Target.arm.cpu.exynos_m2	4	const	exynos_m2	0	
std.Target.arm.cpu.exynos_m3	4	const	exynos_m3	0	
std.Target.arm.cpu.exynos_m4	4	const	exynos_m4	0	
std.Target.arm.cpu.exynos_m5	4	const	exynos_m5	0	
std.Target.arm.cpu.generic	4	const	generic	0	
std.Target.arm.cpu.iwmmxt	4	const	iwmmxt	0	
std.Target.arm.cpu.krait	4	const	krait	0	
std.Target.arm.cpu.kryo	4	const	kryo	0	
std.Target.arm.cpu.mpcore	4	const	mpcore	0	
std.Target.arm.cpu.mpcorenovfp	4	const	mpcorenovfp	0	
std.Target.arm.cpu.neoverse_n1	4	const	neoverse_n1	0	
std.Target.arm.cpu.neoverse_n2	4	const	neoverse_n2	0	
std.Target.arm.cpu.neoverse_v1	4	const	neoverse_v1	0	
std.Target.arm.cpu.sc000	4	const	sc000	0	
std.Target.arm.cpu.sc300	4	const	sc300	0	
std.Target.arm.cpu.star_mc1	4	const	star_mc1	0	
std.Target.arm.cpu.strongarm	4	const	strongarm	0	
std.Target.arm.cpu.strongarm110	4	const	strongarm110	0	
std.Target.arm.cpu.strongarm1100	4	const	strongarm1100	0	
std.Target.arm.cpu.strongarm1110	4	const	strongarm1110	0	
std.Target.arm.cpu.swift	4	const	swift	0	
std.Target.arm.cpu.xscale	4	const	xscale	0	
std.Target.avr	2	ns	avr	7	Target/avr.zig
std.Target.avr.Feature	3	enum	Feature	0	
std.Target.avr.featureSet	3	const	featureSet	0	
std.Target.avr.featureSetHas	3	const	featureSetHas	0	
std.Target.avr.featureSetHasAny	3	const	featureSetHasAny	0	
std.Target.avr.featureSetHasAll	3	const	featureSetHasAll	0	
std.Target.avr.all_features	3	const	all_features	0	
std.Target.avr.cpu	3	struct	cpu	380	
std.Target.avr.cpu.at43usb320	4	const	at43usb320	0	
std.Target.avr.cpu.at43usb355	4	const	at43usb355	0	
std.Target.avr.cpu.at76c711	4	const	at76c711	0	
std.Target.avr.cpu.at86rf401	4	const	at86rf401	0	
std.Target.avr.cpu.at90c8534	4	const	at90c8534	0	
std.Target.avr.cpu.at90can128	4	const	at90can128	0	
std.Target.avr.cpu.at90can32	4	const	at90can32	0	
std.Target.avr.cpu.at90can64	4	const	at90can64	0	
std.Target.avr.cpu.at90pwm1	4	const	at90pwm1	0	
std.Target.avr.cpu.at90pwm161	4	const	at90pwm161	0	
std.Target.avr.cpu.at90pwm2	4	const	at90pwm2	0	
std.Target.avr.cpu.at90pwm216	4	const	at90pwm216	0	
std.Target.avr.cpu.at90pwm2b	4	const	at90pwm2b	0	
std.Target.avr.cpu.at90pwm3	4	const	at90pwm3	0	
std.Target.avr.cpu.at90pwm316	4	const	at90pwm316	0	
std.Target.avr.cpu.at90pwm3b	4	const	at90pwm3b	0	
std.Target.avr.cpu.at90pwm81	4	const	at90pwm81	0	
std.Target.avr.cpu.at90s1200	4	const	at90s1200	0	
std.Target.avr.cpu.at90s2313	4	const	at90s2313	0	
std.Target.avr.cpu.at90s2323	4	const	at90s2323	0	
std.Target.avr.cpu.at90s2333	4	const	at90s2333	0	
std.Target.avr.cpu.at90s2343	4	const	at90s2343	0	
std.Target.avr.cpu.at90s4414	4	const	at90s4414	0	
std.Target.avr.cpu.at90s4433	4	const	at90s4433	0	
std.Target.avr.cpu.at90s4434	4	const	at90s4434	0	
std.Target.avr.cpu.at90s8515	4	const	at90s8515	0	
std.Target.avr.cpu.at90s8535	4	const	at90s8535	0	
std.Target.avr.cpu.at90scr100	4	const	at90scr100	0	
std.Target.avr.cpu.at90usb1286	4	const	at90usb1286	0	
std.Target.avr.cpu.at90usb1287	4	const	at90usb1287	0	
std.Target.avr.cpu.at90usb162	4	const	at90usb162	0	
std.Target.avr.cpu.at90usb646	4	const	at90usb646	0	
std.Target.avr.cpu.at90usb647	4	const	at90usb647	0	
std.Target.avr.cpu.at90usb82	4	const	at90usb82	0	
std.Target.avr.cpu.at94k	4	const	at94k	0	
std.Target.avr.cpu.ata5272	4	const	ata5272	0	
std.Target.avr.cpu.ata5505	4	const	ata5505	0	
std.Target.avr.cpu.ata5702m322	4	const	ata5702m322	0	
std.Target.avr.cpu.ata5782	4	const	ata5782	0	
std.Target.avr.cpu.ata5790	4	const	ata5790	0	
std.Target.avr.cpu.ata5790n	4	const	ata5790n	0	
std.Target.avr.cpu.ata5791	4	const	ata5791	0	
std.Target.avr.cpu.ata5795	4	const	ata5795	0	
std.Target.avr.cpu.ata5831	4	const	ata5831	0	
std.Target.avr.cpu.ata6285	4	const	ata6285	0	
std.Target.avr.cpu.ata6286	4	const	ata6286	0	
std.Target.avr.cpu.ata6289	4	const	ata6289	0	
std.Target.avr.cpu.ata6612c	4	const	ata6612c	0	
std.Target.avr.cpu.ata6613c	4	const	ata6613c	0	
std.Target.avr.cpu.ata6614q	4	const	ata6614q	0	
std.Target.avr.cpu.ata6616c	4	const	ata6616c	0	
std.Target.avr.cpu.ata6617c	4	const	ata6617c	0	
std.Target.avr.cpu.ata664251	4	const	ata664251	0	
std.Target.avr.cpu.ata8210	4	const	ata8210	0	
std.Target.avr.cpu.ata8510	4	const	ata8510	0	
std.Target.avr.cpu.atmega103	4	const	atmega103	0	
std.Target.avr.cpu.atmega128	4	const	atmega128	0	
std.Target.avr.cpu.atmega1280	4	const	atmega1280	0	
std.Target.avr.cpu.atmega1281	4	const	atmega1281	0	
std.Target.avr.cpu.atmega1284	4	const	atmega1284	0	
std.Target.avr.cpu.atmega1284p	4	const	atmega1284p	0	
std.Target.avr.cpu.atmega1284rfr2	4	const	atmega1284rfr2	0	
std.Target.avr.cpu.atmega128a	4	const	atmega128a	0	
std.Target.avr.cpu.atmega128rfa1	4	const	atmega128rfa1	0	
std.Target.avr.cpu.atmega128rfr2	4	const	atmega128rfr2	0	
std.Target.avr.cpu.atmega16	4	const	atmega16	0	
std.Target.avr.cpu.atmega1608	4	const	atmega1608	0	
std.Target.avr.cpu.atmega1609	4	const	atmega1609	0	
std.Target.avr.cpu.atmega161	4	const	atmega161	0	
std.Target.avr.cpu.atmega162	4	const	atmega162	0	
std.Target.avr.cpu.atmega163	4	const	atmega163	0	
std.Target.avr.cpu.atmega164a	4	const	atmega164a	0	
std.Target.avr.cpu.atmega164p	4	const	atmega164p	0	
std.Target.avr.cpu.atmega164pa	4	const	atmega164pa	0	
std.Target.avr.cpu.atmega165	4	const	atmega165	0	
std.Target.avr.cpu.atmega165a	4	const	atmega165a	0	
std.Target.avr.cpu.atmega165p	4	const	atmega165p	0	
std.Target.avr.cpu.atmega165pa	4	const	atmega165pa	0	
std.Target.avr.cpu.atmega168	4	const	atmega168	0	
std.Target.avr.cpu.atmega168a	4	const	atmega168a	0	
std.Target.avr.cpu.atmega168p	4	const	atmega168p	0	
std.Target.avr.cpu.atmega168pa	4	const	atmega168pa	0	
std.Target.avr.cpu.atmega168pb	4	const	atmega168pb	0	
std.Target.avr.cpu.atmega169	4	const	atmega169	0	
std.Target.avr.cpu.atmega169a	4	const	atmega169a	0	
std.Target.avr.cpu.atmega169p	4	const	atmega169p	0	
std.Target.avr.cpu.atmega169pa	4	const	atmega169pa	0	
std.Target.avr.cpu.atmega16a	4	const	atmega16a	0	
std.Target.avr.cpu.atmega16hva	4	const	atmega16hva	0	
std.Target.avr.cpu.atmega16hva2	4	const	atmega16hva2	0	
std.Target.avr.cpu.atmega16hvb	4	const	atmega16hvb	0	
std.Target.avr.cpu.atmega16hvbrevb	4	const	atmega16hvbrevb	0	
std.Target.avr.cpu.atmega16m1	4	const	atmega16m1	0	
std.Target.avr.cpu.atmega16u2	4	const	atmega16u2	0	
std.Target.avr.cpu.atmega16u4	4	const	atmega16u4	0	
std.Target.avr.cpu.atmega2560	4	const	atmega2560	0	
std.Target.avr.cpu.atmega2561	4	const	atmega2561	0	
std.Target.avr.cpu.atmega2564rfr2	4	const	atmega2564rfr2	0	
std.Target.avr.cpu.atmega256rfr2	4	const	atmega256rfr2	0	
std.Target.avr.cpu.atmega32	4	const	atmega32	0	
std.Target.avr.cpu.atmega3208	4	const	atmega3208	0	
std.Target.avr.cpu.atmega3209	4	const	atmega3209	0	
std.Target.avr.cpu.atmega323	4	const	atmega323	0	
std.Target.avr.cpu.atmega324a	4	const	atmega324a	0	
std.Target.avr.cpu.atmega324p	4	const	atmega324p	0	
std.Target.avr.cpu.atmega324pa	4	const	atmega324pa	0	
std.Target.avr.cpu.atmega324pb	4	const	atmega324pb	0	
std.Target.avr.cpu.atmega325	4	const	atmega325	0	
std.Target.avr.cpu.atmega3250	4	const	atmega3250	0	
std.Target.avr.cpu.atmega3250a	4	const	atmega3250a	0	
std.Target.avr.cpu.atmega3250p	4	const	atmega3250p	0	
std.Target.avr.cpu.atmega3250pa	4	const	atmega3250pa	0	
std.Target.avr.cpu.atmega325a	4	const	atmega325a	0	
std.Target.avr.cpu.atmega325p	4	const	atmega325p	0	
std.Target.avr.cpu.atmega325pa	4	const	atmega325pa	0	
std.Target.avr.cpu.atmega328	4	const	atmega328	0	
std.Target.avr.cpu.atmega328p	4	const	atmega328p	0	
std.Target.avr.cpu.atmega328pb	4	const	atmega328pb	0	
std.Target.avr.cpu.atmega329	4	const	atmega329	0	
std.Target.avr.cpu.atmega3290	4	const	atmega3290	0	
std.Target.avr.cpu.atmega3290a	4	const	atmega3290a	0	
std.Target.avr.cpu.atmega3290p	4	const	atmega3290p	0	
std.Target.avr.cpu.atmega3290pa	4	const	atmega3290pa	0	
std.Target.avr.cpu.atmega329a	4	const	atmega329a	0	
std.Target.avr.cpu.atmega329p	4	const	atmega329p	0	
std.Target.avr.cpu.atmega329pa	4	const	atmega329pa	0	
std.Target.avr.cpu.atmega32a	4	const	atmega32a	0	
std.Target.avr.cpu.atmega32c1	4	const	atmega32c1	0	
std.Target.avr.cpu.atmega32hvb	4	const	atmega32hvb	0	
std.Target.avr.cpu.atmega32hvbrevb	4	const	atmega32hvbrevb	0	
std.Target.avr.cpu.atmega32m1	4	const	atmega32m1	0	
std.Target.avr.cpu.atmega32u2	4	const	atmega32u2	0	
std.Target.avr.cpu.atmega32u4	4	const	atmega32u4	0	
std.Target.avr.cpu.atmega32u6	4	const	atmega32u6	0	
std.Target.avr.cpu.atmega406	4	const	atmega406	0	
std.Target.avr.cpu.atmega48	4	const	atmega48	0	
std.Target.avr.cpu.atmega4808	4	const	atmega4808	0	
std.Target.avr.cpu.atmega4809	4	const	atmega4809	0	
std.Target.avr.cpu.atmega48a	4	const	atmega48a	0	
std.Target.avr.cpu.atmega48p	4	const	atmega48p	0	
std.Target.avr.cpu.atmega48pa	4	const	atmega48pa	0	
std.Target.avr.cpu.atmega48pb	4	const	atmega48pb	0	
std.Target.avr.cpu.atmega64	4	const	atmega64	0	
std.Target.avr.cpu.atmega640	4	const	atmega640	0	
std.Target.avr.cpu.atmega644	4	const	atmega644	0	
std.Target.avr.cpu.atmega644a	4	const	atmega644a	0	
std.Target.avr.cpu.atmega644p	4	const	atmega644p	0	
std.Target.avr.cpu.atmega644pa	4	const	atmega644pa	0	
std.Target.avr.cpu.atmega644rfr2	4	const	atmega644rfr2	0	
std.Target.avr.cpu.atmega645	4	const	atmega645	0	
std.Target.avr.cpu.atmega6450	4	const	atmega6450	0	
std.Target.avr.cpu.atmega6450a	4	const	atmega6450a	0	
std.Target.avr.cpu.atmega6450p	4	const	atmega6450p	0	
std.Target.avr.cpu.atmega645a	4	const	atmega645a	0	
std.Target.avr.cpu.atmega645p	4	const	atmega645p	0	
std.Target.avr.cpu.atmega649	4	const	atmega649	0	
std.Target.avr.cpu.atmega6490	4	const	atmega6490	0	
std.Target.avr.cpu.atmega6490a	4	const	atmega6490a	0	
std.Target.avr.cpu.atmega6490p	4	const	atmega6490p	0	
std.Target.avr.cpu.atmega649a	4	const	atmega649a	0	
std.Target.avr.cpu.atmega649p	4	const	atmega649p	0	
std.Target.avr.cpu.atmega64a	4	const	atmega64a	0	
std.Target.avr.cpu.atmega64c1	4	const	atmega64c1	0	
std.Target.avr.cpu.atmega64hve	4	const	atmega64hve	0	
std.Target.avr.cpu.atmega64hve2	4	const	atmega64hve2	0	
std.Target.avr.cpu.atmega64m1	4	const	atmega64m1	0	
std.Target.avr.cpu.atmega64rfr2	4	const	atmega64rfr2	0	
std.Target.avr.cpu.atmega8	4	const	atmega8	0	
std.Target.avr.cpu.atmega808	4	const	atmega808	0	
std.Target.avr.cpu.atmega809	4	const	atmega809	0	
std.Target.avr.cpu.atmega8515	4	const	atmega8515	0	
std.Target.avr.cpu.atmega8535	4	const	atmega8535	0	
std.Target.avr.cpu.atmega88	4	const	atmega88	0	
std.Target.avr.cpu.atmega88a	4	const	atmega88a	0	
std.Target.avr.cpu.atmega88p	4	const	atmega88p	0	
std.Target.avr.cpu.atmega88pa	4	const	atmega88pa	0	
std.Target.avr.cpu.atmega88pb	4	const	atmega88pb	0	
std.Target.avr.cpu.atmega8a	4	const	atmega8a	0	
std.Target.avr.cpu.atmega8hva	4	const	atmega8hva	0	
std.Target.avr.cpu.atmega8u2	4	const	atmega8u2	0	
std.Target.avr.cpu.attiny10	4	const	attiny10	0	
std.Target.avr.cpu.attiny102	4	const	attiny102	0	
std.Target.avr.cpu.attiny104	4	const	attiny104	0	
std.Target.avr.cpu.attiny11	4	const	attiny11	0	
std.Target.avr.cpu.attiny12	4	const	attiny12	0	
std.Target.avr.cpu.attiny13	4	const	attiny13	0	
std.Target.avr.cpu.attiny13a	4	const	attiny13a	0	
std.Target.avr.cpu.attiny15	4	const	attiny15	0	
std.Target.avr.cpu.attiny1604	4	const	attiny1604	0	
std.Target.avr.cpu.attiny1606	4	const	attiny1606	0	
std.Target.avr.cpu.attiny1607	4	const	attiny1607	0	
std.Target.avr.cpu.attiny1614	4	const	attiny1614	0	
std.Target.avr.cpu.attiny1616	4	const	attiny1616	0	
std.Target.avr.cpu.attiny1617	4	const	attiny1617	0	
std.Target.avr.cpu.attiny1624	4	const	attiny1624	0	
std.Target.avr.cpu.attiny1626	4	const	attiny1626	0	
std.Target.avr.cpu.attiny1627	4	const	attiny1627	0	
std.Target.avr.cpu.attiny1634	4	const	attiny1634	0	
std.Target.avr.cpu.attiny167	4	const	attiny167	0	
std.Target.avr.cpu.attiny20	4	const	attiny20	0	
std.Target.avr.cpu.attiny202	4	const	attiny202	0	
std.Target.avr.cpu.attiny204	4	const	attiny204	0	
std.Target.avr.cpu.attiny212	4	const	attiny212	0	
std.Target.avr.cpu.attiny214	4	const	attiny214	0	
std.Target.avr.cpu.attiny22	4	const	attiny22	0	
std.Target.avr.cpu.attiny2313	4	const	attiny2313	0	
std.Target.avr.cpu.attiny2313a	4	const	attiny2313a	0	
std.Target.avr.cpu.attiny24	4	const	attiny24	0	
std.Target.avr.cpu.attiny24a	4	const	attiny24a	0	
std.Target.avr.cpu.attiny25	4	const	attiny25	0	
std.Target.avr.cpu.attiny26	4	const	attiny26	0	
std.Target.avr.cpu.attiny261	4	const	attiny261	0	
std.Target.avr.cpu.attiny261a	4	const	attiny261a	0	
std.Target.avr.cpu.attiny28	4	const	attiny28	0	
std.Target.avr.cpu.attiny3216	4	const	attiny3216	0	
std.Target.avr.cpu.attiny3217	4	const	attiny3217	0	
std.Target.avr.cpu.attiny3224	4	const	attiny3224	0	
std.Target.avr.cpu.attiny3226	4	const	attiny3226	0	
std.Target.avr.cpu.attiny3227	4	const	attiny3227	0	
std.Target.avr.cpu.attiny4	4	const	attiny4	0	
std.Target.avr.cpu.attiny40	4	const	attiny40	0	
std.Target.avr.cpu.attiny402	4	const	attiny402	0	
std.Target.avr.cpu.attiny404	4	const	attiny404	0	
std.Target.avr.cpu.attiny406	4	const	attiny406	0	
std.Target.avr.cpu.attiny412	4	const	attiny412	0	
std.Target.avr.cpu.attiny414	4	const	attiny414	0	
std.Target.avr.cpu.attiny416	4	const	attiny416	0	
std.Target.avr.cpu.attiny417	4	const	attiny417	0	
std.Target.avr.cpu.attiny4313	4	const	attiny4313	0	
std.Target.avr.cpu.attiny43u	4	const	attiny43u	0	
std.Target.avr.cpu.attiny44	4	const	attiny44	0	
std.Target.avr.cpu.attiny441	4	const	attiny441	0	
std.Target.avr.cpu.attiny44a	4	const	attiny44a	0	
std.Target.avr.cpu.attiny45	4	const	attiny45	0	
std.Target.avr.cpu.attiny461	4	const	attiny461	0	
std.Target.avr.cpu.attiny461a	4	const	attiny461a	0	
std.Target.avr.cpu.attiny48	4	const	attiny48	0	
std.Target.avr.cpu.attiny5	4	const	attiny5	0	
std.Target.avr.cpu.attiny804	4	const	attiny804	0	
std.Target.avr.cpu.attiny806	4	const	attiny806	0	
std.Target.avr.cpu.attiny807	4	const	attiny807	0	
std.Target.avr.cpu.attiny814	4	const	attiny814	0	
std.Target.avr.cpu.attiny816	4	const	attiny816	0	
std.Target.avr.cpu.attiny817	4	const	attiny817	0	
std.Target.avr.cpu.attiny828	4	const	attiny828	0	
std.Target.avr.cpu.attiny84	4	const	attiny84	0	
std.Target.avr.cpu.attiny841	4	const	attiny841	0	
std.Target.avr.cpu.attiny84a	4	const	attiny84a	0	
std.Target.avr.cpu.attiny85	4	const	attiny85	0	
std.Target.avr.cpu.attiny861	4	const	attiny861	0	
std.Target.avr.cpu.attiny861a	4	const	attiny861a	0	
std.Target.avr.cpu.attiny87	4	const	attiny87	0	
std.Target.avr.cpu.attiny88	4	const	attiny88	0	
std.Target.avr.cpu.attiny9	4	const	attiny9	0	
std.Target.avr.cpu.atxmega128a1	4	const	atxmega128a1	0	
std.Target.avr.cpu.atxmega128a1u	4	const	atxmega128a1u	0	
std.Target.avr.cpu.atxmega128a3	4	const	atxmega128a3	0	
std.Target.avr.cpu.atxmega128a3u	4	const	atxmega128a3u	0	
std.Target.avr.cpu.atxmega128a4u	4	const	atxmega128a4u	0	
std.Target.avr.cpu.atxmega128b1	4	const	atxmega128b1	0	
std.Target.avr.cpu.atxmega128b3	4	const	atxmega128b3	0	
std.Target.avr.cpu.atxmega128c3	4	const	atxmega128c3	0	
std.Target.avr.cpu.atxmega128d3	4	const	atxmega128d3	0	
std.Target.avr.cpu.atxmega128d4	4	const	atxmega128d4	0	
std.Target.avr.cpu.atxmega16a4	4	const	atxmega16a4	0	
std.Target.avr.cpu.atxmega16a4u	4	const	atxmega16a4u	0	
std.Target.avr.cpu.atxmega16c4	4	const	atxmega16c4	0	
std.Target.avr.cpu.atxmega16d4	4	const	atxmega16d4	0	
std.Target.avr.cpu.atxmega16e5	4	const	atxmega16e5	0	
std.Target.avr.cpu.atxmega192a3	4	const	atxmega192a3	0	
std.Target.avr.cpu.atxmega192a3u	4	const	atxmega192a3u	0	
std.Target.avr.cpu.atxmega192c3	4	const	atxmega192c3	0	
std.Target.avr.cpu.atxmega192d3	4	const	atxmega192d3	0	
std.Target.avr.cpu.atxmega256a3	4	const	atxmega256a3	0	
std.Target.avr.cpu.atxmega256a3b	4	const	atxmega256a3b	0	
std.Target.avr.cpu.atxmega256a3bu	4	const	atxmega256a3bu	0	
std.Target.avr.cpu.atxmega256a3u	4	const	atxmega256a3u	0	
std.Target.avr.cpu.atxmega256c3	4	const	atxmega256c3	0	
std.Target.avr.cpu.atxmega256d3	4	const	atxmega256d3	0	
std.Target.avr.cpu.atxmega32a4	4	const	atxmega32a4	0	
std.Target.avr.cpu.atxmega32a4u	4	const	atxmega32a4u	0	
std.Target.avr.cpu.atxmega32c3	4	const	atxmega32c3	0	
std.Target.avr.cpu.atxmega32c4	4	const	atxmega32c4	0	
std.Target.avr.cpu.atxmega32d3	4	const	atxmega32d3	0	
std.Target.avr.cpu.atxmega32d4	4	const	atxmega32d4	0	
std.Target.avr.cpu.atxmega32e5	4	const	atxmega32e5	0	
std.Target.avr.cpu.atxmega384c3	4	const	atxmega384c3	0	
std.Target.avr.cpu.atxmega384d3	4	const	atxmega384d3	0	
std.Target.avr.cpu.atxmega64a1	4	const	atxmega64a1	0	
std.Target.avr.cpu.atxmega64a1u	4	const	atxmega64a1u	0	
std.Target.avr.cpu.atxmega64a3	4	const	atxmega64a3	0	
std.Target.avr.cpu.atxmega64a3u	4	const	atxmega64a3u	0	
std.Target.avr.cpu.atxmega64a4u	4	const	atxmega64a4u	0	
std.Target.avr.cpu.atxmega64b1	4	const	atxmega64b1	0	
std.Target.avr.cpu.atxmega64b3	4	const	atxmega64b3	0	
std.Target.avr.cpu.atxmega64c3	4	const	atxmega64c3	0	
std.Target.avr.cpu.atxmega64d3	4	const	atxmega64d3	0	
std.Target.avr.cpu.atxmega64d4	4	const	atxmega64d4	0	
std.Target.avr.cpu.atxmega8e5	4	const	atxmega8e5	0	
std.Target.avr.cpu.avr1	4	const	avr1	0	
std.Target.avr.cpu.avr128da28	4	const	avr128da28	0	
std.Target.avr.cpu.avr128da32	4	const	avr128da32	0	
std.Target.avr.cpu.avr128da48	4	const	avr128da48	0	
std.Target.avr.cpu.avr128da64	4	const	avr128da64	0	
std.Target.avr.cpu.avr128db28	4	const	avr128db28	0	
std.Target.avr.cpu.avr128db32	4	const	avr128db32	0	
std.Target.avr.cpu.avr128db48	4	const	avr128db48	0	
std.Target.avr.cpu.avr128db64	4	const	avr128db64	0	
std.Target.avr.cpu.avr16dd20	4	const	avr16dd20	0	
std.Target.avr.cpu.avr16dd28	4	const	avr16dd28	0	
std.Target.avr.cpu.avr16dd32	4	const	avr16dd32	0	
std.Target.avr.cpu.avr16du14	4	const	avr16du14	0	
std.Target.avr.cpu.avr16du20	4	const	avr16du20	0	
std.Target.avr.cpu.avr16du28	4	const	avr16du28	0	
std.Target.avr.cpu.avr16du32	4	const	avr16du32	0	
std.Target.avr.cpu.avr16ea28	4	const	avr16ea28	0	
std.Target.avr.cpu.avr16ea32	4	const	avr16ea32	0	
std.Target.avr.cpu.avr16ea48	4	const	avr16ea48	0	
std.Target.avr.cpu.avr16eb14	4	const	avr16eb14	0	
std.Target.avr.cpu.avr16eb20	4	const	avr16eb20	0	
std.Target.avr.cpu.avr16eb28	4	const	avr16eb28	0	
std.Target.avr.cpu.avr16eb32	4	const	avr16eb32	0	
std.Target.avr.cpu.avr2	4	const	avr2	0	
std.Target.avr.cpu.avr25	4	const	avr25	0	
std.Target.avr.cpu.avr3	4	const	avr3	0	
std.Target.avr.cpu.avr31	4	const	avr31	0	
std.Target.avr.cpu.avr32da28	4	const	avr32da28	0	
std.Target.avr.cpu.avr32da32	4	const	avr32da32	0	
std.Target.avr.cpu.avr32da48	4	const	avr32da48	0	
std.Target.avr.cpu.avr32db28	4	const	avr32db28	0	
std.Target.avr.cpu.avr32db32	4	const	avr32db32	0	
std.Target.avr.cpu.avr32db48	4	const	avr32db48	0	
std.Target.avr.cpu.avr32dd14	4	const	avr32dd14	0	
std.Target.avr.cpu.avr32dd20	4	const	avr32dd20	0	
std.Target.avr.cpu.avr32dd28	4	const	avr32dd28	0	
std.Target.avr.cpu.avr32dd32	4	const	avr32dd32	0	
std.Target.avr.cpu.avr32du14	4	const	avr32du14	0	
std.Target.avr.cpu.avr32du20	4	const	avr32du20	0	
std.Target.avr.cpu.avr32du28	4	const	avr32du28	0	
std.Target.avr.cpu.avr32du32	4	const	avr32du32	0	
std.Target.avr.cpu.avr32ea28	4	const	avr32ea28	0	
std.Target.avr.cpu.avr32ea32	4	const	avr32ea32	0	
std.Target.avr.cpu.avr32ea48	4	const	avr32ea48	0	
std.Target.avr.cpu.avr32sd20	4	const	avr32sd20	0	
std.Target.avr.cpu.avr32sd28	4	const	avr32sd28	0	
std.Target.avr.cpu.avr32sd32	4	const	avr32sd32	0	
std.Target.avr.cpu.avr35	4	const	avr35	0	
std.Target.avr.cpu.avr4	4	const	avr4	0	
std.Target.avr.cpu.avr5	4	const	avr5	0	
std.Target.avr.cpu.avr51	4	const	avr51	0	
std.Target.avr.cpu.avr6	4	const	avr6	0	
std.Target.avr.cpu.avr64da28	4	const	avr64da28	0	
std.Target.avr.cpu.avr64da32	4	const	avr64da32	0	
std.Target.avr.cpu.avr64da48	4	const	avr64da48	0	
std.Target.avr.cpu.avr64da64	4	const	avr64da64	0	
std.Target.avr.cpu.avr64db28	4	const	avr64db28	0	
std.Target.avr.cpu.avr64db32	4	const	avr64db32	0	
std.Target.avr.cpu.avr64db48	4	const	avr64db48	0	
std.Target.avr.cpu.avr64db64	4	const	avr64db64	0	
std.Target.avr.cpu.avr64dd14	4	const	avr64dd14	0	
std.Target.avr.cpu.avr64dd20	4	const	avr64dd20	0	
std.Target.avr.cpu.avr64dd28	4	const	avr64dd28	0	
std.Target.avr.cpu.avr64dd32	4	const	avr64dd32	0	
std.Target.avr.cpu.avr64du28	4	const	avr64du28	0	
std.Target.avr.cpu.avr64du32	4	const	avr64du32	0	
std.Target.avr.cpu.avr64ea28	4	const	avr64ea28	0	
std.Target.avr.cpu.avr64ea32	4	const	avr64ea32	0	
std.Target.avr.cpu.avr64ea48	4	const	avr64ea48	0	
std.Target.avr.cpu.avr64sd28	4	const	avr64sd28	0	
std.Target.avr.cpu.avr64sd32	4	const	avr64sd32	0	
std.Target.avr.cpu.avr64sd48	4	const	avr64sd48	0	
std.Target.avr.cpu.avrtiny	4	const	avrtiny	0	
std.Target.avr.cpu.avrxmega1	4	const	avrxmega1	0	
std.Target.avr.cpu.avrxmega2	4	const	avrxmega2	0	
std.Target.avr.cpu.avrxmega3	4	const	avrxmega3	0	
std.Target.avr.cpu.avrxmega4	4	const	avrxmega4	0	
std.Target.avr.cpu.avrxmega5	4	const	avrxmega5	0	
std.Target.avr.cpu.avrxmega6	4	const	avrxmega6	0	
std.Target.avr.cpu.avrxmega7	4	const	avrxmega7	0	
std.Target.avr.cpu.m3000	4	const	m3000	0	
std.Target.bpf	2	ns	bpf	7	Target/bpf.zig
std.Target.bpf.Feature	3	enum	Feature	0	
std.Target.bpf.featureSet	3	const	featureSet	0	
std.Target.bpf.featureSetHas	3	const	featureSetHas	0	
std.Target.bpf.featureSetHasAny	3	const	featureSetHasAny	0	
std.Target.bpf.featureSetHasAll	3	const	featureSetHasAll	0	
std.Target.bpf.all_features	3	const	all_features	0	
std.Target.bpf.cpu	3	struct	cpu	6	
std.Target.bpf.cpu.generic	4	const	generic	0	
std.Target.bpf.cpu.probe	4	const	probe	0	
std.Target.bpf.cpu.v1	4	const	v1	0	
std.Target.bpf.cpu.v2	4	const	v2	0	
std.Target.bpf.cpu.v3	4	const	v3	0	
std.Target.bpf.cpu.v4	4	const	v4	0	
std.Target.csky	2	ns	csky	7	Target/csky.zig
std.Target.csky.Feature	3	enum	Feature	0	
std.Target.csky.featureSet	3	const	featureSet	0	
std.Target.csky.featureSetHas	3	const	featureSetHas	0	
std.Target.csky.featureSetHasAny	3	const	featureSetHasAny	0	
std.Target.csky.featureSetHasAll	3	const	featureSetHasAll	0	
std.Target.csky.all_features	3	const	all_features	0	
std.Target.csky.cpu	3	struct	cpu	152	
std.Target.csky.cpu.c807	4	const	c807	0	
std.Target.csky.cpu.c807f	4	const	c807f	0	
std.Target.csky.cpu.c810	4	const	c810	0	
std.Target.csky.cpu.c810t	4	const	c810t	0	
std.Target.csky.cpu.c810tv	4	const	c810tv	0	
std.Target.csky.cpu.c810v	4	const	c810v	0	
std.Target.csky.cpu.c860	4	const	c860	0	
std.Target.csky.cpu.c860v	4	const	c860v	0	
std.Target.csky.cpu.ck801	4	const	ck801	0	
std.Target.csky.cpu.ck801t	4	const	ck801t	0	
std.Target.csky.cpu.ck802	4	const	ck802	0	
std.Target.csky.cpu.ck802j	4	const	ck802j	0	
std.Target.csky.cpu.ck802t	4	const	ck802t	0	
std.Target.csky.cpu.ck803	4	const	ck803	0	
std.Target.csky.cpu.ck803e	4	const	ck803e	0	
std.Target.csky.cpu.ck803ef	4	const	ck803ef	0	
std.Target.csky.cpu.ck803efh	4	const	ck803efh	0	
std.Target.csky.cpu.ck803efhr1	4	const	ck803efhr1	0	
std.Target.csky.cpu.ck803efhr2	4	const	ck803efhr2	0	
std.Target.csky.cpu.ck803efhr3	4	const	ck803efhr3	0	
std.Target.csky.cpu.ck803efht	4	const	ck803efht	0	
std.Target.csky.cpu.ck803efhtr1	4	const	ck803efhtr1	0	
std.Target.csky.cpu.ck803efhtr2	4	const	ck803efhtr2	0	
std.Target.csky.cpu.ck803efhtr3	4	const	ck803efhtr3	0	
std.Target.csky.cpu.ck803efr1	4	const	ck803efr1	0	
std.Target.csky.cpu.ck803efr2	4	const	ck803efr2	0	
std.Target.csky.cpu.ck803efr3	4	const	ck803efr3	0	
std.Target.csky.cpu.ck803eft	4	const	ck803eft	0	
std.Target.csky.cpu.ck803eftr1	4	const	ck803eftr1	0	
std.Target.csky.cpu.ck803eftr2	4	const	ck803eftr2	0	
std.Target.csky.cpu.ck803eftr3	4	const	ck803eftr3	0	
std.Target.csky.cpu.ck803eh	4	const	ck803eh	0	
std.Target.csky.cpu.ck803ehr1	4	const	ck803ehr1	0	
std.Target.csky.cpu.ck803ehr2	4	const	ck803ehr2	0	
std.Target.csky.cpu.ck803ehr3	4	const	ck803ehr3	0	
std.Target.csky.cpu.ck803eht	4	const	ck803eht	0	
std.Target.csky.cpu.ck803ehtr1	4	const	ck803ehtr1	0	
std.Target.csky.cpu.ck803ehtr2	4	const	ck803ehtr2	0	
std.Target.csky.cpu.ck803ehtr3	4	const	ck803ehtr3	0	
std.Target.csky.cpu.ck803er1	4	const	ck803er1	0	
std.Target.csky.cpu.ck803er2	4	const	ck803er2	0	
std.Target.csky.cpu.ck803er3	4	const	ck803er3	0	
std.Target.csky.cpu.ck803et	4	const	ck803et	0	
std.Target.csky.cpu.ck803etr1	4	const	ck803etr1	0	
std.Target.csky.cpu.ck803etr2	4	const	ck803etr2	0	
std.Target.csky.cpu.ck803etr3	4	const	ck803etr3	0	
std.Target.csky.cpu.ck803f	4	const	ck803f	0	
std.Target.csky.cpu.ck803fh	4	const	ck803fh	0	
std.Target.csky.cpu.ck803fhr1	4	const	ck803fhr1	0	
std.Target.csky.cpu.ck803fhr2	4	const	ck803fhr2	0	
std.Target.csky.cpu.ck803fhr3	4	const	ck803fhr3	0	
std.Target.csky.cpu.ck803fr1	4	const	ck803fr1	0	
std.Target.csky.cpu.ck803fr2	4	const	ck803fr2	0	
std.Target.csky.cpu.ck803fr3	4	const	ck803fr3	0	
std.Target.csky.cpu.ck803ft	4	const	ck803ft	0	
std.Target.csky.cpu.ck803ftr1	4	const	ck803ftr1	0	
std.Target.csky.cpu.ck803ftr2	4	const	ck803ftr2	0	
std.Target.csky.cpu.ck803ftr3	4	const	ck803ftr3	0	
std.Target.csky.cpu.ck803h	4	const	ck803h	0	
std.Target.csky.cpu.ck803hr1	4	const	ck803hr1	0	
std.Target.csky.cpu.ck803hr2	4	const	ck803hr2	0	
std.Target.csky.cpu.ck803hr3	4	const	ck803hr3	0	
std.Target.csky.cpu.ck803ht	4	const	ck803ht	0	
std.Target.csky.cpu.ck803htr1	4	const	ck803htr1	0	
std.Target.csky.cpu.ck803htr2	4	const	ck803htr2	0	
std.Target.csky.cpu.ck803htr3	4	const	ck803htr3	0	
std.Target.csky.cpu.ck803r1	4	const	ck803r1	0	
std.Target.csky.cpu.ck803r2	4	const	ck803r2	0	
std.Target.csky.cpu.ck803r3	4	const	ck803r3	0	
std.Target.csky.cpu.ck803s	4	const	ck803s	0	
std.Target.csky.cpu.ck803se	4	const	ck803se	0	
std.Target.csky.cpu.ck803sef	4	const	ck803sef	0	
std.Target.csky.cpu.ck803sefn	4	const	ck803sefn	0	
std.Target.csky.cpu.ck803sefnt	4	const	ck803sefnt	0	
std.Target.csky.cpu.ck803seft	4	const	ck803seft	0	
std.Target.csky.cpu.ck803sen	4	const	ck803sen	0	
std.Target.csky.cpu.ck803sf	4	const	ck803sf	0	
std.Target.csky.cpu.ck803sfn	4	const	ck803sfn	0	
std.Target.csky.cpu.ck803sn	4	const	ck803sn	0	
std.Target.csky.cpu.ck803snt	4	const	ck803snt	0	
std.Target.csky.cpu.ck803st	4	const	ck803st	0	
std.Target.csky.cpu.ck803t	4	const	ck803t	0	
std.Target.csky.cpu.ck803tr1	4	const	ck803tr1	0	
std.Target.csky.cpu.ck803tr2	4	const	ck803tr2	0	
std.Target.csky.cpu.ck803tr3	4	const	ck803tr3	0	
std.Target.csky.cpu.ck804	4	const	ck804	0	
std.Target.csky.cpu.ck804e	4	const	ck804e	0	
std.Target.csky.cpu.ck804ef	4	const	ck804ef	0	
std.Target.csky.cpu.ck804efh	4	const	ck804efh	0	
std.Target.csky.cpu.ck804efht	4	const	ck804efht	0	
std.Target.csky.cpu.ck804eft	4	const	ck804eft	0	
std.Target.csky.cpu.ck804eh	4	const	ck804eh	0	
std.Target.csky.cpu.ck804eht	4	const	ck804eht	0	
std.Target.csky.cpu.ck804et	4	const	ck804et	0	
std.Target.csky.cpu.ck804f	4	const	ck804f	0	
std.Target.csky.cpu.ck804fh	4	const	ck804fh	0	
std.Target.csky.cpu.ck804ft	4	const	ck804ft	0	
std.Target.csky.cpu.ck804h	4	const	ck804h	0	
std.Target.csky.cpu.ck804ht	4	const	ck804ht	0	
std.Target.csky.cpu.ck804t	4	const	ck804t	0	
std.Target.csky.cpu.ck805	4	const	ck805	0	
std.Target.csky.cpu.ck805e	4	const	ck805e	0	
std.Target.csky.cpu.ck805ef	4	const	ck805ef	0	
std.Target.csky.cpu.ck805eft	4	const	ck805eft	0	
std.Target.csky.cpu.ck805et	4	const	ck805et	0	
std.Target.csky.cpu.ck805f	4	const	ck805f	0	
std.Target.csky.cpu.ck805ft	4	const	ck805ft	0	
std.Target.csky.cpu.ck805t	4	const	ck805t	0	
std.Target.csky.cpu.ck807	4	const	ck807	0	
std.Target.csky.cpu.ck807e	4	const	ck807e	0	
std.Target.csky.cpu.ck807ef	4	const	ck807ef	0	
std.Target.csky.cpu.ck807f	4	const	ck807f	0	
std.Target.csky.cpu.ck810	4	const	ck810	0	
std.Target.csky.cpu.ck810e	4	const	ck810e	0	
std.Target.csky.cpu.ck810ef	4	const	ck810ef	0	
std.Target.csky.cpu.ck810eft	4	const	ck810eft	0	
std.Target.csky.cpu.ck810eftv	4	const	ck810eftv	0	
std.Target.csky.cpu.ck810efv	4	const	ck810efv	0	
std.Target.csky.cpu.ck810et	4	const	ck810et	0	
std.Target.csky.cpu.ck810etv	4	const	ck810etv	0	
std.Target.csky.cpu.ck810ev	4	const	ck810ev	0	
std.Target.csky.cpu.ck810f	4	const	ck810f	0	
std.Target.csky.cpu.ck810ft	4	const	ck810ft	0	
std.Target.csky.cpu.ck810ftv	4	const	ck810ftv	0	
std.Target.csky.cpu.ck810fv	4	const	ck810fv	0	
std.Target.csky.cpu.ck810t	4	const	ck810t	0	
std.Target.csky.cpu.ck810tv	4	const	ck810tv	0	
std.Target.csky.cpu.ck810v	4	const	ck810v	0	
std.Target.csky.cpu.ck860	4	const	ck860	0	
std.Target.csky.cpu.ck860f	4	const	ck860f	0	
std.Target.csky.cpu.ck860fv	4	const	ck860fv	0	
std.Target.csky.cpu.ck860v	4	const	ck860v	0	
std.Target.csky.cpu.e801	4	const	e801	0	
std.Target.csky.cpu.e802	4	const	e802	0	
std.Target.csky.cpu.e802t	4	const	e802t	0	
std.Target.csky.cpu.e803	4	const	e803	0	
std.Target.csky.cpu.e803t	4	const	e803t	0	
std.Target.csky.cpu.e804d	4	const	e804d	0	
std.Target.csky.cpu.e804df	4	const	e804df	0	
std.Target.csky.cpu.e804dft	4	const	e804dft	0	
std.Target.csky.cpu.e804dt	4	const	e804dt	0	
std.Target.csky.cpu.e804f	4	const	e804f	0	
std.Target.csky.cpu.e804ft	4	const	e804ft	0	
std.Target.csky.cpu.generic	4	const	generic	0	
std.Target.csky.cpu.@"i805"	4	const	@"i805"	0	
std.Target.csky.cpu.i805f	4	const	i805f	0	
std.Target.csky.cpu.r807	4	const	r807	0	
std.Target.csky.cpu.r807f	4	const	r807f	0	
std.Target.csky.cpu.s802	4	const	s802	0	
std.Target.csky.cpu.s802t	4	const	s802t	0	
std.Target.csky.cpu.s803	4	const	s803	0	
std.Target.csky.cpu.s803t	4	const	s803t	0	
std.Target.hexagon	2	ns	hexagon	7	Target/hexagon.zig
std.Target.hexagon.Feature	3	enum	Feature	0	
std.Target.hexagon.featureSet	3	const	featureSet	0	
std.Target.hexagon.featureSetHas	3	const	featureSetHas	0	
std.Target.hexagon.featureSetHasAny	3	const	featureSetHasAny	0	
std.Target.hexagon.featureSetHasAll	3	const	featureSetHasAll	0	
std.Target.hexagon.all_features	3	const	all_features	0	
std.Target.hexagon.cpu	3	struct	cpu	16	
std.Target.hexagon.cpu.generic	4	const	generic	0	
std.Target.hexagon.cpu.hexagonv5	4	const	hexagonv5	0	
std.Target.hexagon.cpu.hexagonv55	4	const	hexagonv55	0	
std.Target.hexagon.cpu.hexagonv60	4	const	hexagonv60	0	
std.Target.hexagon.cpu.hexagonv62	4	const	hexagonv62	0	
std.Target.hexagon.cpu.hexagonv65	4	const	hexagonv65	0	
std.Target.hexagon.cpu.hexagonv66	4	const	hexagonv66	0	
std.Target.hexagon.cpu.hexagonv67	4	const	hexagonv67	0	
std.Target.hexagon.cpu.hexagonv67t	4	const	hexagonv67t	0	
std.Target.hexagon.cpu.hexagonv68	4	const	hexagonv68	0	
std.Target.hexagon.cpu.hexagonv69	4	const	hexagonv69	0	
std.Target.hexagon.cpu.hexagonv71	4	const	hexagonv71	0	
std.Target.hexagon.cpu.hexagonv71t	4	const	hexagonv71t	0	
std.Target.hexagon.cpu.hexagonv73	4	const	hexagonv73	0	
std.Target.hexagon.cpu.hexagonv75	4	const	hexagonv75	0	
std.Target.hexagon.cpu.hexagonv79	4	const	hexagonv79	0	
std.Target.hppa	2	ns	hppa	7	Target/hppa.zig
std.Target.hppa.Feature	3	enum	Feature	0	
std.Target.hppa.featureSet	3	const	featureSet	0	
std.Target.hppa.featureSetHas	3	const	featureSetHas	0	
std.Target.hppa.featureSetHasAny	3	const	featureSetHasAny	0	
std.Target.hppa.featureSetHasAll	3	const	featureSetHasAll	0	
std.Target.hppa.all_features	3	const	all_features	0	
std.Target.hppa.cpu	3	struct	cpu	17	
std.Target.hppa.cpu.ns_1	4	const	ns_1	0	
std.Target.hppa.cpu.ns_2	4	const	ns_2	0	
std.Target.hppa.cpu.pa_7000	4	const	pa_7000	0	
std.Target.hppa.cpu.pa_7100	4	const	pa_7100	0	
std.Target.hppa.cpu.pa_7100lc	4	const	pa_7100lc	0	
std.Target.hppa.cpu.pa_7150	4	const	pa_7150	0	
std.Target.hppa.cpu.pa_7200	4	const	pa_7200	0	
std.Target.hppa.cpu.pa_7300lc	4	const	pa_7300lc	0	
std.Target.hppa.cpu.pa_8000	4	const	pa_8000	0	
std.Target.hppa.cpu.pa_8200	4	const	pa_8200	0	
std.Target.hppa.cpu.pa_8500	4	const	pa_8500	0	
std.Target.hppa.cpu.pa_8600	4	const	pa_8600	0	
std.Target.hppa.cpu.pa_8700	4	const	pa_8700	0	
std.Target.hppa.cpu.pa_8800	4	const	pa_8800	0	
std.Target.hppa.cpu.pa_8900	4	const	pa_8900	0	
std.Target.hppa.cpu.pcx	4	const	pcx	0	
std.Target.hppa.cpu.ts_1	4	const	ts_1	0	
std.Target.kalimba	2	ns	kalimba	7	Target/generic.zig
std.Target.kalimba.Feature	3	enum	Feature	0	
std.Target.kalimba.featureSet	3	const	featureSet	0	
std.Target.kalimba.featureSetHas	3	const	featureSetHas	0	
std.Target.kalimba.featureSetHasAny	3	const	featureSetHasAny	0	
std.Target.kalimba.featureSetHasAll	3	const	featureSetHasAll	0	
std.Target.kalimba.all_features	3	const	all_features	0	
std.Target.kalimba.cpu	3	struct	cpu	1	
std.Target.kalimba.cpu.generic	4	const	generic	0	
std.Target.kvx	2	ns	kvx	7	Target/kvx.zig
std.Target.kvx.Feature	3	enum	Feature	0	
std.Target.kvx.featureSet	3	const	featureSet	0	
std.Target.kvx.featureSetHas	3	const	featureSetHas	0	
std.Target.kvx.featureSetHasAny	3	const	featureSetHasAny	0	
std.Target.kvx.featureSetHasAll	3	const	featureSetHasAll	0	
std.Target.kvx.all_features	3	const	all_features	0	
std.Target.kvx.cpu	3	struct	cpu	2	
std.Target.kvx.cpu.coolidge_v1	4	const	coolidge_v1	0	
std.Target.kvx.cpu.coolidge_v2	4	const	coolidge_v2	0	
std.Target.lanai	2	ns	lanai	7	Target/lanai.zig
std.Target.lanai.Feature	3	enum	Feature	0	
std.Target.lanai.featureSet	3	const	featureSet	0	
std.Target.lanai.featureSetHas	3	const	featureSetHas	0	
std.Target.lanai.featureSetHasAny	3	const	featureSetHasAny	0	
std.Target.lanai.featureSetHasAll	3	const	featureSetHasAll	0	
std.Target.lanai.all_features	3	const	all_features	0	
std.Target.lanai.cpu	3	struct	cpu	2	
std.Target.lanai.cpu.generic	4	const	generic	0	
std.Target.lanai.cpu.v11	4	const	v11	0	
std.Target.loongarch	2	ns	loongarch	7	Target/loongarch.zig
std.Target.loongarch.Feature	3	enum	Feature	0	
std.Target.loongarch.featureSet	3	const	featureSet	0	
std.Target.loongarch.featureSetHas	3	const	featureSetHas	0	
std.Target.loongarch.featureSetHasAny	3	const	featureSetHasAny	0	
std.Target.loongarch.featureSetHasAll	3	const	featureSetHasAll	0	
std.Target.loongarch.all_features	3	const	all_features	0	
std.Target.loongarch.cpu	3	struct	cpu	6	
std.Target.loongarch.cpu.generic_la32	4	const	generic_la32	0	
std.Target.loongarch.cpu.generic_la64	4	const	generic_la64	0	
std.Target.loongarch.cpu.la464	4	const	la464	0	
std.Target.loongarch.cpu.la64v1_0	4	const	la64v1_0	0	
std.Target.loongarch.cpu.la64v1_1	4	const	la64v1_1	0	
std.Target.loongarch.cpu.la664	4	const	la664	0	
std.Target.m68k	2	ns	m68k	7	Target/m68k.zig
std.Target.m68k.Feature	3	enum	Feature	0	
std.Target.m68k.featureSet	3	const	featureSet	0	
std.Target.m68k.featureSetHas	3	const	featureSetHas	0	
std.Target.m68k.featureSetHasAny	3	const	featureSetHasAny	0	
std.Target.m68k.featureSetHasAll	3	const	featureSetHasAll	0	
std.Target.m68k.all_features	3	const	all_features	0	
std.Target.m68k.cpu	3	struct	cpu	7	
std.Target.m68k.cpu.generic	4	const	generic	0	
std.Target.m68k.cpu.M68000	4	const	M68000	0	
std.Target.m68k.cpu.M68010	4	const	M68010	0	
std.Target.m68k.cpu.M68020	4	const	M68020	0	
std.Target.m68k.cpu.M68030	4	const	M68030	0	
std.Target.m68k.cpu.M68040	4	const	M68040	0	
std.Target.m68k.cpu.M68060	4	const	M68060	0	
std.Target.microblaze	2	nsref	microblaze	0	Target/generic.zig
std.Target.mips	2	ns	mips	7	Target/mips.zig
std.Target.mips.Feature	3	enum	Feature	0	
std.Target.mips.featureSet	3	const	featureSet	0	
std.Target.mips.featureSetHas	3	const	featureSetHas	0	
std.Target.mips.featureSetHasAny	3	const	featureSetHasAny	0	
std.Target.mips.featureSetHasAll	3	const	featureSetHasAll	0	
std.Target.mips.all_features	3	const	all_features	0	
std.Target.mips.cpu	3	struct	cpu	22	
std.Target.mips.cpu.allegrex	4	const	allegrex	0	
std.Target.mips.cpu.generic	4	const	generic	0	
std.Target.mips.cpu.@"i6400"	4	const	@"i6400"	0	
std.Target.mips.cpu.@"i6500"	4	const	@"i6500"	0	
std.Target.mips.cpu.mips1	4	const	mips1	0	
std.Target.mips.cpu.mips2	4	const	mips2	0	
std.Target.mips.cpu.mips3	4	const	mips3	0	
std.Target.mips.cpu.mips32	4	const	mips32	0	
std.Target.mips.cpu.mips32r2	4	const	mips32r2	0	
std.Target.mips.cpu.mips32r3	4	const	mips32r3	0	
std.Target.mips.cpu.mips32r5	4	const	mips32r5	0	
std.Target.mips.cpu.mips32r6	4	const	mips32r6	0	
std.Target.mips.cpu.mips4	4	const	mips4	0	
std.Target.mips.cpu.mips5	4	const	mips5	0	
std.Target.mips.cpu.mips64	4	const	mips64	0	
std.Target.mips.cpu.mips64r2	4	const	mips64r2	0	
std.Target.mips.cpu.mips64r3	4	const	mips64r3	0	
std.Target.mips.cpu.mips64r5	4	const	mips64r5	0	
std.Target.mips.cpu.mips64r6	4	const	mips64r6	0	
std.Target.mips.cpu.octeon	4	const	octeon	0	
std.Target.mips.cpu.@"octeon+"	4	const	@"octeon+"	0	
std.Target.mips.cpu.p5600	4	const	p5600	0	
std.Target.msp430	2	ns	msp430	7	Target/msp430.zig
std.Target.msp430.Feature	3	enum	Feature	0	
std.Target.msp430.featureSet	3	const	featureSet	0	
std.Target.msp430.featureSetHas	3	const	featureSetHas	0	
std.Target.msp430.featureSetHasAny	3	const	featureSetHasAny	0	
std.Target.msp430.featureSetHasAll	3	const	featureSetHasAll	0	
std.Target.msp430.all_features	3	const	all_features	0	
std.Target.msp430.cpu	3	struct	cpu	3	
std.Target.msp430.cpu.generic	4	const	generic	0	
std.Target.msp430.cpu.msp430	4	const	msp430	0	
std.Target.msp430.cpu.msp430x	4	const	msp430x	0	
std.Target.nvptx	2	ns	nvptx	7	Target/nvptx.zig
std.Target.nvptx.Feature	3	enum	Feature	0	
std.Target.nvptx.featureSet	3	const	featureSet	0	
std.Target.nvptx.featureSetHas	3	const	featureSetHas	0	
std.Target.nvptx.featureSetHasAny	3	const	featureSetHasAny	0	
std.Target.nvptx.featureSetHasAll	3	const	featureSetHasAll	0	
std.Target.nvptx.all_features	3	const	all_features	0	
std.Target.nvptx.cpu	3	struct	cpu	36	
std.Target.nvptx.cpu.sm_100	4	const	sm_100	0	
std.Target.nvptx.cpu.sm_100a	4	const	sm_100a	0	
std.Target.nvptx.cpu.sm_100f	4	const	sm_100f	0	
std.Target.nvptx.cpu.sm_101	4	const	sm_101	0	
std.Target.nvptx.cpu.sm_101a	4	const	sm_101a	0	
std.Target.nvptx.cpu.sm_101f	4	const	sm_101f	0	
std.Target.nvptx.cpu.sm_103	4	const	sm_103	0	
std.Target.nvptx.cpu.sm_103a	4	const	sm_103a	0	
std.Target.nvptx.cpu.sm_103f	4	const	sm_103f	0	
std.Target.nvptx.cpu.sm_120	4	const	sm_120	0	
std.Target.nvptx.cpu.sm_120a	4	const	sm_120a	0	
std.Target.nvptx.cpu.sm_120f	4	const	sm_120f	0	
std.Target.nvptx.cpu.sm_121	4	const	sm_121	0	
std.Target.nvptx.cpu.sm_121a	4	const	sm_121a	0	
std.Target.nvptx.cpu.sm_121f	4	const	sm_121f	0	
std.Target.nvptx.cpu.sm_20	4	const	sm_20	0	
std.Target.nvptx.cpu.sm_21	4	const	sm_21	0	
std.Target.nvptx.cpu.sm_30	4	const	sm_30	0	
std.Target.nvptx.cpu.sm_32	4	const	sm_32	0	
std.Target.nvptx.cpu.sm_35	4	const	sm_35	0	
std.Target.nvptx.cpu.sm_37	4	const	sm_37	0	
std.Target.nvptx.cpu.sm_50	4	const	sm_50	0	
std.Target.nvptx.cpu.sm_52	4	const	sm_52	0	
std.Target.nvptx.cpu.sm_53	4	const	sm_53	0	
std.Target.nvptx.cpu.sm_60	4	const	sm_60	0	
std.Target.nvptx.cpu.sm_61	4	const	sm_61	0	
std.Target.nvptx.cpu.sm_62	4	const	sm_62	0	
std.Target.nvptx.cpu.sm_70	4	const	sm_70	0	
std.Target.nvptx.cpu.sm_72	4	const	sm_72	0	
std.Target.nvptx.cpu.sm_75	4	const	sm_75	0	
std.Target.nvptx.cpu.sm_80	4	const	sm_80	0	
std.Target.nvptx.cpu.sm_86	4	const	sm_86	0	
std.Target.nvptx.cpu.sm_87	4	const	sm_87	0	
std.Target.nvptx.cpu.sm_89	4	const	sm_89	0	
std.Target.nvptx.cpu.sm_90	4	const	sm_90	0	
std.Target.nvptx.cpu.sm_90a	4	const	sm_90a	0	
std.Target.or1k	2	nsref	or1k	0	Target/generic.zig
std.Target.powerpc	2	ns	powerpc	7	Target/powerpc.zig
std.Target.powerpc.Feature	3	enum	Feature	0	
std.Target.powerpc.featureSet	3	const	featureSet	0	
std.Target.powerpc.featureSetHas	3	const	featureSetHas	0	
std.Target.powerpc.featureSetHasAny	3	const	featureSetHasAny	0	
std.Target.powerpc.featureSetHasAll	3	const	featureSetHasAll	0	
std.Target.powerpc.all_features	3	const	all_features	0	
std.Target.powerpc.cpu	3	struct	cpu	38	
std.Target.powerpc.cpu.@"440"	4	const	@"440"	0	
std.Target.powerpc.cpu.@"450"	4	const	@"450"	0	
std.Target.powerpc.cpu.@"601"	4	const	@"601"	0	
std.Target.powerpc.cpu.@"602"	4	const	@"602"	0	
std.Target.powerpc.cpu.@"603"	4	const	@"603"	0	
std.Target.powerpc.cpu.@"603e"	4	const	@"603e"	0	
std.Target.powerpc.cpu.@"603ev"	4	const	@"603ev"	0	
std.Target.powerpc.cpu.@"604"	4	const	@"604"	0	
std.Target.powerpc.cpu.@"604e"	4	const	@"604e"	0	
std.Target.powerpc.cpu.@"620"	4	const	@"620"	0	
std.Target.powerpc.cpu.@"7400"	4	const	@"7400"	0	
std.Target.powerpc.cpu.@"7450"	4	const	@"7450"	0	
std.Target.powerpc.cpu.@"750"	4	const	@"750"	0	
std.Target.powerpc.cpu.@"970"	4	const	@"970"	0	
std.Target.powerpc.cpu.a2	4	const	a2	0	
std.Target.powerpc.cpu.e500	4	const	e500	0	
std.Target.powerpc.cpu.e500mc	4	const	e500mc	0	
std.Target.powerpc.cpu.e5500	4	const	e5500	0	
std.Target.powerpc.cpu.future	4	const	future	0	
std.Target.powerpc.cpu.g3	4	const	g3	0	
std.Target.powerpc.cpu.g4	4	const	g4	0	
std.Target.powerpc.cpu.@"g4+"	4	const	@"g4+"	0	
std.Target.powerpc.cpu.g5	4	const	g5	0	
std.Target.powerpc.cpu.generic	4	const	generic	0	
std.Target.powerpc.cpu.ppc	4	const	ppc	0	
std.Target.powerpc.cpu.ppc64	4	const	ppc64	0	
std.Target.powerpc.cpu.ppc64le	4	const	ppc64le	0	
std.Target.powerpc.cpu.pwr10	4	const	pwr10	0	
std.Target.powerpc.cpu.pwr11	4	const	pwr11	0	
std.Target.powerpc.cpu.pwr3	4	const	pwr3	0	
std.Target.powerpc.cpu.pwr4	4	const	pwr4	0	
std.Target.powerpc.cpu.pwr5	4	const	pwr5	0	
std.Target.powerpc.cpu.pwr5x	4	const	pwr5x	0	
std.Target.powerpc.cpu.pwr6	4	const	pwr6	0	
std.Target.powerpc.cpu.pwr6x	4	const	pwr6x	0	
std.Target.powerpc.cpu.pwr7	4	const	pwr7	0	
std.Target.powerpc.cpu.pwr8	4	const	pwr8	0	
std.Target.powerpc.cpu.pwr9	4	const	pwr9	0	
std.Target.propeller	2	ns	propeller	7	Target/propeller.zig
std.Target.propeller.Feature	3	enum	Feature	0	
std.Target.propeller.featureSet	3	const	featureSet	0	
std.Target.propeller.featureSetHas	3	const	featureSetHas	0	
std.Target.propeller.featureSetHasAny	3	const	featureSetHasAny	0	
std.Target.propeller.featureSetHasAll	3	const	featureSetHasAll	0	
std.Target.propeller.all_features	3	const	all_features	0	
std.Target.propeller.cpu	3	struct	cpu	2	
std.Target.propeller.cpu.p1	4	const	p1	0	
std.Target.propeller.cpu.p2	4	const	p2	0	
std.Target.riscv	2	ns	riscv	7	Target/riscv.zig
std.Target.riscv.Feature	3	enum	Feature	0	
std.Target.riscv.featureSet	3	const	featureSet	0	
std.Target.riscv.featureSetHas	3	const	featureSetHas	0	
std.Target.riscv.featureSetHasAny	3	const	featureSetHasAny	0	
std.Target.riscv.featureSetHasAll	3	const	featureSetHasAll	0	
std.Target.riscv.all_features	3	const	all_features	0	
std.Target.riscv.cpu	3	struct	cpu	53	
std.Target.riscv.cpu.andes_45_series	4	const	andes_45_series	0	
std.Target.riscv.cpu.andes_a25	4	const	andes_a25	0	
std.Target.riscv.cpu.andes_a45	4	const	andes_a45	0	
std.Target.riscv.cpu.andes_ax25	4	const	andes_ax25	0	
std.Target.riscv.cpu.andes_ax45	4	const	andes_ax45	0	
std.Target.riscv.cpu.andes_ax45mpv	4	const	andes_ax45mpv	0	
std.Target.riscv.cpu.andes_n45	4	const	andes_n45	0	
std.Target.riscv.cpu.andes_nx45	4	const	andes_nx45	0	
std.Target.riscv.cpu.baseline_rv32	4	const	baseline_rv32	0	
std.Target.riscv.cpu.baseline_rv64	4	const	baseline_rv64	0	
std.Target.riscv.cpu.generic	4	const	generic	0	
std.Target.riscv.cpu.generic_ooo	4	const	generic_ooo	0	
std.Target.riscv.cpu.generic_rv32	4	const	generic_rv32	0	
std.Target.riscv.cpu.generic_rv64	4	const	generic_rv64	0	
std.Target.riscv.cpu.mips_p8700	4	const	mips_p8700	0	
std.Target.riscv.cpu.rocket	4	const	rocket	0	
std.Target.riscv.cpu.rocket_rv32	4	const	rocket_rv32	0	
std.Target.riscv.cpu.rocket_rv64	4	const	rocket_rv64	0	
std.Target.riscv.cpu.rp2350_hazard3	4	const	rp2350_hazard3	0	
std.Target.riscv.cpu.sifive_7_series	4	const	sifive_7_series	0	
std.Target.riscv.cpu.sifive_e20	4	const	sifive_e20	0	
std.Target.riscv.cpu.sifive_e21	4	const	sifive_e21	0	
std.Target.riscv.cpu.sifive_e24	4	const	sifive_e24	0	
std.Target.riscv.cpu.sifive_e31	4	const	sifive_e31	0	
std.Target.riscv.cpu.sifive_e34	4	const	sifive_e34	0	
std.Target.riscv.cpu.sifive_e76	4	const	sifive_e76	0	
std.Target.riscv.cpu.sifive_p450	4	const	sifive_p450	0	
std.Target.riscv.cpu.sifive_p470	4	const	sifive_p470	0	
std.Target.riscv.cpu.sifive_p550	4	const	sifive_p550	0	
std.Target.riscv.cpu.sifive_p670	4	const	sifive_p670	0	
std.Target.riscv.cpu.sifive_p870	4	const	sifive_p870	0	
std.Target.riscv.cpu.sifive_s21	4	const	sifive_s21	0	
std.Target.riscv.cpu.sifive_s51	4	const	sifive_s51	0	
std.Target.riscv.cpu.sifive_s54	4	const	sifive_s54	0	
std.Target.riscv.cpu.sifive_s76	4	const	sifive_s76	0	
std.Target.riscv.cpu.sifive_u54	4	const	sifive_u54	0	
std.Target.riscv.cpu.sifive_u74	4	const	sifive_u74	0	
std.Target.riscv.cpu.sifive_x280	4	const	sifive_x280	0	
std.Target.riscv.cpu.sifive_x390	4	const	sifive_x390	0	
std.Target.riscv.cpu.spacemit_x60	4	const	spacemit_x60	0	
std.Target.riscv.cpu.syntacore_scr1_base	4	const	syntacore_scr1_base	0	
std.Target.riscv.cpu.syntacore_scr1_max	4	const	syntacore_scr1_max	0	
std.Target.riscv.cpu.syntacore_scr3_rv32	4	const	syntacore_scr3_rv32	0	
std.Target.riscv.cpu.syntacore_scr3_rv64	4	const	syntacore_scr3_rv64	0	
std.Target.riscv.cpu.syntacore_scr4_rv32	4	const	syntacore_scr4_rv32	0	
std.Target.riscv.cpu.syntacore_scr4_rv64	4	const	syntacore_scr4_rv64	0	
std.Target.riscv.cpu.syntacore_scr5_rv32	4	const	syntacore_scr5_rv32	0	
std.Target.riscv.cpu.syntacore_scr5_rv64	4	const	syntacore_scr5_rv64	0	
std.Target.riscv.cpu.syntacore_scr7	4	const	syntacore_scr7	0	
std.Target.riscv.cpu.tt_ascalon_d8	4	const	tt_ascalon_d8	0	
std.Target.riscv.cpu.veyron_v1	4	const	veyron_v1	0	
std.Target.riscv.cpu.xiangshan_kunminghu	4	const	xiangshan_kunminghu	0	
std.Target.riscv.cpu.xiangshan_nanhu	4	const	xiangshan_nanhu	0	
std.Target.s390x	2	ns	s390x	7	Target/s390x.zig
std.Target.s390x.Feature	3	enum	Feature	0	
std.Target.s390x.featureSet	3	const	featureSet	0	
std.Target.s390x.featureSetHas	3	const	featureSetHas	0	
std.Target.s390x.featureSetHasAny	3	const	featureSetHasAny	0	
std.Target.s390x.featureSetHasAll	3	const	featureSetHasAll	0	
std.Target.s390x.all_features	3	const	all_features	0	
std.Target.s390x.cpu	3	struct	cpu	17	
std.Target.s390x.cpu.arch10	4	const	arch10	0	
std.Target.s390x.cpu.arch11	4	const	arch11	0	
std.Target.s390x.cpu.arch12	4	const	arch12	0	
std.Target.s390x.cpu.arch13	4	const	arch13	0	
std.Target.s390x.cpu.arch14	4	const	arch14	0	
std.Target.s390x.cpu.arch15	4	const	arch15	0	
std.Target.s390x.cpu.arch8	4	const	arch8	0	
std.Target.s390x.cpu.arch9	4	const	arch9	0	
std.Target.s390x.cpu.generic	4	const	generic	0	
std.Target.s390x.cpu.z10	4	const	z10	0	
std.Target.s390x.cpu.z13	4	const	z13	0	
std.Target.s390x.cpu.z14	4	const	z14	0	
std.Target.s390x.cpu.z15	4	const	z15	0	
std.Target.s390x.cpu.z16	4	const	z16	0	
std.Target.s390x.cpu.z17	4	const	z17	0	
std.Target.s390x.cpu.z196	4	const	z196	0	
std.Target.s390x.cpu.zEC12	4	const	zEC12	0	
std.Target.sh	2	nsref	sh	0	Target/generic.zig
std.Target.sparc	2	ns	sparc	7	Target/sparc.zig
std.Target.sparc.Feature	3	enum	Feature	0	
std.Target.sparc.featureSet	3	const	featureSet	0	
std.Target.sparc.featureSetHas	3	const	featureSetHas	0	
std.Target.sparc.featureSetHasAny	3	const	featureSetHasAny	0	
std.Target.sparc.featureSetHasAll	3	const	featureSetHasAll	0	
std.Target.sparc.all_features	3	const	all_features	0	
std.Target.sparc.cpu	3	struct	cpu	40	
std.Target.sparc.cpu.at697e	4	const	at697e	0	
std.Target.sparc.cpu.at697f	4	const	at697f	0	
std.Target.sparc.cpu.f934	4	const	f934	0	
std.Target.sparc.cpu.generic	4	const	generic	0	
std.Target.sparc.cpu.gr712rc	4	const	gr712rc	0	
std.Target.sparc.cpu.gr740	4	const	gr740	0	
std.Target.sparc.cpu.hypersparc	4	const	hypersparc	0	
std.Target.sparc.cpu.leon2	4	const	leon2	0	
std.Target.sparc.cpu.leon3	4	const	leon3	0	
std.Target.sparc.cpu.leon4	4	const	leon4	0	
std.Target.sparc.cpu.ma2080	4	const	ma2080	0	
std.Target.sparc.cpu.ma2085	4	const	ma2085	0	
std.Target.sparc.cpu.ma2100	4	const	ma2100	0	
std.Target.sparc.cpu.ma2150	4	const	ma2150	0	
std.Target.sparc.cpu.ma2155	4	const	ma2155	0	
std.Target.sparc.cpu.ma2450	4	const	ma2450	0	
std.Target.sparc.cpu.ma2455	4	const	ma2455	0	
std.Target.sparc.cpu.ma2480	4	const	ma2480	0	
std.Target.sparc.cpu.ma2485	4	const	ma2485	0	
std.Target.sparc.cpu.ma2x5x	4	const	ma2x5x	0	
std.Target.sparc.cpu.ma2x8x	4	const	ma2x8x	0	
std.Target.sparc.cpu.myriad2	4	const	myriad2	0	
std.Target.sparc.cpu.myriad2_1	4	const	myriad2_1	0	
std.Target.sparc.cpu.myriad2_2	4	const	myriad2_2	0	
std.Target.sparc.cpu.myriad2_3	4	const	myriad2_3	0	
std.Target.sparc.cpu.niagara	4	const	niagara	0	
std.Target.sparc.cpu.niagara2	4	const	niagara2	0	
std.Target.sparc.cpu.niagara3	4	const	niagara3	0	
std.Target.sparc.cpu.niagara4	4	const	niagara4	0	
std.Target.sparc.cpu.sparclet	4	const	sparclet	0	
std.Target.sparc.cpu.sparclite	4	const	sparclite	0	
std.Target.sparc.cpu.sparclite86x	4	const	sparclite86x	0	
std.Target.sparc.cpu.supersparc	4	const	supersparc	0	
std.Target.sparc.cpu.tsc701	4	const	tsc701	0	
std.Target.sparc.cpu.ultrasparc	4	const	ultrasparc	0	
std.Target.sparc.cpu.ultrasparc3	4	const	ultrasparc3	0	
std.Target.sparc.cpu.ut699	4	const	ut699	0	
std.Target.sparc.cpu.v7	4	const	v7	0	
std.Target.sparc.cpu.v8	4	const	v8	0	
std.Target.sparc.cpu.v9	4	const	v9	0	
std.Target.spirv	2	ns	spirv	7	Target/spirv.zig
std.Target.spirv.Feature	3	enum	Feature	0	
std.Target.spirv.featureSet	3	const	featureSet	0	
std.Target.spirv.featureSetHas	3	const	featureSetHas	0	
std.Target.spirv.featureSetHasAny	3	const	featureSetHasAny	0	
std.Target.spirv.featureSetHasAll	3	const	featureSetHasAll	0	
std.Target.spirv.all_features	3	const	all_features	0	
std.Target.spirv.cpu	3	struct	cpu	3	
std.Target.spirv.cpu.generic	4	const	generic	0	
std.Target.spirv.cpu.opencl_v2	4	const	opencl_v2	0	
std.Target.spirv.cpu.vulkan_v1_2	4	const	vulkan_v1_2	0	
std.Target.ve	2	ns	ve	7	Target/ve.zig
std.Target.ve.Feature	3	enum	Feature	0	
std.Target.ve.featureSet	3	const	featureSet	0	
std.Target.ve.featureSetHas	3	const	featureSetHas	0	
std.Target.ve.featureSetHasAny	3	const	featureSetHasAny	0	
std.Target.ve.featureSetHasAll	3	const	featureSetHasAll	0	
std.Target.ve.all_features	3	const	all_features	0	
std.Target.ve.cpu	3	struct	cpu	1	
std.Target.ve.cpu.generic	4	const	generic	0	
std.Target.wasm	2	ns	wasm	7	Target/wasm.zig
std.Target.wasm.Feature	3	enum	Feature	0	
std.Target.wasm.featureSet	3	const	featureSet	0	
std.Target.wasm.featureSetHas	3	const	featureSetHas	0	
std.Target.wasm.featureSetHasAny	3	const	featureSetHasAny	0	
std.Target.wasm.featureSetHasAll	3	const	featureSetHasAll	0	
std.Target.wasm.all_features	3	const	all_features	0	
std.Target.wasm.cpu	3	struct	cpu	4	
std.Target.wasm.cpu.bleeding_edge	4	const	bleeding_edge	0	
std.Target.wasm.cpu.generic	4	const	generic	0	
std.Target.wasm.cpu.lime1	4	const	lime1	0	
std.Target.wasm.cpu.mvp	4	const	mvp	0	
std.Target.x86	2	ns	x86	7	Target/x86.zig
std.Target.x86.Feature	3	enum	Feature	0	
std.Target.x86.featureSet	3	const	featureSet	0	
std.Target.x86.featureSetHas	3	const	featureSetHas	0	
std.Target.x86.featureSetHasAny	3	const	featureSetHasAny	0	
std.Target.x86.featureSetHasAll	3	const	featureSetHasAll	0	
std.Target.x86.all_features	3	const	all_features	0	
std.Target.x86.cpu	3	struct	cpu	100	
std.Target.x86.cpu.alderlake	4	const	alderlake	0	
std.Target.x86.cpu.amdfam10	4	const	amdfam10	0	
std.Target.x86.cpu.arrowlake	4	const	arrowlake	0	
std.Target.x86.cpu.arrowlake_s	4	const	arrowlake_s	0	
std.Target.x86.cpu.athlon	4	const	athlon	0	
std.Target.x86.cpu.athlon64	4	const	athlon64	0	
std.Target.x86.cpu.athlon64_sse3	4	const	athlon64_sse3	0	
std.Target.x86.cpu.athlon_4	4	const	athlon_4	0	
std.Target.x86.cpu.athlon_fx	4	const	athlon_fx	0	
std.Target.x86.cpu.athlon_mp	4	const	athlon_mp	0	
std.Target.x86.cpu.athlon_tbird	4	const	athlon_tbird	0	
std.Target.x86.cpu.athlon_xp	4	const	athlon_xp	0	
std.Target.x86.cpu.atom	4	const	atom	0	
std.Target.x86.cpu.atom_sse4_2_movbe	4	const	atom_sse4_2_movbe	0	
std.Target.x86.cpu.barcelona	4	const	barcelona	0	
std.Target.x86.cpu.bdver1	4	const	bdver1	0	
std.Target.x86.cpu.bdver2	4	const	bdver2	0	
std.Target.x86.cpu.bdver3	4	const	bdver3	0	
std.Target.x86.cpu.bdver4	4	const	bdver4	0	
std.Target.x86.cpu.bonnell	4	const	bonnell	0	
std.Target.x86.cpu.broadwell	4	const	broadwell	0	
std.Target.x86.cpu.btver1	4	const	btver1	0	
std.Target.x86.cpu.btver2	4	const	btver2	0	
std.Target.x86.cpu.c3	4	const	c3	0	
std.Target.x86.cpu.c3_2	4	const	c3_2	0	
std.Target.x86.cpu.cannonlake	4	const	cannonlake	0	
std.Target.x86.cpu.cascadelake	4	const	cascadelake	0	
std.Target.x86.cpu.clearwaterforest	4	const	clearwaterforest	0	
std.Target.x86.cpu.cooperlake	4	const	cooperlake	0	
std.Target.x86.cpu.core2	4	const	core2	0	
std.Target.x86.cpu.corei7	4	const	corei7	0	
std.Target.x86.cpu.diamondrapids	4	const	diamondrapids	0	
std.Target.x86.cpu.emeraldrapids	4	const	emeraldrapids	0	
std.Target.x86.cpu.generic	4	const	generic	0	
std.Target.x86.cpu.geode	4	const	geode	0	
std.Target.x86.cpu.goldmont	4	const	goldmont	0	
std.Target.x86.cpu.goldmont_plus	4	const	goldmont_plus	0	
std.Target.x86.cpu.gracemont	4	const	gracemont	0	
std.Target.x86.cpu.grandridge	4	const	grandridge	0	
std.Target.x86.cpu.graniterapids	4	const	graniterapids	0	
std.Target.x86.cpu.graniterapids_d	4	const	graniterapids_d	0	
std.Target.x86.cpu.haswell	4	const	haswell	0	
std.Target.x86.cpu.@"i386"	4	const	@"i386"	0	
std.Target.x86.cpu.@"i486"	4	const	@"i486"	0	
std.Target.x86.cpu.@"i586"	4	const	@"i586"	0	
std.Target.x86.cpu.@"i686"	4	const	@"i686"	0	
std.Target.x86.cpu.@"i86"	4	const	@"i86"	0	
std.Target.x86.cpu.icelake_client	4	const	icelake_client	0	
std.Target.x86.cpu.icelake_server	4	const	icelake_server	0	
std.Target.x86.cpu.ivybridge	4	const	ivybridge	0	
std.Target.x86.cpu.k6	4	const	k6	0	
std.Target.x86.cpu.k6_2	4	const	k6_2	0	
std.Target.x86.cpu.k6_3	4	const	k6_3	0	
std.Target.x86.cpu.k8	4	const	k8	0	
std.Target.x86.cpu.k8_sse3	4	const	k8_sse3	0	
std.Target.x86.cpu.knl	4	const	knl	0	
std.Target.x86.cpu.knm	4	const	knm	0	
std.Target.x86.cpu.lakemont	4	const	lakemont	0	
std.Target.x86.cpu.lunarlake	4	const	lunarlake	0	
std.Target.x86.cpu.meteorlake	4	const	meteorlake	0	
std.Target.x86.cpu.nehalem	4	const	nehalem	0	
std.Target.x86.cpu.nocona	4	const	nocona	0	
std.Target.x86.cpu.opteron	4	const	opteron	0	
std.Target.x86.cpu.opteron_sse3	4	const	opteron_sse3	0	
std.Target.x86.cpu.pantherlake	4	const	pantherlake	0	
std.Target.x86.cpu.penryn	4	const	penryn	0	
std.Target.x86.cpu.pentium	4	const	pentium	0	
std.Target.x86.cpu.pentium2	4	const	pentium2	0	
std.Target.x86.cpu.pentium3	4	const	pentium3	0	
std.Target.x86.cpu.pentium3m	4	const	pentium3m	0	
std.Target.x86.cpu.pentium4	4	const	pentium4	0	
std.Target.x86.cpu.pentium_m	4	const	pentium_m	0	
std.Target.x86.cpu.pentium_mmx	4	const	pentium_mmx	0	
std.Target.x86.cpu.pentiumpro	4	const	pentiumpro	0	
std.Target.x86.cpu.prescott	4	const	prescott	0	
std.Target.x86.cpu.raptorlake	4	const	raptorlake	0	
std.Target.x86.cpu.rocketlake	4	const	rocketlake	0	
std.Target.x86.cpu.sandybridge	4	const	sandybridge	0	
std.Target.x86.cpu.sapphirerapids	4	const	sapphirerapids	0	
std.Target.x86.cpu.sierraforest	4	const	sierraforest	0	
std.Target.x86.cpu.silvermont	4	const	silvermont	0	
std.Target.x86.cpu.skx	4	const	skx	0	
std.Target.x86.cpu.skylake	4	const	skylake	0	
std.Target.x86.cpu.skylake_avx512	4	const	skylake_avx512	0	
std.Target.x86.cpu.slm	4	const	slm	0	
std.Target.x86.cpu.tigerlake	4	const	tigerlake	0	
std.Target.x86.cpu.tremont	4	const	tremont	0	
std.Target.x86.cpu.westmere	4	const	westmere	0	
std.Target.x86.cpu.winchip2	4	const	winchip2	0	
std.Target.x86.cpu.winchip_c6	4	const	winchip_c6	0	
std.Target.x86.cpu.x86_64	4	const	x86_64	0	
std.Target.x86.cpu.x86_64_v2	4	const	x86_64_v2	0	
std.Target.x86.cpu.x86_64_v3	4	const	x86_64_v3	0	
std.Target.x86.cpu.x86_64_v4	4	const	x86_64_v4	0	
std.Target.x86.cpu.yonah	4	const	yonah	0	
std.Target.x86.cpu.znver1	4	const	znver1	0	
std.Target.x86.cpu.znver2	4	const	znver2	0	
std.Target.x86.cpu.znver3	4	const	znver3	0	
std.Target.x86.cpu.znver4	4	const	znver4	0	
std.Target.x86.cpu.znver5	4	const	znver5	0	
std.Target.xcore	2	ns	xcore	7	Target/xcore.zig
std.Target.xcore.Feature	3	enum	Feature	0	
std.Target.xcore.featureSet	3	const	featureSet	0	
std.Target.xcore.featureSetHas	3	const	featureSetHas	0	
std.Target.xcore.featureSetHasAny	3	const	featureSetHasAny	0	
std.Target.xcore.featureSetHasAll	3	const	featureSetHasAll	0	
std.Target.xcore.all_features	3	const	all_features	0	
std.Target.xcore.cpu	3	struct	cpu	2	
std.Target.xcore.cpu.generic	4	const	generic	0	
std.Target.xcore.cpu.xs1b_generic	4	const	xs1b_generic	0	
std.Target.xtensa	2	ns	xtensa	7	Target/xtensa.zig
std.Target.xtensa.Feature	3	enum	Feature	0	
std.Target.xtensa.featureSet	3	const	featureSet	0	
std.Target.xtensa.featureSetHas	3	const	featureSetHas	0	
std.Target.xtensa.featureSetHasAny	3	const	featureSetHasAny	0	
std.Target.xtensa.featureSetHasAll	3	const	featureSetHasAll	0	
std.Target.xtensa.all_features	3	const	all_features	0	
std.Target.xtensa.cpu	3	struct	cpu	1	
std.Target.xtensa.cpu.generic	4	const	generic	0	
std.Target.Abi	2	enum	Abi	7	
std.Target.Abi.default	3	fn	default	0	2
std.Target.Abi.isGnu	3	fn	isGnu	0	1
std.Target.Abi.isMusl	3	fn	isMusl	0	1
std.Target.Abi.isOpenHarmony	3	fn	isOpenHarmony	0	1
std.Target.Abi.isAndroid	3	fn	isAndroid	0	1
std.Target.Abi.Float	3	enum	Float	0	
std.Target.Abi.float	3	fn	float	0	1
std.Target.ObjectFormat	2	enum	ObjectFormat	2	
std.Target.ObjectFormat.fileExt	3	fn	fileExt	0	2
std.Target.ObjectFormat.default	3	fn	default	0	2
std.Target.toElfMachine	2	fn	toElfMachine	0	1
std.Target.toCoffMachine	2	fn	toCoffMachine	0	1
std.Target.SubSystem	2	alias	SubSystem	0	std.zig.Subsystem
std.Target.Cpu	2	struct	Cpu	7	
std.Target.Cpu.Feature	3	struct	Feature	2	
std.Target.Cpu.Feature.Set	4	struct	Set	17	
std.Target.Cpu.Feature.Set.needed_bit_count	5	const	needed_bit_count	0	
std.Target.Cpu.Feature.Set.byte_count	5	const	byte_count	0	
std.Target.Cpu.Feature.Set.usize_count	5	const	usize_count	0	
std.Target.Cpu.Feature.Set.Index	5	const	Index	0	
std.Target.Cpu.Feature.Set.ShiftInt	5	const	ShiftInt	0	
std.Target.Cpu.Feature.Set.empty	5	const	empty	0	
std.Target.Cpu.Feature.Set.isEmpty	5	fn	isEmpty	0	1
std.Target.Cpu.Feature.Set.count	5	fn	count	0	1
std.Target.Cpu.Feature.Set.isEnabled	5	fn	isEnabled	0	2
std.Target.Cpu.Feature.Set.addFeature	5	fn	addFeature	0	2
std.Target.Cpu.Feature.Set.addFeatureSet	5	fn	addFeatureSet	0	2
std.Target.Cpu.Feature.Set.removeFeature	5	fn	removeFeature	0	2
std.Target.Cpu.Feature.Set.removeFeatureSet	5	fn	removeFeatureSet	0	2
std.Target.Cpu.Feature.Set.populateDependencies	5	fn	populateDependencies	0	2
std.Target.Cpu.Feature.Set.asBytes	5	fn	asBytes	0	1
std.Target.Cpu.Feature.Set.eql	5	fn	eql	0	2
std.Target.Cpu.Feature.Set.isSuperSetOf	5	fn	isSuperSetOf	0	2
std.Target.Cpu.Feature.FeatureSetFns	4	fn	FeatureSetFns	0	1
std.Target.Cpu.Arch	3	enum	Arch	32	
std.Target.Cpu.Arch.Family	4	enum	Family	0	
std.Target.Cpu.Arch.family	4	fn	family	0	1
std.Target.Cpu.Arch.isX86	4	fn	isX86	0	1
std.Target.Cpu.Arch.isArm	4	fn	isArm	0	1
std.Target.Cpu.Arch.isThumb	4	fn	isThumb	0	1
std.Target.Cpu.Arch.isAARCH64	4	fn	isAARCH64	0	1
std.Target.Cpu.Arch.isArc	4	fn	isArc	0	1
std.Target.Cpu.Arch.isHppa	4	fn	isHppa	0	1
std.Target.Cpu.Arch.isWasm	4	fn	isWasm	0	1
std.Target.Cpu.Arch.isLoongArch	4	fn	isLoongArch	0	1
std.Target.Cpu.Arch.isRISCV	4	fn	isRISCV	0	1
std.Target.Cpu.Arch.isRiscv32	4	fn	isRiscv32	0	1
std.Target.Cpu.Arch.isRiscv64	4	fn	isRiscv64	0	1
std.Target.Cpu.Arch.isMicroblaze	4	fn	isMicroblaze	0	1
std.Target.Cpu.Arch.isMIPS	4	fn	isMIPS	0	1
std.Target.Cpu.Arch.isMIPS32	4	fn	isMIPS32	0	1
std.Target.Cpu.Arch.isMIPS64	4	fn	isMIPS64	0	1
std.Target.Cpu.Arch.isPowerPC	4	fn	isPowerPC	0	1
std.Target.Cpu.Arch.isPowerPC32	4	fn	isPowerPC32	0	1
std.Target.Cpu.Arch.isPowerPC64	4	fn	isPowerPC64	0	1
std.Target.Cpu.Arch.isSPARC	4	fn	isSPARC	0	1
std.Target.Cpu.Arch.isSpirV	4	fn	isSpirV	0	1
std.Target.Cpu.Arch.isSh	4	fn	isSh	0	1
std.Target.Cpu.Arch.isBpf	4	fn	isBpf	0	1
std.Target.Cpu.Arch.isNvptx	4	fn	isNvptx	0	1
std.Target.Cpu.Arch.isXtensa	4	fn	isXtensa	0	1
std.Target.Cpu.Arch.parseCpuModel	4	fn	parseCpuModel	0	2
std.Target.Cpu.Arch.endian	4	fn	endian	0	1
std.Target.Cpu.Arch.allFeaturesList	4	fn	allFeaturesList	0	1
std.Target.Cpu.Arch.allCpuModels	4	fn	allCpuModels	0	1
std.Target.Cpu.Arch.plan9Ext	4	fn	plan9Ext	0	1
std.Target.Cpu.Arch.fromCallingConvention	4	fn	fromCallingConvention	0	1
std.Target.Cpu.Model	3	struct	Model	3	
std.Target.Cpu.Model.toCpu	4	fn	toCpu	0	2
std.Target.Cpu.Model.generic	4	fn	generic	0	1
std.Target.Cpu.Model.baseline	4	fn	baseline	0	2
std.Target.Cpu.baseline	3	fn	baseline	0	2
std.Target.Cpu.has	3	fn	has	0	3
std.Target.Cpu.hasAny	3	fn	hasAny	0	3
std.Target.Cpu.hasAll	3	fn	hasAll	0	3
std.Target.zigTriple	2	fn	zigTriple	0	2
std.Target.hurdTupleSimple	2	fn	hurdTupleSimple	0	3
std.Target.hurdTuple	2	fn	hurdTuple	0	2
std.Target.linuxTripleSimple	2	fn	linuxTripleSimple	0	4
std.Target.linuxTriple	2	fn	linuxTriple	0	2
std.Target.exeFileExt	2	fn	exeFileExt	0	1
std.Target.staticLibSuffix	2	fn	staticLibSuffix	0	1
std.Target.dynamicLibSuffix	2	fn	dynamicLibSuffix	0	1
std.Target.libPrefix	2	fn	libPrefix	0	1
std.Target.isMinGW	2	fn	isMinGW	0	1
std.Target.isGnuLibC	2	fn	isGnuLibC	0	1
std.Target.isMuslLibC	2	fn	isMuslLibC	0	1
std.Target.isBionicLibC	2	fn	isBionicLibC	0	1
std.Target.isDarwinLibC	2	fn	isDarwinLibC	0	1
std.Target.isFreeBSDLibC	2	fn	isFreeBSDLibC	0	1
std.Target.isNetBSDLibC	2	fn	isNetBSDLibC	0	1
std.Target.isOpenBSDLibC	2	fn	isOpenBSDLibC	0	1
std.Target.isWasiLibC	2	fn	isWasiLibC	0	1
std.Target.requiresLibC	2	fn	requiresLibC	0	1
std.Target.AddressSpaceContext	2	enum	AddressSpaceContext	0	
std.Target.supportsAddressSpace	2	fn	supportsAddressSpace	0	3
std.Target.DynamicLinker	2	struct	DynamicLinker	10	
std.Target.DynamicLinker.none	3	const	none	0	
std.Target.DynamicLinker.init	3	fn	init	0	1
std.Target.DynamicLinker.initFmt	3	fn	initFmt	0	2
std.Target.DynamicLinker.get	3	fn	get	0	1
std.Target.DynamicLinker.set	3	fn	set	0	2
std.Target.DynamicLinker.setFmt	3	fn	setFmt	0	3
std.Target.DynamicLinker.eql	3	fn	eql	0	2
std.Target.DynamicLinker.Kind	3	enum	Kind	0	
std.Target.DynamicLinker.kind	3	fn	kind	0	1
std.Target.DynamicLinker.standard	3	fn	standard	0	3
std.Target.standardDynamicLinkerPath	2	fn	standardDynamicLinkerPath	0	1
std.Target.ptrBitWidth_cpu_abi	2	fn	ptrBitWidth_cpu_abi	0	2
std.Target.ptrBitWidth_arch_abi	2	fn	ptrBitWidth_arch_abi	0	2
std.Target.ptrBitWidth	2	fn	ptrBitWidth	0	1
std.Target.stackAlignment	2	fn	stackAlignment	0	1
std.Target.StackGrowth	2	enum	StackGrowth	0	
std.Target.stackGrowth	2	fn	stackGrowth	0	1
std.Target.cCharSignedness	2	fn	cCharSignedness	0	1
std.Target.CType	2	enum	CType	0	
std.Target.cTypeByteSize	2	fn	cTypeByteSize	0	2
std.Target.cTypeBitSize	2	fn	cTypeBitSize	0	2
std.Target.cTypeAlignment	2	fn	cTypeAlignment	0	2
std.Target.cTypePreferredAlignment	2	fn	cTypePreferredAlignment	0	2
std.Target.cMaxIntAlignment	2	fn	cMaxIntAlignment	0	1
std.Target.cCallingConvention	2	fn	cCallingConvention	0	1
std.Thread	1	ns	Thread	20	Thread.zig
std.Thread.use_pthreads	2	const	use_pthreads	0	
std.Thread.max_name_len	2	const	max_name_len	0	
std.Thread.SetNameError	2	const	SetNameError	0	
std.Thread.setName	2	fn	setName	0	3
std.Thread.GetNameError	2	const	GetNameError	0	
std.Thread.getName	2	fn	getName	0	2
std.Thread.Id	2	const	Id	0	
std.Thread.getCurrentId	2	fn	getCurrentId	0	0
std.Thread.CpuCountError	2	const	CpuCountError	0	
std.Thread.getCpuCount	2	fn	getCpuCount	0	0
std.Thread.SpawnConfig	2	struct	SpawnConfig	1	
std.Thread.SpawnConfig.default_stack_size	3	const	default_stack_size	0	
std.Thread.SpawnError	2	const	SpawnError	0	
std.Thread.spawn	2	fn	spawn	0	3
std.Thread.Handle	2	alias	Handle	0	Impl.ThreadHandle
std.Thread.getHandle	2	fn	getHandle	0	1
std.Thread.detach	2	fn	detach	0	1
std.Thread.join	2	fn	join	0	1
std.Thread.YieldError	2	const	YieldError	0	
std.Thread.yield	2	fn	yield	0	0
std.Thread.maybeAttachSignalStack	2	fn	maybeAttachSignalStack	0	0
std.Treap	1	fn	Treap	0	2
std.Tz	1	alias	Tz	0	tz.Tz
std.Uri	1	ns	Uri	16	Uri.zig
std.Uri.GetHostError	2	const	GetHostError	0	
std.Uri.getHost	2	fn	getHost	0	2
std.Uri.GetHostAllocError	2	const	GetHostAllocError	0	
std.Uri.getHostAlloc	2	fn	getHostAlloc	0	2
std.Uri.Component	2	union	Component	13	
std.Uri.Component.empty	3	const	empty	0	
std.Uri.Component.isEmpty	3	fn	isEmpty	0	1
std.Uri.Component.toRaw	3	fn	toRaw	0	2
std.Uri.Component.toRawMaybeAlloc	3	fn	toRawMaybeAlloc	0	2
std.Uri.Component.formatRaw	3	fn	formatRaw	0	2
std.Uri.Component.formatEscaped	3	fn	formatEscaped	0	2
std.Uri.Component.formatUser	3	fn	formatUser	0	2
std.Uri.Component.formatPassword	3	fn	formatPassword	0	2
std.Uri.Component.formatHost	3	fn	formatHost	0	2
std.Uri.Component.formatPath	3	fn	formatPath	0	2
std.Uri.Component.formatQuery	3	fn	formatQuery	0	2
std.Uri.Component.formatFragment	3	fn	formatFragment	0	2
std.Uri.Component.percentEncode	3	fn	percentEncode	0	3
std.Uri.percentDecodeBackwards	2	fn	percentDecodeBackwards	0	2
std.Uri.percentDecodeInPlace	2	fn	percentDecodeInPlace	0	1
std.Uri.ParseError	2	const	ParseError	0	
std.Uri.parseAfterScheme	2	fn	parseAfterScheme	0	2
std.Uri.format	2	fn	format	0	2
std.Uri.writeToStream	2	fn	writeToStream	0	3
std.Uri.Format	2	struct	Format	2	
std.Uri.Format.Flags	3	struct	Flags	1	
std.Uri.Format.Flags.all	4	const	all	0	
std.Uri.Format.default	3	fn	default	0	2
std.Uri.fmt	2	fn	fmt	0	2
std.Uri.parse	2	fn	parse	0	1
std.Uri.ResolveInPlaceError	2	const	ResolveInPlaceError	0	
std.Uri.resolveInPlace	2	fn	resolveInPlace	0	3
std.ArrayHashMapUnmanaged	1	alias	ArrayHashMapUnmanaged	0	array_hash_map.Custom
std.AutoArrayHashMapUnmanaged	1	alias	AutoArrayHashMapUnmanaged	0	array_hash_map.Auto
std.StringArrayHashMapUnmanaged	1	alias	StringArrayHashMapUnmanaged	0	array_hash_map.String
std.ArrayList	1	fn	ArrayList	0	1
std.array_list	1	ns	array_list	3	array_list.zig
std.array_list.Managed	2	fn	Managed	0	1
std.array_list.AlignedManaged	2	fn	AlignedManaged	0	2
std.array_list.Aligned	2	fn	Aligned	0	2
std.ArrayListAligned	1	alias	ArrayListAligned	0	array_list.Aligned
std.ArrayListAlignedUnmanaged	1	alias	ArrayListAlignedUnmanaged	0	array_list.Aligned
std.ArrayListUnmanaged	1	alias	ArrayListUnmanaged	0	ArrayList
std.array_hash_map	1	ns	array_hash_map	14	array_hash_map.zig
std.array_hash_map.Auto	2	fn	Auto	0	2
std.array_hash_map.String	2	fn	String	0	1
std.array_hash_map.StringContext	2	struct	StringContext	2	
std.array_hash_map.StringContext.hash	3	fn	hash	0	2
std.array_hash_map.StringContext.eql	3	fn	eql	0	4
std.array_hash_map.eqlString	2	fn	eqlString	0	2
std.array_hash_map.hashString	2	fn	hashString	0	1
std.array_hash_map.ArrayHashMap	2	alias	ArrayHashMap	0	Custom
std.array_hash_map.Custom	2	fn	Custom	0	4
std.array_hash_map.getHashPtrAddrFn	2	fn	getHashPtrAddrFn	0	2
std.array_hash_map.getTrivialEqlFn	2	fn	getTrivialEqlFn	0	2
std.array_hash_map.AutoContext	2	fn	AutoContext	0	1
std.array_hash_map.getAutoHashFn	2	fn	getAutoHashFn	0	2
std.array_hash_map.getAutoEqlFn	2	fn	getAutoEqlFn	0	2
std.array_hash_map.autoEqlIsCheap	2	fn	autoEqlIsCheap	0	1
std.array_hash_map.getAutoHashStratFn	2	fn	getAutoHashStratFn	0	3
std.atomic	1	ns	atomic	5	atomic.zig
std.atomic.Value	2	fn	Value	0	1
std.atomic.spinLoopHint	2	fn	spinLoopHint	0	0
std.atomic.cacheLineForCpu	2	fn	cacheLineForCpu	0	1
std.atomic.cache_line	2	const	cache_line	0	
std.atomic.Mutex	2	enum	Mutex	2	
std.atomic.Mutex.tryLock	3	fn	tryLock	0	1
std.atomic.Mutex.unlock	3	fn	unlock	0	1
std.base64	1	ns	base64	11	base64.zig
std.base64.Error	2	const	Error	0	
std.base64.Codecs	2	struct	Codecs	0	
std.base64.standard_alphabet_chars	2	const	standard_alphabet_chars	0	
std.base64.standard	2	const	standard	0	
std.base64.standard_no_pad	2	const	standard_no_pad	0	
std.base64.url_safe_alphabet_chars	2	const	url_safe_alphabet_chars	0	
std.base64.url_safe	2	const	url_safe	0	
std.base64.url_safe_no_pad	2	const	url_safe_no_pad	0	
std.base64.Base64Encoder	2	struct	Base64Encoder	4	
std.base64.Base64Encoder.init	3	fn	init	0	2
std.base64.Base64Encoder.calcSize	3	fn	calcSize	0	2
std.base64.Base64Encoder.encodeWriter	3	fn	encodeWriter	0	3
std.base64.Base64Encoder.encode	3	fn	encode	0	3
std.base64.Base64Decoder	2	struct	Base64Decoder	4	
std.base64.Base64Decoder.init	3	fn	init	0	2
std.base64.Base64Decoder.calcSizeUpperBound	3	fn	calcSizeUpperBound	0	2
std.base64.Base64Decoder.calcSizeForSlice	3	fn	calcSizeForSlice	0	2
std.base64.Base64Decoder.decode	3	fn	decode	0	3
std.base64.Base64DecoderWithIgnore	2	struct	Base64DecoderWithIgnore	3	
std.base64.Base64DecoderWithIgnore.init	3	fn	init	0	3
std.base64.Base64DecoderWithIgnore.calcSizeUpperBound	3	fn	calcSizeUpperBound	0	2
std.base64.Base64DecoderWithIgnore.decode	3	fn	decode	0	3
std.bit_set	1	ns	bit_set	7	bit_set.zig
std.bit_set.StaticBitSet	2	fn	StaticBitSet	0	1
std.bit_set.IntegerBitSet	2	fn	IntegerBitSet	0	1
std.bit_set.ArrayBitSet	2	fn	ArrayBitSet	0	2
std.bit_set.DynamicBitSetUnmanaged	2	struct	DynamicBitSetUnmanaged	29	
std.bit_set.DynamicBitSetUnmanaged.MaskInt	3	alias	MaskInt	0	usize
std.bit_set.DynamicBitSetUnmanaged.ShiftInt	3	const	ShiftInt	0	
std.bit_set.DynamicBitSetUnmanaged.initEmpty	3	fn	initEmpty	0	2
std.bit_set.DynamicBitSetUnmanaged.initFull	3	fn	initFull	0	2
std.bit_set.DynamicBitSetUnmanaged.resize	3	fn	resize	0	4
std.bit_set.DynamicBitSetUnmanaged.deinit	3	fn	deinit	0	2
std.bit_set.DynamicBitSetUnmanaged.clone	3	fn	clone	0	2
std.bit_set.DynamicBitSetUnmanaged.capacity	3	fn	capacity	0	1
std.bit_set.DynamicBitSetUnmanaged.isSet	3	fn	isSet	0	2
std.bit_set.DynamicBitSetUnmanaged.count	3	fn	count	0	1
std.bit_set.DynamicBitSetUnmanaged.setValue	3	fn	setValue	0	3
std.bit_set.DynamicBitSetUnmanaged.set	3	fn	set	0	2
std.bit_set.DynamicBitSetUnmanaged.setRangeValue	3	fn	setRangeValue	0	3
std.bit_set.DynamicBitSetUnmanaged.unset	3	fn	unset	0	2
std.bit_set.DynamicBitSetUnmanaged.unsetAll	3	fn	unsetAll	0	1
std.bit_set.DynamicBitSetUnmanaged.setAll	3	fn	setAll	0	1
std.bit_set.DynamicBitSetUnmanaged.toggle	3	fn	toggle	0	2
std.bit_set.DynamicBitSetUnmanaged.toggleSet	3	fn	toggleSet	0	2
std.bit_set.DynamicBitSetUnmanaged.toggleAll	3	fn	toggleAll	0	1
std.bit_set.DynamicBitSetUnmanaged.setUnion	3	fn	setUnion	0	2
std.bit_set.DynamicBitSetUnmanaged.setIntersection	3	fn	setIntersection	0	2
std.bit_set.DynamicBitSetUnmanaged.findFirstSet	3	fn	findFirstSet	0	1
std.bit_set.DynamicBitSetUnmanaged.findLastSet	3	fn	findLastSet	0	1
std.bit_set.DynamicBitSetUnmanaged.toggleFirstSet	3	fn	toggleFirstSet	0	1
std.bit_set.DynamicBitSetUnmanaged.eql	3	fn	eql	0	2
std.bit_set.DynamicBitSetUnmanaged.subsetOf	3	fn	subsetOf	0	2
std.bit_set.DynamicBitSetUnmanaged.supersetOf	3	fn	supersetOf	0	2
std.bit_set.DynamicBitSetUnmanaged.iterator	3	fn	iterator	0	2
std.bit_set.DynamicBitSetUnmanaged.Iterator	3	fn	Iterator	0	1
std.bit_set.DynamicBitSet	2	struct	DynamicBitSet	25	
std.bit_set.DynamicBitSet.MaskInt	3	alias	MaskInt	0	usize
std.bit_set.DynamicBitSet.ShiftInt	3	const	ShiftInt	0	
std.bit_set.DynamicBitSet.initEmpty	3	fn	initEmpty	0	2
std.bit_set.DynamicBitSet.initFull	3	fn	initFull	0	2
std.bit_set.DynamicBitSet.resize	3	fn	resize	0	3
std.bit_set.DynamicBitSet.deinit	3	fn	deinit	0	1
std.bit_set.DynamicBitSet.clone	3	fn	clone	0	2
std.bit_set.DynamicBitSet.capacity	3	fn	capacity	0	1
std.bit_set.DynamicBitSet.isSet	3	fn	isSet	0	2
std.bit_set.DynamicBitSet.count	3	fn	count	0	1
std.bit_set.DynamicBitSet.setValue	3	fn	setValue	0	3
std.bit_set.DynamicBitSet.set	3	fn	set	0	2
std.bit_set.DynamicBitSet.setRangeValue	3	fn	setRangeValue	0	3
std.bit_set.DynamicBitSet.unset	3	fn	unset	0	2
std.bit_set.DynamicBitSet.toggle	3	fn	toggle	0	2
std.bit_set.DynamicBitSet.toggleSet	3	fn	toggleSet	0	2
std.bit_set.DynamicBitSet.toggleAll	3	fn	toggleAll	0	1
std.bit_set.DynamicBitSet.setUnion	3	fn	setUnion	0	2
std.bit_set.DynamicBitSet.setIntersection	3	fn	setIntersection	0	2
std.bit_set.DynamicBitSet.findFirstSet	3	fn	findFirstSet	0	1
std.bit_set.DynamicBitSet.findLastSet	3	fn	findLastSet	0	1
std.bit_set.DynamicBitSet.toggleFirstSet	3	fn	toggleFirstSet	0	1
std.bit_set.DynamicBitSet.eql	3	fn	eql	0	2
std.bit_set.DynamicBitSet.iterator	3	fn	iterator	0	2
std.bit_set.DynamicBitSet.Iterator	3	alias	Iterator	0	DynamicBitSetUnmanaged.Iterator
std.bit_set.IteratorOptions	2	struct	IteratorOptions	2	
std.bit_set.IteratorOptions.Type	3	enum	Type	0	
std.bit_set.IteratorOptions.Direction	3	enum	Direction	0	
std.bit_set.Range	2	struct	Range	0	
std.builtin	1	ns	builtin	40	builtin.zig
std.builtin.assembly	2	ns	assembly	1	builtin/assembly.zig
std.builtin.assembly.Clobbers	3	const	Clobbers	0	
std.builtin.StackTrace	2	struct	StackTrace	0	
std.builtin.GlobalLinkage	2	enum	GlobalLinkage	0	
std.builtin.SymbolVisibility	2	enum	SymbolVisibility	0	
std.builtin.AtomicOrder	2	enum	AtomicOrder	0	
std.builtin.ReduceOp	2	enum	ReduceOp	0	
std.builtin.AtomicRmwOp	2	enum	AtomicRmwOp	0	
std.builtin.CodeModel	2	enum	CodeModel	0	
std.builtin.OptimizeMode	2	enum	OptimizeMode	0	
std.builtin.CallingConvention	2	union	CallingConvention	15	
std.builtin.CallingConvention.Tag	3	const	Tag	0	
std.builtin.CallingConvention.c	3	const	c	0	
std.builtin.CallingConvention.winapi	3	const	winapi	0	
std.builtin.CallingConvention.kernel	3	const	kernel	0	
std.builtin.CallingConvention.CommonOptions	3	struct	CommonOptions	0	
std.builtin.CallingConvention.X86RegparmOptions	3	struct	X86RegparmOptions	0	
std.builtin.CallingConvention.ArcInterruptOptions	3	struct	ArcInterruptOptions	1	
std.builtin.CallingConvention.ArcInterruptOptions.InterruptType	4	enum	InterruptType	0	
std.builtin.CallingConvention.ArmInterruptOptions	3	struct	ArmInterruptOptions	1	
std.builtin.CallingConvention.ArmInterruptOptions.InterruptType	4	enum	InterruptType	0	
std.builtin.CallingConvention.MicroblazeInterruptOptions	3	struct	MicroblazeInterruptOptions	1	
std.builtin.CallingConvention.MicroblazeInterruptOptions.InterruptType	4	enum	InterruptType	0	
std.builtin.CallingConvention.MipsInterruptOptions	3	struct	MipsInterruptOptions	1	
std.builtin.CallingConvention.MipsInterruptOptions.InterruptMode	4	enum	InterruptMode	0	
std.builtin.CallingConvention.RiscvInterruptOptions	3	struct	RiscvInterruptOptions	1	
std.builtin.CallingConvention.RiscvInterruptOptions.PrivilegeMode	4	enum	PrivilegeMode	0	
std.builtin.CallingConvention.ShInterruptOptions	3	struct	ShInterruptOptions	1	
std.builtin.CallingConvention.ShInterruptOptions.SaveBehavior	4	enum	SaveBehavior	0	
std.builtin.CallingConvention.archs	3	fn	archs	0	1
std.builtin.CallingConvention.eql	3	fn	eql	0	2
std.builtin.CallingConvention.withStackAlign	3	fn	withStackAlign	0	2
std.builtin.AddressSpace	2	enum	AddressSpace	0	
std.builtin.SourceLocation	2	struct	SourceLocation	0	
std.builtin.TypeId	2	const	TypeId	0	
std.builtin.Type	2	union	Type	21	
std.builtin.Type.Int	3	struct	Int	0	
std.builtin.Type.Float	3	struct	Float	0	
std.builtin.Type.Pointer	3	struct	Pointer	3	
std.builtin.Type.Pointer.sentinel	4	fn	sentinel	0	1
std.builtin.Type.Pointer.Size	4	enum	Size	0	
std.builtin.Type.Pointer.Attributes	4	struct	Attributes	0	
std.builtin.Type.Array	3	struct	Array	1	
std.builtin.Type.Array.sentinel	4	fn	sentinel	0	1
std.builtin.Type.ContainerLayout	3	enum	ContainerLayout	0	
std.builtin.Type.StructField	3	struct	StructField	2	
std.builtin.Type.StructField.defaultValue	4	fn	defaultValue	0	1
std.builtin.Type.StructField.Attributes	4	struct	Attributes	0	
std.builtin.Type.Struct	3	struct	Struct	0	
std.builtin.Type.Optional	3	struct	Optional	0	
std.builtin.Type.ErrorUnion	3	struct	ErrorUnion	0	
std.builtin.Type.Error	3	struct	Error	0	
std.builtin.Type.ErrorSet	3	const	ErrorSet	0	
std.builtin.Type.EnumField	3	struct	EnumField	0	
std.builtin.Type.Enum	3	struct	Enum	1	
std.builtin.Type.Enum.Mode	4	enum	Mode	0	
std.builtin.Type.UnionField	3	struct	UnionField	1	
std.builtin.Type.UnionField.Attributes	4	struct	Attributes	0	
std.builtin.Type.Union	3	struct	Union	0	
std.builtin.Type.Fn	3	struct	Fn	2	
std.builtin.Type.Fn.Param	4	struct	Param	1	
std.builtin.Type.Fn.Param.Attributes	5	struct	Attributes	0	
std.builtin.Type.Fn.Attributes	4	struct	Attributes	0	
std.builtin.Type.Opaque	3	struct	Opaque	0	
std.builtin.Type.Frame	3	struct	Frame	0	
std.builtin.Type.AnyFrame	3	struct	AnyFrame	0	
std.builtin.Type.Vector	3	struct	Vector	0	
std.builtin.Type.Declaration	3	struct	Declaration	0	
std.builtin.FloatMode	2	enum	FloatMode	0	
std.builtin.Endian	2	enum	Endian	2	
std.builtin.Endian.native	3	const	native	0	
std.builtin.Endian.foreign	3	const	foreign	0	
std.builtin.Signedness	2	enum	Signedness	0	
std.builtin.OutputMode	2	enum	OutputMode	0	
std.builtin.LinkMode	2	enum	LinkMode	0	
std.builtin.UnwindTables	2	enum	UnwindTables	0	
std.builtin.WasiExecModel	2	enum	WasiExecModel	0	
std.builtin.CallModifier	2	enum	CallModifier	0	
std.builtin.VaListAarch64	2	struct	VaListAarch64	0	
std.builtin.VaListAlpha	2	struct	VaListAlpha	0	
std.builtin.VaListArm	2	struct	VaListArm	0	
std.builtin.VaListHexagon	2	struct	VaListHexagon	0	
std.builtin.VaListPowerPc	2	struct	VaListPowerPc	0	
std.builtin.VaListS390x	2	struct	VaListS390x	0	
std.builtin.VaListSh	2	struct	VaListSh	0	
std.builtin.VaListX86_64	2	struct	VaListX86_64	0	
std.builtin.VaListXtensa	2	struct	VaListXtensa	0	
std.builtin.VaList	2	const	VaList	0	
std.builtin.PrefetchOptions	2	struct	PrefetchOptions	2	
std.builtin.PrefetchOptions.Rw	3	enum	Rw	0	
std.builtin.PrefetchOptions.Cache	3	enum	Cache	0	
std.builtin.ExportOptions	2	struct	ExportOptions	0	
std.builtin.ExternOptions	2	struct	ExternOptions	2	
std.builtin.ExternOptions.Decoration	3	union	Decoration	1	
std.builtin.ExternOptions.Decoration.Descriptor	4	struct	Descriptor	0	
std.builtin.ExternOptions.Relocation	3	enum	Relocation	0	
std.builtin.BranchHint	2	enum	BranchHint	0	
std.builtin.CompilerBackend	2	enum	CompilerBackend	0	
std.builtin.TestFn	2	struct	TestFn	0	
std.builtin.panic	2	const	panic	0	
std.builtin.returnError	2	fn	returnError	0	0
std.c	1	ns	c	592	c.zig
std.c.iovec	2	alias	iovec	0	std.posix.iovec
std.c.iovec_const	2	alias	iovec_const	0	std.posix.iovec_const
std.c.LOCK	2	alias	LOCK	0	std.posix.LOCK
std.c.winsize	2	alias	winsize	0	std.posix.winsize
std.c._mh_execute_header	2	const	_mh_execute_header	0	
std.c.versionCheck	2	fn	versionCheck	0	1
std.c.errno	2	fn	errno	0	1
std.c.ino_t	2	const	ino_t	0	
std.c.off_t	2	const	off_t	0	
std.c.UTIME	2	const	UTIME	0	
std.c.timespec	2	const	timespec	0	
std.c.dev_t	2	const	dev_t	0	
std.c.mode_t	2	const	mode_t	0	
std.c.nlink_t	2	const	nlink_t	0	
std.c.uid_t	2	const	uid_t	0	
std.c.gid_t	2	const	gid_t	0	
std.c.blksize_t	2	const	blksize_t	0	
std.c.passwd	2	const	passwd	0	
std.c.group	2	const	group	0	
std.c.blkcnt_t	2	const	blkcnt_t	0	
std.c.fd_t	2	const	fd_t	0	
std.c.ARCH	2	const	ARCH	0	
std.c.TIMERFD_CLOCK	2	alias	TIMERFD_CLOCK	0	timerfd_clockid_t
std.c.timerfd_clockid_t	2	const	timerfd_clockid_t	0	
std.c.CLOCK	2	alias	CLOCK	0	clockid_t
std.c.clockid_t	2	const	clockid_t	0	
std.c.CPU_COUNT	2	const	CPU_COUNT	0	
std.c.E	2	const	E	0	
std.c.Elf_Symndx	2	const	Elf_Symndx	0	
std.c.F	2	const	F	0	
std.c.FD_CLOEXEC	2	const	FD_CLOEXEC	0	
std.c.F_OK	2	const	F_OK	0	
std.c.X_OK	2	const	X_OK	0	
std.c.W_OK	2	const	W_OK	0	
std.c.R_OK	2	const	R_OK	0	
std.c.Flock	2	const	Flock	0	
std.c.HOST_NAME_MAX	2	const	HOST_NAME_MAX	0	
std.c.IOV_MAX	2	const	IOV_MAX	0	
std.c.CTL	2	const	CTL	0	
std.c.KERN	2	const	KERN	0	
std.c.MADV	2	const	MADV	0	
std.c.MCL	2	const	MCL	0	
std.c.MLOCK	2	const	MLOCK	0	
std.c.MSF	2	const	MSF	0	
std.c.NAME_MAX	2	const	NAME_MAX	0	
std.c.PATH_MAX	2	const	PATH_MAX	0	
std.c.POLL	2	const	POLL	0	
std.c.PROT	2	const	PROT	0	
std.c.RLIM	2	const	RLIM	0	
std.c.S	2	const	S	0	
std.c.SA	2	const	SA	0	
std.c.sigval_t	2	const	sigval_t	0	
std.c.SC	2	const	SC	0	
std.c._SC	2	const	_SC	0	
std.c.SEEK	2	const	SEEK	0	
std.c.SHUT	2	const	SHUT	0	
std.c.SIG	2	const	SIG	0	
std.c.SIOCGIFINDEX	2	const	SIOCGIFINDEX	0	
std.c.STDIN_FILENO	2	const	STDIN_FILENO	0	
std.c.STDOUT_FILENO	2	const	STDOUT_FILENO	0	
std.c.STDERR_FILENO	2	const	STDERR_FILENO	0	
std.c.SYS	2	const	SYS	0	
std.c.Sigaction	2	const	Sigaction	0	
std.c.T	2	const	T	0	
std.c.IOCPARM_MASK	2	const	IOCPARM_MASK	0	
std.c.TCSA	2	alias	TCSA	0	std.posix.TCSA
std.c.TFD	2	const	TFD	0	
std.c.VDSO	2	const	VDSO	0	
std.c.W	2	const	W	0	
std.c.accept_filter_arg	2	const	accept_filter_arg	0	
std.c.clock_t	2	const	clock_t	0	
std.c.cpu_set_t	2	const	cpu_set_t	0	
std.c.dl_phdr_info	2	const	dl_phdr_info	0	
std.c.epoll_event	2	const	epoll_event	0	
std.c.ifreq	2	const	ifreq	0	
std.c.in_pktinfo	2	const	in_pktinfo	0	
std.c.in6_pktinfo	2	const	in6_pktinfo	0	
std.c.itimerspec	2	const	itimerspec	0	
std.c.linger	2	const	linger	0	
std.c.msghdr	2	const	msghdr	0	
std.c.msghdr_const	2	const	msghdr_const	0	
std.c.mmsghdr	2	const	mmsghdr	0	
std.c.cmsghdr	2	const	cmsghdr	0	
std.c.nfds_t	2	const	nfds_t	0	
std.c.perf_event_attr	2	const	perf_event_attr	0	
std.c.pid_t	2	const	pid_t	0	
std.c.pollfd	2	const	pollfd	0	
std.c.rlim_t	2	const	rlim_t	0	
std.c.rlimit	2	const	rlimit	0	
std.c.rlimit_resource	2	const	rlimit_resource	0	
std.c.rusage	2	const	rusage	0	
std.c.siginfo_t	2	const	siginfo_t	0	
std.c.sigset_t	2	const	sigset_t	0	
std.c.sigval	2	const	sigval	0	
std.c.addrinfo	2	const	addrinfo	0	
std.c.sockaddr	2	const	sockaddr	0	
std.c.socklen_t	2	const	socklen_t	0	
std.c.in_port_t	2	alias	in_port_t	0	u16
std.c.sa_family_t	2	const	sa_family_t	0	
std.c.AF	2	const	AF	0	
std.c.PF	2	const	PF	0	
std.c.DT	2	const	DT	0	
std.c.MSG	2	const	MSG	0	
std.c.SOCK	2	const	SOCK	0	
std.c.TCP	2	const	TCP	0	
std.c.IPPROTO	2	const	IPPROTO	0	
std.c.IP	2	const	IP	0	
std.c.IPV6	2	const	IPV6	0	
std.c.IPTOS	2	const	IPTOS	0	
std.c.SOL	2	const	SOL	0	
std.c.SO	2	const	SO	0	
std.c.SOMAXCONN	2	const	SOMAXCONN	0	
std.c.SCM	2	const	SCM	0	
std.c.IFNAMESIZE	2	const	IFNAMESIZE	0	
std.c.stack_t	2	const	stack_t	0	
std.c.time_t	2	const	time_t	0	
std.c.suseconds_t	2	const	suseconds_t	0	
std.c.timeval	2	const	timeval	0	
std.c.timezone	2	const	timezone	0	
std.c.user_desc	2	const	user_desc	0	
std.c.utsname	2	const	utsname	0	
std.c.PR	2	const	PR	0	
std.c._errno	2	const	_errno	0	
std.c.RTLD	2	const	RTLD	0	
std.c.dirent	2	const	dirent	0	
std.c.MAXNAMLEN	2	const	MAXNAMLEN	0	
std.c.dirent64	2	const	dirent64	0	
std.c.AI	2	const	AI	0	
std.c.NI	2	const	NI	0	
std.c.EAI	2	const	EAI	0	
std.c.dl_iterate_phdr_callback	2	const	dl_iterate_phdr_callback	0	
std.c.Stat	2	const	Stat	0	
std.c.pthread_mutex_t	2	const	pthread_mutex_t	0	
std.c.pthread_cond_t	2	const	pthread_cond_t	0	
std.c.pthread_rwlock_t	2	const	pthread_rwlock_t	0	
std.c.pthread_attr_t	2	const	pthread_attr_t	0	
std.c.pthread_key_t	2	const	pthread_key_t	0	
std.c.padded_pthread_spin_t	2	const	padded_pthread_spin_t	0	
std.c.pthread_spin_t	2	const	pthread_spin_t	0	
std.c.sem_t	2	const	sem_t	0	
std.c.Kevent	2	const	Kevent	0	
std.c.port_t	2	const	port_t	0	
std.c.port_event	2	const	port_event	0	
std.c.AT	2	const	AT	0	
std.c.O	2	const	O	0	
std.c.MAP	2	const	MAP	0	
std.c.MREMAP	2	const	MREMAP	0	
std.c.MAP_FAILED	2	const	MAP_FAILED	0	
std.c.cc_t	2	alias	cc_t	0	u8
std.c.V	2	const	V	0	
std.c.NCCS	2	const	NCCS	0	
std.c.termios	2	const	termios	0	
std.c.tc_iflag_t	2	const	tc_iflag_t	0	
std.c.tc_oflag_t	2	const	tc_oflag_t	0	
std.c.CSIZE	2	const	CSIZE	0	
std.c.tc_cflag_t	2	const	tc_cflag_t	0	
std.c.tc_lflag_t	2	const	tc_lflag_t	0	
std.c.speed_t	2	const	speed_t	0	
std.c.whence_t	2	const	whence_t	0	
std.c.sig_atomic_t	2	const	sig_atomic_t	0	
std.c.NSIG	2	const	NSIG	0	
std.c.MINSIGSTKSZ	2	const	MINSIGSTKSZ	0	
std.c.SIGSTKSZ	2	const	SIGSTKSZ	0	
std.c.SS	2	const	SS	0	
std.c.EV	2	const	EV	0	
std.c.EVFILT	2	const	EVFILT	0	
std.c.NOTE	2	const	NOTE	0	
std.c.FUTEX	2	const	FUTEX	0	
std.c.MFD	2	const	MFD	0	
std.c.DIR	2	opaque	DIR	0	
std.c.close	2	const	close	0	
std.c.clock_getres	2	const	clock_getres	0	
std.c.clock_gettime	2	const	clock_gettime	0	
std.c.fstat	2	const	fstat	0	
std.c.fstatat	2	const	fstatat	0	
std.c.arc4random_buf	2	const	arc4random_buf	0	
std.c.getentropy	2	const	getentropy	0	
std.c.getrandom	2	const	getrandom	0	
std.c.sendfile	2	const	sendfile	0	
std.c.sigaltstack	2	const	sigaltstack	0	
std.c.pipe2	2	const	pipe2	0	
std.c.copy_file_range	2	const	copy_file_range	0	
std.c.getdirentries	2	const	getdirentries	0	
std.c.getdents	2	const	getdents	0	
std.c.getrusage	2	const	getrusage	0	
std.c.gettimeofday	2	const	gettimeofday	0	
std.c.mlock	2	const	mlock	0	
std.c.mlock2	2	const	mlock2	0	
std.c.munlock	2	const	munlock	0	
std.c.mlockall	2	const	mlockall	0	
std.c.munlockall	2	const	munlockall	0	
std.c.msync	2	const	msync	0	
std.c.nanosleep	2	const	nanosleep	0	
std.c.readdir	2	const	readdir	0	
std.c.realpath	2	const	realpath	0	
std.c.sched_yield	2	const	sched_yield	0	
std.c.sigaction	2	const	sigaction	0	
std.c.sigrtmin	2	const	sigrtmin	0	
std.c.sigrtmax	2	const	sigrtmax	0	
std.c.sigfillset	2	const	sigfillset	0	
std.c.sigaddset	2	alias	sigaddset	0	private.sigaddset
std.c.sigemptyset	2	const	sigemptyset	0	
std.c.sigdelset	2	alias	sigdelset	0	private.sigdelset
std.c.sigismember	2	alias	sigismember	0	private.sigismember
std.c.sigprocmask	2	const	sigprocmask	0	
std.c.socket	2	const	socket	0	
std.c.socketpair	2	const	socketpair	0	
std.c.stat	2	const	stat	0	
std.c._msize	2	const	_msize	0	
std.c.malloc_size	2	const	malloc_size	0	
std.c.malloc_usable_size	2	const	malloc_usable_size	0	
std.c.posix_memalign	2	const	posix_memalign	0	
std.c.sysconf	2	const	sysconf	0	
std.c.sf_hdtr	2	const	sf_hdtr	0	
std.c.flock	2	const	flock	0	
std.c.futex	2	const	futex	0	
std.c.environ	2	const	environ	0	
std.c.wait4	2	const	wait4	0	
std.c.fork	2	const	fork	0	
std.c.recvmsg	2	const	recvmsg	0	
std.c.pthread_cancelstate	2	const	pthread_cancelstate	0	
std.c.pthread_setname_np	2	const	pthread_setname_np	0	
std.c.pthread_threadid_np	2	const	pthread_threadid_np	0	
std.c.caddr_t	2	const	caddr_t	0	
std.c.ptrace	2	const	ptrace	0	
std.c.shm_open	2	const	shm_open	0	
std.c.PTHREAD_MUTEX_INITIALIZER	2	const	PTHREAD_MUTEX_INITIALIZER	0	
std.c.PTHREAD_COND_INITIALIZER	2	const	PTHREAD_COND_INITIALIZER	0	
std.c.pthread_t	2	const	pthread_t	0	
std.c.FILE	2	opaque	FILE	0	
std.c.dladdr	2	const	dladdr	0	
std.c.dl_info	2	const	dl_info	0	
std.c.LC	2	enum	LC	0	
std.c.max_align_t	2	const	max_align_t	0	
std.c.div_t	2	struct	div_t	0	
std.c.ldiv_t	2	struct	ldiv_t	0	
std.c.lldiv_t	2	struct	lldiv_t	0	
std.c.imaxdiv_t	2	struct	imaxdiv_t	0	
std.c.intmax_t	2	alias	intmax_t	0	i64
std.c.uintmax_t	2	alias	uintmax_t	0	u64
std.c.wint_t	2	const	wint_t	0	
std.c.wchar_t	2	const	wchar_t	0	
std.c.TIMER	2	const	TIMER	0	
std.c.clock_nanosleep	2	const	clock_nanosleep	0	
std.c.ioctl	2	const	ioctl	0	
std.c.AF_SUN	2	alias	AF_SUN	0	illumos.AF_SUN
std.c.AT_SUN	2	alias	AT_SUN	0	illumos.AT_SUN
std.c.FILE_EVENT	2	alias	FILE_EVENT	0	illumos.FILE_EVENT
std.c.GETCONTEXT	2	alias	GETCONTEXT	0	illumos.GETCONTEXT
std.c.GETUSTACK	2	alias	GETUSTACK	0	illumos.GETUSTACK
std.c.PORT_ALERT	2	alias	PORT_ALERT	0	illumos.PORT_ALERT
std.c.PORT_SOURCE	2	alias	PORT_SOURCE	0	illumos.PORT_SOURCE
std.c.POSIX_FADV	2	alias	POSIX_FADV	0	illumos.POSIX_FADV
std.c.SETCONTEXT	2	alias	SETCONTEXT	0	illumos.SETCONTEXT
std.c.SETUSTACK	2	alias	SETUSTACK	0	illumos.GETUSTACK
std.c.SFD	2	alias	SFD	0	illumos.SFD
std.c.ctid_t	2	alias	ctid_t	0	illumos.ctid_t
std.c.file_obj	2	alias	file_obj	0	illumos.file_obj
std.c.id_t	2	alias	id_t	0	illumos.id_t
std.c.lif_ifinfo_req	2	alias	lif_ifinfo_req	0	illumos.lif_ifinfo_req
std.c.lif_nd_req	2	alias	lif_nd_req	0	illumos.lif_nd_req
std.c.lifreq	2	alias	lifreq	0	illumos.lifreq
std.c.major_t	2	alias	major_t	0	illumos.major_t
std.c.minor_t	2	alias	minor_t	0	illumos.minor_t
std.c.poolid_t	2	alias	poolid_t	0	illumos.poolid_t
std.c.port_notify	2	alias	port_notify	0	illumos.port_notify
std.c.priority	2	alias	priority	0	illumos.priority
std.c.procfs	2	alias	procfs	0	illumos.procfs
std.c.projid_t	2	alias	projid_t	0	illumos.projid_t
std.c.signalfd_siginfo	2	alias	signalfd_siginfo	0	illumos.signalfd_siginfo
std.c.taskid_t	2	alias	taskid_t	0	illumos.taskid_t
std.c.zoneid_t	2	alias	zoneid_t	0	illumos.zoneid_t
std.c.DirEnt	2	alias	DirEnt	0	haiku.DirEnt
std.c._get_next_area_info	2	alias	_get_next_area_info	0	haiku._get_next_area_info
std.c._get_next_image_info	2	alias	_get_next_image_info	0	haiku._get_next_image_info
std.c._get_team_info	2	alias	_get_team_info	0	haiku._get_team_info
std.c._kern_get_current_team	2	alias	_kern_get_current_team	0	haiku._kern_get_current_team
std.c._kern_open_dir	2	alias	_kern_open_dir	0	haiku._kern_open_dir
std.c._kern_read_dir	2	alias	_kern_read_dir	0	haiku._kern_read_dir
std.c._kern_read_stat	2	alias	_kern_read_stat	0	haiku._kern_read_stat
std.c._kern_rewind_dir	2	alias	_kern_rewind_dir	0	haiku._kern_rewind_dir
std.c.area_id	2	alias	area_id	0	haiku.area_id
std.c.area_info	2	alias	area_info	0	haiku.area_info
std.c.directory_which	2	alias	directory_which	0	haiku.directory_which
std.c.find_directory	2	alias	find_directory	0	haiku.find_directory
std.c.find_thread	2	alias	find_thread	0	haiku.find_thread
std.c.get_system_info	2	alias	get_system_info	0	haiku.get_system_info
std.c.image_info	2	alias	image_info	0	haiku.image_info
std.c.port_id	2	alias	port_id	0	haiku.port_id
std.c.sem_id	2	alias	sem_id	0	haiku.sem_id
std.c.status_t	2	alias	status_t	0	haiku.status_t
std.c.system_info	2	alias	system_info	0	haiku.system_info
std.c.team_id	2	alias	team_id	0	haiku.team_id
std.c.team_info	2	alias	team_info	0	haiku.team_info
std.c.thread_id	2	alias	thread_id	0	haiku.thread_id
std.c.AUTH	2	alias	AUTH	0	openbsd.AUTH
std.c.BI	2	alias	BI	0	openbsd.BI
std.c.HW	2	alias	HW	0	openbsd.HW
std.c.PTHREAD_STACK_MIN	2	alias	PTHREAD_STACK_MIN	0	openbsd.PTHREAD_STACK_MIN
std.c.TCFLUSH	2	alias	TCFLUSH	0	openbsd.TCFLUSH
std.c.TCIO	2	alias	TCIO	0	openbsd.TCIO
std.c.auth_approval	2	alias	auth_approval	0	openbsd.auth_approval
std.c.auth_call	2	alias	auth_call	0	openbsd.auth_call
std.c.auth_cat	2	alias	auth_cat	0	openbsd.auth_cat
std.c.auth_challenge	2	alias	auth_challenge	0	openbsd.auth_challenge
std.c.auth_check_change	2	alias	auth_check_change	0	openbsd.auth_check_change
std.c.auth_check_expire	2	alias	auth_check_expire	0	openbsd.auth_check_expire
std.c.auth_checknologin	2	alias	auth_checknologin	0	openbsd.auth_checknologin
std.c.auth_clean	2	alias	auth_clean	0	openbsd.auth_clean
std.c.auth_close	2	alias	auth_close	0	openbsd.auth_close
std.c.auth_clrenv	2	alias	auth_clrenv	0	openbsd.auth_clrenv
std.c.auth_clroption	2	alias	auth_clroption	0	openbsd.auth_clroption
std.c.auth_clroptions	2	alias	auth_clroptions	0	openbsd.auth_clroptions
std.c.auth_getitem	2	alias	auth_getitem	0	openbsd.auth_getitem
std.c.auth_getpwd	2	alias	auth_getpwd	0	openbsd.auth_getpwd
std.c.auth_getstate	2	alias	auth_getstate	0	openbsd.auth_getstate
std.c.auth_getvalue	2	alias	auth_getvalue	0	openbsd.auth_getvalue
std.c.auth_item_t	2	alias	auth_item_t	0	openbsd.auth_item_t
std.c.auth_mkvalue	2	alias	auth_mkvalue	0	openbsd.auth_mkvalue
std.c.auth_open	2	alias	auth_open	0	openbsd.auth_open
std.c.auth_session_t	2	alias	auth_session_t	0	openbsd.auth_session_t
std.c.auth_setdata	2	alias	auth_setdata	0	openbsd.auth_setdata
std.c.auth_setenv	2	alias	auth_setenv	0	openbsd.auth_setenv
std.c.auth_setitem	2	alias	auth_setitem	0	openbsd.auth_setitem
std.c.auth_setoption	2	alias	auth_setoption	0	openbsd.auth_setoption
std.c.auth_setpwd	2	alias	auth_setpwd	0	openbsd.auth_setpwd
std.c.auth_setstate	2	alias	auth_setstate	0	openbsd.auth_setstate
std.c.auth_userchallenge	2	alias	auth_userchallenge	0	openbsd.auth_userchallenge
std.c.auth_usercheck	2	alias	auth_usercheck	0	openbsd.auth_usercheck
std.c.auth_userokay	2	alias	auth_userokay	0	openbsd.auth_userokay
std.c.auth_userresponse	2	alias	auth_userresponse	0	openbsd.auth_userresponse
std.c.auth_verify	2	alias	auth_verify	0	openbsd.auth_verify
std.c.bcrypt	2	alias	bcrypt	0	openbsd.bcrypt
std.c.bcrypt_checkpass	2	alias	bcrypt_checkpass	0	openbsd.bcrypt_checkpass
std.c.bcrypt_gensalt	2	alias	bcrypt_gensalt	0	openbsd.bcrypt_gensalt
std.c.bcrypt_newhash	2	alias	bcrypt_newhash	0	openbsd.bcrypt_newhash
std.c.getpwnam_shadow	2	alias	getpwnam_shadow	0	openbsd.getpwnam_shadow
std.c.getpwuid_shadow	2	alias	getpwuid_shadow	0	openbsd.getpwuid_shadow
std.c.getthrid	2	alias	getthrid	0	openbsd.getthrid
std.c.login_cap_t	2	alias	login_cap_t	0	openbsd.login_cap_t
std.c.login_close	2	alias	login_close	0	openbsd.login_close
std.c.login_getcapbool	2	alias	login_getcapbool	0	openbsd.login_getcapbool
std.c.login_getcapnum	2	alias	login_getcapnum	0	openbsd.login_getcapnum
std.c.login_getcapsize	2	alias	login_getcapsize	0	openbsd.login_getcapsize
std.c.login_getcapstr	2	alias	login_getcapstr	0	openbsd.login_getcapstr
std.c.login_getcaptime	2	alias	login_getcaptime	0	openbsd.login_getcaptime
std.c.login_getclass	2	alias	login_getclass	0	openbsd.login_getclass
std.c.login_getstyle	2	alias	login_getstyle	0	openbsd.login_getstyle
std.c.pledge	2	alias	pledge	0	openbsd.pledge
std.c.pthread_spinlock_t	2	alias	pthread_spinlock_t	0	openbsd.pthread_spinlock_t
std.c.pw_dup	2	alias	pw_dup	0	openbsd.pw_dup
std.c.setclasscontext	2	alias	setclasscontext	0	openbsd.setclasscontext
std.c.setpassent	2	alias	setpassent	0	openbsd.setpassent
std.c.setusercontext	2	alias	setusercontext	0	openbsd.setusercontext
std.c.uid_from_user	2	alias	uid_from_user	0	openbsd.uid_from_user
std.c.unveil	2	alias	unveil	0	openbsd.unveil
std.c.user_from_uid	2	alias	user_from_uid	0	openbsd.user_from_uid
std.c.CAP_RIGHTS_VERSION	2	alias	CAP_RIGHTS_VERSION	0	freebsd.CAP_RIGHTS_VERSION
std.c.KINFO_FILE_SIZE	2	alias	KINFO_FILE_SIZE	0	freebsd.KINFO_FILE_SIZE
std.c.UMTX_ABSTIME	2	alias	UMTX_ABSTIME	0	freebsd.UMTX_ABSTIME
std.c.UMTX_OP	2	alias	UMTX_OP	0	freebsd.UMTX_OP
std.c._umtx_op	2	alias	_umtx_op	0	freebsd._umtx_op
std.c._umtx_time	2	alias	_umtx_time	0	freebsd._umtx_time
std.c.cap_rights	2	alias	cap_rights	0	freebsd.cap_rights
std.c.fflags_t	2	alias	fflags_t	0	freebsd.fflags_t
std.c.fsblkcnt_t	2	alias	fsblkcnt_t	0	freebsd.fsblkcnt_t
std.c.fsfilcnt_t	2	alias	fsfilcnt_t	0	freebsd.fsfilcnt_t
std.c.kinfo_file	2	alias	kinfo_file	0	freebsd.kinfo_file
std.c.kinfo_getfile	2	alias	kinfo_getfile	0	freebsd.kinfo_getfile
std.c.CALENDAR_CLOCK	2	alias	CALENDAR_CLOCK	0	darwin.CALENDAR_CLOCK
std.c.COPYFILE	2	alias	COPYFILE	0	darwin.COPYFILE
std.c.CPUFAMILY	2	alias	CPUFAMILY	0	darwin.CPUFAMILY
std.c.PT	2	alias	PT	0	darwin.PT
std.c.DB_RECORDTYPE	2	alias	DB_RECORDTYPE	0	darwin.DB_RECORDTYPE
std.c.EXC	2	alias	EXC	0	darwin.EXC
std.c.EXCEPTION	2	alias	EXCEPTION	0	darwin.EXCEPTION
std.c.KEVENT	2	alias	KEVENT	0	darwin.KEVENT
std.c.MACH	2	alias	MACH	0	darwin.MACH
std.c.MACH_MSG_TYPE	2	alias	MACH_MSG_TYPE	0	darwin.MACH_MSG_TYPE
std.c.MACH_PORT_RIGHT	2	alias	MACH_PORT_RIGHT	0	darwin.MACH_PORT_RIGHT
std.c.MACH_TASK_BASIC_INFO	2	alias	MACH_TASK_BASIC_INFO	0	darwin.MACH_TASK_BASIC_INFO
std.c.MACH_TASK_BASIC_INFO_COUNT	2	alias	MACH_TASK_BASIC_INFO_COUNT	0	darwin.MACH_TASK_BASIC_INFO_COUNT
std.c.MATTR	2	alias	MATTR	0	darwin.MATTR
std.c.NSVersionOfRunTimeLibrary	2	alias	NSVersionOfRunTimeLibrary	0	darwin.NSVersionOfRunTimeLibrary
std.c.OPEN_MAX	2	alias	OPEN_MAX	0	darwin.OPEN_MAX
std.c.OS	2	alias	OS	0	darwin.OS
std.c.POSIX_SPAWN	2	alias	POSIX_SPAWN	0	darwin.POSIX_SPAWN
std.c.SYSPROTO_EVENT	2	alias	SYSPROTO_EVENT	0	darwin.SYSPROTO_EVENT
std.c.SYSPROTO_CONTROL	2	alias	SYSPROTO_CONTROL	0	darwin.SYSPROTO_CONTROL
std.c.TASK	2	alias	TASK	0	darwin.TASK
std.c.TASK_NULL	2	alias	TASK_NULL	0	darwin.TASK_NULL
std.c.TASK_VM_INFO	2	alias	TASK_VM_INFO	0	darwin.TASK_VM_INFO
std.c.TASK_VM_INFO_COUNT	2	alias	TASK_VM_INFO_COUNT	0	darwin.TASK_VM_INFO_COUNT
std.c.THREAD	2	alias	THREAD	0	darwin.THREAD
std.c.THREAD_BASIC_INFO	2	alias	THREAD_BASIC_INFO	0	darwin.THREAD_BASIC_INFO
std.c.THREAD_BASIC_INFO_COUNT	2	alias	THREAD_BASIC_INFO_COUNT	0	darwin.THREAD_BASIC_INFO_COUNT
std.c.THREAD_IDENTIFIER_INFO_COUNT	2	alias	THREAD_IDENTIFIER_INFO_COUNT	0	darwin.THREAD_IDENTIFIER_INFO_COUNT
std.c.THREAD_NULL	2	alias	THREAD_NULL	0	darwin.THREAD_NULL
std.c.THREAD_STATE_NONE	2	alias	THREAD_STATE_NONE	0	darwin.THREAD_STATE_NONE
std.c.UL	2	alias	UL	0	darwin.UL
std.c.VM	2	alias	VM	0	darwin.VM
std.c._NSGetExecutablePath	2	alias	_NSGetExecutablePath	0	darwin._NSGetExecutablePath
std.c.__getdirentries64	2	alias	__getdirentries64	0	darwin.__getdirentries64
std.c.__ulock_wait	2	alias	__ulock_wait	0	darwin.__ulock_wait
std.c.__ulock_wait2	2	alias	__ulock_wait2	0	darwin.__ulock_wait2
std.c.__ulock_wake	2	alias	__ulock_wake	0	darwin.__ulock_wake
std.c._dyld_get_image_header	2	alias	_dyld_get_image_header	0	darwin._dyld_get_image_header
std.c._dyld_get_image_name	2	alias	_dyld_get_image_name	0	darwin._dyld_get_image_name
std.c._dyld_get_image_vmaddr_slide	2	alias	_dyld_get_image_vmaddr_slide	0	darwin._dyld_get_image_vmaddr_slide
std.c._dyld_image_count	2	alias	_dyld_image_count	0	darwin._dyld_image_count
std.c._dyld_get_image_header_containing_address	2	alias	_dyld_get_image_header_containing_address	0	darwin._dyld_get_image_header_containing_address
std.c.dyld_image_path_containing_address	2	alias	dyld_image_path_containing_address	0	darwin.dyld_image_path_containing_address
std.c._host_page_size	2	alias	_host_page_size	0	darwin._host_page_size
std.c.boolean_t	2	alias	boolean_t	0	darwin.boolean_t
std.c.clock_get_time	2	alias	clock_get_time	0	darwin.clock_get_time
std.c.clock_serv_t	2	alias	clock_serv_t	0	darwin.clock_serv_t
std.c.clock_res_t	2	alias	clock_res_t	0	darwin.clock_res_t
std.c.@"close$NOCANCEL"	2	const	@"close$NOCANCEL"	0	
std.c.dispatch	2	alias	dispatch	0	darwin.dispatch
std.c.fcopyfile	2	alias	fcopyfile	0	darwin.fcopyfile
std.c.host_t	2	alias	host_t	0	darwin.host_t
std.c.integer_t	2	alias	integer_t	0	darwin.integer_t
std.c.ipc_space_t	2	alias	ipc_space_t	0	darwin.ipc_space_t
std.c.ipc_space_port_t	2	alias	ipc_space_port_t	0	darwin.ipc_space_port_t
std.c.kern_return_t	2	alias	kern_return_t	0	darwin.kern_return_t
std.c.vm_size_t	2	alias	vm_size_t	0	darwin.vm_size_t
std.c.kevent64	2	alias	kevent64	0	darwin.kevent64
std.c.kevent64_s	2	alias	kevent64_s	0	darwin.kevent64_s
std.c.mach_absolute_time	2	alias	mach_absolute_time	0	darwin.mach_absolute_time
std.c.mach_continuous_time	2	alias	mach_continuous_time	0	darwin.mach_continuous_time
std.c.mach_hdr	2	alias	mach_hdr	0	darwin.mach_hdr
std.c.mach_host_self	2	alias	mach_host_self	0	darwin.mach_host_self
std.c.mach_msg	2	alias	mach_msg	0	darwin.mach_msg
std.c.mach_msg_return_t	2	alias	mach_msg_return_t	0	darwin.mach_msg_return_t
std.c.mach_msg_type_number_t	2	alias	mach_msg_type_number_t	0	darwin.mach_msg_type_number_t
std.c.mach_port_allocate	2	alias	mach_port_allocate	0	darwin.mach_port_allocate
std.c.mach_port_array_t	2	alias	mach_port_array_t	0	darwin.mach_port_array_t
std.c.mach_port_deallocate	2	alias	mach_port_deallocate	0	darwin.mach_port_deallocate
std.c.mach_port_insert_right	2	alias	mach_port_insert_right	0	darwin.mach_port_insert_right
std.c.mach_port_name_t	2	alias	mach_port_name_t	0	darwin.mach_port_name_t
std.c.mach_port_t	2	alias	mach_port_t	0	darwin.mach_port_t
std.c.mach_task_basic_info	2	alias	mach_task_basic_info	0	darwin.mach_task_basic_info
std.c.mach_task_self	2	alias	mach_task_self	0	darwin.mach_task_self
std.c.mach_timebase_info	2	alias	mach_timebase_info	0	darwin.mach_timebase_info
std.c.mach_timebase_info_data	2	alias	mach_timebase_info_data	0	darwin.mach_timebase_info_data
std.c.mach_timespec_t	2	alias	mach_timespec_t	0	darwin.mach_timespec_t
std.c.mach_vm_address_t	2	alias	mach_vm_address_t	0	darwin.mach_vm_address_t
std.c.mach_vm_protect	2	alias	mach_vm_protect	0	darwin.mach_vm_protect
std.c.mach_vm_read	2	alias	mach_vm_read	0	darwin.mach_vm_read
std.c.mach_vm_region	2	alias	mach_vm_region	0	darwin.mach_vm_region
std.c.mach_vm_region_recurse	2	alias	mach_vm_region_recurse	0	darwin.mach_vm_region_recurse
std.c.mach_vm_size_t	2	alias	mach_vm_size_t	0	darwin.mach_vm_size_t
std.c.mach_vm_write	2	alias	mach_vm_write	0	darwin.mach_vm_write
std.c.natural_t	2	alias	natural_t	0	darwin.natural_t
std.c.os_log_create	2	alias	os_log_create	0	darwin.os_log_create
std.c.os_log_t	2	alias	os_log_t	0	darwin.os_log_t
std.c.os_log_type_enabled	2	alias	os_log_type_enabled	0	darwin.os_log_type_enabled
std.c.os_log_type_t	2	alias	os_log_type_t	0	darwin.os_log_type_t
std.c.os_signpost_enabled	2	alias	os_signpost_enabled	0	darwin.os_signpost_enabled
std.c.os_signpost_id_generate	2	alias	os_signpost_id_generate	0	darwin.os_signpost_id_generate
std.c.os_signpost_id_make_with_pointer	2	alias	os_signpost_id_make_with_pointer	0	darwin.os_signpost_id_make_with_pointer
std.c.os_signpost_id_t	2	alias	os_signpost_id_t	0	darwin.os_signpost_id_t
std.c.os_signpost_interval_begin	2	alias	os_signpost_interval_begin	0	darwin.os_signpost_interval_begin
std.c.os_signpost_interval_end	2	alias	os_signpost_interval_end	0	darwin.os_signpost_interval_end
std.c.os_unfair_lock	2	alias	os_unfair_lock	0	darwin.os_unfair_lock
std.c.os_unfair_lock_assert_not_owner	2	alias	os_unfair_lock_assert_not_owner	0	darwin.os_unfair_lock_assert_not_owner
std.c.os_unfair_lock_assert_owner	2	alias	os_unfair_lock_assert_owner	0	darwin.os_unfair_lock_assert_owner
std.c.os_unfair_lock_lock	2	alias	os_unfair_lock_lock	0	darwin.os_unfair_lock_lock
std.c.os_unfair_lock_t	2	alias	os_unfair_lock_t	0	darwin.os_unfair_lock_t
std.c.os_unfair_lock_trylock	2	alias	os_unfair_lock_trylock	0	darwin.os_unfair_lock_trylock
std.c.os_unfair_lock_unlock	2	alias	os_unfair_lock_unlock	0	darwin.os_unfair_lock_unlock
std.c.pid_for_task	2	alias	pid_for_task	0	darwin.pid_for_task
std.c.posix_spawn	2	alias	posix_spawn	0	darwin.posix_spawn
std.c.posix_spawn_file_actions_addchdir_np	2	alias	posix_spawn_file_actions_addchdir_np	0	darwin.posix_spawn_file_actions_addchdir_np
std.c.posix_spawn_file_actions_addclose	2	alias	posix_spawn_file_actions_addclose	0	darwin.posix_spawn_file_actions_addclose
std.c.posix_spawn_file_actions_adddup2	2	alias	posix_spawn_file_actions_adddup2	0	darwin.posix_spawn_file_actions_adddup2
std.c.posix_spawn_file_actions_addfchdir_np	2	alias	posix_spawn_file_actions_addfchdir_np	0	darwin.posix_spawn_file_actions_addfchdir_np
std.c.posix_spawn_file_actions_addinherit_np	2	alias	posix_spawn_file_actions_addinherit_np	0	darwin.posix_spawn_file_actions_addinherit_np
std.c.posix_spawn_file_actions_addopen	2	alias	posix_spawn_file_actions_addopen	0	darwin.posix_spawn_file_actions_addopen
std.c.posix_spawn_file_actions_destroy	2	alias	posix_spawn_file_actions_destroy	0	darwin.posix_spawn_file_actions_destroy
std.c.posix_spawn_file_actions_init	2	alias	posix_spawn_file_actions_init	0	darwin.posix_spawn_file_actions_init
std.c.posix_spawn_file_actions_t	2	alias	posix_spawn_file_actions_t	0	darwin.posix_spawn_file_actions_t
std.c.posix_spawnattr_destroy	2	alias	posix_spawnattr_destroy	0	darwin.posix_spawnattr_destroy
std.c.posix_spawnattr_getflags	2	alias	posix_spawnattr_getflags	0	darwin.posix_spawnattr_getflags
std.c.posix_spawnattr_init	2	alias	posix_spawnattr_init	0	darwin.posix_spawnattr_init
std.c.posix_spawnattr_setflags	2	alias	posix_spawnattr_setflags	0	darwin.posix_spawnattr_setflags
std.c.posix_spawnattr_t	2	alias	posix_spawnattr_t	0	darwin.posix_spawnattr_t
std.c.posix_spawnp	2	alias	posix_spawnp	0	darwin.posix_spawnp
std.c.pthread_attr_get_qos_class_np	2	alias	pthread_attr_get_qos_class_np	0	darwin.pthread_attr_get_qos_class_np
std.c.pthread_attr_set_qos_class_np	2	alias	pthread_attr_set_qos_class_np	0	darwin.pthread_attr_set_qos_class_np
std.c.pthread_get_qos_class_np	2	alias	pthread_get_qos_class_np	0	darwin.pthread_get_qos_class_np
std.c.pthread_set_qos_class_self_np	2	alias	pthread_set_qos_class_self_np	0	darwin.pthread_set_qos_class_self_np
std.c.qos_class_t	2	alias	qos_class_t	0	darwin.qos_class_t
std.c.task_flavor_t	2	alias	task_flavor_t	0	darwin.task_flavor_t
std.c.task_for_pid	2	alias	task_for_pid	0	darwin.task_for_pid
std.c.task_get_exception_ports	2	alias	task_get_exception_ports	0	darwin.task_get_exception_ports
std.c.task_info	2	alias	task_info	0	darwin.task_info
std.c.task_info_t	2	alias	task_info_t	0	darwin.task_info_t
std.c.task_name_t	2	alias	task_name_t	0	darwin.task_name_t
std.c.task_resume	2	alias	task_resume	0	darwin.task_resume
std.c.task_set_exception_ports	2	alias	task_set_exception_ports	0	darwin.task_set_exception_ports
std.c.task_suspend	2	alias	task_suspend	0	darwin.task_suspend
std.c.task_threads	2	alias	task_threads	0	darwin.task_threads
std.c.task_vm_info_data_t	2	alias	task_vm_info_data_t	0	darwin.task_vm_info_data_t
std.c.thread_basic_info	2	alias	thread_basic_info	0	darwin.thread_basic_info
std.c.thread_get_state	2	alias	thread_get_state	0	darwin.thread_get_state
std.c.thread_identifier_info	2	alias	thread_identifier_info	0	darwin.thread_identifier_info
std.c.thread_info	2	alias	thread_info	0	darwin.thread_info
std.c.thread_info_t	2	alias	thread_info_t	0	darwin.thread_info_t
std.c.thread_resume	2	alias	thread_resume	0	darwin.thread_resume
std.c.thread_set_state	2	alias	thread_set_state	0	darwin.thread_set_state
std.c.vm_address_t	2	alias	vm_address_t	0	darwin.vm_address_t
std.c.vm_deallocate	2	alias	vm_deallocate	0	darwin.vm_deallocate
std.c.vm_machine_attribute	2	alias	vm_machine_attribute	0	darwin.vm_machine_attribute
std.c.vm_machine_attribute_t	2	alias	vm_machine_attribute_t	0	darwin.vm_machine_attribute_t
std.c.vm_machine_attribute_val_t	2	alias	vm_machine_attribute_val_t	0	darwin.vm_machine_attribute_val_t
std.c.vm_map_t	2	alias	vm_map_t	0	darwin.vm_map_t
std.c.vm_offset_t	2	alias	vm_offset_t	0	darwin.vm_offset_t
std.c.vm_prot_t	2	alias	vm_prot_t	0	darwin.vm_prot_t
std.c.vm_region_basic_info_64	2	alias	vm_region_basic_info_64	0	darwin.vm_region_basic_info_64
std.c.vm_region_extended_info	2	alias	vm_region_extended_info	0	darwin.vm_region_extended_info
std.c.vm_region_info_t	2	alias	vm_region_info_t	0	darwin.vm_region_info_t
std.c.vm_region_recurse_info_t	2	alias	vm_region_recurse_info_t	0	darwin.vm_region_recurse_info_t
std.c.vm_region_submap_info_64	2	alias	vm_region_submap_info_64	0	darwin.vm_region_submap_info_64
std.c.vm_region_submap_short_info_64	2	alias	vm_region_submap_short_info_64	0	darwin.vm_region_submap_short_info_64
std.c.vm_region_top_info	2	alias	vm_region_top_info	0	darwin.vm_region_top_info
std.c.exception_behavior_array_t	2	alias	exception_behavior_array_t	0	darwin.exception_behavior_array_t
std.c.exception_behavior_t	2	alias	exception_behavior_t	0	darwin.exception_behavior_t
std.c.exception_data_t	2	alias	exception_data_t	0	darwin.exception_data_t
std.c.exception_data_type_t	2	alias	exception_data_type_t	0	darwin.exception_data_type_t
std.c.exception_flavor_array_t	2	alias	exception_flavor_array_t	0	darwin.exception_flavor_array_t
std.c.exception_handler_array_t	2	alias	exception_handler_array_t	0	darwin.exception_handler_array_t
std.c.exception_handler_t	2	alias	exception_handler_t	0	darwin.exception_handler_t
std.c.exception_mask_array_t	2	alias	exception_mask_array_t	0	darwin.exception_mask_array_t
std.c.exception_mask_t	2	alias	exception_mask_t	0	darwin.exception_mask_t
std.c.exception_port_array_t	2	alias	exception_port_array_t	0	darwin.exception_port_array_t
std.c.exception_port_t	2	alias	exception_port_t	0	darwin.exception_port_t
std.c.exception_type_t	2	alias	exception_type_t	0	darwin.exception_type_t
std.c.mach_exception_data_t	2	alias	mach_exception_data_t	0	darwin.mach_exception_data_t
std.c.mach_exception_data_type_t	2	alias	mach_exception_data_type_t	0	darwin.mach_exception_data_type_t
std.c.mach_msg_bits_t	2	alias	mach_msg_bits_t	0	darwin.mach_msg_bits_t
std.c.mach_msg_id_t	2	alias	mach_msg_id_t	0	darwin.mach_msg_id_t
std.c.mach_msg_header_t	2	alias	mach_msg_header_t	0	darwin.mach_msg_header_t
std.c.mach_msg_option_t	2	alias	mach_msg_option_t	0	darwin.mach_msg_option_t
std.c.mach_msg_size_t	2	alias	mach_msg_size_t	0	darwin.mach_msg_size_t
std.c.mach_msg_timeout_t	2	alias	mach_msg_timeout_t	0	darwin.mach_msg_timeout_t
std.c.mach_msg_type_name_t	2	alias	mach_msg_type_name_t	0	darwin.mach_msg_type_name_t
std.c.mach_port_right_t	2	alias	mach_port_right_t	0	darwin.mach_port_right_t
std.c.memory_object_offset_t	2	alias	memory_object_offset_t	0	darwin.memory_object_offset_t
std.c.policy_t	2	alias	policy_t	0	darwin.policy_t
std.c.task_policy_flavor_t	2	alias	task_policy_flavor_t	0	darwin.task_policy_flavor_t
std.c.task_policy_t	2	alias	task_policy_t	0	darwin.task_policy_t
std.c.task_read_t	2	alias	task_read_t	0	darwin.task_read_t
std.c.task_t	2	alias	task_t	0	darwin.task_t
std.c.thread_act_t	2	alias	thread_act_t	0	darwin.thread_act_t
std.c.thread_flavor_t	2	alias	thread_flavor_t	0	darwin.thread_flavor_t
std.c.thread_port_t	2	alias	thread_port_t	0	darwin.thread_port_t
std.c.thread_state_flavor_t	2	alias	thread_state_flavor_t	0	darwin.thread_state_flavor_t
std.c.thread_state_t	2	alias	thread_state_t	0	darwin.thread_state_t
std.c.thread_t	2	alias	thread_t	0	darwin.thread_t
std.c.time_value_t	2	alias	time_value_t	0	darwin.time_value_t
std.c.vm32_object_id_t	2	alias	vm32_object_id_t	0	darwin.vm32_object_id_t
std.c.vm_behavior_t	2	alias	vm_behavior_t	0	darwin.vm_behavior_t
std.c.vm_inherit_t	2	alias	vm_inherit_t	0	darwin.vm_inherit_t
std.c.vm_map_read_t	2	alias	vm_map_read_t	0	darwin.vm_map_read_t
std.c.vm_object_id_t	2	alias	vm_object_id_t	0	darwin.vm_object_id_t
std.c.vm_region_flavor_t	2	alias	vm_region_flavor_t	0	darwin.vm_region_flavor_t
std.c._ksiginfo	2	alias	_ksiginfo	0	netbsd._ksiginfo
std.c._lwp_self	2	alias	_lwp_self	0	netbsd._lwp_self
std.c._lwp_park	2	alias	_lwp_park	0	netbsd.___lwp_park60
std.c._lwp_unpark	2	alias	_lwp_unpark	0	netbsd._lwp_unpark
std.c._lwp_unpark_all	2	alias	_lwp_unpark_all	0	netbsd._lwp_unpark_all
std.c.lwpid_t	2	alias	lwpid_t	0	netbsd.lwpid_t
std.c.lwp_gettid	2	alias	lwp_gettid	0	dragonfly.lwp_gettid
std.c.umtx_sleep	2	alias	umtx_sleep	0	dragonfly.umtx_sleep
std.c.umtx_wakeup	2	alias	umtx_wakeup	0	dragonfly.umtx_wakeup
std.c.PERF_EVENT	2	alias	PERF_EVENT	0	serenity.PERF_EVENT
std.c.disown	2	alias	disown	0	serenity.disown
std.c.profiling_enable	2	alias	profiling_enable	0	serenity.profiling_enable
std.c.profiling_disable	2	alias	profiling_disable	0	serenity.profiling_disable
std.c.profiling_free_buffer	2	alias	profiling_free_buffer	0	serenity.profiling_free_buffer
std.c.futex_wait	2	alias	futex_wait	0	serenity.futex_wait
std.c.futex_wake	2	alias	futex_wake	0	serenity.futex_wake
std.c.purge	2	alias	purge	0	serenity.purge
std.c.perf_event	2	alias	perf_event	0	serenity.perf_event
std.c.perf_register_string	2	alias	perf_register_string	0	serenity.perf_register_string
std.c.get_stack_bounds	2	alias	get_stack_bounds	0	serenity.get_stack_bounds
std.c.anon_create	2	alias	anon_create	0	serenity.anon_create
std.c.serenity_readlink	2	alias	serenity_readlink	0	serenity.serenity_readlink
std.c.serenity_open	2	alias	serenity_open	0	serenity.serenity_open
std.c.getkeymap	2	alias	getkeymap	0	serenity.getkeymap
std.c.setkeymap	2	alias	setkeymap	0	serenity.setkeymap
std.coff	1	ns	coff	40	coff.zig
std.coff.Header	2	struct	Header	1	
std.coff.Header.Flags	3	struct	Flags	0	
std.coff.IMAGE_NT_OPTIONAL_HDR32_MAGIC	2	const	IMAGE_NT_OPTIONAL_HDR32_MAGIC	0	
std.coff.IMAGE_NT_OPTIONAL_HDR64_MAGIC	2	const	IMAGE_NT_OPTIONAL_HDR64_MAGIC	0	
std.coff.DllFlags	2	struct	DllFlags	0	
std.coff.Subsystem	2	enum	Subsystem	0	
std.coff.OptionalHeader	2	struct	OptionalHeader	3	
std.coff.OptionalHeader.Magic	3	enum	Magic	0	
std.coff.OptionalHeader.PE32	3	struct	PE32	0	
std.coff.OptionalHeader.@"PE32+"	3	struct	@"PE32+"	0	
std.coff.IMAGE_NUMBEROF_DIRECTORY_ENTRIES	2	const	IMAGE_NUMBEROF_DIRECTORY_ENTRIES	0	
std.coff.ImageDataDirectory	2	struct	ImageDataDirectory	0	
std.coff.BaseRelocationDirectoryEntry	2	struct	BaseRelocationDirectoryEntry	0	
std.coff.BaseRelocation	2	struct	BaseRelocation	0	
std.coff.BaseRelocationType	2	enum	BaseRelocationType	0	
std.coff.DebugDirectoryEntry	2	struct	DebugDirectoryEntry	0	
std.coff.DebugType	2	enum	DebugType	0	
std.coff.ImportDirectoryEntry	2	struct	ImportDirectoryEntry	0	
std.coff.ImportLookupEntry32	2	struct	ImportLookupEntry32	4	
std.coff.ImportLookupEntry32.ByName	3	struct	ByName	0	
std.coff.ImportLookupEntry32.ByOrdinal	3	struct	ByOrdinal	0	
std.coff.ImportLookupEntry32.getImportByName	3	fn	getImportByName	0	1
std.coff.ImportLookupEntry32.getImportByOrdinal	3	fn	getImportByOrdinal	0	1
std.coff.ImportLookupEntry64	2	struct	ImportLookupEntry64	4	
std.coff.ImportLookupEntry64.ByName	3	struct	ByName	0	
std.coff.ImportLookupEntry64.ByOrdinal	3	struct	ByOrdinal	0	
std.coff.ImportLookupEntry64.getImportByName	3	fn	getImportByName	0	1
std.coff.ImportLookupEntry64.getImportByOrdinal	3	fn	getImportByOrdinal	0	1
std.coff.ImportHintNameEntry	2	struct	ImportHintNameEntry	0	
std.coff.SectionHeader	2	struct	SectionHeader	7	
std.coff.SectionHeader.getName	3	fn	getName	0	1
std.coff.SectionHeader.getNameOffset	3	fn	getNameOffset	0	1
std.coff.SectionHeader.getAlignment	3	fn	getAlignment	0	1
std.coff.SectionHeader.setAlignment	3	fn	setAlignment	0	2
std.coff.SectionHeader.isCode	3	fn	isCode	0	1
std.coff.SectionHeader.isComdat	3	fn	isComdat	0	1
std.coff.SectionHeader.Flags	3	struct	Flags	1	
std.coff.SectionHeader.Flags.Align	4	enum	Align	2	
std.coff.SectionHeader.Flags.Align.toByteUnits	5	fn	toByteUnits	0	1
std.coff.SectionHeader.Flags.Align.fromByteUnits	5	fn	fromByteUnits	0	1
std.coff.Symbol	2	struct	Symbol	3	
std.coff.Symbol.sizeOf	3	fn	sizeOf	0	0
std.coff.Symbol.getName	3	fn	getName	0	1
std.coff.Symbol.getNameOffset	3	fn	getNameOffset	0	1
std.coff.SectionNumber	2	enum	SectionNumber	0	
std.coff.SymType	2	struct	SymType	0	
std.coff.BaseType	2	enum	BaseType	0	
std.coff.ComplexType	2	enum	ComplexType	0	
std.coff.StorageClass	2	enum	StorageClass	0	
std.coff.FunctionDefinition	2	struct	FunctionDefinition	0	
std.coff.SectionDefinition	2	struct	SectionDefinition	0	
std.coff.FileDefinition	2	struct	FileDefinition	1	
std.coff.FileDefinition.getFileName	3	fn	getFileName	0	1
std.coff.WeakExternalDefinition	2	struct	WeakExternalDefinition	1	
std.coff.WeakExternalDefinition.sizeOf	3	fn	sizeOf	0	0
std.coff.WeakExternalFlag	2	enum	WeakExternalFlag	0	
std.coff.ComdatSelection	2	enum	ComdatSelection	0	
std.coff.DebugInfoDefinition	2	struct	DebugInfoDefinition	0	
std.coff.Error	2	const	Error	0	
std.coff.Coff	2	struct	Coff	18	
std.coff.Coff.init	3	fn	init	0	2
std.coff.Coff.getPdbPath	3	fn	getPdbPath	0	1
std.coff.Coff.getHeader	3	fn	getHeader	0	1
std.coff.Coff.getOptionalHeader	3	fn	getOptionalHeader	0	1
std.coff.Coff.getOptionalHeader32	3	fn	getOptionalHeader32	0	1
std.coff.Coff.getOptionalHeader64	3	fn	getOptionalHeader64	0	1
std.coff.Coff.getImageBase	3	fn	getImageBase	0	1
std.coff.Coff.getNumberOfDataDirectories	3	fn	getNumberOfDataDirectories	0	1
std.coff.Coff.getDataDirectories	3	fn	getDataDirectories	0	1
std.coff.Coff.getSymtab	3	fn	getSymtab	0	1
std.coff.Coff.getStrtab	3	fn	getStrtab	0	1
std.coff.Coff.strtabRequired	3	fn	strtabRequired	0	1
std.coff.Coff.getSectionHeaders	3	fn	getSectionHeaders	0	1
std.coff.Coff.getSectionHeadersAlloc	3	fn	getSectionHeadersAlloc	0	2
std.coff.Coff.getSectionName	3	fn	getSectionName	0	2
std.coff.Coff.getSectionByName	3	fn	getSectionByName	0	2
std.coff.Coff.getSectionData	3	fn	getSectionData	0	2
std.coff.Coff.getSectionDataAlloc	3	fn	getSectionDataAlloc	0	3
std.coff.Symtab	2	struct	Symtab	6	
std.coff.Symtab.len	3	fn	len	0	1
std.coff.Symtab.Tag	3	enum	Tag	0	
std.coff.Symtab.Record	3	union	Record	0	
std.coff.Symtab.at	3	fn	at	0	3
std.coff.Symtab.Slice	3	struct	Slice	1	
std.coff.Symtab.Slice.next	4	fn	next	0	1
std.coff.Symtab.slice	3	fn	slice	0	3
std.coff.Strtab	2	struct	Strtab	1	
std.coff.Strtab.get	3	fn	get	0	2
std.coff.ImportHeader	2	struct	ImportHeader	0	
std.coff.ImportType	2	enum	ImportType	0	
std.coff.ImportNameType	2	enum	ImportNameType	0	
std.coff.Relocation	2	struct	Relocation	0	
std.coff.IMAGE	2	struct	IMAGE	3	
std.coff.IMAGE.DIRECTORY_ENTRY	3	enum	DIRECTORY_ENTRY	1	
std.coff.IMAGE.DIRECTORY_ENTRY.len	4	const	len	0	
std.coff.IMAGE.FILE	3	struct	FILE	1	
std.coff.IMAGE.FILE.MACHINE	4	enum	MACHINE	1	
std.coff.IMAGE.FILE.MACHINE.AXP64	5	const	AXP64	0	
std.coff.IMAGE.REL	3	struct	REL	9	
std.coff.IMAGE.REL.AMD64	4	enum	AMD64	0	
std.coff.IMAGE.REL.ARM	4	enum	ARM	0	
std.coff.IMAGE.REL.ARM64	4	enum	ARM64	0	
std.coff.IMAGE.REL.SH	4	enum	SH	0	
std.coff.IMAGE.REL.PPC	4	enum	PPC	0	
std.coff.IMAGE.REL.I386	4	enum	I386	0	
std.coff.IMAGE.REL.IA64	4	enum	IA64	0	
std.coff.IMAGE.REL.MIPS	4	enum	MIPS	0	
std.coff.IMAGE.REL.M32R	4	enum	M32R	0	
std.compress	1	ns	compress	5	compress.zig
std.compress.flate	2	ns	flate	5	compress/flate.zig
std.compress.flate.max_window_len	3	const	max_window_len	0	
std.compress.flate.history_len	3	const	history_len	0	
std.compress.flate.Compress	3	ns	Compress	7	compress/flate/Compress.zig
std.compress.flate.Compress.Options	4	struct	Options	12	
std.compress.flate.Compress.Options.level_1	5	const	level_1	0	
std.compress.flate.Compress.Options.level_2	5	const	level_2	0	
std.compress.flate.Compress.Options.level_3	5	const	level_3	0	
std.compress.flate.Compress.Options.level_4	5	const	level_4	0	
std.compress.flate.Compress.Options.level_5	5	const	level_5	0	
std.compress.flate.Compress.Options.level_6	5	const	level_6	0	
std.compress.flate.Compress.Options.level_7	5	const	level_7	0	
std.compress.flate.Compress.Options.level_8	5	const	level_8	0	
std.compress.flate.Compress.Options.level_9	5	const	level_9	0	
std.compress.flate.Compress.Options.fastest	5	alias	fastest	0	level_1
std.compress.flate.Compress.Options.default	5	alias	default	0	level_6
std.compress.flate.Compress.Options.best	5	alias	best	0	level_9
std.compress.flate.Compress.init	4	fn	init	0	4
std.compress.flate.Compress.finish	4	fn	finish	0	1
std.compress.flate.Compress.rebase_min_preserve	4	alias	rebase_min_preserve	0	flate.history_len
std.compress.flate.Compress.rebase_reserved_capacity	4	const	rebase_reserved_capacity	0	
std.compress.flate.Compress.Raw	4	struct	Raw	1	
std.compress.flate.Compress.Raw.init	5	fn	init	0	3
std.compress.flate.Compress.Huffman	4	struct	Huffman	1	
std.compress.flate.Compress.Huffman.init	5	fn	init	0	3
std.compress.flate.Decompress	3	ns	Decompress	6	compress/flate/Decompress.zig
std.compress.flate.Decompress.Error	4	const	Error	0	
std.compress.flate.Decompress.init	4	fn	init	0	3
std.compress.flate.Decompress.Symbol	4	struct	Symbol	0	
std.compress.flate.Decompress.LiteralDecoder	4	const	LiteralDecoder	0	
std.compress.flate.Decompress.DistanceDecoder	4	const	DistanceDecoder	0	
std.compress.flate.Decompress.CodegenDecoder	4	const	CodegenDecoder	0	
std.compress.flate.Container	3	enum	Container	8	
std.compress.flate.Container.size	4	fn	size	0	1
std.compress.flate.Container.headerSize	4	fn	headerSize	0	1
std.compress.flate.Container.footerSize	4	fn	footerSize	0	1
std.compress.flate.Container.list	4	const	list	0	
std.compress.flate.Container.Error	4	const	Error	0	
std.compress.flate.Container.header	4	fn	header	0	1
std.compress.flate.Container.Hasher	4	union	Hasher	4	
std.compress.flate.Container.Hasher.init	5	fn	init	0	1
std.compress.flate.Container.Hasher.container	5	fn	container	0	1
std.compress.flate.Container.Hasher.update	5	fn	update	0	2
std.compress.flate.Container.Hasher.writeFooter	5	fn	writeFooter	0	2
std.compress.flate.Container.Metadata	4	union	Metadata	2	
std.compress.flate.Container.Metadata.init	5	fn	init	0	1
std.compress.flate.Container.Metadata.container	5	fn	container	0	1
std.compress.lzma	2	ns	lzma	3	compress/lzma.zig
std.compress.lzma.RangeDecoder	3	struct	RangeDecoder	6	
std.compress.lzma.RangeDecoder.init	4	fn	init	0	1
std.compress.lzma.RangeDecoder.initCounting	4	fn	initCounting	0	2
std.compress.lzma.RangeDecoder.isFinished	4	fn	isFinished	0	1
std.compress.lzma.RangeDecoder.get	4	fn	get	0	4
std.compress.lzma.RangeDecoder.decodeBit	4	fn	decodeBit	0	4
std.compress.lzma.RangeDecoder.parseReverseBitTree	4	fn	parseReverseBitTree	0	6
std.compress.lzma.Decode	3	struct	Decode	12	
std.compress.lzma.Decode.init	4	fn	init	0	2
std.compress.lzma.Decode.deinit	4	fn	deinit	0	2
std.compress.lzma.Decode.resetState	4	fn	resetState	0	3
std.compress.lzma.Decode.process	4	fn	process	0	6
std.compress.lzma.Decode.CircularBuffer	4	struct	CircularBuffer	9	
std.compress.lzma.Decode.CircularBuffer.init	5	fn	init	0	2
std.compress.lzma.Decode.CircularBuffer.get	5	fn	get	0	2
std.compress.lzma.Decode.CircularBuffer.set	5	fn	set	0	4
std.compress.lzma.Decode.CircularBuffer.lastOr	5	fn	lastOr	0	2
std.compress.lzma.Decode.CircularBuffer.lastN	5	fn	lastN	0	2
std.compress.lzma.Decode.CircularBuffer.appendLiteral	5	fn	appendLiteral	0	4
std.compress.lzma.Decode.CircularBuffer.appendLz	5	fn	appendLz	0	5
std.compress.lzma.Decode.CircularBuffer.finish	5	fn	finish	0	2
std.compress.lzma.Decode.CircularBuffer.deinit	5	fn	deinit	0	2
std.compress.lzma.Decode.BitTree	4	fn	BitTree	0	1
std.compress.lzma.Decode.LenDecoder	4	struct	LenDecoder	2	
std.compress.lzma.Decode.LenDecoder.decode	5	fn	decode	0	5
std.compress.lzma.Decode.LenDecoder.reset	5	fn	reset	0	1
std.compress.lzma.Decode.Vec2d	4	struct	Vec2d	3	
std.compress.lzma.Decode.Vec2d.init	5	fn	init	0	4
std.compress.lzma.Decode.Vec2d.deinit	5	fn	deinit	0	2
std.compress.lzma.Decode.Vec2d.fill	5	fn	fill	0	2
std.compress.lzma.Decode.Options	4	struct	Options	0	
std.compress.lzma.Decode.UnpackedSize	4	union	UnpackedSize	0	
std.compress.lzma.Decode.Properties	4	struct	Properties	0	
std.compress.lzma.Decode.Params	4	struct	Params	1	
std.compress.lzma.Decode.Params.readHeader	5	fn	readHeader	0	2
std.compress.lzma.Decompress	3	struct	Decompress	5	
std.compress.lzma.Decompress.Error	4	const	Error	0	
std.compress.lzma.Decompress.initParams	4	fn	initParams	0	5
std.compress.lzma.Decompress.initOptions	4	fn	initOptions	0	5
std.compress.lzma.Decompress.takeBuffer	4	fn	takeBuffer	0	1
std.compress.lzma.Decompress.deinit	4	fn	deinit	0	1
std.compress.lzma2	2	ns	lzma2	2	compress/lzma2.zig
std.compress.lzma2.AccumBuffer	3	struct	AccumBuffer	9	
std.compress.lzma2.AccumBuffer.init	4	fn	init	0	1
std.compress.lzma2.AccumBuffer.appendByte	4	fn	appendByte	0	3
std.compress.lzma2.AccumBuffer.reset	4	fn	reset	0	2
std.compress.lzma2.AccumBuffer.lastOr	4	fn	lastOr	0	2
std.compress.lzma2.AccumBuffer.lastN	4	fn	lastN	0	2
std.compress.lzma2.AccumBuffer.appendLiteral	4	fn	appendLiteral	0	4
std.compress.lzma2.AccumBuffer.appendLz	4	fn	appendLz	0	5
std.compress.lzma2.AccumBuffer.finish	4	fn	finish	0	2
std.compress.lzma2.AccumBuffer.deinit	4	fn	deinit	0	2
std.compress.lzma2.Decode	3	struct	Decode	3	
std.compress.lzma2.Decode.init	4	fn	init	0	1
std.compress.lzma2.Decode.deinit	4	fn	deinit	0	2
std.compress.lzma2.Decode.decompress	4	fn	decompress	0	3
std.compress.xz	2	ns	xz	1	compress/xz.zig
std.compress.xz.Decompress	3	ns	Decompress	7	compress/xz/Decompress.zig
std.compress.xz.Decompress.Error	4	const	Error	0	
std.compress.xz.Decompress.Check	4	enum	Check	0	
std.compress.xz.Decompress.StreamFlags	4	struct	StreamFlags	0	
std.compress.xz.Decompress.InitError	4	const	InitError	0	
std.compress.xz.Decompress.init	4	fn	init	0	3
std.compress.xz.Decompress.takeBuffer	4	fn	takeBuffer	0	1
std.compress.xz.Decompress.deinit	4	fn	deinit	0	1
std.compress.zstd	2	ns	zstd	15	compress/zstd.zig
std.compress.zstd.Decompress	3	ns	Decompress	7	compress/zstd/Decompress.zig
std.compress.zstd.Decompress.Options	4	struct	Options	0	
std.compress.zstd.Decompress.Error	4	const	Error	0	
std.compress.zstd.Decompress.init	4	fn	init	0	3
std.compress.zstd.Decompress.Frame	4	struct	Frame	5	
std.compress.zstd.Decompress.Frame.Magic	5	enum	Magic	2	
std.compress.zstd.Decompress.Frame.Magic.kind	6	fn	kind	0	1
std.compress.zstd.Decompress.Frame.Magic.isSkippable	6	fn	isSkippable	0	1
std.compress.zstd.Decompress.Frame.Kind	5	enum	Kind	0	
std.compress.zstd.Decompress.Frame.Zstandard	5	struct	Zstandard	4	
std.compress.zstd.Decompress.Frame.Zstandard.magic	6	const	magic	0	
std.compress.zstd.Decompress.Frame.Zstandard.Header	6	struct	Header	4	
std.compress.zstd.Decompress.Frame.Zstandard.Header.Descriptor	7	struct	Descriptor	0	
std.compress.zstd.Decompress.Frame.Zstandard.Header.DecodeError	7	const	DecodeError	0	
std.compress.zstd.Decompress.Frame.Zstandard.Header.decode	7	fn	decode	0	1
std.compress.zstd.Decompress.Frame.Zstandard.Header.windowSize	7	fn	windowSize	0	1
std.compress.zstd.Decompress.Frame.Zstandard.Block	6	struct	Block	2	
std.compress.zstd.Decompress.Frame.Zstandard.Block.Header	7	struct	Header	0	
std.compress.zstd.Decompress.Frame.Zstandard.Block.Type	7	enum	Type	0	
std.compress.zstd.Decompress.Frame.Zstandard.Decode	6	struct	Decode	3	
std.compress.zstd.Decompress.Frame.Zstandard.Decode.PrepareError	7	const	PrepareError	0	
std.compress.zstd.Decompress.Frame.Zstandard.Decode.prepare	7	fn	prepare	0	5
std.compress.zstd.Decompress.Frame.Zstandard.Decode.readInitialFseState	7	fn	readInitialFseState	0	2
std.compress.zstd.Decompress.Frame.Skippable	5	struct	Skippable	3	
std.compress.zstd.Decompress.Frame.Skippable.magic_min	6	const	magic_min	0	
std.compress.zstd.Decompress.Frame.Skippable.magic_max	6	const	magic_max	0	
std.compress.zstd.Decompress.Frame.Skippable.Header	6	struct	Header	0	
std.compress.zstd.Decompress.Frame.init	5	fn	init	0	3
std.compress.zstd.Decompress.LiteralsSection	4	struct	LiteralsSection	8	
std.compress.zstd.Decompress.LiteralsSection.Streams	5	union	Streams	0	
std.compress.zstd.Decompress.LiteralsSection.Header	5	struct	Header	1	
std.compress.zstd.Decompress.LiteralsSection.Header.decode	6	fn	decode	0	2
std.compress.zstd.Decompress.LiteralsSection.BlockType	5	enum	BlockType	0	
std.compress.zstd.Decompress.LiteralsSection.HuffmanTree	5	struct	HuffmanTree	6	
std.compress.zstd.Decompress.LiteralsSection.HuffmanTree.PrefixedSymbol	6	struct	PrefixedSymbol	0	
std.compress.zstd.Decompress.LiteralsSection.HuffmanTree.Result	6	union	Result	0	
std.compress.zstd.Decompress.LiteralsSection.HuffmanTree.query	6	fn	query	0	3
std.compress.zstd.Decompress.LiteralsSection.HuffmanTree.weightToBitCount	6	fn	weightToBitCount	0	2
std.compress.zstd.Decompress.LiteralsSection.HuffmanTree.DecodeError	6	const	DecodeError	0	
std.compress.zstd.Decompress.LiteralsSection.HuffmanTree.decode	6	fn	decode	0	2
std.compress.zstd.Decompress.LiteralsSection.StreamCount	5	enum	StreamCount	0	
std.compress.zstd.Decompress.LiteralsSection.streamCount	5	fn	streamCount	0	2
std.compress.zstd.Decompress.LiteralsSection.DecodeError	5	const	DecodeError	0	
std.compress.zstd.Decompress.LiteralsSection.decode	5	fn	decode	0	3
std.compress.zstd.Decompress.SequencesSection	4	struct	SequencesSection	1	
std.compress.zstd.Decompress.SequencesSection.Header	5	struct	Header	3	
std.compress.zstd.Decompress.SequencesSection.Header.Mode	6	enum	Mode	0	
std.compress.zstd.Decompress.SequencesSection.Header.DecodeError	6	const	DecodeError	0	
std.compress.zstd.Decompress.SequencesSection.Header.decode	6	fn	decode	0	2
std.compress.zstd.Decompress.Table	4	union	Table	6	
std.compress.zstd.Decompress.Table.Fse	5	struct	Fse	0	
std.compress.zstd.Decompress.Table.decode	5	fn	decode	0	4
std.compress.zstd.Decompress.Table.build	5	fn	build	0	2
std.compress.zstd.Decompress.Table.predefined_literal	5	const	predefined_literal	0	
std.compress.zstd.Decompress.Table.predefined_match	5	const	predefined_match	0	
std.compress.zstd.Decompress.Table.predefined_offset	5	const	predefined_offset	0	
std.compress.zstd.default_window_len	3	const	default_window_len	0	
std.compress.zstd.block_size_max	3	const	block_size_max	0	
std.compress.zstd.literals_length_default_distribution	3	const	literals_length_default_distribution	0	
std.compress.zstd.match_lengths_default_distribution	3	const	match_lengths_default_distribution	0	
std.compress.zstd.offset_codes_default_distribution	3	const	offset_codes_default_distribution	0	
std.compress.zstd.start_repeated_offset_1	3	const	start_repeated_offset_1	0	
std.compress.zstd.start_repeated_offset_2	3	const	start_repeated_offset_2	0	
std.compress.zstd.start_repeated_offset_3	3	const	start_repeated_offset_3	0	
std.compress.zstd.literals_length_code_table	3	const	literals_length_code_table	0	
std.compress.zstd.match_length_code_table	3	const	match_length_code_table	0	
std.compress.zstd.table_accuracy_log_max	3	struct	table_accuracy_log_max	3	
std.compress.zstd.table_accuracy_log_max.literal	4	const	literal	0	
std.compress.zstd.table_accuracy_log_max.match	4	const	match	0	
std.compress.zstd.table_accuracy_log_max.offset	4	const	offset	0	
std.compress.zstd.table_symbol_count_max	3	struct	table_symbol_count_max	3	
std.compress.zstd.table_symbol_count_max.literal	4	const	literal	0	
std.compress.zstd.table_symbol_count_max.match	4	const	match	0	
std.compress.zstd.table_symbol_count_max.offset	4	const	offset	0	
std.compress.zstd.default_accuracy_log	3	struct	default_accuracy_log	3	
std.compress.zstd.default_accuracy_log.literal	4	const	literal	0	
std.compress.zstd.default_accuracy_log.match	4	const	match	0	
std.compress.zstd.default_accuracy_log.offset	4	const	offset	0	
std.compress.zstd.table_size_max	3	struct	table_size_max	3	
std.compress.zstd.table_size_max.literal	4	const	literal	0	
std.compress.zstd.table_size_max.match	4	const	match	0	
std.compress.zstd.table_size_max.offset	4	const	offset	0	
std.static_string_map	1	ns	static_string_map	4	static_string_map.zig
std.static_string_map.StaticStringMap	2	fn	StaticStringMap	0	1
std.static_string_map.defaultEql	2	fn	defaultEql	0	2
std.static_string_map.eqlAsciiIgnoreCase	2	fn	eqlAsciiIgnoreCase	0	2
std.static_string_map.StaticStringMapWithEql	2	fn	StaticStringMapWithEql	0	2
std.crypto	1	ns	crypto	22	crypto.zig
std.crypto.timing_safe	2	ns	timing_safe	6	crypto/timing_safe.zig
std.crypto.timing_safe.eql	3	fn	eql	0	3
std.crypto.timing_safe.compare	3	fn	compare	0	4
std.crypto.timing_safe.add	3	fn	add	0	5
std.crypto.timing_safe.sub	3	fn	sub	0	5
std.crypto.timing_safe.classify	3	fn	classify	0	1
std.crypto.timing_safe.declassify	3	fn	declassify	0	1
std.crypto.aead	2	struct	aead	10	
std.crypto.aead.aegis	3	struct	aegis	12	
std.crypto.aead.aegis.Aegis128X4	4	alias	Aegis128X4	0	variants.Aegis128X4
std.crypto.aead.aegis.Aegis128X2	4	alias	Aegis128X2	0	variants.Aegis128X2
std.crypto.aead.aegis.Aegis128L	4	alias	Aegis128L	0	variants.Aegis128L
std.crypto.aead.aegis.Aegis256X4	4	alias	Aegis256X4	0	variants.Aegis256X4
std.crypto.aead.aegis.Aegis256X2	4	alias	Aegis256X2	0	variants.Aegis256X2
std.crypto.aead.aegis.Aegis256	4	alias	Aegis256	0	variants.Aegis256
std.crypto.aead.aegis.Aegis128X4_256	4	alias	Aegis128X4_256	0	variants.Aegis128X4_256
std.crypto.aead.aegis.Aegis128X2_256	4	alias	Aegis128X2_256	0	variants.Aegis128X2_256
std.crypto.aead.aegis.Aegis128L_256	4	alias	Aegis128L_256	0	variants.Aegis128L_256
std.crypto.aead.aegis.Aegis256X4_256	4	alias	Aegis256X4_256	0	variants.Aegis256X4_256
std.crypto.aead.aegis.Aegis256X2_256	4	alias	Aegis256X2_256	0	variants.Aegis256X2_256
std.crypto.aead.aegis.Aegis256_256	4	alias	Aegis256_256	0	variants.Aegis256_256
std.crypto.aead.aes_gcm	3	struct	aes_gcm	2	
std.crypto.aead.aes_gcm.Aes128Gcm	4	alias	Aes128Gcm	0	crypto/aes_gcm.zig
std.crypto.aead.aes_gcm.Aes256Gcm	4	alias	Aes256Gcm	0	crypto/aes_gcm.zig
std.crypto.aead.aes_gcm_siv	3	struct	aes_gcm_siv	2	
std.crypto.aead.aes_gcm_siv.Aes128GcmSiv	4	alias	Aes128GcmSiv	0	crypto/aes_gcm_siv.zig
std.crypto.aead.aes_gcm_siv.Aes256GcmSiv	4	alias	Aes256GcmSiv	0	crypto/aes_gcm_siv.zig
std.crypto.aead.aes_siv	3	struct	aes_siv	2	
std.crypto.aead.aes_siv.Aes128Siv	4	alias	Aes128Siv	0	crypto/aes_siv.zig
std.crypto.aead.aes_siv.Aes256Siv	4	alias	Aes256Siv	0	crypto/aes_siv.zig
std.crypto.aead.aes_ocb	3	struct	aes_ocb	2	
std.crypto.aead.aes_ocb.Aes128Ocb	4	alias	Aes128Ocb	0	crypto/aes_ocb.zig
std.crypto.aead.aes_ocb.Aes256Ocb	4	alias	Aes256Ocb	0	crypto/aes_ocb.zig
std.crypto.aead.aes_ccm	3	ns	aes_ccm	6	crypto/aes_ccm.zig
std.crypto.aead.aes_ccm.Aes128Ccm0	4	const	Aes128Ccm0	0	
std.crypto.aead.aes_ccm.Aes128Ccm8	4	const	Aes128Ccm8	0	
std.crypto.aead.aes_ccm.Aes128Ccm16	4	const	Aes128Ccm16	0	
std.crypto.aead.aes_ccm.Aes256Ccm0	4	const	Aes256Ccm0	0	
std.crypto.aead.aes_ccm.Aes256Ccm8	4	const	Aes256Ccm8	0	
std.crypto.aead.aes_ccm.Aes256Ccm16	4	const	Aes256Ccm16	0	
std.crypto.aead.ascon	3	struct	ascon	1	
std.crypto.aead.ascon.AsconAead128	4	struct	AsconAead128	6	
std.crypto.aead.ascon.AsconAead128.tag_length	5	const	tag_length	0	
std.crypto.aead.ascon.AsconAead128.nonce_length	5	const	nonce_length	0	
std.crypto.aead.ascon.AsconAead128.key_length	5	const	key_length	0	
std.crypto.aead.ascon.AsconAead128.block_length	5	const	block_length	0	
std.crypto.aead.ascon.AsconAead128.encrypt	5	fn	encrypt	0	6
std.crypto.aead.ascon.AsconAead128.decrypt	5	fn	decrypt	0	6
std.crypto.aead.chacha_poly	3	struct	chacha_poly	6	
std.crypto.aead.chacha_poly.ChaCha20Poly1305	4	alias	ChaCha20Poly1305	0	crypto/chacha20.zig
std.crypto.aead.chacha_poly.ChaCha12Poly1305	4	alias	ChaCha12Poly1305	0	crypto/chacha20.zig
std.crypto.aead.chacha_poly.ChaCha8Poly1305	4	alias	ChaCha8Poly1305	0	crypto/chacha20.zig
std.crypto.aead.chacha_poly.XChaCha20Poly1305	4	alias	XChaCha20Poly1305	0	crypto/chacha20.zig
std.crypto.aead.chacha_poly.XChaCha12Poly1305	4	alias	XChaCha12Poly1305	0	crypto/chacha20.zig
std.crypto.aead.chacha_poly.XChaCha8Poly1305	4	alias	XChaCha8Poly1305	0	crypto/chacha20.zig
std.crypto.aead.isap	3	ns	isap	1	crypto/isap.zig
std.crypto.aead.isap.IsapA128A	4	struct	IsapA128A	5	
std.crypto.aead.isap.IsapA128A.key_length	5	const	key_length	0	
std.crypto.aead.isap.IsapA128A.nonce_length	5	const	nonce_length	0	
std.crypto.aead.isap.IsapA128A.tag_length	5	const	tag_length	0	
std.crypto.aead.isap.IsapA128A.encrypt	5	fn	encrypt	0	6
std.crypto.aead.isap.IsapA128A.decrypt	5	fn	decrypt	0	6
std.crypto.aead.salsa_poly	3	struct	salsa_poly	1	
std.crypto.aead.salsa_poly.XSalsa20Poly1305	4	struct	XSalsa20Poly1305	5	
std.crypto.aead.salsa_poly.XSalsa20Poly1305.tag_length	5	alias	tag_length	0	Poly1305.mac_length
std.crypto.aead.salsa_poly.XSalsa20Poly1305.nonce_length	5	alias	nonce_length	0	XSalsa20.nonce_length
std.crypto.aead.salsa_poly.XSalsa20Poly1305.key_length	5	alias	key_length	0	XSalsa20.key_length
std.crypto.aead.salsa_poly.XSalsa20Poly1305.encrypt	5	fn	encrypt	0	6
std.crypto.aead.salsa_poly.XSalsa20Poly1305.decrypt	5	fn	decrypt	0	6
std.crypto.auth	2	struct	auth	5	
std.crypto.auth.hmac	3	ns	hmac	4	crypto/hmac.zig
std.crypto.auth.hmac.HmacMd5	4	const	HmacMd5	0	
std.crypto.auth.hmac.HmacSha1	4	const	HmacSha1	0	
std.crypto.auth.hmac.sha2	4	struct	sha2	4	
std.crypto.auth.hmac.sha2.HmacSha224	5	const	HmacSha224	0	
std.crypto.auth.hmac.sha2.HmacSha256	5	const	HmacSha256	0	
std.crypto.auth.hmac.sha2.HmacSha384	5	const	HmacSha384	0	
std.crypto.auth.hmac.sha2.HmacSha512	5	const	HmacSha512	0	
std.crypto.auth.hmac.Hmac	4	fn	Hmac	0	1
std.crypto.auth.siphash	3	ns	siphash	2	crypto/siphash.zig
std.crypto.auth.siphash.SipHash64	4	fn	SipHash64	0	2
std.crypto.auth.siphash.SipHash128	4	fn	SipHash128	0	2
std.crypto.auth.aegis	3	struct	aegis	12	
std.crypto.auth.aegis.Aegis128X4Mac	4	alias	Aegis128X4Mac	0	variants.Aegis128X4Mac
std.crypto.auth.aegis.Aegis128X2Mac	4	alias	Aegis128X2Mac	0	variants.Aegis128X2Mac
std.crypto.auth.aegis.Aegis128LMac	4	alias	Aegis128LMac	0	variants.Aegis128LMac
std.crypto.auth.aegis.Aegis256X4Mac	4	alias	Aegis256X4Mac	0	variants.Aegis256X4Mac
std.crypto.auth.aegis.Aegis256X2Mac	4	alias	Aegis256X2Mac	0	variants.Aegis256X2Mac
std.crypto.auth.aegis.Aegis256Mac	4	alias	Aegis256Mac	0	variants.Aegis256Mac
std.crypto.auth.aegis.Aegis128X4Mac_128	4	alias	Aegis128X4Mac_128	0	variants.Aegis128X4Mac_128
std.crypto.auth.aegis.Aegis128X2Mac_128	4	alias	Aegis128X2Mac_128	0	variants.Aegis128X2Mac_128
std.crypto.auth.aegis.Aegis128LMac_128	4	alias	Aegis128LMac_128	0	variants.Aegis128LMac_128
std.crypto.auth.aegis.Aegis256X4Mac_128	4	alias	Aegis256X4Mac_128	0	variants.Aegis256X4Mac_128
std.crypto.auth.aegis.Aegis256X2Mac_128	4	alias	Aegis256X2Mac_128	0	variants.Aegis256X2Mac_128
std.crypto.auth.aegis.Aegis256Mac_128	4	alias	Aegis256Mac_128	0	variants.Aegis256Mac_128
std.crypto.auth.cmac	3	ns	cmac	2	crypto/cmac.zig
std.crypto.auth.cmac.CmacAes128	4	const	CmacAes128	0	
std.crypto.auth.cmac.Cmac	4	fn	Cmac	0	1
std.crypto.auth.cbc_mac	3	ns	cbc_mac	2	crypto/cbc_mac.zig
std.crypto.auth.cbc_mac.CbcMacAes128	4	const	CbcMacAes128	0	
std.crypto.auth.cbc_mac.CbcMac	4	fn	CbcMac	0	1
std.crypto.core	2	struct	core	4	
std.crypto.core.aes	3	ns	aes	7	crypto/aes.zig
std.crypto.core.aes.has_hardware_support	4	const	has_hardware_support	0	
std.crypto.core.aes.Block	4	alias	Block	0	impl.Block
std.crypto.core.aes.BlockVec	4	alias	BlockVec	0	impl.BlockVec
std.crypto.core.aes.AesEncryptCtx	4	alias	AesEncryptCtx	0	impl.AesEncryptCtx
std.crypto.core.aes.AesDecryptCtx	4	alias	AesDecryptCtx	0	impl.AesDecryptCtx
std.crypto.core.aes.Aes128	4	alias	Aes128	0	impl.Aes128
std.crypto.core.aes.Aes256	4	alias	Aes256	0	impl.Aes256
std.crypto.core.keccak	3	ns	keccak	2	crypto/keccak_p.zig
std.crypto.core.keccak.KeccakF	4	fn	KeccakF	0	1
std.crypto.core.keccak.State	4	fn	State	0	3
std.crypto.core.Ascon	3	fn	Ascon	0	1
std.crypto.core.modes	3	ns	modes	2	crypto/modes.zig
std.crypto.core.modes.ctr	4	fn	ctr	0	6
std.crypto.core.modes.ctrSlice	4	fn	ctrSlice	0	8
std.crypto.dh	2	struct	dh	1	
std.crypto.dh.X25519	3	struct	X25519	9	
std.crypto.dh.X25519.Curve	4	struct	Curve	12	
std.crypto.dh.X25519.Curve.Fe	5	struct	Fe	34	
std.crypto.dh.X25519.Curve.Fe.zero	6	const	zero	0	
std.crypto.dh.X25519.Curve.Fe.one	6	const	one	0	
std.crypto.dh.X25519.Curve.Fe.sqrtm1	6	const	sqrtm1	0	
std.crypto.dh.X25519.Curve.Fe.curve25519BasePoint	6	const	curve25519BasePoint	0	
std.crypto.dh.X25519.Curve.Fe.edwards25519d	6	const	edwards25519d	0	
std.crypto.dh.X25519.Curve.Fe.edwards25519d2	6	const	edwards25519d2	0	
std.crypto.dh.X25519.Curve.Fe.edwards25519sqrtamd	6	const	edwards25519sqrtamd	0	
std.crypto.dh.X25519.Curve.Fe.edwards25519eonemsqd	6	const	edwards25519eonemsqd	0	
std.crypto.dh.X25519.Curve.Fe.edwards25519sqdmone	6	const	edwards25519sqdmone	0	
std.crypto.dh.X25519.Curve.Fe.edwards25519sqrtadm1	6	const	edwards25519sqrtadm1	0	
std.crypto.dh.X25519.Curve.Fe.edwards25519a_32	6	const	edwards25519a_32	0	
std.crypto.dh.X25519.Curve.Fe.edwards25519a	6	const	edwards25519a	0	
std.crypto.dh.X25519.Curve.Fe.edwards25519sqrtam2	6	const	edwards25519sqrtam2	0	
std.crypto.dh.X25519.Curve.Fe.isZero	6	fn	isZero	0	1
std.crypto.dh.X25519.Curve.Fe.equivalent	6	fn	equivalent	0	2
std.crypto.dh.X25519.Curve.Fe.fromBytes	6	fn	fromBytes	0	1
std.crypto.dh.X25519.Curve.Fe.toBytes	6	fn	toBytes	0	1
std.crypto.dh.X25519.Curve.Fe.fromBytes64	6	fn	fromBytes64	0	1
std.crypto.dh.X25519.Curve.Fe.rejectNonCanonical	6	fn	rejectNonCanonical	0	2
std.crypto.dh.X25519.Curve.Fe.add	6	fn	add	0	2
std.crypto.dh.X25519.Curve.Fe.sub	6	fn	sub	0	2
std.crypto.dh.X25519.Curve.Fe.neg	6	fn	neg	0	1
std.crypto.dh.X25519.Curve.Fe.isNegative	6	fn	isNegative	0	1
std.crypto.dh.X25519.Curve.Fe.cMov	6	fn	cMov	0	3
std.crypto.dh.X25519.Curve.Fe.cSwap2	6	fn	cSwap2	0	5
std.crypto.dh.X25519.Curve.Fe.mul	6	fn	mul	0	2
std.crypto.dh.X25519.Curve.Fe.sq	6	fn	sq	0	1
std.crypto.dh.X25519.Curve.Fe.sq2	6	fn	sq2	0	1
std.crypto.dh.X25519.Curve.Fe.mul32	6	fn	mul32	0	2
std.crypto.dh.X25519.Curve.Fe.invert	6	fn	invert	0	1
std.crypto.dh.X25519.Curve.Fe.pow2523	6	fn	pow2523	0	1
std.crypto.dh.X25519.Curve.Fe.abs	6	fn	abs	0	1
std.crypto.dh.X25519.Curve.Fe.isSquare	6	fn	isSquare	0	1
std.crypto.dh.X25519.Curve.Fe.sqrt	6	fn	sqrt	0	1
std.crypto.dh.X25519.Curve.scalar	5	ns	scalar	15	crypto/25519/scalar.zig
std.crypto.dh.X25519.Curve.scalar.field_order	6	const	field_order	0	
std.crypto.dh.X25519.Curve.scalar.CompressedScalar	6	const	CompressedScalar	0	
std.crypto.dh.X25519.Curve.scalar.zero	6	const	zero	0	
std.crypto.dh.X25519.Curve.scalar.rejectNonCanonical	6	fn	rejectNonCanonical	0	1
std.crypto.dh.X25519.Curve.scalar.reduce	6	fn	reduce	0	1
std.crypto.dh.X25519.Curve.scalar.reduce64	6	fn	reduce64	0	1
std.crypto.dh.X25519.Curve.scalar.clamp	6	fn	clamp	0	1
std.crypto.dh.X25519.Curve.scalar.mul	6	fn	mul	0	2
std.crypto.dh.X25519.Curve.scalar.mulAdd	6	fn	mulAdd	0	3
std.crypto.dh.X25519.Curve.scalar.mul8	6	fn	mul8	0	1
std.crypto.dh.X25519.Curve.scalar.add	6	fn	add	0	2
std.crypto.dh.X25519.Curve.scalar.neg	6	fn	neg	0	1
std.crypto.dh.X25519.Curve.scalar.sub	6	fn	sub	0	2
std.crypto.dh.X25519.Curve.scalar.random	6	fn	random	0	1
std.crypto.dh.X25519.Curve.scalar.Scalar	6	struct	Scalar	9	
std.crypto.dh.X25519.Curve.scalar.Scalar.fromBytes	7	fn	fromBytes	0	1
std.crypto.dh.X25519.Curve.scalar.Scalar.fromBytes64	7	fn	fromBytes64	0	1
std.crypto.dh.X25519.Curve.scalar.Scalar.toBytes	7	fn	toBytes	0	1
std.crypto.dh.X25519.Curve.scalar.Scalar.isZero	7	fn	isZero	0	1
std.crypto.dh.X25519.Curve.scalar.Scalar.add	7	fn	add	0	2
std.crypto.dh.X25519.Curve.scalar.Scalar.mul	7	fn	mul	0	2
std.crypto.dh.X25519.Curve.scalar.Scalar.sq	7	fn	sq	0	1
std.crypto.dh.X25519.Curve.scalar.Scalar.invert	7	fn	invert	0	1
std.crypto.dh.X25519.Curve.scalar.Scalar.random	7	fn	random	0	1
std.crypto.dh.X25519.Curve.fromBytes	5	fn	fromBytes	0	1
std.crypto.dh.X25519.Curve.toBytes	5	fn	toBytes	0	1
std.crypto.dh.X25519.Curve.basePoint	5	const	basePoint	0	
std.crypto.dh.X25519.Curve.rejectNonCanonical	5	fn	rejectNonCanonical	0	1
std.crypto.dh.X25519.Curve.rejectIdentity	5	fn	rejectIdentity	0	1
std.crypto.dh.X25519.Curve.clearCofactor	5	fn	clearCofactor	0	1
std.crypto.dh.X25519.Curve.clampedMul	5	fn	clampedMul	0	2
std.crypto.dh.X25519.Curve.mul	5	fn	mul	0	2
std.crypto.dh.X25519.Curve.elligator2	5	fn	elligator2	0	1
std.crypto.dh.X25519.Curve.fromEdwards25519	5	fn	fromEdwards25519	0	1
std.crypto.dh.X25519.secret_length	4	const	secret_length	0	
std.crypto.dh.X25519.public_length	4	const	public_length	0	
std.crypto.dh.X25519.shared_length	4	const	shared_length	0	
std.crypto.dh.X25519.seed_length	4	const	seed_length	0	
std.crypto.dh.X25519.KeyPair	4	struct	KeyPair	3	
std.crypto.dh.X25519.KeyPair.generateDeterministic	5	fn	generateDeterministic	0	1
std.crypto.dh.X25519.KeyPair.generate	5	fn	generate	0	1
std.crypto.dh.X25519.KeyPair.fromEd25519	5	fn	fromEd25519	0	1
std.crypto.dh.X25519.recoverPublicKey	4	fn	recoverPublicKey	0	1
std.crypto.dh.X25519.publicKeyFromEd25519	4	fn	publicKeyFromEd25519	0	1
std.crypto.dh.X25519.scalarmult	4	fn	scalarmult	0	2
std.crypto.kem	2	struct	kem	3	
std.crypto.kem.hybrid	3	ns	hybrid	5	crypto/hybrid_kem.zig
std.crypto.kem.hybrid.MlKem768X25519	4	const	MlKem768X25519	0	
std.crypto.kem.hybrid.MlKem768P256	4	const	MlKem768P256	0	
std.crypto.kem.hybrid.MlKem1024P384	4	const	MlKem1024P384	0	
std.crypto.kem.hybrid.Params	4	struct	Params	0	
std.crypto.kem.hybrid.HybridKem	4	fn	HybridKem	0	1
std.crypto.kem.kyber_d00	3	struct	kyber_d00	3	
std.crypto.kem.kyber_d00.Kyber512	4	const	Kyber512	0	
std.crypto.kem.kyber_d00.Kyber768	4	const	Kyber768	0	
std.crypto.kem.kyber_d00.Kyber1024	4	const	Kyber1024	0	
std.crypto.kem.ml_kem	3	struct	ml_kem	3	
std.crypto.kem.ml_kem.MLKem512	4	const	MLKem512	0	
std.crypto.kem.ml_kem.MLKem768	4	const	MLKem768	0	
std.crypto.kem.ml_kem.MLKem1024	4	const	MLKem1024	0	
std.crypto.ecc	2	struct	ecc	6	
std.crypto.ecc.Curve25519	3	struct	Curve25519	12	
std.crypto.ecc.Curve25519.Fe	4	struct	Fe	34	
std.crypto.ecc.Curve25519.Fe.zero	5	const	zero	0	
std.crypto.ecc.Curve25519.Fe.one	5	const	one	0	
std.crypto.ecc.Curve25519.Fe.sqrtm1	5	const	sqrtm1	0	
std.crypto.ecc.Curve25519.Fe.curve25519BasePoint	5	const	curve25519BasePoint	0	
std.crypto.ecc.Curve25519.Fe.edwards25519d	5	const	edwards25519d	0	
std.crypto.ecc.Curve25519.Fe.edwards25519d2	5	const	edwards25519d2	0	
std.crypto.ecc.Curve25519.Fe.edwards25519sqrtamd	5	const	edwards25519sqrtamd	0	
std.crypto.ecc.Curve25519.Fe.edwards25519eonemsqd	5	const	edwards25519eonemsqd	0	
std.crypto.ecc.Curve25519.Fe.edwards25519sqdmone	5	const	edwards25519sqdmone	0	
std.crypto.ecc.Curve25519.Fe.edwards25519sqrtadm1	5	const	edwards25519sqrtadm1	0	
std.crypto.ecc.Curve25519.Fe.edwards25519a_32	5	const	edwards25519a_32	0	
std.crypto.ecc.Curve25519.Fe.edwards25519a	5	const	edwards25519a	0	
std.crypto.ecc.Curve25519.Fe.edwards25519sqrtam2	5	const	edwards25519sqrtam2	0	
std.crypto.ecc.Curve25519.Fe.isZero	5	fn	isZero	0	1
std.crypto.ecc.Curve25519.Fe.equivalent	5	fn	equivalent	0	2
std.crypto.ecc.Curve25519.Fe.fromBytes	5	fn	fromBytes	0	1
std.crypto.ecc.Curve25519.Fe.toBytes	5	fn	toBytes	0	1
std.crypto.ecc.Curve25519.Fe.fromBytes64	5	fn	fromBytes64	0	1
std.crypto.ecc.Curve25519.Fe.rejectNonCanonical	5	fn	rejectNonCanonical	0	2
std.crypto.ecc.Curve25519.Fe.add	5	fn	add	0	2
std.crypto.ecc.Curve25519.Fe.sub	5	fn	sub	0	2
std.crypto.ecc.Curve25519.Fe.neg	5	fn	neg	0	1
std.crypto.ecc.Curve25519.Fe.isNegative	5	fn	isNegative	0	1
std.crypto.ecc.Curve25519.Fe.cMov	5	fn	cMov	0	3
std.crypto.ecc.Curve25519.Fe.cSwap2	5	fn	cSwap2	0	5
std.crypto.ecc.Curve25519.Fe.mul	5	fn	mul	0	2
std.crypto.ecc.Curve25519.Fe.sq	5	fn	sq	0	1
std.crypto.ecc.Curve25519.Fe.sq2	5	fn	sq2	0	1
std.crypto.ecc.Curve25519.Fe.mul32	5	fn	mul32	0	2
std.crypto.ecc.Curve25519.Fe.invert	5	fn	invert	0	1
std.crypto.ecc.Curve25519.Fe.pow2523	5	fn	pow2523	0	1
std.crypto.ecc.Curve25519.Fe.abs	5	fn	abs	0	1
std.crypto.ecc.Curve25519.Fe.isSquare	5	fn	isSquare	0	1
std.crypto.ecc.Curve25519.Fe.sqrt	5	fn	sqrt	0	1
std.crypto.ecc.Curve25519.scalar	4	nsref	scalar	0	crypto/25519/scalar.zig
std.crypto.ecc.Curve25519.fromBytes	4	fn	fromBytes	0	1
std.crypto.ecc.Curve25519.toBytes	4	fn	toBytes	0	1
std.crypto.ecc.Curve25519.basePoint	4	const	basePoint	0	
std.crypto.ecc.Curve25519.rejectNonCanonical	4	fn	rejectNonCanonical	0	1
std.crypto.ecc.Curve25519.rejectIdentity	4	fn	rejectIdentity	0	1
std.crypto.ecc.Curve25519.clearCofactor	4	fn	clearCofactor	0	1
std.crypto.ecc.Curve25519.clampedMul	4	fn	clampedMul	0	2
std.crypto.ecc.Curve25519.mul	4	fn	mul	0	2
std.crypto.ecc.Curve25519.elligator2	4	fn	elligator2	0	1
std.crypto.ecc.Curve25519.fromEdwards25519	4	fn	fromEdwards25519	0	1
std.crypto.ecc.Edwards25519	3	struct	Edwards25519	25	
std.crypto.ecc.Edwards25519.Fe	4	struct	Fe	34	
std.crypto.ecc.Edwards25519.Fe.zero	5	const	zero	0	
std.crypto.ecc.Edwards25519.Fe.one	5	const	one	0	
std.crypto.ecc.Edwards25519.Fe.sqrtm1	5	const	sqrtm1	0	
std.crypto.ecc.Edwards25519.Fe.curve25519BasePoint	5	const	curve25519BasePoint	0	
std.crypto.ecc.Edwards25519.Fe.edwards25519d	5	const	edwards25519d	0	
std.crypto.ecc.Edwards25519.Fe.edwards25519d2	5	const	edwards25519d2	0	
std.crypto.ecc.Edwards25519.Fe.edwards25519sqrtamd	5	const	edwards25519sqrtamd	0	
std.crypto.ecc.Edwards25519.Fe.edwards25519eonemsqd	5	const	edwards25519eonemsqd	0	
std.crypto.ecc.Edwards25519.Fe.edwards25519sqdmone	5	const	edwards25519sqdmone	0	
std.crypto.ecc.Edwards25519.Fe.edwards25519sqrtadm1	5	const	edwards25519sqrtadm1	0	
std.crypto.ecc.Edwards25519.Fe.edwards25519a_32	5	const	edwards25519a_32	0	
std.crypto.ecc.Edwards25519.Fe.edwards25519a	5	const	edwards25519a	0	
std.crypto.ecc.Edwards25519.Fe.edwards25519sqrtam2	5	const	edwards25519sqrtam2	0	
std.crypto.ecc.Edwards25519.Fe.isZero	5	fn	isZero	0	1
std.crypto.ecc.Edwards25519.Fe.equivalent	5	fn	equivalent	0	2
std.crypto.ecc.Edwards25519.Fe.fromBytes	5	fn	fromBytes	0	1
std.crypto.ecc.Edwards25519.Fe.toBytes	5	fn	toBytes	0	1
std.crypto.ecc.Edwards25519.Fe.fromBytes64	5	fn	fromBytes64	0	1
std.crypto.ecc.Edwards25519.Fe.rejectNonCanonical	5	fn	rejectNonCanonical	0	2
std.crypto.ecc.Edwards25519.Fe.add	5	fn	add	0	2
std.crypto.ecc.Edwards25519.Fe.sub	5	fn	sub	0	2
std.crypto.ecc.Edwards25519.Fe.neg	5	fn	neg	0	1
std.crypto.ecc.Edwards25519.Fe.isNegative	5	fn	isNegative	0	1
std.crypto.ecc.Edwards25519.Fe.cMov	5	fn	cMov	0	3
std.crypto.ecc.Edwards25519.Fe.cSwap2	5	fn	cSwap2	0	5
std.crypto.ecc.Edwards25519.Fe.mul	5	fn	mul	0	2
std.crypto.ecc.Edwards25519.Fe.sq	5	fn	sq	0	1
std.crypto.ecc.Edwards25519.Fe.sq2	5	fn	sq2	0	1
std.crypto.ecc.Edwards25519.Fe.mul32	5	fn	mul32	0	2
std.crypto.ecc.Edwards25519.Fe.invert	5	fn	invert	0	1
std.crypto.ecc.Edwards25519.Fe.pow2523	5	fn	pow2523	0	1
std.crypto.ecc.Edwards25519.Fe.abs	5	fn	abs	0	1
std.crypto.ecc.Edwards25519.Fe.isSquare	5	fn	isSquare	0	1
std.crypto.ecc.Edwards25519.Fe.sqrt	5	fn	sqrt	0	1
std.crypto.ecc.Edwards25519.scalar	4	nsref	scalar	0	crypto/25519/scalar.zig
std.crypto.ecc.Edwards25519.encoded_length	4	const	encoded_length	0	
std.crypto.ecc.Edwards25519.fromBytes	4	fn	fromBytes	0	1
std.crypto.ecc.Edwards25519.toBytes	4	fn	toBytes	0	1
std.crypto.ecc.Edwards25519.rejectNonCanonical	4	fn	rejectNonCanonical	0	1
std.crypto.ecc.Edwards25519.basePoint	4	const	basePoint	0	
std.crypto.ecc.Edwards25519.identityElement	4	const	identityElement	0	
std.crypto.ecc.Edwards25519.rejectIdentity	4	fn	rejectIdentity	0	1
std.crypto.ecc.Edwards25519.rejectUnexpectedSubgroup	4	fn	rejectUnexpectedSubgroup	0	1
std.crypto.ecc.Edwards25519.clearCofactor	4	fn	clearCofactor	0	1
std.crypto.ecc.Edwards25519.rejectLowOrder	4	fn	rejectLowOrder	0	1
std.crypto.ecc.Edwards25519.neg	4	fn	neg	0	1
std.crypto.ecc.Edwards25519.dbl	4	fn	dbl	0	1
std.crypto.ecc.Edwards25519.add	4	fn	add	0	2
std.crypto.ecc.Edwards25519.sub	4	fn	sub	0	2
std.crypto.ecc.Edwards25519.mul	4	fn	mul	0	2
std.crypto.ecc.Edwards25519.mulPublic	4	fn	mulPublic	0	2
std.crypto.ecc.Edwards25519.mulDoubleBasePublic	4	fn	mulDoubleBasePublic	0	4
std.crypto.ecc.Edwards25519.mulMulti	4	fn	mulMulti	0	3
std.crypto.ecc.Edwards25519.clampedMul	4	fn	clampedMul	0	2
std.crypto.ecc.Edwards25519.elligator2	4	fn	elligator2	0	1
std.crypto.ecc.Edwards25519.fromHash	4	fn	fromHash	0	1
std.crypto.ecc.Edwards25519.fromString	4	fn	fromString	0	3
std.crypto.ecc.Edwards25519.fromUniform	4	fn	fromUniform	0	1
std.crypto.ecc.P256	3	struct	P256	24	
std.crypto.ecc.P256.Fe	4	alias	Fe	0	crypto/pcurves/p256/field.zig
std.crypto.ecc.P256.scalar	4	ns	scalar	13	crypto/pcurves/p256/scalar.zig
std.crypto.ecc.P256.scalar.encoded_length	5	const	encoded_length	0	
std.crypto.ecc.P256.scalar.CompressedScalar	5	const	CompressedScalar	0	
std.crypto.ecc.P256.scalar.field_order	5	alias	field_order	0	Fe.field_order
std.crypto.ecc.P256.scalar.rejectNonCanonical	5	fn	rejectNonCanonical	0	2
std.crypto.ecc.P256.scalar.reduce48	5	fn	reduce48	0	2
std.crypto.ecc.P256.scalar.reduce64	5	fn	reduce64	0	2
std.crypto.ecc.P256.scalar.mul	5	fn	mul	0	3
std.crypto.ecc.P256.scalar.mulAdd	5	fn	mulAdd	0	4
std.crypto.ecc.P256.scalar.add	5	fn	add	0	3
std.crypto.ecc.P256.scalar.neg	5	fn	neg	0	2
std.crypto.ecc.P256.scalar.sub	5	fn	sub	0	3
std.crypto.ecc.P256.scalar.random	5	fn	random	0	2
std.crypto.ecc.P256.scalar.Scalar	5	struct	Scalar	20	
std.crypto.ecc.P256.scalar.Scalar.zero	6	const	zero	0	
std.crypto.ecc.P256.scalar.Scalar.one	6	const	one	0	
std.crypto.ecc.P256.scalar.Scalar.fromBytes	6	fn	fromBytes	0	2
std.crypto.ecc.P256.scalar.Scalar.fromBytes48	6	fn	fromBytes48	0	2
std.crypto.ecc.P256.scalar.Scalar.fromBytes64	6	fn	fromBytes64	0	2
std.crypto.ecc.P256.scalar.Scalar.toBytes	6	fn	toBytes	0	2
std.crypto.ecc.P256.scalar.Scalar.isZero	6	fn	isZero	0	1
std.crypto.ecc.P256.scalar.Scalar.isOdd	6	fn	isOdd	0	1
std.crypto.ecc.P256.scalar.Scalar.equivalent	6	fn	equivalent	0	2
std.crypto.ecc.P256.scalar.Scalar.add	6	fn	add	0	2
std.crypto.ecc.P256.scalar.Scalar.sub	6	fn	sub	0	2
std.crypto.ecc.P256.scalar.Scalar.dbl	6	fn	dbl	0	1
std.crypto.ecc.P256.scalar.Scalar.mul	6	fn	mul	0	2
std.crypto.ecc.P256.scalar.Scalar.sq	6	fn	sq	0	1
std.crypto.ecc.P256.scalar.Scalar.pow	6	fn	pow	0	3
std.crypto.ecc.P256.scalar.Scalar.neg	6	fn	neg	0	1
std.crypto.ecc.P256.scalar.Scalar.invert	6	fn	invert	0	1
std.crypto.ecc.P256.scalar.Scalar.isSquare	6	fn	isSquare	0	1
std.crypto.ecc.P256.scalar.Scalar.sqrt	6	fn	sqrt	0	1
std.crypto.ecc.P256.scalar.Scalar.random	6	fn	random	0	1
std.crypto.ecc.P256.basePoint	4	const	basePoint	0	
std.crypto.ecc.P256.identityElement	4	const	identityElement	0	
std.crypto.ecc.P256.B	4	const	B	0	
std.crypto.ecc.P256.rejectIdentity	4	fn	rejectIdentity	0	1
std.crypto.ecc.P256.fromAffineCoordinates	4	fn	fromAffineCoordinates	0	1
std.crypto.ecc.P256.fromSerializedAffineCoordinates	4	fn	fromSerializedAffineCoordinates	0	3
std.crypto.ecc.P256.recoverY	4	fn	recoverY	0	2
std.crypto.ecc.P256.fromSec1	4	fn	fromSec1	0	1
std.crypto.ecc.P256.toCompressedSec1	4	fn	toCompressedSec1	0	1
std.crypto.ecc.P256.toUncompressedSec1	4	fn	toUncompressedSec1	0	1
std.crypto.ecc.P256.random	4	fn	random	0	1
std.crypto.ecc.P256.neg	4	fn	neg	0	1
std.crypto.ecc.P256.dbl	4	fn	dbl	0	1
std.crypto.ecc.P256.addMixed	4	fn	addMixed	0	2
std.crypto.ecc.P256.add	4	fn	add	0	2
std.crypto.ecc.P256.sub	4	fn	sub	0	2
std.crypto.ecc.P256.subMixed	4	fn	subMixed	0	2
std.crypto.ecc.P256.affineCoordinates	4	fn	affineCoordinates	0	1
std.crypto.ecc.P256.equivalent	4	fn	equivalent	0	2
std.crypto.ecc.P256.mul	4	fn	mul	0	3
std.crypto.ecc.P256.mulPublic	4	fn	mulPublic	0	3
std.crypto.ecc.P256.mulDoubleBasePublic	4	fn	mulDoubleBasePublic	0	5
std.crypto.ecc.P384	3	struct	P384	24	
std.crypto.ecc.P384.Fe	4	alias	Fe	0	crypto/pcurves/p384/field.zig
std.crypto.ecc.P384.scalar	4	ns	scalar	12	crypto/pcurves/p384/scalar.zig
std.crypto.ecc.P384.scalar.encoded_length	5	const	encoded_length	0	
std.crypto.ecc.P384.scalar.CompressedScalar	5	const	CompressedScalar	0	
std.crypto.ecc.P384.scalar.field_order	5	alias	field_order	0	Fe.field_order
std.crypto.ecc.P384.scalar.rejectNonCanonical	5	fn	rejectNonCanonical	0	2
std.crypto.ecc.P384.scalar.reduce64	5	fn	reduce64	0	2
std.crypto.ecc.P384.scalar.mul	5	fn	mul	0	3
std.crypto.ecc.P384.scalar.mulAdd	5	fn	mulAdd	0	4
std.crypto.ecc.P384.scalar.add	5	fn	add	0	3
std.crypto.ecc.P384.scalar.neg	5	fn	neg	0	2
std.crypto.ecc.P384.scalar.sub	5	fn	sub	0	3
std.crypto.ecc.P384.scalar.random	5	fn	random	0	2
std.crypto.ecc.P384.scalar.Scalar	5	struct	Scalar	19	
std.crypto.ecc.P384.scalar.Scalar.zero	6	const	zero	0	
std.crypto.ecc.P384.scalar.Scalar.one	6	const	one	0	
std.crypto.ecc.P384.scalar.Scalar.fromBytes	6	fn	fromBytes	0	2
std.crypto.ecc.P384.scalar.Scalar.fromBytes64	6	fn	fromBytes64	0	2
std.crypto.ecc.P384.scalar.Scalar.toBytes	6	fn	toBytes	0	2
std.crypto.ecc.P384.scalar.Scalar.isZero	6	fn	isZero	0	1
std.crypto.ecc.P384.scalar.Scalar.isOdd	6	fn	isOdd	0	1
std.crypto.ecc.P384.scalar.Scalar.equivalent	6	fn	equivalent	0	2
std.crypto.ecc.P384.scalar.Scalar.add	6	fn	add	0	2
std.crypto.ecc.P384.scalar.Scalar.sub	6	fn	sub	0	2
std.crypto.ecc.P384.scalar.Scalar.dbl	6	fn	dbl	0	1
std.crypto.ecc.P384.scalar.Scalar.mul	6	fn	mul	0	2
std.crypto.ecc.P384.scalar.Scalar.sq	6	fn	sq	0	1
std.crypto.ecc.P384.scalar.Scalar.pow	6	fn	pow	0	3
std.crypto.ecc.P384.scalar.Scalar.neg	6	fn	neg	0	1
std.crypto.ecc.P384.scalar.Scalar.invert	6	fn	invert	0	1
std.crypto.ecc.P384.scalar.Scalar.isSquare	6	fn	isSquare	0	1
std.crypto.ecc.P384.scalar.Scalar.sqrt	6	fn	sqrt	0	1
std.crypto.ecc.P384.scalar.Scalar.random	6	fn	random	0	1
std.crypto.ecc.P384.basePoint	4	const	basePoint	0	
std.crypto.ecc.P384.identityElement	4	const	identityElement	0	
std.crypto.ecc.P384.B	4	const	B	0	
std.crypto.ecc.P384.rejectIdentity	4	fn	rejectIdentity	0	1
std.crypto.ecc.P384.fromAffineCoordinates	4	fn	fromAffineCoordinates	0	1
std.crypto.ecc.P384.fromSerializedAffineCoordinates	4	fn	fromSerializedAffineCoordinates	0	3
std.crypto.ecc.P384.recoverY	4	fn	recoverY	0	2
std.crypto.ecc.P384.fromSec1	4	fn	fromSec1	0	1
std.crypto.ecc.P384.toCompressedSec1	4	fn	toCompressedSec1	0	1
std.crypto.ecc.P384.toUncompressedSec1	4	fn	toUncompressedSec1	0	1
std.crypto.ecc.P384.random	4	fn	random	0	1
std.crypto.ecc.P384.neg	4	fn	neg	0	1
std.crypto.ecc.P384.dbl	4	fn	dbl	0	1
std.crypto.ecc.P384.addMixed	4	fn	addMixed	0	2
std.crypto.ecc.P384.add	4	fn	add	0	2
std.crypto.ecc.P384.sub	4	fn	sub	0	2
std.crypto.ecc.P384.subMixed	4	fn	subMixed	0	2
std.crypto.ecc.P384.affineCoordinates	4	fn	affineCoordinates	0	1
std.crypto.ecc.P384.equivalent	4	fn	equivalent	0	2
std.crypto.ecc.P384.mul	4	fn	mul	0	3
std.crypto.ecc.P384.mulPublic	4	fn	mulPublic	0	3
std.crypto.ecc.P384.mulDoubleBasePublic	4	fn	mulDoubleBasePublic	0	5
std.crypto.ecc.Ristretto255	3	struct	Ristretto255	14	
std.crypto.ecc.Ristretto255.Curve	4	struct	Curve	25	
std.crypto.ecc.Ristretto255.Curve.Fe	5	struct	Fe	34	
std.crypto.ecc.Ristretto255.Curve.Fe.zero	6	const	zero	0	
std.crypto.ecc.Ristretto255.Curve.Fe.one	6	const	one	0	
std.crypto.ecc.Ristretto255.Curve.Fe.sqrtm1	6	const	sqrtm1	0	
std.crypto.ecc.Ristretto255.Curve.Fe.curve25519BasePoint	6	const	curve25519BasePoint	0	
std.crypto.ecc.Ristretto255.Curve.Fe.edwards25519d	6	const	edwards25519d	0	
std.crypto.ecc.Ristretto255.Curve.Fe.edwards25519d2	6	const	edwards25519d2	0	
std.crypto.ecc.Ristretto255.Curve.Fe.edwards25519sqrtamd	6	const	edwards25519sqrtamd	0	
std.crypto.ecc.Ristretto255.Curve.Fe.edwards25519eonemsqd	6	const	edwards25519eonemsqd	0	
std.crypto.ecc.Ristretto255.Curve.Fe.edwards25519sqdmone	6	const	edwards25519sqdmone	0	
std.crypto.ecc.Ristretto255.Curve.Fe.edwards25519sqrtadm1	6	const	edwards25519sqrtadm1	0	
std.crypto.ecc.Ristretto255.Curve.Fe.edwards25519a_32	6	const	edwards25519a_32	0	
std.crypto.ecc.Ristretto255.Curve.Fe.edwards25519a	6	const	edwards25519a	0	
std.crypto.ecc.Ristretto255.Curve.Fe.edwards25519sqrtam2	6	const	edwards25519sqrtam2	0	
std.crypto.ecc.Ristretto255.Curve.Fe.isZero	6	fn	isZero	0	1
std.crypto.ecc.Ristretto255.Curve.Fe.equivalent	6	fn	equivalent	0	2
std.crypto.ecc.Ristretto255.Curve.Fe.fromBytes	6	fn	fromBytes	0	1
std.crypto.ecc.Ristretto255.Curve.Fe.toBytes	6	fn	toBytes	0	1
std.crypto.ecc.Ristretto255.Curve.Fe.fromBytes64	6	fn	fromBytes64	0	1
std.crypto.ecc.Ristretto255.Curve.Fe.rejectNonCanonical	6	fn	rejectNonCanonical	0	2
std.crypto.ecc.Ristretto255.Curve.Fe.add	6	fn	add	0	2
std.crypto.ecc.Ristretto255.Curve.Fe.sub	6	fn	sub	0	2
std.crypto.ecc.Ristretto255.Curve.Fe.neg	6	fn	neg	0	1
std.crypto.ecc.Ristretto255.Curve.Fe.isNegative	6	fn	isNegative	0	1
std.crypto.ecc.Ristretto255.Curve.Fe.cMov	6	fn	cMov	0	3
std.crypto.ecc.Ristretto255.Curve.Fe.cSwap2	6	fn	cSwap2	0	5
std.crypto.ecc.Ristretto255.Curve.Fe.mul	6	fn	mul	0	2
std.crypto.ecc.Ristretto255.Curve.Fe.sq	6	fn	sq	0	1
std.crypto.ecc.Ristretto255.Curve.Fe.sq2	6	fn	sq2	0	1
std.crypto.ecc.Ristretto255.Curve.Fe.mul32	6	fn	mul32	0	2
std.crypto.ecc.Ristretto255.Curve.Fe.invert	6	fn	invert	0	1
std.crypto.ecc.Ristretto255.Curve.Fe.pow2523	6	fn	pow2523	0	1
std.crypto.ecc.Ristretto255.Curve.Fe.abs	6	fn	abs	0	1
std.crypto.ecc.Ristretto255.Curve.Fe.isSquare	6	fn	isSquare	0	1
std.crypto.ecc.Ristretto255.Curve.Fe.sqrt	6	fn	sqrt	0	1
std.crypto.ecc.Ristretto255.Curve.scalar	5	nsref	scalar	0	crypto/25519/scalar.zig
std.crypto.ecc.Ristretto255.Curve.encoded_length	5	const	encoded_length	0	
std.crypto.ecc.Ristretto255.Curve.fromBytes	5	fn	fromBytes	0	1
std.crypto.ecc.Ristretto255.Curve.toBytes	5	fn	toBytes	0	1
std.crypto.ecc.Ristretto255.Curve.rejectNonCanonical	5	fn	rejectNonCanonical	0	1
std.crypto.ecc.Ristretto255.Curve.basePoint	5	const	basePoint	0	
std.crypto.ecc.Ristretto255.Curve.identityElement	5	const	identityElement	0	
std.crypto.ecc.Ristretto255.Curve.rejectIdentity	5	fn	rejectIdentity	0	1
std.crypto.ecc.Ristretto255.Curve.rejectUnexpectedSubgroup	5	fn	rejectUnexpectedSubgroup	0	1
std.crypto.ecc.Ristretto255.Curve.clearCofactor	5	fn	clearCofactor	0	1
std.crypto.ecc.Ristretto255.Curve.rejectLowOrder	5	fn	rejectLowOrder	0	1
std.crypto.ecc.Ristretto255.Curve.neg	5	fn	neg	0	1
std.crypto.ecc.Ristretto255.Curve.dbl	5	fn	dbl	0	1
std.crypto.ecc.Ristretto255.Curve.add	5	fn	add	0	2
std.crypto.ecc.Ristretto255.Curve.sub	5	fn	sub	0	2
std.crypto.ecc.Ristretto255.Curve.mul	5	fn	mul	0	2
std.crypto.ecc.Ristretto255.Curve.mulPublic	5	fn	mulPublic	0	2
std.crypto.ecc.Ristretto255.Curve.mulDoubleBasePublic	5	fn	mulDoubleBasePublic	0	4
std.crypto.ecc.Ristretto255.Curve.mulMulti	5	fn	mulMulti	0	3
std.crypto.ecc.Ristretto255.Curve.clampedMul	5	fn	clampedMul	0	2
std.crypto.ecc.Ristretto255.Curve.elligator2	5	fn	elligator2	0	1
std.crypto.ecc.Ristretto255.Curve.fromHash	5	fn	fromHash	0	1
std.crypto.ecc.Ristretto255.Curve.fromString	5	fn	fromString	0	3
std.crypto.ecc.Ristretto255.Curve.fromUniform	5	fn	fromUniform	0	1
std.crypto.ecc.Ristretto255.Fe	4	alias	Fe	0	Curve.Fe
std.crypto.ecc.Ristretto255.scalar	4	alias	scalar	0	Curve.scalar
std.crypto.ecc.Ristretto255.encoded_length	4	const	encoded_length	0	
std.crypto.ecc.Ristretto255.rejectIdentity	4	fn	rejectIdentity	0	1
std.crypto.ecc.Ristretto255.basePoint	4	const	basePoint	0	
std.crypto.ecc.Ristretto255.fromBytes	4	fn	fromBytes	0	1
std.crypto.ecc.Ristretto255.toBytes	4	fn	toBytes	0	1
std.crypto.ecc.Ristretto255.fromUniform	4	fn	fromUniform	0	1
std.crypto.ecc.Ristretto255.dbl	4	fn	dbl	0	1
std.crypto.ecc.Ristretto255.add	4	fn	add	0	2
std.crypto.ecc.Ristretto255.sub	4	fn	sub	0	2
std.crypto.ecc.Ristretto255.mul	4	fn	mul	0	2
std.crypto.ecc.Ristretto255.equivalent	4	fn	equivalent	0	2
std.crypto.ecc.Secp256k1	3	struct	Secp256k1	25	
std.crypto.ecc.Secp256k1.Fe	4	alias	Fe	0	crypto/pcurves/secp256k1/field.zig
std.crypto.ecc.Secp256k1.scalar	4	ns	scalar	13	crypto/pcurves/secp256k1/scalar.zig
std.crypto.ecc.Secp256k1.scalar.encoded_length	5	const	encoded_length	0	
std.crypto.ecc.Secp256k1.scalar.CompressedScalar	5	const	CompressedScalar	0	
std.crypto.ecc.Secp256k1.scalar.field_order	5	alias	field_order	0	Fe.field_order
std.crypto.ecc.Secp256k1.scalar.rejectNonCanonical	5	fn	rejectNonCanonical	0	2
std.crypto.ecc.Secp256k1.scalar.reduce48	5	fn	reduce48	0	2
std.crypto.ecc.Secp256k1.scalar.reduce64	5	fn	reduce64	0	2
std.crypto.ecc.Secp256k1.scalar.mul	5	fn	mul	0	3
std.crypto.ecc.Secp256k1.scalar.mulAdd	5	fn	mulAdd	0	4
std.crypto.ecc.Secp256k1.scalar.add	5	fn	add	0	3
std.crypto.ecc.Secp256k1.scalar.neg	5	fn	neg	0	2
std.crypto.ecc.Secp256k1.scalar.sub	5	fn	sub	0	3
std.crypto.ecc.Secp256k1.scalar.random	5	fn	random	0	2
std.crypto.ecc.Secp256k1.scalar.Scalar	5	struct	Scalar	20	
std.crypto.ecc.Secp256k1.scalar.Scalar.zero	6	const	zero	0	
std.crypto.ecc.Secp256k1.scalar.Scalar.one	6	const	one	0	
std.crypto.ecc.Secp256k1.scalar.Scalar.fromBytes	6	fn	fromBytes	0	2
std.crypto.ecc.Secp256k1.scalar.Scalar.fromBytes48	6	fn	fromBytes48	0	2
std.crypto.ecc.Secp256k1.scalar.Scalar.fromBytes64	6	fn	fromBytes64	0	2
std.crypto.ecc.Secp256k1.scalar.Scalar.toBytes	6	fn	toBytes	0	2
std.crypto.ecc.Secp256k1.scalar.Scalar.isZero	6	fn	isZero	0	1
std.crypto.ecc.Secp256k1.scalar.Scalar.isOdd	6	fn	isOdd	0	1
std.crypto.ecc.Secp256k1.scalar.Scalar.equivalent	6	fn	equivalent	0	2
std.crypto.ecc.Secp256k1.scalar.Scalar.add	6	fn	add	0	2
std.crypto.ecc.Secp256k1.scalar.Scalar.sub	6	fn	sub	0	2
std.crypto.ecc.Secp256k1.scalar.Scalar.dbl	6	fn	dbl	0	1
std.crypto.ecc.Secp256k1.scalar.Scalar.mul	6	fn	mul	0	2
std.crypto.ecc.Secp256k1.scalar.Scalar.sq	6	fn	sq	0	1
std.crypto.ecc.Secp256k1.scalar.Scalar.pow	6	fn	pow	0	3
std.crypto.ecc.Secp256k1.scalar.Scalar.neg	6	fn	neg	0	1
std.crypto.ecc.Secp256k1.scalar.Scalar.invert	6	fn	invert	0	1
std.crypto.ecc.Secp256k1.scalar.Scalar.isSquare	6	fn	isSquare	0	1
std.crypto.ecc.Secp256k1.scalar.Scalar.sqrt	6	fn	sqrt	0	1
std.crypto.ecc.Secp256k1.scalar.Scalar.random	6	fn	random	0	1
std.crypto.ecc.Secp256k1.basePoint	4	const	basePoint	0	
std.crypto.ecc.Secp256k1.identityElement	4	const	identityElement	0	
std.crypto.ecc.Secp256k1.B	4	const	B	0	
std.crypto.ecc.Secp256k1.Endormorphism	4	struct	Endormorphism	2	
std.crypto.ecc.Secp256k1.Endormorphism.SplitScalar	5	struct	SplitScalar	0	
std.crypto.ecc.Secp256k1.Endormorphism.splitScalar	5	fn	splitScalar	0	2
std.crypto.ecc.Secp256k1.rejectIdentity	4	fn	rejectIdentity	0	1
std.crypto.ecc.Secp256k1.fromAffineCoordinates	4	fn	fromAffineCoordinates	0	1
std.crypto.ecc.Secp256k1.fromSerializedAffineCoordinates	4	fn	fromSerializedAffineCoordinates	0	3
std.crypto.ecc.Secp256k1.recoverY	4	fn	recoverY	0	2
std.crypto.ecc.Secp256k1.fromSec1	4	fn	fromSec1	0	1
std.crypto.ecc.Secp256k1.toCompressedSec1	4	fn	toCompressedSec1	0	1
std.crypto.ecc.Secp256k1.toUncompressedSec1	4	fn	toUncompressedSec1	0	1
std.crypto.ecc.Secp256k1.random	4	fn	random	0	1
std.crypto.ecc.Secp256k1.neg	4	fn	neg	0	1
std.crypto.ecc.Secp256k1.dbl	4	fn	dbl	0	1
std.crypto.ecc.Secp256k1.addMixed	4	fn	addMixed	0	2
std.crypto.ecc.Secp256k1.add	4	fn	add	0	2
std.crypto.ecc.Secp256k1.sub	4	fn	sub	0	2
std.crypto.ecc.Secp256k1.subMixed	4	fn	subMixed	0	2
std.crypto.ecc.Secp256k1.affineCoordinates	4	fn	affineCoordinates	0	1
std.crypto.ecc.Secp256k1.equivalent	4	fn	equivalent	0	2
std.crypto.ecc.Secp256k1.mul	4	fn	mul	0	3
std.crypto.ecc.Secp256k1.mulPublic	4	fn	mulPublic	0	3
std.crypto.ecc.Secp256k1.mulDoubleBasePublic	4	fn	mulDoubleBasePublic	0	5
std.crypto.hash	2	struct	hash	8	
std.crypto.hash.ascon	3	struct	ascon	3	
std.crypto.hash.ascon.AsconHash256	4	alias	AsconHash256	0	variants.AsconHash256
std.crypto.hash.ascon.AsconXof128	4	alias	AsconXof128	0	variants.AsconXof128
std.crypto.hash.ascon.AsconCxof128	4	alias	AsconCxof128	0	variants.AsconCxof128
std.crypto.hash.blake2	3	ns	blake2	11	crypto/blake2.zig
std.crypto.hash.blake2.Blake2s128	4	const	Blake2s128	0	
std.crypto.hash.blake2.Blake2s160	4	const	Blake2s160	0	
std.crypto.hash.blake2.Blake2s224	4	const	Blake2s224	0	
std.crypto.hash.blake2.Blake2s256	4	const	Blake2s256	0	
std.crypto.hash.blake2.Blake2s	4	fn	Blake2s	0	1
std.crypto.hash.blake2.Blake2b128	4	const	Blake2b128	0	
std.crypto.hash.blake2.Blake2b160	4	const	Blake2b160	0	
std.crypto.hash.blake2.Blake2b256	4	const	Blake2b256	0	
std.crypto.hash.blake2.Blake2b384	4	const	Blake2b384	0	
std.crypto.hash.blake2.Blake2b512	4	const	Blake2b512	0	
std.crypto.hash.blake2.Blake2b	4	fn	Blake2b	0	1
std.crypto.hash.Blake3	3	struct	Blake3	13	
std.crypto.hash.Blake3.block_length	4	const	block_length	0	
std.crypto.hash.Blake3.digest_length	4	const	digest_length	0	
std.crypto.hash.Blake3.key_length	4	const	key_length	0	
std.crypto.hash.Blake3.Options	4	struct	Options	0	
std.crypto.hash.Blake3.KdfOptions	4	struct	KdfOptions	0	
std.crypto.hash.Blake3.init	4	fn	init	0	1
std.crypto.hash.Blake3.initKdf	4	fn	initKdf	0	2
std.crypto.hash.Blake3.hash	4	fn	hash	0	3
std.crypto.hash.Blake3.hashParallel	4	fn	hashParallel	0	5
std.crypto.hash.Blake3.update	4	fn	update	0	2
std.crypto.hash.Blake3.final	4	fn	final	0	2
std.crypto.hash.Blake3.finalizeSeek	4	fn	finalizeSeek	0	3
std.crypto.hash.Blake3.reset	4	fn	reset	0	1
std.crypto.hash.Md5	3	struct	Md5	8	
std.crypto.hash.Md5.block_length	4	const	block_length	0	
std.crypto.hash.Md5.digest_length	4	const	digest_length	0	
std.crypto.hash.Md5.Options	4	struct	Options	0	
std.crypto.hash.Md5.init	4	fn	init	0	1
std.crypto.hash.Md5.hash	4	fn	hash	0	3
std.crypto.hash.Md5.hashResult	4	fn	hashResult	0	1
std.crypto.hash.Md5.update	4	fn	update	0	2
std.crypto.hash.Md5.final	4	fn	final	0	2
std.crypto.hash.Sha1	3	ns	Sha1	9	crypto/Sha1.zig
std.crypto.hash.Sha1.block_length	4	const	block_length	0	
std.crypto.hash.Sha1.digest_length	4	const	digest_length	0	
std.crypto.hash.Sha1.Options	4	struct	Options	0	
std.crypto.hash.Sha1.init	4	fn	init	0	1
std.crypto.hash.Sha1.hash	4	fn	hash	0	3
std.crypto.hash.Sha1.update	4	fn	update	0	2
std.crypto.hash.Sha1.peek	4	fn	peek	0	1
std.crypto.hash.Sha1.final	4	fn	final	0	2
std.crypto.hash.Sha1.finalResult	4	fn	finalResult	0	1
std.crypto.hash.sha2	3	ns	sha2	9	crypto/sha2.zig
std.crypto.hash.sha2.Sha224	4	const	Sha224	0	
std.crypto.hash.sha2.Sha256	4	const	Sha256	0	
std.crypto.hash.sha2.Sha384	4	const	Sha384	0	
std.crypto.hash.sha2.Sha512	4	const	Sha512	0	
std.crypto.hash.sha2.Sha256T192	4	const	Sha256T192	0	
std.crypto.hash.sha2.Sha512T224	4	const	Sha512T224	0	
std.crypto.hash.sha2.Sha512T256	4	const	Sha512T256	0	
std.crypto.hash.sha2.Sha512_224	4	const	Sha512_224	0	
std.crypto.hash.sha2.Sha512_256	4	const	Sha512_256	0	
std.crypto.hash.sha3	3	ns	sha3	25	crypto/sha3.zig
std.crypto.hash.sha3.Sha3_224	4	const	Sha3_224	0	
std.crypto.hash.sha3.Sha3_256	4	const	Sha3_256	0	
std.crypto.hash.sha3.Sha3_384	4	const	Sha3_384	0	
std.crypto.hash.sha3.Sha3_512	4	const	Sha3_512	0	
std.crypto.hash.sha3.Keccak256	4	const	Keccak256	0	
std.crypto.hash.sha3.Keccak512	4	const	Keccak512	0	
std.crypto.hash.sha3.Shake128	4	const	Shake128	0	
std.crypto.hash.sha3.Shake256	4	const	Shake256	0	
std.crypto.hash.sha3.CShake128	4	const	CShake128	0	
std.crypto.hash.sha3.CShake256	4	const	CShake256	0	
std.crypto.hash.sha3.KMac128	4	const	KMac128	0	
std.crypto.hash.sha3.KMac256	4	const	KMac256	0	
std.crypto.hash.sha3.TupleHash128	4	const	TupleHash128	0	
std.crypto.hash.sha3.TupleHash256	4	const	TupleHash256	0	
std.crypto.hash.sha3.KT128	4	alias	KT128	0	kangarootwelve.KT128
std.crypto.hash.sha3.KT256	4	alias	KT256	0	kangarootwelve.KT256
std.crypto.hash.sha3.TurboShake128	4	fn	TurboShake128	0	1
std.crypto.hash.sha3.TurboShake256	4	fn	TurboShake256	0	1
std.crypto.hash.sha3.Keccak	4	fn	Keccak	0	4
std.crypto.hash.sha3.Shake	4	fn	Shake	0	1
std.crypto.hash.sha3.TurboShake	4	fn	TurboShake	0	2
std.crypto.hash.sha3.CShake	4	fn	CShake	0	2
std.crypto.hash.sha3.KMac	4	fn	KMac	0	1
std.crypto.hash.sha3.TupleHash	4	fn	TupleHash	0	1
std.crypto.hash.sha3.NistLengthEncoding	4	enum	NistLengthEncoding	2	
std.crypto.hash.sha3.NistLengthEncoding.Length	5	struct	Length	1	
std.crypto.hash.sha3.NistLengthEncoding.Length.slice	6	fn	slice	0	1
std.crypto.hash.sha3.NistLengthEncoding.encode	5	fn	encode	0	2
std.crypto.hash.composition	3	ns	composition	4	crypto/hash_composition.zig
std.crypto.hash.composition.Composition	4	fn	Composition	0	2
std.crypto.hash.composition.Sha256oSha256	4	const	Sha256oSha256	0	
std.crypto.hash.composition.Sha384oSha384	4	const	Sha384oSha384	0	
std.crypto.hash.composition.Sha512oSha512	4	const	Sha512oSha512	0	
std.crypto.kdf	2	struct	kdf	1	
std.crypto.kdf.hkdf	3	ns	hkdf	3	crypto/hkdf.zig
std.crypto.kdf.hkdf.HkdfSha256	4	const	HkdfSha256	0	
std.crypto.kdf.hkdf.HkdfSha512	4	const	HkdfSha512	0	
std.crypto.kdf.hkdf.Hkdf	4	fn	Hkdf	0	1
std.crypto.onetimeauth	2	struct	onetimeauth	3	
std.crypto.onetimeauth.Ghash	3	alias	Ghash	0	crypto/ghash_polyval.zig
std.crypto.onetimeauth.Polyval	3	alias	Polyval	0	crypto/ghash_polyval.zig
std.crypto.onetimeauth.Poly1305	3	struct	Poly1305	8	
std.crypto.onetimeauth.Poly1305.block_length	4	const	block_length	0	
std.crypto.onetimeauth.Poly1305.mac_length	4	const	mac_length	0	
std.crypto.onetimeauth.Poly1305.key_length	4	const	key_length	0	
std.crypto.onetimeauth.Poly1305.init	4	fn	init	0	1
std.crypto.onetimeauth.Poly1305.update	4	fn	update	0	2
std.crypto.onetimeauth.Poly1305.pad	4	fn	pad	0	1
std.crypto.onetimeauth.Poly1305.final	4	fn	final	0	2
std.crypto.onetimeauth.Poly1305.create	4	fn	create	0	3
std.crypto.pwhash	2	struct	pwhash	9	
std.crypto.pwhash.Encoding	3	enum	Encoding	0	
std.crypto.pwhash.Error	3	const	Error	0	
std.crypto.pwhash.HasherError	3	const	HasherError	0	
std.crypto.pwhash.KdfError	3	const	KdfError	0	
std.crypto.pwhash.argon2	3	ns	argon2	7	crypto/argon2.zig
std.crypto.pwhash.argon2.Mode	4	enum	Mode	0	
std.crypto.pwhash.argon2.Params	4	struct	Params	8	
std.crypto.pwhash.argon2.Params.interactive_2i	5	const	interactive_2i	0	
std.crypto.pwhash.argon2.Params.moderate_2i	5	const	moderate_2i	0	
std.crypto.pwhash.argon2.Params.sensitive_2i	5	const	sensitive_2i	0	
std.crypto.pwhash.argon2.Params.interactive_2id	5	const	interactive_2id	0	
std.crypto.pwhash.argon2.Params.moderate_2id	5	const	moderate_2id	0	
std.crypto.pwhash.argon2.Params.sensitive_2id	5	const	sensitive_2id	0	
std.crypto.pwhash.argon2.Params.owasp_2id	5	const	owasp_2id	0	
std.crypto.pwhash.argon2.Params.fromLimits	5	fn	fromLimits	0	2
std.crypto.pwhash.argon2.kdf	4	fn	kdf	0	7
std.crypto.pwhash.argon2.HashOptions	4	struct	HashOptions	0	
std.crypto.pwhash.argon2.strHash	4	fn	strHash	0	4
std.crypto.pwhash.argon2.VerifyOptions	4	struct	VerifyOptions	0	
std.crypto.pwhash.argon2.strVerify	4	fn	strVerify	0	4
std.crypto.pwhash.bcrypt	3	ns	bcrypt	12	crypto/bcrypt.zig
std.crypto.pwhash.bcrypt.salt_length	4	const	salt_length	0	
std.crypto.pwhash.bcrypt.hash_length	4	const	hash_length	0	
std.crypto.pwhash.bcrypt.State	4	struct	State	0	
std.crypto.pwhash.bcrypt.Params	4	struct	Params	1	
std.crypto.pwhash.bcrypt.Params.owasp	5	const	owasp	0	
std.crypto.pwhash.bcrypt.bcrypt	4	fn	bcrypt	0	3
std.crypto.pwhash.bcrypt.pbkdf	4	fn	pbkdf	0	4
std.crypto.pwhash.bcrypt.opensshKdf	4	fn	opensshKdf	0	4
std.crypto.pwhash.bcrypt.HashOptions	4	struct	HashOptions	0	
std.crypto.pwhash.bcrypt.strHash	4	fn	strHash	0	4
std.crypto.pwhash.bcrypt.strHashWithSalt	4	fn	strHashWithSalt	0	4
std.crypto.pwhash.bcrypt.VerifyOptions	4	struct	VerifyOptions	0	
std.crypto.pwhash.bcrypt.strVerify	4	fn	strVerify	0	3
std.crypto.pwhash.scrypt	3	ns	scrypt	8	crypto/scrypt.zig
std.crypto.pwhash.scrypt.default_salt_len	4	const	default_salt_len	0	
std.crypto.pwhash.scrypt.Params	4	struct	Params	4	
std.crypto.pwhash.scrypt.Params.interactive	5	const	interactive	0	
std.crypto.pwhash.scrypt.Params.sensitive	5	const	sensitive	0	
std.crypto.pwhash.scrypt.Params.owasp	5	const	owasp	0	
std.crypto.pwhash.scrypt.Params.fromLimits	5	fn	fromLimits	0	2
std.crypto.pwhash.scrypt.kdf	4	fn	kdf	0	5
std.crypto.pwhash.scrypt.HashOptions	4	struct	HashOptions	0	
std.crypto.pwhash.scrypt.strHash	4	fn	strHash	0	4
std.crypto.pwhash.scrypt.strHashWithSalt	4	fn	strHashWithSalt	0	4
std.crypto.pwhash.scrypt.VerifyOptions	4	struct	VerifyOptions	0	
std.crypto.pwhash.scrypt.strVerify	4	fn	strVerify	0	3
std.crypto.pwhash.pbkdf2	3	fn	pbkdf2	0	5
std.crypto.pwhash.phc_format	3	ns	phc_format	5	crypto/phc_encoding.zig
std.crypto.pwhash.phc_format.Error	4	const	Error	0	
std.crypto.pwhash.phc_format.BinValue	4	fn	BinValue	0	1
std.crypto.pwhash.phc_format.deserialize	4	fn	deserialize	0	2
std.crypto.pwhash.phc_format.serialize	4	fn	serialize	0	2
std.crypto.pwhash.phc_format.calcSize	4	fn	calcSize	0	1
std.crypto.sign	2	struct	sign	3	
std.crypto.sign.Ed25519	3	struct	Ed25519	11	
std.crypto.sign.Ed25519.Curve	4	alias	Curve	0	std.crypto.ecc.Edwards25519
std.crypto.sign.Ed25519.noise_length	4	const	noise_length	0	
std.crypto.sign.Ed25519.SecretKey	4	struct	SecretKey	5	
std.crypto.sign.Ed25519.SecretKey.encoded_length	5	const	encoded_length	0	
std.crypto.sign.Ed25519.SecretKey.seed	5	fn	seed	0	1
std.crypto.sign.Ed25519.SecretKey.publicKeyBytes	5	fn	publicKeyBytes	0	1
std.crypto.sign.Ed25519.SecretKey.fromBytes	5	fn	fromBytes	0	1
std.crypto.sign.Ed25519.SecretKey.toBytes	5	fn	toBytes	0	1
std.crypto.sign.Ed25519.Signer	4	struct	Signer	2	
std.crypto.sign.Ed25519.Signer.update	5	fn	update	0	2
std.crypto.sign.Ed25519.Signer.finalize	5	fn	finalize	0	1
std.crypto.sign.Ed25519.PublicKey	4	struct	PublicKey	3	
std.crypto.sign.Ed25519.PublicKey.encoded_length	5	const	encoded_length	0	
std.crypto.sign.Ed25519.PublicKey.fromBytes	5	fn	fromBytes	0	1
std.crypto.sign.Ed25519.PublicKey.toBytes	5	fn	toBytes	0	1
std.crypto.sign.Ed25519.Verifier	4	struct	Verifier	5	
std.crypto.sign.Ed25519.Verifier.InitError	5	const	InitError	0	
std.crypto.sign.Ed25519.Verifier.update	5	fn	update	0	2
std.crypto.sign.Ed25519.Verifier.VerifyError	5	const	VerifyError	0	
std.crypto.sign.Ed25519.Verifier.verify	5	fn	verify	0	1
std.crypto.sign.Ed25519.Verifier.verifyStrict	5	fn	verifyStrict	0	1
std.crypto.sign.Ed25519.Signature	4	struct	Signature	7	
std.crypto.sign.Ed25519.Signature.encoded_length	5	const	encoded_length	0	
std.crypto.sign.Ed25519.Signature.toBytes	5	fn	toBytes	0	1
std.crypto.sign.Ed25519.Signature.fromBytes	5	fn	fromBytes	0	1
std.crypto.sign.Ed25519.Signature.verifier	5	fn	verifier	0	2
std.crypto.sign.Ed25519.Signature.VerifyError	5	const	VerifyError	0	
std.crypto.sign.Ed25519.Signature.verify	5	fn	verify	0	3
std.crypto.sign.Ed25519.Signature.verifyStrict	5	fn	verifyStrict	0	3
std.crypto.sign.Ed25519.KeyPair	4	struct	KeyPair	7	
std.crypto.sign.Ed25519.KeyPair.seed_length	5	alias	seed_length	0	noise_length
std.crypto.sign.Ed25519.KeyPair.generateDeterministic	5	fn	generateDeterministic	0	1
std.crypto.sign.Ed25519.KeyPair.generate	5	fn	generate	0	1
std.crypto.sign.Ed25519.KeyPair.fromSecretKey	5	fn	fromSecretKey	0	1
std.crypto.sign.Ed25519.KeyPair.sign	5	fn	sign	0	3
std.crypto.sign.Ed25519.KeyPair.signerWithBaseNonce	5	fn	signerWithBaseNonce	0	3
std.crypto.sign.Ed25519.KeyPair.signer	5	fn	signer	0	3
std.crypto.sign.Ed25519.BatchElement	4	struct	BatchElement	0	
std.crypto.sign.Ed25519.verifyBatch	4	fn	verifyBatch	0	3
std.crypto.sign.Ed25519.key_blinding	4	struct	key_blinding	4	
std.crypto.sign.Ed25519.key_blinding.blind_seed_length	5	const	blind_seed_length	0	
std.crypto.sign.Ed25519.key_blinding.BlindSecretKey	5	struct	BlindSecretKey	0	
std.crypto.sign.Ed25519.key_blinding.BlindPublicKey	5	struct	BlindPublicKey	1	
std.crypto.sign.Ed25519.key_blinding.BlindPublicKey.unblind	6	fn	unblind	0	3
std.crypto.sign.Ed25519.key_blinding.BlindKeyPair	5	struct	BlindKeyPair	2	
std.crypto.sign.Ed25519.key_blinding.BlindKeyPair.init	6	fn	init	0	3
std.crypto.sign.Ed25519.key_blinding.BlindKeyPair.sign	6	fn	sign	0	3
std.crypto.sign.ecdsa	3	ns	ecdsa	7	crypto/ecdsa.zig
std.crypto.sign.ecdsa.EcdsaP256Sha256	4	const	EcdsaP256Sha256	0	
std.crypto.sign.ecdsa.EcdsaP256Sha3_256	4	const	EcdsaP256Sha3_256	0	
std.crypto.sign.ecdsa.EcdsaP384Sha384	4	const	EcdsaP384Sha384	0	
std.crypto.sign.ecdsa.EcdsaP384Sha3_384	4	const	EcdsaP384Sha3_384	0	
std.crypto.sign.ecdsa.EcdsaSecp256k1Sha256	4	const	EcdsaSecp256k1Sha256	0	
std.crypto.sign.ecdsa.EcdsaSecp256k1Sha256oSha256	4	const	EcdsaSecp256k1Sha256oSha256	0	
std.crypto.sign.ecdsa.Ecdsa	4	fn	Ecdsa	0	2
std.crypto.sign.mldsa	3	ns	mldsa	3	crypto/ml_dsa.zig
std.crypto.sign.mldsa.MLDSA44	4	const	MLDSA44	0	
std.crypto.sign.mldsa.MLDSA65	4	const	MLDSA65	0	
std.crypto.sign.mldsa.MLDSA87	4	const	MLDSA87	0	
std.crypto.stream	2	struct	stream	2	
std.crypto.stream.chacha	3	struct	chacha	9	
std.crypto.stream.chacha.ChaCha20IETF	4	alias	ChaCha20IETF	0	crypto/chacha20.zig
std.crypto.stream.chacha.ChaCha12IETF	4	alias	ChaCha12IETF	0	crypto/chacha20.zig
std.crypto.stream.chacha.ChaCha8IETF	4	alias	ChaCha8IETF	0	crypto/chacha20.zig
std.crypto.stream.chacha.ChaCha20With64BitNonce	4	alias	ChaCha20With64BitNonce	0	crypto/chacha20.zig
std.crypto.stream.chacha.ChaCha12With64BitNonce	4	alias	ChaCha12With64BitNonce	0	crypto/chacha20.zig
std.crypto.stream.chacha.ChaCha8With64BitNonce	4	alias	ChaCha8With64BitNonce	0	crypto/chacha20.zig
std.crypto.stream.chacha.XChaCha20IETF	4	alias	XChaCha20IETF	0	crypto/chacha20.zig
std.crypto.stream.chacha.XChaCha12IETF	4	alias	XChaCha12IETF	0	crypto/chacha20.zig
std.crypto.stream.chacha.XChaCha8IETF	4	alias	XChaCha8IETF	0	crypto/chacha20.zig
std.crypto.stream.salsa	3	struct	salsa	4	
std.crypto.stream.salsa.Salsa	4	fn	Salsa	0	1
std.crypto.stream.salsa.XSalsa	4	fn	XSalsa	0	1
std.crypto.stream.salsa.Salsa20	4	alias	Salsa20	0	crypto/salsa20.zig
std.crypto.stream.salsa.XSalsa20	4	alias	XSalsa20	0	crypto/salsa20.zig
std.crypto.nacl	2	struct	nacl	3	
std.crypto.nacl.Box	3	alias	Box	0	salsa20.Box
std.crypto.nacl.SecretBox	3	alias	SecretBox	0	salsa20.SecretBox
std.crypto.nacl.SealedBox	3	alias	SealedBox	0	salsa20.SealedBox
std.crypto.ff	2	ns	ff	8	crypto/ff.zig
std.crypto.ff.OverflowError	3	const	OverflowError	0	
std.crypto.ff.InvalidModulusError	3	const	InvalidModulusError	0	
std.crypto.ff.NullExponentError	3	const	NullExponentError	0	
std.crypto.ff.FieldElementError	3	const	FieldElementError	0	
std.crypto.ff.RepresentationError	3	const	RepresentationError	0	
std.crypto.ff.Error	3	const	Error	0	
std.crypto.ff.Uint	3	fn	Uint	0	1
std.crypto.ff.Modulus	3	fn	Modulus	0	1
std.crypto.codecs	2	ns	codecs	3	crypto/codecs.zig
std.crypto.codecs.asn1	3	ns	asn1	10	crypto/codecs/asn1.zig
std.crypto.codecs.asn1.der	4	ns	der	4	crypto/codecs/asn1/der.zig
std.crypto.codecs.asn1.der.Decoder	5	ns	Decoder	4	crypto/codecs/asn1/der/Decoder.zig
std.crypto.codecs.asn1.der.Decoder.any	6	fn	any	0	2
std.crypto.codecs.asn1.der.Decoder.sequence	6	fn	sequence	0	1
std.crypto.codecs.asn1.der.Decoder.element	6	fn	element	0	2
std.crypto.codecs.asn1.der.Decoder.view	6	fn	view	0	2
std.crypto.codecs.asn1.der.Encoder	5	ns	Encoder	7	crypto/codecs/asn1/der/Encoder.zig
std.crypto.codecs.asn1.der.Encoder.init	6	fn	init	0	1
std.crypto.codecs.asn1.der.Encoder.deinit	6	fn	deinit	0	1
std.crypto.codecs.asn1.der.Encoder.any	6	fn	any	0	2
std.crypto.codecs.asn1.der.Encoder.tag	6	fn	tag	0	2
std.crypto.codecs.asn1.der.Encoder.length	6	fn	length	0	2
std.crypto.codecs.asn1.der.Encoder.tagBytes	6	fn	tagBytes	0	3
std.crypto.codecs.asn1.der.Encoder.writer	6	fn	writer	0	1
std.crypto.codecs.asn1.der.decode	5	fn	decode	0	2
std.crypto.codecs.asn1.der.encode	5	fn	encode	0	2
std.crypto.codecs.asn1.Oid	4	ns	Oid	8	crypto/codecs/asn1/Oid.zig
std.crypto.codecs.asn1.Oid.InitError	5	const	InitError	0	
std.crypto.codecs.asn1.Oid.fromDot	5	fn	fromDot	0	2
std.crypto.codecs.asn1.Oid.toDot	5	fn	toDot	0	2
std.crypto.codecs.asn1.Oid.asn1_tag	5	const	asn1_tag	0	
std.crypto.codecs.asn1.Oid.decodeDer	5	fn	decodeDer	0	1
std.crypto.codecs.asn1.Oid.encodeDer	5	fn	encodeDer	0	2
std.crypto.codecs.asn1.Oid.fromDotComptime	5	fn	fromDotComptime	0	1
std.crypto.codecs.asn1.Oid.StaticMap	5	fn	StaticMap	0	1
std.crypto.codecs.asn1.Index	4	alias	Index	0	u32
std.crypto.codecs.asn1.Tag	4	struct	Tag	8	
std.crypto.codecs.asn1.Tag.Number	5	enum	Number	0	
std.crypto.codecs.asn1.Tag.Class	5	enum	Class	0	
std.crypto.codecs.asn1.Tag.init	5	fn	init	0	3
std.crypto.codecs.asn1.Tag.universal	5	fn	universal	0	2
std.crypto.codecs.asn1.Tag.decode	5	fn	decode	0	1
std.crypto.codecs.asn1.Tag.encode	5	fn	encode	0	2
std.crypto.codecs.asn1.Tag.toExpected	5	fn	toExpected	0	1
std.crypto.codecs.asn1.Tag.fromZig	5	fn	fromZig	0	1
std.crypto.codecs.asn1.Element	4	struct	Element	3	
std.crypto.codecs.asn1.Element.Slice	5	struct	Slice	2	
std.crypto.codecs.asn1.Element.Slice.len	6	fn	len	0	1
std.crypto.codecs.asn1.Element.Slice.view	6	fn	view	0	2
std.crypto.codecs.asn1.Element.DecodeError	5	const	DecodeError	0	
std.crypto.codecs.asn1.Element.decode	5	fn	decode	0	2
std.crypto.codecs.asn1.ExpectedTag	4	struct	ExpectedTag	3	
std.crypto.codecs.asn1.ExpectedTag.init	5	fn	init	0	3
std.crypto.codecs.asn1.ExpectedTag.primitive	5	fn	primitive	0	1
std.crypto.codecs.asn1.ExpectedTag.match	5	fn	match	0	2
std.crypto.codecs.asn1.FieldTag	4	struct	FieldTag	4	
std.crypto.codecs.asn1.FieldTag.initExplicit	5	fn	initExplicit	0	2
std.crypto.codecs.asn1.FieldTag.initImplicit	5	fn	initImplicit	0	2
std.crypto.codecs.asn1.FieldTag.fromContainer	5	fn	fromContainer	0	2
std.crypto.codecs.asn1.FieldTag.toTag	5	fn	toTag	0	1
std.crypto.codecs.asn1.BitString	4	struct	BitString	3	
std.crypto.codecs.asn1.BitString.bitLen	5	fn	bitLen	0	1
std.crypto.codecs.asn1.BitString.decodeDer	5	fn	decodeDer	0	1
std.crypto.codecs.asn1.BitString.encodeDer	5	fn	encodeDer	0	2
std.crypto.codecs.asn1.Opaque	4	fn	Opaque	0	1
std.crypto.codecs.asn1.Any	4	struct	Any	2	
std.crypto.codecs.asn1.Any.decodeDer	5	fn	decodeDer	0	1
std.crypto.codecs.asn1.Any.encodeDer	5	fn	encodeDer	0	2
std.crypto.codecs.base64	3	struct	base64	7	
std.crypto.codecs.base64.Variant	4	struct	Variant	4	
std.crypto.codecs.base64.Variant.standard	5	const	standard	0	
std.crypto.codecs.base64.Variant.urlsafe	5	const	urlsafe	0	
std.crypto.codecs.base64.Variant.standard_nopad	5	const	standard_nopad	0	
std.crypto.codecs.base64.Variant.urlsafe_nopad	5	const	urlsafe_nopad	0	
std.crypto.codecs.base64.encodedLen	4	fn	encodedLen	0	2
std.crypto.codecs.base64.decodedLen	4	fn	decodedLen	0	2
std.crypto.codecs.base64.encode	4	fn	encode	0	3
std.crypto.codecs.base64.decode	4	fn	decode	0	3
std.crypto.codecs.base64.DecoderWithIgnore	4	struct	DecoderWithIgnore	3	
std.crypto.codecs.base64.DecoderWithIgnore.decode	5	fn	decode	0	4
std.crypto.codecs.base64.DecoderWithIgnore.decodedLenForSlice	5	fn	decodedLenForSlice	0	3
std.crypto.codecs.base64.DecoderWithIgnore.decodedLenUpperBound	5	fn	decodedLenUpperBound	0	1
std.crypto.codecs.base64.decoderWithIgnore	4	fn	decoderWithIgnore	0	1
std.crypto.codecs.hex	3	struct	hex	4	
std.crypto.codecs.hex.encode	4	fn	encode	0	3
std.crypto.codecs.hex.decode	4	fn	decode	0	2
std.crypto.codecs.hex.DecoderWithIgnore	4	struct	DecoderWithIgnore	3	
std.crypto.codecs.hex.DecoderWithIgnore.decode	5	fn	decode	0	3
std.crypto.codecs.hex.DecoderWithIgnore.decodedLenForSlice	5	fn	decodedLenForSlice	0	2
std.crypto.codecs.hex.DecoderWithIgnore.decodedLenUpperBound	5	fn	decodedLenUpperBound	0	1
std.crypto.codecs.hex.decoderWithIgnore	4	fn	decoderWithIgnore	0	1
std.crypto.errors	2	ns	errors	14	crypto/errors.zig
std.crypto.errors.AuthenticationError	3	const	AuthenticationError	0	
std.crypto.errors.OutputTooLongError	3	const	OutputTooLongError	0	
std.crypto.errors.IdentityElementError	3	const	IdentityElementError	0	
std.crypto.errors.EncodingError	3	const	EncodingError	0	
std.crypto.errors.SignatureVerificationError	3	const	SignatureVerificationError	0	
std.crypto.errors.KeyMismatchError	3	const	KeyMismatchError	0	
std.crypto.errors.NonCanonicalError	3	const	NonCanonicalError	0	
std.crypto.errors.NotSquareError	3	const	NotSquareError	0	
std.crypto.errors.PasswordVerificationError	3	const	PasswordVerificationError	0	
std.crypto.errors.WeakParametersError	3	const	WeakParametersError	0	
std.crypto.errors.WeakPublicKeyError	3	const	WeakPublicKeyError	0	
std.crypto.errors.UnexpectedSubgroupError	3	const	UnexpectedSubgroupError	0	
std.crypto.errors.ContextTooLongError	3	const	ContextTooLongError	0	
std.crypto.errors.Error	3	const	Error	0	
std.crypto.tls	2	ns	tls	32	crypto/tls.zig
std.crypto.tls.Client	3	ns	Client	8	crypto/tls/Client.zig
std.crypto.tls.Client.ReadError	4	const	ReadError	0	
std.crypto.tls.Client.SslKeyLog	4	struct	SslKeyLog	0	
std.crypto.tls.Client.min_buffer_len	4	alias	min_buffer_len	0	tls.max_ciphertext_record_len
std.crypto.tls.Client.Options	4	struct	Options	1	
std.crypto.tls.Client.Options.entropy_len	5	const	entropy_len	0	
std.crypto.tls.Client.InitError	4	const	InitError	0	
std.crypto.tls.Client.init	4	fn	init	0	3
std.crypto.tls.Client.end	4	fn	end	0	1
std.crypto.tls.Client.eof	4	fn	eof	0	1
std.crypto.tls.record_header_len	3	const	record_header_len	0	
std.crypto.tls.max_ciphertext_inner_record_len	3	const	max_ciphertext_inner_record_len	0	
std.crypto.tls.max_ciphertext_len	3	const	max_ciphertext_len	0	
std.crypto.tls.max_ciphertext_record_len	3	const	max_ciphertext_record_len	0	
std.crypto.tls.hello_retry_request_sequence	3	const	hello_retry_request_sequence	0	
std.crypto.tls.close_notify_alert	3	const	close_notify_alert	0	
std.crypto.tls.ProtocolVersion	3	enum	ProtocolVersion	0	
std.crypto.tls.ContentType	3	enum	ContentType	0	
std.crypto.tls.HandshakeType	3	enum	HandshakeType	0	
std.crypto.tls.ExtensionType	3	enum	ExtensionType	0	
std.crypto.tls.Alert	3	struct	Alert	2	
std.crypto.tls.Alert.Level	4	enum	Level	0	
std.crypto.tls.Alert.Description	4	enum	Description	2	
std.crypto.tls.Alert.Description.Error	5	const	Error	0	
std.crypto.tls.Alert.Description.toError	5	fn	toError	0	1
std.crypto.tls.SignatureScheme	3	enum	SignatureScheme	0	
std.crypto.tls.NamedGroup	3	enum	NamedGroup	0	
std.crypto.tls.PskKeyExchangeMode	3	enum	PskKeyExchangeMode	0	
std.crypto.tls.CipherSuite	3	enum	CipherSuite	2	
std.crypto.tls.CipherSuite.With	4	enum	With	0	
std.crypto.tls.CipherSuite.with	4	fn	with	0	1
std.crypto.tls.CompressionMethod	3	enum	CompressionMethod	0	
std.crypto.tls.CertificateType	3	enum	CertificateType	0	
std.crypto.tls.KeyUpdateRequest	3	enum	KeyUpdateRequest	0	
std.crypto.tls.ChangeCipherSpecType	3	enum	ChangeCipherSpecType	0	
std.crypto.tls.HandshakeCipherT	3	fn	HandshakeCipherT	0	3
std.crypto.tls.HandshakeCipher	3	union	HandshakeCipher	0	
std.crypto.tls.ApplicationCipherT	3	fn	ApplicationCipherT	0	3
std.crypto.tls.ApplicationCipher	3	union	ApplicationCipher	0	
std.crypto.tls.hmacExpandLabel	3	fn	hmacExpandLabel	0	4
std.crypto.tls.hkdfExpandLabel	3	fn	hkdfExpandLabel	0	5
std.crypto.tls.emptyHash	3	fn	emptyHash	0	1
std.crypto.tls.hmac	3	fn	hmac	0	3
std.crypto.tls.extension	3	fn	extension	0	2
std.crypto.tls.array	3	fn	array	0	3
std.crypto.tls.int	3	fn	int	0	2
std.crypto.tls.Decoder	3	struct	Decoder	11	
std.crypto.tls.Decoder.fromTheirSlice	4	fn	fromTheirSlice	0	1
std.crypto.tls.Decoder.readAtLeast	4	fn	readAtLeast	0	3
std.crypto.tls.Decoder.readAtLeastOurAmt	4	fn	readAtLeastOurAmt	0	3
std.crypto.tls.Decoder.ensure	4	fn	ensure	0	2
std.crypto.tls.Decoder.decode	4	fn	decode	0	2
std.crypto.tls.Decoder.array	4	fn	array	0	2
std.crypto.tls.Decoder.slice	4	fn	slice	0	2
std.crypto.tls.Decoder.skip	4	fn	skip	0	2
std.crypto.tls.Decoder.eof	4	fn	eof	0	1
std.crypto.tls.Decoder.sub	4	fn	sub	0	2
std.crypto.tls.Decoder.rest	4	fn	rest	0	1
std.crypto.Certificate	2	ns	Certificate	30	crypto/Certificate.zig
std.crypto.Certificate.Bundle	3	ns	Bundle	19	crypto/Certificate/Bundle.zig
std.crypto.Certificate.Bundle.empty	4	const	empty	0	
std.crypto.Certificate.Bundle.VerifyError	4	const	VerifyError	0	
std.crypto.Certificate.Bundle.verify	4	fn	verify	0	3
std.crypto.Certificate.Bundle.find	4	fn	find	0	2
std.crypto.Certificate.Bundle.deinit	4	fn	deinit	0	2
std.crypto.Certificate.Bundle.RescanError	4	const	RescanError	0	
std.crypto.Certificate.Bundle.rescan	4	fn	rescan	0	4
std.crypto.Certificate.Bundle.AddCertsFromDirPathError	4	const	AddCertsFromDirPathError	0	
std.crypto.Certificate.Bundle.addCertsFromDirPath	4	fn	addCertsFromDirPath	0	5
std.crypto.Certificate.Bundle.addCertsFromDirPathAbsolute	4	fn	addCertsFromDirPathAbsolute	0	5
std.crypto.Certificate.Bundle.AddCertsFromDirError	4	alias	AddCertsFromDirError	0	AddCertsFromFilePathError
std.crypto.Certificate.Bundle.addCertsFromDir	4	fn	addCertsFromDir	0	5
std.crypto.Certificate.Bundle.AddCertsFromFilePathError	4	const	AddCertsFromFilePathError	0	
std.crypto.Certificate.Bundle.addCertsFromFilePathAbsolute	4	fn	addCertsFromFilePathAbsolute	0	5
std.crypto.Certificate.Bundle.addCertsFromFilePath	4	fn	addCertsFromFilePath	0	6
std.crypto.Certificate.Bundle.AddCertsFromFileError	4	const	AddCertsFromFileError	0	
std.crypto.Certificate.Bundle.addCertsFromFile	4	fn	addCertsFromFile	0	4
std.crypto.Certificate.Bundle.ParseCertError	4	const	ParseCertError	0	
std.crypto.Certificate.Bundle.parseCert	4	fn	parseCert	0	4
std.crypto.Certificate.Chain	3	const	Chain	0	
std.crypto.Certificate.Version	3	enum	Version	0	
std.crypto.Certificate.Algorithm	3	enum	Algorithm	2	
std.crypto.Certificate.Algorithm.map	4	const	map	0	
std.crypto.Certificate.Algorithm.Hash	4	fn	Hash	0	1
std.crypto.Certificate.AlgorithmCategory	3	enum	AlgorithmCategory	1	
std.crypto.Certificate.AlgorithmCategory.map	4	const	map	0	
std.crypto.Certificate.Attribute	3	enum	Attribute	1	
std.crypto.Certificate.Attribute.map	4	const	map	0	
std.crypto.Certificate.NamedCurve	3	enum	NamedCurve	2	
std.crypto.Certificate.NamedCurve.map	4	const	map	0	
std.crypto.Certificate.NamedCurve.Curve	4	fn	Curve	0	1
std.crypto.Certificate.ExtensionId	3	enum	ExtensionId	1	
std.crypto.Certificate.ExtensionId.map	4	const	map	0	
std.crypto.Certificate.GeneralNameTag	3	enum	GeneralNameTag	0	
std.crypto.Certificate.Parsed	3	struct	Parsed	15	
std.crypto.Certificate.Parsed.PubKeyAlgo	4	union	PubKeyAlgo	0	
std.crypto.Certificate.Parsed.Validity	4	struct	Validity	0	
std.crypto.Certificate.Parsed.Slice	4	alias	Slice	0	der.Element.Slice
std.crypto.Certificate.Parsed.slice	4	fn	slice	0	2
std.crypto.Certificate.Parsed.issuer	4	fn	issuer	0	1
std.crypto.Certificate.Parsed.subject	4	fn	subject	0	1
std.crypto.Certificate.Parsed.commonName	4	fn	commonName	0	1
std.crypto.Certificate.Parsed.signature	4	fn	signature	0	1
std.crypto.Certificate.Parsed.pubKey	4	fn	pubKey	0	1
std.crypto.Certificate.Parsed.message	4	fn	message	0	1
std.crypto.Certificate.Parsed.subjectAltName	4	fn	subjectAltName	0	1
std.crypto.Certificate.Parsed.VerifyError	4	const	VerifyError	0	
std.crypto.Certificate.Parsed.verify	4	fn	verify	0	3
std.crypto.Certificate.Parsed.VerifyHostNameError	4	const	VerifyHostNameError	0	
std.crypto.Certificate.Parsed.verifyHostName	4	fn	verifyHostName	0	2
std.crypto.Certificate.ParseError	3	const	ParseError	0	
std.crypto.Certificate.parse	3	fn	parse	0	1
std.crypto.Certificate.verify	3	fn	verify	0	3
std.crypto.Certificate.contents	3	fn	contents	0	2
std.crypto.Certificate.ParseBitStringError	3	const	ParseBitStringError	0	
std.crypto.Certificate.parseBitString	3	fn	parseBitString	0	2
std.crypto.Certificate.ParseTimeError	3	const	ParseTimeError	0	
std.crypto.Certificate.parseTime	3	fn	parseTime	0	2
std.crypto.Certificate.parseTimeDigits	3	fn	parseTimeDigits	0	3
std.crypto.Certificate.parseYear4	3	fn	parseYear4	0	1
std.crypto.Certificate.parseAlgorithm	3	fn	parseAlgorithm	0	2
std.crypto.Certificate.parseAlgorithmCategory	3	fn	parseAlgorithmCategory	0	2
std.crypto.Certificate.parseAttribute	3	fn	parseAttribute	0	2
std.crypto.Certificate.parseNamedCurve	3	fn	parseNamedCurve	0	2
std.crypto.Certificate.parseExtensionId	3	fn	parseExtensionId	0	2
std.crypto.Certificate.ParseEnumError	3	const	ParseEnumError	0	
std.crypto.Certificate.ParseVersionError	3	const	ParseVersionError	0	
std.crypto.Certificate.parseVersion	3	fn	parseVersion	0	2
std.crypto.Certificate.der	3	struct	der	5	
std.crypto.Certificate.der.Class	4	enum	Class	0	
std.crypto.Certificate.der.PC	4	enum	PC	0	
std.crypto.Certificate.der.Identifier	4	struct	Identifier	0	
std.crypto.Certificate.der.Tag	4	enum	Tag	0	
std.crypto.Certificate.der.Element	4	struct	Element	3	
std.crypto.Certificate.der.Element.Slice	5	struct	Slice	1	
std.crypto.Certificate.der.Element.Slice.empty	6	const	empty	0	
std.crypto.Certificate.der.Element.ParseError	5	const	ParseError	0	
std.crypto.Certificate.der.Element.parse	5	fn	parse	0	2
std.crypto.Certificate.rsa	3	struct	rsa	3	
std.crypto.Certificate.rsa.PSSSignature	4	struct	PSSSignature	4	
std.crypto.Certificate.rsa.PSSSignature.fromBytes	5	fn	fromBytes	0	2
std.crypto.Certificate.rsa.PSSSignature.VerifyError	5	const	VerifyError	0	
std.crypto.Certificate.rsa.PSSSignature.verify	5	fn	verify	0	5
std.crypto.Certificate.rsa.PSSSignature.concatVerify	5	fn	concatVerify	0	5
std.crypto.Certificate.rsa.PKCS1v1_5Signature	4	struct	PKCS1v1_5Signature	4	
std.crypto.Certificate.rsa.PKCS1v1_5Signature.fromBytes	5	fn	fromBytes	0	2
std.crypto.Certificate.rsa.PKCS1v1_5Signature.VerifyError	5	const	VerifyError	0	
std.crypto.Certificate.rsa.PKCS1v1_5Signature.verify	5	fn	verify	0	5
std.crypto.Certificate.rsa.PKCS1v1_5Signature.concatVerify	5	fn	concatVerify	0	5
std.crypto.Certificate.rsa.PublicKey	4	struct	PublicKey	4	
std.crypto.Certificate.rsa.PublicKey.FromBytesError	5	const	FromBytesError	0	
std.crypto.Certificate.rsa.PublicKey.fromBytes	5	fn	fromBytes	0	2
std.crypto.Certificate.rsa.PublicKey.ParseDerError	5	const	ParseDerError	0	
std.crypto.Certificate.rsa.PublicKey.parseDer	5	fn	parseDer	0	1
std.crypto.SideChannelsMitigations	2	enum	SideChannelsMitigations	0	
std.crypto.default_side_channels_mitigations	2	const	default_side_channels_mitigations	0	
std.crypto.secureZero	2	fn	secureZero	0	2
std.debug	1	ns	debug	53	debug.zig
std.debug.Dwarf	2	ns	Dwarf	30	debug/Dwarf.zig
std.debug.Dwarf.expression	3	ns	expression	5	debug/Dwarf/expression.zig
std.debug.Dwarf.expression.Context	4	struct	Context	0	
std.debug.Dwarf.expression.Options	4	struct	Options	0	
std.debug.Dwarf.expression.Error	4	const	Error	0	
std.debug.Dwarf.expression.StackMachine	4	fn	StackMachine	0	1
std.debug.Dwarf.expression.Builder	4	fn	Builder	0	1
std.debug.Dwarf.Unwind	3	ns	Unwind	11	debug/Dwarf/Unwind.zig
std.debug.Dwarf.Unwind.VirtualMachine	4	ns	VirtualMachine	10	debug/Dwarf/Unwind/VirtualMachine.zig
std.debug.Dwarf.Unwind.VirtualMachine.RegisterRule	5	union	RegisterRule	0	
std.debug.Dwarf.Unwind.VirtualMachine.CfaRule	5	union	CfaRule	0	
std.debug.Dwarf.Unwind.VirtualMachine.Row	5	struct	Row	0	
std.debug.Dwarf.Unwind.VirtualMachine.Column	5	struct	Column	0	
std.debug.Dwarf.Unwind.VirtualMachine.deinit	5	fn	deinit	0	2
std.debug.Dwarf.Unwind.VirtualMachine.reset	5	fn	reset	0	1
std.debug.Dwarf.Unwind.VirtualMachine.rowColumns	5	fn	rowColumns	0	2
std.debug.Dwarf.Unwind.VirtualMachine.populateCieLastRow	5	fn	populateCieLastRow	0	4
std.debug.Dwarf.Unwind.VirtualMachine.runTo	5	fn	runTo	0	7
std.debug.Dwarf.Unwind.VirtualMachine.Instruction	5	union	Instruction	1	
std.debug.Dwarf.Unwind.VirtualMachine.Instruction.read	6	fn	read	0	3
std.debug.Dwarf.Unwind.Section	4	enum	Section	0	
std.debug.Dwarf.Unwind.initEhFrameHdr	4	fn	initEhFrameHdr	0	3
std.debug.Dwarf.Unwind.initSection	4	fn	initSection	0	3
std.debug.Dwarf.Unwind.deinit	4	fn	deinit	0	2
std.debug.Dwarf.Unwind.EhFrameHeader	4	struct	EhFrameHeader	2	
std.debug.Dwarf.Unwind.EhFrameHeader.SearchTable	5	struct	SearchTable	0	
std.debug.Dwarf.Unwind.EhFrameHeader.parse	5	fn	parse	0	4
std.debug.Dwarf.Unwind.CommonInformationEntry	4	struct	CommonInformationEntry	1	
std.debug.Dwarf.Unwind.CommonInformationEntry.AugmentationKind	5	enum	AugmentationKind	0	
std.debug.Dwarf.Unwind.FrameDescriptionEntry	4	struct	FrameDescriptionEntry	0	
std.debug.Dwarf.Unwind.prepare	4	fn	prepare	0	6
std.debug.Dwarf.Unwind.lookupPc	4	fn	lookupPc	0	4
std.debug.Dwarf.Unwind.getFde	4	fn	getFde	0	3
std.debug.Dwarf.SelfUnwinder	3	ns	SelfUnwinder	7	debug/Dwarf/SelfUnwinder.zig
std.debug.Dwarf.SelfUnwinder.CacheEntry	4	struct	CacheEntry	3	
std.debug.Dwarf.SelfUnwinder.CacheEntry.find	5	fn	find	0	2
std.debug.Dwarf.SelfUnwinder.CacheEntry.populate	5	fn	populate	0	2
std.debug.Dwarf.SelfUnwinder.CacheEntry.empty	5	const	empty	0	
std.debug.Dwarf.SelfUnwinder.init	4	fn	init	0	1
std.debug.Dwarf.SelfUnwinder.deinit	4	fn	deinit	0	1
std.debug.Dwarf.SelfUnwinder.getFp	4	fn	getFp	0	1
std.debug.Dwarf.SelfUnwinder.computeRules	4	fn	computeRules	0	5
std.debug.Dwarf.SelfUnwinder.next	4	fn	next	0	3
std.debug.Dwarf.SelfUnwinder.regNative	4	fn	regNative	0	2
std.debug.Dwarf.Range	3	struct	Range	0	
std.debug.Dwarf.Section	3	struct	Section	1	
std.debug.Dwarf.Section.Id	4	enum	Id	0	
std.debug.Dwarf.Abbrev	3	struct	Abbrev	0	
std.debug.Dwarf.CompileUnit	3	struct	CompileUnit	1	
std.debug.Dwarf.CompileUnit.SrcLocCache	4	struct	SrcLocCache	3	
std.debug.Dwarf.CompileUnit.SrcLocCache.LineTable	5	const	LineTable	0	
std.debug.Dwarf.CompileUnit.SrcLocCache.LineEntry	5	struct	LineEntry	2	
std.debug.Dwarf.CompileUnit.SrcLocCache.LineEntry.invalid	6	const	invalid	0	
std.debug.Dwarf.CompileUnit.SrcLocCache.LineEntry.isInvalid	6	fn	isInvalid	0	1
std.debug.Dwarf.CompileUnit.SrcLocCache.findSource	5	fn	findSource	0	2
std.debug.Dwarf.FormValue	3	union	FormValue	0	
std.debug.Dwarf.Die	3	struct	Die	1	
std.debug.Dwarf.Die.getAttrString	4	fn	getAttrString	0	6
std.debug.Dwarf.SectionArray	3	const	SectionArray	0	
std.debug.Dwarf.OpenError	3	alias	OpenError	0	ScanError
std.debug.Dwarf.open	3	fn	open	0	3
std.debug.Dwarf.section	3	fn	section	0	2
std.debug.Dwarf.deinit	3	fn	deinit	0	2
std.debug.Dwarf.getSymbolName	3	fn	getSymbolName	0	2
std.debug.Dwarf.ScanError	3	const	ScanError	0	
std.debug.Dwarf.populateRanges	3	fn	populateRanges	0	3
std.debug.Dwarf.findCompileUnit	3	fn	findCompileUnit	0	3
std.debug.Dwarf.populateSrcLocCache	3	fn	populateSrcLocCache	0	4
std.debug.Dwarf.getLineNumberInfo	3	fn	getLineNumberInfo	0	6
std.debug.Dwarf.readUnitHeader	3	fn	readUnitHeader	0	2
std.debug.Dwarf.compactUnwindToDwarfRegNumber	3	fn	compactUnwindToDwarfRegNumber	0	1
std.debug.Dwarf.ipRegNum	3	fn	ipRegNum	0	1
std.debug.Dwarf.fpRegNum	3	fn	fpRegNum	0	1
std.debug.Dwarf.spRegNum	3	fn	spRegNum	0	1
std.debug.Dwarf.supportsUnwinding	3	fn	supportsUnwinding	0	1
std.debug.Dwarf.bad	3	fn	bad	0	0
std.debug.Dwarf.invalidDebugInfoDetected	3	fn	invalidDebugInfoDetected	0	0
std.debug.Dwarf.missing	3	fn	missing	0	0
std.debug.Dwarf.getSymbols	3	fn	getSymbols	0	7
std.debug.Pdb	2	ns	Pdb	21	debug/Pdb.zig
std.debug.Pdb.Module	3	struct	Module	1	
std.debug.Pdb.Module.deinit	4	fn	deinit	0	2
std.debug.Pdb.init	3	fn	init	0	2
std.debug.Pdb.deinit	3	fn	deinit	0	1
std.debug.Pdb.parseDbiStream	3	fn	parseDbiStream	0	1
std.debug.Pdb.parseIpiStream	3	fn	parseIpiStream	0	1
std.debug.Pdb.parseInfoStream	3	fn	parseInfoStream	0	1
std.debug.Pdb.getProcSym	3	fn	getProcSym	0	3
std.debug.Pdb.InlineSiteSymIterator	3	struct	InlineSiteSymIterator	1	
std.debug.Pdb.InlineSiteSymIterator.next	4	fn	next	0	2
std.debug.Pdb.BinaryAnnotation	3	union	BinaryAnnotation	7	
std.debug.Pdb.BinaryAnnotation.RangeKind	4	enum	RangeKind	0	
std.debug.Pdb.BinaryAnnotation.RangeIterator	4	struct	RangeIterator	3	
std.debug.Pdb.BinaryAnnotation.RangeIterator.init	5	fn	init	0	1
std.debug.Pdb.BinaryAnnotation.RangeIterator.Range	5	struct	Range	1	
std.debug.Pdb.BinaryAnnotation.RangeIterator.Range.contains	6	fn	contains	0	2
std.debug.Pdb.BinaryAnnotation.RangeIterator.next	5	fn	next	0	1
std.debug.Pdb.BinaryAnnotation.Iterator	4	struct	Iterator	2	
std.debug.Pdb.BinaryAnnotation.Iterator.empty	5	const	empty	0	
std.debug.Pdb.BinaryAnnotation.Iterator.next	5	fn	next	0	1
std.debug.Pdb.BinaryAnnotation.take	4	fn	take	0	1
std.debug.Pdb.BinaryAnnotation.takePackedU32	4	fn	takePackedU32	0	1
std.debug.Pdb.BinaryAnnotation.takePackedI32	4	fn	takePackedI32	0	1
std.debug.Pdb.BinaryAnnotation.decodeI32	4	fn	decodeI32	0	1
std.debug.Pdb.findInlineeName	3	fn	findInlineeName	0	2
std.debug.Pdb.getInlinees	3	fn	getInlinees	0	3
std.debug.Pdb.getBinaryAnnotations	3	fn	getBinaryAnnotations	0	3
std.debug.Pdb.getInlineSiteSourceLocation	3	fn	getInlineSiteSourceLocation	0	6
std.debug.Pdb.getFileName	3	fn	getFileName	0	4
std.debug.Pdb.getSymbolName	3	fn	getSymbolName	0	2
std.debug.Pdb.InlineeSourceLine	3	struct	InlineeSourceLine	0	
std.debug.Pdb.getInlineeSourceLines	3	fn	getInlineeSourceLines	0	3
std.debug.Pdb.getLineNumberInfo	3	fn	getLineNumberInfo	0	4
std.debug.Pdb.getModule	3	fn	getModule	0	2
std.debug.Pdb.getStreamById	3	fn	getStreamById	0	2
std.debug.Pdb.getStream	3	fn	getStream	0	2
std.debug.ElfFile	2	ns	ElfFile	7	debug/ElfFile.zig
std.debug.ElfFile.UnwindSection	3	struct	UnwindSection	0	
std.debug.ElfFile.SymtabSection	3	struct	SymtabSection	0	
std.debug.ElfFile.DebugInfoSearchPaths	3	struct	DebugInfoSearchPaths	2	
std.debug.ElfFile.DebugInfoSearchPaths.none	4	const	none	0	
std.debug.ElfFile.DebugInfoSearchPaths.native	4	fn	native	0	1
std.debug.ElfFile.deinit	3	fn	deinit	0	2
std.debug.ElfFile.LoadError	3	const	LoadError	0	
std.debug.ElfFile.load	3	fn	load	0	5
std.debug.ElfFile.searchSymtab	3	fn	searchSymtab	0	3
std.debug.MachOFile	2	ns	MachOFile	5	debug/MachOFile.zig
std.debug.MachOFile.Error	3	const	Error	0	
std.debug.MachOFile.deinit	3	fn	deinit	0	2
std.debug.MachOFile.load	3	fn	load	0	4
std.debug.MachOFile.getDwarfForAddress	3	fn	getDwarfForAddress	0	4
std.debug.MachOFile.lookupSymbolName	3	fn	lookupSymbolName	0	2
std.debug.Info	2	ns	Info	5	debug/Info.zig
std.debug.Info.LoadError	3	const	LoadError	0	
std.debug.Info.load	3	fn	load	0	6
std.debug.Info.deinit	3	fn	deinit	0	2
std.debug.Info.ResolveAddressesError	3	const	ResolveAddressesError	0	
std.debug.Info.resolveAddresses	3	fn	resolveAddresses	0	5
std.debug.Coverage	2	ns	Coverage	10	debug/Coverage.zig
std.debug.Coverage.init	3	const	init	0	
std.debug.Coverage.String	3	enum	String	2	
std.debug.Coverage.String.MapContext	4	struct	MapContext	2	
std.debug.Coverage.String.MapContext.eql	5	fn	eql	0	4
std.debug.Coverage.String.MapContext.hash	5	fn	hash	0	2
std.debug.Coverage.String.SliceAdapter	4	struct	SliceAdapter	2	
std.debug.Coverage.String.SliceAdapter.eql	5	fn	eql	0	4
std.debug.Coverage.String.SliceAdapter.hash	5	fn	hash	0	2
std.debug.Coverage.SourceLocation	3	struct	SourceLocation	1	
std.debug.Coverage.SourceLocation.invalid	4	const	invalid	0	
std.debug.Coverage.File	3	struct	File	3	
std.debug.Coverage.File.Index	4	enum	Index	0	
std.debug.Coverage.File.MapContext	4	struct	MapContext	2	
std.debug.Coverage.File.MapContext.hash	5	fn	hash	0	2
std.debug.Coverage.File.MapContext.eql	5	fn	eql	0	4
std.debug.Coverage.File.SliceAdapter	4	struct	SliceAdapter	3	
std.debug.Coverage.File.SliceAdapter.Entry	5	struct	Entry	0	
std.debug.Coverage.File.SliceAdapter.hash	5	fn	hash	0	2
std.debug.Coverage.File.SliceAdapter.eql	5	fn	eql	0	4
std.debug.Coverage.deinit	3	fn	deinit	0	2
std.debug.Coverage.fileAt	3	fn	fileAt	0	2
std.debug.Coverage.stringAt	3	fn	stringAt	0	2
std.debug.Coverage.ResolveAddressesDwarfError	3	const	ResolveAddressesDwarfError	0	
std.debug.Coverage.resolveAddressesDwarf	3	fn	resolveAddressesDwarf	0	7
std.debug.Coverage.addStringAssumeCapacity	3	fn	addStringAssumeCapacity	0	2
std.debug.cpu_context	2	ns	cpu_context	4	debug/cpu_context.zig
std.debug.cpu_context.Native	3	const	Native	0	
std.debug.cpu_context.DwarfRegisterError	3	const	DwarfRegisterError	0	
std.debug.cpu_context.fromPosixSignalContext	3	fn	fromPosixSignalContext	0	1
std.debug.cpu_context.fromWindowsContext	3	fn	fromWindowsContext	0	1
std.debug.SelfInfo	2	const	SelfInfo	0	
std.debug.SelfInfoError	2	const	SelfInfoError	0	
std.debug.simple_panic	2	ns	simple_panic	26	debug/simple_panic.zig
std.debug.simple_panic.call	3	fn	call	0	2
std.debug.simple_panic.sentinelMismatch	3	fn	sentinelMismatch	0	2
std.debug.simple_panic.unwrapError	3	fn	unwrapError	0	1
std.debug.simple_panic.outOfBounds	3	fn	outOfBounds	0	2
std.debug.simple_panic.startGreaterThanEnd	3	fn	startGreaterThanEnd	0	2
std.debug.simple_panic.inactiveUnionField	3	fn	inactiveUnionField	0	2
std.debug.simple_panic.sliceCastLenRemainder	3	fn	sliceCastLenRemainder	0	1
std.debug.simple_panic.reachedUnreachable	3	fn	reachedUnreachable	0	0
std.debug.simple_panic.unwrapNull	3	fn	unwrapNull	0	0
std.debug.simple_panic.castToNull	3	fn	castToNull	0	0
std.debug.simple_panic.incorrectAlignment	3	fn	incorrectAlignment	0	0
std.debug.simple_panic.invalidErrorCode	3	fn	invalidErrorCode	0	0
std.debug.simple_panic.integerOutOfBounds	3	fn	integerOutOfBounds	0	0
std.debug.simple_panic.integerOverflow	3	fn	integerOverflow	0	0
std.debug.simple_panic.shlOverflow	3	fn	shlOverflow	0	0
std.debug.simple_panic.shrOverflow	3	fn	shrOverflow	0	0
std.debug.simple_panic.divideByZero	3	fn	divideByZero	0	0
std.debug.simple_panic.exactDivisionRemainder	3	fn	exactDivisionRemainder	0	0
std.debug.simple_panic.integerPartOutOfBounds	3	fn	integerPartOutOfBounds	0	0
std.debug.simple_panic.corruptSwitch	3	fn	corruptSwitch	0	0
std.debug.simple_panic.shiftRhsTooBig	3	fn	shiftRhsTooBig	0	0
std.debug.simple_panic.invalidEnumValue	3	fn	invalidEnumValue	0	0
std.debug.simple_panic.forLenMismatch	3	fn	forLenMismatch	0	0
std.debug.simple_panic.copyLenMismatch	3	fn	copyLenMismatch	0	0
std.debug.simple_panic.memcpyAlias	3	fn	memcpyAlias	0	0
std.debug.simple_panic.noreturnReturned	3	fn	noreturnReturned	0	0
std.debug.no_panic	2	ns	no_panic	26	debug/no_panic.zig
std.debug.no_panic.call	3	fn	call	0	2
std.debug.no_panic.sentinelMismatch	3	fn	sentinelMismatch	0	2
std.debug.no_panic.unwrapError	3	fn	unwrapError	0	1
std.debug.no_panic.outOfBounds	3	fn	outOfBounds	0	2
std.debug.no_panic.startGreaterThanEnd	3	fn	startGreaterThanEnd	0	2
std.debug.no_panic.inactiveUnionField	3	fn	inactiveUnionField	0	2
std.debug.no_panic.sliceCastLenRemainder	3	fn	sliceCastLenRemainder	0	1
std.debug.no_panic.reachedUnreachable	3	fn	reachedUnreachable	0	0
std.debug.no_panic.unwrapNull	3	fn	unwrapNull	0	0
std.debug.no_panic.castToNull	3	fn	castToNull	0	0
std.debug.no_panic.incorrectAlignment	3	fn	incorrectAlignment	0	0
std.debug.no_panic.invalidErrorCode	3	fn	invalidErrorCode	0	0
std.debug.no_panic.integerOutOfBounds	3	fn	integerOutOfBounds	0	0
std.debug.no_panic.integerOverflow	3	fn	integerOverflow	0	0
std.debug.no_panic.shlOverflow	3	fn	shlOverflow	0	0
std.debug.no_panic.shrOverflow	3	fn	shrOverflow	0	0
std.debug.no_panic.divideByZero	3	fn	divideByZero	0	0
std.debug.no_panic.exactDivisionRemainder	3	fn	exactDivisionRemainder	0	0
std.debug.no_panic.integerPartOutOfBounds	3	fn	integerPartOutOfBounds	0	0
std.debug.no_panic.corruptSwitch	3	fn	corruptSwitch	0	0
std.debug.no_panic.shiftRhsTooBig	3	fn	shiftRhsTooBig	0	0
std.debug.no_panic.invalidEnumValue	3	fn	invalidEnumValue	0	0
std.debug.no_panic.forLenMismatch	3	fn	forLenMismatch	0	0
std.debug.no_panic.copyLenMismatch	3	fn	copyLenMismatch	0	0
std.debug.no_panic.memcpyAlias	3	fn	memcpyAlias	0	0
std.debug.no_panic.noreturnReturned	3	fn	noreturnReturned	0	0
std.debug.FullPanic	2	fn	FullPanic	0	1
std.debug.SourceLocation	2	struct	SourceLocation	1	
std.debug.SourceLocation.invalid	3	const	invalid	0	
std.debug.Symbol	2	struct	Symbol	1	
std.debug.Symbol.unknown	3	const	unknown	0	
std.debug.runtime_safety	2	const	runtime_safety	0	
std.debug.sys_can_stack_trace	2	const	sys_can_stack_trace	0	
std.debug.lockStderr	2	fn	lockStderr	0	1
std.debug.unlockStderr	2	fn	unlockStderr	0	0
std.debug.print	2	fn	print	0	2
std.debug.getSelfDebugInfo	2	fn	getSelfDebugInfo	0	0
std.debug.dumpHex	2	fn	dumpHex	0	1
std.debug.dumpHexFallible	2	fn	dumpHexFallible	0	2
std.debug.CpuContextPtr	2	const	CpuContextPtr	0	
std.debug.assert	2	fn	assert	0	1
std.debug.assertReadable	2	fn	assertReadable	0	1
std.debug.assertAligned	2	fn	assertAligned	0	2
std.debug.panic	2	fn	panic	0	2
std.debug.panicExtra	2	fn	panicExtra	0	3
std.debug.defaultPanic	2	fn	defaultPanic	0	2
std.debug.StackTrace	2	struct	StackTrace	0	
std.debug.SkippedAddresses	2	enum	SkippedAddresses	0	
std.debug.StackUnwindOptions	2	struct	StackUnwindOptions	0	
std.debug.captureCurrentStackTrace	2	fn	captureCurrentStackTrace	0	2
std.debug.writeCurrentStackTrace	2	fn	writeCurrentStackTrace	0	2
std.debug.dumpCurrentStackTrace	2	fn	dumpCurrentStackTrace	0	1
std.debug.FormatStackTrace	2	struct	FormatStackTrace	1	
std.debug.FormatStackTrace.format	3	fn	format	0	2
std.debug.writeErrorReturnTrace	2	fn	writeErrorReturnTrace	0	2
std.debug.writeStackTrace	2	fn	writeStackTrace	0	2
std.debug.dumpStackTrace	2	fn	dumpStackTrace	0	1
std.debug.dumpErrorReturnTrace	2	fn	dumpErrorReturnTrace	0	1
std.debug.stripInstructionPtrAuthCode	2	fn	stripInstructionPtrAuthCode	0	1
std.debug.getDebugInfoAllocator	2	fn	getDebugInfoAllocator	0	0
std.debug.have_segfault_handling_support	2	const	have_segfault_handling_support	0	
std.debug.default_enable_segfault_handler	2	const	default_enable_segfault_handler	0	
std.debug.maybeEnableSegfaultHandler	2	fn	maybeEnableSegfaultHandler	0	0
std.debug.updateSegfaultHandler	2	fn	updateSegfaultHandler	0	1
std.debug.attachSegfaultHandler	2	fn	attachSegfaultHandler	0	0
std.debug.defaultHandleSegfault	2	fn	defaultHandleSegfault	0	3
std.debug.dumpStackPointerAddr	2	fn	dumpStackPointerAddr	0	1
std.debug.Trace	2	const	Trace	0	
std.debug.ConfigurableTrace	2	fn	ConfigurableTrace	0	3
std.debug.SafetyLock	2	struct	SafetyLock	5	
std.debug.SafetyLock.State	3	const	State	0	
std.debug.SafetyLock.lock	3	fn	lock	0	1
std.debug.SafetyLock.unlock	3	fn	unlock	0	1
std.debug.SafetyLock.assertUnlocked	3	fn	assertUnlocked	0	1
std.debug.SafetyLock.assertLocked	3	fn	assertLocked	0	1
std.debug.inValgrind	2	fn	inValgrind	0	0
std.dwarf	1	ns	dwarf	18	dwarf.zig
std.dwarf.TAG	2	ns	TAG	93	dwarf/TAG.zig
std.dwarf.TAG.padding	3	const	padding	0	
std.dwarf.TAG.array_type	3	const	array_type	0	
std.dwarf.TAG.class_type	3	const	class_type	0	
std.dwarf.TAG.entry_point	3	const	entry_point	0	
std.dwarf.TAG.enumeration_type	3	const	enumeration_type	0	
std.dwarf.TAG.formal_parameter	3	const	formal_parameter	0	
std.dwarf.TAG.imported_declaration	3	const	imported_declaration	0	
std.dwarf.TAG.label	3	const	label	0	
std.dwarf.TAG.lexical_block	3	const	lexical_block	0	
std.dwarf.TAG.member	3	const	member	0	
std.dwarf.TAG.pointer_type	3	const	pointer_type	0	
std.dwarf.TAG.reference_type	3	const	reference_type	0	
std.dwarf.TAG.compile_unit	3	const	compile_unit	0	
std.dwarf.TAG.string_type	3	const	string_type	0	
std.dwarf.TAG.structure_type	3	const	structure_type	0	
std.dwarf.TAG.subroutine	3	const	subroutine	0	
std.dwarf.TAG.subroutine_type	3	const	subroutine_type	0	
std.dwarf.TAG.typedef	3	const	typedef	0	
std.dwarf.TAG.union_type	3	const	union_type	0	
std.dwarf.TAG.unspecified_parameters	3	const	unspecified_parameters	0	
std.dwarf.TAG.variant	3	const	variant	0	
std.dwarf.TAG.common_block	3	const	common_block	0	
std.dwarf.TAG.common_inclusion	3	const	common_inclusion	0	
std.dwarf.TAG.inheritance	3	const	inheritance	0	
std.dwarf.TAG.inlined_subroutine	3	const	inlined_subroutine	0	
std.dwarf.TAG.module	3	const	module	0	
std.dwarf.TAG.ptr_to_member_type	3	const	ptr_to_member_type	0	
std.dwarf.TAG.set_type	3	const	set_type	0	
std.dwarf.TAG.subrange_type	3	const	subrange_type	0	
std.dwarf.TAG.with_stmt	3	const	with_stmt	0	
std.dwarf.TAG.access_declaration	3	const	access_declaration	0	
std.dwarf.TAG.base_type	3	const	base_type	0	
std.dwarf.TAG.catch_block	3	const	catch_block	0	
std.dwarf.TAG.const_type	3	const	const_type	0	
std.dwarf.TAG.constant	3	const	constant	0	
std.dwarf.TAG.enumerator	3	const	enumerator	0	
std.dwarf.TAG.file_type	3	const	file_type	0	
std.dwarf.TAG.friend	3	const	friend	0	
std.dwarf.TAG.namelist	3	const	namelist	0	
std.dwarf.TAG.namelist_item	3	const	namelist_item	0	
std.dwarf.TAG.packed_type	3	const	packed_type	0	
std.dwarf.TAG.subprogram	3	const	subprogram	0	
std.dwarf.TAG.template_type_param	3	const	template_type_param	0	
std.dwarf.TAG.template_value_param	3	const	template_value_param	0	
std.dwarf.TAG.thrown_type	3	const	thrown_type	0	
std.dwarf.TAG.try_block	3	const	try_block	0	
std.dwarf.TAG.variant_part	3	const	variant_part	0	
std.dwarf.TAG.variable	3	const	variable	0	
std.dwarf.TAG.volatile_type	3	const	volatile_type	0	
std.dwarf.TAG.dwarf_procedure	3	const	dwarf_procedure	0	
std.dwarf.TAG.restrict_type	3	const	restrict_type	0	
std.dwarf.TAG.interface_type	3	const	interface_type	0	
std.dwarf.TAG.namespace	3	const	namespace	0	
std.dwarf.TAG.imported_module	3	const	imported_module	0	
std.dwarf.TAG.unspecified_type	3	const	unspecified_type	0	
std.dwarf.TAG.partial_unit	3	const	partial_unit	0	
std.dwarf.TAG.imported_unit	3	const	imported_unit	0	
std.dwarf.TAG.condition	3	const	condition	0	
std.dwarf.TAG.shared_type	3	const	shared_type	0	
std.dwarf.TAG.type_unit	3	const	type_unit	0	
std.dwarf.TAG.rvalue_reference_type	3	const	rvalue_reference_type	0	
std.dwarf.TAG.template_alias	3	const	template_alias	0	
std.dwarf.TAG.coarray_type	3	const	coarray_type	0	
std.dwarf.TAG.generic_subrange	3	const	generic_subrange	0	
std.dwarf.TAG.dynamic_type	3	const	dynamic_type	0	
std.dwarf.TAG.atomic_type	3	const	atomic_type	0	
std.dwarf.TAG.call_site	3	const	call_site	0	
std.dwarf.TAG.call_site_parameter	3	const	call_site_parameter	0	
std.dwarf.TAG.skeleton_unit	3	const	skeleton_unit	0	
std.dwarf.TAG.immutable_type	3	const	immutable_type	0	
std.dwarf.TAG.lo_user	3	const	lo_user	0	
std.dwarf.TAG.hi_user	3	const	hi_user	0	
std.dwarf.TAG.MIPS_loop	3	const	MIPS_loop	0	
std.dwarf.TAG.HP_array_descriptor	3	const	HP_array_descriptor	0	
std.dwarf.TAG.HP_Bliss_field	3	const	HP_Bliss_field	0	
std.dwarf.TAG.HP_Bliss_field_set	3	const	HP_Bliss_field_set	0	
std.dwarf.TAG.format_label	3	const	format_label	0	
std.dwarf.TAG.function_template	3	const	function_template	0	
std.dwarf.TAG.class_template	3	const	class_template	0	
std.dwarf.TAG.GNU_BINCL	3	const	GNU_BINCL	0	
std.dwarf.TAG.GNU_EINCL	3	const	GNU_EINCL	0	
std.dwarf.TAG.GNU_template_template_param	3	const	GNU_template_template_param	0	
std.dwarf.TAG.GNU_template_parameter_pack	3	const	GNU_template_parameter_pack	0	
std.dwarf.TAG.GNU_formal_parameter_pack	3	const	GNU_formal_parameter_pack	0	
std.dwarf.TAG.GNU_call_site	3	const	GNU_call_site	0	
std.dwarf.TAG.GNU_call_site_parameter	3	const	GNU_call_site_parameter	0	
std.dwarf.TAG.upc_shared_type	3	const	upc_shared_type	0	
std.dwarf.TAG.upc_strict_type	3	const	upc_strict_type	0	
std.dwarf.TAG.upc_relaxed_type	3	const	upc_relaxed_type	0	
std.dwarf.TAG.PGI_kanji_type	3	const	PGI_kanji_type	0	
std.dwarf.TAG.PGI_interface_block	3	const	PGI_interface_block	0	
std.dwarf.TAG.ZIG_padding	3	const	ZIG_padding	0	
std.dwarf.TAG.ZIG_comptime_value	3	const	ZIG_comptime_value	0	
std.dwarf.AT	2	ns	AT	203	dwarf/AT.zig
std.dwarf.AT.sibling	3	const	sibling	0	
std.dwarf.AT.location	3	const	location	0	
std.dwarf.AT.name	3	const	name	0	
std.dwarf.AT.ordering	3	const	ordering	0	
std.dwarf.AT.subscr_data	3	const	subscr_data	0	
std.dwarf.AT.byte_size	3	const	byte_size	0	
std.dwarf.AT.bit_offset	3	const	bit_offset	0	
std.dwarf.AT.bit_size	3	const	bit_size	0	
std.dwarf.AT.element_list	3	const	element_list	0	
std.dwarf.AT.stmt_list	3	const	stmt_list	0	
std.dwarf.AT.low_pc	3	const	low_pc	0	
std.dwarf.AT.high_pc	3	const	high_pc	0	
std.dwarf.AT.language	3	const	language	0	
std.dwarf.AT.member	3	const	member	0	
std.dwarf.AT.discr	3	const	discr	0	
std.dwarf.AT.discr_value	3	const	discr_value	0	
std.dwarf.AT.visibility	3	const	visibility	0	
std.dwarf.AT.import	3	const	import	0	
std.dwarf.AT.string_length	3	const	string_length	0	
std.dwarf.AT.common_reference	3	const	common_reference	0	
std.dwarf.AT.comp_dir	3	const	comp_dir	0	
std.dwarf.AT.const_value	3	const	const_value	0	
std.dwarf.AT.containing_type	3	const	containing_type	0	
std.dwarf.AT.default_value	3	const	default_value	0	
std.dwarf.AT.@"inline"	3	const	@"inline"	0	
std.dwarf.AT.is_optional	3	const	is_optional	0	
std.dwarf.AT.lower_bound	3	const	lower_bound	0	
std.dwarf.AT.producer	3	const	producer	0	
std.dwarf.AT.prototyped	3	const	prototyped	0	
std.dwarf.AT.return_addr	3	const	return_addr	0	
std.dwarf.AT.start_scope	3	const	start_scope	0	
std.dwarf.AT.bit_stride	3	const	bit_stride	0	
std.dwarf.AT.upper_bound	3	const	upper_bound	0	
std.dwarf.AT.abstract_origin	3	const	abstract_origin	0	
std.dwarf.AT.accessibility	3	const	accessibility	0	
std.dwarf.AT.address_class	3	const	address_class	0	
std.dwarf.AT.artificial	3	const	artificial	0	
std.dwarf.AT.base_types	3	const	base_types	0	
std.dwarf.AT.calling_convention	3	const	calling_convention	0	
std.dwarf.AT.count	3	const	count	0	
std.dwarf.AT.data_member_location	3	const	data_member_location	0	
std.dwarf.AT.decl_column	3	const	decl_column	0	
std.dwarf.AT.decl_file	3	const	decl_file	0	
std.dwarf.AT.decl_line	3	const	decl_line	0	
std.dwarf.AT.declaration	3	const	declaration	0	
std.dwarf.AT.discr_list	3	const	discr_list	0	
std.dwarf.AT.encoding	3	const	encoding	0	
std.dwarf.AT.external	3	const	external	0	
std.dwarf.AT.frame_base	3	const	frame_base	0	
std.dwarf.AT.friend	3	const	friend	0	
std.dwarf.AT.identifier_case	3	const	identifier_case	0	
std.dwarf.AT.macro_info	3	const	macro_info	0	
std.dwarf.AT.namelist_items	3	const	namelist_items	0	
std.dwarf.AT.priority	3	const	priority	0	
std.dwarf.AT.segment	3	const	segment	0	
std.dwarf.AT.specification	3	const	specification	0	
std.dwarf.AT.static_link	3	const	static_link	0	
std.dwarf.AT.@"type"	3	const	@"type"	0	
std.dwarf.AT.use_location	3	const	use_location	0	
std.dwarf.AT.variable_parameter	3	const	variable_parameter	0	
std.dwarf.AT.virtuality	3	const	virtuality	0	
std.dwarf.AT.vtable_elem_location	3	const	vtable_elem_location	0	
std.dwarf.AT.allocated	3	const	allocated	0	
std.dwarf.AT.associated	3	const	associated	0	
std.dwarf.AT.data_location	3	const	data_location	0	
std.dwarf.AT.byte_stride	3	const	byte_stride	0	
std.dwarf.AT.entry_pc	3	const	entry_pc	0	
std.dwarf.AT.use_UTF8	3	const	use_UTF8	0	
std.dwarf.AT.extension	3	const	extension	0	
std.dwarf.AT.ranges	3	const	ranges	0	
std.dwarf.AT.trampoline	3	const	trampoline	0	
std.dwarf.AT.call_column	3	const	call_column	0	
std.dwarf.AT.call_file	3	const	call_file	0	
std.dwarf.AT.call_line	3	const	call_line	0	
std.dwarf.AT.description	3	const	description	0	
std.dwarf.AT.binary_scale	3	const	binary_scale	0	
std.dwarf.AT.decimal_scale	3	const	decimal_scale	0	
std.dwarf.AT.small	3	const	small	0	
std.dwarf.AT.decimal_sign	3	const	decimal_sign	0	
std.dwarf.AT.digit_count	3	const	digit_count	0	
std.dwarf.AT.picture_string	3	const	picture_string	0	
std.dwarf.AT.mutable	3	const	mutable	0	
std.dwarf.AT.threads_scaled	3	const	threads_scaled	0	
std.dwarf.AT.explicit	3	const	explicit	0	
std.dwarf.AT.object_pointer	3	const	object_pointer	0	
std.dwarf.AT.endianity	3	const	endianity	0	
std.dwarf.AT.elemental	3	const	elemental	0	
std.dwarf.AT.pure	3	const	pure	0	
std.dwarf.AT.recursive	3	const	recursive	0	
std.dwarf.AT.signature	3	const	signature	0	
std.dwarf.AT.main_subprogram	3	const	main_subprogram	0	
std.dwarf.AT.data_bit_offset	3	const	data_bit_offset	0	
std.dwarf.AT.const_expr	3	const	const_expr	0	
std.dwarf.AT.enum_class	3	const	enum_class	0	
std.dwarf.AT.linkage_name	3	const	linkage_name	0	
std.dwarf.AT.string_length_bit_size	3	const	string_length_bit_size	0	
std.dwarf.AT.string_length_byte_size	3	const	string_length_byte_size	0	
std.dwarf.AT.rank	3	const	rank	0	
std.dwarf.AT.str_offsets_base	3	const	str_offsets_base	0	
std.dwarf.AT.addr_base	3	const	addr_base	0	
std.dwarf.AT.rnglists_base	3	const	rnglists_base	0	
std.dwarf.AT.dwo_name	3	const	dwo_name	0	
std.dwarf.AT.reference	3	const	reference	0	
std.dwarf.AT.rvalue_reference	3	const	rvalue_reference	0	
std.dwarf.AT.macros	3	const	macros	0	
std.dwarf.AT.call_all_calls	3	const	call_all_calls	0	
std.dwarf.AT.call_all_source_calls	3	const	call_all_source_calls	0	
std.dwarf.AT.call_all_tail_calls	3	const	call_all_tail_calls	0	
std.dwarf.AT.call_return_pc	3	const	call_return_pc	0	
std.dwarf.AT.call_value	3	const	call_value	0	
std.dwarf.AT.call_origin	3	const	call_origin	0	
std.dwarf.AT.call_parameter	3	const	call_parameter	0	
std.dwarf.AT.call_pc	3	const	call_pc	0	
std.dwarf.AT.call_tail_call	3	const	call_tail_call	0	
std.dwarf.AT.call_target	3	const	call_target	0	
std.dwarf.AT.call_target_clobbered	3	const	call_target_clobbered	0	
std.dwarf.AT.call_data_location	3	const	call_data_location	0	
std.dwarf.AT.call_data_value	3	const	call_data_value	0	
std.dwarf.AT.@"noreturn"	3	const	@"noreturn"	0	
std.dwarf.AT.alignment	3	const	alignment	0	
std.dwarf.AT.export_symbols	3	const	export_symbols	0	
std.dwarf.AT.deleted	3	const	deleted	0	
std.dwarf.AT.defaulted	3	const	defaulted	0	
std.dwarf.AT.loclists_base	3	const	loclists_base	0	
std.dwarf.AT.lo_user	3	const	lo_user	0	
std.dwarf.AT.hi_user	3	const	hi_user	0	
std.dwarf.AT.MIPS_fde	3	const	MIPS_fde	0	
std.dwarf.AT.MIPS_loop_begin	3	const	MIPS_loop_begin	0	
std.dwarf.AT.MIPS_tail_loop_begin	3	const	MIPS_tail_loop_begin	0	
std.dwarf.AT.MIPS_epilog_begin	3	const	MIPS_epilog_begin	0	
std.dwarf.AT.MIPS_loop_unroll_factor	3	const	MIPS_loop_unroll_factor	0	
std.dwarf.AT.MIPS_software_pipeline_depth	3	const	MIPS_software_pipeline_depth	0	
std.dwarf.AT.MIPS_linkage_name	3	const	MIPS_linkage_name	0	
std.dwarf.AT.MIPS_stride	3	const	MIPS_stride	0	
std.dwarf.AT.MIPS_abstract_name	3	const	MIPS_abstract_name	0	
std.dwarf.AT.MIPS_clone_origin	3	const	MIPS_clone_origin	0	
std.dwarf.AT.MIPS_has_inlines	3	const	MIPS_has_inlines	0	
std.dwarf.AT.HP_block_index	3	const	HP_block_index	0	
std.dwarf.AT.HP_unmodifiable	3	const	HP_unmodifiable	0	
std.dwarf.AT.HP_prologue	3	const	HP_prologue	0	
std.dwarf.AT.HP_epilogue	3	const	HP_epilogue	0	
std.dwarf.AT.HP_actuals_stmt_list	3	const	HP_actuals_stmt_list	0	
std.dwarf.AT.HP_proc_per_section	3	const	HP_proc_per_section	0	
std.dwarf.AT.HP_raw_data_ptr	3	const	HP_raw_data_ptr	0	
std.dwarf.AT.HP_pass_by_reference	3	const	HP_pass_by_reference	0	
std.dwarf.AT.HP_opt_level	3	const	HP_opt_level	0	
std.dwarf.AT.HP_prof_version_id	3	const	HP_prof_version_id	0	
std.dwarf.AT.HP_opt_flags	3	const	HP_opt_flags	0	
std.dwarf.AT.HP_cold_region_low_pc	3	const	HP_cold_region_low_pc	0	
std.dwarf.AT.HP_cold_region_high_pc	3	const	HP_cold_region_high_pc	0	
std.dwarf.AT.HP_all_variables_modifiable	3	const	HP_all_variables_modifiable	0	
std.dwarf.AT.HP_linkage_name	3	const	HP_linkage_name	0	
std.dwarf.AT.HP_prof_flags	3	const	HP_prof_flags	0	
std.dwarf.AT.HP_unit_name	3	const	HP_unit_name	0	
std.dwarf.AT.HP_unit_size	3	const	HP_unit_size	0	
std.dwarf.AT.HP_widened_byte_size	3	const	HP_widened_byte_size	0	
std.dwarf.AT.HP_definition_points	3	const	HP_definition_points	0	
std.dwarf.AT.HP_default_location	3	const	HP_default_location	0	
std.dwarf.AT.HP_is_result_param	3	const	HP_is_result_param	0	
std.dwarf.AT.sf_names	3	const	sf_names	0	
std.dwarf.AT.src_info	3	const	src_info	0	
std.dwarf.AT.mac_info	3	const	mac_info	0	
std.dwarf.AT.src_coords	3	const	src_coords	0	
std.dwarf.AT.body_begin	3	const	body_begin	0	
std.dwarf.AT.body_end	3	const	body_end	0	
std.dwarf.AT.GNU_vector	3	const	GNU_vector	0	
std.dwarf.AT.GNU_guarded_by	3	const	GNU_guarded_by	0	
std.dwarf.AT.GNU_pt_guarded_by	3	const	GNU_pt_guarded_by	0	
std.dwarf.AT.GNU_guarded	3	const	GNU_guarded	0	
std.dwarf.AT.GNU_pt_guarded	3	const	GNU_pt_guarded	0	
std.dwarf.AT.GNU_locks_excluded	3	const	GNU_locks_excluded	0	
std.dwarf.AT.GNU_exclusive_locks_required	3	const	GNU_exclusive_locks_required	0	
std.dwarf.AT.GNU_shared_locks_required	3	const	GNU_shared_locks_required	0	
std.dwarf.AT.GNU_odr_signature	3	const	GNU_odr_signature	0	
std.dwarf.AT.GNU_template_name	3	const	GNU_template_name	0	
std.dwarf.AT.GNU_call_site_value	3	const	GNU_call_site_value	0	
std.dwarf.AT.GNU_call_site_data_value	3	const	GNU_call_site_data_value	0	
std.dwarf.AT.GNU_call_site_target	3	const	GNU_call_site_target	0	
std.dwarf.AT.GNU_call_site_target_clobbered	3	const	GNU_call_site_target_clobbered	0	
std.dwarf.AT.GNU_tail_call	3	const	GNU_tail_call	0	
std.dwarf.AT.GNU_all_tail_call_sites	3	const	GNU_all_tail_call_sites	0	
std.dwarf.AT.GNU_all_call_sites	3	const	GNU_all_call_sites	0	
std.dwarf.AT.GNU_all_source_call_sites	3	const	GNU_all_source_call_sites	0	
std.dwarf.AT.GNU_macros	3	const	GNU_macros	0	
std.dwarf.AT.GNU_dwo_name	3	const	GNU_dwo_name	0	
std.dwarf.AT.GNU_dwo_id	3	const	GNU_dwo_id	0	
std.dwarf.AT.GNU_ranges_base	3	const	GNU_ranges_base	0	
std.dwarf.AT.GNU_addr_base	3	const	GNU_addr_base	0	
std.dwarf.AT.GNU_pubnames	3	const	GNU_pubnames	0	
std.dwarf.AT.GNU_pubtypes	3	const	GNU_pubtypes	0	
std.dwarf.AT.VMS_rtnbeg_pd_address	3	const	VMS_rtnbeg_pd_address	0	
std.dwarf.AT.use_GNAT_descriptive_type	3	const	use_GNAT_descriptive_type	0	
std.dwarf.AT.GNAT_descriptive_type	3	const	GNAT_descriptive_type	0	
std.dwarf.AT.ZIG_parent	3	const	ZIG_parent	0	
std.dwarf.AT.ZIG_padding	3	const	ZIG_padding	0	
std.dwarf.AT.ZIG_relative_decl	3	const	ZIG_relative_decl	0	
std.dwarf.AT.ZIG_decl_line_relative	3	const	ZIG_decl_line_relative	0	
std.dwarf.AT.ZIG_comptime_value	3	const	ZIG_comptime_value	0	
std.dwarf.AT.ZIG_sentinel	3	const	ZIG_sentinel	0	
std.dwarf.AT.upc_threads_scaled	3	const	upc_threads_scaled	0	
std.dwarf.AT.PGI_lbase	3	const	PGI_lbase	0	
std.dwarf.AT.PGI_soffset	3	const	PGI_soffset	0	
std.dwarf.AT.PGI_lstride	3	const	PGI_lstride	0	
std.dwarf.OP	2	ns	OP	192	dwarf/OP.zig
std.dwarf.OP.addr	3	const	addr	0	
std.dwarf.OP.deref	3	const	deref	0	
std.dwarf.OP.const1u	3	const	const1u	0	
std.dwarf.OP.const1s	3	const	const1s	0	
std.dwarf.OP.const2u	3	const	const2u	0	
std.dwarf.OP.const2s	3	const	const2s	0	
std.dwarf.OP.const4u	3	const	const4u	0	
std.dwarf.OP.const4s	3	const	const4s	0	
std.dwarf.OP.const8u	3	const	const8u	0	
std.dwarf.OP.const8s	3	const	const8s	0	
std.dwarf.OP.constu	3	const	constu	0	
std.dwarf.OP.consts	3	const	consts	0	
std.dwarf.OP.dup	3	const	dup	0	
std.dwarf.OP.drop	3	const	drop	0	
std.dwarf.OP.over	3	const	over	0	
std.dwarf.OP.pick	3	const	pick	0	
std.dwarf.OP.swap	3	const	swap	0	
std.dwarf.OP.rot	3	const	rot	0	
std.dwarf.OP.xderef	3	const	xderef	0	
std.dwarf.OP.abs	3	const	abs	0	
std.dwarf.OP.@"and"	3	const	@"and"	0	
std.dwarf.OP.div	3	const	div	0	
std.dwarf.OP.minus	3	const	minus	0	
std.dwarf.OP.mod	3	const	mod	0	
std.dwarf.OP.mul	3	const	mul	0	
std.dwarf.OP.neg	3	const	neg	0	
std.dwarf.OP.not	3	const	not	0	
std.dwarf.OP.@"or"	3	const	@"or"	0	
std.dwarf.OP.plus	3	const	plus	0	
std.dwarf.OP.plus_uconst	3	const	plus_uconst	0	
std.dwarf.OP.shl	3	const	shl	0	
std.dwarf.OP.shr	3	const	shr	0	
std.dwarf.OP.shra	3	const	shra	0	
std.dwarf.OP.xor	3	const	xor	0	
std.dwarf.OP.bra	3	const	bra	0	
std.dwarf.OP.eq	3	const	eq	0	
std.dwarf.OP.ge	3	const	ge	0	
std.dwarf.OP.gt	3	const	gt	0	
std.dwarf.OP.le	3	const	le	0	
std.dwarf.OP.lt	3	const	lt	0	
std.dwarf.OP.ne	3	const	ne	0	
std.dwarf.OP.skip	3	const	skip	0	
std.dwarf.OP.lit0	3	const	lit0	0	
std.dwarf.OP.lit1	3	const	lit1	0	
std.dwarf.OP.lit2	3	const	lit2	0	
std.dwarf.OP.lit3	3	const	lit3	0	
std.dwarf.OP.lit4	3	const	lit4	0	
std.dwarf.OP.lit5	3	const	lit5	0	
std.dwarf.OP.lit6	3	const	lit6	0	
std.dwarf.OP.lit7	3	const	lit7	0	
std.dwarf.OP.lit8	3	const	lit8	0	
std.dwarf.OP.lit9	3	const	lit9	0	
std.dwarf.OP.lit10	3	const	lit10	0	
std.dwarf.OP.lit11	3	const	lit11	0	
std.dwarf.OP.lit12	3	const	lit12	0	
std.dwarf.OP.lit13	3	const	lit13	0	
std.dwarf.OP.lit14	3	const	lit14	0	
std.dwarf.OP.lit15	3	const	lit15	0	
std.dwarf.OP.lit16	3	const	lit16	0	
std.dwarf.OP.lit17	3	const	lit17	0	
std.dwarf.OP.lit18	3	const	lit18	0	
std.dwarf.OP.lit19	3	const	lit19	0	
std.dwarf.OP.lit20	3	const	lit20	0	
std.dwarf.OP.lit21	3	const	lit21	0	
std.dwarf.OP.lit22	3	const	lit22	0	
std.dwarf.OP.lit23	3	const	lit23	0	
std.dwarf.OP.lit24	3	const	lit24	0	
std.dwarf.OP.lit25	3	const	lit25	0	
std.dwarf.OP.lit26	3	const	lit26	0	
std.dwarf.OP.lit27	3	const	lit27	0	
std.dwarf.OP.lit28	3	const	lit28	0	
std.dwarf.OP.lit29	3	const	lit29	0	
std.dwarf.OP.lit30	3	const	lit30	0	
std.dwarf.OP.lit31	3	const	lit31	0	
std.dwarf.OP.reg0	3	const	reg0	0	
std.dwarf.OP.reg1	3	const	reg1	0	
std.dwarf.OP.reg2	3	const	reg2	0	
std.dwarf.OP.reg3	3	const	reg3	0	
std.dwarf.OP.reg4	3	const	reg4	0	
std.dwarf.OP.reg5	3	const	reg5	0	
std.dwarf.OP.reg6	3	const	reg6	0	
std.dwarf.OP.reg7	3	const	reg7	0	
std.dwarf.OP.reg8	3	const	reg8	0	
std.dwarf.OP.reg9	3	const	reg9	0	
std.dwarf.OP.reg10	3	const	reg10	0	
std.dwarf.OP.reg11	3	const	reg11	0	
std.dwarf.OP.reg12	3	const	reg12	0	
std.dwarf.OP.reg13	3	const	reg13	0	
std.dwarf.OP.reg14	3	const	reg14	0	
std.dwarf.OP.reg15	3	const	reg15	0	
std.dwarf.OP.reg16	3	const	reg16	0	
std.dwarf.OP.reg17	3	const	reg17	0	
std.dwarf.OP.reg18	3	const	reg18	0	
std.dwarf.OP.reg19	3	const	reg19	0	
std.dwarf.OP.reg20	3	const	reg20	0	
std.dwarf.OP.reg21	3	const	reg21	0	
std.dwarf.OP.reg22	3	const	reg22	0	
std.dwarf.OP.reg23	3	const	reg23	0	
std.dwarf.OP.reg24	3	const	reg24	0	
std.dwarf.OP.reg25	3	const	reg25	0	
std.dwarf.OP.reg26	3	const	reg26	0	
std.dwarf.OP.reg27	3	const	reg27	0	
std.dwarf.OP.reg28	3	const	reg28	0	
std.dwarf.OP.reg29	3	const	reg29	0	
std.dwarf.OP.reg30	3	const	reg30	0	
std.dwarf.OP.reg31	3	const	reg31	0	
std.dwarf.OP.breg0	3	const	breg0	0	
std.dwarf.OP.breg1	3	const	breg1	0	
std.dwarf.OP.breg2	3	const	breg2	0	
std.dwarf.OP.breg3	3	const	breg3	0	
std.dwarf.OP.breg4	3	const	breg4	0	
std.dwarf.OP.breg5	3	const	breg5	0	
std.dwarf.OP.breg6	3	const	breg6	0	
std.dwarf.OP.breg7	3	const	breg7	0	
std.dwarf.OP.breg8	3	const	breg8	0	
std.dwarf.OP.breg9	3	const	breg9	0	
std.dwarf.OP.breg10	3	const	breg10	0	
std.dwarf.OP.breg11	3	const	breg11	0	
std.dwarf.OP.breg12	3	const	breg12	0	
std.dwarf.OP.breg13	3	const	breg13	0	
std.dwarf.OP.breg14	3	const	breg14	0	
std.dwarf.OP.breg15	3	const	breg15	0	
std.dwarf.OP.breg16	3	const	breg16	0	
std.dwarf.OP.breg17	3	const	breg17	0	
std.dwarf.OP.breg18	3	const	breg18	0	
std.dwarf.OP.breg19	3	const	breg19	0	
std.dwarf.OP.breg20	3	const	breg20	0	
std.dwarf.OP.breg21	3	const	breg21	0	
std.dwarf.OP.breg22	3	const	breg22	0	
std.dwarf.OP.breg23	3	const	breg23	0	
std.dwarf.OP.breg24	3	const	breg24	0	
std.dwarf.OP.breg25	3	const	breg25	0	
std.dwarf.OP.breg26	3	const	breg26	0	
std.dwarf.OP.breg27	3	const	breg27	0	
std.dwarf.OP.breg28	3	const	breg28	0	
std.dwarf.OP.breg29	3	const	breg29	0	
std.dwarf.OP.breg30	3	const	breg30	0	
std.dwarf.OP.breg31	3	const	breg31	0	
std.dwarf.OP.regx	3	const	regx	0	
std.dwarf.OP.fbreg	3	const	fbreg	0	
std.dwarf.OP.bregx	3	const	bregx	0	
std.dwarf.OP.piece	3	const	piece	0	
std.dwarf.OP.deref_size	3	const	deref_size	0	
std.dwarf.OP.xderef_size	3	const	xderef_size	0	
std.dwarf.OP.nop	3	const	nop	0	
std.dwarf.OP.push_object_address	3	const	push_object_address	0	
std.dwarf.OP.call2	3	const	call2	0	
std.dwarf.OP.call4	3	const	call4	0	
std.dwarf.OP.call_ref	3	const	call_ref	0	
std.dwarf.OP.form_tls_address	3	const	form_tls_address	0	
std.dwarf.OP.call_frame_cfa	3	const	call_frame_cfa	0	
std.dwarf.OP.bit_piece	3	const	bit_piece	0	
std.dwarf.OP.implicit_value	3	const	implicit_value	0	
std.dwarf.OP.stack_value	3	const	stack_value	0	
std.dwarf.OP.implicit_pointer	3	const	implicit_pointer	0	
std.dwarf.OP.addrx	3	const	addrx	0	
std.dwarf.OP.constx	3	const	constx	0	
std.dwarf.OP.entry_value	3	const	entry_value	0	
std.dwarf.OP.const_type	3	const	const_type	0	
std.dwarf.OP.regval_type	3	const	regval_type	0	
std.dwarf.OP.deref_type	3	const	deref_type	0	
std.dwarf.OP.xderef_type	3	const	xderef_type	0	
std.dwarf.OP.convert	3	const	convert	0	
std.dwarf.OP.reinterpret	3	const	reinterpret	0	
std.dwarf.OP.lo_user	3	const	lo_user	0	
std.dwarf.OP.hi_user	3	const	hi_user	0	
std.dwarf.OP.GNU_push_tls_address	3	const	GNU_push_tls_address	0	
std.dwarf.OP.GNU_uninit	3	const	GNU_uninit	0	
std.dwarf.OP.GNU_encoded_addr	3	const	GNU_encoded_addr	0	
std.dwarf.OP.GNU_implicit_pointer	3	const	GNU_implicit_pointer	0	
std.dwarf.OP.GNU_entry_value	3	const	GNU_entry_value	0	
std.dwarf.OP.GNU_const_type	3	const	GNU_const_type	0	
std.dwarf.OP.GNU_regval_type	3	const	GNU_regval_type	0	
std.dwarf.OP.GNU_deref_type	3	const	GNU_deref_type	0	
std.dwarf.OP.GNU_convert	3	const	GNU_convert	0	
std.dwarf.OP.GNU_reinterpret	3	const	GNU_reinterpret	0	
std.dwarf.OP.GNU_parameter_ref	3	const	GNU_parameter_ref	0	
std.dwarf.OP.GNU_addr_index	3	const	GNU_addr_index	0	
std.dwarf.OP.GNU_const_index	3	const	GNU_const_index	0	
std.dwarf.OP.HP_unknown	3	const	HP_unknown	0	
std.dwarf.OP.HP_is_value	3	const	HP_is_value	0	
std.dwarf.OP.HP_fltconst4	3	const	HP_fltconst4	0	
std.dwarf.OP.HP_fltconst8	3	const	HP_fltconst8	0	
std.dwarf.OP.HP_mod_range	3	const	HP_mod_range	0	
std.dwarf.OP.HP_unmod_range	3	const	HP_unmod_range	0	
std.dwarf.OP.HP_tls	3	const	HP_tls	0	
std.dwarf.OP.PGI_omp_thread_num	3	const	PGI_omp_thread_num	0	
std.dwarf.OP.WASM_location	3	const	WASM_location	0	
std.dwarf.OP.WASM_local	3	const	WASM_local	0	
std.dwarf.OP.WASM_global	3	const	WASM_global	0	
std.dwarf.OP.WASM_global_u32	3	const	WASM_global_u32	0	
std.dwarf.OP.WASM_operand_stack	3	const	WASM_operand_stack	0	
std.dwarf.LANG	2	ns	LANG	70	dwarf/LANG.zig
std.dwarf.LANG.C89	3	const	C89	0	
std.dwarf.LANG.C	3	const	C	0	
std.dwarf.LANG.Ada83	3	const	Ada83	0	
std.dwarf.LANG.C_plus_plus	3	const	C_plus_plus	0	
std.dwarf.LANG.Cobol74	3	const	Cobol74	0	
std.dwarf.LANG.Cobol85	3	const	Cobol85	0	
std.dwarf.LANG.Fortran77	3	const	Fortran77	0	
std.dwarf.LANG.Fortran90	3	const	Fortran90	0	
std.dwarf.LANG.Pascal83	3	const	Pascal83	0	
std.dwarf.LANG.Modula2	3	const	Modula2	0	
std.dwarf.LANG.Java	3	const	Java	0	
std.dwarf.LANG.C99	3	const	C99	0	
std.dwarf.LANG.Ada95	3	const	Ada95	0	
std.dwarf.LANG.Fortran95	3	const	Fortran95	0	
std.dwarf.LANG.PLI	3	const	PLI	0	
std.dwarf.LANG.ObjC	3	const	ObjC	0	
std.dwarf.LANG.ObjC_plus_plus	3	const	ObjC_plus_plus	0	
std.dwarf.LANG.UPC	3	const	UPC	0	
std.dwarf.LANG.D	3	const	D	0	
std.dwarf.LANG.Python	3	const	Python	0	
std.dwarf.LANG.OpenCL	3	const	OpenCL	0	
std.dwarf.LANG.Go	3	const	Go	0	
std.dwarf.LANG.Modula3	3	const	Modula3	0	
std.dwarf.LANG.Haskell	3	const	Haskell	0	
std.dwarf.LANG.C_plus_plus_03	3	const	C_plus_plus_03	0	
std.dwarf.LANG.C_plus_plus_11	3	const	C_plus_plus_11	0	
std.dwarf.LANG.OCaml	3	const	OCaml	0	
std.dwarf.LANG.Rust	3	const	Rust	0	
std.dwarf.LANG.C11	3	const	C11	0	
std.dwarf.LANG.Swift	3	const	Swift	0	
std.dwarf.LANG.Julia	3	const	Julia	0	
std.dwarf.LANG.Dylan	3	const	Dylan	0	
std.dwarf.LANG.C_plus_plus_14	3	const	C_plus_plus_14	0	
std.dwarf.LANG.Fortran03	3	const	Fortran03	0	
std.dwarf.LANG.Fortran08	3	const	Fortran08	0	
std.dwarf.LANG.RenderScript	3	const	RenderScript	0	
std.dwarf.LANG.BLISS	3	const	BLISS	0	
std.dwarf.LANG.Kotlin	3	const	Kotlin	0	
std.dwarf.LANG.Zig	3	const	Zig	0	
std.dwarf.LANG.Crystal	3	const	Crystal	0	
std.dwarf.LANG.C_plus_plus_17	3	const	C_plus_plus_17	0	
std.dwarf.LANG.C_plus_plus_20	3	const	C_plus_plus_20	0	
std.dwarf.LANG.C17	3	const	C17	0	
std.dwarf.LANG.Fortran18	3	const	Fortran18	0	
std.dwarf.LANG.Ada2005	3	const	Ada2005	0	
std.dwarf.LANG.Ada2012	3	const	Ada2012	0	
std.dwarf.LANG.HIP	3	const	HIP	0	
std.dwarf.LANG.Assembly	3	const	Assembly	0	
std.dwarf.LANG.C_sharp	3	const	C_sharp	0	
std.dwarf.LANG.Mojo	3	const	Mojo	0	
std.dwarf.LANG.GLSL	3	const	GLSL	0	
std.dwarf.LANG.GLSL_ES	3	const	GLSL_ES	0	
std.dwarf.LANG.HLSL	3	const	HLSL	0	
std.dwarf.LANG.OpenCL_CPP	3	const	OpenCL_CPP	0	
std.dwarf.LANG.CPP_for_OpenCL	3	const	CPP_for_OpenCL	0	
std.dwarf.LANG.SYCL	3	const	SYCL	0	
std.dwarf.LANG.C_plus_plus_23	3	const	C_plus_plus_23	0	
std.dwarf.LANG.Odin	3	const	Odin	0	
std.dwarf.LANG.Ruby	3	const	Ruby	0	
std.dwarf.LANG.Move	3	const	Move	0	
std.dwarf.LANG.Hylo	3	const	Hylo	0	
std.dwarf.LANG.lo_user	3	const	lo_user	0	
std.dwarf.LANG.hi_user	3	const	hi_user	0	
std.dwarf.LANG.Mips_Assembler	3	const	Mips_Assembler	0	
std.dwarf.LANG.Upc	3	const	Upc	0	
std.dwarf.LANG.HP_Bliss	3	const	HP_Bliss	0	
std.dwarf.LANG.HP_Basic91	3	const	HP_Basic91	0	
std.dwarf.LANG.HP_Pascal91	3	const	HP_Pascal91	0	
std.dwarf.LANG.HP_IMacro	3	const	HP_IMacro	0	
std.dwarf.LANG.HP_Assembler	3	const	HP_Assembler	0	
std.dwarf.FORM	2	ns	FORM	47	dwarf/FORM.zig
std.dwarf.FORM.addr	3	const	addr	0	
std.dwarf.FORM.block2	3	const	block2	0	
std.dwarf.FORM.block4	3	const	block4	0	
std.dwarf.FORM.data2	3	const	data2	0	
std.dwarf.FORM.data4	3	const	data4	0	
std.dwarf.FORM.data8	3	const	data8	0	
std.dwarf.FORM.string	3	const	string	0	
std.dwarf.FORM.block	3	const	block	0	
std.dwarf.FORM.block1	3	const	block1	0	
std.dwarf.FORM.data1	3	const	data1	0	
std.dwarf.FORM.flag	3	const	flag	0	
std.dwarf.FORM.sdata	3	const	sdata	0	
std.dwarf.FORM.strp	3	const	strp	0	
std.dwarf.FORM.udata	3	const	udata	0	
std.dwarf.FORM.ref_addr	3	const	ref_addr	0	
std.dwarf.FORM.ref1	3	const	ref1	0	
std.dwarf.FORM.ref2	3	const	ref2	0	
std.dwarf.FORM.ref4	3	const	ref4	0	
std.dwarf.FORM.ref8	3	const	ref8	0	
std.dwarf.FORM.ref_udata	3	const	ref_udata	0	
std.dwarf.FORM.indirect	3	const	indirect	0	
std.dwarf.FORM.sec_offset	3	const	sec_offset	0	
std.dwarf.FORM.exprloc	3	const	exprloc	0	
std.dwarf.FORM.flag_present	3	const	flag_present	0	
std.dwarf.FORM.strx	3	const	strx	0	
std.dwarf.FORM.addrx	3	const	addrx	0	
std.dwarf.FORM.ref_sup4	3	const	ref_sup4	0	
std.dwarf.FORM.strp_sup	3	const	strp_sup	0	
std.dwarf.FORM.data16	3	const	data16	0	
std.dwarf.FORM.line_strp	3	const	line_strp	0	
std.dwarf.FORM.ref_sig8	3	const	ref_sig8	0	
std.dwarf.FORM.implicit_const	3	const	implicit_const	0	
std.dwarf.FORM.loclistx	3	const	loclistx	0	
std.dwarf.FORM.rnglistx	3	const	rnglistx	0	
std.dwarf.FORM.ref_sup8	3	const	ref_sup8	0	
std.dwarf.FORM.strx1	3	const	strx1	0	
std.dwarf.FORM.strx2	3	const	strx2	0	
std.dwarf.FORM.strx3	3	const	strx3	0	
std.dwarf.FORM.strx4	3	const	strx4	0	
std.dwarf.FORM.addrx1	3	const	addrx1	0	
std.dwarf.FORM.addrx2	3	const	addrx2	0	
std.dwarf.FORM.addrx3	3	const	addrx3	0	
std.dwarf.FORM.addrx4	3	const	addrx4	0	
std.dwarf.FORM.GNU_addr_index	3	const	GNU_addr_index	0	
std.dwarf.FORM.GNU_str_index	3	const	GNU_str_index	0	
std.dwarf.FORM.GNU_ref_alt	3	const	GNU_ref_alt	0	
std.dwarf.FORM.GNU_strp_alt	3	const	GNU_strp_alt	0	
std.dwarf.ATE	2	ns	ATE	37	dwarf/ATE.zig
std.dwarf.ATE.@"void"	3	const	@"void"	0	
std.dwarf.ATE.address	3	const	address	0	
std.dwarf.ATE.boolean	3	const	boolean	0	
std.dwarf.ATE.complex_float	3	const	complex_float	0	
std.dwarf.ATE.float	3	const	float	0	
std.dwarf.ATE.signed	3	const	signed	0	
std.dwarf.ATE.signed_char	3	const	signed_char	0	
std.dwarf.ATE.unsigned	3	const	unsigned	0	
std.dwarf.ATE.unsigned_char	3	const	unsigned_char	0	
std.dwarf.ATE.imaginary_float	3	const	imaginary_float	0	
std.dwarf.ATE.packed_decimal	3	const	packed_decimal	0	
std.dwarf.ATE.numeric_string	3	const	numeric_string	0	
std.dwarf.ATE.edited	3	const	edited	0	
std.dwarf.ATE.signed_fixed	3	const	signed_fixed	0	
std.dwarf.ATE.unsigned_fixed	3	const	unsigned_fixed	0	
std.dwarf.ATE.decimal_float	3	const	decimal_float	0	
std.dwarf.ATE.UTF	3	const	UTF	0	
std.dwarf.ATE.UCS	3	const	UCS	0	
std.dwarf.ATE.ASCII	3	const	ASCII	0	
std.dwarf.ATE.lo_user	3	const	lo_user	0	
std.dwarf.ATE.hi_user	3	const	hi_user	0	
std.dwarf.ATE.HP_float80	3	const	HP_float80	0	
std.dwarf.ATE.HP_complex_float80	3	const	HP_complex_float80	0	
std.dwarf.ATE.HP_float128	3	const	HP_float128	0	
std.dwarf.ATE.HP_complex_float128	3	const	HP_complex_float128	0	
std.dwarf.ATE.HP_floathpintel	3	const	HP_floathpintel	0	
std.dwarf.ATE.HP_imaginary_float80	3	const	HP_imaginary_float80	0	
std.dwarf.ATE.HP_imaginary_float128	3	const	HP_imaginary_float128	0	
std.dwarf.ATE.HP_VAX_float	3	const	HP_VAX_float	0	
std.dwarf.ATE.HP_VAX_float_d	3	const	HP_VAX_float_d	0	
std.dwarf.ATE.HP_packed_decimal	3	const	HP_packed_decimal	0	
std.dwarf.ATE.HP_zoned_decimal	3	const	HP_zoned_decimal	0	
std.dwarf.ATE.HP_edited	3	const	HP_edited	0	
std.dwarf.ATE.HP_signed_fixed	3	const	HP_signed_fixed	0	
std.dwarf.ATE.HP_unsigned_fixed	3	const	HP_unsigned_fixed	0	
std.dwarf.ATE.HP_VAX_complex_float	3	const	HP_VAX_complex_float	0	
std.dwarf.ATE.HP_VAX_complex_float_d	3	const	HP_VAX_complex_float_d	0	
std.dwarf.EH	2	ns	EH	1	dwarf/EH.zig
std.dwarf.EH.PE	3	struct	PE	3	
std.dwarf.EH.PE.omit	4	const	omit	0	
std.dwarf.EH.PE.Type	4	enum	Type	0	
std.dwarf.EH.PE.Rel	4	enum	Rel	0	
std.dwarf.Format	2	enum	Format	0	
std.dwarf.LLE	2	struct	LLE	9	
std.dwarf.LLE.end_of_list	3	const	end_of_list	0	
std.dwarf.LLE.base_addressx	3	const	base_addressx	0	
std.dwarf.LLE.startx_endx	3	const	startx_endx	0	
std.dwarf.LLE.startx_length	3	const	startx_length	0	
std.dwarf.LLE.offset_pair	3	const	offset_pair	0	
std.dwarf.LLE.default_location	3	const	default_location	0	
std.dwarf.LLE.base_address	3	const	base_address	0	
std.dwarf.LLE.start_end	3	const	start_end	0	
std.dwarf.LLE.start_length	3	const	start_length	0	
std.dwarf.CFA	2	struct	CFA	32	
std.dwarf.CFA.advance_loc	3	const	advance_loc	0	
std.dwarf.CFA.offset	3	const	offset	0	
std.dwarf.CFA.restore	3	const	restore	0	
std.dwarf.CFA.nop	3	const	nop	0	
std.dwarf.CFA.set_loc	3	const	set_loc	0	
std.dwarf.CFA.advance_loc1	3	const	advance_loc1	0	
std.dwarf.CFA.advance_loc2	3	const	advance_loc2	0	
std.dwarf.CFA.advance_loc4	3	const	advance_loc4	0	
std.dwarf.CFA.offset_extended	3	const	offset_extended	0	
std.dwarf.CFA.restore_extended	3	const	restore_extended	0	
std.dwarf.CFA.@"undefined"	3	const	@"undefined"	0	
std.dwarf.CFA.same_value	3	const	same_value	0	
std.dwarf.CFA.register	3	const	register	0	
std.dwarf.CFA.remember_state	3	const	remember_state	0	
std.dwarf.CFA.restore_state	3	const	restore_state	0	
std.dwarf.CFA.def_cfa	3	const	def_cfa	0	
std.dwarf.CFA.def_cfa_register	3	const	def_cfa_register	0	
std.dwarf.CFA.def_cfa_offset	3	const	def_cfa_offset	0	
std.dwarf.CFA.def_cfa_expression	3	const	def_cfa_expression	0	
std.dwarf.CFA.expression	3	const	expression	0	
std.dwarf.CFA.offset_extended_sf	3	const	offset_extended_sf	0	
std.dwarf.CFA.def_cfa_sf	3	const	def_cfa_sf	0	
std.dwarf.CFA.def_cfa_offset_sf	3	const	def_cfa_offset_sf	0	
std.dwarf.CFA.val_offset	3	const	val_offset	0	
std.dwarf.CFA.val_offset_sf	3	const	val_offset_sf	0	
std.dwarf.CFA.val_expression	3	const	val_expression	0	
std.dwarf.CFA.lo_user	3	const	lo_user	0	
std.dwarf.CFA.hi_user	3	const	hi_user	0	
std.dwarf.CFA.MIPS_advance_loc8	3	const	MIPS_advance_loc8	0	
std.dwarf.CFA.GNU_window_save	3	const	GNU_window_save	0	
std.dwarf.CFA.GNU_args_size	3	const	GNU_args_size	0	
std.dwarf.CFA.GNU_negative_offset_extended	3	const	GNU_negative_offset_extended	0	
std.dwarf.CHILDREN	2	struct	CHILDREN	2	
std.dwarf.CHILDREN.no	3	const	no	0	
std.dwarf.CHILDREN.yes	3	const	yes	0	
std.dwarf.LNS	2	struct	LNS	13	
std.dwarf.LNS.extended_op	3	const	extended_op	0	
std.dwarf.LNS.copy	3	const	copy	0	
std.dwarf.LNS.advance_pc	3	const	advance_pc	0	
std.dwarf.LNS.advance_line	3	const	advance_line	0	
std.dwarf.LNS.set_file	3	const	set_file	0	
std.dwarf.LNS.set_column	3	const	set_column	0	
std.dwarf.LNS.negate_stmt	3	const	negate_stmt	0	
std.dwarf.LNS.set_basic_block	3	const	set_basic_block	0	
std.dwarf.LNS.const_add_pc	3	const	const_add_pc	0	
std.dwarf.LNS.fixed_advance_pc	3	const	fixed_advance_pc	0	
std.dwarf.LNS.set_prologue_end	3	const	set_prologue_end	0	
std.dwarf.LNS.set_epilogue_begin	3	const	set_epilogue_begin	0	
std.dwarf.LNS.set_isa	3	const	set_isa	0	
std.dwarf.LNE	2	struct	LNE	8	
std.dwarf.LNE.padding	3	const	padding	0	
std.dwarf.LNE.end_sequence	3	const	end_sequence	0	
std.dwarf.LNE.set_address	3	const	set_address	0	
std.dwarf.LNE.define_file	3	const	define_file	0	
std.dwarf.LNE.set_discriminator	3	const	set_discriminator	0	
std.dwarf.LNE.lo_user	3	const	lo_user	0	
std.dwarf.LNE.hi_user	3	const	hi_user	0	
std.dwarf.LNE.ZIG_set_decl	3	const	ZIG_set_decl	0	
std.dwarf.UT	2	struct	UT	8	
std.dwarf.UT.compile	3	const	compile	0	
std.dwarf.UT.@"type"	3	const	@"type"	0	
std.dwarf.UT.partial	3	const	partial	0	
std.dwarf.UT.skeleton	3	const	skeleton	0	
std.dwarf.UT.split_compile	3	const	split_compile	0	
std.dwarf.UT.split_type	3	const	split_type	0	
std.dwarf.UT.lo_user	3	const	lo_user	0	
std.dwarf.UT.hi_user	3	const	hi_user	0	
std.dwarf.LNCT	2	struct	LNCT	8	
std.dwarf.LNCT.path	3	const	path	0	
std.dwarf.LNCT.directory_index	3	const	directory_index	0	
std.dwarf.LNCT.timestamp	3	const	timestamp	0	
std.dwarf.LNCT.size	3	const	size	0	
std.dwarf.LNCT.MD5	3	const	MD5	0	
std.dwarf.LNCT.lo_user	3	const	lo_user	0	
std.dwarf.LNCT.hi_user	3	const	hi_user	0	
std.dwarf.LNCT.LLVM_source	3	const	LLVM_source	0	
std.dwarf.RLE	2	struct	RLE	8	
std.dwarf.RLE.end_of_list	3	const	end_of_list	0	
std.dwarf.RLE.base_addressx	3	const	base_addressx	0	
std.dwarf.RLE.startx_endx	3	const	startx_endx	0	
std.dwarf.RLE.startx_length	3	const	startx_length	0	
std.dwarf.RLE.offset_pair	3	const	offset_pair	0	
std.dwarf.RLE.base_address	3	const	base_address	0	
std.dwarf.RLE.start_end	3	const	start_end	0	
std.dwarf.RLE.start_length	3	const	start_length	0	
std.dwarf.CC	2	enum	CC	2	
std.dwarf.CC.lo_user	3	const	lo_user	0	
std.dwarf.CC.hi_user	3	const	hi_user	0	
std.dwarf.ACCESS	2	struct	ACCESS	3	
std.dwarf.ACCESS.public	3	const	public	0	
std.dwarf.ACCESS.protected	3	const	protected	0	
std.dwarf.ACCESS.private	3	const	private	0	
std.elf	1	ns	elf	473	elf.zig
std.elf.AT_NULL	2	const	AT_NULL	0	
std.elf.AT_IGNORE	2	const	AT_IGNORE	0	
std.elf.AT_EXECFD	2	const	AT_EXECFD	0	
std.elf.AT_PHDR	2	const	AT_PHDR	0	
std.elf.AT_PHENT	2	const	AT_PHENT	0	
std.elf.AT_PHNUM	2	const	AT_PHNUM	0	
std.elf.AT_PAGESZ	2	const	AT_PAGESZ	0	
std.elf.AT_BASE	2	const	AT_BASE	0	
std.elf.AT_FLAGS	2	const	AT_FLAGS	0	
std.elf.AT_ENTRY	2	const	AT_ENTRY	0	
std.elf.AT_NOTELF	2	const	AT_NOTELF	0	
std.elf.AT_UID	2	const	AT_UID	0	
std.elf.AT_EUID	2	const	AT_EUID	0	
std.elf.AT_GID	2	const	AT_GID	0	
std.elf.AT_EGID	2	const	AT_EGID	0	
std.elf.AT_CLKTCK	2	const	AT_CLKTCK	0	
std.elf.AT_PLATFORM	2	const	AT_PLATFORM	0	
std.elf.AT_HWCAP	2	const	AT_HWCAP	0	
std.elf.AT_FPUCW	2	const	AT_FPUCW	0	
std.elf.AT_DCACHEBSIZE	2	const	AT_DCACHEBSIZE	0	
std.elf.AT_ICACHEBSIZE	2	const	AT_ICACHEBSIZE	0	
std.elf.AT_UCACHEBSIZE	2	const	AT_UCACHEBSIZE	0	
std.elf.AT_IGNOREPPC	2	const	AT_IGNOREPPC	0	
std.elf.AT_SECURE	2	const	AT_SECURE	0	
std.elf.AT_BASE_PLATFORM	2	const	AT_BASE_PLATFORM	0	
std.elf.AT_RANDOM	2	const	AT_RANDOM	0	
std.elf.AT_HWCAP2	2	const	AT_HWCAP2	0	
std.elf.AT_EXECFN	2	const	AT_EXECFN	0	
std.elf.AT_SYSINFO	2	const	AT_SYSINFO	0	
std.elf.AT_SYSINFO_EHDR	2	const	AT_SYSINFO_EHDR	0	
std.elf.AT_L1I_CACHESHAPE	2	const	AT_L1I_CACHESHAPE	0	
std.elf.AT_L1D_CACHESHAPE	2	const	AT_L1D_CACHESHAPE	0	
std.elf.AT_L2_CACHESHAPE	2	const	AT_L2_CACHESHAPE	0	
std.elf.AT_L3_CACHESHAPE	2	const	AT_L3_CACHESHAPE	0	
std.elf.AT_L1I_CACHESIZE	2	const	AT_L1I_CACHESIZE	0	
std.elf.AT_L1I_CACHEGEOMETRY	2	const	AT_L1I_CACHEGEOMETRY	0	
std.elf.AT_L1D_CACHESIZE	2	const	AT_L1D_CACHESIZE	0	
std.elf.AT_L1D_CACHEGEOMETRY	2	const	AT_L1D_CACHEGEOMETRY	0	
std.elf.AT_L2_CACHESIZE	2	const	AT_L2_CACHESIZE	0	
std.elf.AT_L2_CACHEGEOMETRY	2	const	AT_L2_CACHEGEOMETRY	0	
std.elf.AT_L3_CACHESIZE	2	const	AT_L3_CACHESIZE	0	
std.elf.AT_L3_CACHEGEOMETRY	2	const	AT_L3_CACHEGEOMETRY	0	
std.elf.AT_MINSIGSTKSZ	2	const	AT_MINSIGSTKSZ	0	
std.elf.DT_NULL	2	const	DT_NULL	0	
std.elf.DT_NEEDED	2	const	DT_NEEDED	0	
std.elf.DT_PLTRELSZ	2	const	DT_PLTRELSZ	0	
std.elf.DT_PLTGOT	2	const	DT_PLTGOT	0	
std.elf.DT_HASH	2	const	DT_HASH	0	
std.elf.DT_STRTAB	2	const	DT_STRTAB	0	
std.elf.DT_SYMTAB	2	const	DT_SYMTAB	0	
std.elf.DT_RELA	2	const	DT_RELA	0	
std.elf.DT_RELASZ	2	const	DT_RELASZ	0	
std.elf.DT_RELAENT	2	const	DT_RELAENT	0	
std.elf.DT_STRSZ	2	const	DT_STRSZ	0	
std.elf.DT_SYMENT	2	const	DT_SYMENT	0	
std.elf.DT_INIT	2	const	DT_INIT	0	
std.elf.DT_FINI	2	const	DT_FINI	0	
std.elf.DT_SONAME	2	const	DT_SONAME	0	
std.elf.DT_RPATH	2	const	DT_RPATH	0	
std.elf.DT_SYMBOLIC	2	const	DT_SYMBOLIC	0	
std.elf.DT_REL	2	const	DT_REL	0	
std.elf.DT_RELSZ	2	const	DT_RELSZ	0	
std.elf.DT_RELENT	2	const	DT_RELENT	0	
std.elf.DT_PLTREL	2	const	DT_PLTREL	0	
std.elf.DT_DEBUG	2	const	DT_DEBUG	0	
std.elf.DT_TEXTREL	2	const	DT_TEXTREL	0	
std.elf.DT_JMPREL	2	const	DT_JMPREL	0	
std.elf.DT_BIND_NOW	2	const	DT_BIND_NOW	0	
std.elf.DT_INIT_ARRAY	2	const	DT_INIT_ARRAY	0	
std.elf.DT_FINI_ARRAY	2	const	DT_FINI_ARRAY	0	
std.elf.DT_INIT_ARRAYSZ	2	const	DT_INIT_ARRAYSZ	0	
std.elf.DT_FINI_ARRAYSZ	2	const	DT_FINI_ARRAYSZ	0	
std.elf.DT_RUNPATH	2	const	DT_RUNPATH	0	
std.elf.DT_FLAGS	2	const	DT_FLAGS	0	
std.elf.DT_ENCODING	2	const	DT_ENCODING	0	
std.elf.DT_PREINIT_ARRAY	2	const	DT_PREINIT_ARRAY	0	
std.elf.DT_PREINIT_ARRAYSZ	2	const	DT_PREINIT_ARRAYSZ	0	
std.elf.DT_SYMTAB_SHNDX	2	const	DT_SYMTAB_SHNDX	0	
std.elf.DT_RELRSZ	2	const	DT_RELRSZ	0	
std.elf.DT_RELR	2	const	DT_RELR	0	
std.elf.DT_RELRENT	2	const	DT_RELRENT	0	
std.elf.DT_NUM	2	const	DT_NUM	0	
std.elf.DT_LOOS	2	const	DT_LOOS	0	
std.elf.DT_HIOS	2	const	DT_HIOS	0	
std.elf.DT_LOPROC	2	const	DT_LOPROC	0	
std.elf.DT_HIPROC	2	const	DT_HIPROC	0	
std.elf.DT_PROCNUM	2	alias	DT_PROCNUM	0	DT_MIPS_NUM
std.elf.DT_VALRNGLO	2	const	DT_VALRNGLO	0	
std.elf.DT_GNU_PRELINKED	2	const	DT_GNU_PRELINKED	0	
std.elf.DT_GNU_CONFLICTSZ	2	const	DT_GNU_CONFLICTSZ	0	
std.elf.DT_GNU_LIBLISTSZ	2	const	DT_GNU_LIBLISTSZ	0	
std.elf.DT_CHECKSUM	2	const	DT_CHECKSUM	0	
std.elf.DT_PLTPADSZ	2	const	DT_PLTPADSZ	0	
std.elf.DT_MOVEENT	2	const	DT_MOVEENT	0	
std.elf.DT_MOVESZ	2	const	DT_MOVESZ	0	
std.elf.DT_FEATURE_1	2	const	DT_FEATURE_1	0	
std.elf.DT_POSFLAG_1	2	const	DT_POSFLAG_1	0	
std.elf.DT_SYMINSZ	2	const	DT_SYMINSZ	0	
std.elf.DT_SYMINENT	2	const	DT_SYMINENT	0	
std.elf.DT_VALRNGHI	2	const	DT_VALRNGHI	0	
std.elf.DT_VALNUM	2	const	DT_VALNUM	0	
std.elf.DT_ADDRRNGLO	2	const	DT_ADDRRNGLO	0	
std.elf.DT_GNU_HASH	2	const	DT_GNU_HASH	0	
std.elf.DT_TLSDESC_PLT	2	const	DT_TLSDESC_PLT	0	
std.elf.DT_TLSDESC_GOT	2	const	DT_TLSDESC_GOT	0	
std.elf.DT_GNU_CONFLICT	2	const	DT_GNU_CONFLICT	0	
std.elf.DT_GNU_LIBLIST	2	const	DT_GNU_LIBLIST	0	
std.elf.DT_CONFIG	2	const	DT_CONFIG	0	
std.elf.DT_DEPAUDIT	2	const	DT_DEPAUDIT	0	
std.elf.DT_AUDIT	2	const	DT_AUDIT	0	
std.elf.DT_PLTPAD	2	const	DT_PLTPAD	0	
std.elf.DT_MOVETAB	2	const	DT_MOVETAB	0	
std.elf.DT_SYMINFO	2	const	DT_SYMINFO	0	
std.elf.DT_ADDRRNGHI	2	const	DT_ADDRRNGHI	0	
std.elf.DT_ADDRNUM	2	const	DT_ADDRNUM	0	
std.elf.DT_VERSYM	2	const	DT_VERSYM	0	
std.elf.DT_RELACOUNT	2	const	DT_RELACOUNT	0	
std.elf.DT_RELCOUNT	2	const	DT_RELCOUNT	0	
std.elf.DT_FLAGS_1	2	const	DT_FLAGS_1	0	
std.elf.DT_VERDEF	2	const	DT_VERDEF	0	
std.elf.DT_VERDEFNUM	2	const	DT_VERDEFNUM	0	
std.elf.DT_VERNEED	2	const	DT_VERNEED	0	
std.elf.DT_VERNEEDNUM	2	const	DT_VERNEEDNUM	0	
std.elf.DT_VERSIONTAGNUM	2	const	DT_VERSIONTAGNUM	0	
std.elf.DT_AUXILIARY	2	const	DT_AUXILIARY	0	
std.elf.DT_FILTER	2	const	DT_FILTER	0	
std.elf.DT_EXTRANUM	2	const	DT_EXTRANUM	0	
std.elf.DT_SPARC_REGISTER	2	const	DT_SPARC_REGISTER	0	
std.elf.DT_SPARC_NUM	2	const	DT_SPARC_NUM	0	
std.elf.DT_MIPS_RLD_VERSION	2	const	DT_MIPS_RLD_VERSION	0	
std.elf.DT_MIPS_TIME_STAMP	2	const	DT_MIPS_TIME_STAMP	0	
std.elf.DT_MIPS_ICHECKSUM	2	const	DT_MIPS_ICHECKSUM	0	
std.elf.DT_MIPS_IVERSION	2	const	DT_MIPS_IVERSION	0	
std.elf.DT_MIPS_FLAGS	2	const	DT_MIPS_FLAGS	0	
std.elf.DT_MIPS_BASE_ADDRESS	2	const	DT_MIPS_BASE_ADDRESS	0	
std.elf.DT_MIPS_MSYM	2	const	DT_MIPS_MSYM	0	
std.elf.DT_MIPS_CONFLICT	2	const	DT_MIPS_CONFLICT	0	
std.elf.DT_MIPS_LIBLIST	2	const	DT_MIPS_LIBLIST	0	
std.elf.DT_MIPS_LOCAL_GOTNO	2	const	DT_MIPS_LOCAL_GOTNO	0	
std.elf.DT_MIPS_CONFLICTNO	2	const	DT_MIPS_CONFLICTNO	0	
std.elf.DT_MIPS_LIBLISTNO	2	const	DT_MIPS_LIBLISTNO	0	
std.elf.DT_MIPS_SYMTABNO	2	const	DT_MIPS_SYMTABNO	0	
std.elf.DT_MIPS_UNREFEXTNO	2	const	DT_MIPS_UNREFEXTNO	0	
std.elf.DT_MIPS_GOTSYM	2	const	DT_MIPS_GOTSYM	0	
std.elf.DT_MIPS_HIPAGENO	2	const	DT_MIPS_HIPAGENO	0	
std.elf.DT_MIPS_RLD_MAP	2	const	DT_MIPS_RLD_MAP	0	
std.elf.DT_MIPS_DELTA_CLASS	2	const	DT_MIPS_DELTA_CLASS	0	
std.elf.DT_MIPS_DELTA_CLASS_NO	2	const	DT_MIPS_DELTA_CLASS_NO	0	
std.elf.DT_MIPS_DELTA_INSTANCE	2	const	DT_MIPS_DELTA_INSTANCE	0	
std.elf.DT_MIPS_DELTA_INSTANCE_NO	2	const	DT_MIPS_DELTA_INSTANCE_NO	0	
std.elf.DT_MIPS_DELTA_RELOC	2	const	DT_MIPS_DELTA_RELOC	0	
std.elf.DT_MIPS_DELTA_RELOC_NO	2	const	DT_MIPS_DELTA_RELOC_NO	0	
std.elf.DT_MIPS_DELTA_SYM	2	const	DT_MIPS_DELTA_SYM	0	
std.elf.DT_MIPS_DELTA_SYM_NO	2	const	DT_MIPS_DELTA_SYM_NO	0	
std.elf.DT_MIPS_DELTA_CLASSSYM	2	const	DT_MIPS_DELTA_CLASSSYM	0	
std.elf.DT_MIPS_DELTA_CLASSSYM_NO	2	const	DT_MIPS_DELTA_CLASSSYM_NO	0	
std.elf.DT_MIPS_CXX_FLAGS	2	const	DT_MIPS_CXX_FLAGS	0	
std.elf.DT_MIPS_PIXIE_INIT	2	const	DT_MIPS_PIXIE_INIT	0	
std.elf.DT_MIPS_SYMBOL_LIB	2	const	DT_MIPS_SYMBOL_LIB	0	
std.elf.DT_MIPS_LOCALPAGE_GOTIDX	2	const	DT_MIPS_LOCALPAGE_GOTIDX	0	
std.elf.DT_MIPS_LOCAL_GOTIDX	2	const	DT_MIPS_LOCAL_GOTIDX	0	
std.elf.DT_MIPS_HIDDEN_GOTIDX	2	const	DT_MIPS_HIDDEN_GOTIDX	0	
std.elf.DT_MIPS_PROTECTED_GOTIDX	2	const	DT_MIPS_PROTECTED_GOTIDX	0	
std.elf.DT_MIPS_OPTIONS	2	const	DT_MIPS_OPTIONS	0	
std.elf.DT_MIPS_INTERFACE	2	const	DT_MIPS_INTERFACE	0	
std.elf.DT_MIPS_DYNSTR_ALIGN	2	const	DT_MIPS_DYNSTR_ALIGN	0	
std.elf.DT_MIPS_INTERFACE_SIZE	2	const	DT_MIPS_INTERFACE_SIZE	0	
std.elf.DT_MIPS_RLD_TEXT_RESOLVE_ADDR	2	const	DT_MIPS_RLD_TEXT_RESOLVE_ADDR	0	
std.elf.DT_MIPS_PERF_SUFFIX	2	const	DT_MIPS_PERF_SUFFIX	0	
std.elf.DT_MIPS_COMPACT_SIZE	2	const	DT_MIPS_COMPACT_SIZE	0	
std.elf.DT_MIPS_GP_VALUE	2	const	DT_MIPS_GP_VALUE	0	
std.elf.DT_MIPS_AUX_DYNAMIC	2	const	DT_MIPS_AUX_DYNAMIC	0	
std.elf.DT_MIPS_PLTGOT	2	const	DT_MIPS_PLTGOT	0	
std.elf.DT_MIPS_RWPLT	2	const	DT_MIPS_RWPLT	0	
std.elf.DT_MIPS_RLD_MAP_REL	2	const	DT_MIPS_RLD_MAP_REL	0	
std.elf.DT_MIPS_NUM	2	const	DT_MIPS_NUM	0	
std.elf.DT_ALPHA_PLTRO	2	const	DT_ALPHA_PLTRO	0	
std.elf.DT_ALPHA_NUM	2	const	DT_ALPHA_NUM	0	
std.elf.DT_PPC_GOT	2	const	DT_PPC_GOT	0	
std.elf.DT_PPC_OPT	2	const	DT_PPC_OPT	0	
std.elf.DT_PPC_NUM	2	const	DT_PPC_NUM	0	
std.elf.DT_PPC64_GLINK	2	const	DT_PPC64_GLINK	0	
std.elf.DT_PPC64_OPD	2	const	DT_PPC64_OPD	0	
std.elf.DT_PPC64_OPDSZ	2	const	DT_PPC64_OPDSZ	0	
std.elf.DT_PPC64_OPT	2	const	DT_PPC64_OPT	0	
std.elf.DT_PPC64_NUM	2	const	DT_PPC64_NUM	0	
std.elf.DT_IA_64_PLT_RESERVE	2	const	DT_IA_64_PLT_RESERVE	0	
std.elf.DT_IA_64_NUM	2	const	DT_IA_64_NUM	0	
std.elf.DT_NIOS2_GP	2	const	DT_NIOS2_GP	0	
std.elf.DF_ORIGIN	2	const	DF_ORIGIN	0	
std.elf.DF_SYMBOLIC	2	const	DF_SYMBOLIC	0	
std.elf.DF_TEXTREL	2	const	DF_TEXTREL	0	
std.elf.DF_BIND_NOW	2	const	DF_BIND_NOW	0	
std.elf.DF_STATIC_TLS	2	const	DF_STATIC_TLS	0	
std.elf.DF_1_NOW	2	const	DF_1_NOW	0	
std.elf.DF_1_GLOBAL	2	const	DF_1_GLOBAL	0	
std.elf.DF_1_GROUP	2	const	DF_1_GROUP	0	
std.elf.DF_1_NODELETE	2	const	DF_1_NODELETE	0	
std.elf.DF_1_LOADFLTR	2	const	DF_1_LOADFLTR	0	
std.elf.DF_1_INITFIRST	2	const	DF_1_INITFIRST	0	
std.elf.DF_1_NOOPEN	2	const	DF_1_NOOPEN	0	
std.elf.DF_1_ORIGIN	2	const	DF_1_ORIGIN	0	
std.elf.DF_1_DIRECT	2	const	DF_1_DIRECT	0	
std.elf.DF_1_TRANS	2	const	DF_1_TRANS	0	
std.elf.DF_1_INTERPOSE	2	const	DF_1_INTERPOSE	0	
std.elf.DF_1_NODEFLIB	2	const	DF_1_NODEFLIB	0	
std.elf.DF_1_NODUMP	2	const	DF_1_NODUMP	0	
std.elf.DF_1_CONFALT	2	const	DF_1_CONFALT	0	
std.elf.DF_1_ENDFILTEE	2	const	DF_1_ENDFILTEE	0	
std.elf.DF_1_DISPRELDNE	2	const	DF_1_DISPRELDNE	0	
std.elf.DF_1_DISPRELPND	2	const	DF_1_DISPRELPND	0	
std.elf.DF_1_NODIRECT	2	const	DF_1_NODIRECT	0	
std.elf.DF_1_IGNMULDEF	2	const	DF_1_IGNMULDEF	0	
std.elf.DF_1_NOKSYMS	2	const	DF_1_NOKSYMS	0	
std.elf.DF_1_NOHDR	2	const	DF_1_NOHDR	0	
std.elf.DF_1_EDITED	2	const	DF_1_EDITED	0	
std.elf.DF_1_NORELOC	2	const	DF_1_NORELOC	0	
std.elf.DF_1_SYMINTPOSE	2	const	DF_1_SYMINTPOSE	0	
std.elf.DF_1_GLOBAUDIT	2	const	DF_1_GLOBAUDIT	0	
std.elf.DF_1_SINGLETON	2	const	DF_1_SINGLETON	0	
std.elf.DF_1_STUB	2	const	DF_1_STUB	0	
std.elf.DF_1_PIE	2	const	DF_1_PIE	0	
std.elf.Versym	2	struct	Versym	2	
std.elf.Versym.LOCAL	3	const	LOCAL	0	
std.elf.Versym.GLOBAL	3	const	GLOBAL	0	
std.elf.VER_NDX	2	enum	VER_NDX	0	
std.elf.VER_FLG_BASE	2	const	VER_FLG_BASE	0	
std.elf.VER_FLG_WEAK	2	const	VER_FLG_WEAK	0	
std.elf.PT_NULL	2	const	PT_NULL	0	
std.elf.PT_LOAD	2	const	PT_LOAD	0	
std.elf.PT_DYNAMIC	2	const	PT_DYNAMIC	0	
std.elf.PT_INTERP	2	const	PT_INTERP	0	
std.elf.PT_NOTE	2	const	PT_NOTE	0	
std.elf.PT_SHLIB	2	const	PT_SHLIB	0	
std.elf.PT_PHDR	2	const	PT_PHDR	0	
std.elf.PT_TLS	2	const	PT_TLS	0	
std.elf.PT_NUM	2	alias	PT_NUM	0	PT.NUM
std.elf.PT_LOOS	2	const	PT_LOOS	0	
std.elf.PT_GNU_EH_FRAME	2	const	PT_GNU_EH_FRAME	0	
std.elf.PT_GNU_STACK	2	const	PT_GNU_STACK	0	
std.elf.PT_GNU_RELRO	2	const	PT_GNU_RELRO	0	
std.elf.PT_LOSUNW	2	const	PT_LOSUNW	0	
std.elf.PT_SUNWBSS	2	const	PT_SUNWBSS	0	
std.elf.PT_SUNWSTACK	2	const	PT_SUNWSTACK	0	
std.elf.PT_HISUNW	2	const	PT_HISUNW	0	
std.elf.PT_HIOS	2	const	PT_HIOS	0	
std.elf.PT_LOPROC	2	const	PT_LOPROC	0	
std.elf.PT_HIPROC	2	const	PT_HIPROC	0	
std.elf.PN_XNUM	2	const	PN_XNUM	0	
std.elf.SHT_NULL	2	const	SHT_NULL	0	
std.elf.SHT_PROGBITS	2	const	SHT_PROGBITS	0	
std.elf.SHT_SYMTAB	2	const	SHT_SYMTAB	0	
std.elf.SHT_STRTAB	2	const	SHT_STRTAB	0	
std.elf.SHT_RELA	2	const	SHT_RELA	0	
std.elf.SHT_HASH	2	const	SHT_HASH	0	
std.elf.SHT_DYNAMIC	2	const	SHT_DYNAMIC	0	
std.elf.SHT_NOTE	2	const	SHT_NOTE	0	
std.elf.SHT_NOBITS	2	const	SHT_NOBITS	0	
std.elf.SHT_REL	2	const	SHT_REL	0	
std.elf.SHT_SHLIB	2	const	SHT_SHLIB	0	
std.elf.SHT_DYNSYM	2	const	SHT_DYNSYM	0	
std.elf.SHT_INIT_ARRAY	2	const	SHT_INIT_ARRAY	0	
std.elf.SHT_FINI_ARRAY	2	const	SHT_FINI_ARRAY	0	
std.elf.SHT_PREINIT_ARRAY	2	const	SHT_PREINIT_ARRAY	0	
std.elf.SHT_GROUP	2	const	SHT_GROUP	0	
std.elf.SHT_SYMTAB_SHNDX	2	const	SHT_SYMTAB_SHNDX	0	
std.elf.SHT_RELR	2	const	SHT_RELR	0	
std.elf.SHT_NUM	2	alias	SHT_NUM	0	SHT.NUM
std.elf.SHT_LOOS	2	const	SHT_LOOS	0	
std.elf.SHT_LLVM_ADDRSIG	2	const	SHT_LLVM_ADDRSIG	0	
std.elf.SHT_GNU_HASH	2	const	SHT_GNU_HASH	0	
std.elf.SHT_GNU_VERDEF	2	const	SHT_GNU_VERDEF	0	
std.elf.SHT_GNU_VERNEED	2	const	SHT_GNU_VERNEED	0	
std.elf.SHT_GNU_VERSYM	2	const	SHT_GNU_VERSYM	0	
std.elf.SHT_HIOS	2	const	SHT_HIOS	0	
std.elf.SHT_LOPROC	2	const	SHT_LOPROC	0	
std.elf.SHT_X86_64_UNWIND	2	const	SHT_X86_64_UNWIND	0	
std.elf.SHT_HIPROC	2	const	SHT_HIPROC	0	
std.elf.SHT_LOUSER	2	const	SHT_LOUSER	0	
std.elf.SHT_HIUSER	2	const	SHT_HIUSER	0	
std.elf.NT_GNU_BUILD_ID	2	const	NT_GNU_BUILD_ID	0	
std.elf.STB_LOCAL	2	const	STB_LOCAL	0	
std.elf.STB_GLOBAL	2	const	STB_GLOBAL	0	
std.elf.STB_WEAK	2	const	STB_WEAK	0	
std.elf.STB_NUM	2	alias	STB_NUM	0	STB.NUM
std.elf.STB_LOOS	2	const	STB_LOOS	0	
std.elf.STB_GNU_UNIQUE	2	const	STB_GNU_UNIQUE	0	
std.elf.STB_HIOS	2	const	STB_HIOS	0	
std.elf.STB_LOPROC	2	const	STB_LOPROC	0	
std.elf.STB_HIPROC	2	const	STB_HIPROC	0	
std.elf.STB_MIPS_SPLIT_COMMON	2	const	STB_MIPS_SPLIT_COMMON	0	
std.elf.STT_NOTYPE	2	const	STT_NOTYPE	0	
std.elf.STT_OBJECT	2	const	STT_OBJECT	0	
std.elf.STT_FUNC	2	const	STT_FUNC	0	
std.elf.STT_SECTION	2	const	STT_SECTION	0	
std.elf.STT_FILE	2	const	STT_FILE	0	
std.elf.STT_COMMON	2	const	STT_COMMON	0	
std.elf.STT_TLS	2	const	STT_TLS	0	
std.elf.STT_NUM	2	alias	STT_NUM	0	STT.NUM
std.elf.STT_LOOS	2	const	STT_LOOS	0	
std.elf.STT_GNU_IFUNC	2	const	STT_GNU_IFUNC	0	
std.elf.STT_HIOS	2	const	STT_HIOS	0	
std.elf.STT_LOPROC	2	const	STT_LOPROC	0	
std.elf.STT_HIPROC	2	const	STT_HIPROC	0	
std.elf.STT_SPARC_REGISTER	2	const	STT_SPARC_REGISTER	0	
std.elf.STT_PARISC_MILLICODE	2	const	STT_PARISC_MILLICODE	0	
std.elf.STT_HP_OPAQUE	2	const	STT_HP_OPAQUE	0	
std.elf.STT_HP_STUB	2	const	STT_HP_STUB	0	
std.elf.STT_ARM_TFUNC	2	const	STT_ARM_TFUNC	0	
std.elf.STT_ARM_16BIT	2	const	STT_ARM_16BIT	0	
std.elf.PT	2	enum	PT	12	
std.elf.PT.NUM	3	const	NUM	0	
std.elf.PT.LOOS	3	const	LOOS	0	
std.elf.PT.HIOS	3	const	HIOS	0	
std.elf.PT.GNU_EH_FRAME	3	const	GNU_EH_FRAME	0	
std.elf.PT.GNU_STACK	3	const	GNU_STACK	0	
std.elf.PT.GNU_RELRO	3	const	GNU_RELRO	0	
std.elf.PT.LOSUNW	3	const	LOSUNW	0	
std.elf.PT.HISUNW	3	const	HISUNW	0	
std.elf.PT.SUNWBSS	3	const	SUNWBSS	0	
std.elf.PT.SUNWSTACK	3	const	SUNWSTACK	0	
std.elf.PT.LOPROC	3	const	LOPROC	0	
std.elf.PT.HIPROC	3	const	HIPROC	0	
std.elf.SHT	2	enum	SHT	13	
std.elf.SHT.NUM	3	const	NUM	0	
std.elf.SHT.LOOS	3	const	LOOS	0	
std.elf.SHT.HIOS	3	const	HIOS	0	
std.elf.SHT.LLVM_ADDRSIG	3	const	LLVM_ADDRSIG	0	
std.elf.SHT.GNU_HASH	3	const	GNU_HASH	0	
std.elf.SHT.GNU_VERDEF	3	const	GNU_VERDEF	0	
std.elf.SHT.GNU_VERNEED	3	const	GNU_VERNEED	0	
std.elf.SHT.GNU_VERSYM	3	const	GNU_VERSYM	0	
std.elf.SHT.LOPROC	3	const	LOPROC	0	
std.elf.SHT.HIPROC	3	const	HIPROC	0	
std.elf.SHT.X86_64_UNWIND	3	const	X86_64_UNWIND	0	
std.elf.SHT.LOUSER	3	const	LOUSER	0	
std.elf.SHT.HIUSER	3	const	HIUSER	0	
std.elf.STB	2	enum	STB	7	
std.elf.STB.NUM	3	const	NUM	0	
std.elf.STB.LOOS	3	const	LOOS	0	
std.elf.STB.HIOS	3	const	HIOS	0	
std.elf.STB.GNU_UNIQUE	3	const	GNU_UNIQUE	0	
std.elf.STB.LOPROC	3	const	LOPROC	0	
std.elf.STB.HIPROC	3	const	HIPROC	0	
std.elf.STB.MIPS_SPLIT_COMMON	3	const	MIPS_SPLIT_COMMON	0	
std.elf.STT	2	enum	STT	12	
std.elf.STT.NUM	3	const	NUM	0	
std.elf.STT.LOOS	3	const	LOOS	0	
std.elf.STT.HIOS	3	const	HIOS	0	
std.elf.STT.GNU_IFUNC	3	const	GNU_IFUNC	0	
std.elf.STT.HP_OPAQUE	3	const	HP_OPAQUE	0	
std.elf.STT.HP_STUB	3	const	HP_STUB	0	
std.elf.STT.LOPROC	3	const	LOPROC	0	
std.elf.STT.HIPROC	3	const	HIPROC	0	
std.elf.STT.SPARC_REGISTER	3	const	SPARC_REGISTER	0	
std.elf.STT.PARISC_MILLICODE	3	const	PARISC_MILLICODE	0	
std.elf.STT.ARM_TFUNC	3	const	ARM_TFUNC	0	
std.elf.STT.ARM_16BIT	3	const	ARM_16BIT	0	
std.elf.STV	2	enum	STV	0	
std.elf.MAGIC	2	const	MAGIC	0	
std.elf.ET	2	enum	ET	4	
std.elf.ET.LOOS	3	const	LOOS	0	
std.elf.ET.HIOS	3	const	HIOS	0	
std.elf.ET.LOPROC	3	const	LOPROC	0	
std.elf.ET.HIPROC	3	const	HIPROC	0	
std.elf.Header	2	struct	Header	9	
std.elf.Header.iterateProgramHeaders	3	fn	iterateProgramHeaders	0	2
std.elf.Header.iterateProgramHeadersBuffer	3	fn	iterateProgramHeadersBuffer	0	2
std.elf.Header.iterateSectionHeaders	3	fn	iterateSectionHeaders	0	2
std.elf.Header.iterateSectionHeadersBuffer	3	fn	iterateSectionHeadersBuffer	0	2
std.elf.Header.iterateDynamicSection	3	fn	iterateDynamicSection	0	4
std.elf.Header.iterateDynamicSectionBuffer	3	fn	iterateDynamicSectionBuffer	0	4
std.elf.Header.ReadError	3	const	ReadError	0	
std.elf.Header.read	3	fn	read	0	1
std.elf.Header.init	3	fn	init	0	2
std.elf.ProgramHeaderIterator	2	struct	ProgramHeaderIterator	1	
std.elf.ProgramHeaderIterator.next	3	fn	next	0	1
std.elf.ProgramHeaderBufferIterator	2	struct	ProgramHeaderBufferIterator	1	
std.elf.ProgramHeaderBufferIterator.next	3	fn	next	0	1
std.elf.takeProgramHeader	2	fn	takeProgramHeader	0	3
std.elf.SectionHeaderIterator	2	struct	SectionHeaderIterator	1	
std.elf.SectionHeaderIterator.next	3	fn	next	0	1
std.elf.SectionHeaderBufferIterator	2	struct	SectionHeaderBufferIterator	1	
std.elf.SectionHeaderBufferIterator.next	3	fn	next	0	1
std.elf.takeSectionHeader	2	fn	takeSectionHeader	0	3
std.elf.DynamicSectionIterator	2	struct	DynamicSectionIterator	1	
std.elf.DynamicSectionIterator.next	3	fn	next	0	1
std.elf.DynamicSectionBufferIterator	2	struct	DynamicSectionBufferIterator	1	
std.elf.DynamicSectionBufferIterator.next	3	fn	next	0	1
std.elf.takeDynamicSection	2	fn	takeDynamicSection	0	3
std.elf.EI	2	struct	EI	7	
std.elf.EI.CLASS	3	const	CLASS	0	
std.elf.EI.DATA	3	const	DATA	0	
std.elf.EI.VERSION	3	const	VERSION	0	
std.elf.EI.OSABI	3	const	OSABI	0	
std.elf.EI.ABIVERSION	3	const	ABIVERSION	0	
std.elf.EI.PAD	3	const	PAD	0	
std.elf.EI.NIDENT	3	const	NIDENT	0	
std.elf.EI_CLASS	2	alias	EI_CLASS	0	EI.CLASS
std.elf.EI_DATA	2	alias	EI_DATA	0	EI.DATA
std.elf.EI_VERSION	2	alias	EI_VERSION	0	EI.VERSION
std.elf.EI_OSABI	2	alias	EI_OSABI	0	EI.OSABI
std.elf.EI_ABIVERSION	2	alias	EI_ABIVERSION	0	EI.ABIVERSION
std.elf.EI_PAD	2	alias	EI_PAD	0	EI.PAD
std.elf.EI_NIDENT	2	alias	EI_NIDENT	0	EI.NIDENT
std.elf.Half	2	alias	Half	0	u16
std.elf.Word	2	alias	Word	0	u32
std.elf.Sword	2	alias	Sword	0	i32
std.elf.Xword	2	alias	Xword	0	u64
std.elf.Sxword	2	alias	Sxword	0	i64
std.elf.Section	2	alias	Section	0	u16
std.elf.Elf32	2	struct	Elf32	9	
std.elf.Elf32.Addr	3	alias	Addr	0	u32
std.elf.Elf32.Off	3	alias	Off	0	u32
std.elf.Elf32.Ehdr	3	struct	Ehdr	0	
std.elf.Elf32.Phdr	3	struct	Phdr	0	
std.elf.Elf32.Shdr	3	struct	Shdr	0	
std.elf.Elf32.Chdr	3	struct	Chdr	0	
std.elf.Elf32.Sym	3	struct	Sym	2	
std.elf.Elf32.Sym.Info	4	struct	Info	0	
std.elf.Elf32.Sym.Other	4	struct	Other	0	
std.elf.Elf32.Rel	3	struct	Rel	1	
std.elf.Elf32.Rel.Info	4	struct	Info	0	
std.elf.Elf32.Rela	3	struct	Rela	1	
std.elf.Elf32.Rela.Info	4	alias	Info	0	Elf32.Rel.Info
std.elf.Elf64	2	struct	Elf64	9	
std.elf.Elf64.Addr	3	alias	Addr	0	u64
std.elf.Elf64.Off	3	alias	Off	0	u64
std.elf.Elf64.Ehdr	3	struct	Ehdr	0	
std.elf.Elf64.Phdr	3	struct	Phdr	0	
std.elf.Elf64.Shdr	3	struct	Shdr	0	
std.elf.Elf64.Chdr	3	struct	Chdr	0	
std.elf.Elf64.Sym	3	struct	Sym	2	
std.elf.Elf64.Sym.Info	4	alias	Info	0	Elf32.Sym.Info
std.elf.Elf64.Sym.Other	4	alias	Other	0	Elf32.Sym.Other
std.elf.Elf64.Rel	3	struct	Rel	1	
std.elf.Elf64.Rel.Info	4	struct	Info	0	
std.elf.Elf64.Rela	3	struct	Rela	1	
std.elf.Elf64.Rela.Info	4	alias	Info	0	Elf64.Rel.Info
std.elf.ElfN	2	const	ElfN	0	
std.elf.Elf32_Xword	2	alias	Elf32_Xword	0	Xword
std.elf.Elf32_Sxword	2	alias	Elf32_Sxword	0	Sxword
std.elf.Elf64_Xword	2	alias	Elf64_Xword	0	Xword
std.elf.Elf64_Sxword	2	alias	Elf64_Sxword	0	i64
std.elf.Elf32_Addr	2	alias	Elf32_Addr	0	u32
std.elf.Elf64_Addr	2	alias	Elf64_Addr	0	u64
std.elf.Elf32_Off	2	alias	Elf32_Off	0	u32
std.elf.Elf64_Off	2	alias	Elf64_Off	0	u64
std.elf.Elf32_Section	2	alias	Elf32_Section	0	u16
std.elf.Elf64_Section	2	alias	Elf64_Section	0	u16
std.elf.Elf32_Ehdr	2	struct	Elf32_Ehdr	0	
std.elf.Elf64_Ehdr	2	struct	Elf64_Ehdr	0	
std.elf.Elf32_Phdr	2	struct	Elf32_Phdr	0	
std.elf.Elf64_Phdr	2	struct	Elf64_Phdr	0	
std.elf.Elf32_Shdr	2	struct	Elf32_Shdr	0	
std.elf.Elf64_Shdr	2	struct	Elf64_Shdr	0	
std.elf.Elf32_Chdr	2	struct	Elf32_Chdr	0	
std.elf.Elf64_Chdr	2	struct	Elf64_Chdr	0	
std.elf.Elf32_Sym	2	struct	Elf32_Sym	2	
std.elf.Elf32_Sym.st_type	3	fn	st_type	0	1
std.elf.Elf32_Sym.st_bind	3	fn	st_bind	0	1
std.elf.Elf64_Sym	2	struct	Elf64_Sym	2	
std.elf.Elf64_Sym.st_type	3	fn	st_type	0	1
std.elf.Elf64_Sym.st_bind	3	fn	st_bind	0	1
std.elf.Elf32_Syminfo	2	struct	Elf32_Syminfo	0	
std.elf.Elf64_Syminfo	2	struct	Elf64_Syminfo	0	
std.elf.Elf32_Rel	2	struct	Elf32_Rel	2	
std.elf.Elf32_Rel.r_sym	3	fn	r_sym	0	1
std.elf.Elf32_Rel.r_type	3	fn	r_type	0	1
std.elf.Elf64_Rel	2	struct	Elf64_Rel	2	
std.elf.Elf64_Rel.r_sym	3	fn	r_sym	0	1
std.elf.Elf64_Rel.r_type	3	fn	r_type	0	1
std.elf.Elf32_Rela	2	struct	Elf32_Rela	2	
std.elf.Elf32_Rela.r_sym	3	fn	r_sym	0	1
std.elf.Elf32_Rela.r_type	3	fn	r_type	0	1
std.elf.Elf64_Rela	2	struct	Elf64_Rela	2	
std.elf.Elf64_Rela.r_sym	3	fn	r_sym	0	1
std.elf.Elf64_Rela.r_type	3	fn	r_type	0	1
std.elf.Elf32_Relr	2	alias	Elf32_Relr	0	Word
std.elf.Elf64_Relr	2	alias	Elf64_Relr	0	Elf64_Xword
std.elf.Elf32_Dyn	2	struct	Elf32_Dyn	0	
std.elf.Elf64_Dyn	2	struct	Elf64_Dyn	0	
std.elf.Verdef	2	struct	Verdef	0	
std.elf.Verdaux	2	struct	Verdaux	0	
std.elf.Elf32_Verneed	2	struct	Elf32_Verneed	0	
std.elf.Elf64_Verneed	2	struct	Elf64_Verneed	0	
std.elf.Vernaux	2	struct	Vernaux	0	
std.elf.Elf32_auxv_t	2	struct	Elf32_auxv_t	0	
std.elf.Elf64_auxv_t	2	struct	Elf64_auxv_t	0	
std.elf.Elf32_Nhdr	2	struct	Elf32_Nhdr	0	
std.elf.Elf64_Nhdr	2	struct	Elf64_Nhdr	0	
std.elf.Elf32_Move	2	struct	Elf32_Move	0	
std.elf.Elf64_Move	2	struct	Elf64_Move	0	
std.elf.Elf32_gptab	2	union	Elf32_gptab	0	
std.elf.Elf32_RegInfo	2	struct	Elf32_RegInfo	0	
std.elf.Elf_Options	2	struct	Elf_Options	0	
std.elf.Elf_Options_Hw	2	struct	Elf_Options_Hw	0	
std.elf.Elf32_Lib	2	struct	Elf32_Lib	0	
std.elf.Elf64_Lib	2	struct	Elf64_Lib	0	
std.elf.Elf32_Conflict	2	alias	Elf32_Conflict	0	Elf32_Addr
std.elf.Elf_MIPS_ABIFlags_v0	2	struct	Elf_MIPS_ABIFlags_v0	0	
std.elf.Auxv	2	const	Auxv	0	
std.elf.Ehdr	2	const	Ehdr	0	
std.elf.Phdr	2	const	Phdr	0	
std.elf.Dyn	2	const	Dyn	0	
std.elf.Rel	2	const	Rel	0	
std.elf.Rela	2	const	Rela	0	
std.elf.Relr	2	const	Relr	0	
std.elf.Shdr	2	const	Shdr	0	
std.elf.Chdr	2	const	Chdr	0	
std.elf.Sym	2	const	Sym	0	
std.elf.Addr	2	alias	Addr	0	ElfN.Addr
std.elf.ELFCLASSNONE	2	const	ELFCLASSNONE	0	
std.elf.ELFCLASS32	2	const	ELFCLASS32	0	
std.elf.ELFCLASS64	2	const	ELFCLASS64	0	
std.elf.ELFCLASSNUM	2	alias	ELFCLASSNUM	0	CLASS.NUM
std.elf.CLASS	2	enum	CLASS	2	
std.elf.CLASS.NUM	3	const	NUM	0	
std.elf.CLASS.ElfN	3	fn	ElfN	0	1
std.elf.ELFDATANONE	2	const	ELFDATANONE	0	
std.elf.ELFDATA2LSB	2	const	ELFDATA2LSB	0	
std.elf.ELFDATA2MSB	2	const	ELFDATA2MSB	0	
std.elf.ELFDATANUM	2	alias	ELFDATANUM	0	DATA.NUM
std.elf.DATA	2	enum	DATA	1	
std.elf.DATA.NUM	3	const	NUM	0	
std.elf.OSABI	2	enum	OSABI	0	
std.elf.EM	2	enum	EM	0	
std.elf.GRP_COMDAT	2	const	GRP_COMDAT	0	
std.elf.SHF_WRITE	2	const	SHF_WRITE	0	
std.elf.SHF_ALLOC	2	const	SHF_ALLOC	0	
std.elf.SHF_EXECINSTR	2	const	SHF_EXECINSTR	0	
std.elf.SHF_MERGE	2	const	SHF_MERGE	0	
std.elf.SHF_STRINGS	2	const	SHF_STRINGS	0	
std.elf.SHF_INFO_LINK	2	const	SHF_INFO_LINK	0	
std.elf.SHF_LINK_ORDER	2	const	SHF_LINK_ORDER	0	
std.elf.SHF_OS_NONCONFORMING	2	const	SHF_OS_NONCONFORMING	0	
std.elf.SHF_GROUP	2	const	SHF_GROUP	0	
std.elf.SHF_TLS	2	const	SHF_TLS	0	
std.elf.SHF_COMPRESSED	2	const	SHF_COMPRESSED	0	
std.elf.SHF_GNU_RETAIN	2	const	SHF_GNU_RETAIN	0	
std.elf.SHF_EXCLUDE	2	const	SHF_EXCLUDE	0	
std.elf.SHF_MASKOS	2	const	SHF_MASKOS	0	
std.elf.SHF_MASKPROC	2	const	SHF_MASKPROC	0	
std.elf.XCORE_SHF_DP_SECTION	2	const	XCORE_SHF_DP_SECTION	0	
std.elf.XCORE_SHF_CP_SECTION	2	const	XCORE_SHF_CP_SECTION	0	
std.elf.SHF_X86_64_LARGE	2	const	SHF_X86_64_LARGE	0	
std.elf.SHF_HEX_GPREL	2	const	SHF_HEX_GPREL	0	
std.elf.SHF_MIPS_NODUPES	2	const	SHF_MIPS_NODUPES	0	
std.elf.SHF_MIPS_NAMES	2	const	SHF_MIPS_NAMES	0	
std.elf.SHF_MIPS_LOCAL	2	const	SHF_MIPS_LOCAL	0	
std.elf.SHF_MIPS_NOSTRIP	2	const	SHF_MIPS_NOSTRIP	0	
std.elf.SHF_MIPS_GPREL	2	const	SHF_MIPS_GPREL	0	
std.elf.SHF_MIPS_MERGE	2	const	SHF_MIPS_MERGE	0	
std.elf.SHF_MIPS_ADDR	2	const	SHF_MIPS_ADDR	0	
std.elf.SHF_MIPS_STRING	2	const	SHF_MIPS_STRING	0	
std.elf.SHF_ARM_PURECODE	2	const	SHF_ARM_PURECODE	0	
std.elf.SHF	2	struct	SHF	0	
std.elf.PF_X	2	const	PF_X	0	
std.elf.PF_W	2	const	PF_W	0	
std.elf.PF_R	2	const	PF_R	0	
std.elf.PF_MASKOS	2	const	PF_MASKOS	0	
std.elf.PF_MASKPROC	2	const	PF_MASKPROC	0	
std.elf.PF	2	struct	PF	0	
std.elf.SHN_UNDEF	2	const	SHN_UNDEF	0	
std.elf.SHN_LORESERVE	2	const	SHN_LORESERVE	0	
std.elf.SHN_LOPROC	2	const	SHN_LOPROC	0	
std.elf.SHN_HIPROC	2	const	SHN_HIPROC	0	
std.elf.SHN_LIVEPATCH	2	const	SHN_LIVEPATCH	0	
std.elf.SHN_ABS	2	const	SHN_ABS	0	
std.elf.SHN_COMMON	2	const	SHN_COMMON	0	
std.elf.SHN_HIRESERVE	2	const	SHN_HIRESERVE	0	
std.elf.COMPRESS	2	enum	COMPRESS	0	
std.elf.R_X86_64	2	enum	R_X86_64	0	
std.elf.R_AARCH64	2	enum	R_AARCH64	0	
std.elf.R_RISCV	2	enum	R_RISCV	0	
std.elf.R_PPC64	2	enum	R_PPC64	0	
std.elf.ar_hdr	2	struct	ar_hdr	9	
std.elf.ar_hdr.date	3	fn	date	0	1
std.elf.ar_hdr.size	3	fn	size	0	1
std.elf.ar_hdr.isStrtab	3	fn	isStrtab	0	1
std.elf.ar_hdr.isSymtab	3	fn	isSymtab	0	1
std.elf.ar_hdr.isSymtab64	3	fn	isSymtab64	0	1
std.elf.ar_hdr.isSymdef	3	fn	isSymdef	0	1
std.elf.ar_hdr.isSymdefSorted	3	fn	isSymdefSorted	0	1
std.elf.ar_hdr.name	3	fn	name	0	1
std.elf.ar_hdr.nameOffset	3	fn	nameOffset	0	1
std.elf.ARMAG	2	const	ARMAG	0	
std.elf.ARMAG_THIN	2	const	ARMAG_THIN	0	
std.elf.ARFMAG	2	const	ARFMAG	0	
std.elf.SYMNAME	2	const	SYMNAME	0	
std.elf.STRNAME	2	const	STRNAME	0	
std.elf.SYM64NAME	2	const	SYM64NAME	0	
std.elf.SYMDEFNAME	2	const	SYMDEFNAME	0	
std.elf.SYMDEFSORTEDNAME	2	const	SYMDEFSORTEDNAME	0	
std.elf.gnu_hash	2	struct	gnu_hash	3	
std.elf.gnu_hash.Header	3	struct	Header	0	
std.elf.gnu_hash.ChainEntry	3	struct	ChainEntry	0	
std.elf.gnu_hash.calculate	3	fn	calculate	0	1
std.enums	1	ns	enums	14	enums.zig
std.enums.fromInt	2	fn	fromInt	0	2
std.enums.EnumFieldStruct	2	fn	EnumFieldStruct	0	3
std.enums.valuesFromFields	2	fn	valuesFromFields	0	2
std.enums.values	2	fn	values	0	1
std.enums.tagName	2	fn	tagName	0	2
std.enums.directEnumArrayLen	2	fn	directEnumArrayLen	0	2
std.enums.directEnumArray	2	fn	directEnumArray	0	4
std.enums.directEnumArrayDefault	2	fn	directEnumArrayDefault	0	5
std.enums.EnumSet	2	fn	EnumSet	0	1
std.enums.EnumMap	2	fn	EnumMap	0	2
std.enums.EnumMultiset	2	fn	EnumMultiset	0	1
std.enums.BoundedEnumMultiset	2	fn	BoundedEnumMultiset	0	2
std.enums.EnumArray	2	fn	EnumArray	0	2
std.enums.EnumIndexer	2	fn	EnumIndexer	0	1
std.fmt	1	ns	fmt	36	fmt.zig
std.fmt.float	2	ns	float	13	fmt/float.zig
std.fmt.float.min_buffer_size	3	const	min_buffer_size	0	
std.fmt.float.bufferSize	3	fn	bufferSize	0	2
std.fmt.float.Error	3	const	Error	0	
std.fmt.float.Mode	3	enum	Mode	0	
std.fmt.float.Options	3	struct	Options	0	
std.fmt.float.render	3	fn	render	0	3
std.fmt.float.FloatDecimal	3	fn	FloatDecimal	0	1
std.fmt.float.formatScientific	3	fn	formatScientific	0	4
std.fmt.float.formatDecimal	3	fn	formatDecimal	0	4
std.fmt.float.binaryToDecimal	3	fn	binaryToDecimal	0	6
std.fmt.float.Backend128_Tables	3	struct	Backend128_Tables	0	
std.fmt.float.Backend64_TablesFull	3	struct	Backend64_TablesFull	0	
std.fmt.float.Backend64_TablesSmall	3	struct	Backend64_TablesSmall	0	
std.fmt.default_max_depth	2	const	default_max_depth	0	
std.fmt.Alignment	2	enum	Alignment	0	
std.fmt.Case	2	enum	Case	0	
std.fmt.Options	2	struct	Options	1	
std.fmt.Options.toNumber	3	fn	toNumber	0	3
std.fmt.Number	2	struct	Number	1	
std.fmt.Number.Mode	3	enum	Mode	1	
std.fmt.Number.Mode.base	4	fn	base	0	1
std.fmt.Placeholder	2	struct	Placeholder	1	
std.fmt.Placeholder.parse	3	fn	parse	0	1
std.fmt.Specifier	2	union	Specifier	0	
std.fmt.Parser	2	struct	Parser	6	
std.fmt.Parser.number	3	fn	number	0	1
std.fmt.Parser.until	3	fn	until	0	2
std.fmt.Parser.char	3	fn	char	0	1
std.fmt.Parser.maybe	3	fn	maybe	0	2
std.fmt.Parser.specifier	3	fn	specifier	0	1
std.fmt.Parser.peek	3	fn	peek	0	2
std.fmt.ArgSetType	2	alias	ArgSetType	0	u32
std.fmt.ArgState	2	struct	ArgState	2	
std.fmt.ArgState.hasUnusedArgs	3	fn	hasUnusedArgs	0	1
std.fmt.ArgState.nextArg	3	fn	nextArg	0	2
std.fmt.printInt	2	fn	printInt	0	5
std.fmt.digits2	2	fn	digits2	0	1
std.fmt.Alt	2	fn	Alt	0	2
std.fmt.alt	2	fn	alt	0	2
std.fmt.ParseIntError	2	const	ParseIntError	0	
std.fmt.parseInt	2	fn	parseInt	0	3
std.fmt.parseIntWithGenericCharacter	2	fn	parseIntWithGenericCharacter	0	4
std.fmt.parseUnsigned	2	fn	parseUnsigned	0	3
std.fmt.parseIntSizeSuffix	2	fn	parseIntSizeSuffix	0	2
std.fmt.parseFloat	2	fn	parseFloat	0	2
std.fmt.ParseFloatError	2	alias	ParseFloatError	0	fmt/parse_float.zig
std.fmt.charToDigit	2	fn	charToDigit	0	2
std.fmt.digitToChar	2	fn	digitToChar	0	2
std.fmt.BufPrintError	2	const	BufPrintError	0	
std.fmt.bufPrint	2	fn	bufPrint	0	3
std.fmt.bufPrintZ	2	fn	bufPrintZ	0	3
std.fmt.bufPrintSentinel	2	fn	bufPrintSentinel	0	4
std.fmt.count	2	fn	count	0	2
std.fmt.allocPrint	2	fn	allocPrint	0	3
std.fmt.allocPrintSentinel	2	fn	allocPrintSentinel	0	4
std.fmt.comptimePrint	2	fn	comptimePrint	0	2
std.fmt.bytesToHex	2	fn	bytesToHex	0	2
std.fmt.hexToBytes	2	fn	hexToBytes	0	2
std.fmt.hex_charset	2	const	hex_charset	0	
std.fmt.hex	2	fn	hex	0	1
std.fs	1	ns	fs	6	fs.zig
std.fs.path	2	ns	path	51	fs/path.zig
std.fs.path.sep_windows	3	const	sep_windows	0	
std.fs.path.sep_posix	3	const	sep_posix	0	
std.fs.path.sep	3	const	sep	0	
std.fs.path.sep_str_windows	3	const	sep_str_windows	0	
std.fs.path.sep_str_posix	3	const	sep_str_posix	0	
std.fs.path.sep_str	3	const	sep_str	0	
std.fs.path.delimiter_windows	3	const	delimiter_windows	0	
std.fs.path.delimiter_posix	3	const	delimiter_posix	0	
std.fs.path.delimiter	3	const	delimiter	0	
std.fs.path.isSep	3	fn	isSep	0	1
std.fs.path.PathType	3	enum	PathType	1	
std.fs.path.PathType.isSep	4	fn	isSep	0	3
std.fs.path.join	3	fn	join	0	2
std.fs.path.joinZ	3	fn	joinZ	0	2
std.fs.path.fmtJoin	3	fn	fmtJoin	0	1
std.fs.path.isAbsoluteZ	3	fn	isAbsoluteZ	0	1
std.fs.path.isAbsolute	3	fn	isAbsolute	0	1
std.fs.path.isAbsoluteWindows	3	fn	isAbsoluteWindows	0	1
std.fs.path.isAbsoluteWindowsW	3	fn	isAbsoluteWindowsW	0	1
std.fs.path.isAbsoluteWindowsWtf16	3	fn	isAbsoluteWindowsWtf16	0	1
std.fs.path.isAbsoluteWindowsZ	3	fn	isAbsoluteWindowsZ	0	1
std.fs.path.isAbsolutePosix	3	fn	isAbsolutePosix	0	1
std.fs.path.isAbsolutePosixZ	3	fn	isAbsolutePosixZ	0	1
std.fs.path.WindowsPath	3	struct	WindowsPath	1	
std.fs.path.WindowsPath.Kind	4	enum	Kind	0	
std.fs.path.windowsParsePath	3	fn	windowsParsePath	0	1
std.fs.path.parsePath	3	fn	parsePath	0	1
std.fs.path.parsePathPosix	3	fn	parsePathPosix	0	1
std.fs.path.WindowsPath2	3	fn	WindowsPath2	0	1
std.fs.path.parsePathWindows	3	fn	parsePathWindows	0	2
std.fs.path.diskDesignator	3	fn	diskDesignator	0	1
std.fs.path.diskDesignatorWindows	3	fn	diskDesignatorWindows	0	1
std.fs.path.resolve	3	fn	resolve	0	2
std.fs.path.resolveWindows	3	fn	resolveWindows	0	2
std.fs.path.resolvePosix	3	fn	resolvePosix	0	2
std.fs.path.dirname	3	fn	dirname	0	1
std.fs.path.dirnameWindows	3	fn	dirnameWindows	0	1
std.fs.path.dirnamePosix	3	fn	dirnamePosix	0	1
std.fs.path.basename	3	fn	basename	0	1
std.fs.path.basenamePosix	3	fn	basenamePosix	0	1
std.fs.path.basenameWindows	3	fn	basenameWindows	0	1
std.fs.path.relative	3	fn	relative	0	5
std.fs.path.relativeWindows	3	fn	relativeWindows	0	5
std.fs.path.relativePosix	3	fn	relativePosix	0	4
std.fs.path.extension	3	fn	extension	0	1
std.fs.path.stem	3	fn	stem	0	1
std.fs.path.ComponentIterator	3	fn	ComponentIterator	0	2
std.fs.path.NativeComponentIterator	3	const	NativeComponentIterator	0	
std.fs.path.componentIterator	3	fn	componentIterator	0	1
std.fs.path.fmtAsUtf8Lossy	3	alias	fmtAsUtf8Lossy	0	std.unicode.fmtUtf8
std.fs.path.fmtWtf16LeAsUtf8Lossy	3	alias	fmtWtf16LeAsUtf8Lossy	0	std.unicode.fmtUtf16Le
std.fs.path.Win32PathType	3	enum	Win32PathType	0	
std.fs.path.getWin32PathType	3	fn	getWin32PathType	0	2
std.fs.base64_alphabet	2	alias	base64_alphabet	0	std.base64.url_safe_alphabet_chars
std.fs.base64_encoder	2	alias	base64_encoder	0	std.base64.url_safe.Encoder
std.fs.base64_decoder	2	alias	base64_decoder	0	std.base64.url_safe.Decoder
std.fs.max_path_bytes	2	alias	max_path_bytes	0	std.Io.Dir.max_path_bytes
std.fs.max_name_bytes	2	alias	max_name_bytes	0	std.Io.Dir.max_name_bytes
std.gpu	1	ns	gpu	17	gpu.zig
std.gpu.position_in	2	const	position_in	0	
std.gpu.position_out	2	const	position_out	0	
std.gpu.point_size_in	2	const	point_size_in	0	
std.gpu.point_size_out	2	const	point_size_out	0	
std.gpu.invocation_id	2	const	invocation_id	0	
std.gpu.frag_coord	2	const	frag_coord	0	
std.gpu.point_coord	2	const	point_coord	0	
std.gpu.frag_depth	2	const	frag_depth	0	
std.gpu.num_workgroups	2	const	num_workgroups	0	
std.gpu.workgroup_size	2	const	workgroup_size	0	
std.gpu.workgroup_id	2	const	workgroup_id	0	
std.gpu.local_invocation_id	2	const	local_invocation_id	0	
std.gpu.global_invocation_id	2	const	global_invocation_id	0	
std.gpu.vertex_index	2	const	vertex_index	0	
std.gpu.instance_index	2	const	instance_index	0	
std.gpu.ExecutionMode	2	union	ExecutionMode	2	
std.gpu.ExecutionMode.Tag	3	enum	Tag	0	
std.gpu.ExecutionMode.LocalSize	3	struct	LocalSize	0	
std.gpu.executionMode	2	fn	executionMode	0	2
std.hash	1	ns	hash	23	hash.zig
std.hash.Adler32	2	ns	Adler32	3	hash/Adler32.zig
std.hash.Adler32.permute	3	fn	permute	0	2
std.hash.Adler32.update	3	fn	update	0	2
std.hash.Adler32.hash	3	fn	hash	0	1
std.hash.autoHash	2	alias	autoHash	0	auto_hash.autoHash
std.hash.autoHashStrat	2	alias	autoHashStrat	0	auto_hash.hash
std.hash.Strategy	2	alias	Strategy	0	auto_hash.HashStrategy
std.hash.crc	2	ns	crc	118	hash/crc.zig
std.hash.crc.Crc	3	alias	Crc	0	impl.Crc
std.hash.crc.Polynomial	3	alias	Polynomial	0	impl.Polynomial
std.hash.crc.Crc32WithPoly	3	alias	Crc32WithPoly	0	impl.Crc32WithPoly
std.hash.crc.Crc32SmallWithPoly	3	alias	Crc32SmallWithPoly	0	impl.Crc32SmallWithPoly
std.hash.crc.Crc32	3	alias	Crc32	0	Crc32IsoHdlc
std.hash.crc.Crc3Gsm	3	const	Crc3Gsm	0	
std.hash.crc.Crc3Rohc	3	const	Crc3Rohc	0	
std.hash.crc.Crc4G704	3	const	Crc4G704	0	
std.hash.crc.Crc4Interlaken	3	const	Crc4Interlaken	0	
std.hash.crc.Crc5EpcC1g2	3	const	Crc5EpcC1g2	0	
std.hash.crc.Crc5G704	3	const	Crc5G704	0	
std.hash.crc.Crc5Usb	3	const	Crc5Usb	0	
std.hash.crc.Crc6Cdma2000A	3	const	Crc6Cdma2000A	0	
std.hash.crc.Crc6Cdma2000B	3	const	Crc6Cdma2000B	0	
std.hash.crc.Crc6Darc	3	const	Crc6Darc	0	
std.hash.crc.Crc6G704	3	const	Crc6G704	0	
std.hash.crc.Crc6Gsm	3	const	Crc6Gsm	0	
std.hash.crc.Crc7Mmc	3	const	Crc7Mmc	0	
std.hash.crc.Crc7Rohc	3	const	Crc7Rohc	0	
std.hash.crc.Crc7Umts	3	const	Crc7Umts	0	
std.hash.crc.Crc8Autosar	3	const	Crc8Autosar	0	
std.hash.crc.Crc8Bluetooth	3	const	Crc8Bluetooth	0	
std.hash.crc.Crc8Cdma2000	3	const	Crc8Cdma2000	0	
std.hash.crc.Crc8Darc	3	const	Crc8Darc	0	
std.hash.crc.Crc8DvbS2	3	const	Crc8DvbS2	0	
std.hash.crc.Crc8GsmA	3	const	Crc8GsmA	0	
std.hash.crc.Crc8GsmB	3	const	Crc8GsmB	0	
std.hash.crc.Crc8Hitag	3	const	Crc8Hitag	0	
std.hash.crc.Crc8I4321	3	const	Crc8I4321	0	
std.hash.crc.Crc8ICode	3	const	Crc8ICode	0	
std.hash.crc.Crc8Lte	3	const	Crc8Lte	0	
std.hash.crc.Crc8MaximDow	3	const	Crc8MaximDow	0	
std.hash.crc.Crc8MifareMad	3	const	Crc8MifareMad	0	
std.hash.crc.Crc8Nrsc5	3	const	Crc8Nrsc5	0	
std.hash.crc.Crc8Opensafety	3	const	Crc8Opensafety	0	
std.hash.crc.Crc8Rohc	3	const	Crc8Rohc	0	
std.hash.crc.Crc8SaeJ1850	3	const	Crc8SaeJ1850	0	
std.hash.crc.Crc8Smbus	3	const	Crc8Smbus	0	
std.hash.crc.Crc8Tech3250	3	const	Crc8Tech3250	0	
std.hash.crc.Crc8Wcdma	3	const	Crc8Wcdma	0	
std.hash.crc.Crc10Atm	3	const	Crc10Atm	0	
std.hash.crc.Crc10Cdma2000	3	const	Crc10Cdma2000	0	
std.hash.crc.Crc10Gsm	3	const	Crc10Gsm	0	
std.hash.crc.Crc11Flexray	3	const	Crc11Flexray	0	
std.hash.crc.Crc11Umts	3	const	Crc11Umts	0	
std.hash.crc.Crc12Cdma2000	3	const	Crc12Cdma2000	0	
std.hash.crc.Crc12Dect	3	const	Crc12Dect	0	
std.hash.crc.Crc12Gsm	3	const	Crc12Gsm	0	
std.hash.crc.Crc12Umts	3	const	Crc12Umts	0	
std.hash.crc.Crc13Bbc	3	const	Crc13Bbc	0	
std.hash.crc.Crc14Darc	3	const	Crc14Darc	0	
std.hash.crc.Crc14Gsm	3	const	Crc14Gsm	0	
std.hash.crc.Crc15Can	3	const	Crc15Can	0	
std.hash.crc.Crc15Mpt1327	3	const	Crc15Mpt1327	0	
std.hash.crc.Crc16Arc	3	const	Crc16Arc	0	
std.hash.crc.Crc16Cdma2000	3	const	Crc16Cdma2000	0	
std.hash.crc.Crc16Cms	3	const	Crc16Cms	0	
std.hash.crc.Crc16Dds110	3	const	Crc16Dds110	0	
std.hash.crc.Crc16DectR	3	const	Crc16DectR	0	
std.hash.crc.Crc16DectX	3	const	Crc16DectX	0	
std.hash.crc.Crc16Dnp	3	const	Crc16Dnp	0	
std.hash.crc.Crc16En13757	3	const	Crc16En13757	0	
std.hash.crc.Crc16Genibus	3	const	Crc16Genibus	0	
std.hash.crc.Crc16Gsm	3	const	Crc16Gsm	0	
std.hash.crc.Crc16Ibm3740	3	const	Crc16Ibm3740	0	
std.hash.crc.Crc16IbmSdlc	3	const	Crc16IbmSdlc	0	
std.hash.crc.Crc16IsoIec144433A	3	const	Crc16IsoIec144433A	0	
std.hash.crc.Crc16Kermit	3	const	Crc16Kermit	0	
std.hash.crc.Crc16Lj1200	3	const	Crc16Lj1200	0	
std.hash.crc.Crc16M17	3	const	Crc16M17	0	
std.hash.crc.Crc16MaximDow	3	const	Crc16MaximDow	0	
std.hash.crc.Crc16Mcrf4xx	3	const	Crc16Mcrf4xx	0	
std.hash.crc.Crc16Modbus	3	const	Crc16Modbus	0	
std.hash.crc.Crc16Nrsc5	3	const	Crc16Nrsc5	0	
std.hash.crc.Crc16OpensafetyA	3	const	Crc16OpensafetyA	0	
std.hash.crc.Crc16OpensafetyB	3	const	Crc16OpensafetyB	0	
std.hash.crc.Crc16Profibus	3	const	Crc16Profibus	0	
std.hash.crc.Crc16Riello	3	const	Crc16Riello	0	
std.hash.crc.Crc16SpiFujitsu	3	const	Crc16SpiFujitsu	0	
std.hash.crc.Crc16T10Dif	3	const	Crc16T10Dif	0	
std.hash.crc.Crc16Teledisk	3	const	Crc16Teledisk	0	
std.hash.crc.Crc16Tms37157	3	const	Crc16Tms37157	0	
std.hash.crc.Crc16Umts	3	const	Crc16Umts	0	
std.hash.crc.Crc16Usb	3	const	Crc16Usb	0	
std.hash.crc.Crc16Xmodem	3	const	Crc16Xmodem	0	
std.hash.crc.Crc17CanFd	3	const	Crc17CanFd	0	
std.hash.crc.Crc21CanFd	3	const	Crc21CanFd	0	
std.hash.crc.Crc24Ble	3	const	Crc24Ble	0	
std.hash.crc.Crc24FlexrayA	3	const	Crc24FlexrayA	0	
std.hash.crc.Crc24FlexrayB	3	const	Crc24FlexrayB	0	
std.hash.crc.Crc24Interlaken	3	const	Crc24Interlaken	0	
std.hash.crc.Crc24LteA	3	const	Crc24LteA	0	
std.hash.crc.Crc24LteB	3	const	Crc24LteB	0	
std.hash.crc.Crc24Openpgp	3	const	Crc24Openpgp	0	
std.hash.crc.Crc24Os9	3	const	Crc24Os9	0	
std.hash.crc.Crc30Cdma	3	const	Crc30Cdma	0	
std.hash.crc.Crc31Philips	3	const	Crc31Philips	0	
std.hash.crc.Crc32Aixm	3	const	Crc32Aixm	0	
std.hash.crc.Crc32Autosar	3	const	Crc32Autosar	0	
std.hash.crc.Crc32Base91D	3	const	Crc32Base91D	0	
std.hash.crc.Crc32Bzip2	3	const	Crc32Bzip2	0	
std.hash.crc.Crc32CdRomEdc	3	const	Crc32CdRomEdc	0	
std.hash.crc.Crc32Cksum	3	const	Crc32Cksum	0	
std.hash.crc.Crc32Iscsi	3	const	Crc32Iscsi	0	
std.hash.crc.Crc32IsoHdlc	3	const	Crc32IsoHdlc	0	
std.hash.crc.Crc32Jamcrc	3	const	Crc32Jamcrc	0	
std.hash.crc.Crc32Koopman	3	const	Crc32Koopman	0	
std.hash.crc.Crc32Mef	3	const	Crc32Mef	0	
std.hash.crc.Crc32Mpeg2	3	const	Crc32Mpeg2	0	
std.hash.crc.Crc32Xfer	3	const	Crc32Xfer	0	
std.hash.crc.Crc40Gsm	3	const	Crc40Gsm	0	
std.hash.crc.Crc64Ecma182	3	const	Crc64Ecma182	0	
std.hash.crc.Crc64GoIso	3	const	Crc64GoIso	0	
std.hash.crc.Crc64Ms	3	const	Crc64Ms	0	
std.hash.crc.Crc64Redis	3	const	Crc64Redis	0	
std.hash.crc.Crc64We	3	const	Crc64We	0	
std.hash.crc.Crc64Xz	3	const	Crc64Xz	0	
std.hash.crc.Crc82Darc	3	const	Crc82Darc	0	
std.hash.Crc32	2	alias	Crc32	0	crc.Crc32
std.hash.Fnv1a_32	2	alias	Fnv1a_32	0	fnv.Fnv1a_32
std.hash.Fnv1a_64	2	alias	Fnv1a_64	0	fnv.Fnv1a_64
std.hash.Fnv1a_128	2	alias	Fnv1a_128	0	fnv.Fnv1a_128
std.hash.SipHash64	2	alias	SipHash64	0	siphash.SipHash64
std.hash.SipHash128	2	alias	SipHash128	0	siphash.SipHash128
std.hash.murmur	2	ns	murmur	3	hash/murmur.zig
std.hash.murmur.Murmur2_32	3	struct	Murmur2_32	6	
std.hash.murmur.Murmur2_32.hash	4	fn	hash	0	1
std.hash.murmur.Murmur2_32.hashWithSeed	4	fn	hashWithSeed	0	2
std.hash.murmur.Murmur2_32.hashUint32	4	fn	hashUint32	0	1
std.hash.murmur.Murmur2_32.hashUint32WithSeed	4	fn	hashUint32WithSeed	0	2
std.hash.murmur.Murmur2_32.hashUint64	4	fn	hashUint64	0	1
std.hash.murmur.Murmur2_32.hashUint64WithSeed	4	fn	hashUint64WithSeed	0	2
std.hash.murmur.Murmur2_64	3	struct	Murmur2_64	6	
std.hash.murmur.Murmur2_64.hash	4	fn	hash	0	1
std.hash.murmur.Murmur2_64.hashWithSeed	4	fn	hashWithSeed	0	2
std.hash.murmur.Murmur2_64.hashUint32	4	fn	hashUint32	0	1
std.hash.murmur.Murmur2_64.hashUint32WithSeed	4	fn	hashUint32WithSeed	0	2
std.hash.murmur.Murmur2_64.hashUint64	4	fn	hashUint64	0	1
std.hash.murmur.Murmur2_64.hashUint64WithSeed	4	fn	hashUint64WithSeed	0	2
std.hash.murmur.Murmur3_32	3	struct	Murmur3_32	6	
std.hash.murmur.Murmur3_32.hash	4	fn	hash	0	1
std.hash.murmur.Murmur3_32.hashWithSeed	4	fn	hashWithSeed	0	2
std.hash.murmur.Murmur3_32.hashUint32	4	fn	hashUint32	0	1
std.hash.murmur.Murmur3_32.hashUint32WithSeed	4	fn	hashUint32WithSeed	0	2
std.hash.murmur.Murmur3_32.hashUint64	4	fn	hashUint64	0	1
std.hash.murmur.Murmur3_32.hashUint64WithSeed	4	fn	hashUint64WithSeed	0	2
std.hash.Murmur2_32	2	alias	Murmur2_32	0	murmur.Murmur2_32
std.hash.Murmur2_64	2	alias	Murmur2_64	0	murmur.Murmur2_64
std.hash.Murmur3_32	2	alias	Murmur3_32	0	murmur.Murmur3_32
std.hash.cityhash	2	ns	cityhash	2	hash/cityhash.zig
std.hash.cityhash.CityHash32	3	struct	CityHash32	1	
std.hash.cityhash.CityHash32.hash	4	fn	hash	0	1
std.hash.cityhash.CityHash64	3	struct	CityHash64	3	
std.hash.cityhash.CityHash64.hash	4	fn	hash	0	1
std.hash.cityhash.CityHash64.hashWithSeed	4	fn	hashWithSeed	0	2
std.hash.cityhash.CityHash64.hashWithSeeds	4	fn	hashWithSeeds	0	3
std.hash.CityHash32	2	alias	CityHash32	0	cityhash.CityHash32
std.hash.CityHash64	2	alias	CityHash64	0	cityhash.CityHash64
std.hash.Wyhash	2	alias	Wyhash	0	wyhash.Wyhash
std.hash.XxHash3	2	alias	XxHash3	0	xxhash.XxHash3
std.hash.XxHash64	2	alias	XxHash64	0	xxhash.XxHash64
std.hash.XxHash32	2	alias	XxHash32	0	xxhash.XxHash32
std.hash.int	2	fn	int	0	1
std.hash_map	1	ns	hash_map	15	hash_map.zig
std.hash_map.getAutoHashFn	2	fn	getAutoHashFn	0	2
std.hash_map.getAutoEqlFn	2	fn	getAutoEqlFn	0	2
std.hash_map.AutoHashMap	2	fn	AutoHashMap	0	2
std.hash_map.AutoHashMapUnmanaged	2	fn	AutoHashMapUnmanaged	0	2
std.hash_map.AutoContext	2	fn	AutoContext	0	1
std.hash_map.StringHashMap	2	fn	StringHashMap	0	1
std.hash_map.StringHashMapUnmanaged	2	fn	StringHashMapUnmanaged	0	1
std.hash_map.StringContext	2	struct	StringContext	2	
std.hash_map.StringContext.hash	3	fn	hash	0	2
std.hash_map.StringContext.eql	3	fn	eql	0	3
std.hash_map.eqlString	2	fn	eqlString	0	2
std.hash_map.hashString	2	fn	hashString	0	1
std.hash_map.StringIndexContext	2	struct	StringIndexContext	2	
std.hash_map.StringIndexContext.eql	3	fn	eql	0	3
std.hash_map.StringIndexContext.hash	3	fn	hash	0	2
std.hash_map.StringIndexAdapter	2	struct	StringIndexAdapter	2	
std.hash_map.StringIndexAdapter.eql	3	fn	eql	0	3
std.hash_map.StringIndexAdapter.hash	3	fn	hash	0	2
std.hash_map.default_max_load_percentage	2	const	default_max_load_percentage	0	
std.hash_map.HashMap	2	fn	HashMap	0	4
std.hash_map.HashMapUnmanaged	2	fn	HashMapUnmanaged	0	4
std.heap	1	ns	heap	29	heap.zig
std.heap.ArenaAllocator	2	ns	ArenaAllocator	7	heap/ArenaAllocator.zig
std.heap.ArenaAllocator.State	3	struct	State	2	
std.heap.ArenaAllocator.State.init	4	const	init	0	
std.heap.ArenaAllocator.State.promote	4	fn	promote	0	2
std.heap.ArenaAllocator.allocator	3	fn	allocator	0	1
std.heap.ArenaAllocator.init	3	fn	init	0	1
std.heap.ArenaAllocator.deinit	3	fn	deinit	0	1
std.heap.ArenaAllocator.queryCapacity	3	fn	queryCapacity	0	1
std.heap.ArenaAllocator.ResetMode	3	union	ResetMode	0	
std.heap.ArenaAllocator.reset	3	fn	reset	0	2
std.heap.SmpAllocator	2	ns	SmpAllocator	1	heap/SmpAllocator.zig
std.heap.SmpAllocator.vtable	3	const	vtable	0	
std.heap.FixedBufferAllocator	2	ns	FixedBufferAllocator	11	heap/FixedBufferAllocator.zig
std.heap.FixedBufferAllocator.init	3	fn	init	0	1
std.heap.FixedBufferAllocator.allocator	3	fn	allocator	0	1
std.heap.FixedBufferAllocator.threadSafeAllocator	3	fn	threadSafeAllocator	0	1
std.heap.FixedBufferAllocator.ownsPtr	3	fn	ownsPtr	0	2
std.heap.FixedBufferAllocator.ownsSlice	3	fn	ownsSlice	0	2
std.heap.FixedBufferAllocator.isLastAllocation	3	fn	isLastAllocation	0	2
std.heap.FixedBufferAllocator.alloc	3	fn	alloc	0	4
std.heap.FixedBufferAllocator.resize	3	fn	resize	0	5
std.heap.FixedBufferAllocator.remap	3	fn	remap	0	5
std.heap.FixedBufferAllocator.free	3	fn	free	0	4
std.heap.FixedBufferAllocator.reset	3	fn	reset	0	1
std.heap.PageAllocator	2	ns	PageAllocator	4	heap/PageAllocator.zig
std.heap.PageAllocator.vtable	3	const	vtable	0	
std.heap.PageAllocator.map	3	fn	map	0	2
std.heap.PageAllocator.unmap	3	fn	unmap	0	1
std.heap.PageAllocator.realloc	3	fn	realloc	0	4
std.heap.WasmAllocator	2	const	WasmAllocator	0	
std.heap.BrkAllocator	2	ns	BrkAllocator	2	heap/BrkAllocator.zig
std.heap.BrkAllocator.vtable	3	const	vtable	0	
std.heap.BrkAllocator.Error	3	alias	Error	0	Allocator.Error
std.heap.DebugAllocatorConfig	2	struct	DebugAllocatorConfig	0	
std.heap.DebugAllocator	2	fn	DebugAllocator	0	1
std.heap.Check	2	enum	Check	0	
std.heap.MemoryPool	2	fn	MemoryPool	0	1
std.heap.memory_pool	2	ns	memory_pool	6	heap/memory_pool.zig
std.heap.memory_pool.Managed	3	fn	Managed	0	1
std.heap.memory_pool.Aligned	3	fn	Aligned	0	2
std.heap.memory_pool.AlignedManaged	3	fn	AlignedManaged	0	2
std.heap.memory_pool.Options	3	struct	Options	0	
std.heap.memory_pool.Extra	3	fn	Extra	0	2
std.heap.memory_pool.ExtraManaged	3	fn	ExtraManaged	0	2
std.heap.MemoryPoolAligned	2	alias	MemoryPoolAligned	0	memory_pool.Aligned
std.heap.MemoryPoolExtra	2	alias	MemoryPoolExtra	0	memory_pool.Extra
std.heap.MemoryPoolOptions	2	alias	MemoryPoolOptions	0	memory_pool.Options
std.heap.page_size_min	2	const	page_size_min	0	
std.heap.page_size_max	2	const	page_size_max	0	
std.heap.pageSize	2	fn	pageSize	0	0
std.heap.defaultQueryPageSize	2	fn	defaultQueryPageSize	0	0
std.heap.c_allocator	2	const	c_allocator	0	
std.heap.page_allocator	2	const	page_allocator	0	
std.heap.smp_allocator	2	const	smp_allocator	0	
std.heap.wasm_allocator	2	const	wasm_allocator	0	
std.heap.brk_allocator	2	const	brk_allocator	0	
std.heap.stackFallback	2	fn	stackFallback	0	2
std.heap.StackFallbackAllocator	2	fn	StackFallbackAllocator	0	1
std.heap.testAllocator	2	fn	testAllocator	0	1
std.heap.testAllocatorAligned	2	fn	testAllocatorAligned	0	1
std.heap.testAllocatorLargeAlignment	2	fn	testAllocatorLargeAlignment	0	1
std.heap.testAllocatorAlignedShrink	2	fn	testAllocatorAlignedShrink	0	1
std.http	1	ns	http	15	http.zig
std.http.Client	2	ns	Client	26	http/Client.zig
std.http.Client.disable_tls	3	alias	disable_tls	0	std.options.http_disable_tls
std.http.Client.ConnectionPool	3	struct	ConnectionPool	8	
std.http.Client.ConnectionPool.Criteria	4	struct	Criteria	0	
std.http.Client.ConnectionPool.findConnection	4	fn	findConnection	0	3
std.http.Client.ConnectionPool.acquireUnsafe	4	fn	acquireUnsafe	0	2
std.http.Client.ConnectionPool.acquire	4	fn	acquire	0	3
std.http.Client.ConnectionPool.release	4	fn	release	0	3
std.http.Client.ConnectionPool.addUsed	4	fn	addUsed	0	3
std.http.Client.ConnectionPool.resize	4	fn	resize	0	4
std.http.Client.ConnectionPool.deinit	4	fn	deinit	0	2
std.http.Client.Protocol	3	enum	Protocol	2	
std.http.Client.Protocol.fromScheme	4	fn	fromScheme	0	1
std.http.Client.Protocol.fromUri	4	fn	fromUri	0	1
std.http.Client.Connection	3	struct	Connection	8	
std.http.Client.Connection.ReadError	4	const	ReadError	0	
std.http.Client.Connection.getReadError	4	fn	getReadError	0	1
std.http.Client.Connection.host	4	fn	host	0	1
std.http.Client.Connection.destroy	4	fn	destroy	0	2
std.http.Client.Connection.writer	4	fn	writer	0	1
std.http.Client.Connection.reader	4	fn	reader	0	1
std.http.Client.Connection.flush	4	fn	flush	0	1
std.http.Client.Connection.end	4	fn	end	0	1
std.http.Client.Response	3	struct	Response	5	
std.http.Client.Response.Head	4	struct	Head	3	
std.http.Client.Response.Head.ParseError	5	const	ParseError	0	
std.http.Client.Response.Head.parse	5	fn	parse	0	1
std.http.Client.Response.Head.iterateHeaders	5	fn	iterateHeaders	0	1
std.http.Client.Response.reader	4	fn	reader	0	2
std.http.Client.Response.readerDecompressing	4	fn	readerDecompressing	0	4
std.http.Client.Response.bodyErr	4	fn	bodyErr	0	1
std.http.Client.Response.iterateTrailers	4	fn	iterateTrailers	0	1
std.http.Client.Request	3	struct	Request	12	
std.http.Client.Request.default_accept_encoding	4	const	default_accept_encoding	0	
std.http.Client.Request.TransferEncoding	4	union	TransferEncoding	0	
std.http.Client.Request.Headers	4	struct	Headers	1	
std.http.Client.Request.Headers.Value	5	union	Value	0	
std.http.Client.Request.RedirectBehavior	4	enum	RedirectBehavior	3	
std.http.Client.Request.RedirectBehavior.init	5	fn	init	0	1
std.http.Client.Request.RedirectBehavior.subtractOne	5	fn	subtractOne	0	1
std.http.Client.Request.RedirectBehavior.remaining	5	fn	remaining	0	1
std.http.Client.Request.deinit	4	fn	deinit	0	1
std.http.Client.Request.sendBodiless	4	fn	sendBodiless	0	1
std.http.Client.Request.sendBodilessUnflushed	4	fn	sendBodilessUnflushed	0	1
std.http.Client.Request.sendBody	4	fn	sendBody	0	2
std.http.Client.Request.sendBodyComplete	4	fn	sendBodyComplete	0	2
std.http.Client.Request.sendBodyUnflushed	4	fn	sendBodyUnflushed	0	2
std.http.Client.Request.ReceiveHeadError	4	const	ReceiveHeadError	0	
std.http.Client.Request.receiveHead	4	fn	receiveHead	0	2
std.http.Client.Proxy	3	struct	Proxy	0	
std.http.Client.deinit	3	fn	deinit	0	1
std.http.Client.initDefaultProxies	3	fn	initDefaultProxies	0	3
std.http.Client.basic_authorization	3	struct	basic_authorization	7	
std.http.Client.basic_authorization.max_user_len	4	const	max_user_len	0	
std.http.Client.basic_authorization.max_password_len	4	const	max_password_len	0	
std.http.Client.basic_authorization.max_value_len	4	const	max_value_len	0	
std.http.Client.basic_authorization.valueLength	4	fn	valueLength	0	2
std.http.Client.basic_authorization.valueLengthFromUri	4	fn	valueLengthFromUri	0	1
std.http.Client.basic_authorization.value	4	fn	value	0	2
std.http.Client.basic_authorization.write	4	fn	write	0	2
std.http.Client.ConnectTcpError	3	const	ConnectTcpError	0	
std.http.Client.connectTcp	3	fn	connectTcp	0	4
std.http.Client.ConnectTcpOptions	3	struct	ConnectTcpOptions	0	
std.http.Client.connectTcpOptions	3	fn	connectTcpOptions	0	2
std.http.Client.ConnectUnixError	3	const	ConnectUnixError	0	
std.http.Client.connectUnix	3	fn	connectUnix	0	2
std.http.Client.connectProxied	3	fn	connectProxied	0	4
std.http.Client.ConnectError	3	const	ConnectError	0	
std.http.Client.connect	3	fn	connect	0	4
std.http.Client.RequestError	3	const	RequestError	0	
std.http.Client.RequestOptions	3	struct	RequestOptions	0	
std.http.Client.request	3	fn	request	0	4
std.http.Client.FetchOptions	3	struct	FetchOptions	1	
std.http.Client.FetchOptions.Location	4	union	Location	0	
std.http.Client.FetchResult	3	struct	FetchResult	0	
std.http.Client.FetchError	3	const	FetchError	0	
std.http.Client.fetch	3	fn	fetch	0	2
std.http.Server	2	ns	Server	5	http/Server.zig
std.http.Server.init	3	fn	init	0	2
std.http.Server.ReceiveHeadError	3	const	ReceiveHeadError	0	
std.http.Server.receiveHead	3	fn	receiveHead	0	1
std.http.Server.Request	3	struct	Request	16	
std.http.Server.Request.RespondError	4	const	RespondError	0	
std.http.Server.Request.Head	4	struct	Head	2	
std.http.Server.Request.Head.ParseError	5	const	ParseError	0	
std.http.Server.Request.Head.parse	5	fn	parse	0	1
std.http.Server.Request.iterateHeaders	4	fn	iterateHeaders	0	1
std.http.Server.Request.RespondOptions	4	struct	RespondOptions	0	
std.http.Server.Request.respond	4	fn	respond	0	3
std.http.Server.Request.respondUnflushed	4	fn	respondUnflushed	0	3
std.http.Server.Request.RespondStreamingOptions	4	struct	RespondStreamingOptions	0	
std.http.Server.Request.respondStreaming	4	fn	respondStreaming	0	3
std.http.Server.Request.UpgradeRequest	4	union	UpgradeRequest	0	
std.http.Server.Request.upgradeRequested	4	fn	upgradeRequested	0	1
std.http.Server.Request.WebSocketOptions	4	struct	WebSocketOptions	0	
std.http.Server.Request.respondWebSocket	4	fn	respondWebSocket	0	2
std.http.Server.Request.readerExpectContinue	4	fn	readerExpectContinue	0	2
std.http.Server.Request.readerExpectNone	4	fn	readerExpectNone	0	2
std.http.Server.Request.ExpectContinueError	4	const	ExpectContinueError	0	
std.http.Server.Request.writeExpectContinue	4	fn	writeExpectContinue	0	1
std.http.Server.WebSocket	3	struct	WebSocket	11	
std.http.Server.WebSocket.Header0	4	struct	Header0	0	
std.http.Server.WebSocket.Header1	4	struct	Header1	0	
std.http.Server.WebSocket.Opcode	4	enum	Opcode	0	
std.http.Server.WebSocket.ReadSmallTextMessageError	4	const	ReadSmallTextMessageError	0	
std.http.Server.WebSocket.SmallMessage	4	struct	SmallMessage	0	
std.http.Server.WebSocket.readSmallMessage	4	fn	readSmallMessage	0	1
std.http.Server.WebSocket.writeMessage	4	fn	writeMessage	0	3
std.http.Server.WebSocket.writeMessageUnflushed	4	fn	writeMessageUnflushed	0	3
std.http.Server.WebSocket.writeMessageVec	4	fn	writeMessageVec	0	3
std.http.Server.WebSocket.writeMessageVecUnflushed	4	fn	writeMessageVecUnflushed	0	3
std.http.Server.WebSocket.flush	4	fn	flush	0	1
std.http.HeadParser	2	ns	HeadParser	2	http/HeadParser.zig
std.http.HeadParser.State	3	enum	State	0	
std.http.HeadParser.feed	3	fn	feed	0	2
std.http.ChunkParser	2	ns	ChunkParser	3	http/ChunkParser.zig
std.http.ChunkParser.init	3	const	init	0	
std.http.ChunkParser.State	3	enum	State	0	
std.http.ChunkParser.feed	3	fn	feed	0	2
std.http.HeaderIterator	2	ns	HeaderIterator	2	http/HeaderIterator.zig
std.http.HeaderIterator.init	3	fn	init	0	1
std.http.HeaderIterator.next	3	fn	next	0	1
std.http.Version	2	enum	Version	0	
std.http.Method	2	enum	Method	5	
std.http.Method.requestHasBody	3	fn	requestHasBody	0	1
std.http.Method.responseHasBody	3	fn	responseHasBody	0	1
std.http.Method.safe	3	fn	safe	0	1
std.http.Method.idempotent	3	fn	idempotent	0	1
std.http.Method.cacheable	3	fn	cacheable	0	1
std.http.Status	2	enum	Status	3	
std.http.Status.phrase	3	fn	phrase	0	1
std.http.Status.Class	3	enum	Class	0	
std.http.Status.class	3	fn	class	0	1
std.http.TransferEncoding	2	enum	TransferEncoding	0	
std.http.ContentEncoding	2	enum	ContentEncoding	2	
std.http.ContentEncoding.fromString	3	fn	fromString	0	1
std.http.ContentEncoding.minBufferCapacity	3	fn	minBufferCapacity	0	1
std.http.Connection	2	enum	Connection	0	
std.http.Header	2	struct	Header	0	
std.http.Reader	2	struct	Reader	7	
std.http.Reader.RemainingChunkLen	3	enum	RemainingChunkLen	2	
std.http.Reader.RemainingChunkLen.init	4	fn	init	0	1
std.http.Reader.RemainingChunkLen.int	4	fn	int	0	1
std.http.Reader.State	3	union	State	0	
std.http.Reader.BodyError	3	const	BodyError	0	
std.http.Reader.HeadError	3	const	HeadError	0	
std.http.Reader.receiveHead	3	fn	receiveHead	0	1
std.http.Reader.bodyReader	3	fn	bodyReader	0	4
std.http.Reader.bodyReaderDecompressing	3	fn	bodyReaderDecompressing	0	7
std.http.Decompress	2	union	Decompress	1	
std.http.Decompress.init	3	fn	init	0	4
std.http.BodyWriter	2	struct	BodyWriter	17	
std.http.BodyWriter.Error	3	alias	Error	0	Writer.Error
std.http.BodyWriter.State	3	union	State	1	
std.http.BodyWriter.State.init_chunked	4	const	init_chunked	0	
std.http.BodyWriter.isEliding	3	fn	isEliding	0	1
std.http.BodyWriter.flush	3	fn	flush	0	1
std.http.BodyWriter.end	3	fn	end	0	1
std.http.BodyWriter.endUnflushed	3	fn	endUnflushed	0	1
std.http.BodyWriter.EndChunkedOptions	3	struct	EndChunkedOptions	0	
std.http.BodyWriter.endChunked	3	fn	endChunked	0	2
std.http.BodyWriter.endChunkedUnflushed	3	fn	endChunkedUnflushed	0	2
std.http.BodyWriter.contentLengthDrain	3	fn	contentLengthDrain	0	3
std.http.BodyWriter.noneDrain	3	fn	noneDrain	0	3
std.http.BodyWriter.elidingDrain	3	fn	elidingDrain	0	3
std.http.BodyWriter.elidingSendFile	3	fn	elidingSendFile	0	3
std.http.BodyWriter.noneSendFile	3	fn	noneSendFile	0	3
std.http.BodyWriter.contentLengthSendFile	3	fn	contentLengthSendFile	0	3
std.http.BodyWriter.chunkedSendFile	3	fn	chunkedSendFile	0	3
std.http.BodyWriter.chunkedDrain	3	fn	chunkedDrain	0	3
std.json	1	ns	json	30	json.zig
std.json.ObjectMap	2	alias	ObjectMap	0	json/dynamic.zig
std.json.Array	2	alias	Array	0	json/dynamic.zig
std.json.Value	2	union	Value	5	
std.json.Value.parseFromNumberSlice	3	fn	parseFromNumberSlice	0	1
std.json.Value.dump	3	fn	dump	0	1
std.json.Value.jsonStringify	3	fn	jsonStringify	0	2
std.json.Value.jsonParse	3	fn	jsonParse	0	3
std.json.Value.jsonParseFromValue	3	fn	jsonParseFromValue	0	3
std.json.ArrayHashMap	2	fn	ArrayHashMap	0	1
std.json.Scanner	2	ns	Scanner	31	json/Scanner.zig
std.json.Scanner.initStreaming	3	fn	initStreaming	0	1
std.json.Scanner.initCompleteInput	3	fn	initCompleteInput	0	2
std.json.Scanner.deinit	3	fn	deinit	0	1
std.json.Scanner.enableDiagnostics	3	fn	enableDiagnostics	0	2
std.json.Scanner.feedInput	3	fn	feedInput	0	2
std.json.Scanner.endInput	3	fn	endInput	0	1
std.json.Scanner.NextError	3	const	NextError	0	
std.json.Scanner.AllocError	3	const	AllocError	0	
std.json.Scanner.PeekError	3	const	PeekError	0	
std.json.Scanner.SkipError	3	const	SkipError	0	
std.json.Scanner.AllocIntoArrayListError	3	const	AllocIntoArrayListError	0	
std.json.Scanner.nextAlloc	3	fn	nextAlloc	0	3
std.json.Scanner.nextAllocMax	3	fn	nextAllocMax	0	4
std.json.Scanner.allocNextIntoArrayList	3	fn	allocNextIntoArrayList	0	3
std.json.Scanner.allocNextIntoArrayListMax	3	fn	allocNextIntoArrayListMax	0	4
std.json.Scanner.skipValue	3	fn	skipValue	0	1
std.json.Scanner.skipUntilStackHeight	3	fn	skipUntilStackHeight	0	2
std.json.Scanner.stackHeight	3	fn	stackHeight	0	1
std.json.Scanner.ensureTotalStackCapacity	3	fn	ensureTotalStackCapacity	0	2
std.json.Scanner.next	3	fn	next	0	1
std.json.Scanner.peekNextTokenType	3	fn	peekNextTokenType	0	1
std.json.Scanner.validate	3	fn	validate	0	2
std.json.Scanner.Error	3	const	Error	0	
std.json.Scanner.default_buffer_size	3	const	default_buffer_size	0	
std.json.Scanner.Token	3	union	Token	0	
std.json.Scanner.TokenType	3	enum	TokenType	0	
std.json.Scanner.Diagnostics	3	struct	Diagnostics	3	
std.json.Scanner.Diagnostics.getLine	4	fn	getLine	0	1
std.json.Scanner.Diagnostics.getColumn	4	fn	getColumn	0	1
std.json.Scanner.Diagnostics.getByteOffset	4	fn	getByteOffset	0	1
std.json.Scanner.AllocWhen	3	enum	AllocWhen	0	
std.json.Scanner.default_max_value_len	3	const	default_max_value_len	0	
std.json.Scanner.Reader	3	struct	Reader	17	
std.json.Scanner.Reader.init	4	fn	init	0	2
std.json.Scanner.Reader.deinit	4	fn	deinit	0	1
std.json.Scanner.Reader.enableDiagnostics	4	fn	enableDiagnostics	0	2
std.json.Scanner.Reader.NextError	4	const	NextError	0	
std.json.Scanner.Reader.SkipError	4	alias	SkipError	0	Reader.NextError
std.json.Scanner.Reader.AllocError	4	const	AllocError	0	
std.json.Scanner.Reader.PeekError	4	const	PeekError	0	
std.json.Scanner.Reader.nextAlloc	4	fn	nextAlloc	0	3
std.json.Scanner.Reader.nextAllocMax	4	fn	nextAllocMax	0	4
std.json.Scanner.Reader.allocNextIntoArrayList	4	fn	allocNextIntoArrayList	0	3
std.json.Scanner.Reader.allocNextIntoArrayListMax	4	fn	allocNextIntoArrayListMax	0	4
std.json.Scanner.Reader.skipValue	4	fn	skipValue	0	1
std.json.Scanner.Reader.skipUntilStackHeight	4	fn	skipUntilStackHeight	0	2
std.json.Scanner.Reader.stackHeight	4	fn	stackHeight	0	1
std.json.Scanner.Reader.ensureTotalStackCapacity	4	fn	ensureTotalStackCapacity	0	2
std.json.Scanner.Reader.next	4	fn	next	0	1
std.json.Scanner.Reader.peekNextTokenType	4	fn	peekNextTokenType	0	1
std.json.Scanner.isNumberFormattedLikeAnInteger	3	fn	isNumberFormattedLikeAnInteger	0	1
std.json.validate	2	alias	validate	0	Scanner.validate
std.json.Error	2	alias	Error	0	Scanner.Error
std.json.default_buffer_size	2	alias	default_buffer_size	0	Scanner.default_buffer_size
std.json.Token	2	alias	Token	0	Scanner.Token
std.json.TokenType	2	alias	TokenType	0	Scanner.TokenType
std.json.Diagnostics	2	alias	Diagnostics	0	Scanner.Diagnostics
std.json.AllocWhen	2	alias	AllocWhen	0	Scanner.AllocWhen
std.json.default_max_value_len	2	alias	default_max_value_len	0	Scanner.default_max_value_len
std.json.Reader	2	alias	Reader	0	Scanner.Reader
std.json.isNumberFormattedLikeAnInteger	2	alias	isNumberFormattedLikeAnInteger	0	Scanner.isNumberFormattedLikeAnInteger
std.json.ParseOptions	2	struct	ParseOptions	0	
std.json.Parsed	2	fn	Parsed	0	1
std.json.parseFromSlice	2	fn	parseFromSlice	0	4
std.json.parseFromSliceLeaky	2	fn	parseFromSliceLeaky	0	4
std.json.parseFromTokenSource	2	fn	parseFromTokenSource	0	4
std.json.parseFromTokenSourceLeaky	2	fn	parseFromTokenSourceLeaky	0	4
std.json.innerParse	2	fn	innerParse	0	4
std.json.parseFromValue	2	fn	parseFromValue	0	4
std.json.parseFromValueLeaky	2	fn	parseFromValueLeaky	0	4
std.json.innerParseFromValue	2	fn	innerParseFromValue	0	4
std.json.ParseError	2	fn	ParseError	0	1
std.json.ParseFromValueError	2	alias	ParseFromValueError	0	json/static.zig
std.json.Stringify	2	ns	Stringify	18	json/Stringify.zig
std.json.Stringify.Error	3	alias	Error	0	Writer.Error
std.json.Stringify.beginArray	3	fn	beginArray	0	1
std.json.Stringify.beginObject	3	fn	beginObject	0	1
std.json.Stringify.endArray	3	fn	endArray	0	1
std.json.Stringify.endObject	3	fn	endObject	0	1
std.json.Stringify.print	3	fn	print	0	3
std.json.Stringify.beginWriteRaw	3	fn	beginWriteRaw	0	1
std.json.Stringify.endWriteRaw	3	fn	endWriteRaw	0	1
std.json.Stringify.objectField	3	fn	objectField	0	2
std.json.Stringify.objectFieldRaw	3	fn	objectFieldRaw	0	2
std.json.Stringify.beginObjectFieldRaw	3	fn	beginObjectFieldRaw	0	1
std.json.Stringify.endObjectFieldRaw	3	fn	endObjectFieldRaw	0	1
std.json.Stringify.write	3	fn	write	0	2
std.json.Stringify.Options	3	struct	Options	0	
std.json.Stringify.value	3	fn	value	0	3
std.json.Stringify.valueAlloc	3	fn	valueAlloc	0	3
std.json.Stringify.encodeJsonString	3	fn	encodeJsonString	0	3
std.json.Stringify.encodeJsonStringChars	3	fn	encodeJsonStringChars	0	3
std.json.fmt	2	fn	fmt	0	2
std.json.Formatter	2	fn	Formatter	0	1
std.leb	1	ns	leb	3	leb128.zig
std.leb.writeUnsignedFixed	2	fn	writeUnsignedFixed	0	3
std.leb.writeUnsignedExtended	2	fn	writeUnsignedExtended	0	2
std.leb.writeSignedFixed	2	fn	writeSignedFixed	0	3
std.log	1	ns	log	15	log.zig
std.log.Level	2	enum	Level	1	
std.log.Level.asText	3	fn	asText	0	1
std.log.default_level	2	const	default_level	0	
std.log.ScopeLevel	2	struct	ScopeLevel	0	
std.log.logEnabled	2	fn	logEnabled	0	2
std.log.terminalMode	2	alias	terminalMode	0	std.Options.logTerminalMode
std.log.defaultTerminalMode	2	fn	defaultTerminalMode	0	0
std.log.defaultLog	2	fn	defaultLog	0	4
std.log.defaultLogFileTerminal	2	fn	defaultLogFileTerminal	0	5
std.log.scoped	2	fn	scoped	0	1
std.log.default_log_scope	2	const	default_log_scope	0	
std.log.default	2	const	default	0	
std.log.err	2	alias	err	0	default.err
std.log.warn	2	alias	warn	0	default.warn
std.log.info	2	alias	info	0	default.info
std.log.debug	2	alias	debug	0	default.debug
std.macho	1	ns	macho	312	macho.zig
std.macho.cpu_type_t	2	alias	cpu_type_t	0	c_int
std.macho.cpu_subtype_t	2	alias	cpu_subtype_t	0	c_int
std.macho.vm_prot_t	2	struct	vm_prot_t	0	
std.macho.mach_header	2	struct	mach_header	0	
std.macho.mach_header_64	2	struct	mach_header_64	0	
std.macho.fat_header	2	struct	fat_header	0	
std.macho.fat_arch	2	struct	fat_arch	0	
std.macho.load_command	2	struct	load_command	0	
std.macho.uuid_command	2	struct	uuid_command	0	
std.macho.version_min_command	2	struct	version_min_command	0	
std.macho.source_version_command	2	struct	source_version_command	0	
std.macho.build_version_command	2	struct	build_version_command	0	
std.macho.build_tool_version	2	struct	build_tool_version	0	
std.macho.PLATFORM	2	enum	PLATFORM	0	
std.macho.TOOL	2	enum	TOOL	0	
std.macho.entry_point_command	2	struct	entry_point_command	0	
std.macho.symtab_command	2	struct	symtab_command	0	
std.macho.dysymtab_command	2	struct	dysymtab_command	0	
std.macho.linkedit_data_command	2	struct	linkedit_data_command	0	
std.macho.dyld_info_command	2	struct	dyld_info_command	0	
std.macho.dylinker_command	2	struct	dylinker_command	0	
std.macho.dylib_command	2	struct	dylib_command	0	
std.macho.dylib	2	struct	dylib	0	
std.macho.rpath_command	2	struct	rpath_command	0	
std.macho.segment_command	2	struct	segment_command	0	
std.macho.segment_command_64	2	struct	segment_command_64	2	
std.macho.segment_command_64.segName	3	fn	segName	0	1
std.macho.segment_command_64.isWriteable	3	fn	isWriteable	0	1
std.macho.PROT	2	struct	PROT	5	
std.macho.PROT.NONE	3	const	NONE	0	
std.macho.PROT.READ	3	const	READ	0	
std.macho.PROT.WRITE	3	const	WRITE	0	
std.macho.PROT.EXEC	3	const	EXEC	0	
std.macho.PROT.COPY	3	const	COPY	0	
std.macho.section	2	struct	section	0	
std.macho.section_64	2	struct	section_64	10	
std.macho.section_64.sectName	3	fn	sectName	0	1
std.macho.section_64.segName	3	fn	segName	0	1
std.macho.section_64.@"type"	3	fn	@"type"	0	1
std.macho.section_64.attrs	3	fn	attrs	0	1
std.macho.section_64.isCode	3	fn	isCode	0	1
std.macho.section_64.isZerofill	3	fn	isZerofill	0	1
std.macho.section_64.isSymbolStubs	3	fn	isSymbolStubs	0	1
std.macho.section_64.isDebug	3	fn	isDebug	0	1
std.macho.section_64.isDontDeadStrip	3	fn	isDontDeadStrip	0	1
std.macho.section_64.isDontDeadStripIfReferencesLive	3	fn	isDontDeadStripIfReferencesLive	0	1
std.macho.nlist	2	struct	nlist	0	
std.macho.nlist_64	2	struct	nlist_64	1	
std.macho.nlist_64.tentative	3	fn	tentative	0	1
std.macho.relocation_info	2	struct	relocation_info	0	
std.macho.LC_REQ_DYLD	2	const	LC_REQ_DYLD	0	
std.macho.LC	2	enum	LC	0	
std.macho.MH_MAGIC	2	const	MH_MAGIC	0	
std.macho.MH_CIGAM	2	const	MH_CIGAM	0	
std.macho.MH_MAGIC_64	2	const	MH_MAGIC_64	0	
std.macho.MH_CIGAM_64	2	const	MH_CIGAM_64	0	
std.macho.MH_OBJECT	2	const	MH_OBJECT	0	
std.macho.MH_EXECUTE	2	const	MH_EXECUTE	0	
std.macho.MH_FVMLIB	2	const	MH_FVMLIB	0	
std.macho.MH_CORE	2	const	MH_CORE	0	
std.macho.MH_PRELOAD	2	const	MH_PRELOAD	0	
std.macho.MH_DYLIB	2	const	MH_DYLIB	0	
std.macho.MH_DYLINKER	2	const	MH_DYLINKER	0	
std.macho.MH_BUNDLE	2	const	MH_BUNDLE	0	
std.macho.MH_DYLIB_STUB	2	const	MH_DYLIB_STUB	0	
std.macho.MH_DSYM	2	const	MH_DSYM	0	
std.macho.MH_KEXT_BUNDLE	2	const	MH_KEXT_BUNDLE	0	
std.macho.MH_NOUNDEFS	2	const	MH_NOUNDEFS	0	
std.macho.MH_INCRLINK	2	const	MH_INCRLINK	0	
std.macho.MH_DYLDLINK	2	const	MH_DYLDLINK	0	
std.macho.MH_BINDATLOAD	2	const	MH_BINDATLOAD	0	
std.macho.MH_PREBOUND	2	const	MH_PREBOUND	0	
std.macho.MH_SPLIT_SEGS	2	const	MH_SPLIT_SEGS	0	
std.macho.MH_LAZY_INIT	2	const	MH_LAZY_INIT	0	
std.macho.MH_TWOLEVEL	2	const	MH_TWOLEVEL	0	
std.macho.MH_FORCE_FLAT	2	const	MH_FORCE_FLAT	0	
std.macho.MH_NOMULTIDEFS	2	const	MH_NOMULTIDEFS	0	
std.macho.MH_NOFIXPREBINDING	2	const	MH_NOFIXPREBINDING	0	
std.macho.MH_PREBINDABLE	2	const	MH_PREBINDABLE	0	
std.macho.MH_ALLMODSBOUND	2	const	MH_ALLMODSBOUND	0	
std.macho.MH_SUBSECTIONS_VIA_SYMBOLS	2	const	MH_SUBSECTIONS_VIA_SYMBOLS	0	
std.macho.MH_CANONICAL	2	const	MH_CANONICAL	0	
std.macho.MH_WEAK_DEFINES	2	const	MH_WEAK_DEFINES	0	
std.macho.MH_BINDS_TO_WEAK	2	const	MH_BINDS_TO_WEAK	0	
std.macho.MH_ALLOW_STACK_EXECUTION	2	const	MH_ALLOW_STACK_EXECUTION	0	
std.macho.MH_ROOT_SAFE	2	const	MH_ROOT_SAFE	0	
std.macho.MH_SETUID_SAFE	2	const	MH_SETUID_SAFE	0	
std.macho.MH_NO_REEXPORTED_DYLIBS	2	const	MH_NO_REEXPORTED_DYLIBS	0	
std.macho.MH_PIE	2	const	MH_PIE	0	
std.macho.MH_DEAD_STRIPPABLE_DYLIB	2	const	MH_DEAD_STRIPPABLE_DYLIB	0	
std.macho.MH_HAS_TLV_DESCRIPTORS	2	const	MH_HAS_TLV_DESCRIPTORS	0	
std.macho.MH_NO_HEAP_EXECUTION	2	const	MH_NO_HEAP_EXECUTION	0	
std.macho.MH_APP_EXTENSION_SAFE	2	const	MH_APP_EXTENSION_SAFE	0	
std.macho.MH_NLIST_OUTOFSYNC_WITH_DYLDINFO	2	const	MH_NLIST_OUTOFSYNC_WITH_DYLDINFO	0	
std.macho.MH_SIM_SUPPORT	2	const	MH_SIM_SUPPORT	0	
std.macho.MH_DYLIB_IN_CACHE	2	const	MH_DYLIB_IN_CACHE	0	
std.macho.FAT_MAGIC	2	const	FAT_MAGIC	0	
std.macho.FAT_CIGAM	2	const	FAT_CIGAM	0	
std.macho.FAT_MAGIC_64	2	const	FAT_MAGIC_64	0	
std.macho.FAT_CIGAM_64	2	const	FAT_CIGAM_64	0	
std.macho.SG_HIGHVM	2	const	SG_HIGHVM	0	
std.macho.SG_FVMLIB	2	const	SG_FVMLIB	0	
std.macho.SG_NORELOC	2	const	SG_NORELOC	0	
std.macho.SG_PROTECTED_VERSION_1	2	const	SG_PROTECTED_VERSION_1	0	
std.macho.SG_READ_ONLY	2	const	SG_READ_ONLY	0	
std.macho.SECTION_TYPE	2	const	SECTION_TYPE	0	
std.macho.SECTION_ATTRIBUTES	2	const	SECTION_ATTRIBUTES	0	
std.macho.S_REGULAR	2	const	S_REGULAR	0	
std.macho.S_ZEROFILL	2	const	S_ZEROFILL	0	
std.macho.S_CSTRING_LITERALS	2	const	S_CSTRING_LITERALS	0	
std.macho.S_4BYTE_LITERALS	2	const	S_4BYTE_LITERALS	0	
std.macho.S_8BYTE_LITERALS	2	const	S_8BYTE_LITERALS	0	
std.macho.S_LITERAL_POINTERS	2	const	S_LITERAL_POINTERS	0	
std.macho.N_STAB	2	const	N_STAB	0	
std.macho.N_PEXT	2	const	N_PEXT	0	
std.macho.N_TYPE	2	const	N_TYPE	0	
std.macho.N_EXT	2	const	N_EXT	0	
std.macho.N_UNDF	2	const	N_UNDF	0	
std.macho.N_ABS	2	const	N_ABS	0	
std.macho.N_SECT	2	const	N_SECT	0	
std.macho.N_PBUD	2	const	N_PBUD	0	
std.macho.N_INDR	2	const	N_INDR	0	
std.macho.N_GSYM	2	const	N_GSYM	0	
std.macho.N_FNAME	2	const	N_FNAME	0	
std.macho.N_FUN	2	const	N_FUN	0	
std.macho.N_STSYM	2	const	N_STSYM	0	
std.macho.N_LCSYM	2	const	N_LCSYM	0	
std.macho.N_BNSYM	2	const	N_BNSYM	0	
std.macho.N_AST	2	const	N_AST	0	
std.macho.N_OPT	2	const	N_OPT	0	
std.macho.N_RSYM	2	const	N_RSYM	0	
std.macho.N_SLINE	2	const	N_SLINE	0	
std.macho.N_ENSYM	2	const	N_ENSYM	0	
std.macho.N_SSYM	2	const	N_SSYM	0	
std.macho.N_SO	2	const	N_SO	0	
std.macho.N_OSO	2	const	N_OSO	0	
std.macho.N_LSYM	2	const	N_LSYM	0	
std.macho.N_BINCL	2	const	N_BINCL	0	
std.macho.N_SOL	2	const	N_SOL	0	
std.macho.N_PARAMS	2	const	N_PARAMS	0	
std.macho.N_VERSION	2	const	N_VERSION	0	
std.macho.N_OLEVEL	2	const	N_OLEVEL	0	
std.macho.N_PSYM	2	const	N_PSYM	0	
std.macho.N_EINCL	2	const	N_EINCL	0	
std.macho.N_ENTRY	2	const	N_ENTRY	0	
std.macho.N_LBRAC	2	const	N_LBRAC	0	
std.macho.N_EXCL	2	const	N_EXCL	0	
std.macho.N_RBRAC	2	const	N_RBRAC	0	
std.macho.N_BCOMM	2	const	N_BCOMM	0	
std.macho.N_ECOMM	2	const	N_ECOMM	0	
std.macho.N_ECOML	2	const	N_ECOML	0	
std.macho.N_LENG	2	const	N_LENG	0	
std.macho.S_NON_LAZY_SYMBOL_POINTERS	2	const	S_NON_LAZY_SYMBOL_POINTERS	0	
std.macho.S_LAZY_SYMBOL_POINTERS	2	const	S_LAZY_SYMBOL_POINTERS	0	
std.macho.S_SYMBOL_STUBS	2	const	S_SYMBOL_STUBS	0	
std.macho.S_MOD_INIT_FUNC_POINTERS	2	const	S_MOD_INIT_FUNC_POINTERS	0	
std.macho.S_MOD_TERM_FUNC_POINTERS	2	const	S_MOD_TERM_FUNC_POINTERS	0	
std.macho.S_COALESCED	2	const	S_COALESCED	0	
std.macho.S_GB_ZEROFILL	2	const	S_GB_ZEROFILL	0	
std.macho.S_INTERPOSING	2	const	S_INTERPOSING	0	
std.macho.S_16BYTE_LITERALS	2	const	S_16BYTE_LITERALS	0	
std.macho.S_DTRACE_DOF	2	const	S_DTRACE_DOF	0	
std.macho.S_LAZY_DYLIB_SYMBOL_POINTERS	2	const	S_LAZY_DYLIB_SYMBOL_POINTERS	0	
std.macho.S_ATTR_DEBUG	2	const	S_ATTR_DEBUG	0	
std.macho.S_ATTR_PURE_INSTRUCTIONS	2	const	S_ATTR_PURE_INSTRUCTIONS	0	
std.macho.S_ATTR_NO_TOC	2	const	S_ATTR_NO_TOC	0	
std.macho.S_ATTR_STRIP_STATIC_SYMS	2	const	S_ATTR_STRIP_STATIC_SYMS	0	
std.macho.S_ATTR_NO_DEAD_STRIP	2	const	S_ATTR_NO_DEAD_STRIP	0	
std.macho.S_ATTR_LIVE_SUPPORT	2	const	S_ATTR_LIVE_SUPPORT	0	
std.macho.S_ATTR_SELF_MODIFYING_CODE	2	const	S_ATTR_SELF_MODIFYING_CODE	0	
std.macho.S_ATTR_SOME_INSTRUCTIONS	2	const	S_ATTR_SOME_INSTRUCTIONS	0	
std.macho.S_ATTR_EXT_RELOC	2	const	S_ATTR_EXT_RELOC	0	
std.macho.S_ATTR_LOC_RELOC	2	const	S_ATTR_LOC_RELOC	0	
std.macho.S_THREAD_LOCAL_REGULAR	2	const	S_THREAD_LOCAL_REGULAR	0	
std.macho.S_THREAD_LOCAL_ZEROFILL	2	const	S_THREAD_LOCAL_ZEROFILL	0	
std.macho.S_THREAD_LOCAL_VARIABLES	2	const	S_THREAD_LOCAL_VARIABLES	0	
std.macho.S_THREAD_LOCAL_VARIABLE_POINTERS	2	const	S_THREAD_LOCAL_VARIABLE_POINTERS	0	
std.macho.S_THREAD_LOCAL_INIT_FUNCTION_POINTERS	2	const	S_THREAD_LOCAL_INIT_FUNCTION_POINTERS	0	
std.macho.S_INIT_FUNC_OFFSETS	2	const	S_INIT_FUNC_OFFSETS	0	
std.macho.CPU_TYPE_X86_64	2	const	CPU_TYPE_X86_64	0	
std.macho.CPU_TYPE_ARM64	2	const	CPU_TYPE_ARM64	0	
std.macho.CPU_SUBTYPE_X86_64_ALL	2	const	CPU_SUBTYPE_X86_64_ALL	0	
std.macho.CPU_SUBTYPE_ARM_ALL	2	const	CPU_SUBTYPE_ARM_ALL	0	
std.macho.REBASE_TYPE_POINTER	2	const	REBASE_TYPE_POINTER	0	
std.macho.REBASE_TYPE_TEXT_ABSOLUTE32	2	const	REBASE_TYPE_TEXT_ABSOLUTE32	0	
std.macho.REBASE_TYPE_TEXT_PCREL32	2	const	REBASE_TYPE_TEXT_PCREL32	0	
std.macho.REBASE_OPCODE_MASK	2	const	REBASE_OPCODE_MASK	0	
std.macho.REBASE_IMMEDIATE_MASK	2	const	REBASE_IMMEDIATE_MASK	0	
std.macho.REBASE_OPCODE_DONE	2	const	REBASE_OPCODE_DONE	0	
std.macho.REBASE_OPCODE_SET_TYPE_IMM	2	const	REBASE_OPCODE_SET_TYPE_IMM	0	
std.macho.REBASE_OPCODE_SET_SEGMENT_AND_OFFSET_ULEB	2	const	REBASE_OPCODE_SET_SEGMENT_AND_OFFSET_ULEB	0	
std.macho.REBASE_OPCODE_ADD_ADDR_ULEB	2	const	REBASE_OPCODE_ADD_ADDR_ULEB	0	
std.macho.REBASE_OPCODE_ADD_ADDR_IMM_SCALED	2	const	REBASE_OPCODE_ADD_ADDR_IMM_SCALED	0	
std.macho.REBASE_OPCODE_DO_REBASE_IMM_TIMES	2	const	REBASE_OPCODE_DO_REBASE_IMM_TIMES	0	
std.macho.REBASE_OPCODE_DO_REBASE_ULEB_TIMES	2	const	REBASE_OPCODE_DO_REBASE_ULEB_TIMES	0	
std.macho.REBASE_OPCODE_DO_REBASE_ADD_ADDR_ULEB	2	const	REBASE_OPCODE_DO_REBASE_ADD_ADDR_ULEB	0	
std.macho.REBASE_OPCODE_DO_REBASE_ULEB_TIMES_SKIPPING_ULEB	2	const	REBASE_OPCODE_DO_REBASE_ULEB_TIMES_SKIPPING_ULEB	0	
std.macho.BIND_TYPE_POINTER	2	const	BIND_TYPE_POINTER	0	
std.macho.BIND_TYPE_TEXT_ABSOLUTE32	2	const	BIND_TYPE_TEXT_ABSOLUTE32	0	
std.macho.BIND_TYPE_TEXT_PCREL32	2	const	BIND_TYPE_TEXT_PCREL32	0	
std.macho.BIND_SPECIAL_DYLIB_SELF	2	const	BIND_SPECIAL_DYLIB_SELF	0	
std.macho.BIND_SPECIAL_DYLIB_MAIN_EXECUTABLE	2	const	BIND_SPECIAL_DYLIB_MAIN_EXECUTABLE	0	
std.macho.BIND_SPECIAL_DYLIB_FLAT_LOOKUP	2	const	BIND_SPECIAL_DYLIB_FLAT_LOOKUP	0	
std.macho.BIND_SYMBOL_FLAGS_WEAK_IMPORT	2	const	BIND_SYMBOL_FLAGS_WEAK_IMPORT	0	
std.macho.BIND_SYMBOL_FLAGS_NON_WEAK_DEFINITION	2	const	BIND_SYMBOL_FLAGS_NON_WEAK_DEFINITION	0	
std.macho.BIND_OPCODE_MASK	2	const	BIND_OPCODE_MASK	0	
std.macho.BIND_IMMEDIATE_MASK	2	const	BIND_IMMEDIATE_MASK	0	
std.macho.BIND_OPCODE_DONE	2	const	BIND_OPCODE_DONE	0	
std.macho.BIND_OPCODE_SET_DYLIB_ORDINAL_IMM	2	const	BIND_OPCODE_SET_DYLIB_ORDINAL_IMM	0	
std.macho.BIND_OPCODE_SET_DYLIB_ORDINAL_ULEB	2	const	BIND_OPCODE_SET_DYLIB_ORDINAL_ULEB	0	
std.macho.BIND_OPCODE_SET_DYLIB_SPECIAL_IMM	2	const	BIND_OPCODE_SET_DYLIB_SPECIAL_IMM	0	
std.macho.BIND_OPCODE_SET_SYMBOL_TRAILING_FLAGS_IMM	2	const	BIND_OPCODE_SET_SYMBOL_TRAILING_FLAGS_IMM	0	
std.macho.BIND_OPCODE_SET_TYPE_IMM	2	const	BIND_OPCODE_SET_TYPE_IMM	0	
std.macho.BIND_OPCODE_SET_ADDEND_SLEB	2	const	BIND_OPCODE_SET_ADDEND_SLEB	0	
std.macho.BIND_OPCODE_SET_SEGMENT_AND_OFFSET_ULEB	2	const	BIND_OPCODE_SET_SEGMENT_AND_OFFSET_ULEB	0	
std.macho.BIND_OPCODE_ADD_ADDR_ULEB	2	const	BIND_OPCODE_ADD_ADDR_ULEB	0	
std.macho.BIND_OPCODE_DO_BIND	2	const	BIND_OPCODE_DO_BIND	0	
std.macho.BIND_OPCODE_DO_BIND_ADD_ADDR_ULEB	2	const	BIND_OPCODE_DO_BIND_ADD_ADDR_ULEB	0	
std.macho.BIND_OPCODE_DO_BIND_ADD_ADDR_IMM_SCALED	2	const	BIND_OPCODE_DO_BIND_ADD_ADDR_IMM_SCALED	0	
std.macho.BIND_OPCODE_DO_BIND_ULEB_TIMES_SKIPPING_ULEB	2	const	BIND_OPCODE_DO_BIND_ULEB_TIMES_SKIPPING_ULEB	0	
std.macho.reloc_type_x86_64	2	enum	reloc_type_x86_64	0	
std.macho.reloc_type_arm64	2	enum	reloc_type_arm64	0	
std.macho.REFERENCE_FLAG_UNDEFINED_NON_LAZY	2	const	REFERENCE_FLAG_UNDEFINED_NON_LAZY	0	
std.macho.REFERENCE_FLAG_UNDEFINED_LAZY	2	const	REFERENCE_FLAG_UNDEFINED_LAZY	0	
std.macho.REFERENCE_FLAG_DEFINED	2	const	REFERENCE_FLAG_DEFINED	0	
std.macho.REFERENCE_FLAG_PRIVATE_DEFINED	2	const	REFERENCE_FLAG_PRIVATE_DEFINED	0	
std.macho.REFERENCE_FLAG_PRIVATE_UNDEFINED_NON_LAZY	2	const	REFERENCE_FLAG_PRIVATE_UNDEFINED_NON_LAZY	0	
std.macho.REFERENCE_FLAG_PRIVATE_UNDEFINED_LAZY	2	const	REFERENCE_FLAG_PRIVATE_UNDEFINED_LAZY	0	
std.macho.REFERENCED_DYNAMICALLY	2	const	REFERENCED_DYNAMICALLY	0	
std.macho.N_NO_DEAD_STRIP	2	const	N_NO_DEAD_STRIP	0	
std.macho.N_DESC_DISCARDED	2	const	N_DESC_DISCARDED	0	
std.macho.N_WEAK_REF	2	const	N_WEAK_REF	0	
std.macho.N_WEAK_DEF	2	const	N_WEAK_DEF	0	
std.macho.N_SYMBOL_RESOLVER	2	const	N_SYMBOL_RESOLVER	0	
std.macho.EXPORT_SYMBOL_FLAGS_KIND_MASK	2	const	EXPORT_SYMBOL_FLAGS_KIND_MASK	0	
std.macho.EXPORT_SYMBOL_FLAGS_KIND_REGULAR	2	const	EXPORT_SYMBOL_FLAGS_KIND_REGULAR	0	
std.macho.EXPORT_SYMBOL_FLAGS_KIND_THREAD_LOCAL	2	const	EXPORT_SYMBOL_FLAGS_KIND_THREAD_LOCAL	0	
std.macho.EXPORT_SYMBOL_FLAGS_KIND_ABSOLUTE	2	const	EXPORT_SYMBOL_FLAGS_KIND_ABSOLUTE	0	
std.macho.EXPORT_SYMBOL_FLAGS_WEAK_DEFINITION	2	const	EXPORT_SYMBOL_FLAGS_WEAK_DEFINITION	0	
std.macho.EXPORT_SYMBOL_FLAGS_REEXPORT	2	const	EXPORT_SYMBOL_FLAGS_REEXPORT	0	
std.macho.EXPORT_SYMBOL_FLAGS_STUB_AND_RESOLVER	2	const	EXPORT_SYMBOL_FLAGS_STUB_AND_RESOLVER	0	
std.macho.INDIRECT_SYMBOL_LOCAL	2	const	INDIRECT_SYMBOL_LOCAL	0	
std.macho.INDIRECT_SYMBOL_ABS	2	const	INDIRECT_SYMBOL_ABS	0	
std.macho.CSMAGIC_REQUIREMENT	2	const	CSMAGIC_REQUIREMENT	0	
std.macho.CSMAGIC_REQUIREMENTS	2	const	CSMAGIC_REQUIREMENTS	0	
std.macho.CSMAGIC_CODEDIRECTORY	2	const	CSMAGIC_CODEDIRECTORY	0	
std.macho.CSMAGIC_EMBEDDED_SIGNATURE	2	const	CSMAGIC_EMBEDDED_SIGNATURE	0	
std.macho.CSMAGIC_EMBEDDED_SIGNATURE_OLD	2	const	CSMAGIC_EMBEDDED_SIGNATURE_OLD	0	
std.macho.CSMAGIC_EMBEDDED_ENTITLEMENTS	2	const	CSMAGIC_EMBEDDED_ENTITLEMENTS	0	
std.macho.CSMAGIC_EMBEDDED_DER_ENTITLEMENTS	2	const	CSMAGIC_EMBEDDED_DER_ENTITLEMENTS	0	
std.macho.CSMAGIC_DETACHED_SIGNATURE	2	const	CSMAGIC_DETACHED_SIGNATURE	0	
std.macho.CSMAGIC_BLOBWRAPPER	2	const	CSMAGIC_BLOBWRAPPER	0	
std.macho.CS_SUPPORTSSCATTER	2	const	CS_SUPPORTSSCATTER	0	
std.macho.CS_SUPPORTSTEAMID	2	const	CS_SUPPORTSTEAMID	0	
std.macho.CS_SUPPORTSCODELIMIT64	2	const	CS_SUPPORTSCODELIMIT64	0	
std.macho.CS_SUPPORTSEXECSEG	2	const	CS_SUPPORTSEXECSEG	0	
std.macho.CSSLOT_CODEDIRECTORY	2	const	CSSLOT_CODEDIRECTORY	0	
std.macho.CSSLOT_INFOSLOT	2	const	CSSLOT_INFOSLOT	0	
std.macho.CSSLOT_REQUIREMENTS	2	const	CSSLOT_REQUIREMENTS	0	
std.macho.CSSLOT_RESOURCEDIR	2	const	CSSLOT_RESOURCEDIR	0	
std.macho.CSSLOT_APPLICATION	2	const	CSSLOT_APPLICATION	0	
std.macho.CSSLOT_ENTITLEMENTS	2	const	CSSLOT_ENTITLEMENTS	0	
std.macho.CSSLOT_DER_ENTITLEMENTS	2	const	CSSLOT_DER_ENTITLEMENTS	0	
std.macho.CSSLOT_ALTERNATE_CODEDIRECTORIES	2	const	CSSLOT_ALTERNATE_CODEDIRECTORIES	0	
std.macho.CSSLOT_ALTERNATE_CODEDIRECTORY_MAX	2	const	CSSLOT_ALTERNATE_CODEDIRECTORY_MAX	0	
std.macho.CSSLOT_ALTERNATE_CODEDIRECTORY_LIMIT	2	const	CSSLOT_ALTERNATE_CODEDIRECTORY_LIMIT	0	
std.macho.CSSLOT_SIGNATURESLOT	2	const	CSSLOT_SIGNATURESLOT	0	
std.macho.CSSLOT_IDENTIFICATIONSLOT	2	const	CSSLOT_IDENTIFICATIONSLOT	0	
std.macho.CSSLOT_TICKETSLOT	2	const	CSSLOT_TICKETSLOT	0	
std.macho.CSTYPE_INDEX_REQUIREMENTS	2	const	CSTYPE_INDEX_REQUIREMENTS	0	
std.macho.CSTYPE_INDEX_ENTITLEMENTS	2	const	CSTYPE_INDEX_ENTITLEMENTS	0	
std.macho.CS_HASHTYPE_SHA1	2	const	CS_HASHTYPE_SHA1	0	
std.macho.CS_HASHTYPE_SHA256	2	const	CS_HASHTYPE_SHA256	0	
std.macho.CS_HASHTYPE_SHA256_TRUNCATED	2	const	CS_HASHTYPE_SHA256_TRUNCATED	0	
std.macho.CS_HASHTYPE_SHA384	2	const	CS_HASHTYPE_SHA384	0	
std.macho.CS_SHA1_LEN	2	const	CS_SHA1_LEN	0	
std.macho.CS_SHA256_LEN	2	const	CS_SHA256_LEN	0	
std.macho.CS_SHA256_TRUNCATED_LEN	2	const	CS_SHA256_TRUNCATED_LEN	0	
std.macho.CS_CDHASH_LEN	2	const	CS_CDHASH_LEN	0	
std.macho.CS_HASH_MAX_SIZE	2	const	CS_HASH_MAX_SIZE	0	
std.macho.CS_SIGNER_TYPE_UNKNOWN	2	const	CS_SIGNER_TYPE_UNKNOWN	0	
std.macho.CS_SIGNER_TYPE_LEGACYVPN	2	const	CS_SIGNER_TYPE_LEGACYVPN	0	
std.macho.CS_SIGNER_TYPE_MAC_APP_STORE	2	const	CS_SIGNER_TYPE_MAC_APP_STORE	0	
std.macho.CS_ADHOC	2	const	CS_ADHOC	0	
std.macho.CS_LINKER_SIGNED	2	const	CS_LINKER_SIGNED	0	
std.macho.CS_EXECSEG_MAIN_BINARY	2	const	CS_EXECSEG_MAIN_BINARY	0	
std.macho.CodeDirectory	2	struct	CodeDirectory	0	
std.macho.BlobIndex	2	struct	BlobIndex	0	
std.macho.SuperBlob	2	struct	SuperBlob	0	
std.macho.GenericBlob	2	struct	GenericBlob	0	
std.macho.data_in_code_entry	2	struct	data_in_code_entry	0	
std.macho.LoadCommandIterator	2	struct	LoadCommandIterator	3	
std.macho.LoadCommandIterator.LoadCommand	3	struct	LoadCommand	5	
std.macho.LoadCommandIterator.LoadCommand.cast	4	fn	cast	0	2
std.macho.LoadCommandIterator.LoadCommand.getSections	4	fn	getSections	0	1
std.macho.LoadCommandIterator.LoadCommand.getDylibPathName	4	fn	getDylibPathName	0	1
std.macho.LoadCommandIterator.LoadCommand.getRpathPathName	4	fn	getRpathPathName	0	1
std.macho.LoadCommandIterator.LoadCommand.getBuildVersionTools	4	fn	getBuildVersionTools	0	1
std.macho.LoadCommandIterator.next	3	fn	next	0	1
std.macho.LoadCommandIterator.init	3	fn	init	0	2
std.macho.compact_unwind_encoding_t	2	alias	compact_unwind_encoding_t	0	u32
std.macho.compact_unwind_entry	2	struct	compact_unwind_entry	0	
std.macho.UNWIND_SECTION_VERSION	2	const	UNWIND_SECTION_VERSION	0	
std.macho.unwind_info_section_header	2	struct	unwind_info_section_header	0	
std.macho.unwind_info_section_header_index_entry	2	struct	unwind_info_section_header_index_entry	0	
std.macho.unwind_info_section_header_lsda_index_entry	2	struct	unwind_info_section_header_lsda_index_entry	0	
std.macho.unwind_info_regular_second_level_entry	2	struct	unwind_info_regular_second_level_entry	0	
std.macho.UNWIND_SECOND_LEVEL	2	enum	UNWIND_SECOND_LEVEL	0	
std.macho.unwind_info_regular_second_level_page_header	2	struct	unwind_info_regular_second_level_page_header	0	
std.macho.unwind_info_compressed_second_level_page_header	2	struct	unwind_info_compressed_second_level_page_header	0	
std.macho.UnwindInfoCompressedEntry	2	struct	UnwindInfoCompressedEntry	0	
std.macho.UNWIND_IS_NOT_FUNCTION_START	2	const	UNWIND_IS_NOT_FUNCTION_START	0	
std.macho.UNWIND_HAS_LSDA	2	const	UNWIND_HAS_LSDA	0	
std.macho.UNWIND_PERSONALITY_MASK	2	const	UNWIND_PERSONALITY_MASK	0	
std.macho.UNWIND_X86_64_MODE_MASK	2	const	UNWIND_X86_64_MODE_MASK	0	
std.macho.UNWIND_X86_64_MODE	2	enum	UNWIND_X86_64_MODE	0	
std.macho.UNWIND_X86_64_RBP_FRAME_REGISTERS	2	const	UNWIND_X86_64_RBP_FRAME_REGISTERS	0	
std.macho.UNWIND_X86_64_RBP_FRAME_OFFSET	2	const	UNWIND_X86_64_RBP_FRAME_OFFSET	0	
std.macho.UNWIND_X86_64_FRAMELESS_STACK_SIZE	2	const	UNWIND_X86_64_FRAMELESS_STACK_SIZE	0	
std.macho.UNWIND_X86_64_FRAMELESS_STACK_ADJUST	2	const	UNWIND_X86_64_FRAMELESS_STACK_ADJUST	0	
std.macho.UNWIND_X86_64_FRAMELESS_STACK_REG_COUNT	2	const	UNWIND_X86_64_FRAMELESS_STACK_REG_COUNT	0	
std.macho.UNWIND_X86_64_FRAMELESS_STACK_REG_PERMUTATION	2	const	UNWIND_X86_64_FRAMELESS_STACK_REG_PERMUTATION	0	
std.macho.UNWIND_X86_64_DWARF_SECTION_OFFSET	2	const	UNWIND_X86_64_DWARF_SECTION_OFFSET	0	
std.macho.UNWIND_X86_64_REG	2	enum	UNWIND_X86_64_REG	0	
std.macho.UNWIND_ARM64_MODE_MASK	2	const	UNWIND_ARM64_MODE_MASK	0	
std.macho.UNWIND_ARM64_MODE	2	enum	UNWIND_ARM64_MODE	0	
std.macho.UNWIND_ARM64_FRAME_X19_X20_PAIR	2	const	UNWIND_ARM64_FRAME_X19_X20_PAIR	0	
std.macho.UNWIND_ARM64_FRAME_X21_X22_PAIR	2	const	UNWIND_ARM64_FRAME_X21_X22_PAIR	0	
std.macho.UNWIND_ARM64_FRAME_X23_X24_PAIR	2	const	UNWIND_ARM64_FRAME_X23_X24_PAIR	0	
std.macho.UNWIND_ARM64_FRAME_X25_X26_PAIR	2	const	UNWIND_ARM64_FRAME_X25_X26_PAIR	0	
std.macho.UNWIND_ARM64_FRAME_X27_X28_PAIR	2	const	UNWIND_ARM64_FRAME_X27_X28_PAIR	0	
std.macho.UNWIND_ARM64_FRAME_D8_D9_PAIR	2	const	UNWIND_ARM64_FRAME_D8_D9_PAIR	0	
std.macho.UNWIND_ARM64_FRAME_D10_D11_PAIR	2	const	UNWIND_ARM64_FRAME_D10_D11_PAIR	0	
std.macho.UNWIND_ARM64_FRAME_D12_D13_PAIR	2	const	UNWIND_ARM64_FRAME_D12_D13_PAIR	0	
std.macho.UNWIND_ARM64_FRAME_D14_D15_PAIR	2	const	UNWIND_ARM64_FRAME_D14_D15_PAIR	0	
std.macho.UNWIND_ARM64_FRAMELESS_STACK_SIZE_MASK	2	const	UNWIND_ARM64_FRAMELESS_STACK_SIZE_MASK	0	
std.macho.UNWIND_ARM64_DWARF_SECTION_OFFSET	2	const	UNWIND_ARM64_DWARF_SECTION_OFFSET	0	
std.macho.CompactUnwindEncoding	2	struct	CompactUnwindEncoding	0	
std.math	1	ns	math	140	math.zig
std.math.e	2	const	e	0	
std.math.pi	2	const	pi	0	
std.math.phi	2	const	phi	0	
std.math.tau	2	const	tau	0	
std.math.log2e	2	const	log2e	0	
std.math.log10e	2	const	log10e	0	
std.math.ln2	2	const	ln2	0	
std.math.ln10	2	const	ln10	0	
std.math.two_sqrtpi	2	const	two_sqrtpi	0	
std.math.sqrt2	2	const	sqrt2	0	
std.math.sqrt1_2	2	const	sqrt1_2	0	
std.math.rad_per_deg	2	const	rad_per_deg	0	
std.math.deg_per_rad	2	const	deg_per_rad	0	
std.math.Sign	2	enum	Sign	0	
std.math.FloatRepr	2	alias	FloatRepr	0	float.FloatRepr
std.math.floatExponentBits	2	alias	floatExponentBits	0	float.floatExponentBits
std.math.floatMantissaBits	2	alias	floatMantissaBits	0	float.floatMantissaBits
std.math.floatFractionalBits	2	alias	floatFractionalBits	0	float.floatFractionalBits
std.math.floatExponentMin	2	alias	floatExponentMin	0	float.floatExponentMin
std.math.floatExponentMax	2	alias	floatExponentMax	0	float.floatExponentMax
std.math.floatTrueMin	2	alias	floatTrueMin	0	float.floatTrueMin
std.math.floatMin	2	alias	floatMin	0	float.floatMin
std.math.floatMax	2	alias	floatMax	0	float.floatMax
std.math.floatEps	2	alias	floatEps	0	float.floatEps
std.math.floatEpsAt	2	alias	floatEpsAt	0	float.floatEpsAt
std.math.inf	2	alias	inf	0	float.inf
std.math.nan	2	alias	nan	0	float.nan
std.math.snan	2	alias	snan	0	float.snan
std.math.approxEqAbs	2	fn	approxEqAbs	0	4
std.math.approxEqRel	2	fn	approxEqRel	0	4
std.math.raiseInvalid	2	fn	raiseInvalid	0	0
std.math.raiseUnderflow	2	fn	raiseUnderflow	0	0
std.math.raiseOverflow	2	fn	raiseOverflow	0	0
std.math.raiseInexact	2	fn	raiseInexact	0	0
std.math.raiseDivByZero	2	fn	raiseDivByZero	0	0
std.math.isNan	2	fn	isNan	0	1
std.math.isSignalNan	2	fn	isSignalNan	0	1
std.math.frexp	2	fn	frexp	0	1
std.math.Frexp	2	fn	Frexp	0	1
std.math.modf	2	fn	modf	0	1
std.math.Modf	2	fn	Modf	0	1
std.math.copysign	2	fn	copysign	0	2
std.math.isFinite	2	fn	isFinite	0	1
std.math.isInf	2	fn	isInf	0	1
std.math.isPositiveInf	2	fn	isPositiveInf	0	1
std.math.isNegativeInf	2	fn	isNegativeInf	0	1
std.math.isPositiveZero	2	fn	isPositiveZero	0	1
std.math.isNegativeZero	2	fn	isNegativeZero	0	1
std.math.isNormal	2	fn	isNormal	0	1
std.math.nextAfter	2	fn	nextAfter	0	3
std.math.signbit	2	fn	signbit	0	1
std.math.scalbn	2	fn	scalbn	0	2
std.math.ldexp	2	fn	ldexp	0	2
std.math.pow	2	fn	pow	0	3
std.math.powi	2	fn	powi	0	3
std.math.sqrt	2	fn	sqrt	0	1
std.math.cbrt	2	fn	cbrt	0	1
std.math.acos	2	fn	acos	0	1
std.math.asin	2	fn	asin	0	1
std.math.atan	2	fn	atan	0	1
std.math.atan2	2	fn	atan2	0	2
std.math.hypot	2	fn	hypot	0	2
std.math.expm1	2	fn	expm1	0	1
std.math.ilogb	2	fn	ilogb	0	1
std.math.log	2	fn	log	0	3
std.math.log2	2	fn	log2	0	1
std.math.log10	2	fn	log10	0	1
std.math.log10_int	2	fn	log10_int	0	1
std.math.log_int	2	fn	log_int	0	3
std.math.log1p	2	fn	log1p	0	1
std.math.asinh	2	fn	asinh	0	1
std.math.acosh	2	fn	acosh	0	1
std.math.atanh	2	fn	atanh	0	1
std.math.sinh	2	fn	sinh	0	1
std.math.cosh	2	fn	cosh	0	1
std.math.tanh	2	fn	tanh	0	1
std.math.gcd	2	fn	gcd	0	2
std.math.lcm	2	fn	lcm	0	2
std.math.gamma	2	fn	gamma	0	2
std.math.lgamma	2	fn	lgamma	0	2
std.math.sin	2	fn	sin	0	1
std.math.cos	2	fn	cos	0	1
std.math.tan	2	fn	tan	0	1
std.math.radiansToDegrees	2	fn	radiansToDegrees	0	1
std.math.degreesToRadians	2	fn	degreesToRadians	0	1
std.math.exp	2	fn	exp	0	1
std.math.exp2	2	fn	exp2	0	1
std.math.complex	2	ns	complex	21	math/complex.zig
std.math.complex.abs	3	fn	abs	0	1
std.math.complex.acosh	3	fn	acosh	0	1
std.math.complex.acos	3	fn	acos	0	1
std.math.complex.arg	3	fn	arg	0	1
std.math.complex.asinh	3	fn	asinh	0	1
std.math.complex.asin	3	fn	asin	0	1
std.math.complex.atanh	3	fn	atanh	0	1
std.math.complex.atan	3	fn	atan	0	1
std.math.complex.conj	3	fn	conj	0	1
std.math.complex.cosh	3	fn	cosh	0	1
std.math.complex.cos	3	fn	cos	0	1
std.math.complex.exp	3	fn	exp	0	1
std.math.complex.log	3	fn	log	0	1
std.math.complex.pow	3	fn	pow	0	2
std.math.complex.proj	3	fn	proj	0	1
std.math.complex.sinh	3	fn	sinh	0	1
std.math.complex.sin	3	fn	sin	0	1
std.math.complex.sqrt	3	fn	sqrt	0	1
std.math.complex.tanh	3	fn	tanh	0	1
std.math.complex.tan	3	fn	tan	0	1
std.math.complex.Complex	3	fn	Complex	0	1
std.math.Complex	2	alias	Complex	0	complex.Complex
std.math.big	2	ns	big	7	math/big.zig
std.math.big.int	3	ns	int	20	math/big/int.zig
std.math.big.int.calcLimbLen	4	fn	calcLimbLen	0	1
std.math.big.int.calcLog10LimbsBufferLen	4	fn	calcLog10LimbsBufferLen	0	1
std.math.big.int.calcToStringLimbsBufferLen	4	fn	calcToStringLimbsBufferLen	0	2
std.math.big.int.calcDivLimbsBufferLen	4	fn	calcDivLimbsBufferLen	0	2
std.math.big.int.calcMulLimbsBufferLen	4	fn	calcMulLimbsBufferLen	0	3
std.math.big.int.calcMulWrapLimbsBufferLen	4	fn	calcMulWrapLimbsBufferLen	0	4
std.math.big.int.calcSetStringLimbsBufferLen	4	fn	calcSetStringLimbsBufferLen	0	2
std.math.big.int.calcSetStringLimbCount	4	fn	calcSetStringLimbCount	0	2
std.math.big.int.calcPowLimbsBufferLen	4	fn	calcPowLimbsBufferLen	0	2
std.math.big.int.calcSqrtLimbsBufferLen	4	fn	calcSqrtLimbsBufferLen	0	1
std.math.big.int.calcNonZeroTwosCompLimbCount	4	fn	calcNonZeroTwosCompLimbCount	0	1
std.math.big.int.calcTwosCompLimbCount	4	fn	calcTwosCompLimbCount	0	1
std.math.big.int.addMulLimbWithCarry	4	fn	addMulLimbWithCarry	0	4
std.math.big.int.TwosCompIntLimit	4	enum	TwosCompIntLimit	0	
std.math.big.int.Round	4	enum	Round	0	
std.math.big.int.Exactness	4	enum	Exactness	0	
std.math.big.int.Mutable	4	struct	Mutable	52	
std.math.big.int.Mutable.toConst	5	fn	toConst	0	1
std.math.big.int.Mutable.ConvertError	5	alias	ConvertError	0	Const.ConvertError
std.math.big.int.Mutable.toInt	5	fn	toInt	0	2
std.math.big.int.Mutable.toFloat	5	fn	toFloat	0	3
std.math.big.int.Mutable.eqlZero	5	fn	eqlZero	0	1
std.math.big.int.Mutable.toManaged	5	fn	toManaged	0	2
std.math.big.int.Mutable.init	5	fn	init	0	2
std.math.big.int.Mutable.copy	5	fn	copy	0	2
std.math.big.int.Mutable.swap	5	fn	swap	0	2
std.math.big.int.Mutable.dump	5	fn	dump	0	1
std.math.big.int.Mutable.clone	5	fn	clone	0	2
std.math.big.int.Mutable.negate	5	fn	negate	0	1
std.math.big.int.Mutable.abs	5	fn	abs	0	1
std.math.big.int.Mutable.set	5	fn	set	0	2
std.math.big.int.Mutable.setString	5	fn	setString	0	3
std.math.big.int.Mutable.setTwosCompIntLimit	5	fn	setTwosCompIntLimit	0	4
std.math.big.int.Mutable.setFloat	5	fn	setFloat	0	3
std.math.big.int.Mutable.addScalar	5	fn	addScalar	0	3
std.math.big.int.Mutable.add	5	fn	add	0	3
std.math.big.int.Mutable.addWrap	5	fn	addWrap	0	5
std.math.big.int.Mutable.addSat	5	fn	addSat	0	5
std.math.big.int.Mutable.sub	5	fn	sub	0	3
std.math.big.int.Mutable.subWrap	5	fn	subWrap	0	5
std.math.big.int.Mutable.subSat	5	fn	subSat	0	5
std.math.big.int.Mutable.mul	5	fn	mul	0	5
std.math.big.int.Mutable.mulNoAlias	5	fn	mulNoAlias	0	4
std.math.big.int.Mutable.mulWrap	5	fn	mulWrap	0	7
std.math.big.int.Mutable.mulWrapNoAlias	5	fn	mulWrapNoAlias	0	6
std.math.big.int.Mutable.bitReverse	5	fn	bitReverse	0	4
std.math.big.int.Mutable.byteSwap	5	fn	byteSwap	0	4
std.math.big.int.Mutable.popCount	5	fn	popCount	0	3
std.math.big.int.Mutable.sqrNoAlias	5	fn	sqrNoAlias	0	3
std.math.big.int.Mutable.divFloor	5	fn	divFloor	0	5
std.math.big.int.Mutable.divTrunc	5	fn	divTrunc	0	5
std.math.big.int.Mutable.shiftLeft	5	fn	shiftLeft	0	3
std.math.big.int.Mutable.shiftLeftSat	5	fn	shiftLeftSat	0	5
std.math.big.int.Mutable.shiftRight	5	fn	shiftRight	0	3
std.math.big.int.Mutable.bitNotWrap	5	fn	bitNotWrap	0	4
std.math.big.int.Mutable.bitOr	5	fn	bitOr	0	3
std.math.big.int.Mutable.bitAnd	5	fn	bitAnd	0	3
std.math.big.int.Mutable.bitXor	5	fn	bitXor	0	3
std.math.big.int.Mutable.gcd	5	fn	gcd	0	4
std.math.big.int.Mutable.pow	5	fn	pow	0	4
std.math.big.int.Mutable.sqrt	5	fn	sqrt	0	3
std.math.big.int.Mutable.gcdNoAlias	5	fn	gcdNoAlias	0	4
std.math.big.int.Mutable.truncate	5	fn	truncate	0	4
std.math.big.int.Mutable.saturate	5	fn	saturate	0	4
std.math.big.int.Mutable.readTwosComplement	5	fn	readTwosComplement	0	5
std.math.big.int.Mutable.readPackedTwosComplement	5	fn	readPackedTwosComplement	0	6
std.math.big.int.Mutable.normalize	5	fn	normalize	0	2
std.math.big.int.Mutable.format	5	fn	format	0	2
std.math.big.int.Mutable.formatNumber	5	fn	formatNumber	0	3
std.math.big.int.Const	4	struct	Const	34	
std.math.big.int.Const.toManaged	5	fn	toManaged	0	2
std.math.big.int.Const.toMutable	5	fn	toMutable	0	2
std.math.big.int.Const.dump	5	fn	dump	0	1
std.math.big.int.Const.abs	5	fn	abs	0	1
std.math.big.int.Const.negate	5	fn	negate	0	1
std.math.big.int.Const.isOdd	5	fn	isOdd	0	1
std.math.big.int.Const.isEven	5	fn	isEven	0	1
std.math.big.int.Const.bitCountAbs	5	fn	bitCountAbs	0	1
std.math.big.int.Const.bitCountTwosComp	5	fn	bitCountTwosComp	0	1
std.math.big.int.Const.bitCountTwosCompForSignedness	5	fn	bitCountTwosCompForSignedness	0	2
std.math.big.int.Const.popCount	5	fn	popCount	0	2
std.math.big.int.Const.fitsInTwosComp	5	fn	fitsInTwosComp	0	3
std.math.big.int.Const.fits	5	fn	fits	0	2
std.math.big.int.Const.sizeInBaseUpperBound	5	fn	sizeInBaseUpperBound	0	2
std.math.big.int.Const.ConvertError	5	const	ConvertError	0	
std.math.big.int.Const.toInt	5	fn	toInt	0	2
std.math.big.int.Const.toFloat	5	fn	toFloat	0	3
std.math.big.int.Const.format	5	fn	format	0	2
std.math.big.int.Const.formatNumber	5	fn	formatNumber	0	3
std.math.big.int.Const.toStringAlloc	5	fn	toStringAlloc	0	4
std.math.big.int.Const.toString	5	fn	toString	0	5
std.math.big.int.Const.writeTwosComplement	5	fn	writeTwosComplement	0	3
std.math.big.int.Const.writePackedTwosComplement	5	fn	writePackedTwosComplement	0	5
std.math.big.int.Const.orderAbs	5	fn	orderAbs	0	2
std.math.big.int.Const.order	5	fn	order	0	2
std.math.big.int.Const.orderAgainstScalar	5	fn	orderAgainstScalar	0	2
std.math.big.int.Const.eqlZero	5	fn	eqlZero	0	1
std.math.big.int.Const.eqlAbs	5	fn	eqlAbs	0	2
std.math.big.int.Const.eql	5	fn	eql	0	2
std.math.big.int.Const.clz	5	fn	clz	0	2
std.math.big.int.Const.ctz	5	fn	ctz	0	2
std.math.big.int.Const.log2	5	fn	log2	0	1
std.math.big.int.Const.log10Alloc	5	fn	log10Alloc	0	2
std.math.big.int.Const.log10	5	fn	log10	0	2
std.math.big.int.Managed	4	struct	Managed	72	
std.math.big.int.Managed.sign_bit	5	const	sign_bit	0	
std.math.big.int.Managed.default_capacity	5	const	default_capacity	0	
std.math.big.int.Managed.init	5	fn	init	0	1
std.math.big.int.Managed.toMutable	5	fn	toMutable	0	1
std.math.big.int.Managed.toConst	5	fn	toConst	0	1
std.math.big.int.Managed.initSet	5	fn	initSet	0	2
std.math.big.int.Managed.initCapacity	5	fn	initCapacity	0	2
std.math.big.int.Managed.len	5	fn	len	0	1
std.math.big.int.Managed.isPositive	5	fn	isPositive	0	1
std.math.big.int.Managed.setSign	5	fn	setSign	0	2
std.math.big.int.Managed.setLen	5	fn	setLen	0	2
std.math.big.int.Managed.setMetadata	5	fn	setMetadata	0	3
std.math.big.int.Managed.ensureCapacity	5	fn	ensureCapacity	0	2
std.math.big.int.Managed.deinit	5	fn	deinit	0	1
std.math.big.int.Managed.clone	5	fn	clone	0	1
std.math.big.int.Managed.cloneWithDifferentAllocator	5	fn	cloneWithDifferentAllocator	0	2
std.math.big.int.Managed.copy	5	fn	copy	0	2
std.math.big.int.Managed.swap	5	fn	swap	0	2
std.math.big.int.Managed.dump	5	fn	dump	0	1
std.math.big.int.Managed.negate	5	fn	negate	0	1
std.math.big.int.Managed.abs	5	fn	abs	0	1
std.math.big.int.Managed.isOdd	5	fn	isOdd	0	1
std.math.big.int.Managed.isEven	5	fn	isEven	0	1
std.math.big.int.Managed.bitCountAbs	5	fn	bitCountAbs	0	1
std.math.big.int.Managed.bitCountTwosComp	5	fn	bitCountTwosComp	0	1
std.math.big.int.Managed.fitsInTwosComp	5	fn	fitsInTwosComp	0	3
std.math.big.int.Managed.fits	5	fn	fits	0	2
std.math.big.int.Managed.sizeInBaseUpperBound	5	fn	sizeInBaseUpperBound	0	2
std.math.big.int.Managed.set	5	fn	set	0	2
std.math.big.int.Managed.ConvertError	5	alias	ConvertError	0	Const.ConvertError
std.math.big.int.Managed.toInt	5	fn	toInt	0	2
std.math.big.int.Managed.toFloat	5	fn	toFloat	0	3
std.math.big.int.Managed.setString	5	fn	setString	0	3
std.math.big.int.Managed.setTwosCompIntLimit	5	fn	setTwosCompIntLimit	0	4
std.math.big.int.Managed.toString	5	fn	toString	0	4
std.math.big.int.Managed.format	5	fn	format	0	2
std.math.big.int.Managed.formatNumber	5	fn	formatNumber	0	3
std.math.big.int.Managed.orderAbs	5	fn	orderAbs	0	2
std.math.big.int.Managed.order	5	fn	order	0	2
std.math.big.int.Managed.eqlZero	5	fn	eqlZero	0	1
std.math.big.int.Managed.eqlAbs	5	fn	eqlAbs	0	2
std.math.big.int.Managed.eql	5	fn	eql	0	2
std.math.big.int.Managed.normalize	5	fn	normalize	0	2
std.math.big.int.Managed.addScalar	5	fn	addScalar	0	3
std.math.big.int.Managed.add	5	fn	add	0	3
std.math.big.int.Managed.addWrap	5	fn	addWrap	0	5
std.math.big.int.Managed.addSat	5	fn	addSat	0	5
std.math.big.int.Managed.sub	5	fn	sub	0	3
std.math.big.int.Managed.subWrap	5	fn	subWrap	0	5
std.math.big.int.Managed.subSat	5	fn	subSat	0	5
std.math.big.int.Managed.mul	5	fn	mul	0	3
std.math.big.int.Managed.mulWrap	5	fn	mulWrap	0	5
std.math.big.int.Managed.ensureTwosCompCapacity	5	fn	ensureTwosCompCapacity	0	2
std.math.big.int.Managed.ensureAddScalarCapacity	5	fn	ensureAddScalarCapacity	0	3
std.math.big.int.Managed.ensureAddCapacity	5	fn	ensureAddCapacity	0	3
std.math.big.int.Managed.ensureMulCapacity	5	fn	ensureMulCapacity	0	3
std.math.big.int.Managed.divFloor	5	fn	divFloor	0	4
std.math.big.int.Managed.divTrunc	5	fn	divTrunc	0	4
std.math.big.int.Managed.shiftLeft	5	fn	shiftLeft	0	3
std.math.big.int.Managed.shiftLeftSat	5	fn	shiftLeftSat	0	5
std.math.big.int.Managed.shiftRight	5	fn	shiftRight	0	3
std.math.big.int.Managed.bitNotWrap	5	fn	bitNotWrap	0	4
std.math.big.int.Managed.bitOr	5	fn	bitOr	0	3
std.math.big.int.Managed.bitAnd	5	fn	bitAnd	0	3
std.math.big.int.Managed.bitXor	5	fn	bitXor	0	3
std.math.big.int.Managed.gcd	5	fn	gcd	0	3
std.math.big.int.Managed.sqr	5	fn	sqr	0	2
std.math.big.int.Managed.pow	5	fn	pow	0	3
std.math.big.int.Managed.sqrt	5	fn	sqrt	0	2
std.math.big.int.Managed.truncate	5	fn	truncate	0	4
std.math.big.int.Managed.saturate	5	fn	saturate	0	4
std.math.big.int.Managed.popCount	5	fn	popCount	0	3
std.math.big.int.llcmp	4	fn	llcmp	0	2
std.math.big.Limb	3	alias	Limb	0	usize
std.math.big.SignedLimb	3	const	SignedLimb	0	
std.math.big.DoubleLimb	3	const	DoubleLimb	0	
std.math.big.HalfLimb	3	const	HalfLimb	0	
std.math.big.SignedDoubleLimb	3	const	SignedDoubleLimb	0	
std.math.big.Log2Limb	3	const	Log2Limb	0	
std.math.Min	2	fn	Min	0	2
std.math.wrap	2	fn	wrap	0	2
std.math.clamp	2	fn	clamp	0	3
std.math.mul	2	fn	mul	0	3
std.math.add	2	fn	add	0	3
std.math.sub	2	fn	sub	0	3
std.math.negate	2	fn	negate	0	1
std.math.shlExact	2	fn	shlExact	0	3
std.math.shl	2	fn	shl	0	3
std.math.shr	2	fn	shr	0	3
std.math.rotr	2	fn	rotr	0	3
std.math.rotl	2	fn	rotl	0	3
std.math.Log2Int	2	fn	Log2Int	0	1
std.math.Log2IntCeil	2	fn	Log2IntCeil	0	1
std.math.IntFittingRange	2	fn	IntFittingRange	0	2
std.math.divTrunc	2	fn	divTrunc	0	3
std.math.divFloor	2	fn	divFloor	0	3
std.math.divCeil	2	fn	divCeil	0	3
std.math.divExact	2	fn	divExact	0	3
std.math.mod	2	fn	mod	0	3
std.math.rem	2	fn	rem	0	3
std.math.negateCast	2	fn	negateCast	0	1
std.math.cast	2	fn	cast	0	2
std.math.AlignCastError	2	const	AlignCastError	0	
std.math.alignCast	2	fn	alignCast	0	2
std.math.isPowerOfTwo	2	fn	isPowerOfTwo	0	1
std.math.ByteAlignedInt	2	fn	ByteAlignedInt	0	1
std.math.round	2	fn	round	0	1
std.math.trunc	2	fn	trunc	0	1
std.math.floor	2	fn	floor	0	1
std.math.floorPowerOfTwo	2	fn	floorPowerOfTwo	0	2
std.math.ceil	2	fn	ceil	0	1
std.math.ceilPowerOfTwoPromote	2	fn	ceilPowerOfTwoPromote	0	2
std.math.ceilPowerOfTwo	2	fn	ceilPowerOfTwo	0	2
std.math.ceilPowerOfTwoAssert	2	fn	ceilPowerOfTwoAssert	0	2
std.math.log2_int	2	fn	log2_int	0	2
std.math.log2_int_ceil	2	fn	log2_int_ceil	0	2
std.math.lossyCast	2	fn	lossyCast	0	2
std.math.lerp	2	fn	lerp	0	3
std.math.maxInt	2	fn	maxInt	0	1
std.math.minInt	2	fn	minInt	0	1
std.math.mulWide	2	fn	mulWide	0	3
std.math.Order	2	enum	Order	3	
std.math.Order.invert	3	fn	invert	0	1
std.math.Order.differ	3	fn	differ	0	1
std.math.Order.compare	3	fn	compare	0	2
std.math.order	2	fn	order	0	2
std.math.CompareOperator	2	enum	CompareOperator	1	
std.math.CompareOperator.reverse	3	fn	reverse	0	1
std.math.compare	2	fn	compare	0	3
std.math.boolMask	2	fn	boolMask	0	2
std.math.comptimeMod	2	fn	comptimeMod	0	2
std.math.F80	2	struct	F80	2	
std.math.F80.toFloat	3	fn	toFloat	0	1
std.math.F80.fromFloat	3	fn	fromFloat	0	1
std.math.sign	2	fn	sign	0	1
std.mem	1	ns	mem	153	mem.zig
std.mem.byte_size_in_bits	2	const	byte_size_in_bits	0	
std.mem.Allocator	2	ns	Allocator	28	mem/Allocator.zig
std.mem.Allocator.Error	3	const	Error	0	
std.mem.Allocator.Log2Align	3	const	Log2Align	0	
std.mem.Allocator.VTable	3	struct	VTable	0	
std.mem.Allocator.noAlloc	3	fn	noAlloc	0	4
std.mem.Allocator.noResize	3	fn	noResize	0	5
std.mem.Allocator.noRemap	3	fn	noRemap	0	5
std.mem.Allocator.noFree	3	fn	noFree	0	4
std.mem.Allocator.rawAlloc	3	fn	rawAlloc	0	4
std.mem.Allocator.rawResize	3	fn	rawResize	0	5
std.mem.Allocator.rawRemap	3	fn	rawRemap	0	5
std.mem.Allocator.rawFree	3	fn	rawFree	0	4
std.mem.Allocator.create	3	fn	create	0	2
std.mem.Allocator.destroy	3	fn	destroy	0	2
std.mem.Allocator.alloc	3	fn	alloc	0	3
std.mem.Allocator.allocWithOptions	3	fn	allocWithOptions	0	5
std.mem.Allocator.allocWithOptionsRetAddr	3	fn	allocWithOptionsRetAddr	0	6
std.mem.Allocator.allocSentinel	3	fn	allocSentinel	0	4
std.mem.Allocator.alignedAlloc	3	fn	alignedAlloc	0	4
std.mem.Allocator.allocAdvancedWithRetAddr	3	fn	allocAdvancedWithRetAddr	0	5
std.mem.Allocator.resize	3	fn	resize	0	3
std.mem.Allocator.remap	3	fn	remap	0	3
std.mem.Allocator.realloc	3	fn	realloc	0	3
std.mem.Allocator.reallocAdvanced	3	fn	reallocAdvanced	0	4
std.mem.Allocator.free	3	fn	free	0	2
std.mem.Allocator.dupe	3	fn	dupe	0	3
std.mem.Allocator.dupeZ	3	fn	dupeZ	0	3
std.mem.Allocator.dupeSentinel	3	fn	dupeSentinel	0	4
std.mem.Allocator.failing	3	const	failing	0	
std.mem.Alignment	2	enum	Alignment	11	
std.mem.Alignment.toByteUnits	3	fn	toByteUnits	0	1
std.mem.Alignment.fromByteUnits	3	fn	fromByteUnits	0	1
std.mem.Alignment.fromByteUnitsOptional	3	fn	fromByteUnitsOptional	0	1
std.mem.Alignment.of	3	fn	of	0	1
std.mem.Alignment.order	3	fn	order	0	2
std.mem.Alignment.compare	3	fn	compare	0	3
std.mem.Alignment.max	3	fn	max	0	2
std.mem.Alignment.min	3	fn	min	0	2
std.mem.Alignment.forward	3	fn	forward	0	2
std.mem.Alignment.backward	3	fn	backward	0	2
std.mem.Alignment.check	3	fn	check	0	2
std.mem.ValidationAllocator	2	fn	ValidationAllocator	0	1
std.mem.validationWrap	2	fn	validationWrap	0	1
std.mem.copyForwards	2	fn	copyForwards	0	3
std.mem.copyBackwards	2	fn	copyBackwards	0	3
std.mem.zeroes	2	fn	zeroes	0	1
std.mem.zeroInit	2	fn	zeroInit	0	2
std.mem.sort	2	fn	sort	0	4
std.mem.sortUnstable	2	fn	sortUnstable	0	4
std.mem.sortContext	2	fn	sortContext	0	3
std.mem.sortUnstableContext	2	fn	sortUnstableContext	0	3
std.mem.order	2	fn	order	0	3
std.mem.orderZ	2	fn	orderZ	0	3
std.mem.boundedOrderZ	2	fn	boundedOrderZ	0	4
std.mem.lessThan	2	fn	lessThan	0	3
std.mem.eql	2	fn	eql	0	3
std.mem.indexOfDiff	2	alias	indexOfDiff	0	findDiff
std.mem.findDiff	2	fn	findDiff	0	3
std.mem.span	2	fn	span	0	1
std.mem.sliceTo	2	fn	sliceTo	0	2
std.mem.len	2	fn	len	0	1
std.mem.indexOfSentinel	2	alias	indexOfSentinel	0	findSentinel
std.mem.findSentinel	2	fn	findSentinel	0	3
std.mem.allEqual	2	fn	allEqual	0	3
std.mem.trimStart	2	fn	trimStart	0	3
std.mem.trimEnd	2	fn	trimEnd	0	3
std.mem.trim	2	fn	trim	0	3
std.mem.indexOfScalar	2	alias	indexOfScalar	0	findScalar
std.mem.findScalar	2	fn	findScalar	0	3
std.mem.lastIndexOfScalar	2	alias	lastIndexOfScalar	0	findScalarLast
std.mem.findScalarLast	2	fn	findScalarLast	0	3
std.mem.indexOfScalarPos	2	alias	indexOfScalarPos	0	findScalarPos
std.mem.findScalarPos	2	fn	findScalarPos	0	4
std.mem.indexOfAny	2	alias	indexOfAny	0	findAny
std.mem.findAny	2	fn	findAny	0	3
std.mem.lastIndexOfAny	2	alias	lastIndexOfAny	0	findLastAny
std.mem.findLastAny	2	fn	findLastAny	0	3
std.mem.indexOfAnyPos	2	alias	indexOfAnyPos	0	findAnyPos
std.mem.findAnyPos	2	fn	findAnyPos	0	4
std.mem.indexOfNone	2	alias	indexOfNone	0	findNone
std.mem.findNone	2	fn	findNone	0	3
std.mem.lastIndexOfNone	2	alias	lastIndexOfNone	0	findLastNone
std.mem.findLastNone	2	fn	findLastNone	0	3
std.mem.indexOfNonePos	2	alias	indexOfNonePos	0	findNonePos
std.mem.findNonePos	2	fn	findNonePos	0	4
std.mem.indexOf	2	alias	indexOf	0	find
std.mem.find	2	fn	find	0	3
std.mem.lastIndexOfLinear	2	alias	lastIndexOfLinear	0	findLastLinear
std.mem.findLastLinear	2	fn	findLastLinear	0	3
std.mem.indexOfPosLinear	2	alias	indexOfPosLinear	0	findPosLinear
std.mem.findPosLinear	2	fn	findPosLinear	0	4
std.mem.lastIndexOf	2	alias	lastIndexOf	0	findLast
std.mem.findLast	2	fn	findLast	0	3
std.mem.indexOfPos	2	alias	indexOfPos	0	findPos
std.mem.findPos	2	fn	findPos	0	4
std.mem.count	2	fn	count	0	3
std.mem.countScalar	2	fn	countScalar	0	3
std.mem.containsAtLeast	2	fn	containsAtLeast	0	4
std.mem.containsAtLeastScalar	2	fn	containsAtLeastScalar	0	4
std.mem.containsAtLeastScalar2	2	fn	containsAtLeastScalar2	0	4
std.mem.readVarInt	2	fn	readVarInt	0	3
std.mem.readVarPackedInt	2	fn	readVarPackedInt	0	6
std.mem.readInt	2	fn	readInt	0	3
std.mem.readPackedIntNative	2	const	readPackedIntNative	0	
std.mem.readPackedIntForeign	2	const	readPackedIntForeign	0	
std.mem.readPackedInt	2	fn	readPackedInt	0	4
std.mem.writeInt	2	fn	writeInt	0	4
std.mem.writePackedIntNative	2	const	writePackedIntNative	0	
std.mem.writePackedIntForeign	2	const	writePackedIntForeign	0	
std.mem.writePackedInt	2	fn	writePackedInt	0	5
std.mem.writeVarPackedInt	2	fn	writeVarPackedInt	0	5
std.mem.byteSwapAllFields	2	fn	byteSwapAllFields	0	2
std.mem.byteSwapAllFieldsAligned	2	fn	byteSwapAllFieldsAligned	0	3
std.mem.byteSwapAllElements	2	fn	byteSwapAllElements	0	2
std.mem.tokenizeAny	2	fn	tokenizeAny	0	3
std.mem.tokenizeSequence	2	fn	tokenizeSequence	0	3
std.mem.tokenizeScalar	2	fn	tokenizeScalar	0	3
std.mem.splitSequence	2	fn	splitSequence	0	3
std.mem.splitAny	2	fn	splitAny	0	3
std.mem.splitScalar	2	fn	splitScalar	0	3
std.mem.splitBackwardsSequence	2	fn	splitBackwardsSequence	0	3
std.mem.splitBackwardsAny	2	fn	splitBackwardsAny	0	3
std.mem.splitBackwardsScalar	2	fn	splitBackwardsScalar	0	3
std.mem.window	2	fn	window	0	4
std.mem.WindowIterator	2	fn	WindowIterator	0	1
std.mem.startsWith	2	fn	startsWith	0	3
std.mem.endsWith	2	fn	endsWith	0	3
std.mem.cutPrefix	2	fn	cutPrefix	0	3
std.mem.cutSuffix	2	fn	cutSuffix	0	3
std.mem.cut	2	fn	cut	0	3
std.mem.cutLast	2	fn	cutLast	0	3
std.mem.cutScalar	2	fn	cutScalar	0	3
std.mem.cutScalarLast	2	fn	cutScalarLast	0	3
std.mem.DelimiterType	2	enum	DelimiterType	0	
std.mem.TokenIterator	2	fn	TokenIterator	0	2
std.mem.SplitIterator	2	fn	SplitIterator	0	2
std.mem.SplitBackwardsIterator	2	fn	SplitBackwardsIterator	0	2
std.mem.join	2	fn	join	0	3
std.mem.joinZ	2	fn	joinZ	0	3
std.mem.concat	2	fn	concat	0	3
std.mem.concatWithSentinel	2	fn	concatWithSentinel	0	4
std.mem.concatMaybeSentinel	2	fn	concatMaybeSentinel	0	4
std.mem.min	2	fn	min	0	2
std.mem.max	2	fn	max	0	2
std.mem.minMax	2	fn	minMax	0	2
std.mem.indexOfMin	2	alias	indexOfMin	0	findMin
std.mem.findMin	2	fn	findMin	0	2
std.mem.indexOfMax	2	alias	indexOfMax	0	findMax
std.mem.findMax	2	fn	findMax	0	2
std.mem.indexOfMinMax	2	alias	indexOfMinMax	0	findMinMax
std.mem.findMinMax	2	fn	findMinMax	0	2
std.mem.swap	2	fn	swap	0	3
std.mem.reverse	2	fn	reverse	0	2
std.mem.ReverseIterator	2	fn	ReverseIterator	0	1
std.mem.reverseIterator	2	fn	reverseIterator	0	1
std.mem.rotate	2	fn	rotate	0	3
std.mem.replace	2	fn	replace	0	5
std.mem.replaceScalar	2	fn	replaceScalar	0	4
std.mem.collapseRepeatsLen	2	fn	collapseRepeatsLen	0	3
std.mem.collapseRepeats	2	fn	collapseRepeats	0	3
std.mem.replacementSize	2	fn	replacementSize	0	4
std.mem.replaceOwned	2	fn	replaceOwned	0	5
std.mem.littleToNative	2	fn	littleToNative	0	2
std.mem.bigToNative	2	fn	bigToNative	0	2
std.mem.toNative	2	fn	toNative	0	3
std.mem.nativeTo	2	fn	nativeTo	0	3
std.mem.nativeToLittle	2	fn	nativeToLittle	0	2
std.mem.nativeToBig	2	fn	nativeToBig	0	2
std.mem.alignPointerOffset	2	fn	alignPointerOffset	0	2
std.mem.alignPointer	2	fn	alignPointer	0	2
std.mem.asBytes	2	fn	asBytes	0	1
std.mem.toBytes	2	fn	toBytes	0	1
std.mem.bytesAsValue	2	fn	bytesAsValue	0	2
std.mem.bytesToValue	2	fn	bytesToValue	0	2
std.mem.bytesAsSlice	2	fn	bytesAsSlice	0	2
std.mem.sliceAsBytes	2	fn	sliceAsBytes	0	1
std.mem.absorbSentinel	2	fn	absorbSentinel	0	1
std.mem.alignForwardAnyAlign	2	fn	alignForwardAnyAlign	0	3
std.mem.alignForward	2	fn	alignForward	0	3
std.mem.alignForwardLog2	2	fn	alignForwardLog2	0	2
std.mem.doNotOptimizeAway	2	fn	doNotOptimizeAway	0	1
std.mem.alignBackwardAnyAlign	2	fn	alignBackwardAnyAlign	0	3
std.mem.alignBackward	2	fn	alignBackward	0	3
std.mem.isValidAlign	2	fn	isValidAlign	0	1
std.mem.isValidAlignGeneric	2	fn	isValidAlignGeneric	0	2
std.mem.isAlignedAnyAlign	2	fn	isAlignedAnyAlign	0	2
std.mem.isAlignedLog2	2	fn	isAlignedLog2	0	2
std.mem.isAligned	2	fn	isAligned	0	2
std.mem.isAlignedGeneric	2	fn	isAlignedGeneric	0	3
std.mem.alignInBytes	2	fn	alignInBytes	0	2
std.mem.alignInSlice	2	fn	alignInSlice	0	2
std.meta	1	ns	meta	28	meta.zig
std.meta.TrailerFlags	2	fn	TrailerFlags	0	1
std.meta.stringToEnum	2	fn	stringToEnum	0	2
std.meta.alignment	2	fn	alignment	0	1
std.meta.Child	2	fn	Child	0	1
std.meta.Elem	2	fn	Elem	0	1
std.meta.sentinel	2	fn	sentinel	0	1
std.meta.Sentinel	2	fn	Sentinel	0	2
std.meta.containerLayout	2	fn	containerLayout	0	1
std.meta.declarations	2	fn	declarations	0	1
std.meta.declarationInfo	2	fn	declarationInfo	0	2
std.meta.fields	2	fn	fields	0	1
std.meta.fieldInfo	2	fn	fieldInfo	0	2
std.meta.fieldNames	2	fn	fieldNames	0	1
std.meta.tags	2	fn	tags	0	1
std.meta.FieldEnum	2	fn	FieldEnum	0	1
std.meta.DeclEnum	2	fn	DeclEnum	0	1
std.meta.Tag	2	fn	Tag	0	1
std.meta.activeTag	2	fn	activeTag	0	1
std.meta.eql	2	fn	eql	0	2
std.meta.fieldIndex	2	fn	fieldIndex	0	2
std.meta.Int	2	fn	Int	0	2
std.meta.Float	2	fn	Float	0	1
std.meta.ArgsTuple	2	fn	ArgsTuple	0	1
std.meta.Tuple	2	fn	Tuple	0	1
std.meta.isError	2	fn	isError	0	1
std.meta.hasFn	2	fn	hasFn	0	2
std.meta.hasMethod	2	fn	hasMethod	0	2
std.meta.hasUniqueRepresentation	2	fn	hasUniqueRepresentation	0	1
std.os	1	ns	os	6	os.zig
std.os.linux	2	ns	linux	806	os/linux.zig
std.os.linux.syscall0	3	alias	syscall0	0	syscall_bits.syscall0
std.os.linux.syscall1	3	alias	syscall1	0	syscall_bits.syscall1
std.os.linux.syscall2	3	alias	syscall2	0	syscall_bits.syscall2
std.os.linux.syscall3	3	alias	syscall3	0	syscall_bits.syscall3
std.os.linux.syscall4	3	alias	syscall4	0	syscall_bits.syscall4
std.os.linux.syscall5	3	alias	syscall5	0	syscall_bits.syscall5
std.os.linux.syscall6	3	alias	syscall6	0	syscall_bits.syscall6
std.os.linux.syscall7	3	alias	syscall7	0	syscall_bits.syscall7
std.os.linux.restore	3	alias	restore	0	syscall_bits.restore
std.os.linux.restore_rt	3	alias	restore_rt	0	syscall_bits.restore_rt
std.os.linux.socketcall	3	alias	socketcall	0	syscall_bits.socketcall
std.os.linux.syscall_pipe	3	alias	syscall_pipe	0	syscall_bits.syscall_pipe
std.os.linux.syscall_fork	3	alias	syscall_fork	0	syscall_bits.syscall_fork
std.os.linux.clone	3	fn	clone	0	7
std.os.linux.ARCH	3	alias	ARCH	0	arch_bits.ARCH
std.os.linux.HWCAP	3	alias	HWCAP	0	arch_bits.HWCAP
std.os.linux.SC	3	alias	SC	0	arch_bits.SC
std.os.linux.VDSO	3	alias	VDSO	0	arch_bits.VDSO
std.os.linux.blkcnt_t	3	alias	blkcnt_t	0	u64
std.os.linux.blksize_t	3	alias	blksize_t	0	u32
std.os.linux.dev_t	3	alias	dev_t	0	u64
std.os.linux.ino_t	3	alias	ino_t	0	u64
std.os.linux.mode_t	3	alias	mode_t	0	u32
std.os.linux.nlink_t	3	alias	nlink_t	0	u32
std.os.linux.off_t	3	alias	off_t	0	i64
std.os.linux.time_t	3	alias	time_t	0	arch_bits.time_t
std.os.linux.user_desc	3	alias	user_desc	0	arch_bits.user_desc
std.os.linux.tls	3	ns	tls	4	os/linux/tls.zig
std.os.linux.tls.area_desc	4	alias	area_desc	0	undefined
std.os.linux.tls.setThreadPointer	4	fn	setThreadPointer	0	1
std.os.linux.tls.prepareArea	4	fn	prepareArea	0	1
std.os.linux.tls.initStatic	4	fn	initStatic	0	1
std.os.linux.BPF	3	ns	BPF	114	os/linux/bpf.zig
std.os.linux.BPF.btf	4	ns	btf	20	os/linux/bpf/btf.zig
std.os.linux.BPF.btf.magic	5	const	magic	0	
std.os.linux.BPF.btf.version	5	const	version	0	
std.os.linux.BPF.btf.ext	5	ns	ext	2	os/linux/bpf/btf_ext.zig
std.os.linux.BPF.btf.ext.Header	6	struct	Header	0	
std.os.linux.BPF.btf.ext.InfoSec	6	struct	InfoSec	0	
std.os.linux.BPF.btf.Header	5	struct	Header	0	
std.os.linux.BPF.btf.max_type	5	const	max_type	0	
std.os.linux.BPF.btf.max_name_offset	5	const	max_name_offset	0	
std.os.linux.BPF.btf.max_vlen	5	const	max_vlen	0	
std.os.linux.BPF.btf.Type	5	struct	Type	0	
std.os.linux.BPF.btf.Kind	5	enum	Kind	0	
std.os.linux.BPF.btf.IntInfo	5	struct	IntInfo	0	
std.os.linux.BPF.btf.Enum	5	struct	Enum	0	
std.os.linux.BPF.btf.Enum64	5	struct	Enum64	0	
std.os.linux.BPF.btf.Array	5	struct	Array	0	
std.os.linux.BPF.btf.Member	5	struct	Member	0	
std.os.linux.BPF.btf.Param	5	struct	Param	0	
std.os.linux.BPF.btf.VarLinkage	5	enum	VarLinkage	0	
std.os.linux.BPF.btf.FuncLinkage	5	enum	FuncLinkage	0	
std.os.linux.BPF.btf.Var	5	struct	Var	0	
std.os.linux.BPF.btf.VarSecInfo	5	struct	VarSecInfo	0	
std.os.linux.BPF.btf.DeclTag	5	struct	DeclTag	0	
std.os.linux.BPF.kern	4	ns	kern	42	os/linux/bpf/kern.zig
std.os.linux.BPF.kern.helpers	5	const	helpers	0	
std.os.linux.BPF.kern.BinPrm	5	opaque	BinPrm	0	
std.os.linux.BPF.kern.BTFPtr	5	opaque	BTFPtr	0	
std.os.linux.BPF.kern.BpfDynPtr	5	opaque	BpfDynPtr	0	
std.os.linux.BPF.kern.BpfRedirNeigh	5	opaque	BpfRedirNeigh	0	
std.os.linux.BPF.kern.BpfSock	5	opaque	BpfSock	0	
std.os.linux.BPF.kern.BpfSockAddr	5	opaque	BpfSockAddr	0	
std.os.linux.BPF.kern.BpfSockOps	5	opaque	BpfSockOps	0	
std.os.linux.BPF.kern.BpfTimer	5	opaque	BpfTimer	0	
std.os.linux.BPF.kern.Cgroup	5	opaque	Cgroup	0	
std.os.linux.BPF.kern.FibLookup	5	opaque	FibLookup	0	
std.os.linux.BPF.kern.File	5	opaque	File	0	
std.os.linux.BPF.kern.Inode	5	opaque	Inode	0	
std.os.linux.BPF.kern.IpHdr	5	opaque	IpHdr	0	
std.os.linux.BPF.kern.Ipv6Hdr	5	opaque	Ipv6Hdr	0	
std.os.linux.BPF.kern.MapDef	5	opaque	MapDef	0	
std.os.linux.BPF.kern.MpTcpSock	5	opaque	MpTcpSock	0	
std.os.linux.BPF.kern.Path	5	opaque	Path	0	
std.os.linux.BPF.kern.PerfEventData	5	opaque	PerfEventData	0	
std.os.linux.BPF.kern.PerfEventValue	5	opaque	PerfEventValue	0	
std.os.linux.BPF.kern.PidNsInfo	5	opaque	PidNsInfo	0	
std.os.linux.BPF.kern.SeqFile	5	opaque	SeqFile	0	
std.os.linux.BPF.kern.SkBuff	5	opaque	SkBuff	0	
std.os.linux.BPF.kern.SkMsgMd	5	opaque	SkMsgMd	0	
std.os.linux.BPF.kern.SkReusePortMd	5	opaque	SkReusePortMd	0	
std.os.linux.BPF.kern.Sock	5	opaque	Sock	0	
std.os.linux.BPF.kern.Socket	5	opaque	Socket	0	
std.os.linux.BPF.kern.SockAddr	5	opaque	SockAddr	0	
std.os.linux.BPF.kern.SockOps	5	opaque	SockOps	0	
std.os.linux.BPF.kern.SockTuple	5	opaque	SockTuple	0	
std.os.linux.BPF.kern.SpinLock	5	opaque	SpinLock	0	
std.os.linux.BPF.kern.SysCtl	5	opaque	SysCtl	0	
std.os.linux.BPF.kern.Task	5	opaque	Task	0	
std.os.linux.BPF.kern.Tcp6Sock	5	opaque	Tcp6Sock	0	
std.os.linux.BPF.kern.TcpRequestSock	5	opaque	TcpRequestSock	0	
std.os.linux.BPF.kern.TcpSock	5	opaque	TcpSock	0	
std.os.linux.BPF.kern.TcpTimewaitSock	5	opaque	TcpTimewaitSock	0	
std.os.linux.BPF.kern.TunnelKey	5	opaque	TunnelKey	0	
std.os.linux.BPF.kern.Udp6Sock	5	opaque	Udp6Sock	0	
std.os.linux.BPF.kern.UnixSock	5	opaque	UnixSock	0	
std.os.linux.BPF.kern.XdpMd	5	opaque	XdpMd	0	
std.os.linux.BPF.kern.XfrmState	5	opaque	XfrmState	0	
std.os.linux.BPF.LD	4	const	LD	0	
std.os.linux.BPF.LDX	4	const	LDX	0	
std.os.linux.BPF.ST	4	const	ST	0	
std.os.linux.BPF.STX	4	const	STX	0	
std.os.linux.BPF.ALU	4	const	ALU	0	
std.os.linux.BPF.JMP	4	const	JMP	0	
std.os.linux.BPF.RET	4	const	RET	0	
std.os.linux.BPF.MISC	4	const	MISC	0	
std.os.linux.BPF.W	4	const	W	0	
std.os.linux.BPF.H	4	const	H	0	
std.os.linux.BPF.B	4	const	B	0	
std.os.linux.BPF.DW	4	const	DW	0	
std.os.linux.BPF.IMM	4	const	IMM	0	
std.os.linux.BPF.ABS	4	const	ABS	0	
std.os.linux.BPF.IND	4	const	IND	0	
std.os.linux.BPF.MEM	4	const	MEM	0	
std.os.linux.BPF.LEN	4	const	LEN	0	
std.os.linux.BPF.MSH	4	const	MSH	0	
std.os.linux.BPF.ADD	4	const	ADD	0	
std.os.linux.BPF.SUB	4	const	SUB	0	
std.os.linux.BPF.MUL	4	const	MUL	0	
std.os.linux.BPF.DIV	4	const	DIV	0	
std.os.linux.BPF.OR	4	const	OR	0	
std.os.linux.BPF.AND	4	const	AND	0	
std.os.linux.BPF.LSH	4	const	LSH	0	
std.os.linux.BPF.RSH	4	const	RSH	0	
std.os.linux.BPF.NEG	4	const	NEG	0	
std.os.linux.BPF.MOD	4	const	MOD	0	
std.os.linux.BPF.XOR	4	const	XOR	0	
std.os.linux.BPF.JA	4	const	JA	0	
std.os.linux.BPF.JEQ	4	const	JEQ	0	
std.os.linux.BPF.JGT	4	const	JGT	0	
std.os.linux.BPF.JGE	4	const	JGE	0	
std.os.linux.BPF.JSET	4	const	JSET	0	
std.os.linux.BPF.K	4	const	K	0	
std.os.linux.BPF.X	4	const	X	0	
std.os.linux.BPF.MAXINSNS	4	const	MAXINSNS	0	
std.os.linux.BPF.JMP32	4	const	JMP32	0	
std.os.linux.BPF.ALU64	4	const	ALU64	0	
std.os.linux.BPF.XADD	4	const	XADD	0	
std.os.linux.BPF.MOV	4	const	MOV	0	
std.os.linux.BPF.ARSH	4	const	ARSH	0	
std.os.linux.BPF.END	4	const	END	0	
std.os.linux.BPF.TO_LE	4	const	TO_LE	0	
std.os.linux.BPF.TO_BE	4	const	TO_BE	0	
std.os.linux.BPF.FROM_LE	4	alias	FROM_LE	0	TO_LE
std.os.linux.BPF.FROM_BE	4	alias	FROM_BE	0	TO_BE
std.os.linux.BPF.JNE	4	const	JNE	0	
std.os.linux.BPF.JLT	4	const	JLT	0	
std.os.linux.BPF.JLE	4	const	JLE	0	
std.os.linux.BPF.JSGT	4	const	JSGT	0	
std.os.linux.BPF.JSGE	4	const	JSGE	0	
std.os.linux.BPF.JSLT	4	const	JSLT	0	
std.os.linux.BPF.JSLE	4	const	JSLE	0	
std.os.linux.BPF.CALL	4	const	CALL	0	
std.os.linux.BPF.EXIT	4	const	EXIT	0	
std.os.linux.BPF.F_ALLOW_OVERRIDE	4	const	F_ALLOW_OVERRIDE	0	
std.os.linux.BPF.F_ALLOW_MULTI	4	const	F_ALLOW_MULTI	0	
std.os.linux.BPF.F_REPLACE	4	const	F_REPLACE	0	
std.os.linux.BPF.F_STRICT_ALIGNMENT	4	const	F_STRICT_ALIGNMENT	0	
std.os.linux.BPF.F_ANY_ALIGNMENT	4	const	F_ANY_ALIGNMENT	0	
std.os.linux.BPF.F_TEST_RND_HI32	4	const	F_TEST_RND_HI32	0	
std.os.linux.BPF.F_SLEEPABLE	4	const	F_SLEEPABLE	0	
std.os.linux.BPF.PSEUDO_MAP_FD	4	const	PSEUDO_MAP_FD	0	
std.os.linux.BPF.PSEUDO_MAP_VALUE	4	const	PSEUDO_MAP_VALUE	0	
std.os.linux.BPF.PSEUDO_CALL	4	const	PSEUDO_CALL	0	
std.os.linux.BPF.ANY	4	const	ANY	0	
std.os.linux.BPF.NOEXIST	4	const	NOEXIST	0	
std.os.linux.BPF.EXIST	4	const	EXIST	0	
std.os.linux.BPF.F_LOCK	4	const	F_LOCK	0	
std.os.linux.BPF.BPF_F_NO_PREALLOC	4	const	BPF_F_NO_PREALLOC	0	
std.os.linux.BPF.BPF_F_NO_COMMON_LRU	4	const	BPF_F_NO_COMMON_LRU	0	
std.os.linux.BPF.BPF_F_NUMA_NODE	4	const	BPF_F_NUMA_NODE	0	
std.os.linux.BPF.BPF_F_RDONLY	4	const	BPF_F_RDONLY	0	
std.os.linux.BPF.BPF_F_WRONLY	4	const	BPF_F_WRONLY	0	
std.os.linux.BPF.BPF_F_STACK_BUILD_ID	4	const	BPF_F_STACK_BUILD_ID	0	
std.os.linux.BPF.BPF_F_ZERO_SEED	4	const	BPF_F_ZERO_SEED	0	
std.os.linux.BPF.BPF_F_RDONLY_PROG	4	const	BPF_F_RDONLY_PROG	0	
std.os.linux.BPF.BPF_F_WRONLY_PROG	4	const	BPF_F_WRONLY_PROG	0	
std.os.linux.BPF.BPF_F_CLONE	4	const	BPF_F_CLONE	0	
std.os.linux.BPF.BPF_F_MMAPABLE	4	const	BPF_F_MMAPABLE	0	
std.os.linux.BPF.Helper	4	enum	Helper	0	
std.os.linux.BPF.Insn	4	struct	Insn	45	
std.os.linux.BPF.Insn.Reg	5	enum	Reg	0	
std.os.linux.BPF.Insn.AluOp	5	enum	AluOp	0	
std.os.linux.BPF.Insn.Size	5	enum	Size	0	
std.os.linux.BPF.Insn.JmpOp	5	enum	JmpOp	0	
std.os.linux.BPF.Insn.alu	5	fn	alu	0	4
std.os.linux.BPF.Insn.mov	5	fn	mov	0	2
std.os.linux.BPF.Insn.add	5	fn	add	0	2
std.os.linux.BPF.Insn.sub	5	fn	sub	0	2
std.os.linux.BPF.Insn.mul	5	fn	mul	0	2
std.os.linux.BPF.Insn.div	5	fn	div	0	2
std.os.linux.BPF.Insn.alu_or	5	fn	alu_or	0	2
std.os.linux.BPF.Insn.alu_and	5	fn	alu_and	0	2
std.os.linux.BPF.Insn.lsh	5	fn	lsh	0	2
std.os.linux.BPF.Insn.rsh	5	fn	rsh	0	2
std.os.linux.BPF.Insn.neg	5	fn	neg	0	1
std.os.linux.BPF.Insn.mod	5	fn	mod	0	2
std.os.linux.BPF.Insn.xor	5	fn	xor	0	2
std.os.linux.BPF.Insn.arsh	5	fn	arsh	0	2
std.os.linux.BPF.Insn.jmp	5	fn	jmp	0	4
std.os.linux.BPF.Insn.ja	5	fn	ja	0	1
std.os.linux.BPF.Insn.jeq	5	fn	jeq	0	3
std.os.linux.BPF.Insn.jgt	5	fn	jgt	0	3
std.os.linux.BPF.Insn.jge	5	fn	jge	0	3
std.os.linux.BPF.Insn.jlt	5	fn	jlt	0	3
std.os.linux.BPF.Insn.jle	5	fn	jle	0	3
std.os.linux.BPF.Insn.jset	5	fn	jset	0	3
std.os.linux.BPF.Insn.jne	5	fn	jne	0	3
std.os.linux.BPF.Insn.jsgt	5	fn	jsgt	0	3
std.os.linux.BPF.Insn.jsge	5	fn	jsge	0	3
std.os.linux.BPF.Insn.jslt	5	fn	jslt	0	3
std.os.linux.BPF.Insn.jsle	5	fn	jsle	0	3
std.os.linux.BPF.Insn.xadd	5	fn	xadd	0	2
std.os.linux.BPF.Insn.ld_abs	5	fn	ld_abs	0	4
std.os.linux.BPF.Insn.ld_ind	5	fn	ld_ind	0	4
std.os.linux.BPF.Insn.ldx	5	fn	ldx	0	4
std.os.linux.BPF.Insn.ld_dw1	5	fn	ld_dw1	0	2
std.os.linux.BPF.Insn.ld_dw2	5	fn	ld_dw2	0	1
std.os.linux.BPF.Insn.ld_map_fd1	5	fn	ld_map_fd1	0	2
std.os.linux.BPF.Insn.ld_map_fd2	5	fn	ld_map_fd2	0	1
std.os.linux.BPF.Insn.st	5	fn	st	0	4
std.os.linux.BPF.Insn.stx	5	fn	stx	0	4
std.os.linux.BPF.Insn.le	5	fn	le	0	2
std.os.linux.BPF.Insn.be	5	fn	be	0	2
std.os.linux.BPF.Insn.call	5	fn	call	0	1
std.os.linux.BPF.Insn.exit	5	fn	exit	0	0
std.os.linux.BPF.Cmd	4	enum	Cmd	0	
std.os.linux.BPF.MapType	4	enum	MapType	0	
std.os.linux.BPF.ProgType	4	enum	ProgType	0	
std.os.linux.BPF.AttachType	4	enum	AttachType	0	
std.os.linux.BPF.MapCreateAttr	4	struct	MapCreateAttr	0	
std.os.linux.BPF.MapElemAttr	4	struct	MapElemAttr	0	
std.os.linux.BPF.MapBatchAttr	4	struct	MapBatchAttr	0	
std.os.linux.BPF.ProgLoadAttr	4	struct	ProgLoadAttr	0	
std.os.linux.BPF.ObjAttr	4	struct	ObjAttr	0	
std.os.linux.BPF.ProgAttachAttr	4	struct	ProgAttachAttr	0	
std.os.linux.BPF.TestRunAttr	4	struct	TestRunAttr	0	
std.os.linux.BPF.GetIdAttr	4	struct	GetIdAttr	0	
std.os.linux.BPF.InfoAttr	4	struct	InfoAttr	0	
std.os.linux.BPF.QueryAttr	4	struct	QueryAttr	0	
std.os.linux.BPF.RawTracepointAttr	4	struct	RawTracepointAttr	0	
std.os.linux.BPF.BtfLoadAttr	4	struct	BtfLoadAttr	0	
std.os.linux.BPF.TaskFdQueryAttr	4	struct	TaskFdQueryAttr	0	
std.os.linux.BPF.LinkCreateAttr	4	struct	LinkCreateAttr	0	
std.os.linux.BPF.LinkUpdateAttr	4	struct	LinkUpdateAttr	0	
std.os.linux.BPF.EnableStatsAttr	4	struct	EnableStatsAttr	0	
std.os.linux.BPF.IterCreateAttr	4	struct	IterCreateAttr	0	
std.os.linux.BPF.Attr	4	union	Attr	0	
std.os.linux.BPF.Log	4	struct	Log	0	
std.os.linux.BPF.map_create	4	fn	map_create	0	4
std.os.linux.BPF.map_lookup_elem	4	fn	map_lookup_elem	0	3
std.os.linux.BPF.map_update_elem	4	fn	map_update_elem	0	4
std.os.linux.BPF.map_delete_elem	4	fn	map_delete_elem	0	2
std.os.linux.BPF.map_get_next_key	4	fn	map_get_next_key	0	3
std.os.linux.BPF.prog_load	4	fn	prog_load	0	6
std.os.linux.IOCTL	3	ns	IOCTL	5	os/linux/ioctl.zig
std.os.linux.IOCTL.Request	4	struct	Request	0	
std.os.linux.IOCTL.IO	4	fn	IO	0	2
std.os.linux.IOCTL.IOR	4	fn	IOR	0	3
std.os.linux.IOCTL.IOW	4	fn	IOW	0	3
std.os.linux.IOCTL.IOWR	4	fn	IOWR	0	3
std.os.linux.SECCOMP	3	ns	SECCOMP	15	os/linux/seccomp.zig
std.os.linux.SECCOMP.MODE	4	struct	MODE	3	
std.os.linux.SECCOMP.MODE.DISABLED	5	const	DISABLED	0	
std.os.linux.SECCOMP.MODE.STRICT	5	const	STRICT	0	
std.os.linux.SECCOMP.MODE.FILTER	5	const	FILTER	0	
std.os.linux.SECCOMP.SET_MODE_STRICT	4	const	SET_MODE_STRICT	0	
std.os.linux.SECCOMP.SET_MODE_FILTER	4	const	SET_MODE_FILTER	0	
std.os.linux.SECCOMP.GET_ACTION_AVAIL	4	const	GET_ACTION_AVAIL	0	
std.os.linux.SECCOMP.GET_NOTIF_SIZES	4	const	GET_NOTIF_SIZES	0	
std.os.linux.SECCOMP.FILTER_FLAG	4	struct	FILTER_FLAG	5	
std.os.linux.SECCOMP.FILTER_FLAG.TSYNC	5	const	TSYNC	0	
std.os.linux.SECCOMP.FILTER_FLAG.LOG	5	const	LOG	0	
std.os.linux.SECCOMP.FILTER_FLAG.SPEC_ALLOW	5	const	SPEC_ALLOW	0	
std.os.linux.SECCOMP.FILTER_FLAG.NEW_LISTENER	5	const	NEW_LISTENER	0	
std.os.linux.SECCOMP.FILTER_FLAG.TSYNC_ESRCH	5	const	TSYNC_ESRCH	0	
std.os.linux.SECCOMP.RET	4	struct	RET	12	
std.os.linux.SECCOMP.RET.KILL_PROCESS	5	const	KILL_PROCESS	0	
std.os.linux.SECCOMP.RET.KILL_THREAD	5	const	KILL_THREAD	0	
std.os.linux.SECCOMP.RET.KILL	5	alias	KILL	0	KILL_THREAD
std.os.linux.SECCOMP.RET.TRAP	5	const	TRAP	0	
std.os.linux.SECCOMP.RET.ERRNO	5	const	ERRNO	0	
std.os.linux.SECCOMP.RET.USER_NOTIF	5	const	USER_NOTIF	0	
std.os.linux.SECCOMP.RET.TRACE	5	const	TRACE	0	
std.os.linux.SECCOMP.RET.LOG	5	const	LOG	0	
std.os.linux.SECCOMP.RET.ALLOW	5	const	ALLOW	0	
std.os.linux.SECCOMP.RET.ACTION_FULL	5	const	ACTION_FULL	0	
std.os.linux.SECCOMP.RET.ACTION	5	const	ACTION	0	
std.os.linux.SECCOMP.RET.DATA	5	const	DATA	0	
std.os.linux.SECCOMP.IOCTL_NOTIF	4	struct	IOCTL_NOTIF	4	
std.os.linux.SECCOMP.IOCTL_NOTIF.RECV	5	const	RECV	0	
std.os.linux.SECCOMP.IOCTL_NOTIF.SEND	5	const	SEND	0	
std.os.linux.SECCOMP.IOCTL_NOTIF.ID_VALID	5	const	ID_VALID	0	
std.os.linux.SECCOMP.IOCTL_NOTIF.ADDFD	5	const	ADDFD	0	
std.os.linux.SECCOMP.USER_NOTIF_FLAG_CONTINUE	4	const	USER_NOTIF_FLAG_CONTINUE	0	
std.os.linux.SECCOMP.ADDFD_FLAG	4	struct	ADDFD_FLAG	2	
std.os.linux.SECCOMP.ADDFD_FLAG.SETFD	5	const	SETFD	0	
std.os.linux.SECCOMP.ADDFD_FLAG.SEND	5	const	SEND	0	
std.os.linux.SECCOMP.data	4	struct	data	0	
std.os.linux.SECCOMP.notif_sizes	4	struct	notif_sizes	0	
std.os.linux.SECCOMP.notif	4	struct	notif	0	
std.os.linux.SECCOMP.notif_resp	4	struct	notif_resp	0	
std.os.linux.SECCOMP.notif_addfd	4	struct	notif_addfd	0	
std.os.linux.syscalls	3	ns	syscalls	23	os/linux/syscalls.zig
std.os.linux.syscalls.X86	4	enum	X86	0	
std.os.linux.syscalls.X64	4	enum	X64	0	
std.os.linux.syscalls.X32	4	enum	X32	0	
std.os.linux.syscalls.Arm	4	enum	Arm	0	
std.os.linux.syscalls.Sparc	4	enum	Sparc	0	
std.os.linux.syscalls.Sparc64	4	enum	Sparc64	0	
std.os.linux.syscalls.M68k	4	enum	M68k	0	
std.os.linux.syscalls.MipsO32	4	enum	MipsO32	0	
std.os.linux.syscalls.MipsN64	4	enum	MipsN64	0	
std.os.linux.syscalls.MipsN32	4	enum	MipsN32	0	
std.os.linux.syscalls.PowerPC	4	enum	PowerPC	0	
std.os.linux.syscalls.PowerPC64	4	enum	PowerPC64	0	
std.os.linux.syscalls.S390x	4	enum	S390x	0	
std.os.linux.syscalls.Xtensa	4	enum	Xtensa	0	
std.os.linux.syscalls.Arm64	4	enum	Arm64	0	
std.os.linux.syscalls.RiscV32	4	enum	RiscV32	0	
std.os.linux.syscalls.RiscV64	4	enum	RiscV64	0	
std.os.linux.syscalls.LoongArch32	4	enum	LoongArch32	0	
std.os.linux.syscalls.LoongArch64	4	enum	LoongArch64	0	
std.os.linux.syscalls.Arc	4	enum	Arc	0	
std.os.linux.syscalls.CSky	4	enum	CSky	0	
std.os.linux.syscalls.Hexagon	4	enum	Hexagon	0	
std.os.linux.syscalls.OpenRisc	4	enum	OpenRisc	0	
std.os.linux.SYS	3	const	SYS	0	
std.os.linux.MAP_TYPE	3	enum	MAP_TYPE	0	
std.os.linux.MAP	3	const	MAP	0	
std.os.linux.MREMAP	3	struct	MREMAP	0	
std.os.linux.O	3	const	O	0	
std.os.linux.RENAME	3	struct	RENAME	0	
std.os.linux.elf_aux_maybe	3	alias	elf_aux_maybe	0	null
std.os.linux.getauxval	3	const	getauxval	0	
std.os.linux.errno	3	fn	errno	0	1
std.os.linux.brk	3	fn	brk	0	1
std.os.linux.dup	3	fn	dup	0	1
std.os.linux.dup2	3	fn	dup2	0	2
std.os.linux.dup3	3	fn	dup3	0	3
std.os.linux.chdir	3	fn	chdir	0	1
std.os.linux.fchdir	3	fn	fchdir	0	1
std.os.linux.chroot	3	fn	chroot	0	1
std.os.linux.execve	3	fn	execve	0	3
std.os.linux.EXECVEAT	3	struct	EXECVEAT	0	
std.os.linux.execveat	3	fn	execveat	0	5
std.os.linux.fork	3	fn	fork	0	0
std.os.linux.vfork	3	fn	vfork	0	0
std.os.linux.futimens	3	fn	futimens	0	2
std.os.linux.utimensat	3	fn	utimensat	0	4
std.os.linux.fallocate	3	fn	fallocate	0	4
std.os.linux.futex_param4	3	union	futex_param4	0	
std.os.linux.futex	3	fn	futex	0	6
std.os.linux.futex_3arg	3	fn	futex_3arg	0	3
std.os.linux.futex_4arg	3	fn	futex_4arg	0	4
std.os.linux.futex2_waitv	3	fn	futex2_waitv	0	5
std.os.linux.futex2_wait	3	fn	futex2_wait	0	6
std.os.linux.futex2_wake	3	fn	futex2_wake	0	4
std.os.linux.futex2_requeue	3	fn	futex2_requeue	0	4
std.os.linux.getcwd	3	fn	getcwd	0	2
std.os.linux.getdents	3	fn	getdents	0	3
std.os.linux.getdents64	3	fn	getdents64	0	3
std.os.linux.inotify_init1	3	fn	inotify_init1	0	1
std.os.linux.inotify_add_watch	3	fn	inotify_add_watch	0	3
std.os.linux.inotify_rm_watch	3	fn	inotify_rm_watch	0	2
std.os.linux.fanotify_init	3	fn	fanotify_init	0	2
std.os.linux.fanotify_mark	3	fn	fanotify_mark	0	5
std.os.linux.name_to_handle_at	3	fn	name_to_handle_at	0	5
std.os.linux.readlink	3	fn	readlink	0	3
std.os.linux.readlinkat	3	fn	readlinkat	0	4
std.os.linux.mkdir	3	fn	mkdir	0	2
std.os.linux.mkdirat	3	fn	mkdirat	0	3
std.os.linux.mknod	3	fn	mknod	0	3
std.os.linux.mknodat	3	fn	mknodat	0	4
std.os.linux.mount	3	fn	mount	0	5
std.os.linux.umount	3	fn	umount	0	1
std.os.linux.umount2	3	fn	umount2	0	2
std.os.linux.MOVE_MOUNT	3	struct	MOVE_MOUNT	0	
std.os.linux.move_mount	3	fn	move_mount	0	5
std.os.linux.MOUNT_ATTR	3	struct	MOUNT_ATTR	0	
std.os.linux.mount_setattr	3	fn	mount_setattr	0	3
std.os.linux.FSOPEN	3	struct	FSOPEN	0	
std.os.linux.fsopen	3	fn	fsopen	0	2
std.os.linux.FSCONFIG_CMD	3	enum	FSCONFIG_CMD	0	
std.os.linux.fsconfig	3	fn	fsconfig	0	5
std.os.linux.FSMOUNT	3	struct	FSMOUNT	0	
std.os.linux.fsmount	3	fn	fsmount	0	3
std.os.linux.FSPICK	3	struct	FSPICK	0	
std.os.linux.fspick	3	fn	fspick	0	3
std.os.linux.pivot_root	3	fn	pivot_root	0	2
std.os.linux.mmap	3	fn	mmap	0	6
std.os.linux.mprotect	3	fn	mprotect	0	3
std.os.linux.mremap	3	fn	mremap	0	5
std.os.linux.MSF	3	struct	MSF	3	
std.os.linux.MSF.ASYNC	4	const	ASYNC	0	
std.os.linux.MSF.INVALIDATE	4	const	INVALIDATE	0	
std.os.linux.MSF.SYNC	4	const	SYNC	0	
std.os.linux.mseal	3	fn	mseal	0	3
std.os.linux.msync	3	fn	msync	0	3
std.os.linux.munmap	3	fn	munmap	0	2
std.os.linux.mlock	3	fn	mlock	0	2
std.os.linux.munlock	3	fn	munlock	0	2
std.os.linux.MLOCK	3	struct	MLOCK	0	
std.os.linux.mlock2	3	fn	mlock2	0	3
std.os.linux.MCL	3	const	MCL	0	
std.os.linux.mlockall	3	fn	mlockall	0	1
std.os.linux.munlockall	3	fn	munlockall	0	0
std.os.linux.poll	3	fn	poll	0	3
std.os.linux.ppoll	3	fn	ppoll	0	4
std.os.linux.read	3	fn	read	0	3
std.os.linux.preadv	3	fn	preadv	0	4
std.os.linux.preadv2	3	fn	preadv2	0	5
std.os.linux.readv	3	fn	readv	0	3
std.os.linux.writev	3	fn	writev	0	3
std.os.linux.pwritev	3	fn	pwritev	0	4
std.os.linux.pwritev2	3	fn	pwritev2	0	5
std.os.linux.rmdir	3	fn	rmdir	0	1
std.os.linux.symlink	3	fn	symlink	0	2
std.os.linux.symlinkat	3	fn	symlinkat	0	3
std.os.linux.pread	3	fn	pread	0	4
std.os.linux.access	3	fn	access	0	2
std.os.linux.faccessat	3	fn	faccessat	0	4
std.os.linux.acct	3	fn	acct	0	1
std.os.linux.pipe	3	fn	pipe	0	1
std.os.linux.pipe2	3	fn	pipe2	0	2
std.os.linux.write	3	fn	write	0	3
std.os.linux.ftruncate	3	fn	ftruncate	0	2
std.os.linux.pwrite	3	fn	pwrite	0	4
std.os.linux.rename	3	fn	rename	0	2
std.os.linux.renameat	3	fn	renameat	0	4
std.os.linux.renameat2	3	fn	renameat2	0	5
std.os.linux.open	3	fn	open	0	3
std.os.linux.create	3	fn	create	0	2
std.os.linux.openat	3	fn	openat	0	4
std.os.linux.clone5	3	fn	clone5	0	5
std.os.linux.clone2	3	fn	clone2	0	2
std.os.linux.set_tid_address	3	fn	set_tid_address	0	1
std.os.linux.close	3	fn	close	0	1
std.os.linux.CLOSE_RANGE	3	struct	CLOSE_RANGE	0	
std.os.linux.close_range	3	fn	close_range	0	3
std.os.linux.fchmod	3	fn	fchmod	0	2
std.os.linux.chmod	3	fn	chmod	0	2
std.os.linux.fchown	3	fn	fchown	0	3
std.os.linux.fchownat	3	fn	fchownat	0	5
std.os.linux.chown	3	fn	chown	0	3
std.os.linux.lchown	3	fn	lchown	0	3
std.os.linux.fchmodat	3	fn	fchmodat	0	3
std.os.linux.fchmodat2	3	fn	fchmodat2	0	4
std.os.linux.llseek	3	fn	llseek	0	4
std.os.linux.lseek	3	fn	lseek	0	3
std.os.linux.exit	3	fn	exit	0	1
std.os.linux.exit_group	3	fn	exit_group	0	1
std.os.linux.LINUX_REBOOT	3	struct	LINUX_REBOOT	3	
std.os.linux.LINUX_REBOOT.MAGIC1	4	enum	MAGIC1	0	
std.os.linux.LINUX_REBOOT.MAGIC2	4	enum	MAGIC2	0	
std.os.linux.LINUX_REBOOT.CMD	4	enum	CMD	0	
std.os.linux.reboot	3	fn	reboot	0	4
std.os.linux.getrandom	3	fn	getrandom	0	3
std.os.linux.kill	3	fn	kill	0	2
std.os.linux.tkill	3	fn	tkill	0	2
std.os.linux.tgkill	3	fn	tgkill	0	3
std.os.linux.link	3	fn	link	0	2
std.os.linux.linkat	3	fn	linkat	0	5
std.os.linux.unlink	3	fn	unlink	0	1
std.os.linux.unlinkat	3	fn	unlinkat	0	3
std.os.linux.waitpid	3	fn	waitpid	0	3
std.os.linux.wait4	3	fn	wait4	0	4
std.os.linux.waitid	3	fn	waitid	0	5
std.os.linux.F	3	struct	F	43	
std.os.linux.F.DUPFD	4	const	DUPFD	0	
std.os.linux.F.GETFD	4	const	GETFD	0	
std.os.linux.F.SETFD	4	const	SETFD	0	
std.os.linux.F.GETFL	4	const	GETFL	0	
std.os.linux.F.SETFL	4	const	SETFL	0	
std.os.linux.F.GETLK	4	alias	GETLK	0	GET_SET_LK.GETLK
std.os.linux.F.SETLK	4	alias	SETLK	0	GET_SET_LK.SETLK
std.os.linux.F.SETLKW	4	alias	SETLKW	0	GET_SET_LK.SETLKW
std.os.linux.F.SETOWN	4	const	SETOWN	0	
std.os.linux.F.GETOWN	4	const	GETOWN	0	
std.os.linux.F.SETSIG	4	const	SETSIG	0	
std.os.linux.F.GETSIG	4	const	GETSIG	0	
std.os.linux.F.SETOWN_EX	4	const	SETOWN_EX	0	
std.os.linux.F.GETOWN_EX	4	const	GETOWN_EX	0	
std.os.linux.F.GETOWNER_UIDS	4	const	GETOWNER_UIDS	0	
std.os.linux.F.OFD_GETLK	4	const	OFD_GETLK	0	
std.os.linux.F.OFD_SETLK	4	const	OFD_SETLK	0	
std.os.linux.F.OFD_SETLKW	4	const	OFD_SETLKW	0	
std.os.linux.F.RDLCK	4	const	RDLCK	0	
std.os.linux.F.WRLCK	4	const	WRLCK	0	
std.os.linux.F.UNLCK	4	const	UNLCK	0	
std.os.linux.F.LINUX_SPECIFIC_BASE	4	const	LINUX_SPECIFIC_BASE	0	
std.os.linux.F.SETLEASE	4	const	SETLEASE	0	
std.os.linux.F.GETLEASE	4	const	GETLEASE	0	
std.os.linux.F.NOTIFY	4	const	NOTIFY	0	
std.os.linux.F.DUPFD_QUERY	4	const	DUPFD_QUERY	0	
std.os.linux.F.CREATED_QUERY	4	const	CREATED_QUERY	0	
std.os.linux.F.CANCELLK	4	const	CANCELLK	0	
std.os.linux.F.DUPFD_CLOEXEC	4	const	DUPFD_CLOEXEC	0	
std.os.linux.F.SETPIPE_SZ	4	const	SETPIPE_SZ	0	
std.os.linux.F.GETPIPE_SZ	4	const	GETPIPE_SZ	0	
std.os.linux.F.ADD_SEALS	4	const	ADD_SEALS	0	
std.os.linux.F.GET_SEALS	4	const	GET_SEALS	0	
std.os.linux.F.SEAL_SEAL	4	const	SEAL_SEAL	0	
std.os.linux.F.SEAL_SHRINK	4	const	SEAL_SHRINK	0	
std.os.linux.F.SEAL_GROW	4	const	SEAL_GROW	0	
std.os.linux.F.SEAL_WRITE	4	const	SEAL_WRITE	0	
std.os.linux.F.SEAL_FUTURE_WRITE	4	const	SEAL_FUTURE_WRITE	0	
std.os.linux.F.SEAL_EXEC	4	const	SEAL_EXEC	0	
std.os.linux.F.GET_RW_HINT	4	const	GET_RW_HINT	0	
std.os.linux.F.SET_RW_HINT	4	const	SET_RW_HINT	0	
std.os.linux.F.GET_FILE_RW_HINT	4	const	GET_FILE_RW_HINT	0	
std.os.linux.F.SET_FILE_RW_HINT	4	const	SET_FILE_RW_HINT	0	
std.os.linux.F_OWNER	3	enum	F_OWNER	0	
std.os.linux.f_owner_ex	3	struct	f_owner_ex	0	
std.os.linux.Flock	3	struct	Flock	0	
std.os.linux.fcntl	3	fn	fcntl	0	3
std.os.linux.flock	3	fn	flock	0	2
std.os.linux.Elf_Symndx	3	const	Elf_Symndx	0	
std.os.linux.clock_gettime	3	fn	clock_gettime	0	2
std.os.linux.clock_getres	3	fn	clock_getres	0	2
std.os.linux.clock_settime	3	fn	clock_settime	0	2
std.os.linux.clock_nanosleep	3	fn	clock_nanosleep	0	4
std.os.linux.gettimeofday	3	fn	gettimeofday	0	2
std.os.linux.settimeofday	3	fn	settimeofday	0	2
std.os.linux.nanosleep	3	fn	nanosleep	0	2
std.os.linux.pause	3	fn	pause	0	0
std.os.linux.setuid	3	fn	setuid	0	1
std.os.linux.setgid	3	fn	setgid	0	1
std.os.linux.setreuid	3	fn	setreuid	0	2
std.os.linux.setregid	3	fn	setregid	0	2
std.os.linux.getuid	3	fn	getuid	0	0
std.os.linux.getgid	3	fn	getgid	0	0
std.os.linux.geteuid	3	fn	geteuid	0	0
std.os.linux.getegid	3	fn	getegid	0	0
std.os.linux.seteuid	3	fn	seteuid	0	1
std.os.linux.setegid	3	fn	setegid	0	1
std.os.linux.getresuid	3	fn	getresuid	0	3
std.os.linux.getresgid	3	fn	getresgid	0	3
std.os.linux.setresuid	3	fn	setresuid	0	3
std.os.linux.setresgid	3	fn	setresgid	0	3
std.os.linux.setpgid	3	fn	setpgid	0	2
std.os.linux.getpgid	3	fn	getpgid	0	1
std.os.linux.getgroups	3	fn	getgroups	0	2
std.os.linux.setgroups	3	fn	setgroups	0	2
std.os.linux.setsid	3	fn	setsid	0	0
std.os.linux.getsid	3	fn	getsid	0	1
std.os.linux.getpid	3	fn	getpid	0	0
std.os.linux.getppid	3	fn	getppid	0	0
std.os.linux.gettid	3	fn	gettid	0	0
std.os.linux.sigprocmask	3	fn	sigprocmask	0	3
std.os.linux.sigaction	3	fn	sigaction	0	3
std.os.linux.NSIG	3	const	NSIG	0	
std.os.linux.sigset_t	3	const	sigset_t	0	
std.os.linux.sigrtmin	3	fn	sigrtmin	0	0
std.os.linux.sigrtmax	3	fn	sigrtmax	0	0
std.os.linux.sigemptyset	3	fn	sigemptyset	0	0
std.os.linux.sigfillset	3	fn	sigfillset	0	0
std.os.linux.sigaddset	3	fn	sigaddset	0	2
std.os.linux.sigdelset	3	fn	sigdelset	0	2
std.os.linux.sigismember	3	fn	sigismember	0	2
std.os.linux.getsockname	3	fn	getsockname	0	3
std.os.linux.getpeername	3	fn	getpeername	0	3
std.os.linux.socket	3	fn	socket	0	3
std.os.linux.setsockopt	3	fn	setsockopt	0	5
std.os.linux.getsockopt	3	fn	getsockopt	0	5
std.os.linux.sendmsg	3	fn	sendmsg	0	3
std.os.linux.sendmmsg	3	fn	sendmmsg	0	4
std.os.linux.connect	3	fn	connect	0	3
std.os.linux.recvmsg	3	fn	recvmsg	0	3
std.os.linux.recvmmsg	3	fn	recvmmsg	0	5
std.os.linux.recvfrom	3	fn	recvfrom	0	6
std.os.linux.shutdown	3	fn	shutdown	0	2
std.os.linux.bind	3	fn	bind	0	3
std.os.linux.listen	3	fn	listen	0	2
std.os.linux.sendto	3	fn	sendto	0	6
std.os.linux.sendfile	3	fn	sendfile	0	4
std.os.linux.socketpair	3	fn	socketpair	0	4
std.os.linux.accept	3	fn	accept	0	3
std.os.linux.accept4	3	fn	accept4	0	4
std.os.linux.statx	3	fn	statx	0	5
std.os.linux.listxattr	3	fn	listxattr	0	3
std.os.linux.llistxattr	3	fn	llistxattr	0	3
std.os.linux.flistxattr	3	fn	flistxattr	0	3
std.os.linux.getxattr	3	fn	getxattr	0	4
std.os.linux.lgetxattr	3	fn	lgetxattr	0	4
std.os.linux.fgetxattr	3	fn	fgetxattr	0	4
std.os.linux.setxattr	3	fn	setxattr	0	5
std.os.linux.lsetxattr	3	fn	lsetxattr	0	5
std.os.linux.fsetxattr	3	fn	fsetxattr	0	5
std.os.linux.removexattr	3	fn	removexattr	0	2
std.os.linux.lremovexattr	3	fn	lremovexattr	0	2
std.os.linux.fremovexattr	3	fn	fremovexattr	0	2
std.os.linux.sched_param	3	struct	sched_param	0	
std.os.linux.SCHED	3	struct	SCHED	1	
std.os.linux.SCHED.Mode	4	enum	Mode	0	
std.os.linux.sched_setparam	3	fn	sched_setparam	0	2
std.os.linux.sched_getparam	3	fn	sched_getparam	0	2
std.os.linux.sched_setscheduler	3	fn	sched_setscheduler	0	3
std.os.linux.sched_getscheduler	3	fn	sched_getscheduler	0	1
std.os.linux.sched_get_priority_max	3	fn	sched_get_priority_max	0	1
std.os.linux.sched_get_priority_min	3	fn	sched_get_priority_min	0	1
std.os.linux.getcpu	3	fn	getcpu	0	2
std.os.linux.sched_attr	3	struct	sched_attr	0	
std.os.linux.sched_setattr	3	fn	sched_setattr	0	3
std.os.linux.sched_getattr	3	fn	sched_getattr	0	4
std.os.linux.sched_rr_get_interval	3	fn	sched_rr_get_interval	0	2
std.os.linux.sched_yield	3	fn	sched_yield	0	0
std.os.linux.sched_getaffinity	3	fn	sched_getaffinity	0	3
std.os.linux.sched_setaffinity	3	fn	sched_setaffinity	0	2
std.os.linux.epoll_create	3	fn	epoll_create	0	0
std.os.linux.epoll_create1	3	fn	epoll_create1	0	1
std.os.linux.epoll_ctl	3	fn	epoll_ctl	0	4
std.os.linux.epoll_wait	3	fn	epoll_wait	0	4
std.os.linux.epoll_pwait	3	fn	epoll_pwait	0	5
std.os.linux.eventfd	3	fn	eventfd	0	2
std.os.linux.timerfd_create	3	fn	timerfd_create	0	2
std.os.linux.itimerspec	3	struct	itimerspec	0	
std.os.linux.timerfd_gettime	3	fn	timerfd_gettime	0	2
std.os.linux.timerfd_settime	3	fn	timerfd_settime	0	4
std.os.linux.ITIMER	3	enum	ITIMER	0	
std.os.linux.getitimer	3	fn	getitimer	0	2
std.os.linux.setitimer	3	fn	setitimer	0	3
std.os.linux.unshare	3	fn	unshare	0	1
std.os.linux.setns	3	fn	setns	0	2
std.os.linux.capget	3	fn	capget	0	2
std.os.linux.capset	3	fn	capset	0	2
std.os.linux.sigaltstack	3	fn	sigaltstack	0	2
std.os.linux.uname	3	fn	uname	0	1
std.os.linux.io_uring_setup	3	fn	io_uring_setup	0	2
std.os.linux.io_uring_enter	3	fn	io_uring_enter	0	5
std.os.linux.io_uring_register	3	fn	io_uring_register	0	4
std.os.linux.memfd_create	3	fn	memfd_create	0	2
std.os.linux.getrusage	3	fn	getrusage	0	2
std.os.linux.tcgetattr	3	fn	tcgetattr	0	2
std.os.linux.tcsetattr	3	fn	tcsetattr	0	3
std.os.linux.tcgetpgrp	3	fn	tcgetpgrp	0	2
std.os.linux.tcsetpgrp	3	fn	tcsetpgrp	0	2
std.os.linux.tcdrain	3	fn	tcdrain	0	1
std.os.linux.ioctl	3	fn	ioctl	0	3
std.os.linux.signalfd	3	fn	signalfd	0	3
std.os.linux.copy_file_range	3	fn	copy_file_range	0	6
std.os.linux.bpf	3	fn	bpf	0	3
std.os.linux.sync	3	fn	sync	0	0
std.os.linux.syncfs	3	fn	syncfs	0	1
std.os.linux.fsync	3	fn	fsync	0	1
std.os.linux.fdatasync	3	fn	fdatasync	0	1
std.os.linux.prctl	3	fn	prctl	0	5
std.os.linux.getrlimit	3	fn	getrlimit	0	2
std.os.linux.setrlimit	3	fn	setrlimit	0	2
std.os.linux.prlimit	3	fn	prlimit	0	4
std.os.linux.mincore	3	fn	mincore	0	3
std.os.linux.madvise	3	fn	madvise	0	3
std.os.linux.pidfd_open	3	fn	pidfd_open	0	2
std.os.linux.pidfd_getfd	3	fn	pidfd_getfd	0	3
std.os.linux.pidfd_send_signal	3	fn	pidfd_send_signal	0	4
std.os.linux.process_vm_readv	3	fn	process_vm_readv	0	4
std.os.linux.process_vm_writev	3	fn	process_vm_writev	0	4
std.os.linux.fadvise	3	fn	fadvise	0	4
std.os.linux.perf_event_open	3	fn	perf_event_open	0	5
std.os.linux.seccomp	3	fn	seccomp	0	3
std.os.linux.ptrace	3	fn	ptrace	0	5
std.os.linux.cachestat	3	fn	cachestat	0	4
std.os.linux.map_shadow_stack	3	fn	map_shadow_stack	0	3
std.os.linux.Sysinfo	3	const	Sysinfo	0	
std.os.linux.sysinfo	3	fn	sysinfo	0	1
std.os.linux.E	3	const	E	0	
std.os.linux.pid_t	3	alias	pid_t	0	i32
std.os.linux.fd_t	3	alias	fd_t	0	i32
std.os.linux.socket_t	3	alias	socket_t	0	i32
std.os.linux.uid_t	3	alias	uid_t	0	u32
std.os.linux.gid_t	3	alias	gid_t	0	u32
std.os.linux.clock_t	3	alias	clock_t	0	isize
std.os.linux.NAME_MAX	3	const	NAME_MAX	0	
std.os.linux.PATH_MAX	3	const	PATH_MAX	0	
std.os.linux.IOV_MAX	3	const	IOV_MAX	0	
std.os.linux.MAX_ADDR_LEN	3	const	MAX_ADDR_LEN	0	
std.os.linux.STDIN_FILENO	3	const	STDIN_FILENO	0	
std.os.linux.STDOUT_FILENO	3	const	STDOUT_FILENO	0	
std.os.linux.STDERR_FILENO	3	const	STDERR_FILENO	0	
std.os.linux.AT	3	struct	AT	12	
std.os.linux.AT.FDCWD	4	const	FDCWD	0	
std.os.linux.AT.SYMLINK_NOFOLLOW	4	const	SYMLINK_NOFOLLOW	0	
std.os.linux.AT.REMOVEDIR	4	const	REMOVEDIR	0	
std.os.linux.AT.SYMLINK_FOLLOW	4	const	SYMLINK_FOLLOW	0	
std.os.linux.AT.NO_AUTOMOUNT	4	const	NO_AUTOMOUNT	0	
std.os.linux.AT.EMPTY_PATH	4	const	EMPTY_PATH	0	
std.os.linux.AT.STATX_SYNC_TYPE	4	const	STATX_SYNC_TYPE	0	
std.os.linux.AT.STATX_SYNC_AS_STAT	4	const	STATX_SYNC_AS_STAT	0	
std.os.linux.AT.STATX_FORCE_SYNC	4	const	STATX_FORCE_SYNC	0	
std.os.linux.AT.STATX_DONT_SYNC	4	const	STATX_DONT_SYNC	0	
std.os.linux.AT.RECURSIVE	4	const	RECURSIVE	0	
std.os.linux.AT.HANDLE_FID	4	alias	HANDLE_FID	0	REMOVEDIR
std.os.linux.FALLOC	3	struct	FALLOC	7	
std.os.linux.FALLOC.FL_KEEP_SIZE	4	const	FL_KEEP_SIZE	0	
std.os.linux.FALLOC.FL_PUNCH_HOLE	4	const	FL_PUNCH_HOLE	0	
std.os.linux.FALLOC.FL_NO_HIDE_STALE	4	const	FL_NO_HIDE_STALE	0	
std.os.linux.FALLOC.FL_COLLAPSE_RANGE	4	const	FL_COLLAPSE_RANGE	0	
std.os.linux.FALLOC.FL_ZERO_RANGE	4	const	FL_ZERO_RANGE	0	
std.os.linux.FALLOC.FL_INSERT_RANGE	4	const	FL_INSERT_RANGE	0	
std.os.linux.FALLOC.FL_UNSHARE_RANGE	4	const	FL_UNSHARE_RANGE	0	
std.os.linux.FUTEX_COMMAND	3	enum	FUTEX_COMMAND	0	
std.os.linux.FUTEX_OP	3	struct	FUTEX_OP	0	
std.os.linux.FUTEX_WAKE_OP	3	struct	FUTEX_WAKE_OP	0	
std.os.linux.FUTEX_WAKE_OP_CMD	3	enum	FUTEX_WAKE_OP_CMD	0	
std.os.linux.FUTEX_WAKE_OP_CMP	3	enum	FUTEX_WAKE_OP_CMP	0	
std.os.linux.FUTEX2_WAITONE_MAX	3	const	FUTEX2_WAITONE_MAX	0	
std.os.linux.FUTEX2_SIZE	3	enum	FUTEX2_SIZE	0	
std.os.linux.FUTEX2_FLAGS_WAITV	3	struct	FUTEX2_FLAGS_WAITV	0	
std.os.linux.FUTEX2_FLAGS_REQUEUE	3	struct	FUTEX2_FLAGS_REQUEUE	0	
std.os.linux.FUTEX2_FLAGS	3	struct	FUTEX2_FLAGS	0	
std.os.linux.PROT	3	const	PROT	0	
std.os.linux.FD_CLOEXEC	3	const	FD_CLOEXEC	0	
std.os.linux.F_OK	3	const	F_OK	0	
std.os.linux.X_OK	3	const	X_OK	0	
std.os.linux.W_OK	3	const	W_OK	0	
std.os.linux.R_OK	3	const	R_OK	0	
std.os.linux.W	3	struct	W	12	
std.os.linux.W.NOHANG	4	const	NOHANG	0	
std.os.linux.W.UNTRACED	4	const	UNTRACED	0	
std.os.linux.W.STOPPED	4	const	STOPPED	0	
std.os.linux.W.EXITED	4	const	EXITED	0	
std.os.linux.W.CONTINUED	4	const	CONTINUED	0	
std.os.linux.W.NOWAIT	4	const	NOWAIT	0	
std.os.linux.W.EXITSTATUS	4	fn	EXITSTATUS	0	1
std.os.linux.W.TERMSIG	4	fn	TERMSIG	0	1
std.os.linux.W.STOPSIG	4	fn	STOPSIG	0	1
std.os.linux.W.IFEXITED	4	fn	IFEXITED	0	1
std.os.linux.W.IFSTOPPED	4	fn	IFSTOPPED	0	1
std.os.linux.W.IFSIGNALED	4	fn	IFSIGNALED	0	1
std.os.linux.P	3	enum	P	0	
std.os.linux.SA	3	const	SA	0	
std.os.linux.SIG	3	const	SIG	0	
std.os.linux.kernel_rwf	3	alias	kernel_rwf	0	u32
std.os.linux.RWF	3	struct	RWF	5	
std.os.linux.RWF.HIPRI	4	const	HIPRI	0	
std.os.linux.RWF.DSYNC	4	const	DSYNC	0	
std.os.linux.RWF.SYNC	4	const	SYNC	0	
std.os.linux.RWF.NOWAIT	4	const	NOWAIT	0	
std.os.linux.RWF.APPEND	4	const	APPEND	0	
std.os.linux.SEEK	3	struct	SEEK	3	
std.os.linux.SEEK.SET	4	const	SET	0	
std.os.linux.SEEK.CUR	4	const	CUR	0	
std.os.linux.SEEK.END	4	const	END	0	
std.os.linux.SHUT	3	struct	SHUT	3	
std.os.linux.SHUT.RD	4	const	RD	0	
std.os.linux.SHUT.WR	4	const	WR	0	
std.os.linux.SHUT.RDWR	4	const	RDWR	0	
std.os.linux.SOCK	3	struct	SOCK	9	
std.os.linux.SOCK.STREAM	4	const	STREAM	0	
std.os.linux.SOCK.DGRAM	4	const	DGRAM	0	
std.os.linux.SOCK.RAW	4	const	RAW	0	
std.os.linux.SOCK.RDM	4	const	RDM	0	
std.os.linux.SOCK.SEQPACKET	4	const	SEQPACKET	0	
std.os.linux.SOCK.DCCP	4	const	DCCP	0	
std.os.linux.SOCK.PACKET	4	const	PACKET	0	
std.os.linux.SOCK.CLOEXEC	4	const	CLOEXEC	0	
std.os.linux.SOCK.NONBLOCK	4	const	NONBLOCK	0	
std.os.linux.TCP	3	struct	TCP	40	
std.os.linux.TCP.NODELAY	4	const	NODELAY	0	
std.os.linux.TCP.MAXSEG	4	const	MAXSEG	0	
std.os.linux.TCP.CORK	4	const	CORK	0	
std.os.linux.TCP.KEEPIDLE	4	const	KEEPIDLE	0	
std.os.linux.TCP.KEEPINTVL	4	const	KEEPINTVL	0	
std.os.linux.TCP.KEEPCNT	4	const	KEEPCNT	0	
std.os.linux.TCP.SYNCNT	4	const	SYNCNT	0	
std.os.linux.TCP.LINGER2	4	const	LINGER2	0	
std.os.linux.TCP.DEFER_ACCEPT	4	const	DEFER_ACCEPT	0	
std.os.linux.TCP.WINDOW_CLAMP	4	const	WINDOW_CLAMP	0	
std.os.linux.TCP.INFO	4	const	INFO	0	
std.os.linux.TCP.QUICKACK	4	const	QUICKACK	0	
std.os.linux.TCP.CONGESTION	4	const	CONGESTION	0	
std.os.linux.TCP.MD5SIG	4	const	MD5SIG	0	
std.os.linux.TCP.THIN_LINEAR_TIMEOUTS	4	const	THIN_LINEAR_TIMEOUTS	0	
std.os.linux.TCP.THIN_DUPACK	4	const	THIN_DUPACK	0	
std.os.linux.TCP.USER_TIMEOUT	4	const	USER_TIMEOUT	0	
std.os.linux.TCP.REPAIR	4	const	REPAIR	0	
std.os.linux.TCP.REPAIR_QUEUE	4	const	REPAIR_QUEUE	0	
std.os.linux.TCP.QUEUE_SEQ	4	const	QUEUE_SEQ	0	
std.os.linux.TCP.REPAIR_OPTIONS	4	const	REPAIR_OPTIONS	0	
std.os.linux.TCP.FASTOPEN	4	const	FASTOPEN	0	
std.os.linux.TCP.TIMESTAMP	4	const	TIMESTAMP	0	
std.os.linux.TCP.NOTSENT_LOWAT	4	const	NOTSENT_LOWAT	0	
std.os.linux.TCP.CC_INFO	4	const	CC_INFO	0	
std.os.linux.TCP.SAVE_SYN	4	const	SAVE_SYN	0	
std.os.linux.TCP.SAVED_SYN	4	const	SAVED_SYN	0	
std.os.linux.TCP.REPAIR_WINDOW	4	const	REPAIR_WINDOW	0	
std.os.linux.TCP.FASTOPEN_CONNECT	4	const	FASTOPEN_CONNECT	0	
std.os.linux.TCP.ULP	4	const	ULP	0	
std.os.linux.TCP.MD5SIG_EXT	4	const	MD5SIG_EXT	0	
std.os.linux.TCP.FASTOPEN_KEY	4	const	FASTOPEN_KEY	0	
std.os.linux.TCP.FASTOPEN_NO_COOKIE	4	const	FASTOPEN_NO_COOKIE	0	
std.os.linux.TCP.ZEROCOPY_RECEIVE	4	const	ZEROCOPY_RECEIVE	0	
std.os.linux.TCP.INQ	4	const	INQ	0	
std.os.linux.TCP.CM_INQ	4	alias	CM_INQ	0	INQ
std.os.linux.TCP.TX_DELAY	4	const	TX_DELAY	0	
std.os.linux.TCP.REPAIR_ON	4	const	REPAIR_ON	0	
std.os.linux.TCP.REPAIR_OFF	4	const	REPAIR_OFF	0	
std.os.linux.TCP.REPAIR_OFF_NO_WP	4	const	REPAIR_OFF_NO_WP	0	
std.os.linux.UDP	3	struct	UDP	6	
std.os.linux.UDP.CORK	4	const	CORK	0	
std.os.linux.UDP.ENCAP	4	const	ENCAP	0	
std.os.linux.UDP.NO_CHECK6_TX	4	const	NO_CHECK6_TX	0	
std.os.linux.UDP.NO_CHECK6_RX	4	const	NO_CHECK6_RX	0	
std.os.linux.UDP.SEGMENT	4	const	SEGMENT	0	
std.os.linux.UDP.GRO	4	const	GRO	0	
std.os.linux.UDP_ENCAP	3	struct	UDP_ENCAP	6	
std.os.linux.UDP_ENCAP.ESPINUDP_NON_IKE	4	const	ESPINUDP_NON_IKE	0	
std.os.linux.UDP_ENCAP.ESPINUDP	4	const	ESPINUDP	0	
std.os.linux.UDP_ENCAP.L2TPINUDP	4	const	L2TPINUDP	0	
std.os.linux.UDP_ENCAP.GTP0	4	const	GTP0	0	
std.os.linux.UDP_ENCAP.GTP1U	4	const	GTP1U	0	
std.os.linux.UDP_ENCAP.RXRPC	4	const	RXRPC	0	
std.os.linux.PF	3	struct	PF	49	
std.os.linux.PF.UNSPEC	4	const	UNSPEC	0	
std.os.linux.PF.LOCAL	4	const	LOCAL	0	
std.os.linux.PF.UNIX	4	alias	UNIX	0	LOCAL
std.os.linux.PF.FILE	4	alias	FILE	0	LOCAL
std.os.linux.PF.INET	4	const	INET	0	
std.os.linux.PF.AX25	4	const	AX25	0	
std.os.linux.PF.IPX	4	const	IPX	0	
std.os.linux.PF.APPLETALK	4	const	APPLETALK	0	
std.os.linux.PF.NETROM	4	const	NETROM	0	
std.os.linux.PF.BRIDGE	4	const	BRIDGE	0	
std.os.linux.PF.ATMPVC	4	const	ATMPVC	0	
std.os.linux.PF.X25	4	const	X25	0	
std.os.linux.PF.INET6	4	const	INET6	0	
std.os.linux.PF.ROSE	4	const	ROSE	0	
std.os.linux.PF.DECnet	4	const	DECnet	0	
std.os.linux.PF.NETBEUI	4	const	NETBEUI	0	
std.os.linux.PF.SECURITY	4	const	SECURITY	0	
std.os.linux.PF.KEY	4	const	KEY	0	
std.os.linux.PF.NETLINK	4	const	NETLINK	0	
std.os.linux.PF.ROUTE	4	alias	ROUTE	0	PF.NETLINK
std.os.linux.PF.PACKET	4	const	PACKET	0	
std.os.linux.PF.ASH	4	const	ASH	0	
std.os.linux.PF.ECONET	4	const	ECONET	0	
std.os.linux.PF.ATMSVC	4	const	ATMSVC	0	
std.os.linux.PF.RDS	4	const	RDS	0	
std.os.linux.PF.SNA	4	const	SNA	0	
std.os.linux.PF.IRDA	4	const	IRDA	0	
std.os.linux.PF.PPPOX	4	const	PPPOX	0	
std.os.linux.PF.WANPIPE	4	const	WANPIPE	0	
std.os.linux.PF.LLC	4	const	LLC	0	
std.os.linux.PF.IB	4	const	IB	0	
std.os.linux.PF.MPLS	4	const	MPLS	0	
std.os.linux.PF.CAN	4	const	CAN	0	
std.os.linux.PF.TIPC	4	const	TIPC	0	
std.os.linux.PF.BLUETOOTH	4	const	BLUETOOTH	0	
std.os.linux.PF.IUCV	4	const	IUCV	0	
std.os.linux.PF.RXRPC	4	const	RXRPC	0	
std.os.linux.PF.ISDN	4	const	ISDN	0	
std.os.linux.PF.PHONET	4	const	PHONET	0	
std.os.linux.PF.IEEE802154	4	const	IEEE802154	0	
std.os.linux.PF.CAIF	4	const	CAIF	0	
std.os.linux.PF.ALG	4	const	ALG	0	
std.os.linux.PF.NFC	4	const	NFC	0	
std.os.linux.PF.VSOCK	4	const	VSOCK	0	
std.os.linux.PF.KCM	4	const	KCM	0	
std.os.linux.PF.QIPCRTR	4	const	QIPCRTR	0	
std.os.linux.PF.SMC	4	const	SMC	0	
std.os.linux.PF.XDP	4	const	XDP	0	
std.os.linux.PF.MAX	4	const	MAX	0	
std.os.linux.AF	3	struct	AF	49	
std.os.linux.AF.UNSPEC	4	alias	UNSPEC	0	PF.UNSPEC
std.os.linux.AF.LOCAL	4	alias	LOCAL	0	PF.LOCAL
std.os.linux.AF.UNIX	4	alias	UNIX	0	AF.LOCAL
std.os.linux.AF.FILE	4	alias	FILE	0	AF.LOCAL
std.os.linux.AF.INET	4	alias	INET	0	PF.INET
std.os.linux.AF.AX25	4	alias	AX25	0	PF.AX25
std.os.linux.AF.IPX	4	alias	IPX	0	PF.IPX
std.os.linux.AF.APPLETALK	4	alias	APPLETALK	0	PF.APPLETALK
std.os.linux.AF.NETROM	4	alias	NETROM	0	PF.NETROM
std.os.linux.AF.BRIDGE	4	alias	BRIDGE	0	PF.BRIDGE
std.os.linux.AF.ATMPVC	4	alias	ATMPVC	0	PF.ATMPVC
std.os.linux.AF.X25	4	alias	X25	0	PF.X25
std.os.linux.AF.INET6	4	alias	INET6	0	PF.INET6
std.os.linux.AF.ROSE	4	alias	ROSE	0	PF.ROSE
std.os.linux.AF.DECnet	4	alias	DECnet	0	PF.DECnet
std.os.linux.AF.NETBEUI	4	alias	NETBEUI	0	PF.NETBEUI
std.os.linux.AF.SECURITY	4	alias	SECURITY	0	PF.SECURITY
std.os.linux.AF.KEY	4	alias	KEY	0	PF.KEY
std.os.linux.AF.NETLINK	4	alias	NETLINK	0	PF.NETLINK
std.os.linux.AF.ROUTE	4	alias	ROUTE	0	PF.ROUTE
std.os.linux.AF.PACKET	4	alias	PACKET	0	PF.PACKET
std.os.linux.AF.ASH	4	alias	ASH	0	PF.ASH
std.os.linux.AF.ECONET	4	alias	ECONET	0	PF.ECONET
std.os.linux.AF.ATMSVC	4	alias	ATMSVC	0	PF.ATMSVC
std.os.linux.AF.RDS	4	alias	RDS	0	PF.RDS
std.os.linux.AF.SNA	4	alias	SNA	0	PF.SNA
std.os.linux.AF.IRDA	4	alias	IRDA	0	PF.IRDA
std.os.linux.AF.PPPOX	4	alias	PPPOX	0	PF.PPPOX
std.os.linux.AF.WANPIPE	4	alias	WANPIPE	0	PF.WANPIPE
std.os.linux.AF.LLC	4	alias	LLC	0	PF.LLC
std.os.linux.AF.IB	4	alias	IB	0	PF.IB
std.os.linux.AF.MPLS	4	alias	MPLS	0	PF.MPLS
std.os.linux.AF.CAN	4	alias	CAN	0	PF.CAN
std.os.linux.AF.TIPC	4	alias	TIPC	0	PF.TIPC
std.os.linux.AF.BLUETOOTH	4	alias	BLUETOOTH	0	PF.BLUETOOTH
std.os.linux.AF.IUCV	4	alias	IUCV	0	PF.IUCV
std.os.linux.AF.RXRPC	4	alias	RXRPC	0	PF.RXRPC
std.os.linux.AF.ISDN	4	alias	ISDN	0	PF.ISDN
std.os.linux.AF.PHONET	4	alias	PHONET	0	PF.PHONET
std.os.linux.AF.IEEE802154	4	alias	IEEE802154	0	PF.IEEE802154
std.os.linux.AF.CAIF	4	alias	CAIF	0	PF.CAIF
std.os.linux.AF.ALG	4	alias	ALG	0	PF.ALG
std.os.linux.AF.NFC	4	alias	NFC	0	PF.NFC
std.os.linux.AF.VSOCK	4	alias	VSOCK	0	PF.VSOCK
std.os.linux.AF.KCM	4	alias	KCM	0	PF.KCM
std.os.linux.AF.QIPCRTR	4	alias	QIPCRTR	0	PF.QIPCRTR
std.os.linux.AF.SMC	4	alias	SMC	0	PF.SMC
std.os.linux.AF.XDP	4	alias	XDP	0	PF.XDP
std.os.linux.AF.MAX	4	alias	MAX	0	PF.MAX
std.os.linux.SO	3	const	SO	0	
std.os.linux.SCM	3	struct	SCM	8	
std.os.linux.SCM.RIGHTS	4	const	RIGHTS	0	
std.os.linux.SCM.CREDENTIALS	4	const	CREDENTIALS	0	
std.os.linux.SCM.SECURITY	4	const	SECURITY	0	
std.os.linux.SCM.PIDFD	4	const	PIDFD	0	
std.os.linux.SCM.WIFI_STATUS	4	alias	WIFI_STATUS	0	SO.WIFI_STATUS
std.os.linux.SCM.TIMESTAMPING_OPT_STATS	4	const	TIMESTAMPING_OPT_STATS	0	
std.os.linux.SCM.TIMESTAMPING_PKTINFO	4	const	TIMESTAMPING_PKTINFO	0	
std.os.linux.SCM.TXTIME	4	alias	TXTIME	0	SO.TXTIME
std.os.linux.SOL	3	struct	SOL	28	
std.os.linux.SOL.SOCKET	4	const	SOCKET	0	
std.os.linux.SOL.IP	4	const	IP	0	
std.os.linux.SOL.IPV6	4	const	IPV6	0	
std.os.linux.SOL.ICMPV6	4	const	ICMPV6	0	
std.os.linux.SOL.RAW	4	const	RAW	0	
std.os.linux.SOL.DECNET	4	const	DECNET	0	
std.os.linux.SOL.X25	4	const	X25	0	
std.os.linux.SOL.PACKET	4	const	PACKET	0	
std.os.linux.SOL.ATM	4	const	ATM	0	
std.os.linux.SOL.AAL	4	const	AAL	0	
std.os.linux.SOL.IRDA	4	const	IRDA	0	
std.os.linux.SOL.NETBEUI	4	const	NETBEUI	0	
std.os.linux.SOL.LLC	4	const	LLC	0	
std.os.linux.SOL.DCCP	4	const	DCCP	0	
std.os.linux.SOL.NETLINK	4	const	NETLINK	0	
std.os.linux.SOL.TIPC	4	const	TIPC	0	
std.os.linux.SOL.RXRPC	4	const	RXRPC	0	
std.os.linux.SOL.PPPOL2TP	4	const	PPPOL2TP	0	
std.os.linux.SOL.BLUETOOTH	4	const	BLUETOOTH	0	
std.os.linux.SOL.PNPIPE	4	const	PNPIPE	0	
std.os.linux.SOL.RDS	4	const	RDS	0	
std.os.linux.SOL.IUCV	4	const	IUCV	0	
std.os.linux.SOL.CAIF	4	const	CAIF	0	
std.os.linux.SOL.ALG	4	const	ALG	0	
std.os.linux.SOL.NFC	4	const	NFC	0	
std.os.linux.SOL.KCM	4	const	KCM	0	
std.os.linux.SOL.TLS	4	const	TLS	0	
std.os.linux.SOL.XDP	4	const	XDP	0	
std.os.linux.SOMAXCONN	3	const	SOMAXCONN	0	
std.os.linux.IP	3	struct	IP	49	
std.os.linux.IP.TOS	4	const	TOS	0	
std.os.linux.IP.TTL	4	const	TTL	0	
std.os.linux.IP.HDRINCL	4	const	HDRINCL	0	
std.os.linux.IP.OPTIONS	4	const	OPTIONS	0	
std.os.linux.IP.ROUTER_ALERT	4	const	ROUTER_ALERT	0	
std.os.linux.IP.RECVOPTS	4	const	RECVOPTS	0	
std.os.linux.IP.RETOPTS	4	const	RETOPTS	0	
std.os.linux.IP.PKTINFO	4	const	PKTINFO	0	
std.os.linux.IP.PKTOPTIONS	4	const	PKTOPTIONS	0	
std.os.linux.IP.PMTUDISC	4	const	PMTUDISC	0	
std.os.linux.IP.MTU_DISCOVER	4	const	MTU_DISCOVER	0	
std.os.linux.IP.RECVERR	4	const	RECVERR	0	
std.os.linux.IP.RECVTTL	4	const	RECVTTL	0	
std.os.linux.IP.RECVTOS	4	const	RECVTOS	0	
std.os.linux.IP.MTU	4	const	MTU	0	
std.os.linux.IP.FREEBIND	4	const	FREEBIND	0	
std.os.linux.IP.IPSEC_POLICY	4	const	IPSEC_POLICY	0	
std.os.linux.IP.XFRM_POLICY	4	const	XFRM_POLICY	0	
std.os.linux.IP.PASSSEC	4	const	PASSSEC	0	
std.os.linux.IP.TRANSPARENT	4	const	TRANSPARENT	0	
std.os.linux.IP.ORIGDSTADDR	4	const	ORIGDSTADDR	0	
std.os.linux.IP.RECVORIGDSTADDR	4	alias	RECVORIGDSTADDR	0	IP.ORIGDSTADDR
std.os.linux.IP.MINTTL	4	const	MINTTL	0	
std.os.linux.IP.NODEFRAG	4	const	NODEFRAG	0	
std.os.linux.IP.CHECKSUM	4	const	CHECKSUM	0	
std.os.linux.IP.BIND_ADDRESS_NO_PORT	4	const	BIND_ADDRESS_NO_PORT	0	
std.os.linux.IP.RECVFRAGSIZE	4	const	RECVFRAGSIZE	0	
std.os.linux.IP.MULTICAST_IF	4	const	MULTICAST_IF	0	
std.os.linux.IP.MULTICAST_TTL	4	const	MULTICAST_TTL	0	
std.os.linux.IP.MULTICAST_LOOP	4	const	MULTICAST_LOOP	0	
std.os.linux.IP.ADD_MEMBERSHIP	4	const	ADD_MEMBERSHIP	0	
std.os.linux.IP.DROP_MEMBERSHIP	4	const	DROP_MEMBERSHIP	0	
std.os.linux.IP.UNBLOCK_SOURCE	4	const	UNBLOCK_SOURCE	0	
std.os.linux.IP.BLOCK_SOURCE	4	const	BLOCK_SOURCE	0	
std.os.linux.IP.ADD_SOURCE_MEMBERSHIP	4	const	ADD_SOURCE_MEMBERSHIP	0	
std.os.linux.IP.DROP_SOURCE_MEMBERSHIP	4	const	DROP_SOURCE_MEMBERSHIP	0	
std.os.linux.IP.MSFILTER	4	const	MSFILTER	0	
std.os.linux.IP.MULTICAST_ALL	4	const	MULTICAST_ALL	0	
std.os.linux.IP.UNICAST_IF	4	const	UNICAST_IF	0	
std.os.linux.IP.RECVRETOPTS	4	alias	RECVRETOPTS	0	IP.RETOPTS
std.os.linux.IP.PMTUDISC_DONT	4	const	PMTUDISC_DONT	0	
std.os.linux.IP.PMTUDISC_WANT	4	const	PMTUDISC_WANT	0	
std.os.linux.IP.PMTUDISC_DO	4	const	PMTUDISC_DO	0	
std.os.linux.IP.PMTUDISC_PROBE	4	const	PMTUDISC_PROBE	0	
std.os.linux.IP.PMTUDISC_INTERFACE	4	const	PMTUDISC_INTERFACE	0	
std.os.linux.IP.PMTUDISC_OMIT	4	const	PMTUDISC_OMIT	0	
std.os.linux.IP.DEFAULT_MULTICAST_TTL	4	const	DEFAULT_MULTICAST_TTL	0	
std.os.linux.IP.DEFAULT_MULTICAST_LOOP	4	const	DEFAULT_MULTICAST_LOOP	0	
std.os.linux.IP.MAX_MEMBERSHIPS	4	const	MAX_MEMBERSHIPS	0	
std.os.linux.IPV6	3	struct	IPV6	67	
std.os.linux.IPV6.ADDRFORM	4	const	ADDRFORM	0	
std.os.linux.IPV6.@"2292PKTINFO"	4	const	@"2292PKTINFO"	0	
std.os.linux.IPV6.@"2292HOPOPTS"	4	const	@"2292HOPOPTS"	0	
std.os.linux.IPV6.@"2292DSTOPTS"	4	const	@"2292DSTOPTS"	0	
std.os.linux.IPV6.@"2292RTHDR"	4	const	@"2292RTHDR"	0	
std.os.linux.IPV6.@"2292PKTOPTIONS"	4	const	@"2292PKTOPTIONS"	0	
std.os.linux.IPV6.CHECKSUM	4	const	CHECKSUM	0	
std.os.linux.IPV6.@"2292HOPLIMIT"	4	const	@"2292HOPLIMIT"	0	
std.os.linux.IPV6.NEXTHOP	4	const	NEXTHOP	0	
std.os.linux.IPV6.AUTHHDR	4	const	AUTHHDR	0	
std.os.linux.IPV6.FLOWINFO	4	const	FLOWINFO	0	
std.os.linux.IPV6.UNICAST_HOPS	4	const	UNICAST_HOPS	0	
std.os.linux.IPV6.MULTICAST_IF	4	const	MULTICAST_IF	0	
std.os.linux.IPV6.MULTICAST_HOPS	4	const	MULTICAST_HOPS	0	
std.os.linux.IPV6.MULTICAST_LOOP	4	const	MULTICAST_LOOP	0	
std.os.linux.IPV6.ADD_MEMBERSHIP	4	const	ADD_MEMBERSHIP	0	
std.os.linux.IPV6.DROP_MEMBERSHIP	4	const	DROP_MEMBERSHIP	0	
std.os.linux.IPV6.ROUTER_ALERT	4	const	ROUTER_ALERT	0	
std.os.linux.IPV6.MTU_DISCOVER	4	const	MTU_DISCOVER	0	
std.os.linux.IPV6.MTU	4	const	MTU	0	
std.os.linux.IPV6.RECVERR	4	const	RECVERR	0	
std.os.linux.IPV6.V6ONLY	4	const	V6ONLY	0	
std.os.linux.IPV6.JOIN_ANYCAST	4	const	JOIN_ANYCAST	0	
std.os.linux.IPV6.LEAVE_ANYCAST	4	const	LEAVE_ANYCAST	0	
std.os.linux.IPV6.PMTUDISC_DONT	4	const	PMTUDISC_DONT	0	
std.os.linux.IPV6.PMTUDISC_WANT	4	const	PMTUDISC_WANT	0	
std.os.linux.IPV6.PMTUDISC_DO	4	const	PMTUDISC_DO	0	
std.os.linux.IPV6.PMTUDISC_PROBE	4	const	PMTUDISC_PROBE	0	
std.os.linux.IPV6.PMTUDISC_INTERFACE	4	const	PMTUDISC_INTERFACE	0	
std.os.linux.IPV6.PMTUDISC_OMIT	4	const	PMTUDISC_OMIT	0	
std.os.linux.IPV6.FLOWLABEL_MGR	4	const	FLOWLABEL_MGR	0	
std.os.linux.IPV6.FLOWINFO_SEND	4	const	FLOWINFO_SEND	0	
std.os.linux.IPV6.IPSEC_POLICY	4	const	IPSEC_POLICY	0	
std.os.linux.IPV6.XFRM_POLICY	4	const	XFRM_POLICY	0	
std.os.linux.IPV6.HDRINCL	4	const	HDRINCL	0	
std.os.linux.IPV6.RECVPKTINFO	4	const	RECVPKTINFO	0	
std.os.linux.IPV6.PKTINFO	4	const	PKTINFO	0	
std.os.linux.IPV6.RECVHOPLIMIT	4	const	RECVHOPLIMIT	0	
std.os.linux.IPV6.HOPLIMIT	4	const	HOPLIMIT	0	
std.os.linux.IPV6.RECVHOPOPTS	4	const	RECVHOPOPTS	0	
std.os.linux.IPV6.HOPOPTS	4	const	HOPOPTS	0	
std.os.linux.IPV6.RTHDRDSTOPTS	4	const	RTHDRDSTOPTS	0	
std.os.linux.IPV6.RECVRTHDR	4	const	RECVRTHDR	0	
std.os.linux.IPV6.RTHDR	4	const	RTHDR	0	
std.os.linux.IPV6.RECVDSTOPTS	4	const	RECVDSTOPTS	0	
std.os.linux.IPV6.DSTOPTS	4	const	DSTOPTS	0	
std.os.linux.IPV6.RECVPATHMTU	4	const	RECVPATHMTU	0	
std.os.linux.IPV6.PATHMTU	4	const	PATHMTU	0	
std.os.linux.IPV6.DONTFRAG	4	const	DONTFRAG	0	
std.os.linux.IPV6.RECVTCLASS	4	const	RECVTCLASS	0	
std.os.linux.IPV6.TCLASS	4	const	TCLASS	0	
std.os.linux.IPV6.AUTOFLOWLABEL	4	const	AUTOFLOWLABEL	0	
std.os.linux.IPV6.ADDR_PREFERENCES	4	const	ADDR_PREFERENCES	0	
std.os.linux.IPV6.PREFER_SRC_TMP	4	const	PREFER_SRC_TMP	0	
std.os.linux.IPV6.PREFER_SRC_PUBLIC	4	const	PREFER_SRC_PUBLIC	0	
std.os.linux.IPV6.PREFER_SRC_PUBTMP_DEFAULT	4	const	PREFER_SRC_PUBTMP_DEFAULT	0	
std.os.linux.IPV6.PREFER_SRC_COA	4	const	PREFER_SRC_COA	0	
std.os.linux.IPV6.PREFER_SRC_HOME	4	const	PREFER_SRC_HOME	0	
std.os.linux.IPV6.PREFER_SRC_CGA	4	const	PREFER_SRC_CGA	0	
std.os.linux.IPV6.PREFER_SRC_NONCGA	4	const	PREFER_SRC_NONCGA	0	
std.os.linux.IPV6.MINHOPCOUNT	4	const	MINHOPCOUNT	0	
std.os.linux.IPV6.ORIGDSTADDR	4	const	ORIGDSTADDR	0	
std.os.linux.IPV6.RECVORIGDSTADDR	4	alias	RECVORIGDSTADDR	0	IPV6.ORIGDSTADDR
std.os.linux.IPV6.TRANSPARENT	4	const	TRANSPARENT	0	
std.os.linux.IPV6.UNICAST_IF	4	const	UNICAST_IF	0	
std.os.linux.IPV6.RECVFRAGSIZE	4	const	RECVFRAGSIZE	0	
std.os.linux.IPV6.FREEBIND	4	const	FREEBIND	0	
std.os.linux.IPTOS	3	struct	IPTOS	16	
std.os.linux.IPTOS.TOS_MASK	4	const	TOS_MASK	0	
std.os.linux.IPTOS.TOS	4	fn	TOS	0	1
std.os.linux.IPTOS.MINCOST	4	const	MINCOST	0	
std.os.linux.IPTOS.RELIABILITY	4	const	RELIABILITY	0	
std.os.linux.IPTOS.THROUGHPUT	4	const	THROUGHPUT	0	
std.os.linux.IPTOS.LOWDELAY	4	const	LOWDELAY	0	
std.os.linux.IPTOS.PREC_MASK	4	const	PREC_MASK	0	
std.os.linux.IPTOS.PREC	4	fn	PREC	0	1
std.os.linux.IPTOS.PREC_ROUTINE	4	const	PREC_ROUTINE	0	
std.os.linux.IPTOS.PREC_PRIORITY	4	const	PREC_PRIORITY	0	
std.os.linux.IPTOS.PREC_IMMEDIATE	4	const	PREC_IMMEDIATE	0	
std.os.linux.IPTOS.PREC_FLASH	4	const	PREC_FLASH	0	
std.os.linux.IPTOS.PREC_FLASHOVERRIDE	4	const	PREC_FLASHOVERRIDE	0	
std.os.linux.IPTOS.PREC_CRITIC_ECP	4	const	PREC_CRITIC_ECP	0	
std.os.linux.IPTOS.PREC_INTERNETCONTROL	4	const	PREC_INTERNETCONTROL	0	
std.os.linux.IPTOS.PREC_NETCONTROL	4	const	PREC_NETCONTROL	0	
std.os.linux.linger	3	struct	linger	0	
std.os.linux.in_pktinfo	3	struct	in_pktinfo	0	
std.os.linux.in6_pktinfo	3	struct	in6_pktinfo	0	
std.os.linux.ETH	3	struct	ETH	10	
std.os.linux.ETH.ALEN	4	const	ALEN	0	
std.os.linux.ETH.TLEN	4	const	TLEN	0	
std.os.linux.ETH.HLEN	4	const	HLEN	0	
std.os.linux.ETH.ZLEN	4	const	ZLEN	0	
std.os.linux.ETH.DATA_LEN	4	const	DATA_LEN	0	
std.os.linux.ETH.FRAME_LEN	4	const	FRAME_LEN	0	
std.os.linux.ETH.FCS_LEN	4	const	FCS_LEN	0	
std.os.linux.ETH.MIN_MTU	4	const	MIN_MTU	0	
std.os.linux.ETH.MAX_MTU	4	const	MAX_MTU	0	
std.os.linux.ETH.P	4	struct	P	101	
std.os.linux.ETH.P.LOOP	5	const	LOOP	0	
std.os.linux.ETH.P.PUP	5	const	PUP	0	
std.os.linux.ETH.P.PUPAT	5	const	PUPAT	0	
std.os.linux.ETH.P.TSN	5	const	TSN	0	
std.os.linux.ETH.P.ERSPAN2	5	const	ERSPAN2	0	
std.os.linux.ETH.P.IP	5	const	IP	0	
std.os.linux.ETH.P.X25	5	const	X25	0	
std.os.linux.ETH.P.ARP	5	const	ARP	0	
std.os.linux.ETH.P.BPQ	5	const	BPQ	0	
std.os.linux.ETH.P.IEEEPUP	5	const	IEEEPUP	0	
std.os.linux.ETH.P.IEEEPUPAT	5	const	IEEEPUPAT	0	
std.os.linux.ETH.P.BATMAN	5	const	BATMAN	0	
std.os.linux.ETH.P.DEC	5	const	DEC	0	
std.os.linux.ETH.P.DNA_DL	5	const	DNA_DL	0	
std.os.linux.ETH.P.DNA_RC	5	const	DNA_RC	0	
std.os.linux.ETH.P.DNA_RT	5	const	DNA_RT	0	
std.os.linux.ETH.P.LAT	5	const	LAT	0	
std.os.linux.ETH.P.DIAG	5	const	DIAG	0	
std.os.linux.ETH.P.CUST	5	const	CUST	0	
std.os.linux.ETH.P.SCA	5	const	SCA	0	
std.os.linux.ETH.P.TEB	5	const	TEB	0	
std.os.linux.ETH.P.RARP	5	const	RARP	0	
std.os.linux.ETH.P.ATALK	5	const	ATALK	0	
std.os.linux.ETH.P.AARP	5	const	AARP	0	
std.os.linux.ETH.P.P_8021Q	5	const	P_8021Q	0	
std.os.linux.ETH.P.ERSPAN	5	const	ERSPAN	0	
std.os.linux.ETH.P.IPX	5	const	IPX	0	
std.os.linux.ETH.P.IPV6	5	const	IPV6	0	
std.os.linux.ETH.P.PAUSE	5	const	PAUSE	0	
std.os.linux.ETH.P.SLOW	5	const	SLOW	0	
std.os.linux.ETH.P.WCCP	5	const	WCCP	0	
std.os.linux.ETH.P.MPLS_UC	5	const	MPLS_UC	0	
std.os.linux.ETH.P.MPLS_MC	5	const	MPLS_MC	0	
std.os.linux.ETH.P.ATMMPOA	5	const	ATMMPOA	0	
std.os.linux.ETH.P.PPP_DISC	5	const	PPP_DISC	0	
std.os.linux.ETH.P.PPP_SES	5	const	PPP_SES	0	
std.os.linux.ETH.P.LINK_CTL	5	const	LINK_CTL	0	
std.os.linux.ETH.P.ATMFATE	5	const	ATMFATE	0	
std.os.linux.ETH.P.PAE	5	const	PAE	0	
std.os.linux.ETH.P.PROFINET	5	const	PROFINET	0	
std.os.linux.ETH.P.REALTEK	5	const	REALTEK	0	
std.os.linux.ETH.P.AOE	5	const	AOE	0	
std.os.linux.ETH.P.ETHERCAT	5	const	ETHERCAT	0	
std.os.linux.ETH.P.@"8021AD"	5	const	@"8021AD"	0	
std.os.linux.ETH.P.@"802_EX1"	5	const	@"802_EX1"	0	
std.os.linux.ETH.P.PREAUTH	5	const	PREAUTH	0	
std.os.linux.ETH.P.TIPC	5	const	TIPC	0	
std.os.linux.ETH.P.LLDP	5	const	LLDP	0	
std.os.linux.ETH.P.MRP	5	const	MRP	0	
std.os.linux.ETH.P.MACSEC	5	const	MACSEC	0	
std.os.linux.ETH.P.@"8021AH"	5	const	@"8021AH"	0	
std.os.linux.ETH.P.MVRP	5	const	MVRP	0	
std.os.linux.ETH.P.@"1588"	5	const	@"1588"	0	
std.os.linux.ETH.P.NCSI	5	const	NCSI	0	
std.os.linux.ETH.P.PRP	5	const	PRP	0	
std.os.linux.ETH.P.CFM	5	const	CFM	0	
std.os.linux.ETH.P.FCOE	5	const	FCOE	0	
std.os.linux.ETH.P.IBOE	5	const	IBOE	0	
std.os.linux.ETH.P.TDLS	5	const	TDLS	0	
std.os.linux.ETH.P.FIP	5	const	FIP	0	
std.os.linux.ETH.P.@"80221"	5	const	@"80221"	0	
std.os.linux.ETH.P.HSR	5	const	HSR	0	
std.os.linux.ETH.P.NSH	5	const	NSH	0	
std.os.linux.ETH.P.LOOPBACK	5	const	LOOPBACK	0	
std.os.linux.ETH.P.QINQ1	5	const	QINQ1	0	
std.os.linux.ETH.P.QINQ2	5	const	QINQ2	0	
std.os.linux.ETH.P.QINQ3	5	const	QINQ3	0	
std.os.linux.ETH.P.EDSA	5	const	EDSA	0	
std.os.linux.ETH.P.DSA_8021Q	5	const	DSA_8021Q	0	
std.os.linux.ETH.P.DSA_A5PSW	5	const	DSA_A5PSW	0	
std.os.linux.ETH.P.IFE	5	const	IFE	0	
std.os.linux.ETH.P.AF_IUCV	5	const	AF_IUCV	0	
std.os.linux.ETH.P.@"802_3_MIN"	5	const	@"802_3_MIN"	0	
std.os.linux.ETH.P.@"802_3"	5	const	@"802_3"	0	
std.os.linux.ETH.P.AX25	5	const	AX25	0	
std.os.linux.ETH.P.ALL	5	const	ALL	0	
std.os.linux.ETH.P.@"802_2"	5	const	@"802_2"	0	
std.os.linux.ETH.P.SNAP	5	const	SNAP	0	
std.os.linux.ETH.P.DDCMP	5	const	DDCMP	0	
std.os.linux.ETH.P.WAN_PPP	5	const	WAN_PPP	0	
std.os.linux.ETH.P.PPP_MP	5	const	PPP_MP	0	
std.os.linux.ETH.P.LOCALTALK	5	const	LOCALTALK	0	
std.os.linux.ETH.P.CAN	5	const	CAN	0	
std.os.linux.ETH.P.CANFD	5	const	CANFD	0	
std.os.linux.ETH.P.CANXL	5	const	CANXL	0	
std.os.linux.ETH.P.PPPTALK	5	const	PPPTALK	0	
std.os.linux.ETH.P.TR_802_2	5	const	TR_802_2	0	
std.os.linux.ETH.P.MOBITEX	5	const	MOBITEX	0	
std.os.linux.ETH.P.CONTROL	5	const	CONTROL	0	
std.os.linux.ETH.P.IRDA	5	const	IRDA	0	
std.os.linux.ETH.P.ECONET	5	const	ECONET	0	
std.os.linux.ETH.P.HDLC	5	const	HDLC	0	
std.os.linux.ETH.P.ARCNET	5	const	ARCNET	0	
std.os.linux.ETH.P.DSA	5	const	DSA	0	
std.os.linux.ETH.P.TRAILER	5	const	TRAILER	0	
std.os.linux.ETH.P.PHONET	5	const	PHONET	0	
std.os.linux.ETH.P.IEEE802154	5	const	IEEE802154	0	
std.os.linux.ETH.P.CAIF	5	const	CAIF	0	
std.os.linux.ETH.P.XDSA	5	const	XDSA	0	
std.os.linux.ETH.P.MAP	5	const	MAP	0	
std.os.linux.ETH.P.MCTP	5	const	MCTP	0	
std.os.linux.MSG	3	struct	MSG	21	
std.os.linux.MSG.OOB	4	const	OOB	0	
std.os.linux.MSG.PEEK	4	const	PEEK	0	
std.os.linux.MSG.DONTROUTE	4	const	DONTROUTE	0	
std.os.linux.MSG.CTRUNC	4	const	CTRUNC	0	
std.os.linux.MSG.PROXY	4	const	PROXY	0	
std.os.linux.MSG.TRUNC	4	const	TRUNC	0	
std.os.linux.MSG.DONTWAIT	4	const	DONTWAIT	0	
std.os.linux.MSG.EOR	4	const	EOR	0	
std.os.linux.MSG.WAITALL	4	const	WAITALL	0	
std.os.linux.MSG.FIN	4	const	FIN	0	
std.os.linux.MSG.SYN	4	const	SYN	0	
std.os.linux.MSG.CONFIRM	4	const	CONFIRM	0	
std.os.linux.MSG.RST	4	const	RST	0	
std.os.linux.MSG.ERRQUEUE	4	const	ERRQUEUE	0	
std.os.linux.MSG.NOSIGNAL	4	const	NOSIGNAL	0	
std.os.linux.MSG.MORE	4	const	MORE	0	
std.os.linux.MSG.WAITFORONE	4	const	WAITFORONE	0	
std.os.linux.MSG.BATCH	4	const	BATCH	0	
std.os.linux.MSG.ZEROCOPY	4	const	ZEROCOPY	0	
std.os.linux.MSG.FASTOPEN	4	const	FASTOPEN	0	
std.os.linux.MSG.CMSG_CLOEXEC	4	const	CMSG_CLOEXEC	0	
std.os.linux.DT	3	struct	DT	9	
std.os.linux.DT.UNKNOWN	4	const	UNKNOWN	0	
std.os.linux.DT.FIFO	4	const	FIFO	0	
std.os.linux.DT.CHR	4	const	CHR	0	
std.os.linux.DT.DIR	4	const	DIR	0	
std.os.linux.DT.BLK	4	const	BLK	0	
std.os.linux.DT.REG	4	const	REG	0	
std.os.linux.DT.LNK	4	const	LNK	0	
std.os.linux.DT.SOCK	4	const	SOCK	0	
std.os.linux.DT.WHT	4	const	WHT	0	
std.os.linux.T	3	const	T	0	
std.os.linux.serial_rs485	3	struct	serial_rs485	0	
std.os.linux.serial_iso7816	3	struct	serial_iso7816	0	
std.os.linux.SER	3	struct	SER	2	
std.os.linux.SER.RS485	4	struct	RS485	8	
std.os.linux.SER.RS485.ENABLED	5	const	ENABLED	0	
std.os.linux.SER.RS485.RTS_ON_SEND	5	const	RTS_ON_SEND	0	
std.os.linux.SER.RS485.RTS_AFTER_SEND	5	const	RTS_AFTER_SEND	0	
std.os.linux.SER.RS485.RX_DURING_TX	5	const	RX_DURING_TX	0	
std.os.linux.SER.RS485.TERMINATE_BUS	5	const	TERMINATE_BUS	0	
std.os.linux.SER.RS485.ADDRB	5	const	ADDRB	0	
std.os.linux.SER.RS485.ADDR_RECV	5	const	ADDR_RECV	0	
std.os.linux.SER.RS485.ADDR_DEST	5	const	ADDR_DEST	0	
std.os.linux.SER.ISO7816	4	struct	ISO7816	3	
std.os.linux.SER.ISO7816.ENABLED	5	const	ENABLED	0	
std.os.linux.SER.ISO7816.T_PARAM	5	const	T_PARAM	0	
std.os.linux.SER.ISO7816.T	5	fn	T	0	1
std.os.linux.EPOLL	3	struct	EPOLL	19	
std.os.linux.EPOLL.CLOEXEC	4	const	CLOEXEC	0	
std.os.linux.EPOLL.CTL_ADD	4	const	CTL_ADD	0	
std.os.linux.EPOLL.CTL_DEL	4	const	CTL_DEL	0	
std.os.linux.EPOLL.CTL_MOD	4	const	CTL_MOD	0	
std.os.linux.EPOLL.IN	4	const	IN	0	
std.os.linux.EPOLL.PRI	4	const	PRI	0	
std.os.linux.EPOLL.OUT	4	const	OUT	0	
std.os.linux.EPOLL.RDNORM	4	const	RDNORM	0	
std.os.linux.EPOLL.RDBAND	4	const	RDBAND	0	
std.os.linux.EPOLL.WRNORM	4	const	WRNORM	0	
std.os.linux.EPOLL.WRBAND	4	const	WRBAND	0	
std.os.linux.EPOLL.MSG	4	const	MSG	0	
std.os.linux.EPOLL.ERR	4	const	ERR	0	
std.os.linux.EPOLL.HUP	4	const	HUP	0	
std.os.linux.EPOLL.RDHUP	4	const	RDHUP	0	
std.os.linux.EPOLL.EXCLUSIVE	4	const	EXCLUSIVE	0	
std.os.linux.EPOLL.WAKEUP	4	const	WAKEUP	0	
std.os.linux.EPOLL.ONESHOT	4	const	ONESHOT	0	
std.os.linux.EPOLL.ET	4	const	ET	0	
std.os.linux.CLOCK	3	alias	CLOCK	0	clockid_t
std.os.linux.clockid_t	3	enum	clockid_t	0	
std.os.linux.TIMERFD_CLOCK	3	alias	TIMERFD_CLOCK	0	timerfd_clockid_t
std.os.linux.timerfd_clockid_t	3	enum	timerfd_clockid_t	0	
std.os.linux.TIMER	3	struct	TIMER	0	
std.os.linux.CSIGNAL	3	const	CSIGNAL	0	
std.os.linux.CLONE	3	struct	CLONE	27	
std.os.linux.CLONE.VM	4	const	VM	0	
std.os.linux.CLONE.FS	4	const	FS	0	
std.os.linux.CLONE.FILES	4	const	FILES	0	
std.os.linux.CLONE.SIGHAND	4	const	SIGHAND	0	
std.os.linux.CLONE.PIDFD	4	const	PIDFD	0	
std.os.linux.CLONE.PTRACE	4	const	PTRACE	0	
std.os.linux.CLONE.VFORK	4	const	VFORK	0	
std.os.linux.CLONE.PARENT	4	const	PARENT	0	
std.os.linux.CLONE.THREAD	4	const	THREAD	0	
std.os.linux.CLONE.NEWNS	4	const	NEWNS	0	
std.os.linux.CLONE.SYSVSEM	4	const	SYSVSEM	0	
std.os.linux.CLONE.SETTLS	4	const	SETTLS	0	
std.os.linux.CLONE.PARENT_SETTID	4	const	PARENT_SETTID	0	
std.os.linux.CLONE.CHILD_CLEARTID	4	const	CHILD_CLEARTID	0	
std.os.linux.CLONE.DETACHED	4	const	DETACHED	0	
std.os.linux.CLONE.UNTRACED	4	const	UNTRACED	0	
std.os.linux.CLONE.CHILD_SETTID	4	const	CHILD_SETTID	0	
std.os.linux.CLONE.NEWCGROUP	4	const	NEWCGROUP	0	
std.os.linux.CLONE.NEWUTS	4	const	NEWUTS	0	
std.os.linux.CLONE.NEWIPC	4	const	NEWIPC	0	
std.os.linux.CLONE.NEWUSER	4	const	NEWUSER	0	
std.os.linux.CLONE.NEWPID	4	const	NEWPID	0	
std.os.linux.CLONE.NEWNET	4	const	NEWNET	0	
std.os.linux.CLONE.IO	4	const	IO	0	
std.os.linux.CLONE.CLEAR_SIGHAND	4	const	CLEAR_SIGHAND	0	
std.os.linux.CLONE.INTO_CGROUP	4	const	INTO_CGROUP	0	
std.os.linux.CLONE.NEWTIME	4	const	NEWTIME	0	
std.os.linux.EFD	3	struct	EFD	3	
std.os.linux.EFD.SEMAPHORE	4	const	SEMAPHORE	0	
std.os.linux.EFD.CLOEXEC	4	const	CLOEXEC	0	
std.os.linux.EFD.NONBLOCK	4	const	NONBLOCK	0	
std.os.linux.MS	3	struct	MS	32	
std.os.linux.MS.RDONLY	4	const	RDONLY	0	
std.os.linux.MS.NOSUID	4	const	NOSUID	0	
std.os.linux.MS.NODEV	4	const	NODEV	0	
std.os.linux.MS.NOEXEC	4	const	NOEXEC	0	
std.os.linux.MS.SYNCHRONOUS	4	const	SYNCHRONOUS	0	
std.os.linux.MS.REMOUNT	4	const	REMOUNT	0	
std.os.linux.MS.MANDLOCK	4	const	MANDLOCK	0	
std.os.linux.MS.DIRSYNC	4	const	DIRSYNC	0	
std.os.linux.MS.NOATIME	4	const	NOATIME	0	
std.os.linux.MS.NODIRATIME	4	const	NODIRATIME	0	
std.os.linux.MS.BIND	4	const	BIND	0	
std.os.linux.MS.MOVE	4	const	MOVE	0	
std.os.linux.MS.REC	4	const	REC	0	
std.os.linux.MS.SILENT	4	const	SILENT	0	
std.os.linux.MS.POSIXACL	4	const	POSIXACL	0	
std.os.linux.MS.UNBINDABLE	4	const	UNBINDABLE	0	
std.os.linux.MS.PRIVATE	4	const	PRIVATE	0	
std.os.linux.MS.SLAVE	4	const	SLAVE	0	
std.os.linux.MS.SHARED	4	const	SHARED	0	
std.os.linux.MS.RELATIME	4	const	RELATIME	0	
std.os.linux.MS.KERNMOUNT	4	const	KERNMOUNT	0	
std.os.linux.MS.I_VERSION	4	const	I_VERSION	0	
std.os.linux.MS.STRICTATIME	4	const	STRICTATIME	0	
std.os.linux.MS.LAZYTIME	4	const	LAZYTIME	0	
std.os.linux.MS.NOREMOTELOCK	4	const	NOREMOTELOCK	0	
std.os.linux.MS.NOSEC	4	const	NOSEC	0	
std.os.linux.MS.BORN	4	const	BORN	0	
std.os.linux.MS.ACTIVE	4	const	ACTIVE	0	
std.os.linux.MS.NOUSER	4	const	NOUSER	0	
std.os.linux.MS.RMT_MASK	4	const	RMT_MASK	0	
std.os.linux.MS.MGC_VAL	4	const	MGC_VAL	0	
std.os.linux.MS.MGC_MSK	4	const	MGC_MSK	0	
std.os.linux.MNT	3	struct	MNT	3	
std.os.linux.MNT.FORCE	4	const	FORCE	0	
std.os.linux.MNT.DETACH	4	const	DETACH	0	
std.os.linux.MNT.EXPIRE	4	const	EXPIRE	0	
std.os.linux.UMOUNT_NOFOLLOW	3	const	UMOUNT_NOFOLLOW	0	
std.os.linux.IN	3	struct	IN	27	
std.os.linux.IN.CLOEXEC	4	const	CLOEXEC	0	
std.os.linux.IN.NONBLOCK	4	const	NONBLOCK	0	
std.os.linux.IN.ACCESS	4	const	ACCESS	0	
std.os.linux.IN.MODIFY	4	const	MODIFY	0	
std.os.linux.IN.ATTRIB	4	const	ATTRIB	0	
std.os.linux.IN.CLOSE_WRITE	4	const	CLOSE_WRITE	0	
std.os.linux.IN.CLOSE_NOWRITE	4	const	CLOSE_NOWRITE	0	
std.os.linux.IN.CLOSE	4	const	CLOSE	0	
std.os.linux.IN.OPEN	4	const	OPEN	0	
std.os.linux.IN.MOVED_FROM	4	const	MOVED_FROM	0	
std.os.linux.IN.MOVED_TO	4	const	MOVED_TO	0	
std.os.linux.IN.MOVE	4	const	MOVE	0	
std.os.linux.IN.CREATE	4	const	CREATE	0	
std.os.linux.IN.DELETE	4	const	DELETE	0	
std.os.linux.IN.DELETE_SELF	4	const	DELETE_SELF	0	
std.os.linux.IN.MOVE_SELF	4	const	MOVE_SELF	0	
std.os.linux.IN.ALL_EVENTS	4	const	ALL_EVENTS	0	
std.os.linux.IN.UNMOUNT	4	const	UNMOUNT	0	
std.os.linux.IN.Q_OVERFLOW	4	const	Q_OVERFLOW	0	
std.os.linux.IN.IGNORED	4	const	IGNORED	0	
std.os.linux.IN.ONLYDIR	4	const	ONLYDIR	0	
std.os.linux.IN.DONT_FOLLOW	4	const	DONT_FOLLOW	0	
std.os.linux.IN.EXCL_UNLINK	4	const	EXCL_UNLINK	0	
std.os.linux.IN.MASK_CREATE	4	const	MASK_CREATE	0	
std.os.linux.IN.MASK_ADD	4	const	MASK_ADD	0	
std.os.linux.IN.ISDIR	4	const	ISDIR	0	
std.os.linux.IN.ONESHOT	4	const	ONESHOT	0	
std.os.linux.fanotify	3	struct	fanotify	8	
std.os.linux.fanotify.InitFlags	4	struct	InitFlags	0	
std.os.linux.fanotify.MarkFlags	4	struct	MarkFlags	0	
std.os.linux.fanotify.MarkMask	4	struct	MarkMask	0	
std.os.linux.fanotify.event_metadata	4	struct	event_metadata	1	
std.os.linux.fanotify.event_metadata.VERSION	5	const	VERSION	0	
std.os.linux.fanotify.response	4	struct	response	0	
std.os.linux.fanotify.event_info_fid	4	struct	event_info_fid	0	
std.os.linux.fanotify.event_info_header	4	struct	event_info_header	0	
std.os.linux.fanotify.EVENT_INFO_TYPE	4	enum	EVENT_INFO_TYPE	0	
std.os.linux.file_handle	3	struct	file_handle	0	
std.os.linux.kernel_fsid_t	3	alias	kernel_fsid_t	0	fsid_t
std.os.linux.fsid_t	3	const	fsid_t	0	
std.os.linux.S	3	struct	S	30	
std.os.linux.S.IFMT	4	const	IFMT	0	
std.os.linux.S.IFDIR	4	const	IFDIR	0	
std.os.linux.S.IFCHR	4	const	IFCHR	0	
std.os.linux.S.IFBLK	4	const	IFBLK	0	
std.os.linux.S.IFREG	4	const	IFREG	0	
std.os.linux.S.IFIFO	4	const	IFIFO	0	
std.os.linux.S.IFLNK	4	const	IFLNK	0	
std.os.linux.S.IFSOCK	4	const	IFSOCK	0	
std.os.linux.S.ISUID	4	const	ISUID	0	
std.os.linux.S.ISGID	4	const	ISGID	0	
std.os.linux.S.ISVTX	4	const	ISVTX	0	
std.os.linux.S.IRUSR	4	const	IRUSR	0	
std.os.linux.S.IWUSR	4	const	IWUSR	0	
std.os.linux.S.IXUSR	4	const	IXUSR	0	
std.os.linux.S.IRWXU	4	const	IRWXU	0	
std.os.linux.S.IRGRP	4	const	IRGRP	0	
std.os.linux.S.IWGRP	4	const	IWGRP	0	
std.os.linux.S.IXGRP	4	const	IXGRP	0	
std.os.linux.S.IRWXG	4	const	IRWXG	0	
std.os.linux.S.IROTH	4	const	IROTH	0	
std.os.linux.S.IWOTH	4	const	IWOTH	0	
std.os.linux.S.IXOTH	4	const	IXOTH	0	
std.os.linux.S.IRWXO	4	const	IRWXO	0	
std.os.linux.S.ISREG	4	fn	ISREG	0	1
std.os.linux.S.ISDIR	4	fn	ISDIR	0	1
std.os.linux.S.ISCHR	4	fn	ISCHR	0	1
std.os.linux.S.ISBLK	4	fn	ISBLK	0	1
std.os.linux.S.ISFIFO	4	fn	ISFIFO	0	1
std.os.linux.S.ISLNK	4	fn	ISLNK	0	1
std.os.linux.S.ISSOCK	4	fn	ISSOCK	0	1
std.os.linux.TFD	3	const	TFD	0	
std.os.linux.k_sigaction	3	const	k_sigaction	0	
std.os.linux.Sigaction	3	struct	Sigaction	2	
std.os.linux.Sigaction.handler_fn	4	const	handler_fn	0	
std.os.linux.Sigaction.sigaction_fn	4	const	sigaction_fn	0	
std.os.linux.SFD	3	struct	SFD	2	
std.os.linux.SFD.CLOEXEC	4	const	CLOEXEC	0	
std.os.linux.SFD.NONBLOCK	4	const	NONBLOCK	0	
std.os.linux.signalfd_siginfo	3	struct	signalfd_siginfo	0	
std.os.linux.in_port_t	3	alias	in_port_t	0	u16
std.os.linux.sa_family_t	3	alias	sa_family_t	0	u16
std.os.linux.socklen_t	3	alias	socklen_t	0	u32
std.os.linux.sockaddr	3	struct	sockaddr	9	
std.os.linux.sockaddr.SS_MAXSIZE	4	const	SS_MAXSIZE	0	
std.os.linux.sockaddr.storage	4	struct	storage	0	
std.os.linux.sockaddr.in	4	struct	in	0	
std.os.linux.sockaddr.in6	4	struct	in6	0	
std.os.linux.sockaddr.un	4	struct	un	0	
std.os.linux.sockaddr.ll	4	struct	ll	0	
std.os.linux.sockaddr.nl	4	struct	nl	0	
std.os.linux.sockaddr.xdp	4	struct	xdp	0	
std.os.linux.sockaddr.vm	4	struct	vm	0	
std.os.linux.mmsghdr	3	struct	mmsghdr	0	
std.os.linux.epoll_data	3	union	epoll_data	0	
std.os.linux.epoll_event	3	struct	epoll_event	0	
std.os.linux.VFS_CAP_REVISION_MASK	3	const	VFS_CAP_REVISION_MASK	0	
std.os.linux.VFS_CAP_REVISION_SHIFT	3	const	VFS_CAP_REVISION_SHIFT	0	
std.os.linux.VFS_CAP_FLAGS_MASK	3	const	VFS_CAP_FLAGS_MASK	0	
std.os.linux.VFS_CAP_FLAGS_EFFECTIVE	3	const	VFS_CAP_FLAGS_EFFECTIVE	0	
std.os.linux.VFS_CAP_REVISION_1	3	const	VFS_CAP_REVISION_1	0	
std.os.linux.VFS_CAP_U32_1	3	const	VFS_CAP_U32_1	0	
std.os.linux.XATTR_CAPS_SZ_1	3	const	XATTR_CAPS_SZ_1	0	
std.os.linux.VFS_CAP_REVISION_2	3	const	VFS_CAP_REVISION_2	0	
std.os.linux.VFS_CAP_U32_2	3	const	VFS_CAP_U32_2	0	
std.os.linux.XATTR_CAPS_SZ_2	3	const	XATTR_CAPS_SZ_2	0	
std.os.linux.XATTR_CAPS_SZ	3	alias	XATTR_CAPS_SZ	0	XATTR_CAPS_SZ_2
std.os.linux.VFS_CAP_U32	3	alias	VFS_CAP_U32	0	VFS_CAP_U32_2
std.os.linux.VFS_CAP_REVISION	3	alias	VFS_CAP_REVISION	0	VFS_CAP_REVISION_2
std.os.linux.vfs_cap_data	3	struct	vfs_cap_data	0	
std.os.linux.CAP	3	struct	CAP	45	
std.os.linux.CAP.CHOWN	4	const	CHOWN	0	
std.os.linux.CAP.DAC_OVERRIDE	4	const	DAC_OVERRIDE	0	
std.os.linux.CAP.DAC_READ_SEARCH	4	const	DAC_READ_SEARCH	0	
std.os.linux.CAP.FOWNER	4	const	FOWNER	0	
std.os.linux.CAP.FSETID	4	const	FSETID	0	
std.os.linux.CAP.KILL	4	const	KILL	0	
std.os.linux.CAP.SETGID	4	const	SETGID	0	
std.os.linux.CAP.SETUID	4	const	SETUID	0	
std.os.linux.CAP.SETPCAP	4	const	SETPCAP	0	
std.os.linux.CAP.LINUX_IMMUTABLE	4	const	LINUX_IMMUTABLE	0	
std.os.linux.CAP.NET_BIND_SERVICE	4	const	NET_BIND_SERVICE	0	
std.os.linux.CAP.NET_BROADCAST	4	const	NET_BROADCAST	0	
std.os.linux.CAP.NET_ADMIN	4	const	NET_ADMIN	0	
std.os.linux.CAP.NET_RAW	4	const	NET_RAW	0	
std.os.linux.CAP.IPC_LOCK	4	const	IPC_LOCK	0	
std.os.linux.CAP.IPC_OWNER	4	const	IPC_OWNER	0	
std.os.linux.CAP.SYS_MODULE	4	const	SYS_MODULE	0	
std.os.linux.CAP.SYS_RAWIO	4	const	SYS_RAWIO	0	
std.os.linux.CAP.SYS_CHROOT	4	const	SYS_CHROOT	0	
std.os.linux.CAP.SYS_PTRACE	4	const	SYS_PTRACE	0	
std.os.linux.CAP.SYS_PACCT	4	const	SYS_PACCT	0	
std.os.linux.CAP.SYS_ADMIN	4	const	SYS_ADMIN	0	
std.os.linux.CAP.SYS_BOOT	4	const	SYS_BOOT	0	
std.os.linux.CAP.SYS_NICE	4	const	SYS_NICE	0	
std.os.linux.CAP.SYS_RESOURCE	4	const	SYS_RESOURCE	0	
std.os.linux.CAP.SYS_TIME	4	const	SYS_TIME	0	
std.os.linux.CAP.SYS_TTY_CONFIG	4	const	SYS_TTY_CONFIG	0	
std.os.linux.CAP.MKNOD	4	const	MKNOD	0	
std.os.linux.CAP.LEASE	4	const	LEASE	0	
std.os.linux.CAP.AUDIT_WRITE	4	const	AUDIT_WRITE	0	
std.os.linux.CAP.AUDIT_CONTROL	4	const	AUDIT_CONTROL	0	
std.os.linux.CAP.SETFCAP	4	const	SETFCAP	0	
std.os.linux.CAP.MAC_OVERRIDE	4	const	MAC_OVERRIDE	0	
std.os.linux.CAP.MAC_ADMIN	4	const	MAC_ADMIN	0	
std.os.linux.CAP.SYSLOG	4	const	SYSLOG	0	
std.os.linux.CAP.WAKE_ALARM	4	const	WAKE_ALARM	0	
std.os.linux.CAP.BLOCK_SUSPEND	4	const	BLOCK_SUSPEND	0	
std.os.linux.CAP.AUDIT_READ	4	const	AUDIT_READ	0	
std.os.linux.CAP.PERFMON	4	const	PERFMON	0	
std.os.linux.CAP.BPF	4	const	BPF	0	
std.os.linux.CAP.CHECKPOINT_RESTORE	4	const	CHECKPOINT_RESTORE	0	
std.os.linux.CAP.LAST_CAP	4	alias	LAST_CAP	0	CHECKPOINT_RESTORE
std.os.linux.CAP.valid	4	fn	valid	0	1
std.os.linux.CAP.TO_MASK	4	fn	TO_MASK	0	1
std.os.linux.CAP.TO_INDEX	4	fn	TO_INDEX	0	1
std.os.linux.cap_t	3	struct	cap_t	0	
std.os.linux.cap_user_header_t	3	struct	cap_user_header_t	0	
std.os.linux.cap_user_data_t	3	struct	cap_user_data_t	0	
std.os.linux.inotify_event	3	struct	inotify_event	1	
std.os.linux.inotify_event.getName	4	fn	getName	0	1
std.os.linux.dirent64	3	struct	dirent64	0	
std.os.linux.dl_phdr_info	3	struct	dl_phdr_info	0	
std.os.linux.CPU_SETSIZE	3	const	CPU_SETSIZE	0	
std.os.linux.cpu_set_t	3	const	cpu_set_t	0	
std.os.linux.cpu_count_t	3	const	cpu_count_t	0	
std.os.linux.CPU_COUNT	3	fn	CPU_COUNT	0	1
std.os.linux.MINSIGSTKSZ	3	const	MINSIGSTKSZ	0	
std.os.linux.SIGSTKSZ	3	const	SIGSTKSZ	0	
std.os.linux.SS	3	struct	SS	3	
std.os.linux.SS.ONSTACK	4	const	ONSTACK	0	
std.os.linux.SS.DISABLE	4	const	DISABLE	0	
std.os.linux.SS.AUTODISARM	4	const	AUTODISARM	0	
std.os.linux.stack_t	3	const	stack_t	0	
std.os.linux.sigval	3	union	sigval	0	
std.os.linux.CLD	3	enum	CLD	0	
std.os.linux.siginfo_t	3	const	siginfo_t	0	
std.os.linux.IORING_SETUP_IOPOLL	3	const	IORING_SETUP_IOPOLL	0	
std.os.linux.IORING_SETUP_SQPOLL	3	const	IORING_SETUP_SQPOLL	0	
std.os.linux.IORING_SETUP_SQ_AFF	3	const	IORING_SETUP_SQ_AFF	0	
std.os.linux.IORING_SETUP_CQSIZE	3	const	IORING_SETUP_CQSIZE	0	
std.os.linux.IORING_SETUP_CLAMP	3	const	IORING_SETUP_CLAMP	0	
std.os.linux.IORING_SETUP_ATTACH_WQ	3	const	IORING_SETUP_ATTACH_WQ	0	
std.os.linux.IORING_SETUP_R_DISABLED	3	const	IORING_SETUP_R_DISABLED	0	
std.os.linux.IORING_SETUP_SUBMIT_ALL	3	const	IORING_SETUP_SUBMIT_ALL	0	
std.os.linux.IORING_SETUP_COOP_TASKRUN	3	const	IORING_SETUP_COOP_TASKRUN	0	
std.os.linux.IORING_SETUP_TASKRUN_FLAG	3	const	IORING_SETUP_TASKRUN_FLAG	0	
std.os.linux.IORING_SETUP_SQE128	3	const	IORING_SETUP_SQE128	0	
std.os.linux.IORING_SETUP_CQE32	3	const	IORING_SETUP_CQE32	0	
std.os.linux.IORING_SETUP_SINGLE_ISSUER	3	const	IORING_SETUP_SINGLE_ISSUER	0	
std.os.linux.IORING_SETUP_DEFER_TASKRUN	3	const	IORING_SETUP_DEFER_TASKRUN	0	
std.os.linux.IORING_SETUP_NO_MMAP	3	const	IORING_SETUP_NO_MMAP	0	
std.os.linux.IORING_SETUP_REGISTERED_FD_ONLY	3	const	IORING_SETUP_REGISTERED_FD_ONLY	0	
std.os.linux.IORING_SETUP_NO_SQARRAY	3	const	IORING_SETUP_NO_SQARRAY	0	
std.os.linux.io_uring_sqe	3	struct	io_uring_sqe	58	
std.os.linux.io_uring_sqe.prep_nop	4	fn	prep_nop	0	1
std.os.linux.io_uring_sqe.prep_fsync	4	fn	prep_fsync	0	3
std.os.linux.io_uring_sqe.prep_rw	4	fn	prep_rw	0	6
std.os.linux.io_uring_sqe.prep_read	4	fn	prep_read	0	4
std.os.linux.io_uring_sqe.prep_write	4	fn	prep_write	0	4
std.os.linux.io_uring_sqe.prep_splice	4	fn	prep_splice	0	6
std.os.linux.io_uring_sqe.prep_readv	4	fn	prep_readv	0	4
std.os.linux.io_uring_sqe.prep_writev	4	fn	prep_writev	0	4
std.os.linux.io_uring_sqe.prep_read_fixed	4	fn	prep_read_fixed	0	5
std.os.linux.io_uring_sqe.prep_write_fixed	4	fn	prep_write_fixed	0	5
std.os.linux.io_uring_sqe.prep_accept	4	fn	prep_accept	0	5
std.os.linux.io_uring_sqe.prep_accept_direct	4	fn	prep_accept_direct	0	6
std.os.linux.io_uring_sqe.prep_multishot_accept_direct	4	fn	prep_multishot_accept_direct	0	5
std.os.linux.io_uring_sqe.prep_connect	4	fn	prep_connect	0	4
std.os.linux.io_uring_sqe.prep_epoll_ctl	4	fn	prep_epoll_ctl	0	5
std.os.linux.io_uring_sqe.prep_recv	4	fn	prep_recv	0	4
std.os.linux.io_uring_sqe.prep_recv_multishot	4	fn	prep_recv_multishot	0	4
std.os.linux.io_uring_sqe.prep_recvmsg	4	fn	prep_recvmsg	0	4
std.os.linux.io_uring_sqe.prep_recvmsg_multishot	4	fn	prep_recvmsg_multishot	0	4
std.os.linux.io_uring_sqe.prep_send	4	fn	prep_send	0	4
std.os.linux.io_uring_sqe.prep_send_zc	4	fn	prep_send_zc	0	5
std.os.linux.io_uring_sqe.prep_send_zc_fixed	4	fn	prep_send_zc_fixed	0	6
std.os.linux.io_uring_sqe.prep_sendmsg_zc	4	fn	prep_sendmsg_zc	0	4
std.os.linux.io_uring_sqe.prep_sendmsg	4	fn	prep_sendmsg	0	4
std.os.linux.io_uring_sqe.prep_openat	4	fn	prep_openat	0	5
std.os.linux.io_uring_sqe.prep_openat_direct	4	fn	prep_openat_direct	0	6
std.os.linux.io_uring_sqe.prep_close	4	fn	prep_close	0	2
std.os.linux.io_uring_sqe.prep_close_direct	4	fn	prep_close_direct	0	2
std.os.linux.io_uring_sqe.prep_timeout	4	fn	prep_timeout	0	4
std.os.linux.io_uring_sqe.prep_timeout_remove	4	fn	prep_timeout_remove	0	3
std.os.linux.io_uring_sqe.prep_link_timeout	4	fn	prep_link_timeout	0	3
std.os.linux.io_uring_sqe.prep_poll_add	4	fn	prep_poll_add	0	3
std.os.linux.io_uring_sqe.prep_poll_remove	4	fn	prep_poll_remove	0	2
std.os.linux.io_uring_sqe.prep_poll_update	4	fn	prep_poll_update	0	5
std.os.linux.io_uring_sqe.prep_fallocate	4	fn	prep_fallocate	0	5
std.os.linux.io_uring_sqe.prep_statx	4	fn	prep_statx	0	6
std.os.linux.io_uring_sqe.prep_cancel	4	fn	prep_cancel	0	3
std.os.linux.io_uring_sqe.prep_cancel_fd	4	fn	prep_cancel_fd	0	3
std.os.linux.io_uring_sqe.prep_shutdown	4	fn	prep_shutdown	0	3
std.os.linux.io_uring_sqe.prep_renameat	4	fn	prep_renameat	0	6
std.os.linux.io_uring_sqe.prep_unlinkat	4	fn	prep_unlinkat	0	4
std.os.linux.io_uring_sqe.prep_mkdirat	4	fn	prep_mkdirat	0	4
std.os.linux.io_uring_sqe.prep_symlinkat	4	fn	prep_symlinkat	0	4
std.os.linux.io_uring_sqe.prep_linkat	4	fn	prep_linkat	0	6
std.os.linux.io_uring_sqe.prep_files_update	4	fn	prep_files_update	0	3
std.os.linux.io_uring_sqe.prep_files_update_alloc	4	fn	prep_files_update_alloc	0	2
std.os.linux.io_uring_sqe.prep_provide_buffers	4	fn	prep_provide_buffers	0	6
std.os.linux.io_uring_sqe.prep_remove_buffers	4	fn	prep_remove_buffers	0	3
std.os.linux.io_uring_sqe.prep_multishot_accept	4	fn	prep_multishot_accept	0	5
std.os.linux.io_uring_sqe.prep_socket	4	fn	prep_socket	0	5
std.os.linux.io_uring_sqe.prep_socket_direct	4	fn	prep_socket_direct	0	6
std.os.linux.io_uring_sqe.prep_socket_direct_alloc	4	fn	prep_socket_direct_alloc	0	5
std.os.linux.io_uring_sqe.prep_waitid	4	fn	prep_waitid	0	6
std.os.linux.io_uring_sqe.prep_bind	4	fn	prep_bind	0	5
std.os.linux.io_uring_sqe.prep_listen	4	fn	prep_listen	0	4
std.os.linux.io_uring_sqe.prep_cmd_sock	4	fn	prep_cmd_sock	0	7
std.os.linux.io_uring_sqe.set_flags	4	fn	set_flags	0	2
std.os.linux.io_uring_sqe.link_next	4	fn	link_next	0	1
std.os.linux.IoUring	3	ns	IoUring	91	os/linux/IoUring.zig
std.os.linux.IoUring.init	4	fn	init	0	2
std.os.linux.IoUring.init_params	4	fn	init_params	0	2
std.os.linux.IoUring.deinit	4	fn	deinit	0	1
std.os.linux.IoUring.get_sqe	4	fn	get_sqe	0	1
std.os.linux.IoUring.submit	4	fn	submit	0	1
std.os.linux.IoUring.submit_and_wait	4	fn	submit_and_wait	0	2
std.os.linux.IoUring.enter	4	fn	enter	0	4
std.os.linux.IoUring.flush_sq	4	fn	flush_sq	0	1
std.os.linux.IoUring.sq_ring_needs_enter	4	fn	sq_ring_needs_enter	0	2
std.os.linux.IoUring.sq_ready	4	fn	sq_ready	0	1
std.os.linux.IoUring.cq_ready	4	fn	cq_ready	0	1
std.os.linux.IoUring.copy_cqes	4	fn	copy_cqes	0	3
std.os.linux.IoUring.copy_cqe	4	fn	copy_cqe	0	1
std.os.linux.IoUring.cq_ring_needs_flush	4	fn	cq_ring_needs_flush	0	1
std.os.linux.IoUring.cqe_seen	4	fn	cqe_seen	0	2
std.os.linux.IoUring.cq_advance	4	fn	cq_advance	0	2
std.os.linux.IoUring.fsync	4	fn	fsync	0	4
std.os.linux.IoUring.nop	4	fn	nop	0	2
std.os.linux.IoUring.ReadBuffer	4	union	ReadBuffer	0	
std.os.linux.IoUring.read	4	fn	read	0	5
std.os.linux.IoUring.write	4	fn	write	0	5
std.os.linux.IoUring.splice	4	fn	splice	0	7
std.os.linux.IoUring.read_fixed	4	fn	read_fixed	0	6
std.os.linux.IoUring.writev	4	fn	writev	0	5
std.os.linux.IoUring.write_fixed	4	fn	write_fixed	0	6
std.os.linux.IoUring.accept	4	fn	accept	0	6
std.os.linux.IoUring.accept_multishot	4	fn	accept_multishot	0	6
std.os.linux.IoUring.accept_direct	4	fn	accept_direct	0	6
std.os.linux.IoUring.accept_multishot_direct	4	fn	accept_multishot_direct	0	6
std.os.linux.IoUring.connect	4	fn	connect	0	5
std.os.linux.IoUring.epoll_ctl	4	fn	epoll_ctl	0	6
std.os.linux.IoUring.RecvBuffer	4	union	RecvBuffer	0	
std.os.linux.IoUring.recv	4	fn	recv	0	5
std.os.linux.IoUring.send	4	fn	send	0	5
std.os.linux.IoUring.send_zc	4	fn	send_zc	0	6
std.os.linux.IoUring.send_zc_fixed	4	fn	send_zc_fixed	0	7
std.os.linux.IoUring.recvmsg	4	fn	recvmsg	0	5
std.os.linux.IoUring.sendmsg	4	fn	sendmsg	0	5
std.os.linux.IoUring.sendmsg_zc	4	fn	sendmsg_zc	0	5
std.os.linux.IoUring.openat	4	fn	openat	0	6
std.os.linux.IoUring.openat_direct	4	fn	openat_direct	0	7
std.os.linux.IoUring.close	4	fn	close	0	3
std.os.linux.IoUring.close_direct	4	fn	close_direct	0	3
std.os.linux.IoUring.timeout	4	fn	timeout	0	5
std.os.linux.IoUring.timeout_remove	4	fn	timeout_remove	0	4
std.os.linux.IoUring.link_timeout	4	fn	link_timeout	0	4
std.os.linux.IoUring.poll_add	4	fn	poll_add	0	4
std.os.linux.IoUring.poll_remove	4	fn	poll_remove	0	3
std.os.linux.IoUring.poll_update	4	fn	poll_update	0	6
std.os.linux.IoUring.fallocate	4	fn	fallocate	0	6
std.os.linux.IoUring.statx	4	fn	statx	0	7
std.os.linux.IoUring.cancel	4	fn	cancel	0	4
std.os.linux.IoUring.shutdown	4	fn	shutdown	0	4
std.os.linux.IoUring.renameat	4	fn	renameat	0	7
std.os.linux.IoUring.unlinkat	4	fn	unlinkat	0	5
std.os.linux.IoUring.mkdirat	4	fn	mkdirat	0	5
std.os.linux.IoUring.symlinkat	4	fn	symlinkat	0	5
std.os.linux.IoUring.linkat	4	fn	linkat	0	7
std.os.linux.IoUring.provide_buffers	4	fn	provide_buffers	0	7
std.os.linux.IoUring.remove_buffers	4	fn	remove_buffers	0	4
std.os.linux.IoUring.waitid	4	fn	waitid	0	7
std.os.linux.IoUring.register_files	4	fn	register_files	0	2
std.os.linux.IoUring.register_files_update	4	fn	register_files_update	0	3
std.os.linux.IoUring.register_files_sparse	4	fn	register_files_sparse	0	2
std.os.linux.IoUring.register_file_alloc_range	4	fn	register_file_alloc_range	0	3
std.os.linux.IoUring.register_eventfd	4	fn	register_eventfd	0	2
std.os.linux.IoUring.register_eventfd_async	4	fn	register_eventfd_async	0	2
std.os.linux.IoUring.unregister_eventfd	4	fn	unregister_eventfd	0	1
std.os.linux.IoUring.register_napi	4	fn	register_napi	0	2
std.os.linux.IoUring.unregister_napi	4	fn	unregister_napi	0	2
std.os.linux.IoUring.register_buffers	4	fn	register_buffers	0	2
std.os.linux.IoUring.unregister_buffers	4	fn	unregister_buffers	0	1
std.os.linux.IoUring.get_probe	4	fn	get_probe	0	1
std.os.linux.IoUring.unregister_files	4	fn	unregister_files	0	1
std.os.linux.IoUring.socket	4	fn	socket	0	6
std.os.linux.IoUring.socket_direct	4	fn	socket_direct	0	7
std.os.linux.IoUring.socket_direct_alloc	4	fn	socket_direct_alloc	0	6
std.os.linux.IoUring.bind	4	fn	bind	0	6
std.os.linux.IoUring.listen	4	fn	listen	0	5
std.os.linux.IoUring.cmd_sock	4	fn	cmd_sock	0	8
std.os.linux.IoUring.setsockopt	4	fn	setsockopt	0	6
std.os.linux.IoUring.getsockopt	4	fn	getsockopt	0	6
std.os.linux.IoUring.SubmissionQueue	4	struct	SubmissionQueue	2	
std.os.linux.IoUring.SubmissionQueue.init	5	fn	init	0	2
std.os.linux.IoUring.SubmissionQueue.deinit	5	fn	deinit	0	1
std.os.linux.IoUring.CompletionQueue	4	struct	CompletionQueue	2	
std.os.linux.IoUring.CompletionQueue.init	5	fn	init	0	3
std.os.linux.IoUring.CompletionQueue.deinit	5	fn	deinit	0	1
std.os.linux.IoUring.BufferGroup	4	struct	BufferGroup	7	
std.os.linux.IoUring.BufferGroup.init	5	fn	init	0	5
std.os.linux.IoUring.BufferGroup.deinit	5	fn	deinit	0	2
std.os.linux.IoUring.BufferGroup.recv	5	fn	recv	0	4
std.os.linux.IoUring.BufferGroup.recv_multishot	5	fn	recv_multishot	0	4
std.os.linux.IoUring.BufferGroup.get_by_id	5	fn	get_by_id	0	2
std.os.linux.IoUring.BufferGroup.get	5	fn	get	0	2
std.os.linux.IoUring.BufferGroup.put	5	fn	put	0	2
std.os.linux.IoUring.setup_buf_ring	4	fn	setup_buf_ring	0	4
std.os.linux.IoUring.free_buf_ring	4	fn	free_buf_ring	0	4
std.os.linux.IoUring.buf_ring_init	4	fn	buf_ring_init	0	1
std.os.linux.IoUring.buf_ring_mask	4	fn	buf_ring_mask	0	1
std.os.linux.IoUring.buf_ring_add	4	fn	buf_ring_add	0	5
std.os.linux.IoUring.buf_ring_advance	4	fn	buf_ring_advance	0	2
std.os.linux.IORING_FILE_INDEX_ALLOC	3	const	IORING_FILE_INDEX_ALLOC	0	
std.os.linux.IOSQE_BIT	3	enum	IOSQE_BIT	0	
std.os.linux.IOSQE_FIXED_FILE	3	const	IOSQE_FIXED_FILE	0	
std.os.linux.IOSQE_IO_DRAIN	3	const	IOSQE_IO_DRAIN	0	
std.os.linux.IOSQE_IO_LINK	3	const	IOSQE_IO_LINK	0	
std.os.linux.IOSQE_IO_HARDLINK	3	const	IOSQE_IO_HARDLINK	0	
std.os.linux.IOSQE_ASYNC	3	const	IOSQE_ASYNC	0	
std.os.linux.IOSQE_BUFFER_SELECT	3	const	IOSQE_BUFFER_SELECT	0	
std.os.linux.IOSQE_CQE_SKIP_SUCCESS	3	const	IOSQE_CQE_SKIP_SUCCESS	0	
std.os.linux.IORING_OP	3	enum	IORING_OP	0	
std.os.linux.IORING_URING_CMD_FIXED	3	const	IORING_URING_CMD_FIXED	0	
std.os.linux.IORING_FSYNC_DATASYNC	3	const	IORING_FSYNC_DATASYNC	0	
std.os.linux.IORING_TIMEOUT_ABS	3	const	IORING_TIMEOUT_ABS	0	
std.os.linux.IORING_TIMEOUT_UPDATE	3	const	IORING_TIMEOUT_UPDATE	0	
std.os.linux.IORING_TIMEOUT_BOOTTIME	3	const	IORING_TIMEOUT_BOOTTIME	0	
std.os.linux.IORING_TIMEOUT_REALTIME	3	const	IORING_TIMEOUT_REALTIME	0	
std.os.linux.IORING_LINK_TIMEOUT_UPDATE	3	const	IORING_LINK_TIMEOUT_UPDATE	0	
std.os.linux.IORING_TIMEOUT_ETIME_SUCCESS	3	const	IORING_TIMEOUT_ETIME_SUCCESS	0	
std.os.linux.IORING_TIMEOUT_CLOCK_MASK	3	const	IORING_TIMEOUT_CLOCK_MASK	0	
std.os.linux.IORING_TIMEOUT_UPDATE_MASK	3	const	IORING_TIMEOUT_UPDATE_MASK	0	
std.os.linux.IORING_SPLICE_F_FD_IN_FIXED	3	const	IORING_SPLICE_F_FD_IN_FIXED	0	
std.os.linux.IORING_POLL_ADD_MULTI	3	const	IORING_POLL_ADD_MULTI	0	
std.os.linux.IORING_POLL_UPDATE_EVENTS	3	const	IORING_POLL_UPDATE_EVENTS	0	
std.os.linux.IORING_POLL_UPDATE_USER_DATA	3	const	IORING_POLL_UPDATE_USER_DATA	0	
std.os.linux.IORING_POLL_ADD_LEVEL	3	const	IORING_POLL_ADD_LEVEL	0	
std.os.linux.IORING_ASYNC_CANCEL_ALL	3	const	IORING_ASYNC_CANCEL_ALL	0	
std.os.linux.IORING_ASYNC_CANCEL_FD	3	const	IORING_ASYNC_CANCEL_FD	0	
std.os.linux.IORING_ASYNC_CANCEL_ANY	3	const	IORING_ASYNC_CANCEL_ANY	0	
std.os.linux.IORING_ASYNC_CANCEL_FD_FIXED	3	const	IORING_ASYNC_CANCEL_FD_FIXED	0	
std.os.linux.IORING_RECVSEND_POLL_FIRST	3	const	IORING_RECVSEND_POLL_FIRST	0	
std.os.linux.IORING_RECV_MULTISHOT	3	const	IORING_RECV_MULTISHOT	0	
std.os.linux.IORING_RECVSEND_FIXED_BUF	3	const	IORING_RECVSEND_FIXED_BUF	0	
std.os.linux.IORING_SEND_ZC_REPORT_USAGE	3	const	IORING_SEND_ZC_REPORT_USAGE	0	
std.os.linux.IORING_RECVSEND_BUNDLE	3	const	IORING_RECVSEND_BUNDLE	0	
std.os.linux.IORING_NOTIF_USAGE_ZC_COPIED	3	const	IORING_NOTIF_USAGE_ZC_COPIED	0	
std.os.linux.IORING_ACCEPT_MULTISHOT	3	const	IORING_ACCEPT_MULTISHOT	0	
std.os.linux.IORING_MSG_RING_COMMAND	3	enum	IORING_MSG_RING_COMMAND	0	
std.os.linux.IORING_MSG_RING_CQE_SKIP	3	const	IORING_MSG_RING_CQE_SKIP	0	
std.os.linux.IORING_MSG_RING_FLAGS_PASS	3	const	IORING_MSG_RING_FLAGS_PASS	0	
std.os.linux.io_uring_cqe	3	struct	io_uring_cqe	2	
std.os.linux.io_uring_cqe.err	4	fn	err	0	1
std.os.linux.io_uring_cqe.buffer_id	4	fn	buffer_id	0	1
std.os.linux.IORING_CQE_F_BUFFER	3	const	IORING_CQE_F_BUFFER	0	
std.os.linux.IORING_CQE_F_MORE	3	const	IORING_CQE_F_MORE	0	
std.os.linux.IORING_CQE_F_SOCK_NONEMPTY	3	const	IORING_CQE_F_SOCK_NONEMPTY	0	
std.os.linux.IORING_CQE_F_NOTIF	3	const	IORING_CQE_F_NOTIF	0	
std.os.linux.IORING_CQE_F_BUF_MORE	3	const	IORING_CQE_F_BUF_MORE	0	
std.os.linux.IORING_CQE_F_SKIP	3	const	IORING_CQE_F_SKIP	0	
std.os.linux.IORING_CQE_F_32	3	const	IORING_CQE_F_32	0	
std.os.linux.IORING_CQE_BUFFER_SHIFT	3	const	IORING_CQE_BUFFER_SHIFT	0	
std.os.linux.IORING_OFF_SQ_RING	3	const	IORING_OFF_SQ_RING	0	
std.os.linux.IORING_OFF_CQ_RING	3	const	IORING_OFF_CQ_RING	0	
std.os.linux.IORING_OFF_SQES	3	const	IORING_OFF_SQES	0	
std.os.linux.io_sqring_offsets	3	struct	io_sqring_offsets	0	
std.os.linux.IORING_SQ_NEED_WAKEUP	3	const	IORING_SQ_NEED_WAKEUP	0	
std.os.linux.IORING_SQ_CQ_OVERFLOW	3	const	IORING_SQ_CQ_OVERFLOW	0	
std.os.linux.IORING_SQ_TASKRUN	3	const	IORING_SQ_TASKRUN	0	
std.os.linux.io_cqring_offsets	3	struct	io_cqring_offsets	0	
std.os.linux.IORING_CQ_EVENTFD_DISABLED	3	const	IORING_CQ_EVENTFD_DISABLED	0	
std.os.linux.IORING_ENTER_GETEVENTS	3	const	IORING_ENTER_GETEVENTS	0	
std.os.linux.IORING_ENTER_SQ_WAKEUP	3	const	IORING_ENTER_SQ_WAKEUP	0	
std.os.linux.IORING_ENTER_SQ_WAIT	3	const	IORING_ENTER_SQ_WAIT	0	
std.os.linux.IORING_ENTER_EXT_ARG	3	const	IORING_ENTER_EXT_ARG	0	
std.os.linux.IORING_ENTER_REGISTERED_RING	3	const	IORING_ENTER_REGISTERED_RING	0	
std.os.linux.io_uring_params	3	struct	io_uring_params	0	
std.os.linux.IORING_FEAT_SINGLE_MMAP	3	const	IORING_FEAT_SINGLE_MMAP	0	
std.os.linux.IORING_FEAT_NODROP	3	const	IORING_FEAT_NODROP	0	
std.os.linux.IORING_FEAT_SUBMIT_STABLE	3	const	IORING_FEAT_SUBMIT_STABLE	0	
std.os.linux.IORING_FEAT_RW_CUR_POS	3	const	IORING_FEAT_RW_CUR_POS	0	
std.os.linux.IORING_FEAT_CUR_PERSONALITY	3	const	IORING_FEAT_CUR_PERSONALITY	0	
std.os.linux.IORING_FEAT_FAST_POLL	3	const	IORING_FEAT_FAST_POLL	0	
std.os.linux.IORING_FEAT_POLL_32BITS	3	const	IORING_FEAT_POLL_32BITS	0	
std.os.linux.IORING_FEAT_SQPOLL_NONFIXED	3	const	IORING_FEAT_SQPOLL_NONFIXED	0	
std.os.linux.IORING_FEAT_EXT_ARG	3	const	IORING_FEAT_EXT_ARG	0	
std.os.linux.IORING_FEAT_NATIVE_WORKERS	3	const	IORING_FEAT_NATIVE_WORKERS	0	
std.os.linux.IORING_FEAT_RSRC_TAGS	3	const	IORING_FEAT_RSRC_TAGS	0	
std.os.linux.IORING_FEAT_CQE_SKIP	3	const	IORING_FEAT_CQE_SKIP	0	
std.os.linux.IORING_FEAT_LINKED_FILE	3	const	IORING_FEAT_LINKED_FILE	0	
std.os.linux.IORING_REGISTER	3	enum	IORING_REGISTER	0	
std.os.linux.IOWQ_CATEGORIES	3	enum	IOWQ_CATEGORIES	0	
std.os.linux.io_uring_files_update	3	struct	io_uring_files_update	0	
std.os.linux.IORING_RSRC_REGISTER_SPARSE	3	const	IORING_RSRC_REGISTER_SPARSE	0	
std.os.linux.io_uring_rsrc_register	3	struct	io_uring_rsrc_register	0	
std.os.linux.io_uring_rsrc_update	3	struct	io_uring_rsrc_update	0	
std.os.linux.io_uring_rsrc_update2	3	struct	io_uring_rsrc_update2	0	
std.os.linux.io_uring_notification_slot	3	struct	io_uring_notification_slot	0	
std.os.linux.io_uring_notification_register	3	struct	io_uring_notification_register	0	
std.os.linux.io_uring_napi	3	struct	io_uring_napi	0	
std.os.linux.IORING_REGISTER_FILES_SKIP	3	const	IORING_REGISTER_FILES_SKIP	0	
std.os.linux.IO_URING_OP_SUPPORTED	3	const	IO_URING_OP_SUPPORTED	0	
std.os.linux.io_uring_probe_op	3	struct	io_uring_probe_op	1	
std.os.linux.io_uring_probe_op.is_supported	4	fn	is_supported	0	1
std.os.linux.io_uring_probe	3	struct	io_uring_probe	1	
std.os.linux.io_uring_probe.is_supported	4	fn	is_supported	0	2
std.os.linux.io_uring_restriction	3	struct	io_uring_restriction	0	
std.os.linux.IORING_RESTRICTION	3	enum	IORING_RESTRICTION	0	
std.os.linux.IO_URING_SOCKET_OP	3	enum	IO_URING_SOCKET_OP	0	
std.os.linux.io_uring_buf	3	struct	io_uring_buf	0	
std.os.linux.io_uring_buf_ring	3	struct	io_uring_buf_ring	0	
std.os.linux.io_uring_buf_reg	3	struct	io_uring_buf_reg	1	
std.os.linux.io_uring_buf_reg.Flags	4	struct	Flags	0	
std.os.linux.io_uring_getevents_arg	3	struct	io_uring_getevents_arg	0	
std.os.linux.io_uring_sync_cancel_reg	3	struct	io_uring_sync_cancel_reg	0	
std.os.linux.io_uring_file_index_range	3	struct	io_uring_file_index_range	0	
std.os.linux.io_uring_recvmsg_out	3	struct	io_uring_recvmsg_out	0	
std.os.linux.utsname	3	struct	utsname	0	
std.os.linux.HOST_NAME_MAX	3	const	HOST_NAME_MAX	0	
std.os.linux.STATX	3	struct	STATX	1	
std.os.linux.STATX.BASIC_STATS	4	const	BASIC_STATS	0	
std.os.linux.STATX_ATTR	3	struct	STATX_ATTR	0	
std.os.linux.statx_timestamp	3	struct	statx_timestamp	0	
std.os.linux.Statx	3	struct	Statx	0	
std.os.linux.addrinfo	3	struct	addrinfo	0	
std.os.linux.AI	3	struct	AI	0	
std.os.linux.IPPORT_RESERVED	3	const	IPPORT_RESERVED	0	
std.os.linux.IPPROTO	3	struct	IPPROTO	33	
std.os.linux.IPPROTO.IP	4	const	IP	0	
std.os.linux.IPPROTO.HOPOPTS	4	const	HOPOPTS	0	
std.os.linux.IPPROTO.ICMP	4	const	ICMP	0	
std.os.linux.IPPROTO.IGMP	4	const	IGMP	0	
std.os.linux.IPPROTO.IPIP	4	const	IPIP	0	
std.os.linux.IPPROTO.TCP	4	const	TCP	0	
std.os.linux.IPPROTO.EGP	4	const	EGP	0	
std.os.linux.IPPROTO.PUP	4	const	PUP	0	
std.os.linux.IPPROTO.UDP	4	const	UDP	0	
std.os.linux.IPPROTO.IDP	4	const	IDP	0	
std.os.linux.IPPROTO.TP	4	const	TP	0	
std.os.linux.IPPROTO.DCCP	4	const	DCCP	0	
std.os.linux.IPPROTO.IPV6	4	const	IPV6	0	
std.os.linux.IPPROTO.ROUTING	4	const	ROUTING	0	
std.os.linux.IPPROTO.FRAGMENT	4	const	FRAGMENT	0	
std.os.linux.IPPROTO.RSVP	4	const	RSVP	0	
std.os.linux.IPPROTO.GRE	4	const	GRE	0	
std.os.linux.IPPROTO.ESP	4	const	ESP	0	
std.os.linux.IPPROTO.AH	4	const	AH	0	
std.os.linux.IPPROTO.ICMPV6	4	const	ICMPV6	0	
std.os.linux.IPPROTO.NONE	4	const	NONE	0	
std.os.linux.IPPROTO.DSTOPTS	4	const	DSTOPTS	0	
std.os.linux.IPPROTO.MTP	4	const	MTP	0	
std.os.linux.IPPROTO.BEETPH	4	const	BEETPH	0	
std.os.linux.IPPROTO.ENCAP	4	const	ENCAP	0	
std.os.linux.IPPROTO.PIM	4	const	PIM	0	
std.os.linux.IPPROTO.COMP	4	const	COMP	0	
std.os.linux.IPPROTO.SCTP	4	const	SCTP	0	
std.os.linux.IPPROTO.MH	4	const	MH	0	
std.os.linux.IPPROTO.UDPLITE	4	const	UDPLITE	0	
std.os.linux.IPPROTO.MPLS	4	const	MPLS	0	
std.os.linux.IPPROTO.RAW	4	const	RAW	0	
std.os.linux.IPPROTO.MAX	4	const	MAX	0	
std.os.linux.tcp_repair_opt	3	struct	tcp_repair_opt	0	
std.os.linux.tcp_repair_window	3	struct	tcp_repair_window	0	
std.os.linux.TcpRepairOption	3	enum	TcpRepairOption	0	
std.os.linux.tcp_fastopen_client_fail	3	enum	tcp_fastopen_client_fail	0	
std.os.linux.TCPI_OPT_TIMESTAMPS	3	const	TCPI_OPT_TIMESTAMPS	0	
std.os.linux.TCPI_OPT_SACK	3	const	TCPI_OPT_SACK	0	
std.os.linux.TCPI_OPT_WSCALE	3	const	TCPI_OPT_WSCALE	0	
std.os.linux.TCPI_OPT_ECN	3	const	TCPI_OPT_ECN	0	
std.os.linux.TCPI_OPT_ECN_SEEN	3	const	TCPI_OPT_ECN_SEEN	0	
std.os.linux.TCPI_OPT_SYN_DATA	3	const	TCPI_OPT_SYN_DATA	0	
std.os.linux.nfds_t	3	alias	nfds_t	0	usize
std.os.linux.pollfd	3	struct	pollfd	0	
std.os.linux.POLL	3	struct	POLL	8	
std.os.linux.POLL.IN	4	const	IN	0	
std.os.linux.POLL.PRI	4	const	PRI	0	
std.os.linux.POLL.OUT	4	const	OUT	0	
std.os.linux.POLL.ERR	4	const	ERR	0	
std.os.linux.POLL.HUP	4	const	HUP	0	
std.os.linux.POLL.NVAL	4	const	NVAL	0	
std.os.linux.POLL.RDNORM	4	const	RDNORM	0	
std.os.linux.POLL.RDBAND	4	const	RDBAND	0	
std.os.linux.HUGETLB_FLAG_ENCODE_SHIFT	3	const	HUGETLB_FLAG_ENCODE_SHIFT	0	
std.os.linux.HUGETLB_FLAG_ENCODE_MASK	3	const	HUGETLB_FLAG_ENCODE_MASK	0	
std.os.linux.HUGETLB_FLAG_ENCODE_64KB	3	const	HUGETLB_FLAG_ENCODE_64KB	0	
std.os.linux.HUGETLB_FLAG_ENCODE_512KB	3	const	HUGETLB_FLAG_ENCODE_512KB	0	
std.os.linux.HUGETLB_FLAG_ENCODE_1MB	3	const	HUGETLB_FLAG_ENCODE_1MB	0	
std.os.linux.HUGETLB_FLAG_ENCODE_2MB	3	const	HUGETLB_FLAG_ENCODE_2MB	0	
std.os.linux.HUGETLB_FLAG_ENCODE_8MB	3	const	HUGETLB_FLAG_ENCODE_8MB	0	
std.os.linux.HUGETLB_FLAG_ENCODE_16MB	3	const	HUGETLB_FLAG_ENCODE_16MB	0	
std.os.linux.HUGETLB_FLAG_ENCODE_32MB	3	const	HUGETLB_FLAG_ENCODE_32MB	0	
std.os.linux.HUGETLB_FLAG_ENCODE_256MB	3	const	HUGETLB_FLAG_ENCODE_256MB	0	
std.os.linux.HUGETLB_FLAG_ENCODE_512MB	3	const	HUGETLB_FLAG_ENCODE_512MB	0	
std.os.linux.HUGETLB_FLAG_ENCODE_1GB	3	const	HUGETLB_FLAG_ENCODE_1GB	0	
std.os.linux.HUGETLB_FLAG_ENCODE_2GB	3	const	HUGETLB_FLAG_ENCODE_2GB	0	
std.os.linux.HUGETLB_FLAG_ENCODE_16GB	3	const	HUGETLB_FLAG_ENCODE_16GB	0	
std.os.linux.MFD	3	struct	MFD	18	
std.os.linux.MFD.CLOEXEC	4	const	CLOEXEC	0	
std.os.linux.MFD.ALLOW_SEALING	4	const	ALLOW_SEALING	0	
std.os.linux.MFD.HUGETLB	4	const	HUGETLB	0	
std.os.linux.MFD.ALL_FLAGS	4	const	ALL_FLAGS	0	
std.os.linux.MFD.HUGE_SHIFT	4	alias	HUGE_SHIFT	0	HUGETLB_FLAG_ENCODE_SHIFT
std.os.linux.MFD.HUGE_MASK	4	alias	HUGE_MASK	0	HUGETLB_FLAG_ENCODE_MASK
std.os.linux.MFD.HUGE_64KB	4	alias	HUGE_64KB	0	HUGETLB_FLAG_ENCODE_64KB
std.os.linux.MFD.HUGE_512KB	4	alias	HUGE_512KB	0	HUGETLB_FLAG_ENCODE_512KB
std.os.linux.MFD.HUGE_1MB	4	alias	HUGE_1MB	0	HUGETLB_FLAG_ENCODE_1MB
std.os.linux.MFD.HUGE_2MB	4	alias	HUGE_2MB	0	HUGETLB_FLAG_ENCODE_2MB
std.os.linux.MFD.HUGE_8MB	4	alias	HUGE_8MB	0	HUGETLB_FLAG_ENCODE_8MB
std.os.linux.MFD.HUGE_16MB	4	alias	HUGE_16MB	0	HUGETLB_FLAG_ENCODE_16MB
std.os.linux.MFD.HUGE_32MB	4	alias	HUGE_32MB	0	HUGETLB_FLAG_ENCODE_32MB
std.os.linux.MFD.HUGE_256MB	4	alias	HUGE_256MB	0	HUGETLB_FLAG_ENCODE_256MB
std.os.linux.MFD.HUGE_512MB	4	alias	HUGE_512MB	0	HUGETLB_FLAG_ENCODE_512MB
std.os.linux.MFD.HUGE_1GB	4	alias	HUGE_1GB	0	HUGETLB_FLAG_ENCODE_1GB
std.os.linux.MFD.HUGE_2GB	4	alias	HUGE_2GB	0	HUGETLB_FLAG_ENCODE_2GB
std.os.linux.MFD.HUGE_16GB	4	alias	HUGE_16GB	0	HUGETLB_FLAG_ENCODE_16GB
std.os.linux.rusage	3	struct	rusage	3	
std.os.linux.rusage.SELF	4	const	SELF	0	
std.os.linux.rusage.CHILDREN	4	const	CHILDREN	0	
std.os.linux.rusage.THREAD	4	const	THREAD	0	
std.os.linux.NCC	3	const	NCC	0	
std.os.linux.NCCS	3	const	NCCS	0	
std.os.linux.speed_t	3	const	speed_t	0	
std.os.linux.tcflag_t	3	const	tcflag_t	0	
std.os.linux.tc_iflag_t	3	const	tc_iflag_t	0	
std.os.linux.NLDLY	3	const	NLDLY	0	
std.os.linux.CRDLY	3	enum	CRDLY	0	
std.os.linux.TABDLY	3	enum	TABDLY	1	
std.os.linux.TABDLY.XTABS	4	alias	XTABS	0	TABDLY.TAB3
std.os.linux.BSDLY	3	enum	BSDLY	0	
std.os.linux.VTDLY	3	enum	VTDLY	0	
std.os.linux.FFDLY	3	enum	FFDLY	0	
std.os.linux.tc_oflag_t	3	const	tc_oflag_t	0	
std.os.linux.CSIZE	3	enum	CSIZE	0	
std.os.linux.tc_cflag_t	3	const	tc_cflag_t	0	
std.os.linux.tc_lflag_t	3	const	tc_lflag_t	0	
std.os.linux.cc_t	3	alias	cc_t	0	u8
std.os.linux.V	3	const	V	0	
std.os.linux.TCSA	3	alias	TCSA	0	std.posix.TCSA
std.os.linux.sgttyb	3	const	sgttyb	0	
std.os.linux.tchars	3	const	tchars	0	
std.os.linux.ltchars	3	const	ltchars	0	
std.os.linux.termio	3	struct	termio	0	
std.os.linux.termios	3	const	termios	0	
std.os.linux.termios2	3	const	termios2	0	
std.os.linux.SIOCINQ	3	alias	SIOCINQ	0	T.FIONREAD
std.os.linux.SIOCOUTQ	3	alias	SIOCOUTQ	0	T.IOCOUTQ
std.os.linux.SOCK_IOC_TYPE	3	const	SOCK_IOC_TYPE	0	
std.os.linux.SIOCGSTAMP_NEW	3	const	SIOCGSTAMP_NEW	0	
std.os.linux.SIOCGSTAMP_OLD	3	const	SIOCGSTAMP_OLD	0	
std.os.linux.SIOCGSTAMP	3	const	SIOCGSTAMP	0	
std.os.linux.SIOCGSTAMPNS_NEW	3	const	SIOCGSTAMPNS_NEW	0	
std.os.linux.SIOCGSTAMPNS_OLD	3	const	SIOCGSTAMPNS_OLD	0	
std.os.linux.SIOCGSTAMPNS	3	const	SIOCGSTAMPNS	0	
std.os.linux.SIOCADDRT	3	const	SIOCADDRT	0	
std.os.linux.SIOCDELRT	3	const	SIOCDELRT	0	
std.os.linux.SIOCRTMSG	3	const	SIOCRTMSG	0	
std.os.linux.SIOCGIFNAME	3	const	SIOCGIFNAME	0	
std.os.linux.SIOCSIFLINK	3	const	SIOCSIFLINK	0	
std.os.linux.SIOCGIFCONF	3	const	SIOCGIFCONF	0	
std.os.linux.SIOCGIFFLAGS	3	const	SIOCGIFFLAGS	0	
std.os.linux.SIOCSIFFLAGS	3	const	SIOCSIFFLAGS	0	
std.os.linux.SIOCGIFADDR	3	const	SIOCGIFADDR	0	
std.os.linux.SIOCSIFADDR	3	const	SIOCSIFADDR	0	
std.os.linux.SIOCGIFDSTADDR	3	const	SIOCGIFDSTADDR	0	
std.os.linux.SIOCSIFDSTADDR	3	const	SIOCSIFDSTADDR	0	
std.os.linux.SIOCGIFBRDADDR	3	const	SIOCGIFBRDADDR	0	
std.os.linux.SIOCSIFBRDADDR	3	const	SIOCSIFBRDADDR	0	
std.os.linux.SIOCGIFNETMASK	3	const	SIOCGIFNETMASK	0	
std.os.linux.SIOCSIFNETMASK	3	const	SIOCSIFNETMASK	0	
std.os.linux.SIOCGIFMETRIC	3	const	SIOCGIFMETRIC	0	
std.os.linux.SIOCSIFMETRIC	3	const	SIOCSIFMETRIC	0	
std.os.linux.SIOCGIFMEM	3	const	SIOCGIFMEM	0	
std.os.linux.SIOCSIFMEM	3	const	SIOCSIFMEM	0	
std.os.linux.SIOCGIFMTU	3	const	SIOCGIFMTU	0	
std.os.linux.SIOCSIFMTU	3	const	SIOCSIFMTU	0	
std.os.linux.SIOCSIFNAME	3	const	SIOCSIFNAME	0	
std.os.linux.SIOCSIFHWADDR	3	const	SIOCSIFHWADDR	0	
std.os.linux.SIOCGIFENCAP	3	const	SIOCGIFENCAP	0	
std.os.linux.SIOCSIFENCAP	3	const	SIOCSIFENCAP	0	
std.os.linux.SIOCGIFHWADDR	3	const	SIOCGIFHWADDR	0	
std.os.linux.SIOCGIFSLAVE	3	const	SIOCGIFSLAVE	0	
std.os.linux.SIOCSIFSLAVE	3	const	SIOCSIFSLAVE	0	
std.os.linux.SIOCADDMULTI	3	const	SIOCADDMULTI	0	
std.os.linux.SIOCDELMULTI	3	const	SIOCDELMULTI	0	
std.os.linux.SIOCGIFINDEX	3	const	SIOCGIFINDEX	0	
std.os.linux.SIOCSIFPFLAGS	3	const	SIOCSIFPFLAGS	0	
std.os.linux.SIOCGIFPFLAGS	3	const	SIOCGIFPFLAGS	0	
std.os.linux.SIOCDIFADDR	3	const	SIOCDIFADDR	0	
std.os.linux.SIOCSIFHWBROADCAST	3	const	SIOCSIFHWBROADCAST	0	
std.os.linux.SIOCGIFCOUNT	3	const	SIOCGIFCOUNT	0	
std.os.linux.SIOCGIFBR	3	const	SIOCGIFBR	0	
std.os.linux.SIOCSIFBR	3	const	SIOCSIFBR	0	
std.os.linux.SIOCGIFTXQLEN	3	const	SIOCGIFTXQLEN	0	
std.os.linux.SIOCSIFTXQLEN	3	const	SIOCSIFTXQLEN	0	
std.os.linux.SIOCETHTOOL	3	const	SIOCETHTOOL	0	
std.os.linux.SIOCGMIIPHY	3	const	SIOCGMIIPHY	0	
std.os.linux.SIOCGMIIREG	3	const	SIOCGMIIREG	0	
std.os.linux.SIOCSMIIREG	3	const	SIOCSMIIREG	0	
std.os.linux.SIOCWANDEV	3	const	SIOCWANDEV	0	
std.os.linux.SIOCOUTQNSD	3	const	SIOCOUTQNSD	0	
std.os.linux.SIOCGSKNS	3	const	SIOCGSKNS	0	
std.os.linux.SIOCDARP	3	const	SIOCDARP	0	
std.os.linux.SIOCGARP	3	const	SIOCGARP	0	
std.os.linux.SIOCSARP	3	const	SIOCSARP	0	
std.os.linux.SIOCDRARP	3	const	SIOCDRARP	0	
std.os.linux.SIOCGRARP	3	const	SIOCGRARP	0	
std.os.linux.SIOCSRARP	3	const	SIOCSRARP	0	
std.os.linux.SIOCGIFMAP	3	const	SIOCGIFMAP	0	
std.os.linux.SIOCSIFMAP	3	const	SIOCSIFMAP	0	
std.os.linux.SIOCADDDLCI	3	const	SIOCADDDLCI	0	
std.os.linux.SIOCDELDLCI	3	const	SIOCDELDLCI	0	
std.os.linux.SIOCGIFVLAN	3	const	SIOCGIFVLAN	0	
std.os.linux.SIOCSIFVLAN	3	const	SIOCSIFVLAN	0	
std.os.linux.SIOCBONDENSLAVE	3	const	SIOCBONDENSLAVE	0	
std.os.linux.SIOCBONDRELEASE	3	const	SIOCBONDRELEASE	0	
std.os.linux.SIOCBONDSETHWADDR	3	const	SIOCBONDSETHWADDR	0	
std.os.linux.SIOCBONDSLAVEINFOQUERY	3	const	SIOCBONDSLAVEINFOQUERY	0	
std.os.linux.SIOCBONDINFOQUERY	3	const	SIOCBONDINFOQUERY	0	
std.os.linux.SIOCBONDCHANGEACTIVE	3	const	SIOCBONDCHANGEACTIVE	0	
std.os.linux.SIOCBRADDBR	3	const	SIOCBRADDBR	0	
std.os.linux.SIOCBRDELBR	3	const	SIOCBRDELBR	0	
std.os.linux.SIOCBRADDIF	3	const	SIOCBRADDIF	0	
std.os.linux.SIOCBRDELIF	3	const	SIOCBRDELIF	0	
std.os.linux.SIOCSHWTSTAMP	3	const	SIOCSHWTSTAMP	0	
std.os.linux.SIOCGHWTSTAMP	3	const	SIOCGHWTSTAMP	0	
std.os.linux.SIOCDEVPRIVATE	3	const	SIOCDEVPRIVATE	0	
std.os.linux.SIOCPROTOPRIVATE	3	const	SIOCPROTOPRIVATE	0	
std.os.linux.IFNAMESIZE	3	const	IFNAMESIZE	0	
std.os.linux.IFF	3	struct	IFF	0	
std.os.linux.ifmap	3	struct	ifmap	0	
std.os.linux.ifreq	3	struct	ifreq	0	
std.os.linux.PACKET	3	struct	PACKET	43	
std.os.linux.PACKET.HOST	4	const	HOST	0	
std.os.linux.PACKET.BROADCAST	4	const	BROADCAST	0	
std.os.linux.PACKET.MULTICAST	4	const	MULTICAST	0	
std.os.linux.PACKET.OTHERHOST	4	const	OTHERHOST	0	
std.os.linux.PACKET.OUTGOING	4	const	OUTGOING	0	
std.os.linux.PACKET.LOOPBACK	4	const	LOOPBACK	0	
std.os.linux.PACKET.USER	4	const	USER	0	
std.os.linux.PACKET.KERNEL	4	const	KERNEL	0	
std.os.linux.PACKET.ADD_MEMBERSHIP	4	const	ADD_MEMBERSHIP	0	
std.os.linux.PACKET.DROP_MEMBERSHIP	4	const	DROP_MEMBERSHIP	0	
std.os.linux.PACKET.RECV_OUTPUT	4	const	RECV_OUTPUT	0	
std.os.linux.PACKET.RX_RING	4	const	RX_RING	0	
std.os.linux.PACKET.STATISTICS	4	const	STATISTICS	0	
std.os.linux.PACKET.COPY_THRESH	4	const	COPY_THRESH	0	
std.os.linux.PACKET.AUXDATA	4	const	AUXDATA	0	
std.os.linux.PACKET.ORIGDEV	4	const	ORIGDEV	0	
std.os.linux.PACKET.VERSION	4	const	VERSION	0	
std.os.linux.PACKET.HDRLEN	4	const	HDRLEN	0	
std.os.linux.PACKET.RESERVE	4	const	RESERVE	0	
std.os.linux.PACKET.TX_RING	4	const	TX_RING	0	
std.os.linux.PACKET.LOSS	4	const	LOSS	0	
std.os.linux.PACKET.VNET_HDR	4	const	VNET_HDR	0	
std.os.linux.PACKET.TX_TIMESTAMP	4	const	TX_TIMESTAMP	0	
std.os.linux.PACKET.TIMESTAMP	4	const	TIMESTAMP	0	
std.os.linux.PACKET.FANOUT	4	const	FANOUT	0	
std.os.linux.PACKET.TX_HAS_OFF	4	const	TX_HAS_OFF	0	
std.os.linux.PACKET.QDISC_BYPASS	4	const	QDISC_BYPASS	0	
std.os.linux.PACKET.ROLLOVER_STATS	4	const	ROLLOVER_STATS	0	
std.os.linux.PACKET.FANOUT_DATA	4	const	FANOUT_DATA	0	
std.os.linux.PACKET.IGNORE_OUTGOING	4	const	IGNORE_OUTGOING	0	
std.os.linux.PACKET.VNET_HDR_SZ	4	const	VNET_HDR_SZ	0	
std.os.linux.PACKET.FANOUT_HASH	4	const	FANOUT_HASH	0	
std.os.linux.PACKET.FANOUT_LB	4	const	FANOUT_LB	0	
std.os.linux.PACKET.FANOUT_CPU	4	const	FANOUT_CPU	0	
std.os.linux.PACKET.FANOUT_ROLLOVER	4	const	FANOUT_ROLLOVER	0	
std.os.linux.PACKET.FANOUT_RND	4	const	FANOUT_RND	0	
std.os.linux.PACKET.FANOUT_QM	4	const	FANOUT_QM	0	
std.os.linux.PACKET.FANOUT_CBPF	4	const	FANOUT_CBPF	0	
std.os.linux.PACKET.FANOUT_EBPF	4	const	FANOUT_EBPF	0	
std.os.linux.PACKET.FANOUT_FLAG_ROLLOVER	4	const	FANOUT_FLAG_ROLLOVER	0	
std.os.linux.PACKET.FANOUT_FLAG_UNIQUEID	4	const	FANOUT_FLAG_UNIQUEID	0	
std.os.linux.PACKET.FANOUT_FLAG_IGNORE_OUTGOING	4	const	FANOUT_FLAG_IGNORE_OUTGOING	0	
std.os.linux.PACKET.FANOUT_FLAG_DEFRAG	4	const	FANOUT_FLAG_DEFRAG	0	
std.os.linux.tpacket_versions	3	enum	tpacket_versions	0	
std.os.linux.tpacket_req3	3	struct	tpacket_req3	0	
std.os.linux.tpacket_bd_ts	3	struct	tpacket_bd_ts	0	
std.os.linux.TP_STATUS	3	union	TP_STATUS	0	
std.os.linux.tpacket_hdr_v1	3	struct	tpacket_hdr_v1	0	
std.os.linux.tpacket_bd_header_u	3	union	tpacket_bd_header_u	0	
std.os.linux.tpacket_block_desc	3	struct	tpacket_block_desc	0	
std.os.linux.tpacket_hdr_variant1	3	struct	tpacket_hdr_variant1	0	
std.os.linux.tpacket3_hdr	3	struct	tpacket3_hdr	0	
std.os.linux.tpacket_stats_v3	3	struct	tpacket_stats_v3	0	
std.os.linux.rlimit_resource	3	const	rlimit_resource	0	
std.os.linux.rlim_t	3	alias	rlim_t	0	u64
std.os.linux.RLIM	3	struct	RLIM	3	
std.os.linux.RLIM.INFINITY	4	const	INFINITY	0	
std.os.linux.RLIM.SAVED_MAX	4	alias	SAVED_MAX	0	INFINITY
std.os.linux.RLIM.SAVED_CUR	4	alias	SAVED_CUR	0	INFINITY
std.os.linux.rlimit	3	struct	rlimit	0	
std.os.linux.MADV	3	struct	MADV	21	
std.os.linux.MADV.NORMAL	4	const	NORMAL	0	
std.os.linux.MADV.RANDOM	4	const	RANDOM	0	
std.os.linux.MADV.SEQUENTIAL	4	const	SEQUENTIAL	0	
std.os.linux.MADV.WILLNEED	4	const	WILLNEED	0	
std.os.linux.MADV.DONTNEED	4	const	DONTNEED	0	
std.os.linux.MADV.FREE	4	const	FREE	0	
std.os.linux.MADV.REMOVE	4	const	REMOVE	0	
std.os.linux.MADV.DONTFORK	4	const	DONTFORK	0	
std.os.linux.MADV.DOFORK	4	const	DOFORK	0	
std.os.linux.MADV.MERGEABLE	4	const	MERGEABLE	0	
std.os.linux.MADV.UNMERGEABLE	4	const	UNMERGEABLE	0	
std.os.linux.MADV.HUGEPAGE	4	const	HUGEPAGE	0	
std.os.linux.MADV.NOHUGEPAGE	4	const	NOHUGEPAGE	0	
std.os.linux.MADV.DONTDUMP	4	const	DONTDUMP	0	
std.os.linux.MADV.DODUMP	4	const	DODUMP	0	
std.os.linux.MADV.WIPEONFORK	4	const	WIPEONFORK	0	
std.os.linux.MADV.KEEPONFORK	4	const	KEEPONFORK	0	
std.os.linux.MADV.COLD	4	const	COLD	0	
std.os.linux.MADV.PAGEOUT	4	const	PAGEOUT	0	
std.os.linux.MADV.HWPOISON	4	const	HWPOISON	0	
std.os.linux.MADV.SOFT_OFFLINE	4	const	SOFT_OFFLINE	0	
std.os.linux.POSIX_FADV	3	const	POSIX_FADV	0	
std.os.linux.timeval	3	struct	timeval	0	
std.os.linux.timezone	3	struct	timezone	0	
std.os.linux.kernel_timespec	3	struct	kernel_timespec	2	
std.os.linux.kernel_timespec.NOW	4	const	NOW	0	
std.os.linux.kernel_timespec.OMIT	4	const	OMIT	0	
std.os.linux.UTIME	3	struct	UTIME	2	
std.os.linux.UTIME.NOW	4	const	NOW	0	
std.os.linux.UTIME.OMIT	4	const	OMIT	0	
std.os.linux.timespec	3	const	timespec	0	
std.os.linux.XDP	3	struct	XDP	18	
std.os.linux.XDP.SHARED_UMEM	4	const	SHARED_UMEM	0	
std.os.linux.XDP.COPY	4	const	COPY	0	
std.os.linux.XDP.ZEROCOPY	4	const	ZEROCOPY	0	
std.os.linux.XDP.UMEM_UNALIGNED_CHUNK_FLAG	4	const	UMEM_UNALIGNED_CHUNK_FLAG	0	
std.os.linux.XDP.USE_NEED_WAKEUP	4	const	USE_NEED_WAKEUP	0	
std.os.linux.XDP.MMAP_OFFSETS	4	const	MMAP_OFFSETS	0	
std.os.linux.XDP.RX_RING	4	const	RX_RING	0	
std.os.linux.XDP.TX_RING	4	const	TX_RING	0	
std.os.linux.XDP.UMEM_REG	4	const	UMEM_REG	0	
std.os.linux.XDP.UMEM_FILL_RING	4	const	UMEM_FILL_RING	0	
std.os.linux.XDP.UMEM_COMPLETION_RING	4	const	UMEM_COMPLETION_RING	0	
std.os.linux.XDP.STATISTICS	4	const	STATISTICS	0	
std.os.linux.XDP.OPTIONS	4	const	OPTIONS	0	
std.os.linux.XDP.OPTIONS_ZEROCOPY	4	const	OPTIONS_ZEROCOPY	0	
std.os.linux.XDP.PGOFF_RX_RING	4	const	PGOFF_RX_RING	0	
std.os.linux.XDP.PGOFF_TX_RING	4	const	PGOFF_TX_RING	0	
std.os.linux.XDP.UMEM_PGOFF_FILL_RING	4	const	UMEM_PGOFF_FILL_RING	0	
std.os.linux.XDP.UMEM_PGOFF_COMPLETION_RING	4	const	UMEM_PGOFF_COMPLETION_RING	0	
std.os.linux.xdp_ring_offset	3	struct	xdp_ring_offset	0	
std.os.linux.xdp_mmap_offsets	3	struct	xdp_mmap_offsets	0	
std.os.linux.xdp_umem_reg	3	struct	xdp_umem_reg	0	
std.os.linux.xdp_statistics	3	struct	xdp_statistics	0	
std.os.linux.xdp_options	3	struct	xdp_options	0	
std.os.linux.XSK_UNALIGNED_BUF_OFFSET_SHIFT	3	const	XSK_UNALIGNED_BUF_OFFSET_SHIFT	0	
std.os.linux.XSK_UNALIGNED_BUF_ADDR_MASK	3	const	XSK_UNALIGNED_BUF_ADDR_MASK	0	
std.os.linux.xdp_desc	3	struct	xdp_desc	0	
std.os.linux.SECUREBITS_DEFAULT	3	const	SECUREBITS_DEFAULT	0	
std.os.linux.SECURE_NOROOT	3	const	SECURE_NOROOT	0	
std.os.linux.SECURE_NOROOT_LOCKED	3	const	SECURE_NOROOT_LOCKED	0	
std.os.linux.SECBIT_NOROOT	3	const	SECBIT_NOROOT	0	
std.os.linux.SECBIT_NOROOT_LOCKED	3	const	SECBIT_NOROOT_LOCKED	0	
std.os.linux.SECURE_NO_SETUID_FIXUP	3	const	SECURE_NO_SETUID_FIXUP	0	
std.os.linux.SECURE_NO_SETUID_FIXUP_LOCKED	3	const	SECURE_NO_SETUID_FIXUP_LOCKED	0	
std.os.linux.SECBIT_NO_SETUID_FIXUP	3	const	SECBIT_NO_SETUID_FIXUP	0	
std.os.linux.SECBIT_NO_SETUID_FIXUP_LOCKED	3	const	SECBIT_NO_SETUID_FIXUP_LOCKED	0	
std.os.linux.SECURE_KEEP_CAPS	3	const	SECURE_KEEP_CAPS	0	
std.os.linux.SECURE_KEEP_CAPS_LOCKED	3	const	SECURE_KEEP_CAPS_LOCKED	0	
std.os.linux.SECBIT_KEEP_CAPS	3	const	SECBIT_KEEP_CAPS	0	
std.os.linux.SECBIT_KEEP_CAPS_LOCKED	3	const	SECBIT_KEEP_CAPS_LOCKED	0	
std.os.linux.SECURE_NO_CAP_AMBIENT_RAISE	3	const	SECURE_NO_CAP_AMBIENT_RAISE	0	
std.os.linux.SECURE_NO_CAP_AMBIENT_RAISE_LOCKED	3	const	SECURE_NO_CAP_AMBIENT_RAISE_LOCKED	0	
std.os.linux.SECBIT_NO_CAP_AMBIENT_RAISE	3	const	SECBIT_NO_CAP_AMBIENT_RAISE	0	
std.os.linux.SECBIT_NO_CAP_AMBIENT_RAISE_LOCKED	3	const	SECBIT_NO_CAP_AMBIENT_RAISE_LOCKED	0	
std.os.linux.SECURE_ALL_BITS	3	const	SECURE_ALL_BITS	0	
std.os.linux.SECURE_ALL_LOCKS	3	const	SECURE_ALL_LOCKS	0	
std.os.linux.PR	3	enum	PR	57	
std.os.linux.PR.UNALIGN_NOPRINT	4	const	UNALIGN_NOPRINT	0	
std.os.linux.PR.UNALIGN_SIGBUS	4	const	UNALIGN_SIGBUS	0	
std.os.linux.PR.FPEMU_NOPRINT	4	const	FPEMU_NOPRINT	0	
std.os.linux.PR.FPEMU_SIGFPE	4	const	FPEMU_SIGFPE	0	
std.os.linux.PR.FP_EXC_SW_ENABLE	4	const	FP_EXC_SW_ENABLE	0	
std.os.linux.PR.FP_EXC_DIV	4	const	FP_EXC_DIV	0	
std.os.linux.PR.FP_EXC_OVF	4	const	FP_EXC_OVF	0	
std.os.linux.PR.FP_EXC_UND	4	const	FP_EXC_UND	0	
std.os.linux.PR.FP_EXC_RES	4	const	FP_EXC_RES	0	
std.os.linux.PR.FP_EXC_INV	4	const	FP_EXC_INV	0	
std.os.linux.PR.FP_EXC_DISABLED	4	const	FP_EXC_DISABLED	0	
std.os.linux.PR.FP_EXC_NONRECOV	4	const	FP_EXC_NONRECOV	0	
std.os.linux.PR.FP_EXC_ASYNC	4	const	FP_EXC_ASYNC	0	
std.os.linux.PR.FP_EXC_PRECISE	4	const	FP_EXC_PRECISE	0	
std.os.linux.PR.TIMING_STATISTICAL	4	const	TIMING_STATISTICAL	0	
std.os.linux.PR.TIMING_TIMESTAMP	4	const	TIMING_TIMESTAMP	0	
std.os.linux.PR.ENDIAN_BIG	4	const	ENDIAN_BIG	0	
std.os.linux.PR.ENDIAN_LITTLE	4	const	ENDIAN_LITTLE	0	
std.os.linux.PR.ENDIAN_PPC_LITTLE	4	const	ENDIAN_PPC_LITTLE	0	
std.os.linux.PR.TSC_ENABLE	4	const	TSC_ENABLE	0	
std.os.linux.PR.TSC_SIGSEGV	4	const	TSC_SIGSEGV	0	
std.os.linux.PR.MCE_KILL_CLEAR	4	const	MCE_KILL_CLEAR	0	
std.os.linux.PR.MCE_KILL_SET	4	const	MCE_KILL_SET	0	
std.os.linux.PR.MCE_KILL_LATE	4	const	MCE_KILL_LATE	0	
std.os.linux.PR.MCE_KILL_EARLY	4	const	MCE_KILL_EARLY	0	
std.os.linux.PR.MCE_KILL_DEFAULT	4	const	MCE_KILL_DEFAULT	0	
std.os.linux.PR.SET_MM_START_CODE	4	const	SET_MM_START_CODE	0	
std.os.linux.PR.SET_MM_END_CODE	4	const	SET_MM_END_CODE	0	
std.os.linux.PR.SET_MM_START_DATA	4	const	SET_MM_START_DATA	0	
std.os.linux.PR.SET_MM_END_DATA	4	const	SET_MM_END_DATA	0	
std.os.linux.PR.SET_MM_START_STACK	4	const	SET_MM_START_STACK	0	
std.os.linux.PR.SET_MM_START_BRK	4	const	SET_MM_START_BRK	0	
std.os.linux.PR.SET_MM_BRK	4	const	SET_MM_BRK	0	
std.os.linux.PR.SET_MM_ARG_START	4	const	SET_MM_ARG_START	0	
std.os.linux.PR.SET_MM_ARG_END	4	const	SET_MM_ARG_END	0	
std.os.linux.PR.SET_MM_ENV_START	4	const	SET_MM_ENV_START	0	
std.os.linux.PR.SET_MM_ENV_END	4	const	SET_MM_ENV_END	0	
std.os.linux.PR.SET_MM_AUXV	4	const	SET_MM_AUXV	0	
std.os.linux.PR.SET_MM_EXE_FILE	4	const	SET_MM_EXE_FILE	0	
std.os.linux.PR.SET_MM_MAP	4	const	SET_MM_MAP	0	
std.os.linux.PR.SET_MM_MAP_SIZE	4	const	SET_MM_MAP_SIZE	0	
std.os.linux.PR.SET_PTRACER_ANY	4	const	SET_PTRACER_ANY	0	
std.os.linux.PR.FP_MODE_FR	4	const	FP_MODE_FR	0	
std.os.linux.PR.FP_MODE_FRE	4	const	FP_MODE_FRE	0	
std.os.linux.PR.CAP_AMBIENT_IS_SET	4	const	CAP_AMBIENT_IS_SET	0	
std.os.linux.PR.CAP_AMBIENT_RAISE	4	const	CAP_AMBIENT_RAISE	0	
std.os.linux.PR.CAP_AMBIENT_LOWER	4	const	CAP_AMBIENT_LOWER	0	
std.os.linux.PR.CAP_AMBIENT_CLEAR_ALL	4	const	CAP_AMBIENT_CLEAR_ALL	0	
std.os.linux.PR.SVE_SET_VL_ONEXEC	4	const	SVE_SET_VL_ONEXEC	0	
std.os.linux.PR.SVE_VL_LEN_MASK	4	const	SVE_VL_LEN_MASK	0	
std.os.linux.PR.SVE_VL_INHERIT	4	const	SVE_VL_INHERIT	0	
std.os.linux.PR.SPEC_STORE_BYPASS	4	const	SPEC_STORE_BYPASS	0	
std.os.linux.PR.SPEC_NOT_AFFECTED	4	const	SPEC_NOT_AFFECTED	0	
std.os.linux.PR.SPEC_PRCTL	4	const	SPEC_PRCTL	0	
std.os.linux.PR.SPEC_ENABLE	4	const	SPEC_ENABLE	0	
std.os.linux.PR.SPEC_DISABLE	4	const	SPEC_DISABLE	0	
std.os.linux.PR.SPEC_FORCE_DISABLE	4	const	SPEC_FORCE_DISABLE	0	
std.os.linux.prctl_mm_map	3	struct	prctl_mm_map	0	
std.os.linux.NETLINK	3	struct	NETLINK	22	
std.os.linux.NETLINK.ROUTE	4	const	ROUTE	0	
std.os.linux.NETLINK.UNUSED	4	const	UNUSED	0	
std.os.linux.NETLINK.USERSOCK	4	const	USERSOCK	0	
std.os.linux.NETLINK.FIREWALL	4	const	FIREWALL	0	
std.os.linux.NETLINK.SOCK_DIAG	4	const	SOCK_DIAG	0	
std.os.linux.NETLINK.NFLOG	4	const	NFLOG	0	
std.os.linux.NETLINK.XFRM	4	const	XFRM	0	
std.os.linux.NETLINK.SELINUX	4	const	SELINUX	0	
std.os.linux.NETLINK.ISCSI	4	const	ISCSI	0	
std.os.linux.NETLINK.AUDIT	4	const	AUDIT	0	
std.os.linux.NETLINK.FIB_LOOKUP	4	const	FIB_LOOKUP	0	
std.os.linux.NETLINK.CONNECTOR	4	const	CONNECTOR	0	
std.os.linux.NETLINK.NETFILTER	4	const	NETFILTER	0	
std.os.linux.NETLINK.IP6_FW	4	const	IP6_FW	0	
std.os.linux.NETLINK.DNRTMSG	4	const	DNRTMSG	0	
std.os.linux.NETLINK.KOBJECT_UEVENT	4	const	KOBJECT_UEVENT	0	
std.os.linux.NETLINK.GENERIC	4	const	GENERIC	0	
std.os.linux.NETLINK.SCSITRANSPORT	4	const	SCSITRANSPORT	0	
std.os.linux.NETLINK.ECRYPTFS	4	const	ECRYPTFS	0	
std.os.linux.NETLINK.RDMA	4	const	RDMA	0	
std.os.linux.NETLINK.CRYPTO	4	const	CRYPTO	0	
std.os.linux.NETLINK.SMC	4	const	SMC	0	
std.os.linux.NLM_F_REQUEST	3	const	NLM_F_REQUEST	0	
std.os.linux.NLM_F_MULTI	3	const	NLM_F_MULTI	0	
std.os.linux.NLM_F_ACK	3	const	NLM_F_ACK	0	
std.os.linux.NLM_F_ECHO	3	const	NLM_F_ECHO	0	
std.os.linux.NLM_F_DUMP_INTR	3	const	NLM_F_DUMP_INTR	0	
std.os.linux.NLM_F_DUMP_FILTERED	3	const	NLM_F_DUMP_FILTERED	0	
std.os.linux.NLM_F_ROOT	3	const	NLM_F_ROOT	0	
std.os.linux.NLM_F_MATCH	3	const	NLM_F_MATCH	0	
std.os.linux.NLM_F_ATOMIC	3	const	NLM_F_ATOMIC	0	
std.os.linux.NLM_F_DUMP	3	const	NLM_F_DUMP	0	
std.os.linux.NLM_F_REPLACE	3	const	NLM_F_REPLACE	0	
std.os.linux.NLM_F_EXCL	3	const	NLM_F_EXCL	0	
std.os.linux.NLM_F_CREATE	3	const	NLM_F_CREATE	0	
std.os.linux.NLM_F_APPEND	3	const	NLM_F_APPEND	0	
std.os.linux.NLM_F_NONREC	3	const	NLM_F_NONREC	0	
std.os.linux.NLM_F_CAPPED	3	const	NLM_F_CAPPED	0	
std.os.linux.NLM_F_ACK_TLVS	3	const	NLM_F_ACK_TLVS	0	
std.os.linux.NetlinkMessageType	3	enum	NetlinkMessageType	1	
std.os.linux.NetlinkMessageType.MIN_TYPE	4	const	MIN_TYPE	0	
std.os.linux.nlmsghdr	3	struct	nlmsghdr	0	
std.os.linux.ifinfomsg	3	struct	ifinfomsg	0	
std.os.linux.rtattr	3	struct	rtattr	1	
std.os.linux.rtattr.ALIGNTO	4	const	ALIGNTO	0	
std.os.linux.IFA	3	enum	IFA	0	
std.os.linux.IFLA	3	enum	IFLA	1	
std.os.linux.IFLA.TARGET_NETNSID	4	const	TARGET_NETNSID	0	
std.os.linux.rtnl_link_ifmap	3	struct	rtnl_link_ifmap	0	
std.os.linux.rtnl_link_stats	3	struct	rtnl_link_stats	0	
std.os.linux.rtnl_link_stats64	3	struct	rtnl_link_stats64	0	
std.os.linux.perf_event_attr	3	struct	perf_event_attr	0	
std.os.linux.perf_event_header	3	struct	perf_event_header	0	
std.os.linux.perf_event_mmap_page	3	struct	perf_event_mmap_page	0	
std.os.linux.PERF	3	struct	PERF	7	
std.os.linux.PERF.TYPE	4	enum	TYPE	0	
std.os.linux.PERF.COUNT	4	struct	COUNT	2	
std.os.linux.PERF.COUNT.HW	5	enum	HW	1	
std.os.linux.PERF.COUNT.HW.CACHE	6	enum	CACHE	2	
std.os.linux.PERF.COUNT.HW.CACHE.OP	7	enum	OP	0	
std.os.linux.PERF.COUNT.HW.CACHE.RESULT	7	enum	RESULT	0	
std.os.linux.PERF.COUNT.SW	5	enum	SW	0	
std.os.linux.PERF.SAMPLE	4	struct	SAMPLE	22	
std.os.linux.PERF.SAMPLE.IP	5	const	IP	0	
std.os.linux.PERF.SAMPLE.TID	5	const	TID	0	
std.os.linux.PERF.SAMPLE.TIME	5	const	TIME	0	
std.os.linux.PERF.SAMPLE.ADDR	5	const	ADDR	0	
std.os.linux.PERF.SAMPLE.READ	5	const	READ	0	
std.os.linux.PERF.SAMPLE.CALLCHAIN	5	const	CALLCHAIN	0	
std.os.linux.PERF.SAMPLE.ID	5	const	ID	0	
std.os.linux.PERF.SAMPLE.CPU	5	const	CPU	0	
std.os.linux.PERF.SAMPLE.PERIOD	5	const	PERIOD	0	
std.os.linux.PERF.SAMPLE.STREAM_ID	5	const	STREAM_ID	0	
std.os.linux.PERF.SAMPLE.RAW	5	const	RAW	0	
std.os.linux.PERF.SAMPLE.BRANCH_STACK	5	const	BRANCH_STACK	0	
std.os.linux.PERF.SAMPLE.REGS_USER	5	const	REGS_USER	0	
std.os.linux.PERF.SAMPLE.STACK_USER	5	const	STACK_USER	0	
std.os.linux.PERF.SAMPLE.WEIGHT	5	const	WEIGHT	0	
std.os.linux.PERF.SAMPLE.DATA_SRC	5	const	DATA_SRC	0	
std.os.linux.PERF.SAMPLE.IDENTIFIER	5	const	IDENTIFIER	0	
std.os.linux.PERF.SAMPLE.TRANSACTION	5	const	TRANSACTION	0	
std.os.linux.PERF.SAMPLE.REGS_INTR	5	const	REGS_INTR	0	
std.os.linux.PERF.SAMPLE.PHYS_ADDR	5	const	PHYS_ADDR	0	
std.os.linux.PERF.SAMPLE.MAX	5	const	MAX	0	
std.os.linux.PERF.SAMPLE.BRANCH	5	struct	BRANCH	18	
std.os.linux.PERF.SAMPLE.BRANCH.USER	6	const	USER	0	
std.os.linux.PERF.SAMPLE.BRANCH.KERNEL	6	const	KERNEL	0	
std.os.linux.PERF.SAMPLE.BRANCH.HV	6	const	HV	0	
std.os.linux.PERF.SAMPLE.BRANCH.ANY	6	const	ANY	0	
std.os.linux.PERF.SAMPLE.BRANCH.ANY_CALL	6	const	ANY_CALL	0	
std.os.linux.PERF.SAMPLE.BRANCH.ANY_RETURN	6	const	ANY_RETURN	0	
std.os.linux.PERF.SAMPLE.BRANCH.IND_CALL	6	const	IND_CALL	0	
std.os.linux.PERF.SAMPLE.BRANCH.ABORT_TX	6	const	ABORT_TX	0	
std.os.linux.PERF.SAMPLE.BRANCH.IN_TX	6	const	IN_TX	0	
std.os.linux.PERF.SAMPLE.BRANCH.NO_TX	6	const	NO_TX	0	
std.os.linux.PERF.SAMPLE.BRANCH.COND	6	const	COND	0	
std.os.linux.PERF.SAMPLE.BRANCH.CALL_STACK	6	const	CALL_STACK	0	
std.os.linux.PERF.SAMPLE.BRANCH.IND_JUMP	6	const	IND_JUMP	0	
std.os.linux.PERF.SAMPLE.BRANCH.CALL	6	const	CALL	0	
std.os.linux.PERF.SAMPLE.BRANCH.NO_FLAGS	6	const	NO_FLAGS	0	
std.os.linux.PERF.SAMPLE.BRANCH.NO_CYCLES	6	const	NO_CYCLES	0	
std.os.linux.PERF.SAMPLE.BRANCH.TYPE_SAVE	6	const	TYPE_SAVE	0	
std.os.linux.PERF.SAMPLE.BRANCH.MAX	6	const	MAX	0	
std.os.linux.PERF.RECORD	4	enum	RECORD	0	
std.os.linux.PERF.FLAG	4	struct	FLAG	4	
std.os.linux.PERF.FLAG.FD_NO_GROUP	5	const	FD_NO_GROUP	0	
std.os.linux.PERF.FLAG.FD_OUTPUT	5	const	FD_OUTPUT	0	
std.os.linux.PERF.FLAG.PID_CGROUP	5	const	PID_CGROUP	0	
std.os.linux.PERF.FLAG.FD_CLOEXEC	5	const	FD_CLOEXEC	0	
std.os.linux.PERF.EVENT_IOC	4	struct	EVENT_IOC	12	
std.os.linux.PERF.EVENT_IOC.ENABLE	5	const	ENABLE	0	
std.os.linux.PERF.EVENT_IOC.DISABLE	5	const	DISABLE	0	
std.os.linux.PERF.EVENT_IOC.REFRESH	5	const	REFRESH	0	
std.os.linux.PERF.EVENT_IOC.RESET	5	const	RESET	0	
std.os.linux.PERF.EVENT_IOC.PERIOD	5	const	PERIOD	0	
std.os.linux.PERF.EVENT_IOC.SET_OUTPUT	5	const	SET_OUTPUT	0	
std.os.linux.PERF.EVENT_IOC.SET_FILTER	5	const	SET_FILTER	0	
std.os.linux.PERF.EVENT_IOC.ID	5	const	ID	0	
std.os.linux.PERF.EVENT_IOC.SET_BPF	5	const	SET_BPF	0	
std.os.linux.PERF.EVENT_IOC.PAUSE_OUTPUT	5	const	PAUSE_OUTPUT	0	
std.os.linux.PERF.EVENT_IOC.QUERY_BPF	5	const	QUERY_BPF	0	
std.os.linux.PERF.EVENT_IOC.MODIFY_ATTRIBUTES	5	const	MODIFY_ATTRIBUTES	0	
std.os.linux.PERF.IOC_FLAG_GROUP	4	const	IOC_FLAG_GROUP	0	
std.os.linux.AUDIT	3	struct	AUDIT	1	
std.os.linux.AUDIT.ARCH	4	enum	ARCH	1	
std.os.linux.AUDIT.ARCH.current	5	const	current	0	
std.os.linux.PTRACE	3	struct	PTRACE	36	
std.os.linux.PTRACE.TRACEME	4	const	TRACEME	0	
std.os.linux.PTRACE.PEEKTEXT	4	const	PEEKTEXT	0	
std.os.linux.PTRACE.PEEKDATA	4	const	PEEKDATA	0	
std.os.linux.PTRACE.PEEKUSER	4	const	PEEKUSER	0	
std.os.linux.PTRACE.POKETEXT	4	const	POKETEXT	0	
std.os.linux.PTRACE.POKEDATA	4	const	POKEDATA	0	
std.os.linux.PTRACE.POKEUSER	4	const	POKEUSER	0	
std.os.linux.PTRACE.CONT	4	const	CONT	0	
std.os.linux.PTRACE.KILL	4	const	KILL	0	
std.os.linux.PTRACE.SINGLESTEP	4	const	SINGLESTEP	0	
std.os.linux.PTRACE.GETREGS	4	const	GETREGS	0	
std.os.linux.PTRACE.SETREGS	4	const	SETREGS	0	
std.os.linux.PTRACE.GETFPREGS	4	const	GETFPREGS	0	
std.os.linux.PTRACE.SETFPREGS	4	const	SETFPREGS	0	
std.os.linux.PTRACE.ATTACH	4	const	ATTACH	0	
std.os.linux.PTRACE.DETACH	4	const	DETACH	0	
std.os.linux.PTRACE.GETFPXREGS	4	const	GETFPXREGS	0	
std.os.linux.PTRACE.SETFPXREGS	4	const	SETFPXREGS	0	
std.os.linux.PTRACE.SYSCALL	4	const	SYSCALL	0	
std.os.linux.PTRACE.SETOPTIONS	4	const	SETOPTIONS	0	
std.os.linux.PTRACE.GETEVENTMSG	4	const	GETEVENTMSG	0	
std.os.linux.PTRACE.GETSIGINFO	4	const	GETSIGINFO	0	
std.os.linux.PTRACE.SETSIGINFO	4	const	SETSIGINFO	0	
std.os.linux.PTRACE.GETREGSET	4	const	GETREGSET	0	
std.os.linux.PTRACE.SETREGSET	4	const	SETREGSET	0	
std.os.linux.PTRACE.SEIZE	4	const	SEIZE	0	
std.os.linux.PTRACE.INTERRUPT	4	const	INTERRUPT	0	
std.os.linux.PTRACE.LISTEN	4	const	LISTEN	0	
std.os.linux.PTRACE.PEEKSIGINFO	4	const	PEEKSIGINFO	0	
std.os.linux.PTRACE.GETSIGMASK	4	const	GETSIGMASK	0	
std.os.linux.PTRACE.SETSIGMASK	4	const	SETSIGMASK	0	
std.os.linux.PTRACE.SECCOMP_GET_FILTER	4	const	SECCOMP_GET_FILTER	0	
std.os.linux.PTRACE.SECCOMP_GET_METADATA	4	const	SECCOMP_GET_METADATA	0	
std.os.linux.PTRACE.GET_SYSCALL_INFO	4	const	GET_SYSCALL_INFO	0	
std.os.linux.PTRACE.EVENT	4	struct	EVENT	8	
std.os.linux.PTRACE.EVENT.FORK	5	const	FORK	0	
std.os.linux.PTRACE.EVENT.VFORK	5	const	VFORK	0	
std.os.linux.PTRACE.EVENT.CLONE	5	const	CLONE	0	
std.os.linux.PTRACE.EVENT.EXEC	5	const	EXEC	0	
std.os.linux.PTRACE.EVENT.VFORK_DONE	5	const	VFORK_DONE	0	
std.os.linux.PTRACE.EVENT.EXIT	5	const	EXIT	0	
std.os.linux.PTRACE.EVENT.SECCOMP	5	const	SECCOMP	0	
std.os.linux.PTRACE.EVENT.STOP	5	const	STOP	0	
std.os.linux.PTRACE.O	4	struct	O	11	
std.os.linux.PTRACE.O.TRACESYSGOOD	5	const	TRACESYSGOOD	0	
std.os.linux.PTRACE.O.TRACEFORK	5	const	TRACEFORK	0	
std.os.linux.PTRACE.O.TRACEVFORK	5	const	TRACEVFORK	0	
std.os.linux.PTRACE.O.TRACECLONE	5	const	TRACECLONE	0	
std.os.linux.PTRACE.O.TRACEEXEC	5	const	TRACEEXEC	0	
std.os.linux.PTRACE.O.TRACEVFORKDONE	5	const	TRACEVFORKDONE	0	
std.os.linux.PTRACE.O.TRACEEXIT	5	const	TRACEEXIT	0	
std.os.linux.PTRACE.O.TRACESECCOMP	5	const	TRACESECCOMP	0	
std.os.linux.PTRACE.O.EXITKILL	5	const	EXITKILL	0	
std.os.linux.PTRACE.O.SUSPEND_SECCOMP	5	const	SUSPEND_SECCOMP	0	
std.os.linux.PTRACE.O.MASK	5	const	MASK	0	
std.os.linux.futex2_waitone	3	struct	futex2_waitone	0	
std.os.linux.cache_stat_range	3	struct	cache_stat_range	0	
std.os.linux.cache_stat	3	struct	cache_stat	0	
std.os.linux.SHADOW_STACK	3	struct	SHADOW_STACK	1	
std.os.linux.SHADOW_STACK.SET_TOKEN	4	const	SET_TOKEN	0	
std.os.linux.msghdr	3	struct	msghdr	0	
std.os.linux.msghdr_const	3	struct	msghdr_const	0	
std.os.linux.cmsghdr	3	struct	cmsghdr	0	
std.os.plan9	2	ns	plan9	39	os/plan9.zig
std.os.plan9.fd_t	3	alias	fd_t	0	i32
std.os.plan9.STDIN_FILENO	3	const	STDIN_FILENO	0	
std.os.plan9.STDOUT_FILENO	3	const	STDOUT_FILENO	0	
std.os.plan9.STDERR_FILENO	3	const	STDERR_FILENO	0	
std.os.plan9.PATH_MAX	3	const	PATH_MAX	0	
std.os.plan9.syscall_bits	3	const	syscall_bits	0	
std.os.plan9.E	3	enum	E	0	
std.os.plan9.errno	3	fn	errno	0	1
std.os.plan9.ERRMAX	3	const	ERRMAX	0	
std.os.plan9.errstr	3	fn	errstr	0	0
std.os.plan9.Plink	3	alias	Plink	0	anyopaque
std.os.plan9.Tos	3	struct	Tos	0	
std.os.plan9.tos	3	alias	tos	0	undefined
std.os.plan9.getpid	3	fn	getpid	0	0
std.os.plan9.SIG	3	struct	SIG	20	
std.os.plan9.SIG.HUP	4	const	HUP	0	
std.os.plan9.SIG.INT	4	const	INT	0	
std.os.plan9.SIG.QUIT	4	const	QUIT	0	
std.os.plan9.SIG.ILL	4	const	ILL	0	
std.os.plan9.SIG.ABRT	4	const	ABRT	0	
std.os.plan9.SIG.FPE	4	const	FPE	0	
std.os.plan9.SIG.KILL	4	const	KILL	0	
std.os.plan9.SIG.SEGV	4	const	SEGV	0	
std.os.plan9.SIG.PIPE	4	const	PIPE	0	
std.os.plan9.SIG.ALRM	4	const	ALRM	0	
std.os.plan9.SIG.TERM	4	const	TERM	0	
std.os.plan9.SIG.USR1	4	const	USR1	0	
std.os.plan9.SIG.USR2	4	const	USR2	0	
std.os.plan9.SIG.BUS	4	const	BUS	0	
std.os.plan9.SIG.CHLD	4	const	CHLD	0	
std.os.plan9.SIG.CONT	4	const	CONT	0	
std.os.plan9.SIG.STOP	4	const	STOP	0	
std.os.plan9.SIG.TSTP	4	const	TSTP	0	
std.os.plan9.SIG.TTIN	4	const	TTIN	0	
std.os.plan9.SIG.TTOU	4	const	TTOU	0	
std.os.plan9.sigset_t	3	alias	sigset_t	0	c_long
std.os.plan9.siginfo_t	3	alias	siginfo_t	0	c_long
std.os.plan9.Sigaction	3	struct	Sigaction	2	
std.os.plan9.Sigaction.handler_fn	4	const	handler_fn	0	
std.os.plan9.Sigaction.sigaction_fn	4	const	sigaction_fn	0	
std.os.plan9.AT	3	struct	AT	1	
std.os.plan9.AT.FDCWD	4	const	FDCWD	0	
std.os.plan9.sigemptyset	3	fn	sigemptyset	0	0
std.os.plan9.sigaction	3	fn	sigaction	0	3
std.os.plan9.SYS	3	enum	SYS	0	
std.os.plan9.write	3	fn	write	0	3
std.os.plan9.pwrite	3	fn	pwrite	0	4
std.os.plan9.read	3	fn	read	0	3
std.os.plan9.pread	3	fn	pread	0	4
std.os.plan9.open	3	fn	open	0	2
std.os.plan9.openat	3	fn	openat	0	4
std.os.plan9.fd2path	3	fn	fd2path	0	3
std.os.plan9.create	3	fn	create	0	3
std.os.plan9.exit	3	fn	exit	0	1
std.os.plan9.exits	3	fn	exits	0	1
std.os.plan9.close	3	fn	close	0	1
std.os.plan9.mode_t	3	alias	mode_t	0	i32
std.os.plan9.AccessMode	3	enum	AccessMode	0	
std.os.plan9.O	3	struct	O	0	
std.os.plan9.ExecData	3	struct	ExecData	3	
std.os.plan9.ExecData.etext	4	const	etext	0	
std.os.plan9.ExecData.edata	4	const	edata	0	
std.os.plan9.ExecData.end	4	const	end	0	
std.os.plan9.brk_	3	fn	brk_	0	1
std.os.plan9.sbrk	3	fn	sbrk	0	1
std.os.uefi	2	ns	uefi	27	os/uefi.zig
std.os.uefi.protocol	3	ns	protocol	25	os/uefi/protocol.zig
std.os.uefi.protocol.ServiceBinding	4	fn	ServiceBinding	0	1
std.os.uefi.protocol.LoadedImage	4	struct	LoadedImage	4	
std.os.uefi.protocol.LoadedImage.UnloadError	5	const	UnloadError	0	
std.os.uefi.protocol.LoadedImage.unload	5	fn	unload	0	2
std.os.uefi.protocol.LoadedImage.guid	5	const	guid	0	
std.os.uefi.protocol.LoadedImage.device_path_guid	5	const	device_path_guid	0	
std.os.uefi.protocol.DevicePath	4	struct	DevicePath	7	
std.os.uefi.protocol.DevicePath.CreateFileDevicePathError	5	alias	CreateFileDevicePathError	0	Allocator.Error
std.os.uefi.protocol.DevicePath.guid	5	const	guid	0	
std.os.uefi.protocol.DevicePath.next	5	fn	next	0	1
std.os.uefi.protocol.DevicePath.size	5	fn	size	0	1
std.os.uefi.protocol.DevicePath.createFileDevicePath	5	fn	createFileDevicePath	0	3
std.os.uefi.protocol.DevicePath.getDevicePath	5	fn	getDevicePath	0	1
std.os.uefi.protocol.DevicePath.initSubtype	5	fn	initSubtype	0	2
std.os.uefi.protocol.Rng	4	struct	Rng	11	
std.os.uefi.protocol.Rng.GetInfoError	5	const	GetInfoError	0	
std.os.uefi.protocol.Rng.GetRNGError	5	const	GetRNGError	0	
std.os.uefi.protocol.Rng.getInfo	5	fn	getInfo	0	2
std.os.uefi.protocol.Rng.getRNG	5	fn	getRNG	0	3
std.os.uefi.protocol.Rng.guid	5	const	guid	0	
std.os.uefi.protocol.Rng.algorithm_sp800_90_hash_256	5	const	algorithm_sp800_90_hash_256	0	
std.os.uefi.protocol.Rng.algorithm_sp800_90_hmac_256	5	const	algorithm_sp800_90_hmac_256	0	
std.os.uefi.protocol.Rng.algorithm_sp800_90_ctr_256	5	const	algorithm_sp800_90_ctr_256	0	
std.os.uefi.protocol.Rng.algorithm_x9_31_3des	5	const	algorithm_x9_31_3des	0	
std.os.uefi.protocol.Rng.algorithm_x9_31_aes	5	const	algorithm_x9_31_aes	0	
std.os.uefi.protocol.Rng.algorithm_raw	5	const	algorithm_raw	0	
std.os.uefi.protocol.ShellParameters	4	struct	ShellParameters	1	
std.os.uefi.protocol.ShellParameters.guid	5	const	guid	0	
std.os.uefi.protocol.SimpleFileSystem	4	struct	SimpleFileSystem	3	
std.os.uefi.protocol.SimpleFileSystem.OpenVolumeError	5	const	OpenVolumeError	0	
std.os.uefi.protocol.SimpleFileSystem.openVolume	5	fn	openVolume	0	1
std.os.uefi.protocol.SimpleFileSystem.guid	5	const	guid	0	
std.os.uefi.protocol.File	4	struct	File	23	
std.os.uefi.protocol.File.OpenError	5	const	OpenError	0	
std.os.uefi.protocol.File.CloseError	5	alias	CloseError	0	uefi.UnexpectedError
std.os.uefi.protocol.File.SeekError	5	const	SeekError	0	
std.os.uefi.protocol.File.ReadError	5	const	ReadError	0	
std.os.uefi.protocol.File.WriteError	5	const	WriteError	0	
std.os.uefi.protocol.File.GetInfoSizeError	5	const	GetInfoSizeError	0	
std.os.uefi.protocol.File.GetInfoError	5	const	GetInfoError	0	
std.os.uefi.protocol.File.SetInfoError	5	const	SetInfoError	0	
std.os.uefi.protocol.File.FlushError	5	const	FlushError	0	
std.os.uefi.protocol.File.open	5	fn	open	0	4
std.os.uefi.protocol.File.close	5	fn	close	0	1
std.os.uefi.protocol.File.delete	5	fn	delete	0	1
std.os.uefi.protocol.File.read	5	fn	read	0	2
std.os.uefi.protocol.File.write	5	fn	write	0	2
std.os.uefi.protocol.File.getPosition	5	fn	getPosition	0	1
std.os.uefi.protocol.File.setPosition	5	fn	setPosition	0	2
std.os.uefi.protocol.File.getInfoSize	5	fn	getInfoSize	0	2
std.os.uefi.protocol.File.getInfo	5	fn	getInfo	0	3
std.os.uefi.protocol.File.setInfo	5	fn	setInfo	0	3
std.os.uefi.protocol.File.flush	5	fn	flush	0	1
std.os.uefi.protocol.File.OpenMode	5	enum	OpenMode	1	
std.os.uefi.protocol.File.OpenMode.Bits	6	struct	Bits	0	
std.os.uefi.protocol.File.Attributes	5	struct	Attributes	0	
std.os.uefi.protocol.File.Info	5	union	Info	3	
std.os.uefi.protocol.File.Info.File	6	struct	File	2	
std.os.uefi.protocol.File.Info.File.getFileName	7	fn	getFileName	0	1
std.os.uefi.protocol.File.Info.File.guid	7	const	guid	0	
std.os.uefi.protocol.File.Info.FileSystem	6	struct	FileSystem	2	
std.os.uefi.protocol.File.Info.FileSystem.getVolumeLabel	7	fn	getVolumeLabel	0	1
std.os.uefi.protocol.File.Info.FileSystem.guid	7	const	guid	0	
std.os.uefi.protocol.File.Info.VolumeLabel	6	struct	VolumeLabel	2	
std.os.uefi.protocol.File.Info.VolumeLabel.getVolumeLabel	7	fn	getVolumeLabel	0	1
std.os.uefi.protocol.File.Info.VolumeLabel.guid	7	const	guid	0	
std.os.uefi.protocol.BlockIo	4	struct	BlockIo	10	
std.os.uefi.protocol.BlockIo.ResetError	5	const	ResetError	0	
std.os.uefi.protocol.BlockIo.ReadBlocksError	5	const	ReadBlocksError	0	
std.os.uefi.protocol.BlockIo.WriteBlocksError	5	const	WriteBlocksError	0	
std.os.uefi.protocol.BlockIo.FlushBlocksError	5	const	FlushBlocksError	0	
std.os.uefi.protocol.BlockIo.reset	5	fn	reset	0	2
std.os.uefi.protocol.BlockIo.readBlocks	5	fn	readBlocks	0	4
std.os.uefi.protocol.BlockIo.writeBlocks	5	fn	writeBlocks	0	4
std.os.uefi.protocol.BlockIo.flushBlocks	5	fn	flushBlocks	0	1
std.os.uefi.protocol.BlockIo.guid	5	const	guid	0	
std.os.uefi.protocol.BlockIo.BlockMedia	5	struct	BlockMedia	0	
std.os.uefi.protocol.SimpleTextInput	4	struct	SimpleTextInput	6	
std.os.uefi.protocol.SimpleTextInput.ResetError	5	const	ResetError	0	
std.os.uefi.protocol.SimpleTextInput.ReadKeyStrokeError	5	const	ReadKeyStrokeError	0	
std.os.uefi.protocol.SimpleTextInput.reset	5	fn	reset	0	2
std.os.uefi.protocol.SimpleTextInput.readKeyStroke	5	fn	readKeyStroke	0	1
std.os.uefi.protocol.SimpleTextInput.guid	5	const	guid	0	
std.os.uefi.protocol.SimpleTextInput.Key	5	alias	Key	0	uefi.protocol.SimpleTextInputEx.Key
std.os.uefi.protocol.SimpleTextInputEx	4	struct	SimpleTextInputEx	12	
std.os.uefi.protocol.SimpleTextInputEx.ResetError	5	const	ResetError	0	
std.os.uefi.protocol.SimpleTextInputEx.ReadKeyStrokeError	5	const	ReadKeyStrokeError	0	
std.os.uefi.protocol.SimpleTextInputEx.SetStateError	5	const	SetStateError	0	
std.os.uefi.protocol.SimpleTextInputEx.RegisterKeyNotifyError	5	const	RegisterKeyNotifyError	0	
std.os.uefi.protocol.SimpleTextInputEx.UnregisterKeyNotifyError	5	const	UnregisterKeyNotifyError	0	
std.os.uefi.protocol.SimpleTextInputEx.reset	5	fn	reset	0	2
std.os.uefi.protocol.SimpleTextInputEx.readKeyStroke	5	fn	readKeyStroke	0	1
std.os.uefi.protocol.SimpleTextInputEx.setState	5	fn	setState	0	2
std.os.uefi.protocol.SimpleTextInputEx.registerKeyNotify	5	fn	registerKeyNotify	0	3
std.os.uefi.protocol.SimpleTextInputEx.unregisterKeyNotify	5	fn	unregisterKeyNotify	0	2
std.os.uefi.protocol.SimpleTextInputEx.guid	5	const	guid	0	
std.os.uefi.protocol.SimpleTextInputEx.Key	5	struct	Key	2	
std.os.uefi.protocol.SimpleTextInputEx.Key.State	6	struct	State	2	
std.os.uefi.protocol.SimpleTextInputEx.Key.State.Shift	7	struct	Shift	0	
std.os.uefi.protocol.SimpleTextInputEx.Key.State.Toggle	7	struct	Toggle	0	
std.os.uefi.protocol.SimpleTextInputEx.Key.Input	6	struct	Input	0	
std.os.uefi.protocol.SimpleTextOutput	4	struct	SimpleTextOutput	69	
std.os.uefi.protocol.SimpleTextOutput.ResetError	5	const	ResetError	0	
std.os.uefi.protocol.SimpleTextOutput.OutputStringError	5	const	OutputStringError	0	
std.os.uefi.protocol.SimpleTextOutput.QueryModeError	5	const	QueryModeError	0	
std.os.uefi.protocol.SimpleTextOutput.SetModeError	5	const	SetModeError	0	
std.os.uefi.protocol.SimpleTextOutput.SetAttributeError	5	const	SetAttributeError	0	
std.os.uefi.protocol.SimpleTextOutput.ClearScreenError	5	const	ClearScreenError	0	
std.os.uefi.protocol.SimpleTextOutput.SetCursorPositionError	5	const	SetCursorPositionError	0	
std.os.uefi.protocol.SimpleTextOutput.EnableCursorError	5	const	EnableCursorError	0	
std.os.uefi.protocol.SimpleTextOutput.reset	5	fn	reset	0	2
std.os.uefi.protocol.SimpleTextOutput.outputString	5	fn	outputString	0	2
std.os.uefi.protocol.SimpleTextOutput.testString	5	fn	testString	0	2
std.os.uefi.protocol.SimpleTextOutput.queryMode	5	fn	queryMode	0	2
std.os.uefi.protocol.SimpleTextOutput.setMode	5	fn	setMode	0	2
std.os.uefi.protocol.SimpleTextOutput.setAttribute	5	fn	setAttribute	0	2
std.os.uefi.protocol.SimpleTextOutput.clearScreen	5	fn	clearScreen	0	1
std.os.uefi.protocol.SimpleTextOutput.setCursorPosition	5	fn	setCursorPosition	0	3
std.os.uefi.protocol.SimpleTextOutput.enableCursor	5	fn	enableCursor	0	2
std.os.uefi.protocol.SimpleTextOutput.guid	5	const	guid	0	
std.os.uefi.protocol.SimpleTextOutput.boxdraw_horizontal	5	const	boxdraw_horizontal	0	
std.os.uefi.protocol.SimpleTextOutput.boxdraw_vertical	5	const	boxdraw_vertical	0	
std.os.uefi.protocol.SimpleTextOutput.boxdraw_down_right	5	const	boxdraw_down_right	0	
std.os.uefi.protocol.SimpleTextOutput.boxdraw_down_left	5	const	boxdraw_down_left	0	
std.os.uefi.protocol.SimpleTextOutput.boxdraw_up_right	5	const	boxdraw_up_right	0	
std.os.uefi.protocol.SimpleTextOutput.boxdraw_up_left	5	const	boxdraw_up_left	0	
std.os.uefi.protocol.SimpleTextOutput.boxdraw_vertical_right	5	const	boxdraw_vertical_right	0	
std.os.uefi.protocol.SimpleTextOutput.boxdraw_vertical_left	5	const	boxdraw_vertical_left	0	
std.os.uefi.protocol.SimpleTextOutput.boxdraw_down_horizontal	5	const	boxdraw_down_horizontal	0	
std.os.uefi.protocol.SimpleTextOutput.boxdraw_up_horizontal	5	const	boxdraw_up_horizontal	0	
std.os.uefi.protocol.SimpleTextOutput.boxdraw_vertical_horizontal	5	const	boxdraw_vertical_horizontal	0	
std.os.uefi.protocol.SimpleTextOutput.boxdraw_double_horizontal	5	const	boxdraw_double_horizontal	0	
std.os.uefi.protocol.SimpleTextOutput.boxdraw_double_vertical	5	const	boxdraw_double_vertical	0	
std.os.uefi.protocol.SimpleTextOutput.boxdraw_down_right_double	5	const	boxdraw_down_right_double	0	
std.os.uefi.protocol.SimpleTextOutput.boxdraw_down_double_right	5	const	boxdraw_down_double_right	0	
std.os.uefi.protocol.SimpleTextOutput.boxdraw_double_down_right	5	const	boxdraw_double_down_right	0	
std.os.uefi.protocol.SimpleTextOutput.boxdraw_down_left_double	5	const	boxdraw_down_left_double	0	
std.os.uefi.protocol.SimpleTextOutput.boxdraw_down_double_left	5	const	boxdraw_down_double_left	0	
std.os.uefi.protocol.SimpleTextOutput.boxdraw_double_down_left	5	const	boxdraw_double_down_left	0	
std.os.uefi.protocol.SimpleTextOutput.boxdraw_up_right_double	5	const	boxdraw_up_right_double	0	
std.os.uefi.protocol.SimpleTextOutput.boxdraw_up_double_right	5	const	boxdraw_up_double_right	0	
std.os.uefi.protocol.SimpleTextOutput.boxdraw_double_up_right	5	const	boxdraw_double_up_right	0	
std.os.uefi.protocol.SimpleTextOutput.boxdraw_up_left_double	5	const	boxdraw_up_left_double	0	
std.os.uefi.protocol.SimpleTextOutput.boxdraw_up_double_left	5	const	boxdraw_up_double_left	0	
std.os.uefi.protocol.SimpleTextOutput.boxdraw_double_up_left	5	const	boxdraw_double_up_left	0	
std.os.uefi.protocol.SimpleTextOutput.boxdraw_vertical_right_double	5	const	boxdraw_vertical_right_double	0	
std.os.uefi.protocol.SimpleTextOutput.boxdraw_vertical_double_right	5	const	boxdraw_vertical_double_right	0	
std.os.uefi.protocol.SimpleTextOutput.boxdraw_double_vertical_right	5	const	boxdraw_double_vertical_right	0	
std.os.uefi.protocol.SimpleTextOutput.boxdraw_vertical_left_double	5	const	boxdraw_vertical_left_double	0	
std.os.uefi.protocol.SimpleTextOutput.boxdraw_vertical_double_left	5	const	boxdraw_vertical_double_left	0	
std.os.uefi.protocol.SimpleTextOutput.boxdraw_double_vertical_left	5	const	boxdraw_double_vertical_left	0	
std.os.uefi.protocol.SimpleTextOutput.boxdraw_down_horizontal_double	5	const	boxdraw_down_horizontal_double	0	
std.os.uefi.protocol.SimpleTextOutput.boxdraw_down_double_horizontal	5	const	boxdraw_down_double_horizontal	0	
std.os.uefi.protocol.SimpleTextOutput.boxdraw_double_down_horizontal	5	const	boxdraw_double_down_horizontal	0	
std.os.uefi.protocol.SimpleTextOutput.boxdraw_up_horizontal_double	5	const	boxdraw_up_horizontal_double	0	
std.os.uefi.protocol.SimpleTextOutput.boxdraw_up_double_horizontal	5	const	boxdraw_up_double_horizontal	0	
std.os.uefi.protocol.SimpleTextOutput.boxdraw_double_up_horizontal	5	const	boxdraw_double_up_horizontal	0	
std.os.uefi.protocol.SimpleTextOutput.boxdraw_vertical_horizontal_double	5	const	boxdraw_vertical_horizontal_double	0	
std.os.uefi.protocol.SimpleTextOutput.boxdraw_vertical_double_horizontal	5	const	boxdraw_vertical_double_horizontal	0	
std.os.uefi.protocol.SimpleTextOutput.boxdraw_double_vertical_horizontal	5	const	boxdraw_double_vertical_horizontal	0	
std.os.uefi.protocol.SimpleTextOutput.blockelement_full_block	5	const	blockelement_full_block	0	
std.os.uefi.protocol.SimpleTextOutput.blockelement_light_shade	5	const	blockelement_light_shade	0	
std.os.uefi.protocol.SimpleTextOutput.geometricshape_up_triangle	5	const	geometricshape_up_triangle	0	
std.os.uefi.protocol.SimpleTextOutput.geometricshape_right_triangle	5	const	geometricshape_right_triangle	0	
std.os.uefi.protocol.SimpleTextOutput.geometricshape_down_triangle	5	const	geometricshape_down_triangle	0	
std.os.uefi.protocol.SimpleTextOutput.geometricshape_left_triangle	5	const	geometricshape_left_triangle	0	
std.os.uefi.protocol.SimpleTextOutput.arrow_up	5	const	arrow_up	0	
std.os.uefi.protocol.SimpleTextOutput.arrow_down	5	const	arrow_down	0	
std.os.uefi.protocol.SimpleTextOutput.Attribute	5	struct	Attribute	2	
std.os.uefi.protocol.SimpleTextOutput.Attribute.ForegroundColor	6	enum	ForegroundColor	0	
std.os.uefi.protocol.SimpleTextOutput.Attribute.BackgroundColor	6	enum	BackgroundColor	0	
std.os.uefi.protocol.SimpleTextOutput.Mode	5	struct	Mode	0	
std.os.uefi.protocol.SimpleTextOutput.Geometry	5	struct	Geometry	0	
std.os.uefi.protocol.SimplePointer	4	struct	SimplePointer	7	
std.os.uefi.protocol.SimplePointer.ResetError	5	const	ResetError	0	
std.os.uefi.protocol.SimplePointer.GetStateError	5	const	GetStateError	0	
std.os.uefi.protocol.SimplePointer.reset	5	fn	reset	0	2
std.os.uefi.protocol.SimplePointer.getState	5	fn	getState	0	1
std.os.uefi.protocol.SimplePointer.guid	5	const	guid	0	
std.os.uefi.protocol.SimplePointer.Mode	5	struct	Mode	0	
std.os.uefi.protocol.SimplePointer.State	5	struct	State	0	
std.os.uefi.protocol.AbsolutePointer	4	struct	AbsolutePointer	7	
std.os.uefi.protocol.AbsolutePointer.ResetError	5	const	ResetError	0	
std.os.uefi.protocol.AbsolutePointer.GetStateError	5	const	GetStateError	0	
std.os.uefi.protocol.AbsolutePointer.reset	5	fn	reset	0	2
std.os.uefi.protocol.AbsolutePointer.getState	5	fn	getState	0	1
std.os.uefi.protocol.AbsolutePointer.guid	5	const	guid	0	
std.os.uefi.protocol.AbsolutePointer.Mode	5	struct	Mode	1	
std.os.uefi.protocol.AbsolutePointer.Mode.Attributes	6	struct	Attributes	0	
std.os.uefi.protocol.AbsolutePointer.State	5	struct	State	1	
std.os.uefi.protocol.AbsolutePointer.State.ActiveButtons	6	struct	ActiveButtons	0	
std.os.uefi.protocol.SerialIo	4	struct	SerialIo	16	
std.os.uefi.protocol.SerialIo.ResetError	5	const	ResetError	0	
std.os.uefi.protocol.SerialIo.SetAttributeError	5	const	SetAttributeError	0	
std.os.uefi.protocol.SerialIo.SetControlError	5	const	SetControlError	0	
std.os.uefi.protocol.SerialIo.GetControlError	5	const	GetControlError	0	
std.os.uefi.protocol.SerialIo.WriteError	5	const	WriteError	0	
std.os.uefi.protocol.SerialIo.ReadError	5	const	ReadError	0	
std.os.uefi.protocol.SerialIo.reset	5	fn	reset	0	1
std.os.uefi.protocol.SerialIo.setAttribute	5	fn	setAttribute	0	7
std.os.uefi.protocol.SerialIo.setControl	5	fn	setControl	0	2
std.os.uefi.protocol.SerialIo.getControl	5	fn	getControl	0	1
std.os.uefi.protocol.SerialIo.write	5	fn	write	0	2
std.os.uefi.protocol.SerialIo.read	5	fn	read	0	2
std.os.uefi.protocol.SerialIo.guid	5	const	guid	0	
std.os.uefi.protocol.SerialIo.ParityType	5	enum	ParityType	0	
std.os.uefi.protocol.SerialIo.StopBitsType	5	enum	StopBitsType	0	
std.os.uefi.protocol.SerialIo.Mode	5	struct	Mode	0	
std.os.uefi.protocol.GraphicsOutput	4	struct	GraphicsOutput	12	
std.os.uefi.protocol.GraphicsOutput.QueryModeError	5	const	QueryModeError	0	
std.os.uefi.protocol.GraphicsOutput.SetModeError	5	const	SetModeError	0	
std.os.uefi.protocol.GraphicsOutput.BltError	5	const	BltError	0	
std.os.uefi.protocol.GraphicsOutput.queryMode	5	fn	queryMode	0	2
std.os.uefi.protocol.GraphicsOutput.setMode	5	fn	setMode	0	2
std.os.uefi.protocol.GraphicsOutput.blt	5	fn	blt	0	10
std.os.uefi.protocol.GraphicsOutput.guid	5	const	guid	0	
std.os.uefi.protocol.GraphicsOutput.Mode	5	struct	Mode	1	
std.os.uefi.protocol.GraphicsOutput.Mode.Info	6	struct	Info	0	
std.os.uefi.protocol.GraphicsOutput.PixelFormat	5	enum	PixelFormat	0	
std.os.uefi.protocol.GraphicsOutput.PixelBitmask	5	struct	PixelBitmask	0	
std.os.uefi.protocol.GraphicsOutput.BltPixel	5	struct	BltPixel	0	
std.os.uefi.protocol.GraphicsOutput.BltOperation	5	enum	BltOperation	0	
std.os.uefi.protocol.edid	4	ns	edid	3	os/uefi/protocol/edid.zig
std.os.uefi.protocol.edid.Active	5	struct	Active	1	
std.os.uefi.protocol.edid.Active.guid	6	const	guid	0	
std.os.uefi.protocol.edid.Discovered	5	struct	Discovered	1	
std.os.uefi.protocol.edid.Discovered.guid	6	const	guid	0	
std.os.uefi.protocol.edid.Override	5	struct	Override	5	
std.os.uefi.protocol.edid.Override.GetEdidError	6	const	GetEdidError	0	
std.os.uefi.protocol.edid.Override.getEdid	6	fn	getEdid	0	2
std.os.uefi.protocol.edid.Override.guid	6	const	guid	0	
std.os.uefi.protocol.edid.Override.Edid	6	struct	Edid	0	
std.os.uefi.protocol.edid.Override.Attributes	6	struct	Attributes	0	
std.os.uefi.protocol.SimpleNetwork	4	struct	SimpleNetwork	36	
std.os.uefi.protocol.SimpleNetwork.StartError	5	const	StartError	0	
std.os.uefi.protocol.SimpleNetwork.StopError	5	const	StopError	0	
std.os.uefi.protocol.SimpleNetwork.InitializeError	5	const	InitializeError	0	
std.os.uefi.protocol.SimpleNetwork.ResetError	5	const	ResetError	0	
std.os.uefi.protocol.SimpleNetwork.ShutdownError	5	const	ShutdownError	0	
std.os.uefi.protocol.SimpleNetwork.ReceiveFiltersError	5	const	ReceiveFiltersError	0	
std.os.uefi.protocol.SimpleNetwork.StationAddressError	5	const	StationAddressError	0	
std.os.uefi.protocol.SimpleNetwork.StatisticsError	5	const	StatisticsError	0	
std.os.uefi.protocol.SimpleNetwork.McastIpToMacError	5	const	McastIpToMacError	0	
std.os.uefi.protocol.SimpleNetwork.NvDataError	5	const	NvDataError	0	
std.os.uefi.protocol.SimpleNetwork.GetStatusError	5	const	GetStatusError	0	
std.os.uefi.protocol.SimpleNetwork.TransmitError	5	const	TransmitError	0	
std.os.uefi.protocol.SimpleNetwork.ReceiveError	5	const	ReceiveError	0	
std.os.uefi.protocol.SimpleNetwork.start	5	fn	start	0	1
std.os.uefi.protocol.SimpleNetwork.stop	5	fn	stop	0	1
std.os.uefi.protocol.SimpleNetwork.initialize	5	fn	initialize	0	3
std.os.uefi.protocol.SimpleNetwork.reset	5	fn	reset	0	2
std.os.uefi.protocol.SimpleNetwork.shutdown	5	fn	shutdown	0	1
std.os.uefi.protocol.SimpleNetwork.receiveFilters	5	fn	receiveFilters	0	5
std.os.uefi.protocol.SimpleNetwork.stationAddress	5	fn	stationAddress	0	3
std.os.uefi.protocol.SimpleNetwork.resetStatistics	5	fn	resetStatistics	0	1
std.os.uefi.protocol.SimpleNetwork.statistics	5	fn	statistics	0	2
std.os.uefi.protocol.SimpleNetwork.mcastIpToMac	5	fn	mcastIpToMac	0	3
std.os.uefi.protocol.SimpleNetwork.nvData	5	fn	nvData	0	4
std.os.uefi.protocol.SimpleNetwork.getStatus	5	fn	getStatus	0	3
std.os.uefi.protocol.SimpleNetwork.transmit	5	fn	transmit	0	6
std.os.uefi.protocol.SimpleNetwork.receive	5	fn	receive	0	2
std.os.uefi.protocol.SimpleNetwork.guid	5	const	guid	0	
std.os.uefi.protocol.SimpleNetwork.NvDataOperation	5	enum	NvDataOperation	0	
std.os.uefi.protocol.SimpleNetwork.MacAddress	5	const	MacAddress	0	
std.os.uefi.protocol.SimpleNetwork.Mode	5	struct	Mode	0	
std.os.uefi.protocol.SimpleNetwork.ReceiveFilter	5	struct	ReceiveFilter	0	
std.os.uefi.protocol.SimpleNetwork.State	5	enum	State	0	
std.os.uefi.protocol.SimpleNetwork.Statistics	5	struct	Statistics	0	
std.os.uefi.protocol.SimpleNetwork.InterruptStatus	5	struct	InterruptStatus	0	
std.os.uefi.protocol.SimpleNetwork.Packet	5	struct	Packet	0	
std.os.uefi.protocol.ManagedNetwork	4	struct	ManagedNetwork	24	
std.os.uefi.protocol.ManagedNetwork.GetModeDataError	5	const	GetModeDataError	0	
std.os.uefi.protocol.ManagedNetwork.ConfigureError	5	const	ConfigureError	0	
std.os.uefi.protocol.ManagedNetwork.McastIpToMacError	5	const	McastIpToMacError	0	
std.os.uefi.protocol.ManagedNetwork.GroupsError	5	const	GroupsError	0	
std.os.uefi.protocol.ManagedNetwork.TransmitError	5	const	TransmitError	0	
std.os.uefi.protocol.ManagedNetwork.ReceiveError	5	const	ReceiveError	0	
std.os.uefi.protocol.ManagedNetwork.CancelError	5	const	CancelError	0	
std.os.uefi.protocol.ManagedNetwork.PollError	5	const	PollError	0	
std.os.uefi.protocol.ManagedNetwork.GetModeDataData	5	struct	GetModeDataData	0	
std.os.uefi.protocol.ManagedNetwork.getModeData	5	fn	getModeData	0	1
std.os.uefi.protocol.ManagedNetwork.configure	5	fn	configure	0	2
std.os.uefi.protocol.ManagedNetwork.mcastIpToMac	5	fn	mcastIpToMac	0	3
std.os.uefi.protocol.ManagedNetwork.groups	5	fn	groups	0	3
std.os.uefi.protocol.ManagedNetwork.transmit	5	fn	transmit	0	2
std.os.uefi.protocol.ManagedNetwork.receive	5	fn	receive	0	2
std.os.uefi.protocol.ManagedNetwork.cancel	5	fn	cancel	0	2
std.os.uefi.protocol.ManagedNetwork.poll	5	fn	poll	0	1
std.os.uefi.protocol.ManagedNetwork.guid	5	const	guid	0	
std.os.uefi.protocol.ManagedNetwork.ServiceBinding	5	struct	ServiceBinding	3	
std.os.uefi.protocol.ManagedNetwork.ServiceBinding.createChild	6	fn	createChild	0	2
std.os.uefi.protocol.ManagedNetwork.ServiceBinding.destroyChild	6	fn	destroyChild	0	2
std.os.uefi.protocol.ManagedNetwork.ServiceBinding.guid	6	const	guid	0	
std.os.uefi.protocol.ManagedNetwork.Config	5	struct	Config	0	
std.os.uefi.protocol.ManagedNetwork.CompletionToken	5	struct	CompletionToken	0	
std.os.uefi.protocol.ManagedNetwork.ReceiveData	5	struct	ReceiveData	0	
std.os.uefi.protocol.ManagedNetwork.TransmitData	5	struct	TransmitData	1	
std.os.uefi.protocol.ManagedNetwork.TransmitData.getFragments	6	fn	getFragments	0	1
std.os.uefi.protocol.ManagedNetwork.Fragment	5	struct	Fragment	0	
std.os.uefi.protocol.Ip6ServiceBinding	4	const	Ip6ServiceBinding	0	
std.os.uefi.protocol.Ip6	4	struct	Ip6	33	
std.os.uefi.protocol.Ip6.GetModeDataError	5	const	GetModeDataError	0	
std.os.uefi.protocol.Ip6.ConfigureError	5	const	ConfigureError	0	
std.os.uefi.protocol.Ip6.GroupsError	5	const	GroupsError	0	
std.os.uefi.protocol.Ip6.RoutesError	5	const	RoutesError	0	
std.os.uefi.protocol.Ip6.NeighborsError	5	const	NeighborsError	0	
std.os.uefi.protocol.Ip6.TransmitError	5	const	TransmitError	0	
std.os.uefi.protocol.Ip6.ReceiveError	5	const	ReceiveError	0	
std.os.uefi.protocol.Ip6.CancelError	5	const	CancelError	0	
std.os.uefi.protocol.Ip6.PollError	5	const	PollError	0	
std.os.uefi.protocol.Ip6.ModeData	5	struct	ModeData	0	
std.os.uefi.protocol.Ip6.getModeData	5	fn	getModeData	0	1
std.os.uefi.protocol.Ip6.configure	5	fn	configure	0	2
std.os.uefi.protocol.Ip6.disable	5	fn	disable	0	1
std.os.uefi.protocol.Ip6.leaveAllGroups	5	fn	leaveAllGroups	0	1
std.os.uefi.protocol.Ip6.groups	5	fn	groups	0	3
std.os.uefi.protocol.Ip6.routes	5	fn	routes	0	5
std.os.uefi.protocol.Ip6.neighbors	5	fn	neighbors	0	6
std.os.uefi.protocol.Ip6.transmit	5	fn	transmit	0	2
std.os.uefi.protocol.Ip6.receive	5	fn	receive	0	2
std.os.uefi.protocol.Ip6.cancel	5	fn	cancel	0	2
std.os.uefi.protocol.Ip6.poll	5	fn	poll	0	1
std.os.uefi.protocol.Ip6.guid	5	const	guid	0	
std.os.uefi.protocol.Ip6.DeleteFlag	5	enum	DeleteFlag	0	
std.os.uefi.protocol.Ip6.JoinFlag	5	enum	JoinFlag	0	
std.os.uefi.protocol.Ip6.Mode	5	struct	Mode	0	
std.os.uefi.protocol.Ip6.Config	5	struct	Config	0	
std.os.uefi.protocol.Ip6.Address	5	const	Address	0	
std.os.uefi.protocol.Ip6.AddressInfo	5	struct	AddressInfo	0	
std.os.uefi.protocol.Ip6.RouteTable	5	struct	RouteTable	0	
std.os.uefi.protocol.Ip6.NeighborState	5	enum	NeighborState	0	
std.os.uefi.protocol.Ip6.NeighborCache	5	struct	NeighborCache	0	
std.os.uefi.protocol.Ip6.IcmpType	5	struct	IcmpType	0	
std.os.uefi.protocol.Ip6.CompletionToken	5	struct	CompletionToken	0	
std.os.uefi.protocol.Ip6Config	4	struct	Ip6Config	15	
std.os.uefi.protocol.Ip6Config.SetDataError	5	const	SetDataError	0	
std.os.uefi.protocol.Ip6Config.GetDataError	5	const	GetDataError	0	
std.os.uefi.protocol.Ip6Config.RegisterDataNotifyError	5	const	RegisterDataNotifyError	0	
std.os.uefi.protocol.Ip6Config.UnregisterDataNotifyError	5	const	UnregisterDataNotifyError	0	
std.os.uefi.protocol.Ip6Config.setData	5	fn	setData	0	3
std.os.uefi.protocol.Ip6Config.getData	5	fn	getData	0	2
std.os.uefi.protocol.Ip6Config.registerDataNotify	5	fn	registerDataNotify	0	3
std.os.uefi.protocol.Ip6Config.unregisterDataNotify	5	fn	unregisterDataNotify	0	3
std.os.uefi.protocol.Ip6Config.guid	5	const	guid	0	
std.os.uefi.protocol.Ip6Config.DataType	5	union	DataType	0	
std.os.uefi.protocol.Ip6Config.InterfaceInfo	5	struct	InterfaceInfo	0	
std.os.uefi.protocol.Ip6Config.InterfaceId	5	struct	InterfaceId	0	
std.os.uefi.protocol.Ip6Config.Policy	5	enum	Policy	0	
std.os.uefi.protocol.Ip6Config.DupAddrDetectTransmits	5	struct	DupAddrDetectTransmits	0	
std.os.uefi.protocol.Ip6Config.ManualAddress	5	struct	ManualAddress	0	
std.os.uefi.protocol.Udp6ServiceBinding	4	const	Udp6ServiceBinding	0	
std.os.uefi.protocol.Udp6	4	struct	Udp6	23	
std.os.uefi.protocol.Udp6.GetModeDataError	5	const	GetModeDataError	0	
std.os.uefi.protocol.Udp6.ConfigureError	5	const	ConfigureError	0	
std.os.uefi.protocol.Udp6.GroupsError	5	const	GroupsError	0	
std.os.uefi.protocol.Udp6.TransmitError	5	const	TransmitError	0	
std.os.uefi.protocol.Udp6.ReceiveError	5	const	ReceiveError	0	
std.os.uefi.protocol.Udp6.CancelError	5	const	CancelError	0	
std.os.uefi.protocol.Udp6.PollError	5	const	PollError	0	
std.os.uefi.protocol.Udp6.getModeData	5	fn	getModeData	0	1
std.os.uefi.protocol.Udp6.configure	5	fn	configure	0	2
std.os.uefi.protocol.Udp6.groups	5	fn	groups	0	3
std.os.uefi.protocol.Udp6.transmit	5	fn	transmit	0	2
std.os.uefi.protocol.Udp6.receive	5	fn	receive	0	2
std.os.uefi.protocol.Udp6.cancel	5	fn	cancel	0	2
std.os.uefi.protocol.Udp6.poll	5	fn	poll	0	1
std.os.uefi.protocol.Udp6.guid	5	const	guid	0	
std.os.uefi.protocol.Udp6.JoinFlag	5	enum	JoinFlag	0	
std.os.uefi.protocol.Udp6.ModeData	5	struct	ModeData	0	
std.os.uefi.protocol.Udp6.Config	5	struct	Config	0	
std.os.uefi.protocol.Udp6.CompletionToken	5	struct	CompletionToken	0	
std.os.uefi.protocol.Udp6.ReceiveData	5	struct	ReceiveData	1	
std.os.uefi.protocol.Udp6.ReceiveData.getFragments	6	fn	getFragments	0	1
std.os.uefi.protocol.Udp6.TransmitData	5	struct	TransmitData	1	
std.os.uefi.protocol.Udp6.TransmitData.getFragments	6	fn	getFragments	0	1
std.os.uefi.protocol.Udp6.SessionData	5	struct	SessionData	0	
std.os.uefi.protocol.Udp6.Fragment	5	struct	Fragment	0	
std.os.uefi.protocol.HiiDatabase	4	struct	HiiDatabase	9	
std.os.uefi.protocol.HiiDatabase.RemovePackageListError	5	const	RemovePackageListError	0	
std.os.uefi.protocol.HiiDatabase.UpdatePackageListError	5	const	UpdatePackageListError	0	
std.os.uefi.protocol.HiiDatabase.ListPackageListsError	5	const	ListPackageListsError	0	
std.os.uefi.protocol.HiiDatabase.ExportPackageListError	5	const	ExportPackageListError	0	
std.os.uefi.protocol.HiiDatabase.removePackageList	5	fn	removePackageList	0	2
std.os.uefi.protocol.HiiDatabase.updatePackageList	5	fn	updatePackageList	0	3
std.os.uefi.protocol.HiiDatabase.listPackageLists	5	fn	listPackageLists	0	4
std.os.uefi.protocol.HiiDatabase.exportPackageLists	5	fn	exportPackageLists	0	3
std.os.uefi.protocol.HiiDatabase.guid	5	const	guid	0	
std.os.uefi.protocol.HiiPopup	4	struct	HiiPopup	6	
std.os.uefi.protocol.HiiPopup.CreatePopupError	5	const	CreatePopupError	0	
std.os.uefi.protocol.HiiPopup.createPopup	5	fn	createPopup	0	5
std.os.uefi.protocol.HiiPopup.guid	5	const	guid	0	
std.os.uefi.protocol.HiiPopup.PopupStyle	5	enum	PopupStyle	0	
std.os.uefi.protocol.HiiPopup.PopupType	5	enum	PopupType	0	
std.os.uefi.protocol.HiiPopup.PopupSelection	5	enum	PopupSelection	0	
std.os.uefi.DevicePath	3	union	DevicePath	7	
std.os.uefi.DevicePath.Type	4	enum	Type	0	
std.os.uefi.DevicePath.Hardware	4	union	Hardware	7	
std.os.uefi.DevicePath.Hardware.Subtype	5	enum	Subtype	0	
std.os.uefi.DevicePath.Hardware.PciDevicePath	5	struct	PciDevicePath	0	
std.os.uefi.DevicePath.Hardware.PcCardDevicePath	5	struct	PcCardDevicePath	0	
std.os.uefi.DevicePath.Hardware.MemoryMappedDevicePath	5	struct	MemoryMappedDevicePath	0	
std.os.uefi.DevicePath.Hardware.VendorDevicePath	5	struct	VendorDevicePath	0	
std.os.uefi.DevicePath.Hardware.ControllerDevicePath	5	struct	ControllerDevicePath	0	
std.os.uefi.DevicePath.Hardware.BmcDevicePath	5	struct	BmcDevicePath	0	
std.os.uefi.DevicePath.Acpi	4	union	Acpi	4	
std.os.uefi.DevicePath.Acpi.Subtype	5	enum	Subtype	0	
std.os.uefi.DevicePath.Acpi.BaseAcpiDevicePath	5	struct	BaseAcpiDevicePath	0	
std.os.uefi.DevicePath.Acpi.ExpandedAcpiDevicePath	5	struct	ExpandedAcpiDevicePath	0	
std.os.uefi.DevicePath.Acpi.AdrDevicePath	5	struct	AdrDevicePath	1	
std.os.uefi.DevicePath.Acpi.AdrDevicePath.adrs	6	fn	adrs	0	1
std.os.uefi.DevicePath.Messaging	4	union	Messaging	19	
std.os.uefi.DevicePath.Messaging.Subtype	5	enum	Subtype	0	
std.os.uefi.DevicePath.Messaging.AtapiDevicePath	5	struct	AtapiDevicePath	2	
std.os.uefi.DevicePath.Messaging.AtapiDevicePath.Role	6	enum	Role	0	
std.os.uefi.DevicePath.Messaging.AtapiDevicePath.Rank	6	enum	Rank	0	
std.os.uefi.DevicePath.Messaging.ScsiDevicePath	5	struct	ScsiDevicePath	0	
std.os.uefi.DevicePath.Messaging.FibreChannelDevicePath	5	struct	FibreChannelDevicePath	0	
std.os.uefi.DevicePath.Messaging.FibreChannelExDevicePath	5	struct	FibreChannelExDevicePath	0	
std.os.uefi.DevicePath.Messaging.F1394DevicePath	5	struct	F1394DevicePath	0	
std.os.uefi.DevicePath.Messaging.UsbDevicePath	5	struct	UsbDevicePath	0	
std.os.uefi.DevicePath.Messaging.SataDevicePath	5	struct	SataDevicePath	0	
std.os.uefi.DevicePath.Messaging.UsbWwidDevicePath	5	struct	UsbWwidDevicePath	1	
std.os.uefi.DevicePath.Messaging.UsbWwidDevicePath.serial_number	6	fn	serial_number	0	1
std.os.uefi.DevicePath.Messaging.DeviceLogicalUnitDevicePath	5	struct	DeviceLogicalUnitDevicePath	0	
std.os.uefi.DevicePath.Messaging.UsbClassDevicePath	5	struct	UsbClassDevicePath	0	
std.os.uefi.DevicePath.Messaging.I2oDevicePath	5	struct	I2oDevicePath	0	
std.os.uefi.DevicePath.Messaging.MacAddressDevicePath	5	struct	MacAddressDevicePath	0	
std.os.uefi.DevicePath.Messaging.Ipv4DevicePath	5	struct	Ipv4DevicePath	1	
std.os.uefi.DevicePath.Messaging.Ipv4DevicePath.IpType	6	enum	IpType	0	
std.os.uefi.DevicePath.Messaging.Ipv6DevicePath	5	struct	Ipv6DevicePath	1	
std.os.uefi.DevicePath.Messaging.Ipv6DevicePath.Origin	6	enum	Origin	0	
std.os.uefi.DevicePath.Messaging.VlanDevicePath	5	struct	VlanDevicePath	0	
std.os.uefi.DevicePath.Messaging.InfiniBandDevicePath	5	struct	InfiniBandDevicePath	1	
std.os.uefi.DevicePath.Messaging.InfiniBandDevicePath.ResourceFlags	6	struct	ResourceFlags	1	
std.os.uefi.DevicePath.Messaging.InfiniBandDevicePath.ResourceFlags.ControllerType	7	enum	ControllerType	0	
std.os.uefi.DevicePath.Messaging.UartDevicePath	5	struct	UartDevicePath	2	
std.os.uefi.DevicePath.Messaging.UartDevicePath.Parity	6	enum	Parity	0	
std.os.uefi.DevicePath.Messaging.UartDevicePath.StopBits	6	enum	StopBits	0	
std.os.uefi.DevicePath.Messaging.VendorDefinedDevicePath	5	struct	VendorDefinedDevicePath	0	
std.os.uefi.DevicePath.Media	4	union	Media	10	
std.os.uefi.DevicePath.Media.Subtype	5	enum	Subtype	0	
std.os.uefi.DevicePath.Media.HardDriveDevicePath	5	struct	HardDriveDevicePath	2	
std.os.uefi.DevicePath.Media.HardDriveDevicePath.Format	6	enum	Format	0	
std.os.uefi.DevicePath.Media.HardDriveDevicePath.SignatureType	6	enum	SignatureType	0	
std.os.uefi.DevicePath.Media.CdromDevicePath	5	struct	CdromDevicePath	0	
std.os.uefi.DevicePath.Media.VendorDevicePath	5	struct	VendorDevicePath	0	
std.os.uefi.DevicePath.Media.FilePathDevicePath	5	struct	FilePathDevicePath	1	
std.os.uefi.DevicePath.Media.FilePathDevicePath.getPath	6	fn	getPath	0	1
std.os.uefi.DevicePath.Media.MediaProtocolDevicePath	5	struct	MediaProtocolDevicePath	0	
std.os.uefi.DevicePath.Media.PiwgFirmwareFileDevicePath	5	struct	PiwgFirmwareFileDevicePath	0	
std.os.uefi.DevicePath.Media.PiwgFirmwareVolumeDevicePath	5	struct	PiwgFirmwareVolumeDevicePath	0	
std.os.uefi.DevicePath.Media.RelativeOffsetRangeDevicePath	5	struct	RelativeOffsetRangeDevicePath	0	
std.os.uefi.DevicePath.Media.RamDiskDevicePath	5	struct	RamDiskDevicePath	0	
std.os.uefi.DevicePath.BiosBootSpecification	4	union	BiosBootSpecification	2	
std.os.uefi.DevicePath.BiosBootSpecification.Subtype	5	enum	Subtype	0	
std.os.uefi.DevicePath.BiosBootSpecification.BBS101DevicePath	5	struct	BBS101DevicePath	1	
std.os.uefi.DevicePath.BiosBootSpecification.BBS101DevicePath.getDescription	6	fn	getDescription	0	1
std.os.uefi.DevicePath.End	4	union	End	3	
std.os.uefi.DevicePath.End.Subtype	5	enum	Subtype	0	
std.os.uefi.DevicePath.End.EndEntireDevicePath	5	struct	EndEntireDevicePath	0	
std.os.uefi.DevicePath.End.EndThisInstanceDevicePath	5	struct	EndThisInstanceDevicePath	0	
std.os.uefi.hii	3	ns	hii	9	os/uefi/hii.zig
std.os.uefi.hii.Handle	4	const	Handle	0	
std.os.uefi.hii.PackageHeader	4	struct	PackageHeader	13	
std.os.uefi.hii.PackageHeader.type_all	5	const	type_all	0	
std.os.uefi.hii.PackageHeader.type_guid	5	const	type_guid	0	
std.os.uefi.hii.PackageHeader.forms	5	const	forms	0	
std.os.uefi.hii.PackageHeader.strings	5	const	strings	0	
std.os.uefi.hii.PackageHeader.fonts	5	const	fonts	0	
std.os.uefi.hii.PackageHeader.images	5	const	images	0	
std.os.uefi.hii.PackageHeader.simple_fonsts	5	const	simple_fonsts	0	
std.os.uefi.hii.PackageHeader.device_path	5	const	device_path	0	
std.os.uefi.hii.PackageHeader.keyboard_layout	5	const	keyboard_layout	0	
std.os.uefi.hii.PackageHeader.animations	5	const	animations	0	
std.os.uefi.hii.PackageHeader.end	5	const	end	0	
std.os.uefi.hii.PackageHeader.type_system_begin	5	const	type_system_begin	0	
std.os.uefi.hii.PackageHeader.type_system_end	5	const	type_system_end	0	
std.os.uefi.hii.PackageList	4	struct	PackageList	0	
std.os.uefi.hii.SimplifiedFontPackage	4	struct	SimplifiedFontPackage	1	
std.os.uefi.hii.SimplifiedFontPackage.getNarrowGlyphs	5	fn	getNarrowGlyphs	0	1
std.os.uefi.hii.NarrowGlyphAttributes	4	struct	NarrowGlyphAttributes	0	
std.os.uefi.hii.NarrowGlyph	4	struct	NarrowGlyph	0	
std.os.uefi.hii.WideGlyphAttributes	4	struct	WideGlyphAttributes	0	
std.os.uefi.hii.WideGlyph	4	struct	WideGlyph	0	
std.os.uefi.hii.StringPackage	4	struct	StringPackage	0	
std.os.uefi.Status	3	enum	Status	3	
std.os.uefi.Status.Error	4	const	Error	0	
std.os.uefi.Status.err	4	fn	err	0	1
std.os.uefi.Status.fromError	4	fn	fromError	0	1
std.os.uefi.Error	3	const	Error	0	
std.os.uefi.tables	3	ns	tables	27	os/uefi/tables.zig
std.os.uefi.tables.BootServices	4	struct	BootServices	81	
std.os.uefi.tables.BootServices.AllocatePagesError	5	const	AllocatePagesError	0	
std.os.uefi.tables.BootServices.FreePagesError	5	const	FreePagesError	0	
std.os.uefi.tables.BootServices.GetMemoryMapError	5	const	GetMemoryMapError	0	
std.os.uefi.tables.BootServices.AllocatePoolError	5	const	AllocatePoolError	0	
std.os.uefi.tables.BootServices.FreePoolError	5	const	FreePoolError	0	
std.os.uefi.tables.BootServices.CreateEventError	5	const	CreateEventError	0	
std.os.uefi.tables.BootServices.SetTimerError	5	const	SetTimerError	0	
std.os.uefi.tables.BootServices.WaitForEventError	5	const	WaitForEventError	0	
std.os.uefi.tables.BootServices.CheckEventError	5	const	CheckEventError	0	
std.os.uefi.tables.BootServices.ReinstallProtocolInterfaceError	5	const	ReinstallProtocolInterfaceError	0	
std.os.uefi.tables.BootServices.HandleProtocolError	5	const	HandleProtocolError	0	
std.os.uefi.tables.BootServices.RegisterProtocolNotifyError	5	const	RegisterProtocolNotifyError	0	
std.os.uefi.tables.BootServices.NumHandlesError	5	alias	NumHandlesError	0	uefi.UnexpectedError
std.os.uefi.tables.BootServices.LocateHandleError	5	const	LocateHandleError	0	
std.os.uefi.tables.BootServices.LocateDevicePathError	5	const	LocateDevicePathError	0	
std.os.uefi.tables.BootServices.InstallConfigurationTableError	5	const	InstallConfigurationTableError	0	
std.os.uefi.tables.BootServices.UninstallConfigurationTableError	5	const	UninstallConfigurationTableError	0	
std.os.uefi.tables.BootServices.LoadImageError	5	const	LoadImageError	0	
std.os.uefi.tables.BootServices.StartImageError	5	const	StartImageError	0	
std.os.uefi.tables.BootServices.ExitError	5	const	ExitError	0	
std.os.uefi.tables.BootServices.ExitBootServicesError	5	const	ExitBootServicesError	0	
std.os.uefi.tables.BootServices.GetNextMonotonicCountError	5	const	GetNextMonotonicCountError	0	
std.os.uefi.tables.BootServices.SetWatchdogTimerError	5	const	SetWatchdogTimerError	0	
std.os.uefi.tables.BootServices.ConnectControllerError	5	const	ConnectControllerError	0	
std.os.uefi.tables.BootServices.DisconnectControllerError	5	const	DisconnectControllerError	0	
std.os.uefi.tables.BootServices.OpenProtocolError	5	const	OpenProtocolError	0	
std.os.uefi.tables.BootServices.CloseProtocolError	5	const	CloseProtocolError	0	
std.os.uefi.tables.BootServices.OpenProtocolInformationError	5	const	OpenProtocolInformationError	0	
std.os.uefi.tables.BootServices.ProtocolsPerHandleError	5	const	ProtocolsPerHandleError	0	
std.os.uefi.tables.BootServices.LocateHandleBufferError	5	const	LocateHandleBufferError	0	
std.os.uefi.tables.BootServices.LocateProtocolError	5	const	LocateProtocolError	0	
std.os.uefi.tables.BootServices.InstallProtocolInterfacesError	5	const	InstallProtocolInterfacesError	0	
std.os.uefi.tables.BootServices.UninstallProtocolInterfacesError	5	const	UninstallProtocolInterfacesError	0	
std.os.uefi.tables.BootServices.CalculateCrc32Error	5	const	CalculateCrc32Error	0	
std.os.uefi.tables.BootServices.allocatePages	5	fn	allocatePages	0	4
std.os.uefi.tables.BootServices.freePages	5	fn	freePages	0	2
std.os.uefi.tables.BootServices.getMemoryMapInfo	5	fn	getMemoryMapInfo	0	1
std.os.uefi.tables.BootServices.getMemoryMap	5	fn	getMemoryMap	0	2
std.os.uefi.tables.BootServices.allocatePool	5	fn	allocatePool	0	3
std.os.uefi.tables.BootServices.freePool	5	fn	freePool	0	2
std.os.uefi.tables.BootServices.createEvent	5	fn	createEvent	0	3
std.os.uefi.tables.BootServices.setTimer	5	fn	setTimer	0	4
std.os.uefi.tables.BootServices.waitForEvent	5	fn	waitForEvent	0	2
std.os.uefi.tables.BootServices.signalEvent	5	fn	signalEvent	0	2
std.os.uefi.tables.BootServices.closeEvent	5	fn	closeEvent	0	2
std.os.uefi.tables.BootServices.checkEvent	5	fn	checkEvent	0	2
std.os.uefi.tables.BootServices.installProtocolInterface	5	fn	installProtocolInterface	0	3
std.os.uefi.tables.BootServices.reinstallProtocolInterface	5	fn	reinstallProtocolInterface	0	5
std.os.uefi.tables.BootServices.uninstallProtocolInterface	5	fn	uninstallProtocolInterface	0	3
std.os.uefi.tables.BootServices.handleProtocol	5	fn	handleProtocol	0	3
std.os.uefi.tables.BootServices.registerProtocolNotify	5	fn	registerProtocolNotify	0	3
std.os.uefi.tables.BootServices.locateHandleLen	5	fn	locateHandleLen	0	2
std.os.uefi.tables.BootServices.locateHandle	5	fn	locateHandle	0	3
std.os.uefi.tables.BootServices.locateDevicePath	5	fn	locateDevicePath	0	3
std.os.uefi.tables.BootServices.installConfigurationTable	5	fn	installConfigurationTable	0	3
std.os.uefi.tables.BootServices.uninstallConfigurationTable	5	fn	uninstallConfigurationTable	0	2
std.os.uefi.tables.BootServices.LoadImageSource	5	union	LoadImageSource	0	
std.os.uefi.tables.BootServices.loadImage	5	fn	loadImage	0	4
std.os.uefi.tables.BootServices.startImage	5	fn	startImage	0	2
std.os.uefi.tables.BootServices.exit	5	fn	exit	0	4
std.os.uefi.tables.BootServices.exitWithData	5	fn	exitWithData	0	4
std.os.uefi.tables.BootServices.unloadImage	5	fn	unloadImage	0	2
std.os.uefi.tables.BootServices.exitBootServices	5	fn	exitBootServices	0	3
std.os.uefi.tables.BootServices.getNextMonotonicCount	5	fn	getNextMonotonicCount	0	2
std.os.uefi.tables.BootServices.stall	5	fn	stall	0	2
std.os.uefi.tables.BootServices.setWatchdogTimer	5	fn	setWatchdogTimer	0	4
std.os.uefi.tables.BootServices.connectController	5	fn	connectController	0	5
std.os.uefi.tables.BootServices.disconnectController	5	fn	disconnectController	0	4
std.os.uefi.tables.BootServices.openProtocol	5	fn	openProtocol	0	4
std.os.uefi.tables.BootServices.closeProtocol	5	fn	closeProtocol	0	5
std.os.uefi.tables.BootServices.openProtocolInformation	5	fn	openProtocolInformation	0	3
std.os.uefi.tables.BootServices.protocolsPerHandle	5	fn	protocolsPerHandle	0	2
std.os.uefi.tables.BootServices.locateHandleBuffer	5	fn	locateHandleBuffer	0	2
std.os.uefi.tables.BootServices.locateProtocol	5	fn	locateProtocol	0	3
std.os.uefi.tables.BootServices.installProtocolInterfaces	5	fn	installProtocolInterfaces	0	3
std.os.uefi.tables.BootServices.uninstallProtocolInterfaces	5	fn	uninstallProtocolInterfaces	0	3
std.os.uefi.tables.BootServices.calculateCrc32	5	fn	calculateCrc32	0	2
std.os.uefi.tables.BootServices.signature	5	const	signature	0	
std.os.uefi.tables.BootServices.NotifyOpts	5	struct	NotifyOpts	0	
std.os.uefi.tables.BootServices.TaskPriorityLevel	5	enum	TaskPriorityLevel	0	
std.os.uefi.tables.BootServices.ImageExitData	5	struct	ImageExitData	0	
std.os.uefi.tables.RuntimeServices	4	struct	RuntimeServices	37	
std.os.uefi.tables.RuntimeServices.GetTimeError	5	const	GetTimeError	0	
std.os.uefi.tables.RuntimeServices.SetTimeError	5	const	SetTimeError	0	
std.os.uefi.tables.RuntimeServices.GetWakeupTimeError	5	const	GetWakeupTimeError	0	
std.os.uefi.tables.RuntimeServices.SetWakeupTimeError	5	const	SetWakeupTimeError	0	
std.os.uefi.tables.RuntimeServices.SetVirtualAddressMapError	5	const	SetVirtualAddressMapError	0	
std.os.uefi.tables.RuntimeServices.ConvertPointerError	5	const	ConvertPointerError	0	
std.os.uefi.tables.RuntimeServices.GetVariableSizeError	5	const	GetVariableSizeError	0	
std.os.uefi.tables.RuntimeServices.GetVariableError	5	const	GetVariableError	0	
std.os.uefi.tables.RuntimeServices.SetVariableError	5	const	SetVariableError	0	
std.os.uefi.tables.RuntimeServices.GetNextHighMonotonicCountError	5	const	GetNextHighMonotonicCountError	0	
std.os.uefi.tables.RuntimeServices.UpdateCapsuleError	5	const	UpdateCapsuleError	0	
std.os.uefi.tables.RuntimeServices.QueryCapsuleCapabilitiesError	5	const	QueryCapsuleCapabilitiesError	0	
std.os.uefi.tables.RuntimeServices.QueryVariableInfoError	5	const	QueryVariableInfoError	0	
std.os.uefi.tables.RuntimeServices.getTime	5	fn	getTime	0	1
std.os.uefi.tables.RuntimeServices.setTime	5	fn	setTime	0	2
std.os.uefi.tables.RuntimeServices.GetWakeupTime	5	struct	GetWakeupTime	0	
std.os.uefi.tables.RuntimeServices.getWakeupTime	5	fn	getWakeupTime	0	1
std.os.uefi.tables.RuntimeServices.SetWakeupTime	5	union	SetWakeupTime	0	
std.os.uefi.tables.RuntimeServices.setWakeupTime	5	fn	setWakeupTime	0	2
std.os.uefi.tables.RuntimeServices.setVirtualAddressMap	5	fn	setVirtualAddressMap	0	2
std.os.uefi.tables.RuntimeServices.convertPointer	5	fn	convertPointer	0	3
std.os.uefi.tables.RuntimeServices.getVariableSize	5	fn	getVariableSize	0	3
std.os.uefi.tables.RuntimeServices.getVariable	5	fn	getVariable	0	4
std.os.uefi.tables.RuntimeServices.variableNameIterator	5	fn	variableNameIterator	0	2
std.os.uefi.tables.RuntimeServices.setVariable	5	fn	setVariable	0	5
std.os.uefi.tables.RuntimeServices.getNextHighMonotonicCount	5	fn	getNextHighMonotonicCount	0	1
std.os.uefi.tables.RuntimeServices.resetSystem	5	fn	resetSystem	0	4
std.os.uefi.tables.RuntimeServices.updateCapsule	5	fn	updateCapsule	0	3
std.os.uefi.tables.RuntimeServices.queryCapsuleCapabilities	5	fn	queryCapsuleCapabilities	0	2
std.os.uefi.tables.RuntimeServices.queryVariableInfo	5	fn	queryVariableInfo	0	2
std.os.uefi.tables.RuntimeServices.DebugDisposition	5	enum	DebugDisposition	0	
std.os.uefi.tables.RuntimeServices.PointerConversion	5	union	PointerConversion	0	
std.os.uefi.tables.RuntimeServices.VariableAttributes	5	struct	VariableAttributes	0	
std.os.uefi.tables.RuntimeServices.VariableAuthentication3	5	struct	VariableAuthentication3	4	
std.os.uefi.tables.RuntimeServices.VariableAuthentication3.payloadConst	6	fn	payloadConst	0	1
std.os.uefi.tables.RuntimeServices.VariableAuthentication3.payload	6	fn	payload	0	1
std.os.uefi.tables.RuntimeServices.VariableAuthentication3.Flags	6	struct	Flags	0	
std.os.uefi.tables.RuntimeServices.VariableAuthentication3.Type	6	enum	Type	0	
std.os.uefi.tables.RuntimeServices.VariableInfo	5	struct	VariableInfo	0	
std.os.uefi.tables.RuntimeServices.VariableNameIterator	5	struct	VariableNameIterator	4	
std.os.uefi.tables.RuntimeServices.VariableNameIterator.NextSizeError	6	const	NextSizeError	0	
std.os.uefi.tables.RuntimeServices.VariableNameIterator.IterateVariableNameError	6	const	IterateVariableNameError	0	
std.os.uefi.tables.RuntimeServices.VariableNameIterator.nextSize	6	fn	nextSize	0	1
std.os.uefi.tables.RuntimeServices.VariableNameIterator.next	6	fn	next	0	1
std.os.uefi.tables.RuntimeServices.signature	5	const	signature	0	
std.os.uefi.tables.ConfigurationTable	4	struct	ConfigurationTable	9	
std.os.uefi.tables.ConfigurationTable.acpi_20_table_guid	5	const	acpi_20_table_guid	0	
std.os.uefi.tables.ConfigurationTable.acpi_10_table_guid	5	const	acpi_10_table_guid	0	
std.os.uefi.tables.ConfigurationTable.sal_system_table_guid	5	const	sal_system_table_guid	0	
std.os.uefi.tables.ConfigurationTable.smbios_table_guid	5	const	smbios_table_guid	0	
std.os.uefi.tables.ConfigurationTable.smbios3_table_guid	5	const	smbios3_table_guid	0	
std.os.uefi.tables.ConfigurationTable.mps_table_guid	5	const	mps_table_guid	0	
std.os.uefi.tables.ConfigurationTable.json_config_data_table_guid	5	const	json_config_data_table_guid	0	
std.os.uefi.tables.ConfigurationTable.json_capsule_data_table_guid	5	const	json_capsule_data_table_guid	0	
std.os.uefi.tables.ConfigurationTable.json_capsule_result_table_guid	5	const	json_capsule_result_table_guid	0	
std.os.uefi.tables.SystemTable	4	struct	SystemTable	16	
std.os.uefi.tables.SystemTable.signature	5	const	signature	0	
std.os.uefi.tables.SystemTable.revision_1_02	5	const	revision_1_02	0	
std.os.uefi.tables.SystemTable.revision_1_10	5	const	revision_1_10	0	
std.os.uefi.tables.SystemTable.revision_2_00	5	const	revision_2_00	0	
std.os.uefi.tables.SystemTable.revision_2_10	5	const	revision_2_10	0	
std.os.uefi.tables.SystemTable.revision_2_20	5	const	revision_2_20	0	
std.os.uefi.tables.SystemTable.revision_2_30	5	const	revision_2_30	0	
std.os.uefi.tables.SystemTable.revision_2_31	5	const	revision_2_31	0	
std.os.uefi.tables.SystemTable.revision_2_40	5	const	revision_2_40	0	
std.os.uefi.tables.SystemTable.revision_2_50	5	const	revision_2_50	0	
std.os.uefi.tables.SystemTable.revision_2_60	5	const	revision_2_60	0	
std.os.uefi.tables.SystemTable.revision_2_70	5	const	revision_2_70	0	
std.os.uefi.tables.SystemTable.revision_2_80	5	const	revision_2_80	0	
std.os.uefi.tables.SystemTable.revision_2_90	5	const	revision_2_90	0	
std.os.uefi.tables.SystemTable.revision_2_100	5	const	revision_2_100	0	
std.os.uefi.tables.SystemTable.revision_2_110	5	const	revision_2_110	0	
std.os.uefi.tables.TableHeader	4	struct	TableHeader	0	
std.os.uefi.tables.EventNotify	4	const	EventNotify	0	
std.os.uefi.tables.TimerDelay	4	enum	TimerDelay	0	
std.os.uefi.tables.MemoryType	4	enum	MemoryType	7	
std.os.uefi.tables.MemoryType.Oem	5	const	Oem	0	
std.os.uefi.tables.MemoryType.Vendor	5	const	Vendor	0	
std.os.uefi.tables.MemoryType.fromOem	5	fn	fromOem	0	1
std.os.uefi.tables.MemoryType.toOem	5	fn	toOem	0	1
std.os.uefi.tables.MemoryType.fromVendor	5	fn	fromVendor	0	1
std.os.uefi.tables.MemoryType.toVendor	5	fn	toVendor	0	1
std.os.uefi.tables.MemoryType.format	5	fn	format	0	2
std.os.uefi.tables.MemoryDescriptorAttribute	4	struct	MemoryDescriptorAttribute	0	
std.os.uefi.tables.MemoryMapKey	4	enum	MemoryMapKey	0	
std.os.uefi.tables.MemoryDescriptor	4	struct	MemoryDescriptor	0	
std.os.uefi.tables.MemoryMapInfo	4	struct	MemoryMapInfo	0	
std.os.uefi.tables.MemoryMapSlice	4	struct	MemoryMapSlice	3	
std.os.uefi.tables.MemoryMapSlice.iterator	5	fn	iterator	0	1
std.os.uefi.tables.MemoryMapSlice.get	5	fn	get	0	2
std.os.uefi.tables.MemoryMapSlice.getUnchecked	5	fn	getUnchecked	0	2
std.os.uefi.tables.MemoryDescriptorIterator	4	struct	MemoryDescriptorIterator	1	
std.os.uefi.tables.MemoryDescriptorIterator.next	5	fn	next	0	1
std.os.uefi.tables.LocateSearchType	4	enum	LocateSearchType	0	
std.os.uefi.tables.LocateSearch	4	union	LocateSearch	0	
std.os.uefi.tables.OpenProtocolAttributes	4	enum	OpenProtocolAttributes	3	
std.os.uefi.tables.OpenProtocolAttributes.Bits	5	struct	Bits	0	
std.os.uefi.tables.OpenProtocolAttributes.fromBits	5	fn	fromBits	0	1
std.os.uefi.tables.OpenProtocolAttributes.toBits	5	fn	toBits	0	1
std.os.uefi.tables.OpenProtocolArgs	4	union	OpenProtocolArgs	0	
std.os.uefi.tables.ProtocolInformationEntry	4	struct	ProtocolInformationEntry	0	
std.os.uefi.tables.InterfaceType	4	enum	InterfaceType	0	
std.os.uefi.tables.AllocateLocation	4	union	AllocateLocation	0	
std.os.uefi.tables.AllocateType	4	enum	AllocateType	0	
std.os.uefi.tables.PhysicalAddress	4	alias	PhysicalAddress	0	u64
std.os.uefi.tables.CapsuleHeader	4	struct	CapsuleHeader	0	
std.os.uefi.tables.UefiCapsuleBlockDescriptor	4	struct	UefiCapsuleBlockDescriptor	0	
std.os.uefi.tables.ResetType	4	enum	ResetType	0	
std.os.uefi.tables.global_variable	4	const	global_variable	0	
std.os.uefi.efi_pool_memory_type	3	const	efi_pool_memory_type	0	
std.os.uefi.pool_allocator	3	alias	pool_allocator	0	os/uefi/pool_allocator.zig
std.os.uefi.raw_pool_allocator	3	alias	raw_pool_allocator	0	os/uefi/pool_allocator.zig
std.os.uefi.handle	3	alias	handle	0	undefined
std.os.uefi.system_table	3	alias	system_table	0	undefined
std.os.uefi.Page	3	const	Page	0	
std.os.uefi.Event	3	const	Event	0	
std.os.uefi.EventRegistration	3	const	EventRegistration	0	
std.os.uefi.EventType	3	struct	EventType	2	
std.os.uefi.EventType.signal_exit_boot_services	4	const	signal_exit_boot_services	0	
std.os.uefi.EventType.signal_virtual_address_change	4	const	signal_virtual_address_change	0	
std.os.uefi.cc	3	const	cc	0	
std.os.uefi.MacAddress	3	struct	MacAddress	0	
std.os.uefi.Ipv4Address	3	struct	Ipv4Address	0	
std.os.uefi.Ipv6Address	3	struct	Ipv6Address	0	
std.os.uefi.IpAddress	3	union	IpAddress	0	
std.os.uefi.Guid	3	struct	Guid	2	
std.os.uefi.Guid.format	4	fn	format	0	2
std.os.uefi.Guid.eql	4	fn	eql	0	2
std.os.uefi.Handle	3	const	Handle	0	
std.os.uefi.Time	3	struct	Time	2	
std.os.uefi.Time.unspecified_timezone	4	const	unspecified_timezone	0	
std.os.uefi.Time.toEpoch	4	fn	toEpoch	0	1
std.os.uefi.TimeCapabilities	3	struct	TimeCapabilities	0	
std.os.uefi.FileHandle	3	const	FileHandle	0	
std.os.uefi.UnexpectedError	3	const	UnexpectedError	0	
std.os.uefi.unexpectedStatus	3	fn	unexpectedStatus	0	1
std.os.wasi	2	ns	wasi	49	os/wasi.zig
std.os.wasi.iovec_t	3	alias	iovec_t	0	std.posix.iovec
std.os.wasi.ciovec_t	3	alias	ciovec_t	0	std.posix.iovec_const
std.os.wasi.advice_t	3	enum	advice_t	0	
std.os.wasi.clockid_t	3	enum	clockid_t	0	
std.os.wasi.device_t	3	alias	device_t	0	u64
std.os.wasi.dircookie_t	3	alias	dircookie_t	0	u64
std.os.wasi.DIRCOOKIE_START	3	const	DIRCOOKIE_START	0	
std.os.wasi.dirnamlen_t	3	alias	dirnamlen_t	0	u32
std.os.wasi.dirent_t	3	struct	dirent_t	0	
std.os.wasi.errno_t	3	enum	errno_t	0	
std.os.wasi.event_t	3	struct	event_t	0	
std.os.wasi.eventfdreadwrite_t	3	struct	eventfdreadwrite_t	0	
std.os.wasi.eventrwflags_t	3	alias	eventrwflags_t	0	u16
std.os.wasi.EVENT_FD_READWRITE_HANGUP	3	const	EVENT_FD_READWRITE_HANGUP	0	
std.os.wasi.eventtype_t	3	enum	eventtype_t	0	
std.os.wasi.exitcode_t	3	alias	exitcode_t	0	u32
std.os.wasi.fd_t	3	alias	fd_t	0	i32
std.os.wasi.fdflags_t	3	struct	fdflags_t	0	
std.os.wasi.fdstat_t	3	struct	fdstat_t	0	
std.os.wasi.filedelta_t	3	alias	filedelta_t	0	i64
std.os.wasi.filesize_t	3	alias	filesize_t	0	u64
std.os.wasi.filestat_t	3	struct	filestat_t	0	
std.os.wasi.filetype_t	3	enum	filetype_t	0	
std.os.wasi.fstflags_t	3	struct	fstflags_t	0	
std.os.wasi.inode_t	3	alias	inode_t	0	u64
std.os.wasi.linkcount_t	3	alias	linkcount_t	0	u64
std.os.wasi.lookupflags_t	3	struct	lookupflags_t	0	
std.os.wasi.oflags_t	3	struct	oflags_t	0	
std.os.wasi.preopentype_t	3	enum	preopentype_t	0	
std.os.wasi.prestat_t	3	struct	prestat_t	0	
std.os.wasi.prestat_dir_t	3	struct	prestat_dir_t	0	
std.os.wasi.prestat_u_t	3	union	prestat_u_t	0	
std.os.wasi.riflags_t	3	alias	riflags_t	0	u16
std.os.wasi.roflags_t	3	alias	roflags_t	0	u16
std.os.wasi.SOCK	3	struct	SOCK	3	
std.os.wasi.SOCK.RECV_PEEK	4	const	RECV_PEEK	0	
std.os.wasi.SOCK.RECV_WAITALL	4	const	RECV_WAITALL	0	
std.os.wasi.SOCK.RECV_DATA_TRUNCATED	4	const	RECV_DATA_TRUNCATED	0	
std.os.wasi.rights_t	3	struct	rights_t	0	
std.os.wasi.sdflags_t	3	struct	sdflags_t	0	
std.os.wasi.siflags_t	3	alias	siflags_t	0	u16
std.os.wasi.signal_t	3	enum	signal_t	0	
std.os.wasi.subclockflags_t	3	alias	subclockflags_t	0	u16
std.os.wasi.SUBSCRIPTION_CLOCK_ABSTIME	3	const	SUBSCRIPTION_CLOCK_ABSTIME	0	
std.os.wasi.subscription_t	3	struct	subscription_t	0	
std.os.wasi.subscription_clock_t	3	struct	subscription_clock_t	0	
std.os.wasi.subscription_fd_readwrite_t	3	struct	subscription_fd_readwrite_t	0	
std.os.wasi.subscription_u_t	3	struct	subscription_u_t	0	
std.os.wasi.subscription_u_u_t	3	union	subscription_u_u_t	0	
std.os.wasi.timestamp_t	3	alias	timestamp_t	0	u64
std.os.wasi.userdata_t	3	alias	userdata_t	0	u64
std.os.wasi.whence_t	3	enum	whence_t	0	
std.os.emscripten	2	ns	emscripten	111	os/emscripten.zig
std.os.emscripten.FILE	3	alias	FILE	0	c.FILE
std.os.emscripten.PF	3	alias	PF	0	linux.PF
std.os.emscripten.AF	3	alias	AF	0	linux.AF
std.os.emscripten.CLOCK	3	alias	CLOCK	0	linux.CLOCK
std.os.emscripten.CPU_SETSIZE	3	const	CPU_SETSIZE	0	
std.os.emscripten.cpu_set_t	3	const	cpu_set_t	0	
std.os.emscripten.cpu_count_t	3	const	cpu_count_t	0	
std.os.emscripten.CPU_COUNT	3	fn	CPU_COUNT	0	1
std.os.emscripten.E	3	enum	E	0	
std.os.emscripten.F	3	struct	F	18	
std.os.emscripten.F.DUPFD	4	const	DUPFD	0	
std.os.emscripten.F.GETFD	4	const	GETFD	0	
std.os.emscripten.F.SETFD	4	const	SETFD	0	
std.os.emscripten.F.GETFL	4	const	GETFL	0	
std.os.emscripten.F.SETFL	4	const	SETFL	0	
std.os.emscripten.F.SETOWN	4	const	SETOWN	0	
std.os.emscripten.F.GETOWN	4	const	GETOWN	0	
std.os.emscripten.F.SETSIG	4	const	SETSIG	0	
std.os.emscripten.F.GETSIG	4	const	GETSIG	0	
std.os.emscripten.F.GETLK	4	const	GETLK	0	
std.os.emscripten.F.SETLK	4	const	SETLK	0	
std.os.emscripten.F.SETLKW	4	const	SETLKW	0	
std.os.emscripten.F.SETOWN_EX	4	const	SETOWN_EX	0	
std.os.emscripten.F.GETOWN_EX	4	const	GETOWN_EX	0	
std.os.emscripten.F.GETOWNER_UIDS	4	const	GETOWNER_UIDS	0	
std.os.emscripten.F.RDLCK	4	const	RDLCK	0	
std.os.emscripten.F.WRLCK	4	const	WRLCK	0	
std.os.emscripten.F.UNLCK	4	const	UNLCK	0	
std.os.emscripten.FD_CLOEXEC	3	const	FD_CLOEXEC	0	
std.os.emscripten.F_OK	3	const	F_OK	0	
std.os.emscripten.X_OK	3	const	X_OK	0	
std.os.emscripten.W_OK	3	const	W_OK	0	
std.os.emscripten.R_OK	3	const	R_OK	0	
std.os.emscripten.W	3	struct	W	12	
std.os.emscripten.W.NOHANG	4	const	NOHANG	0	
std.os.emscripten.W.UNTRACED	4	const	UNTRACED	0	
std.os.emscripten.W.STOPPED	4	const	STOPPED	0	
std.os.emscripten.W.EXITED	4	const	EXITED	0	
std.os.emscripten.W.CONTINUED	4	const	CONTINUED	0	
std.os.emscripten.W.NOWAIT	4	const	NOWAIT	0	
std.os.emscripten.W.EXITSTATUS	4	fn	EXITSTATUS	0	1
std.os.emscripten.W.TERMSIG	4	fn	TERMSIG	0	1
std.os.emscripten.W.STOPSIG	4	fn	STOPSIG	0	1
std.os.emscripten.W.IFEXITED	4	fn	IFEXITED	0	1
std.os.emscripten.W.IFSTOPPED	4	fn	IFSTOPPED	0	1
std.os.emscripten.W.IFSIGNALED	4	fn	IFSIGNALED	0	1
std.os.emscripten.Flock	3	struct	Flock	0	
std.os.emscripten.IFNAMESIZE	3	const	IFNAMESIZE	0	
std.os.emscripten.NAME_MAX	3	const	NAME_MAX	0	
std.os.emscripten.PATH_MAX	3	const	PATH_MAX	0	
std.os.emscripten.IOV_MAX	3	const	IOV_MAX	0	
std.os.emscripten.IPPORT_RESERVED	3	const	IPPORT_RESERVED	0	
std.os.emscripten.IPPROTO	3	alias	IPPROTO	0	linux.IPPROTO
std.os.emscripten.LOCK	3	struct	LOCK	4	
std.os.emscripten.LOCK.SH	4	const	SH	0	
std.os.emscripten.LOCK.EX	4	const	EX	0	
std.os.emscripten.LOCK.NB	4	const	NB	0	
std.os.emscripten.LOCK.UN	4	const	UN	0	
std.os.emscripten.MADV	3	struct	MADV	21	
std.os.emscripten.MADV.NORMAL	4	const	NORMAL	0	
std.os.emscripten.MADV.RANDOM	4	const	RANDOM	0	
std.os.emscripten.MADV.SEQUENTIAL	4	const	SEQUENTIAL	0	
std.os.emscripten.MADV.WILLNEED	4	const	WILLNEED	0	
std.os.emscripten.MADV.DONTNEED	4	const	DONTNEED	0	
std.os.emscripten.MADV.FREE	4	const	FREE	0	
std.os.emscripten.MADV.REMOVE	4	const	REMOVE	0	
std.os.emscripten.MADV.DONTFORK	4	const	DONTFORK	0	
std.os.emscripten.MADV.DOFORK	4	const	DOFORK	0	
std.os.emscripten.MADV.MERGEABLE	4	const	MERGEABLE	0	
std.os.emscripten.MADV.UNMERGEABLE	4	const	UNMERGEABLE	0	
std.os.emscripten.MADV.HUGEPAGE	4	const	HUGEPAGE	0	
std.os.emscripten.MADV.NOHUGEPAGE	4	const	NOHUGEPAGE	0	
std.os.emscripten.MADV.DONTDUMP	4	const	DONTDUMP	0	
std.os.emscripten.MADV.DODUMP	4	const	DODUMP	0	
std.os.emscripten.MADV.WIPEONFORK	4	const	WIPEONFORK	0	
std.os.emscripten.MADV.KEEPONFORK	4	const	KEEPONFORK	0	
std.os.emscripten.MADV.COLD	4	const	COLD	0	
std.os.emscripten.MADV.PAGEOUT	4	const	PAGEOUT	0	
std.os.emscripten.MADV.HWPOISON	4	const	HWPOISON	0	
std.os.emscripten.MADV.SOFT_OFFLINE	4	const	SOFT_OFFLINE	0	
std.os.emscripten.MSF	3	struct	MSF	3	
std.os.emscripten.MSF.ASYNC	4	const	ASYNC	0	
std.os.emscripten.MSF.INVALIDATE	4	const	INVALIDATE	0	
std.os.emscripten.MSF.SYNC	4	const	SYNC	0	
std.os.emscripten.MSG	3	struct	MSG	21	
std.os.emscripten.MSG.OOB	4	const	OOB	0	
std.os.emscripten.MSG.PEEK	4	const	PEEK	0	
std.os.emscripten.MSG.DONTROUTE	4	const	DONTROUTE	0	
std.os.emscripten.MSG.CTRUNC	4	const	CTRUNC	0	
std.os.emscripten.MSG.PROXY	4	const	PROXY	0	
std.os.emscripten.MSG.TRUNC	4	const	TRUNC	0	
std.os.emscripten.MSG.DONTWAIT	4	const	DONTWAIT	0	
std.os.emscripten.MSG.EOR	4	const	EOR	0	
std.os.emscripten.MSG.WAITALL	4	const	WAITALL	0	
std.os.emscripten.MSG.FIN	4	const	FIN	0	
std.os.emscripten.MSG.SYN	4	const	SYN	0	
std.os.emscripten.MSG.CONFIRM	4	const	CONFIRM	0	
std.os.emscripten.MSG.RST	4	const	RST	0	
std.os.emscripten.MSG.ERRQUEUE	4	const	ERRQUEUE	0	
std.os.emscripten.MSG.NOSIGNAL	4	const	NOSIGNAL	0	
std.os.emscripten.MSG.MORE	4	const	MORE	0	
std.os.emscripten.MSG.WAITFORONE	4	const	WAITFORONE	0	
std.os.emscripten.MSG.BATCH	4	const	BATCH	0	
std.os.emscripten.MSG.ZEROCOPY	4	const	ZEROCOPY	0	
std.os.emscripten.MSG.FASTOPEN	4	const	FASTOPEN	0	
std.os.emscripten.MSG.CMSG_CLOEXEC	4	const	CMSG_CLOEXEC	0	
std.os.emscripten.POLL	3	struct	POLL	8	
std.os.emscripten.POLL.IN	4	const	IN	0	
std.os.emscripten.POLL.PRI	4	const	PRI	0	
std.os.emscripten.POLL.OUT	4	const	OUT	0	
std.os.emscripten.POLL.ERR	4	const	ERR	0	
std.os.emscripten.POLL.HUP	4	const	HUP	0	
std.os.emscripten.POLL.NVAL	4	const	NVAL	0	
std.os.emscripten.POLL.RDNORM	4	const	RDNORM	0	
std.os.emscripten.POLL.RDBAND	4	const	RDBAND	0	
std.os.emscripten.PROT	3	struct	PROT	0	
std.os.emscripten.rlim_t	3	alias	rlim_t	0	u64
std.os.emscripten.RLIM	3	struct	RLIM	3	
std.os.emscripten.RLIM.INFINITY	4	const	INFINITY	0	
std.os.emscripten.RLIM.SAVED_MAX	4	alias	SAVED_MAX	0	INFINITY
std.os.emscripten.RLIM.SAVED_CUR	4	alias	SAVED_CUR	0	INFINITY
std.os.emscripten.rlimit	3	alias	rlimit	0	c.rlimit
std.os.emscripten.rlimit_resource	3	enum	rlimit_resource	0	
std.os.emscripten.rusage	3	struct	rusage	3	
std.os.emscripten.rusage.SELF	4	const	SELF	0	
std.os.emscripten.rusage.CHILDREN	4	const	CHILDREN	0	
std.os.emscripten.rusage.THREAD	4	const	THREAD	0	
std.os.emscripten.timeval	3	struct	timeval	0	
std.os.emscripten.S	3	struct	S	30	
std.os.emscripten.S.IFMT	4	const	IFMT	0	
std.os.emscripten.S.IFDIR	4	const	IFDIR	0	
std.os.emscripten.S.IFCHR	4	const	IFCHR	0	
std.os.emscripten.S.IFBLK	4	const	IFBLK	0	
std.os.emscripten.S.IFREG	4	const	IFREG	0	
std.os.emscripten.S.IFIFO	4	const	IFIFO	0	
std.os.emscripten.S.IFLNK	4	const	IFLNK	0	
std.os.emscripten.S.IFSOCK	4	const	IFSOCK	0	
std.os.emscripten.S.ISUID	4	const	ISUID	0	
std.os.emscripten.S.ISGID	4	const	ISGID	0	
std.os.emscripten.S.ISVTX	4	const	ISVTX	0	
std.os.emscripten.S.IRUSR	4	const	IRUSR	0	
std.os.emscripten.S.IWUSR	4	const	IWUSR	0	
std.os.emscripten.S.IXUSR	4	const	IXUSR	0	
std.os.emscripten.S.IRWXU	4	const	IRWXU	0	
std.os.emscripten.S.IRGRP	4	const	IRGRP	0	
std.os.emscripten.S.IWGRP	4	const	IWGRP	0	
std.os.emscripten.S.IXGRP	4	const	IXGRP	0	
std.os.emscripten.S.IRWXG	4	const	IRWXG	0	
std.os.emscripten.S.IROTH	4	const	IROTH	0	
std.os.emscripten.S.IWOTH	4	const	IWOTH	0	
std.os.emscripten.S.IXOTH	4	const	IXOTH	0	
std.os.emscripten.S.IRWXO	4	const	IRWXO	0	
std.os.emscripten.S.ISREG	4	fn	ISREG	0	1
std.os.emscripten.S.ISDIR	4	fn	ISDIR	0	1
std.os.emscripten.S.ISCHR	4	fn	ISCHR	0	1
std.os.emscripten.S.ISBLK	4	fn	ISBLK	0	1
std.os.emscripten.S.ISFIFO	4	fn	ISFIFO	0	1
std.os.emscripten.S.ISLNK	4	fn	ISLNK	0	1
std.os.emscripten.S.ISSOCK	4	fn	ISSOCK	0	1
std.os.emscripten.SA	3	struct	SA	8	
std.os.emscripten.SA.NOCLDSTOP	4	const	NOCLDSTOP	0	
std.os.emscripten.SA.NOCLDWAIT	4	const	NOCLDWAIT	0	
std.os.emscripten.SA.SIGINFO	4	const	SIGINFO	0	
std.os.emscripten.SA.RESTART	4	const	RESTART	0	
std.os.emscripten.SA.RESETHAND	4	const	RESETHAND	0	
std.os.emscripten.SA.ONSTACK	4	const	ONSTACK	0	
std.os.emscripten.SA.NODEFER	4	const	NODEFER	0	
std.os.emscripten.SA.RESTORER	4	const	RESTORER	0	
std.os.emscripten.SEEK	3	struct	SEEK	3	
std.os.emscripten.SEEK.SET	4	const	SET	0	
std.os.emscripten.SEEK.CUR	4	const	CUR	0	
std.os.emscripten.SEEK.END	4	const	END	0	
std.os.emscripten.SHUT	3	struct	SHUT	3	
std.os.emscripten.SHUT.RD	4	const	RD	0	
std.os.emscripten.SHUT.WR	4	const	WR	0	
std.os.emscripten.SHUT.RDWR	4	const	RDWR	0	
std.os.emscripten.SIG	3	alias	SIG	0	linux.SIG
std.os.emscripten.Sigaction	3	struct	Sigaction	2	
std.os.emscripten.Sigaction.handler_fn	4	const	handler_fn	0	
std.os.emscripten.Sigaction.sigaction_fn	4	const	sigaction_fn	0	
std.os.emscripten.sigset_t	3	const	sigset_t	0	
std.os.emscripten.sigemptyset	3	fn	sigemptyset	0	0
std.os.emscripten.siginfo_t	3	struct	siginfo_t	0	
std.os.emscripten.sigval	3	union	sigval	0	
std.os.emscripten.SIOCGIFINDEX	3	const	SIOCGIFINDEX	0	
std.os.emscripten.SO	3	struct	SO	68	
std.os.emscripten.SO.DEBUG	4	const	DEBUG	0	
std.os.emscripten.SO.REUSEADDR	4	const	REUSEADDR	0	
std.os.emscripten.SO.TYPE	4	const	TYPE	0	
std.os.emscripten.SO.ERROR	4	const	ERROR	0	
std.os.emscripten.SO.DONTROUTE	4	const	DONTROUTE	0	
std.os.emscripten.SO.BROADCAST	4	const	BROADCAST	0	
std.os.emscripten.SO.SNDBUF	4	const	SNDBUF	0	
std.os.emscripten.SO.RCVBUF	4	const	RCVBUF	0	
std.os.emscripten.SO.KEEPALIVE	4	const	KEEPALIVE	0	
std.os.emscripten.SO.OOBINLINE	4	const	OOBINLINE	0	
std.os.emscripten.SO.NO_CHECK	4	const	NO_CHECK	0	
std.os.emscripten.SO.PRIORITY	4	const	PRIORITY	0	
std.os.emscripten.SO.LINGER	4	const	LINGER	0	
std.os.emscripten.SO.BSDCOMPAT	4	const	BSDCOMPAT	0	
std.os.emscripten.SO.REUSEPORT	4	const	REUSEPORT	0	
std.os.emscripten.SO.PASSCRED	4	const	PASSCRED	0	
std.os.emscripten.SO.PEERCRED	4	const	PEERCRED	0	
std.os.emscripten.SO.RCVLOWAT	4	const	RCVLOWAT	0	
std.os.emscripten.SO.SNDLOWAT	4	const	SNDLOWAT	0	
std.os.emscripten.SO.RCVTIMEO	4	const	RCVTIMEO	0	
std.os.emscripten.SO.SNDTIMEO	4	const	SNDTIMEO	0	
std.os.emscripten.SO.ACCEPTCONN	4	const	ACCEPTCONN	0	
std.os.emscripten.SO.PEERSEC	4	const	PEERSEC	0	
std.os.emscripten.SO.SNDBUFFORCE	4	const	SNDBUFFORCE	0	
std.os.emscripten.SO.RCVBUFFORCE	4	const	RCVBUFFORCE	0	
std.os.emscripten.SO.PROTOCOL	4	const	PROTOCOL	0	
std.os.emscripten.SO.DOMAIN	4	const	DOMAIN	0	
std.os.emscripten.SO.SECURITY_AUTHENTICATION	4	const	SECURITY_AUTHENTICATION	0	
std.os.emscripten.SO.SECURITY_ENCRYPTION_TRANSPORT	4	const	SECURITY_ENCRYPTION_TRANSPORT	0	
std.os.emscripten.SO.SECURITY_ENCRYPTION_NETWORK	4	const	SECURITY_ENCRYPTION_NETWORK	0	
std.os.emscripten.SO.BINDTODEVICE	4	const	BINDTODEVICE	0	
std.os.emscripten.SO.ATTACH_FILTER	4	const	ATTACH_FILTER	0	
std.os.emscripten.SO.DETACH_FILTER	4	const	DETACH_FILTER	0	
std.os.emscripten.SO.GET_FILTER	4	alias	GET_FILTER	0	ATTACH_FILTER
std.os.emscripten.SO.PEERNAME	4	const	PEERNAME	0	
std.os.emscripten.SO.TIMESTAMP_OLD	4	const	TIMESTAMP_OLD	0	
std.os.emscripten.SO.PASSSEC	4	const	PASSSEC	0	
std.os.emscripten.SO.TIMESTAMPNS_OLD	4	const	TIMESTAMPNS_OLD	0	
std.os.emscripten.SO.MARK	4	const	MARK	0	
std.os.emscripten.SO.TIMESTAMPING_OLD	4	const	TIMESTAMPING_OLD	0	
std.os.emscripten.SO.RXQ_OVFL	4	const	RXQ_OVFL	0	
std.os.emscripten.SO.WIFI_STATUS	4	const	WIFI_STATUS	0	
std.os.emscripten.SO.PEEK_OFF	4	const	PEEK_OFF	0	
std.os.emscripten.SO.NOFCS	4	const	NOFCS	0	
std.os.emscripten.SO.LOCK_FILTER	4	const	LOCK_FILTER	0	
std.os.emscripten.SO.SELECT_ERR_QUEUE	4	const	SELECT_ERR_QUEUE	0	
std.os.emscripten.SO.BUSY_POLL	4	const	BUSY_POLL	0	
std.os.emscripten.SO.MAX_PACING_RATE	4	const	MAX_PACING_RATE	0	
std.os.emscripten.SO.BPF_EXTENSIONS	4	const	BPF_EXTENSIONS	0	
std.os.emscripten.SO.INCOMING_CPU	4	const	INCOMING_CPU	0	
std.os.emscripten.SO.ATTACH_BPF	4	const	ATTACH_BPF	0	
std.os.emscripten.SO.DETACH_BPF	4	alias	DETACH_BPF	0	DETACH_FILTER
std.os.emscripten.SO.ATTACH_REUSEPORT_CBPF	4	const	ATTACH_REUSEPORT_CBPF	0	
std.os.emscripten.SO.ATTACH_REUSEPORT_EBPF	4	const	ATTACH_REUSEPORT_EBPF	0	
std.os.emscripten.SO.CNX_ADVICE	4	const	CNX_ADVICE	0	
std.os.emscripten.SO.MEMINFO	4	const	MEMINFO	0	
std.os.emscripten.SO.INCOMING_NAPI_ID	4	const	INCOMING_NAPI_ID	0	
std.os.emscripten.SO.COOKIE	4	const	COOKIE	0	
std.os.emscripten.SO.PEERGROUPS	4	const	PEERGROUPS	0	
std.os.emscripten.SO.ZEROCOPY	4	const	ZEROCOPY	0	
std.os.emscripten.SO.TXTIME	4	const	TXTIME	0	
std.os.emscripten.SO.BINDTOIFINDEX	4	const	BINDTOIFINDEX	0	
std.os.emscripten.SO.TIMESTAMP_NEW	4	const	TIMESTAMP_NEW	0	
std.os.emscripten.SO.TIMESTAMPNS_NEW	4	const	TIMESTAMPNS_NEW	0	
std.os.emscripten.SO.TIMESTAMPING_NEW	4	const	TIMESTAMPING_NEW	0	
std.os.emscripten.SO.RCVTIMEO_NEW	4	const	RCVTIMEO_NEW	0	
std.os.emscripten.SO.SNDTIMEO_NEW	4	const	SNDTIMEO_NEW	0	
std.os.emscripten.SO.DETACH_REUSEPORT_BPF	4	const	DETACH_REUSEPORT_BPF	0	
std.os.emscripten.SOCK	3	struct	SOCK	9	
std.os.emscripten.SOCK.STREAM	4	const	STREAM	0	
std.os.emscripten.SOCK.DGRAM	4	const	DGRAM	0	
std.os.emscripten.SOCK.RAW	4	const	RAW	0	
std.os.emscripten.SOCK.RDM	4	const	RDM	0	
std.os.emscripten.SOCK.SEQPACKET	4	const	SEQPACKET	0	
std.os.emscripten.SOCK.DCCP	4	const	DCCP	0	
std.os.emscripten.SOCK.PACKET	4	const	PACKET	0	
std.os.emscripten.SOCK.CLOEXEC	4	const	CLOEXEC	0	
std.os.emscripten.SOCK.NONBLOCK	4	const	NONBLOCK	0	
std.os.emscripten.SOL	3	struct	SOL	28	
std.os.emscripten.SOL.SOCKET	4	const	SOCKET	0	
std.os.emscripten.SOL.IP	4	const	IP	0	
std.os.emscripten.SOL.IPV6	4	const	IPV6	0	
std.os.emscripten.SOL.ICMPV6	4	const	ICMPV6	0	
std.os.emscripten.SOL.RAW	4	const	RAW	0	
std.os.emscripten.SOL.DECNET	4	const	DECNET	0	
std.os.emscripten.SOL.X25	4	const	X25	0	
std.os.emscripten.SOL.PACKET	4	const	PACKET	0	
std.os.emscripten.SOL.ATM	4	const	ATM	0	
std.os.emscripten.SOL.AAL	4	const	AAL	0	
std.os.emscripten.SOL.IRDA	4	const	IRDA	0	
std.os.emscripten.SOL.NETBEUI	4	const	NETBEUI	0	
std.os.emscripten.SOL.LLC	4	const	LLC	0	
std.os.emscripten.SOL.DCCP	4	const	DCCP	0	
std.os.emscripten.SOL.NETLINK	4	const	NETLINK	0	
std.os.emscripten.SOL.TIPC	4	const	TIPC	0	
std.os.emscripten.SOL.RXRPC	4	const	RXRPC	0	
std.os.emscripten.SOL.PPPOL2TP	4	const	PPPOL2TP	0	
std.os.emscripten.SOL.BLUETOOTH	4	const	BLUETOOTH	0	
std.os.emscripten.SOL.PNPIPE	4	const	PNPIPE	0	
std.os.emscripten.SOL.RDS	4	const	RDS	0	
std.os.emscripten.SOL.IUCV	4	const	IUCV	0	
std.os.emscripten.SOL.CAIF	4	const	CAIF	0	
std.os.emscripten.SOL.ALG	4	const	ALG	0	
std.os.emscripten.SOL.NFC	4	const	NFC	0	
std.os.emscripten.SOL.KCM	4	const	KCM	0	
std.os.emscripten.SOL.TLS	4	const	TLS	0	
std.os.emscripten.SOL.XDP	4	const	XDP	0	
std.os.emscripten.STDIN_FILENO	3	const	STDIN_FILENO	0	
std.os.emscripten.STDOUT_FILENO	3	const	STDOUT_FILENO	0	
std.os.emscripten.STDERR_FILENO	3	const	STDERR_FILENO	0	
std.os.emscripten.TCP	3	struct	TCP	40	
std.os.emscripten.TCP.NODELAY	4	const	NODELAY	0	
std.os.emscripten.TCP.MAXSEG	4	const	MAXSEG	0	
std.os.emscripten.TCP.CORK	4	const	CORK	0	
std.os.emscripten.TCP.KEEPIDLE	4	const	KEEPIDLE	0	
std.os.emscripten.TCP.KEEPINTVL	4	const	KEEPINTVL	0	
std.os.emscripten.TCP.KEEPCNT	4	const	KEEPCNT	0	
std.os.emscripten.TCP.SYNCNT	4	const	SYNCNT	0	
std.os.emscripten.TCP.LINGER2	4	const	LINGER2	0	
std.os.emscripten.TCP.DEFER_ACCEPT	4	const	DEFER_ACCEPT	0	
std.os.emscripten.TCP.WINDOW_CLAMP	4	const	WINDOW_CLAMP	0	
std.os.emscripten.TCP.INFO	4	const	INFO	0	
std.os.emscripten.TCP.QUICKACK	4	const	QUICKACK	0	
std.os.emscripten.TCP.CONGESTION	4	const	CONGESTION	0	
std.os.emscripten.TCP.MD5SIG	4	const	MD5SIG	0	
std.os.emscripten.TCP.THIN_LINEAR_TIMEOUTS	4	const	THIN_LINEAR_TIMEOUTS	0	
std.os.emscripten.TCP.THIN_DUPACK	4	const	THIN_DUPACK	0	
std.os.emscripten.TCP.USER_TIMEOUT	4	const	USER_TIMEOUT	0	
std.os.emscripten.TCP.REPAIR	4	const	REPAIR	0	
std.os.emscripten.TCP.REPAIR_QUEUE	4	const	REPAIR_QUEUE	0	
std.os.emscripten.TCP.QUEUE_SEQ	4	const	QUEUE_SEQ	0	
std.os.emscripten.TCP.REPAIR_OPTIONS	4	const	REPAIR_OPTIONS	0	
std.os.emscripten.TCP.FASTOPEN	4	const	FASTOPEN	0	
std.os.emscripten.TCP.TIMESTAMP	4	const	TIMESTAMP	0	
std.os.emscripten.TCP.NOTSENT_LOWAT	4	const	NOTSENT_LOWAT	0	
std.os.emscripten.TCP.CC_INFO	4	const	CC_INFO	0	
std.os.emscripten.TCP.SAVE_SYN	4	const	SAVE_SYN	0	
std.os.emscripten.TCP.SAVED_SYN	4	const	SAVED_SYN	0	
std.os.emscripten.TCP.REPAIR_WINDOW	4	const	REPAIR_WINDOW	0	
std.os.emscripten.TCP.FASTOPEN_CONNECT	4	const	FASTOPEN_CONNECT	0	
std.os.emscripten.TCP.ULP	4	const	ULP	0	
std.os.emscripten.TCP.MD5SIG_EXT	4	const	MD5SIG_EXT	0	
std.os.emscripten.TCP.FASTOPEN_KEY	4	const	FASTOPEN_KEY	0	
std.os.emscripten.TCP.FASTOPEN_NO_COOKIE	4	const	FASTOPEN_NO_COOKIE	0	
std.os.emscripten.TCP.ZEROCOPY_RECEIVE	4	const	ZEROCOPY_RECEIVE	0	
std.os.emscripten.TCP.INQ	4	const	INQ	0	
std.os.emscripten.TCP.CM_INQ	4	alias	CM_INQ	0	INQ
std.os.emscripten.TCP.TX_DELAY	4	const	TX_DELAY	0	
std.os.emscripten.TCP.REPAIR_ON	4	const	REPAIR_ON	0	
std.os.emscripten.TCP.REPAIR_OFF	4	const	REPAIR_OFF	0	
std.os.emscripten.TCP.REPAIR_OFF_NO_WP	4	const	REPAIR_OFF_NO_WP	0	
std.os.emscripten.TCSA	3	alias	TCSA	0	std.posix.TCSA
std.os.emscripten.addrinfo	3	alias	addrinfo	0	c.addrinfo
std.os.emscripten.in_port_t	3	alias	in_port_t	0	c.in_port_t
std.os.emscripten.sa_family_t	3	alias	sa_family_t	0	c.sa_family_t
std.os.emscripten.socklen_t	3	alias	socklen_t	0	c.socklen_t
std.os.emscripten.sockaddr	3	alias	sockaddr	0	c.sockaddr
std.os.emscripten.blksize_t	3	alias	blksize_t	0	i32
std.os.emscripten.nlink_t	3	alias	nlink_t	0	u32
std.os.emscripten.time_t	3	alias	time_t	0	c_longlong
std.os.emscripten.mode_t	3	alias	mode_t	0	u32
std.os.emscripten.off_t	3	alias	off_t	0	i64
std.os.emscripten.ino_t	3	alias	ino_t	0	u64
std.os.emscripten.dev_t	3	alias	dev_t	0	u32
std.os.emscripten.blkcnt_t	3	alias	blkcnt_t	0	i32
std.os.emscripten.pid_t	3	alias	pid_t	0	i32
std.os.emscripten.fd_t	3	alias	fd_t	0	c.fd_t
std.os.emscripten.uid_t	3	alias	uid_t	0	u32
std.os.emscripten.gid_t	3	alias	gid_t	0	u32
std.os.emscripten.clock_t	3	alias	clock_t	0	i32
std.os.emscripten.dl_phdr_info	3	struct	dl_phdr_info	0	
std.os.emscripten.msghdr	3	alias	msghdr	0	std.c.msghdr
std.os.emscripten.msghdr_const	3	alias	msghdr_const	0	std.c.msghdr
std.os.emscripten.nfds_t	3	alias	nfds_t	0	usize
std.os.emscripten.pollfd	3	struct	pollfd	0	
std.os.emscripten.stack_t	3	struct	stack_t	0	
std.os.emscripten.UTIME	3	struct	UTIME	2	
std.os.emscripten.UTIME.NOW	4	const	NOW	0	
std.os.emscripten.UTIME.OMIT	4	const	OMIT	0	
std.os.emscripten.timespec	3	struct	timespec	0	
std.os.emscripten.timezone	3	struct	timezone	0	
std.os.emscripten.utsname	3	struct	utsname	0	
std.os.emscripten.Stat	3	struct	Stat	3	
std.os.emscripten.Stat.atime	4	fn	atime	0	1
std.os.emscripten.Stat.mtime	4	fn	mtime	0	1
std.os.emscripten.Stat.ctime	4	fn	ctime	0	1
std.os.emscripten.TIMING	3	struct	TIMING	3	
std.os.emscripten.TIMING.SETTIMEOUT	4	const	SETTIMEOUT	0	
std.os.emscripten.TIMING.RAF	4	const	RAF	0	
std.os.emscripten.TIMING.SETIMMEDIATE	4	const	SETIMMEDIATE	0	
std.os.emscripten.LOG	3	struct	LOG	10	
std.os.emscripten.LOG.CONSOLE	4	const	CONSOLE	0	
std.os.emscripten.LOG.WARN	4	const	WARN	0	
std.os.emscripten.LOG.ERROR	4	const	ERROR	0	
std.os.emscripten.LOG.C_STACK	4	const	C_STACK	0	
std.os.emscripten.LOG.JS_STACK	4	const	JS_STACK	0	
std.os.emscripten.LOG.DEMANGLE	4	const	DEMANGLE	0	
std.os.emscripten.LOG.NO_PATHS	4	const	NO_PATHS	0	
std.os.emscripten.LOG.FUNC_PARAMS	4	const	FUNC_PARAMS	0	
std.os.emscripten.LOG.DEBUG	4	const	DEBUG	0	
std.os.emscripten.LOG.INFO	4	const	INFO	0	
std.os.emscripten.em_callback_func	3	const	em_callback_func	0	
std.os.emscripten.em_arg_callback_func	3	const	em_arg_callback_func	0	
std.os.emscripten.em_str_callback_func	3	const	em_str_callback_func	0	
std.os.emscripten.em_async_wget_onload_func	3	const	em_async_wget_onload_func	0	
std.os.emscripten.em_async_wget2_onload_func	3	const	em_async_wget2_onload_func	0	
std.os.emscripten.em_async_wget2_onstatus_func	3	const	em_async_wget2_onstatus_func	0	
std.os.emscripten.em_async_wget2_data_onload_func	3	const	em_async_wget2_data_onload_func	0	
std.os.emscripten.em_async_wget2_data_onerror_func	3	const	em_async_wget2_data_onerror_func	0	
std.os.emscripten.em_async_wget2_data_onprogress_func	3	const	em_async_wget2_data_onprogress_func	0	
std.os.emscripten.em_socket_callback	3	const	em_socket_callback	0	
std.os.emscripten.em_socket_error_callback	3	const	em_socket_error_callback	0	
std.os.emscripten.em_idb_onload_func	3	const	em_idb_onload_func	0	
std.os.emscripten.em_idb_exists_func	3	const	em_idb_exists_func	0	
std.os.emscripten.em_run_preload_plugins_data_onload_func	3	const	em_run_preload_plugins_data_onload_func	0	
std.os.emscripten.worker_handle	3	alias	worker_handle	0	c_int
std.os.emscripten.em_worker_callback_func	3	const	em_worker_callback_func	0	
std.os.emscripten.em_scan_func	3	const	em_scan_func	0	
std.os.emscripten.em_dlopen_callback	3	const	em_dlopen_callback	0	
std.os.emscripten.PROMISE	3	struct	PROMISE	4	
std.os.emscripten.PROMISE.FULFILL	4	const	FULFILL	0	
std.os.emscripten.PROMISE.MATCH	4	const	MATCH	0	
std.os.emscripten.PROMISE.MATCH_RELEASE	4	const	MATCH_RELEASE	0	
std.os.emscripten.PROMISE.REJECT	4	const	REJECT	0	
std.os.emscripten.struct__em_promise	3	opaque	struct__em_promise	0	
std.os.emscripten.em_promise_t	3	const	em_promise_t	0	
std.os.emscripten.enum_em_promise_result_t	3	alias	enum_em_promise_result_t	0	c_uint
std.os.emscripten.em_promise_result_t	3	alias	em_promise_result_t	0	enum_em_promise_result_t
std.os.emscripten.em_promise_callback_t	3	const	em_promise_callback_t	0	
std.os.emscripten.struct_em_settled_result_t	3	struct	struct_em_settled_result_t	0	
std.os.emscripten.em_settled_result_t	3	alias	em_settled_result_t	0	struct_em_settled_result_t
std.os.windows	2	ns	windows	289	os/windows.zig
std.os.windows.kernel32	3	ns	kernel32	0	os/windows/kernel32.zig
std.os.windows.ntdll	3	ns	ntdll	0	os/windows/ntdll.zig
std.os.windows.ws2_32	3	ns	ws2_32	16	os/windows/ws2_32.zig
std.os.windows.ws2_32.GROUP	4	alias	GROUP	0	u32
std.os.windows.ws2_32.ADDRESS_FAMILY	4	alias	ADDRESS_FAMILY	0	u16
std.os.windows.ws2_32.socklen_t	4	alias	socklen_t	0	u32
std.os.windows.ws2_32.TCP	4	struct	TCP	23	
std.os.windows.ws2_32.TCP.NODELAY	5	const	NODELAY	0	
std.os.windows.ws2_32.TCP.EXPEDITED_1122	5	const	EXPEDITED_1122	0	
std.os.windows.ws2_32.TCP.OFFLOAD_NO_PREFERENCE	5	const	OFFLOAD_NO_PREFERENCE	0	
std.os.windows.ws2_32.TCP.OFFLOAD_NOT_PREFERRED	5	const	OFFLOAD_NOT_PREFERRED	0	
std.os.windows.ws2_32.TCP.OFFLOAD_PREFERRED	5	const	OFFLOAD_PREFERRED	0	
std.os.windows.ws2_32.TCP.KEEPALIVE	5	const	KEEPALIVE	0	
std.os.windows.ws2_32.TCP.MAXSEG	5	const	MAXSEG	0	
std.os.windows.ws2_32.TCP.MAXRT	5	const	MAXRT	0	
std.os.windows.ws2_32.TCP.STDURG	5	const	STDURG	0	
std.os.windows.ws2_32.TCP.NOURG	5	const	NOURG	0	
std.os.windows.ws2_32.TCP.ATMARK	5	const	ATMARK	0	
std.os.windows.ws2_32.TCP.NOSYNRETRIES	5	const	NOSYNRETRIES	0	
std.os.windows.ws2_32.TCP.TIMESTAMPS	5	const	TIMESTAMPS	0	
std.os.windows.ws2_32.TCP.OFFLOAD_PREFERENCE	5	const	OFFLOAD_PREFERENCE	0	
std.os.windows.ws2_32.TCP.CONGESTION_ALGORITHM	5	const	CONGESTION_ALGORITHM	0	
std.os.windows.ws2_32.TCP.DELAY_FIN_ACK	5	const	DELAY_FIN_ACK	0	
std.os.windows.ws2_32.TCP.MAXRTMS	5	const	MAXRTMS	0	
std.os.windows.ws2_32.TCP.FASTOPEN	5	const	FASTOPEN	0	
std.os.windows.ws2_32.TCP.KEEPCNT	5	const	KEEPCNT	0	
std.os.windows.ws2_32.TCP.KEEPINTVL	5	const	KEEPINTVL	0	
std.os.windows.ws2_32.TCP.FAIL_CONNECT_ON_ICMP_ERROR	5	const	FAIL_CONNECT_ON_ICMP_ERROR	0	
std.os.windows.ws2_32.TCP.ICMP_ERROR_INFO	5	const	ICMP_ERROR_INFO	0	
std.os.windows.ws2_32.TCP.BSDURGENT	5	const	BSDURGENT	0	
std.os.windows.ws2_32.AF	4	struct	AF	36	
std.os.windows.ws2_32.AF.UNSPEC	5	const	UNSPEC	0	
std.os.windows.ws2_32.AF.UNIX	5	const	UNIX	0	
std.os.windows.ws2_32.AF.INET	5	const	INET	0	
std.os.windows.ws2_32.AF.IMPLINK	5	const	IMPLINK	0	
std.os.windows.ws2_32.AF.PUP	5	const	PUP	0	
std.os.windows.ws2_32.AF.CHAOS	5	const	CHAOS	0	
std.os.windows.ws2_32.AF.NS	5	const	NS	0	
std.os.windows.ws2_32.AF.IPX	5	const	IPX	0	
std.os.windows.ws2_32.AF.ISO	5	const	ISO	0	
std.os.windows.ws2_32.AF.ECMA	5	const	ECMA	0	
std.os.windows.ws2_32.AF.DATAKIT	5	const	DATAKIT	0	
std.os.windows.ws2_32.AF.CCITT	5	const	CCITT	0	
std.os.windows.ws2_32.AF.SNA	5	const	SNA	0	
std.os.windows.ws2_32.AF.DECnet	5	const	DECnet	0	
std.os.windows.ws2_32.AF.DLI	5	const	DLI	0	
std.os.windows.ws2_32.AF.LAT	5	const	LAT	0	
std.os.windows.ws2_32.AF.HYLINK	5	const	HYLINK	0	
std.os.windows.ws2_32.AF.APPLETALK	5	const	APPLETALK	0	
std.os.windows.ws2_32.AF.NETBIOS	5	const	NETBIOS	0	
std.os.windows.ws2_32.AF.VOICEVIEW	5	const	VOICEVIEW	0	
std.os.windows.ws2_32.AF.FIREFOX	5	const	FIREFOX	0	
std.os.windows.ws2_32.AF.UNKNOWN1	5	const	UNKNOWN1	0	
std.os.windows.ws2_32.AF.BAN	5	const	BAN	0	
std.os.windows.ws2_32.AF.ATM	5	const	ATM	0	
std.os.windows.ws2_32.AF.INET6	5	const	INET6	0	
std.os.windows.ws2_32.AF.CLUSTER	5	const	CLUSTER	0	
std.os.windows.ws2_32.AF.@"12844"	5	const	@"12844"	0	
std.os.windows.ws2_32.AF.IRDA	5	const	IRDA	0	
std.os.windows.ws2_32.AF.NETDES	5	const	NETDES	0	
std.os.windows.ws2_32.AF.MAX	5	const	MAX	0	
std.os.windows.ws2_32.AF.TCNPROCESS	5	const	TCNPROCESS	0	
std.os.windows.ws2_32.AF.TCNMESSAGE	5	const	TCNMESSAGE	0	
std.os.windows.ws2_32.AF.ICLFXBM	5	const	ICLFXBM	0	
std.os.windows.ws2_32.AF.BTH	5	const	BTH	0	
std.os.windows.ws2_32.AF.LINK	5	const	LINK	0	
std.os.windows.ws2_32.AF.HYPERV	5	const	HYPERV	0	
std.os.windows.ws2_32.SOCK	4	struct	SOCK	5	
std.os.windows.ws2_32.SOCK.STREAM	5	const	STREAM	0	
std.os.windows.ws2_32.SOCK.DGRAM	5	const	DGRAM	0	
std.os.windows.ws2_32.SOCK.RAW	5	const	RAW	0	
std.os.windows.ws2_32.SOCK.RDM	5	const	RDM	0	
std.os.windows.ws2_32.SOCK.SEQPACKET	5	const	SEQPACKET	0	
std.os.windows.ws2_32.SOL	4	struct	SOL	2	
std.os.windows.ws2_32.SOL.IRLMP	5	const	IRLMP	0	
std.os.windows.ws2_32.SOL.SOCKET	5	const	SOCKET	0	
std.os.windows.ws2_32.SO	4	struct	SO	48	
std.os.windows.ws2_32.SO.DEBUG	5	const	DEBUG	0	
std.os.windows.ws2_32.SO.ACCEPTCONN	5	const	ACCEPTCONN	0	
std.os.windows.ws2_32.SO.REUSEADDR	5	const	REUSEADDR	0	
std.os.windows.ws2_32.SO.KEEPALIVE	5	const	KEEPALIVE	0	
std.os.windows.ws2_32.SO.DONTROUTE	5	const	DONTROUTE	0	
std.os.windows.ws2_32.SO.BROADCAST	5	const	BROADCAST	0	
std.os.windows.ws2_32.SO.USELOOPBACK	5	const	USELOOPBACK	0	
std.os.windows.ws2_32.SO.LINGER	5	const	LINGER	0	
std.os.windows.ws2_32.SO.OOBINLINE	5	const	OOBINLINE	0	
std.os.windows.ws2_32.SO.SNDBUF	5	const	SNDBUF	0	
std.os.windows.ws2_32.SO.RCVBUF	5	const	RCVBUF	0	
std.os.windows.ws2_32.SO.SNDLOWAT	5	const	SNDLOWAT	0	
std.os.windows.ws2_32.SO.RCVLOWAT	5	const	RCVLOWAT	0	
std.os.windows.ws2_32.SO.SNDTIMEO	5	const	SNDTIMEO	0	
std.os.windows.ws2_32.SO.RCVTIMEO	5	const	RCVTIMEO	0	
std.os.windows.ws2_32.SO.ERROR	5	const	ERROR	0	
std.os.windows.ws2_32.SO.TYPE	5	const	TYPE	0	
std.os.windows.ws2_32.SO.BSP_STATE	5	const	BSP_STATE	0	
std.os.windows.ws2_32.SO.GROUP_ID	5	const	GROUP_ID	0	
std.os.windows.ws2_32.SO.GROUP_PRIORITY	5	const	GROUP_PRIORITY	0	
std.os.windows.ws2_32.SO.MAX_MSG_SIZE	5	const	MAX_MSG_SIZE	0	
std.os.windows.ws2_32.SO.CONDITIONAL_ACCEPT	5	const	CONDITIONAL_ACCEPT	0	
std.os.windows.ws2_32.SO.PAUSE_ACCEPT	5	const	PAUSE_ACCEPT	0	
std.os.windows.ws2_32.SO.COMPARTMENT_ID	5	const	COMPARTMENT_ID	0	
std.os.windows.ws2_32.SO.RANDOMIZE_PORT	5	const	RANDOMIZE_PORT	0	
std.os.windows.ws2_32.SO.PORT_SCALABILITY	5	const	PORT_SCALABILITY	0	
std.os.windows.ws2_32.SO.REUSE_UNICASTPORT	5	const	REUSE_UNICASTPORT	0	
std.os.windows.ws2_32.SO.REUSE_MULTICASTPORT	5	const	REUSE_MULTICASTPORT	0	
std.os.windows.ws2_32.SO.ORIGINAL_DST	5	const	ORIGINAL_DST	0	
std.os.windows.ws2_32.SO.PROTOCOL_INFOA	5	const	PROTOCOL_INFOA	0	
std.os.windows.ws2_32.SO.PROTOCOL_INFOW	5	const	PROTOCOL_INFOW	0	
std.os.windows.ws2_32.SO.CONNDATA	5	const	CONNDATA	0	
std.os.windows.ws2_32.SO.CONNOPT	5	const	CONNOPT	0	
std.os.windows.ws2_32.SO.DISCDATA	5	const	DISCDATA	0	
std.os.windows.ws2_32.SO.DISCOPT	5	const	DISCOPT	0	
std.os.windows.ws2_32.SO.CONNDATALEN	5	const	CONNDATALEN	0	
std.os.windows.ws2_32.SO.CONNOPTLEN	5	const	CONNOPTLEN	0	
std.os.windows.ws2_32.SO.DISCDATALEN	5	const	DISCDATALEN	0	
std.os.windows.ws2_32.SO.DISCOPTLEN	5	const	DISCOPTLEN	0	
std.os.windows.ws2_32.SO.OPENTYPE	5	const	OPENTYPE	0	
std.os.windows.ws2_32.SO.SYNCHRONOUS_ALERT	5	const	SYNCHRONOUS_ALERT	0	
std.os.windows.ws2_32.SO.SYNCHRONOUS_NONALERT	5	const	SYNCHRONOUS_NONALERT	0	
std.os.windows.ws2_32.SO.MAXDG	5	const	MAXDG	0	
std.os.windows.ws2_32.SO.MAXPATHDG	5	const	MAXPATHDG	0	
std.os.windows.ws2_32.SO.UPDATE_ACCEPT_CONTEXT	5	const	UPDATE_ACCEPT_CONTEXT	0	
std.os.windows.ws2_32.SO.CONNECT_TIME	5	const	CONNECT_TIME	0	
std.os.windows.ws2_32.SO.UPDATE_CONNECT_CONTEXT	5	const	UPDATE_CONNECT_CONTEXT	0	
std.os.windows.ws2_32.SO.UNIX_PATH	5	const	UNIX_PATH	0	
std.os.windows.ws2_32.MSG	4	struct	MSG	12	
std.os.windows.ws2_32.MSG.OOB	5	const	OOB	0	
std.os.windows.ws2_32.MSG.PEEK	5	const	PEEK	0	
std.os.windows.ws2_32.MSG.DONTROUTE	5	const	DONTROUTE	0	
std.os.windows.ws2_32.MSG.WAITALL	5	const	WAITALL	0	
std.os.windows.ws2_32.MSG.INTERRUPT	5	const	INTERRUPT	0	
std.os.windows.ws2_32.MSG.PUSH_IMMEDIATE	5	const	PUSH_IMMEDIATE	0	
std.os.windows.ws2_32.MSG.TRUNC	5	const	TRUNC	0	
std.os.windows.ws2_32.MSG.CTRUNC	5	const	CTRUNC	0	
std.os.windows.ws2_32.MSG.BCAST	5	const	BCAST	0	
std.os.windows.ws2_32.MSG.MCAST	5	const	MCAST	0	
std.os.windows.ws2_32.MSG.PARTIAL	5	const	PARTIAL	0	
std.os.windows.ws2_32.MSG.MAXIOVLEN	5	const	MAXIOVLEN	0	
std.os.windows.ws2_32.IPPROTO	4	struct	IPPROTO	12	
std.os.windows.ws2_32.IPPROTO.IP	5	const	IP	0	
std.os.windows.ws2_32.IPPROTO.ICMP	5	const	ICMP	0	
std.os.windows.ws2_32.IPPROTO.IGMP	5	const	IGMP	0	
std.os.windows.ws2_32.IPPROTO.GGP	5	const	GGP	0	
std.os.windows.ws2_32.IPPROTO.TCP	5	const	TCP	0	
std.os.windows.ws2_32.IPPROTO.PUP	5	const	PUP	0	
std.os.windows.ws2_32.IPPROTO.UDP	5	const	UDP	0	
std.os.windows.ws2_32.IPPROTO.IDP	5	const	IDP	0	
std.os.windows.ws2_32.IPPROTO.ND	5	const	ND	0	
std.os.windows.ws2_32.IPPROTO.RM	5	const	RM	0	
std.os.windows.ws2_32.IPPROTO.RAW	5	const	RAW	0	
std.os.windows.ws2_32.IPPROTO.MAX	5	const	MAX	0	
std.os.windows.ws2_32.FLOWSPEC	4	struct	FLOWSPEC	0	
std.os.windows.ws2_32.sockproto	4	struct	sockproto	0	
std.os.windows.ws2_32.linger	4	struct	linger	0	
std.os.windows.ws2_32.sockaddr	4	struct	sockaddr	5	
std.os.windows.ws2_32.sockaddr.SS_MAXSIZE	5	const	SS_MAXSIZE	0	
std.os.windows.ws2_32.sockaddr.storage	5	struct	storage	0	
std.os.windows.ws2_32.sockaddr.in	5	struct	in	0	
std.os.windows.ws2_32.sockaddr.in6	5	struct	in6	0	
std.os.windows.ws2_32.sockaddr.un	5	struct	un	0	
std.os.windows.ws2_32.hostent	4	struct	hostent	0	
std.os.windows.ws2_32.timeval	4	struct	timeval	0	
std.os.windows.crypt32	3	ns	crypt32	12	os/windows/crypt32.zig
std.os.windows.crypt32.HCRYPTPROV_LEGACY	4	enum	HCRYPTPROV_LEGACY	0	
std.os.windows.crypt32.CERT_INFO	4	const	CERT_INFO	0	
std.os.windows.crypt32.CTL_USAGE	4	struct	CTL_USAGE	0	
std.os.windows.crypt32.CERT_ENHKEY_USAGE	4	alias	CERT_ENHKEY_USAGE	0	CTL_USAGE
std.os.windows.crypt32.ENCODING	4	enum	ENCODING	1	
std.os.windows.crypt32.ENCODING.TYPE	5	struct	TYPE	0	
std.os.windows.crypt32.HCERTSTORE	4	const	HCERTSTORE	0	
std.os.windows.crypt32.CERT_CONTEXT	4	struct	CERT_CONTEXT	0	
std.os.windows.crypt32.CERT_STORE	4	struct	CERT_STORE	3	
std.os.windows.crypt32.CERT_STORE.PROV	5	enum	PROV	1	
std.os.windows.crypt32.CERT_STORE.PROV.fromString	6	fn	fromString	0	1
std.os.windows.crypt32.CERT_STORE.FLAG	5	struct	FLAG	0	
std.os.windows.crypt32.CERT_STORE.ADD	5	enum	ADD	0	
std.os.windows.crypt32.CERT_CLOSE_STORE_FLAG	4	struct	CERT_CLOSE_STORE_FLAG	0	
std.os.windows.crypt32.HCERTCHAINENGINE	4	enum	HCERTCHAINENGINE	1	
std.os.windows.crypt32.HCERTCHAINENGINE.fromHandle	5	fn	fromHandle	0	1
std.os.windows.crypt32.CERT_CHAIN	4	struct	CERT_CHAIN	4	
std.os.windows.crypt32.CERT_CHAIN.CONTEXT	5	opaque	CONTEXT	0	
std.os.windows.crypt32.CERT_CHAIN.USAGE_MATCH	5	struct	USAGE_MATCH	1	
std.os.windows.crypt32.CERT_CHAIN.USAGE_MATCH.TYPE	6	enum	TYPE	0	
std.os.windows.crypt32.CERT_CHAIN.PARA	5	struct	PARA	0	
std.os.windows.crypt32.CERT_CHAIN.POLICY	5	enum	POLICY	4	
std.os.windows.crypt32.CERT_CHAIN.POLICY.fromString	6	fn	fromString	0	1
std.os.windows.crypt32.CERT_CHAIN.POLICY.PARA	6	struct	PARA	0	
std.os.windows.crypt32.CERT_CHAIN.POLICY.STATUS	6	struct	STATUS	0	
std.os.windows.crypt32.CERT_CHAIN.POLICY.FLAG	6	struct	FLAG	0	
std.os.windows.crypt32.HTTPSPolicyCallbackData	4	struct	HTTPSPolicyCallbackData	1	
std.os.windows.crypt32.HTTPSPolicyCallbackData.AUTHTYPE	5	enum	AUTHTYPE	0	
std.os.windows.nls	3	ns	nls	1	os/windows/nls.zig
std.os.windows.nls.upcaseW	4	fn	upcaseW	0	1
std.os.windows.current_process	3	const	current_process	0	
std.os.windows.PS	3	struct	PS	1	
std.os.windows.PS.ATTRIBUTE	4	struct	ATTRIBUTE	3	
std.os.windows.PS.ATTRIBUTE.NUM	5	enum	NUM	0	
std.os.windows.PS.ATTRIBUTE.Type	5	enum	Type	1	
std.os.windows.PS.ATTRIBUTE.Type.construct	6	fn	construct	0	4
std.os.windows.PS.ATTRIBUTE.LIST	5	struct	LIST	0	
std.os.windows.OBJECT	3	struct	OBJECT	3	
std.os.windows.OBJECT.ATTRIBUTES	4	struct	ATTRIBUTES	1	
std.os.windows.OBJECT.ATTRIBUTES.Flags	5	struct	Flags	1	
std.os.windows.OBJECT.ATTRIBUTES.Flags.VALID_ATTRIBUTES	6	const	VALID_ATTRIBUTES	0	
std.os.windows.OBJECT.INFORMATION_CLASS	4	enum	INFORMATION_CLASS	1	
std.os.windows.OBJECT.INFORMATION_CLASS.Max	5	const	Max	0	
std.os.windows.OBJECT.NAME_INFORMATION	4	struct	NAME_INFORMATION	0	
std.os.windows.FILE	3	struct	FILE	25	
std.os.windows.FILE.END_OF_FILE_INFORMATION	4	struct	END_OF_FILE_INFORMATION	0	
std.os.windows.FILE.ALIGNMENT_INFORMATION	4	struct	ALIGNMENT_INFORMATION	0	
std.os.windows.FILE.NAME_INFORMATION	4	struct	NAME_INFORMATION	0	
std.os.windows.FILE.DISPOSITION	4	struct	DISPOSITION	2	
std.os.windows.FILE.DISPOSITION.DO_NOT_DELETE	5	const	DO_NOT_DELETE	0	
std.os.windows.FILE.DISPOSITION.INFORMATION	5	struct	INFORMATION	1	
std.os.windows.FILE.DISPOSITION.INFORMATION.EX	6	struct	EX	0	
std.os.windows.FILE.FS_VOLUME_INFORMATION	4	struct	FS_VOLUME_INFORMATION	1	
std.os.windows.FILE.FS_VOLUME_INFORMATION.getVolumeLabel	5	fn	getVolumeLabel	0	1
std.os.windows.FILE.NAME_FLAGS	4	struct	NAME_FLAGS	0	
std.os.windows.FILE.NOTIFY	4	struct	NOTIFY	4	
std.os.windows.FILE.NOTIFY.CHANGE	5	struct	CHANGE	0	
std.os.windows.FILE.NOTIFY.INFORMATION	5	struct	INFORMATION	1	
std.os.windows.FILE.NOTIFY.INFORMATION.fileName	6	fn	fileName	0	1
std.os.windows.FILE.NOTIFY.EXTENDED_INFORMATION	5	struct	EXTENDED_INFORMATION	1	
std.os.windows.FILE.NOTIFY.EXTENDED_INFORMATION.fileName	6	fn	fileName	0	1
std.os.windows.FILE.NOTIFY.FULL_INFORMATION	5	struct	FULL_INFORMATION	1	
std.os.windows.FILE.NOTIFY.FULL_INFORMATION.fileName	6	fn	fileName	0	1
std.os.windows.FILE.PIPE	4	struct	PIPE	10	
std.os.windows.FILE.PIPE.TYPE	5	struct	TYPE	1	
std.os.windows.FILE.PIPE.TYPE.VALID_MASK	6	const	VALID_MASK	0	
std.os.windows.FILE.PIPE.COMPLETION_MODE	5	struct	COMPLETION_MODE	0	
std.os.windows.FILE.PIPE.READ_MODE	5	struct	READ_MODE	0	
std.os.windows.FILE.PIPE.CONFIGURATION	5	enum	CONFIGURATION	0	
std.os.windows.FILE.PIPE.STATE	5	enum	STATE	0	
std.os.windows.FILE.PIPE.END	5	enum	END	0	
std.os.windows.FILE.PIPE.INFORMATION	5	struct	INFORMATION	0	
std.os.windows.FILE.PIPE.LOCAL_INFORMATION	5	struct	LOCAL_INFORMATION	0	
std.os.windows.FILE.PIPE.REMOTE_INFORMATION	5	struct	REMOTE_INFORMATION	0	
std.os.windows.FILE.PIPE.WAIT_FOR_BUFFER	5	struct	WAIT_FOR_BUFFER	4	
std.os.windows.FILE.PIPE.WAIT_FOR_BUFFER.WAIT_FOREVER	6	const	WAIT_FOREVER	0	
std.os.windows.FILE.PIPE.WAIT_FOR_BUFFER.init	6	fn	init	0	1
std.os.windows.FILE.PIPE.WAIT_FOR_BUFFER.getName	6	fn	getName	0	1
std.os.windows.FILE.PIPE.WAIT_FOR_BUFFER.toBuffer	6	fn	toBuffer	0	1
std.os.windows.FILE.ALL_INFORMATION	4	struct	ALL_INFORMATION	0	
std.os.windows.FILE.INTERNAL_INFORMATION	4	struct	INTERNAL_INFORMATION	0	
std.os.windows.FILE.EA_INFORMATION	4	struct	EA_INFORMATION	0	
std.os.windows.FILE.ACCESS_INFORMATION	4	struct	ACCESS_INFORMATION	0	
std.os.windows.FILE.RENAME_INFORMATION	4	struct	RENAME_INFORMATION	4	
std.os.windows.FILE.RENAME_INFORMATION.init	5	fn	init	0	1
std.os.windows.FILE.RENAME_INFORMATION.FLAGS	5	struct	FLAGS	0	
std.os.windows.FILE.RENAME_INFORMATION.getFileName	5	fn	getFileName	0	1
std.os.windows.FILE.RENAME_INFORMATION.toBuffer	5	fn	toBuffer	0	1
std.os.windows.FILE.INFORMATION_CLASS	4	enum	INFORMATION_CLASS	1	
std.os.windows.FILE.INFORMATION_CLASS.Maximum	5	const	Maximum	0	
std.os.windows.FILE.BASIC_INFORMATION	4	struct	BASIC_INFORMATION	0	
std.os.windows.FILE.STANDARD_INFORMATION	4	struct	STANDARD_INFORMATION	0	
std.os.windows.FILE.POSITION_INFORMATION	4	struct	POSITION_INFORMATION	0	
std.os.windows.FILE.FULL_EA_INFORMATION	4	struct	FULL_EA_INFORMATION	0	
std.os.windows.FILE.FS_DEVICE_INFORMATION	4	struct	FS_DEVICE_INFORMATION	0	
std.os.windows.FILE.USE_FILE_POINTER_POSITION	4	const	USE_FILE_POINTER_POSITION	0	
std.os.windows.FILE.ATTRIBUTE_TAG_INFO	4	struct	ATTRIBUTE_TAG_INFO	0	
std.os.windows.FILE.SHARE	4	struct	SHARE	1	
std.os.windows.FILE.SHARE.VALID_FLAGS	5	const	VALID_FLAGS	0	
std.os.windows.FILE.ATTRIBUTE	4	struct	ATTRIBUTE	0	
std.os.windows.FILE.CREATE_DISPOSITION	4	enum	CREATE_DISPOSITION	1	
std.os.windows.FILE.CREATE_DISPOSITION.MAXIMUM_DISPOSITION	5	const	MAXIMUM_DISPOSITION	0	
std.os.windows.FILE.MODE	4	struct	MODE	5	
std.os.windows.FILE.MODE.VALID_OPTION_FLAGS	5	const	VALID_OPTION_FLAGS	0	
std.os.windows.FILE.MODE.VALID_PIPE_OPTION_FLAGS	5	const	VALID_PIPE_OPTION_FLAGS	0	
std.os.windows.FILE.MODE.VALID_MAILSLOT_OPTION_FLAGS	5	const	VALID_MAILSLOT_OPTION_FLAGS	0	
std.os.windows.FILE.MODE.VALID_SET_OPTION_FLAGS	5	const	VALID_SET_OPTION_FLAGS	0	
std.os.windows.FILE.MODE.INFORMATION	5	struct	INFORMATION	0	
std.os.windows.DIRECTORY	3	struct	DIRECTORY	1	
std.os.windows.DIRECTORY.NOTIFY_INFORMATION_CLASS	4	enum	NOTIFY_INFORMATION_CLASS	1	
std.os.windows.DIRECTORY.NOTIFY_INFORMATION_CLASS.Maximum	5	const	Maximum	0	
std.os.windows.CONSOLE	3	struct	CONSOLE	1	
std.os.windows.CONSOLE.USER_IO	4	struct	USER_IO	16	
std.os.windows.CONSOLE.USER_IO.INFO	5	struct	INFO	5	
std.os.windows.CONSOLE.USER_IO.INFO.CP	6	struct	CP	1	
std.os.windows.CONSOLE.USER_IO.INFO.CP.MODE	7	enum	MODE	0	
std.os.windows.CONSOLE.USER_IO.INFO.WRITE	6	struct	WRITE	1	
std.os.windows.CONSOLE.USER_IO.INFO.WRITE.MODE	7	enum	MODE	0	
std.os.windows.CONSOLE.USER_IO.INFO.FILL	6	struct	FILL	1	
std.os.windows.CONSOLE.USER_IO.INFO.FILL.WITH	7	union	WITH	2	
std.os.windows.CONSOLE.USER_IO.INFO.FILL.WITH.Tag	8	const	Tag	0	
std.os.windows.CONSOLE.USER_IO.INFO.FILL.WITH.Payload	8	const	Payload	0	
std.os.windows.CONSOLE.USER_IO.INFO.SCREEN_BUFFER	6	struct	SCREEN_BUFFER	0	
std.os.windows.CONSOLE.USER_IO.INFO.READ_OUTPUT_CHARACTER	6	struct	READ_OUTPUT_CHARACTER	1	
std.os.windows.CONSOLE.USER_IO.INFO.READ_OUTPUT_CHARACTER.MODE	7	enum	MODE	0	
std.os.windows.CONSOLE.USER_IO.GET_CP	5	fn	GET_CP	0	1
std.os.windows.CONSOLE.USER_IO.GET_MODE	5	const	GET_MODE	0	
std.os.windows.CONSOLE.USER_IO.SET_MODE	5	fn	SET_MODE	0	1
std.os.windows.CONSOLE.USER_IO.WRITE	5	fn	WRITE	0	1
std.os.windows.CONSOLE.USER_IO.FILL	5	fn	FILL	0	3
std.os.windows.CONSOLE.USER_IO.SET_CP	5	fn	SET_CP	0	2
std.os.windows.CONSOLE.USER_IO.GET_SCREEN_BUFFER_INFO	5	const	GET_SCREEN_BUFFER_INFO	0	
std.os.windows.CONSOLE.USER_IO.SET_CURSOR_POSITION	5	fn	SET_CURSOR_POSITION	0	1
std.os.windows.CONSOLE.USER_IO.SET_TEXT_ATTRIBUTE	5	fn	SET_TEXT_ATTRIBUTE	0	1
std.os.windows.CONSOLE.USER_IO.READ_OUTPUT_CHARACTER	5	fn	READ_OUTPUT_CHARACTER	0	2
std.os.windows.CONSOLE.USER_IO.InputBuffer	5	struct	InputBuffer	0	
std.os.windows.CONSOLE.USER_IO.OutputBuffer	5	struct	OutputBuffer	0	
std.os.windows.CONSOLE.USER_IO.Request	5	fn	Request	0	2
std.os.windows.CONSOLE.USER_IO.Header	5	struct	Header	1	
std.os.windows.CONSOLE.USER_IO.Header.With	6	fn	With	0	1
std.os.windows.CONSOLE.USER_IO.Operation	5	enum	Operation	0	
std.os.windows.AFD	3	struct	AFD	23	
std.os.windows.AFD.Mutability	4	enum	Mutability	0	
std.os.windows.AFD.WSABUF	4	fn	WSABUF	0	1
std.os.windows.AFD.GUARANTEE	4	enum	GUARANTEE	0	
std.os.windows.AFD.DEVICE_NAME	4	const	DEVICE_NAME	0	
std.os.windows.AFD.ENDPOINT_TYPE	4	struct	ENDPOINT_TYPE	0	
std.os.windows.AFD.OPEN_PACKET	4	struct	OPEN_PACKET	2	
std.os.windows.AFD.OPEN_PACKET.NAME	5	const	NAME	0	
std.os.windows.AFD.OPEN_PACKET.FULL_EA_INFORMATION	5	struct	FULL_EA_INFORMATION	0	
std.os.windows.AFD.BIND_INFO	4	struct	BIND_INFO	1	
std.os.windows.AFD.BIND_INFO.MODE	5	enum	MODE	0	
std.os.windows.AFD.LISTEN_INFO	4	struct	LISTEN_INFO	0	
std.os.windows.AFD.LISTEN_RESPONSE_INFO	4	struct	LISTEN_RESPONSE_INFO	0	
std.os.windows.AFD.ACCEPT_INFO	4	struct	ACCEPT_INFO	0	
std.os.windows.AFD.SUPER_ACCEPT_INFO	4	struct	SUPER_ACCEPT_INFO	0	
std.os.windows.AFD.DEFER_ACCEPT_INFO	4	struct	DEFER_ACCEPT_INFO	0	
std.os.windows.AFD.PARTIAL_DISCONNECT_INFO	4	struct	PARTIAL_DISCONNECT_INFO	1	
std.os.windows.AFD.PARTIAL_DISCONNECT_INFO.MODE	5	struct	MODE	0	
std.os.windows.AFD.RECEIVE_INFORMATION	4	struct	RECEIVE_INFORMATION	0	
std.os.windows.AFD.HANDLE_INFO	4	struct	HANDLE_INFO	0	
std.os.windows.AFD.INFORMATION	4	struct	INFORMATION	1	
std.os.windows.AFD.INFORMATION.TYPE	5	enum	TYPE	0	
std.os.windows.AFD.TRANSMIT_FILE_INFO	4	struct	TRANSMIT_FILE_INFO	1	
std.os.windows.AFD.TRANSMIT_FILE_INFO.FLAGS	5	struct	FLAGS	0	
std.os.windows.AFD.QUEUE_APC_INFO	4	struct	QUEUE_APC_INFO	0	
std.os.windows.AFD.SEND_INFO	4	struct	SEND_INFO	0	
std.os.windows.AFD.SEND_DATAGRAM_INFO	4	struct	SEND_DATAGRAM_INFO	0	
std.os.windows.AFD.RECV_INFO	4	struct	RECV_INFO	0	
std.os.windows.AFD.RECV_DATAGRAM_INFO	4	struct	RECV_DATAGRAM_INFO	0	
std.os.windows.AFD.SOCKOPT_INFO	4	struct	SOCKOPT_INFO	2	
std.os.windows.AFD.SOCKOPT_INFO.Mode	5	enum	Mode	0	
std.os.windows.AFD.SOCKOPT_INFO.UNIX_PATH	5	struct	UNIX_PATH	0	
std.os.windows.TDI	3	struct	TDI	6	
std.os.windows.TDI.STATUS	4	alias	STATUS	0	NTSTATUS
std.os.windows.TDI.CONNECTION	4	struct	CONNECTION	2	
std.os.windows.TDI.CONNECTION.CONTEXT	5	alias	CONTEXT	0	PVOID
std.os.windows.TDI.CONNECTION.INFORMATION	5	struct	INFORMATION	0	
std.os.windows.TDI.ADDRESS	4	struct	ADDRESS	3	
std.os.windows.TDI.ADDRESS.TYPE	5	enum	TYPE	0	
std.os.windows.TDI.ADDRESS.IP	5	struct	IP	0	
std.os.windows.TDI.ADDRESS.IP6	5	struct	IP6	0	
std.os.windows.TDI.REQUEST	4	struct	REQUEST	9	
std.os.windows.TDI.REQUEST.STATUS	5	struct	STATUS	0	
std.os.windows.TDI.REQUEST.ASSOCIATE	5	struct	ASSOCIATE	0	
std.os.windows.TDI.REQUEST.CONNECT	5	struct	CONNECT	0	
std.os.windows.TDI.REQUEST.ACCEPT	5	struct	ACCEPT	0	
std.os.windows.TDI.REQUEST.LISTEN	5	struct	LISTEN	0	
std.os.windows.TDI.REQUEST.DISCONNECT	5	struct	DISCONNECT	0	
std.os.windows.TDI.REQUEST.SEND	5	struct	SEND	0	
std.os.windows.TDI.REQUEST.RECEIVE	5	struct	RECEIVE	0	
std.os.windows.TDI.REQUEST.SEND_DATAGRAM	5	struct	SEND_DATAGRAM	0	
std.os.windows.TDI.RECEIVE	4	struct	RECEIVE	0	
std.os.windows.TDI.SEND	4	struct	SEND	0	
std.os.windows.NET	3	struct	NET	2	
std.os.windows.NET.LUID	4	struct	LUID	0	
std.os.windows.NET.IFINDEX	4	enum	IFINDEX	0	
std.os.windows.DNS	3	struct	DNS	10	
std.os.windows.DNS.INTERFACE_SETTINGS	4	struct	INTERFACE_SETTINGS	0	
std.os.windows.DNS.ADDR_MAX_SOCKADDR_LENGTH	4	const	ADDR_MAX_SOCKADDR_LENGTH	0	
std.os.windows.DNS.ADDR	4	struct	ADDR	1	
std.os.windows.DNS.ADDR.ARRAY	5	struct	ARRAY	0	
std.os.windows.DNS.CUSTOM_SERVER	4	struct	CUSTOM_SERVER	2	
std.os.windows.DNS.CUSTOM_SERVER.TYPE	5	enum	TYPE	0	
std.os.windows.DNS.CUSTOM_SERVER.FLAGS	5	struct	FLAGS	0	
std.os.windows.DNS.STATUS	4	alias	STATUS	0	Win32Error
std.os.windows.DNS.TYPE	4	enum	TYPE	2	
std.os.windows.DNS.TYPE.NBSTAT	5	const	NBSTAT	0	
std.os.windows.DNS.TYPE.ANY	5	const	ANY	0	
std.os.windows.DNS.QUERY	4	struct	QUERY	5	
std.os.windows.DNS.QUERY.STANDARD	5	const	STANDARD	0	
std.os.windows.DNS.QUERY.REQUEST	5	struct	REQUEST	1	
std.os.windows.DNS.QUERY.REQUEST.@"3"	6	struct	@"3"	0	
std.os.windows.DNS.QUERY.RESULT	5	struct	RESULT	0	
std.os.windows.DNS.QUERY.CANCEL	5	struct	CANCEL	0	
std.os.windows.DNS.QUERY.COMPLETION_ROUTINE	5	const	COMPLETION_ROUTINE	0	
std.os.windows.DNS.FREE_TYPE	4	enum	FREE_TYPE	0	
std.os.windows.DNS.RECORD	4	struct	RECORD	1	
std.os.windows.DNS.RECORD.FLAGS	5	struct	FLAGS	0	
std.os.windows.DNS.SECTION	4	enum	SECTION	0	
std.os.windows.SYSTEM	3	struct	SYSTEM	2	
std.os.windows.SYSTEM.INFORMATION_CLASS	4	enum	INFORMATION_CLASS	0	
std.os.windows.SYSTEM.BASIC_INFORMATION	4	struct	BASIC_INFORMATION	0	
std.os.windows.PROCESS	3	struct	PROCESS	4	
std.os.windows.PROCESS.INFORMATION	4	struct	INFORMATION	0	
std.os.windows.PROCESS.INFOCLASS	4	enum	INFOCLASS	1	
std.os.windows.PROCESS.INFOCLASS.Max	5	const	Max	0	
std.os.windows.PROCESS.BASIC_INFORMATION	4	struct	BASIC_INFORMATION	0	
std.os.windows.PROCESS.VM_COUNTERS	4	struct	VM_COUNTERS	0	
std.os.windows.THREAD	3	struct	THREAD	4	
std.os.windows.THREAD.INFOCLASS	4	enum	INFOCLASS	1	
std.os.windows.THREAD.INFOCLASS.Max	5	const	Max	0	
std.os.windows.THREAD.BASIC_INFORMATION	4	struct	BASIC_INFORMATION	0	
std.os.windows.THREAD.CREATE_FLAGS	4	struct	CREATE_FLAGS	1	
std.os.windows.THREAD.CREATE_FLAGS.NONE	5	const	NONE	0	
std.os.windows.THREAD.StackSize	4	enum	StackSize	0	
std.os.windows.MEMORY	3	struct	MEMORY	1	
std.os.windows.MEMORY.BASIC_INFORMATION	4	struct	BASIC_INFORMATION	0	
std.os.windows.HEAP	3	opaque	HEAP	2	
std.os.windows.HEAP.FLAGS	4	struct	FLAGS	3	
std.os.windows.HEAP.FLAGS.CLASS	5	enum	CLASS	1	
std.os.windows.HEAP.FLAGS.CLASS.MASK	6	const	MASK	0	
std.os.windows.HEAP.FLAGS.CREATE	5	struct	CREATE	1	
std.os.windows.HEAP.FLAGS.CREATE.VALID_MASK	6	const	VALID_MASK	0	
std.os.windows.HEAP.FLAGS.ALLOCATION	5	struct	ALLOCATION	0	
std.os.windows.HEAP.RTL_PARAMETERS	4	struct	RTL_PARAMETERS	2	
std.os.windows.HEAP.RTL_PARAMETERS.COMMIT_ROUTINE	5	const	COMMIT_ROUTINE	0	
std.os.windows.HEAP.RTL_PARAMETERS.SEGMENT	5	struct	SEGMENT	3	
std.os.windows.HEAP.RTL_PARAMETERS.SEGMENT.VERSION	6	enum	VERSION	0	
std.os.windows.HEAP.RTL_PARAMETERS.SEGMENT.FLG	6	struct	FLG	1	
std.os.windows.HEAP.RTL_PARAMETERS.SEGMENT.FLG.VALID_FLAGS	7	const	VALID_FLAGS	0	
std.os.windows.HEAP.RTL_PARAMETERS.SEGMENT.MEMORY_SOURCE	6	struct	MEMORY_SOURCE	2	
std.os.windows.HEAP.RTL_PARAMETERS.SEGMENT.MEMORY_SOURCE.TYPE	7	enum	TYPE	1	
std.os.windows.HEAP.RTL_PARAMETERS.SEGMENT.MEMORY_SOURCE.TYPE.Max	8	const	Max	0	
std.os.windows.HEAP.RTL_PARAMETERS.SEGMENT.MEMORY_SOURCE.VA_CALLBACKS	7	struct	VA_CALLBACKS	4	
std.os.windows.HEAP.RTL_PARAMETERS.SEGMENT.MEMORY_SOURCE.VA_CALLBACKS.ALLOCATE_VIRTUAL_MEMORY_EX_CALLBACK	8	const	ALLOCATE_VIRTUAL_MEMORY_EX_CALLBACK	0	
std.os.windows.HEAP.RTL_PARAMETERS.SEGMENT.MEMORY_SOURCE.VA_CALLBACKS.FREE_VIRTUAL_MEMORY_EX_CALLBACK	8	const	FREE_VIRTUAL_MEMORY_EX_CALLBACK	0	
std.os.windows.HEAP.RTL_PARAMETERS.SEGMENT.MEMORY_SOURCE.VA_CALLBACKS.QUERY_VIRTUAL_MEMORY_CALLBACK	8	const	QUERY_VIRTUAL_MEMORY_CALLBACK	0	
std.os.windows.HEAP.RTL_PARAMETERS.SEGMENT.MEMORY_SOURCE.VA_CALLBACKS.MEMORY_INFO_CLASS	8	enum	MEMORY_INFO_CLASS	0	
std.os.windows.CTL_CODE	3	struct	CTL_CODE	6	
std.os.windows.CTL_CODE.METHOD	4	enum	METHOD	0	
std.os.windows.CTL_CODE.FILE_ACCESS	4	struct	FILE_ACCESS	2	
std.os.windows.CTL_CODE.FILE_ACCESS.ANY	5	const	ANY	0	
std.os.windows.CTL_CODE.FILE_ACCESS.SPECIAL	5	alias	SPECIAL	0	ANY
std.os.windows.CTL_CODE.FILE_DEVICE	4	enum	FILE_DEVICE	0	
std.os.windows.CTL_CODE.SET_REPARSE_POINT	4	const	SET_REPARSE_POINT	0	
std.os.windows.CTL_CODE.GET_REPARSE_POINT	4	const	GET_REPARSE_POINT	0	
std.os.windows.CTL_CODE.PIPE	4	struct	PIPE	21	
std.os.windows.CTL_CODE.PIPE.ASSIGN_EVENT	5	const	ASSIGN_EVENT	0	
std.os.windows.CTL_CODE.PIPE.DISCONNECT	5	const	DISCONNECT	0	
std.os.windows.CTL_CODE.PIPE.LISTEN	5	const	LISTEN	0	
std.os.windows.CTL_CODE.PIPE.PEEK	5	const	PEEK	0	
std.os.windows.CTL_CODE.PIPE.QUERY_EVENT	5	const	QUERY_EVENT	0	
std.os.windows.CTL_CODE.PIPE.TRANSCEIVE	5	const	TRANSCEIVE	0	
std.os.windows.CTL_CODE.PIPE.WAIT	5	const	WAIT	0	
std.os.windows.CTL_CODE.PIPE.IMPERSONATE	5	const	IMPERSONATE	0	
std.os.windows.CTL_CODE.PIPE.SET_CLIENT_PROCESS	5	const	SET_CLIENT_PROCESS	0	
std.os.windows.CTL_CODE.PIPE.QUERY_CLIENT_PROCESS	5	const	QUERY_CLIENT_PROCESS	0	
std.os.windows.CTL_CODE.PIPE.GET_PIPE_ATTRIBUTE	5	const	GET_PIPE_ATTRIBUTE	0	
std.os.windows.CTL_CODE.PIPE.SET_PIPE_ATTRIBUTE	5	const	SET_PIPE_ATTRIBUTE	0	
std.os.windows.CTL_CODE.PIPE.GET_CONNECTION_ATTRIBUTE	5	const	GET_CONNECTION_ATTRIBUTE	0	
std.os.windows.CTL_CODE.PIPE.SET_CONNECTION_ATTRIBUTE	5	const	SET_CONNECTION_ATTRIBUTE	0	
std.os.windows.CTL_CODE.PIPE.GET_HANDLE_ATTRIBUTE	5	const	GET_HANDLE_ATTRIBUTE	0	
std.os.windows.CTL_CODE.PIPE.SET_HANDLE_ATTRIBUTE	5	const	SET_HANDLE_ATTRIBUTE	0	
std.os.windows.CTL_CODE.PIPE.FLUSH	5	const	FLUSH	0	
std.os.windows.CTL_CODE.PIPE.INTERNAL_READ	5	const	INTERNAL_READ	0	
std.os.windows.CTL_CODE.PIPE.INTERNAL_WRITE	5	const	INTERNAL_WRITE	0	
std.os.windows.CTL_CODE.PIPE.INTERNAL_TRANSCEIVE	5	const	INTERNAL_TRANSCEIVE	0	
std.os.windows.CTL_CODE.PIPE.INTERNAL_READ_OVFLOW	5	const	INTERNAL_READ_OVFLOW	0	
std.os.windows.IOCTL	3	struct	IOCTL	4	
std.os.windows.IOCTL.AFD	4	struct	AFD	47	
std.os.windows.IOCTL.AFD.BIND	5	const	BIND	0	
std.os.windows.IOCTL.AFD.CONNECT	5	const	CONNECT	0	
std.os.windows.IOCTL.AFD.START_LISTEN	5	const	START_LISTEN	0	
std.os.windows.IOCTL.AFD.WAIT_FOR_LISTEN	5	const	WAIT_FOR_LISTEN	0	
std.os.windows.IOCTL.AFD.ACCEPT	5	const	ACCEPT	0	
std.os.windows.IOCTL.AFD.RECEIVE	5	const	RECEIVE	0	
std.os.windows.IOCTL.AFD.RECEIVE_DATAGRAM	5	const	RECEIVE_DATAGRAM	0	
std.os.windows.IOCTL.AFD.SEND	5	const	SEND	0	
std.os.windows.IOCTL.AFD.SEND_DATAGRAM	5	const	SEND_DATAGRAM	0	
std.os.windows.IOCTL.AFD.POLL	5	const	POLL	0	
std.os.windows.IOCTL.AFD.PARTIAL_DISCONNECT	5	const	PARTIAL_DISCONNECT	0	
std.os.windows.IOCTL.AFD.GET_ADDRESS	5	const	GET_ADDRESS	0	
std.os.windows.IOCTL.AFD.QUERY_RECEIVE_INFO	5	const	QUERY_RECEIVE_INFO	0	
std.os.windows.IOCTL.AFD.QUERY_HANDLES	5	const	QUERY_HANDLES	0	
std.os.windows.IOCTL.AFD.SET_INFORMATION	5	const	SET_INFORMATION	0	
std.os.windows.IOCTL.AFD.GET_CONTEXT_LENGTH	5	const	GET_CONTEXT_LENGTH	0	
std.os.windows.IOCTL.AFD.GET_CONTEXT	5	const	GET_CONTEXT	0	
std.os.windows.IOCTL.AFD.SET_CONTEXT	5	const	SET_CONTEXT	0	
std.os.windows.IOCTL.AFD.SET_CONNECT_DATA	5	const	SET_CONNECT_DATA	0	
std.os.windows.IOCTL.AFD.SET_CONNECT_OPTIONS	5	const	SET_CONNECT_OPTIONS	0	
std.os.windows.IOCTL.AFD.SET_DISCONNECT_DATA	5	const	SET_DISCONNECT_DATA	0	
std.os.windows.IOCTL.AFD.SET_DISCONNECT_OPTIONS	5	const	SET_DISCONNECT_OPTIONS	0	
std.os.windows.IOCTL.AFD.GET_CONNECT_DATA	5	const	GET_CONNECT_DATA	0	
std.os.windows.IOCTL.AFD.GET_CONNECT_OPTIONS	5	const	GET_CONNECT_OPTIONS	0	
std.os.windows.IOCTL.AFD.GET_DISCONNECT_DATA	5	const	GET_DISCONNECT_DATA	0	
std.os.windows.IOCTL.AFD.GET_DISCONNECT_OPTIONS	5	const	GET_DISCONNECT_OPTIONS	0	
std.os.windows.IOCTL.AFD.SIZE_CONNECT_DATA	5	const	SIZE_CONNECT_DATA	0	
std.os.windows.IOCTL.AFD.SIZE_CONNECT_OPTIONS	5	const	SIZE_CONNECT_OPTIONS	0	
std.os.windows.IOCTL.AFD.SIZE_DISCONNECT_DATA	5	const	SIZE_DISCONNECT_DATA	0	
std.os.windows.IOCTL.AFD.SIZE_DISCONNECT_OPTIONS	5	const	SIZE_DISCONNECT_OPTIONS	0	
std.os.windows.IOCTL.AFD.GET_INFORMATION	5	const	GET_INFORMATION	0	
std.os.windows.IOCTL.AFD.TRANSMIT_FILE	5	const	TRANSMIT_FILE	0	
std.os.windows.IOCTL.AFD.SUPER_ACCEPT	5	const	SUPER_ACCEPT	0	
std.os.windows.IOCTL.AFD.EVENT_SELECT	5	const	EVENT_SELECT	0	
std.os.windows.IOCTL.AFD.ENUM_NETWORK_EVENTS	5	const	ENUM_NETWORK_EVENTS	0	
std.os.windows.IOCTL.AFD.DEFER_ACCEPT	5	const	DEFER_ACCEPT	0	
std.os.windows.IOCTL.AFD.WAIT_FOR_LISTEN_LIFO	5	const	WAIT_FOR_LISTEN_LIFO	0	
std.os.windows.IOCTL.AFD.SET_QOS	5	const	SET_QOS	0	
std.os.windows.IOCTL.AFD.GET_QOS	5	const	GET_QOS	0	
std.os.windows.IOCTL.AFD.NO_OPERATION	5	const	NO_OPERATION	0	
std.os.windows.IOCTL.AFD.VALIDATE_GROUP	5	const	VALIDATE_GROUP	0	
std.os.windows.IOCTL.AFD.GET_UNACCEPTED_CONNECT_DATA	5	const	GET_UNACCEPTED_CONNECT_DATA	0	
std.os.windows.IOCTL.AFD.QUEUE_APC	5	const	QUEUE_APC	0	
std.os.windows.IOCTL.AFD.SOCKOPT	5	const	SOCKOPT	0	
std.os.windows.IOCTL.AFD.SUPER_CONNECT	5	const	SUPER_CONNECT	0	
std.os.windows.IOCTL.AFD.RECV_MSG	5	const	RECV_MSG	0	
std.os.windows.IOCTL.AFD.RIO	5	const	RIO	0	
std.os.windows.IOCTL.CONDRV	4	struct	CONDRV	14	
std.os.windows.IOCTL.CONDRV.READ_IO	5	const	READ_IO	0	
std.os.windows.IOCTL.CONDRV.COMPLETE_IO	5	const	COMPLETE_IO	0	
std.os.windows.IOCTL.CONDRV.READ_INPUT	5	const	READ_INPUT	0	
std.os.windows.IOCTL.CONDRV.WRITE_OUTPUT	5	const	WRITE_OUTPUT	0	
std.os.windows.IOCTL.CONDRV.ISSUE_USER_IO	5	const	ISSUE_USER_IO	0	
std.os.windows.IOCTL.CONDRV.DISCONNECT_PIPE	5	const	DISCONNECT_PIPE	0	
std.os.windows.IOCTL.CONDRV.SET_SERVER_INFORMATION	5	const	SET_SERVER_INFORMATION	0	
std.os.windows.IOCTL.CONDRV.GET_SERVER_PID	5	const	GET_SERVER_PID	0	
std.os.windows.IOCTL.CONDRV.GET_DISPLAY_SIZE	5	const	GET_DISPLAY_SIZE	0	
std.os.windows.IOCTL.CONDRV.UPDATE_DISPLAY	5	const	UPDATE_DISPLAY	0	
std.os.windows.IOCTL.CONDRV.SET_CURSOR	5	const	SET_CURSOR	0	
std.os.windows.IOCTL.CONDRV.ALLOW_VIA_UIACCESS	5	const	ALLOW_VIA_UIACCESS	0	
std.os.windows.IOCTL.CONDRV.LAUNCH_SERVER	5	const	LAUNCH_SERVER	0	
std.os.windows.IOCTL.CONDRV.GET_FONT_SIZE	5	const	GET_FONT_SIZE	0	
std.os.windows.IOCTL.KSEC	4	struct	KSEC	1	
std.os.windows.IOCTL.KSEC.GEN_RANDOM	5	const	GEN_RANDOM	0	
std.os.windows.IOCTL.MOUNTMGR	4	struct	MOUNTMGR	2	
std.os.windows.IOCTL.MOUNTMGR.QUERY_POINTS	5	const	QUERY_POINTS	0	
std.os.windows.IOCTL.MOUNTMGR.QUERY_DOS_VOLUME_PATH	5	const	QUERY_DOS_VOLUME_PATH	0	
std.os.windows.MAXIMUM_REPARSE_DATA_BUFFER_SIZE	3	const	MAXIMUM_REPARSE_DATA_BUFFER_SIZE	0	
std.os.windows.IO_REPARSE_TAG	3	struct	IO_REPARSE_TAG	37	
std.os.windows.IO_REPARSE_TAG.RESERVED_INVALID	4	const	RESERVED_INVALID	0	
std.os.windows.IO_REPARSE_TAG.MOUNT_POINT	4	const	MOUNT_POINT	0	
std.os.windows.IO_REPARSE_TAG.HSM	4	const	HSM	0	
std.os.windows.IO_REPARSE_TAG.DRIVE_EXTENDER	4	const	DRIVE_EXTENDER	0	
std.os.windows.IO_REPARSE_TAG.HSM2	4	const	HSM2	0	
std.os.windows.IO_REPARSE_TAG.SIS	4	const	SIS	0	
std.os.windows.IO_REPARSE_TAG.WIM	4	const	WIM	0	
std.os.windows.IO_REPARSE_TAG.CSV	4	const	CSV	0	
std.os.windows.IO_REPARSE_TAG.DFS	4	const	DFS	0	
std.os.windows.IO_REPARSE_TAG.FILTER_MANAGER	4	const	FILTER_MANAGER	0	
std.os.windows.IO_REPARSE_TAG.SYMLINK	4	const	SYMLINK	0	
std.os.windows.IO_REPARSE_TAG.IIS_CACHE	4	const	IIS_CACHE	0	
std.os.windows.IO_REPARSE_TAG.DFSR	4	const	DFSR	0	
std.os.windows.IO_REPARSE_TAG.DEDUP	4	const	DEDUP	0	
std.os.windows.IO_REPARSE_TAG.APPXSTRM	4	const	APPXSTRM	0	
std.os.windows.IO_REPARSE_TAG.NFS	4	const	NFS	0	
std.os.windows.IO_REPARSE_TAG.FILE_PLACEHOLDER	4	const	FILE_PLACEHOLDER	0	
std.os.windows.IO_REPARSE_TAG.DFM	4	const	DFM	0	
std.os.windows.IO_REPARSE_TAG.WOF	4	const	WOF	0	
std.os.windows.IO_REPARSE_TAG.WCI	4	fn	WCI	0	1
std.os.windows.IO_REPARSE_TAG.GLOBAL_REPARSE	4	const	GLOBAL_REPARSE	0	
std.os.windows.IO_REPARSE_TAG.CLOUD	4	fn	CLOUD	0	1
std.os.windows.IO_REPARSE_TAG.APPEXECLINK	4	const	APPEXECLINK	0	
std.os.windows.IO_REPARSE_TAG.PROJFS	4	const	PROJFS	0	
std.os.windows.IO_REPARSE_TAG.LX_SYMLINK	4	const	LX_SYMLINK	0	
std.os.windows.IO_REPARSE_TAG.STORAGE_SYNC	4	const	STORAGE_SYNC	0	
std.os.windows.IO_REPARSE_TAG.WCI_TOMBSTONE	4	const	WCI_TOMBSTONE	0	
std.os.windows.IO_REPARSE_TAG.UNHANDLED	4	const	UNHANDLED	0	
std.os.windows.IO_REPARSE_TAG.ONEDRIVE	4	const	ONEDRIVE	0	
std.os.windows.IO_REPARSE_TAG.PROJFS_TOMBSTONE	4	const	PROJFS_TOMBSTONE	0	
std.os.windows.IO_REPARSE_TAG.AF_UNIX	4	const	AF_UNIX	0	
std.os.windows.IO_REPARSE_TAG.LX_FIFO	4	const	LX_FIFO	0	
std.os.windows.IO_REPARSE_TAG.LX_CHR	4	const	LX_CHR	0	
std.os.windows.IO_REPARSE_TAG.LX_BLK	4	const	LX_BLK	0	
std.os.windows.IO_REPARSE_TAG.LX_STORAGE_SYNC_FOLDER	4	const	LX_STORAGE_SYNC_FOLDER	0	
std.os.windows.IO_REPARSE_TAG.WCI_LINK	4	fn	WCI_LINK	0	1
std.os.windows.IO_REPARSE_TAG.DATALESS_CIM	4	const	DATALESS_CIM	0	
std.os.windows.ACCESS_MASK	3	struct	ACCESS_MASK	3	
std.os.windows.ACCESS_MASK.Specific	4	union	Specific	22	
std.os.windows.ACCESS_MASK.Specific.File	5	struct	File	6	
std.os.windows.ACCESS_MASK.Specific.File.ALL_ACCESS	6	const	ALL_ACCESS	0	
std.os.windows.ACCESS_MASK.Specific.File.GENERIC_READ	6	const	GENERIC_READ	0	
std.os.windows.ACCESS_MASK.Specific.File.GENERIC_WRITE	6	const	GENERIC_WRITE	0	
std.os.windows.ACCESS_MASK.Specific.File.GENERIC_EXECUTE	6	const	GENERIC_EXECUTE	0	
std.os.windows.ACCESS_MASK.Specific.File.Directory	6	struct	Directory	0	
std.os.windows.ACCESS_MASK.Specific.File.Pipe	6	struct	Pipe	0	
std.os.windows.ACCESS_MASK.Specific.Key	5	struct	Key	5	
std.os.windows.ACCESS_MASK.Specific.Key.WOW64_RES	6	const	WOW64_RES	0	
std.os.windows.ACCESS_MASK.Specific.Key.READ	6	const	READ	0	
std.os.windows.ACCESS_MASK.Specific.Key.WRITE	6	const	WRITE	0	
std.os.windows.ACCESS_MASK.Specific.Key.EXECUTE	6	alias	EXECUTE	0	READ
std.os.windows.ACCESS_MASK.Specific.Key.ALL_ACCESS	6	const	ALL_ACCESS	0	
std.os.windows.ACCESS_MASK.Specific.ObjectType	5	struct	ObjectType	1	
std.os.windows.ACCESS_MASK.Specific.ObjectType.ALL_ACCESS	6	const	ALL_ACCESS	0	
std.os.windows.ACCESS_MASK.Specific.Directory	5	struct	Directory	1	
std.os.windows.ACCESS_MASK.Specific.Directory.ALL_ACCESS	6	const	ALL_ACCESS	0	
std.os.windows.ACCESS_MASK.Specific.SymbolicLink	5	struct	SymbolicLink	2	
std.os.windows.ACCESS_MASK.Specific.SymbolicLink.ALL_ACCESS	6	const	ALL_ACCESS	0	
std.os.windows.ACCESS_MASK.Specific.SymbolicLink.ALL_ACCESS_EX	6	const	ALL_ACCESS_EX	0	
std.os.windows.ACCESS_MASK.Specific.Section	5	struct	Section	1	
std.os.windows.ACCESS_MASK.Specific.Section.ALL_ACCESS	6	const	ALL_ACCESS	0	
std.os.windows.ACCESS_MASK.Specific.Session	5	struct	Session	1	
std.os.windows.ACCESS_MASK.Specific.Session.ALL_ACCESS	6	const	ALL_ACCESS	0	
std.os.windows.ACCESS_MASK.Specific.Process	5	struct	Process	1	
std.os.windows.ACCESS_MASK.Specific.Process.ALL_ACCESS	6	const	ALL_ACCESS	0	
std.os.windows.ACCESS_MASK.Specific.Thread	5	struct	Thread	1	
std.os.windows.ACCESS_MASK.Specific.Thread.ALL_ACCESS	6	const	ALL_ACCESS	0	
std.os.windows.ACCESS_MASK.Specific.MemoryPartition	5	struct	MemoryPartition	1	
std.os.windows.ACCESS_MASK.Specific.MemoryPartition.ALL_ACCESS	6	const	ALL_ACCESS	0	
std.os.windows.ACCESS_MASK.Specific.TransactionManager	5	struct	TransactionManager	4	
std.os.windows.ACCESS_MASK.Specific.TransactionManager.GENERIC_READ	6	const	GENERIC_READ	0	
std.os.windows.ACCESS_MASK.Specific.TransactionManager.GENERIC_WRITE	6	const	GENERIC_WRITE	0	
std.os.windows.ACCESS_MASK.Specific.TransactionManager.GENERIC_EXECUTE	6	const	GENERIC_EXECUTE	0	
std.os.windows.ACCESS_MASK.Specific.TransactionManager.ALL_ACCESS	6	const	ALL_ACCESS	0	
std.os.windows.ACCESS_MASK.Specific.Transaction	5	struct	Transaction	5	
std.os.windows.ACCESS_MASK.Specific.Transaction.GENERIC_READ	6	const	GENERIC_READ	0	
std.os.windows.ACCESS_MASK.Specific.Transaction.GENERIC_WRITE	6	const	GENERIC_WRITE	0	
std.os.windows.ACCESS_MASK.Specific.Transaction.GENERIC_EXECUTE	6	const	GENERIC_EXECUTE	0	
std.os.windows.ACCESS_MASK.Specific.Transaction.ALL_ACCESS	6	const	ALL_ACCESS	0	
std.os.windows.ACCESS_MASK.Specific.Transaction.RESOURCE_MANAGER_RIGHTS	6	const	RESOURCE_MANAGER_RIGHTS	0	
std.os.windows.ACCESS_MASK.Specific.ResourceManager	5	struct	ResourceManager	4	
std.os.windows.ACCESS_MASK.Specific.ResourceManager.GENERIC_READ	6	const	GENERIC_READ	0	
std.os.windows.ACCESS_MASK.Specific.ResourceManager.GENERIC_WRITE	6	const	GENERIC_WRITE	0	
std.os.windows.ACCESS_MASK.Specific.ResourceManager.GENERIC_EXECUTE	6	const	GENERIC_EXECUTE	0	
std.os.windows.ACCESS_MASK.Specific.ResourceManager.ALL_ACCESS	6	const	ALL_ACCESS	0	
std.os.windows.ACCESS_MASK.Specific.Enlistment	5	struct	Enlistment	4	
std.os.windows.ACCESS_MASK.Specific.Enlistment.GENERIC_READ	6	const	GENERIC_READ	0	
std.os.windows.ACCESS_MASK.Specific.Enlistment.GENERIC_WRITE	6	const	GENERIC_WRITE	0	
std.os.windows.ACCESS_MASK.Specific.Enlistment.GENERIC_EXECUTE	6	const	GENERIC_EXECUTE	0	
std.os.windows.ACCESS_MASK.Specific.Enlistment.ALL_ACCESS	6	const	ALL_ACCESS	0	
std.os.windows.ACCESS_MASK.Specific.Event	5	struct	Event	1	
std.os.windows.ACCESS_MASK.Specific.Event.ALL_ACCESS	6	const	ALL_ACCESS	0	
std.os.windows.ACCESS_MASK.Specific.Semaphore	5	struct	Semaphore	1	
std.os.windows.ACCESS_MASK.Specific.Semaphore.ALL_ACCESS	6	const	ALL_ACCESS	0	
std.os.windows.ACCESS_MASK.Specific.Token	5	struct	Token	7	
std.os.windows.ACCESS_MASK.Specific.Token.ALL_ACCESS_P	6	const	ALL_ACCESS_P	0	
std.os.windows.ACCESS_MASK.Specific.Token.ALL_ACCESS	6	const	ALL_ACCESS	0	
std.os.windows.ACCESS_MASK.Specific.Token.READ	6	const	READ	0	
std.os.windows.ACCESS_MASK.Specific.Token.WRITE	6	const	WRITE	0	
std.os.windows.ACCESS_MASK.Specific.Token.EXECUTE	6	const	EXECUTE	0	
std.os.windows.ACCESS_MASK.Specific.Token.TRUST_CONSTRAINT_MASK	6	const	TRUST_CONSTRAINT_MASK	0	
std.os.windows.ACCESS_MASK.Specific.Token.TRUST_ALLOWED_MASK	6	const	TRUST_ALLOWED_MASK	0	
std.os.windows.ACCESS_MASK.Specific.JobObject	5	struct	JobObject	1	
std.os.windows.ACCESS_MASK.Specific.JobObject.ALL_ACCESS	6	const	ALL_ACCESS	0	
std.os.windows.ACCESS_MASK.Specific.Mutant	5	struct	Mutant	1	
std.os.windows.ACCESS_MASK.Specific.Mutant.ALL_ACCESS	6	const	ALL_ACCESS	0	
std.os.windows.ACCESS_MASK.Specific.Timer	5	struct	Timer	1	
std.os.windows.ACCESS_MASK.Specific.Timer.ALL_ACCESS	6	const	ALL_ACCESS	0	
std.os.windows.ACCESS_MASK.Specific.IoCompletion	5	struct	IoCompletion	1	
std.os.windows.ACCESS_MASK.Specific.IoCompletion.ALL_ACCESS	6	const	ALL_ACCESS	0	
std.os.windows.ACCESS_MASK.Specific.RIGHTS_ALL	5	const	RIGHTS_ALL	0	
std.os.windows.ACCESS_MASK.Standard	4	struct	Standard	2	
std.os.windows.ACCESS_MASK.Standard.RIGHTS_ALL	5	const	RIGHTS_ALL	0	
std.os.windows.ACCESS_MASK.Standard.Rights	5	struct	Rights	5	
std.os.windows.ACCESS_MASK.Standard.Rights.REQUIRED	6	const	REQUIRED	0	
std.os.windows.ACCESS_MASK.Standard.Rights.READ	6	const	READ	0	
std.os.windows.ACCESS_MASK.Standard.Rights.WRITE	6	const	WRITE	0	
std.os.windows.ACCESS_MASK.Standard.Rights.EXECUTE	6	const	EXECUTE	0	
std.os.windows.ACCESS_MASK.Standard.Rights.ALL	6	alias	ALL	0	REQUIRED
std.os.windows.ACCESS_MASK.Generic	4	struct	Generic	0	
std.os.windows.DEVICE_TYPE	3	struct	DEVICE_TYPE	0	
std.os.windows.FS_INFORMATION_CLASS	3	enum	FS_INFORMATION_CLASS	1	
std.os.windows.FS_INFORMATION_CLASS.Maximum	4	const	Maximum	0	
std.os.windows.SECTION_INHERIT	3	enum	SECTION_INHERIT	0	
std.os.windows.PAGE	3	struct	PAGE	1	
std.os.windows.PAGE.fromProtection	4	fn	fromProtection	0	1
std.os.windows.MEM	3	struct	MEM	5	
std.os.windows.MEM.ALLOCATE	4	struct	ALLOCATE	1	
std.os.windows.MEM.ALLOCATE.@"64K_PAGES"	5	const	@"64K_PAGES"	0	
std.os.windows.MEM.FREE	4	struct	FREE	0	
std.os.windows.MEM.MAP	4	struct	MAP	0	
std.os.windows.MEM.UNMAP	4	struct	UNMAP	0	
std.os.windows.MEM.EXTENDED_PARAMETER	4	struct	EXTENDED_PARAMETER	1	
std.os.windows.MEM.EXTENDED_PARAMETER.TYPE	5	enum	TYPE	1	
std.os.windows.MEM.EXTENDED_PARAMETER.TYPE.Max	6	const	Max	0	
std.os.windows.SEC	3	struct	SEC	1	
std.os.windows.SEC.IMAGE_NO_EXECUTE	4	const	IMAGE_NO_EXECUTE	0	
std.os.windows.ERESOURCE	3	opaque	ERESOURCE	0	
std.os.windows.EVENT_TYPE	3	enum	EVENT_TYPE	0	
std.os.windows.TIMER_TYPE	3	enum	TIMER_TYPE	0	
std.os.windows.WAIT_TYPE	3	enum	WAIT_TYPE	0	
std.os.windows.LOGICAL	3	alias	LOGICAL	0	ULONG
std.os.windows.NTSTATUS	3	enum	NTSTATUS	3	
std.os.windows.NTSTATUS.WAIT_0	4	const	WAIT_0	0	
std.os.windows.NTSTATUS.ABANDONED_WAIT_0	4	const	ABANDONED_WAIT_0	0	
std.os.windows.NTSTATUS.FWP_TOO_MANY_BOOTTIME_FILTERS	4	const	FWP_TOO_MANY_BOOTTIME_FILTERS	0	
std.os.windows.GetProcessHeap	3	fn	GetProcessHeap	0	0
std.os.windows.GetCurrentProcess	3	fn	GetCurrentProcess	0	0
std.os.windows.GetCurrentProcessId	3	fn	GetCurrentProcessId	0	0
std.os.windows.GetCurrentThread	3	fn	GetCurrentThread	0	0
std.os.windows.GetCurrentThreadId	3	fn	GetCurrentThreadId	0	0
std.os.windows.GetLastError	3	fn	GetLastError	0	0
std.os.windows.CloseHandle	3	fn	CloseHandle	0	1
std.os.windows.CreateProcessError	3	const	CreateProcessError	0	
std.os.windows.CreateProcessFlags	3	struct	CreateProcessFlags	0	
std.os.windows.teb	3	fn	teb	0	0
std.os.windows.peb	3	fn	peb	0	0
std.os.windows.fromSysTime	3	fn	fromSysTime	0	1
std.os.windows.toSysTime	3	fn	toSysTime	0	1
std.os.windows.toUpperWtf16	3	fn	toUpperWtf16	0	1
std.os.windows.eqlIgnoreCaseWtf16	3	fn	eqlIgnoreCaseWtf16	0	2
std.os.windows.eqlIgnoreCaseWtf8	3	fn	eqlIgnoreCaseWtf8	0	2
std.os.windows.RemoveDotDirsError	3	const	RemoveDotDirsError	0	
std.os.windows.removeDotDirsSanitized	3	fn	removeDotDirsSanitized	0	2
std.os.windows.normalizePath	3	fn	normalizePath	0	2
std.os.windows.hasCommonNtPrefix	3	fn	hasCommonNtPrefix	0	2
std.os.windows.ntToWin32Namespace	3	fn	ntToWin32Namespace	0	2
std.os.windows.unexpectedError	3	fn	unexpectedError	0	1
std.os.windows.unexpectedStatus	3	fn	unexpectedStatus	0	1
std.os.windows.statusBug	3	fn	statusBug	0	1
std.os.windows.errorBug	3	fn	errorBug	0	1
std.os.windows.Win32Error	3	enum	Win32Error	0	
std.os.windows.LANG	3	ns	LANG	140	os/windows/lang.zig
std.os.windows.LANG.NEUTRAL	4	const	NEUTRAL	0	
std.os.windows.LANG.INVARIANT	4	const	INVARIANT	0	
std.os.windows.LANG.AFRIKAANS	4	const	AFRIKAANS	0	
std.os.windows.LANG.ALBANIAN	4	const	ALBANIAN	0	
std.os.windows.LANG.ALSATIAN	4	const	ALSATIAN	0	
std.os.windows.LANG.AMHARIC	4	const	AMHARIC	0	
std.os.windows.LANG.ARABIC	4	const	ARABIC	0	
std.os.windows.LANG.ARMENIAN	4	const	ARMENIAN	0	
std.os.windows.LANG.ASSAMESE	4	const	ASSAMESE	0	
std.os.windows.LANG.AZERI	4	const	AZERI	0	
std.os.windows.LANG.AZERBAIJANI	4	const	AZERBAIJANI	0	
std.os.windows.LANG.BANGLA	4	const	BANGLA	0	
std.os.windows.LANG.BASHKIR	4	const	BASHKIR	0	
std.os.windows.LANG.BASQUE	4	const	BASQUE	0	
std.os.windows.LANG.BELARUSIAN	4	const	BELARUSIAN	0	
std.os.windows.LANG.BENGALI	4	const	BENGALI	0	
std.os.windows.LANG.BRETON	4	const	BRETON	0	
std.os.windows.LANG.BOSNIAN	4	const	BOSNIAN	0	
std.os.windows.LANG.BOSNIAN_NEUTRAL	4	const	BOSNIAN_NEUTRAL	0	
std.os.windows.LANG.BULGARIAN	4	const	BULGARIAN	0	
std.os.windows.LANG.CATALAN	4	const	CATALAN	0	
std.os.windows.LANG.CENTRAL_KURDISH	4	const	CENTRAL_KURDISH	0	
std.os.windows.LANG.CHEROKEE	4	const	CHEROKEE	0	
std.os.windows.LANG.CHINESE	4	const	CHINESE	0	
std.os.windows.LANG.CHINESE_SIMPLIFIED	4	const	CHINESE_SIMPLIFIED	0	
std.os.windows.LANG.CHINESE_TRADITIONAL	4	const	CHINESE_TRADITIONAL	0	
std.os.windows.LANG.CORSICAN	4	const	CORSICAN	0	
std.os.windows.LANG.CROATIAN	4	const	CROATIAN	0	
std.os.windows.LANG.CZECH	4	const	CZECH	0	
std.os.windows.LANG.DANISH	4	const	DANISH	0	
std.os.windows.LANG.DARI	4	const	DARI	0	
std.os.windows.LANG.DIVEHI	4	const	DIVEHI	0	
std.os.windows.LANG.DUTCH	4	const	DUTCH	0	
std.os.windows.LANG.ENGLISH	4	const	ENGLISH	0	
std.os.windows.LANG.ESTONIAN	4	const	ESTONIAN	0	
std.os.windows.LANG.FAEROESE	4	const	FAEROESE	0	
std.os.windows.LANG.FARSI	4	const	FARSI	0	
std.os.windows.LANG.FILIPINO	4	const	FILIPINO	0	
std.os.windows.LANG.FINNISH	4	const	FINNISH	0	
std.os.windows.LANG.FRENCH	4	const	FRENCH	0	
std.os.windows.LANG.FRISIAN	4	const	FRISIAN	0	
std.os.windows.LANG.FULAH	4	const	FULAH	0	
std.os.windows.LANG.GALICIAN	4	const	GALICIAN	0	
std.os.windows.LANG.GEORGIAN	4	const	GEORGIAN	0	
std.os.windows.LANG.GERMAN	4	const	GERMAN	0	
std.os.windows.LANG.GREEK	4	const	GREEK	0	
std.os.windows.LANG.GREENLANDIC	4	const	GREENLANDIC	0	
std.os.windows.LANG.GUJARATI	4	const	GUJARATI	0	
std.os.windows.LANG.HAUSA	4	const	HAUSA	0	
std.os.windows.LANG.HAWAIIAN	4	const	HAWAIIAN	0	
std.os.windows.LANG.HEBREW	4	const	HEBREW	0	
std.os.windows.LANG.HINDI	4	const	HINDI	0	
std.os.windows.LANG.HUNGARIAN	4	const	HUNGARIAN	0	
std.os.windows.LANG.ICELANDIC	4	const	ICELANDIC	0	
std.os.windows.LANG.IGBO	4	const	IGBO	0	
std.os.windows.LANG.INDONESIAN	4	const	INDONESIAN	0	
std.os.windows.LANG.INUKTITUT	4	const	INUKTITUT	0	
std.os.windows.LANG.IRISH	4	const	IRISH	0	
std.os.windows.LANG.ITALIAN	4	const	ITALIAN	0	
std.os.windows.LANG.JAPANESE	4	const	JAPANESE	0	
std.os.windows.LANG.KANNADA	4	const	KANNADA	0	
std.os.windows.LANG.KASHMIRI	4	const	KASHMIRI	0	
std.os.windows.LANG.KAZAK	4	const	KAZAK	0	
std.os.windows.LANG.KHMER	4	const	KHMER	0	
std.os.windows.LANG.KICHE	4	const	KICHE	0	
std.os.windows.LANG.KINYARWANDA	4	const	KINYARWANDA	0	
std.os.windows.LANG.KONKANI	4	const	KONKANI	0	
std.os.windows.LANG.KOREAN	4	const	KOREAN	0	
std.os.windows.LANG.KYRGYZ	4	const	KYRGYZ	0	
std.os.windows.LANG.LAO	4	const	LAO	0	
std.os.windows.LANG.LATVIAN	4	const	LATVIAN	0	
std.os.windows.LANG.LITHUANIAN	4	const	LITHUANIAN	0	
std.os.windows.LANG.LOWER_SORBIAN	4	const	LOWER_SORBIAN	0	
std.os.windows.LANG.LUXEMBOURGISH	4	const	LUXEMBOURGISH	0	
std.os.windows.LANG.MACEDONIAN	4	const	MACEDONIAN	0	
std.os.windows.LANG.MALAY	4	const	MALAY	0	
std.os.windows.LANG.MALAYALAM	4	const	MALAYALAM	0	
std.os.windows.LANG.MALTESE	4	const	MALTESE	0	
std.os.windows.LANG.MANIPURI	4	const	MANIPURI	0	
std.os.windows.LANG.MAORI	4	const	MAORI	0	
std.os.windows.LANG.MAPUDUNGUN	4	const	MAPUDUNGUN	0	
std.os.windows.LANG.MARATHI	4	const	MARATHI	0	
std.os.windows.LANG.MOHAWK	4	const	MOHAWK	0	
std.os.windows.LANG.MONGOLIAN	4	const	MONGOLIAN	0	
std.os.windows.LANG.NEPALI	4	const	NEPALI	0	
std.os.windows.LANG.NORWEGIAN	4	const	NORWEGIAN	0	
std.os.windows.LANG.OCCITAN	4	const	OCCITAN	0	
std.os.windows.LANG.ODIA	4	const	ODIA	0	
std.os.windows.LANG.ORIYA	4	const	ORIYA	0	
std.os.windows.LANG.PASHTO	4	const	PASHTO	0	
std.os.windows.LANG.PERSIAN	4	const	PERSIAN	0	
std.os.windows.LANG.POLISH	4	const	POLISH	0	
std.os.windows.LANG.PORTUGUESE	4	const	PORTUGUESE	0	
std.os.windows.LANG.PULAR	4	const	PULAR	0	
std.os.windows.LANG.PUNJABI	4	const	PUNJABI	0	
std.os.windows.LANG.QUECHUA	4	const	QUECHUA	0	
std.os.windows.LANG.ROMANIAN	4	const	ROMANIAN	0	
std.os.windows.LANG.ROMANSH	4	const	ROMANSH	0	
std.os.windows.LANG.RUSSIAN	4	const	RUSSIAN	0	
std.os.windows.LANG.SAKHA	4	const	SAKHA	0	
std.os.windows.LANG.SAMI	4	const	SAMI	0	
std.os.windows.LANG.SANSKRIT	4	const	SANSKRIT	0	
std.os.windows.LANG.SCOTTISH_GAELIC	4	const	SCOTTISH_GAELIC	0	
std.os.windows.LANG.SERBIAN	4	const	SERBIAN	0	
std.os.windows.LANG.SERBIAN_NEUTRAL	4	const	SERBIAN_NEUTRAL	0	
std.os.windows.LANG.SINDHI	4	const	SINDHI	0	
std.os.windows.LANG.SINHALESE	4	const	SINHALESE	0	
std.os.windows.LANG.SLOVAK	4	const	SLOVAK	0	
std.os.windows.LANG.SLOVENIAN	4	const	SLOVENIAN	0	
std.os.windows.LANG.SOTHO	4	const	SOTHO	0	
std.os.windows.LANG.SPANISH	4	const	SPANISH	0	
std.os.windows.LANG.SWAHILI	4	const	SWAHILI	0	
std.os.windows.LANG.SWEDISH	4	const	SWEDISH	0	
std.os.windows.LANG.SYRIAC	4	const	SYRIAC	0	
std.os.windows.LANG.TAJIK	4	const	TAJIK	0	
std.os.windows.LANG.TAMAZIGHT	4	const	TAMAZIGHT	0	
std.os.windows.LANG.TAMIL	4	const	TAMIL	0	
std.os.windows.LANG.TATAR	4	const	TATAR	0	
std.os.windows.LANG.TELUGU	4	const	TELUGU	0	
std.os.windows.LANG.THAI	4	const	THAI	0	
std.os.windows.LANG.TIBETAN	4	const	TIBETAN	0	
std.os.windows.LANG.TIGRIGNA	4	const	TIGRIGNA	0	
std.os.windows.LANG.TIGRINYA	4	const	TIGRINYA	0	
std.os.windows.LANG.TSWANA	4	const	TSWANA	0	
std.os.windows.LANG.TURKISH	4	const	TURKISH	0	
std.os.windows.LANG.TURKMEN	4	const	TURKMEN	0	
std.os.windows.LANG.UIGHUR	4	const	UIGHUR	0	
std.os.windows.LANG.UKRAINIAN	4	const	UKRAINIAN	0	
std.os.windows.LANG.UPPER_SORBIAN	4	const	UPPER_SORBIAN	0	
std.os.windows.LANG.URDU	4	const	URDU	0	
std.os.windows.LANG.UZBEK	4	const	UZBEK	0	
std.os.windows.LANG.VALENCIAN	4	const	VALENCIAN	0	
std.os.windows.LANG.VIETNAMESE	4	const	VIETNAMESE	0	
std.os.windows.LANG.WELSH	4	const	WELSH	0	
std.os.windows.LANG.WOLOF	4	const	WOLOF	0	
std.os.windows.LANG.XHOSA	4	const	XHOSA	0	
std.os.windows.LANG.YAKUT	4	const	YAKUT	0	
std.os.windows.LANG.YI	4	const	YI	0	
std.os.windows.LANG.YORUBA	4	const	YORUBA	0	
std.os.windows.LANG.ZULU	4	const	ZULU	0	
std.os.windows.SUBLANG	3	ns	SUBLANG	244	os/windows/sublang.zig
std.os.windows.SUBLANG.NEUTRAL	4	const	NEUTRAL	0	
std.os.windows.SUBLANG.DEFAULT	4	const	DEFAULT	0	
std.os.windows.SUBLANG.SYS_DEFAULT	4	const	SYS_DEFAULT	0	
std.os.windows.SUBLANG.CUSTOM_DEFAULT	4	const	CUSTOM_DEFAULT	0	
std.os.windows.SUBLANG.CUSTOM_UNSPECIFIED	4	const	CUSTOM_UNSPECIFIED	0	
std.os.windows.SUBLANG.UI_CUSTOM_DEFAULT	4	const	UI_CUSTOM_DEFAULT	0	
std.os.windows.SUBLANG.AFRIKAANS_SOUTH_AFRICA	4	const	AFRIKAANS_SOUTH_AFRICA	0	
std.os.windows.SUBLANG.ALBANIAN_ALBANIA	4	const	ALBANIAN_ALBANIA	0	
std.os.windows.SUBLANG.ALSATIAN_FRANCE	4	const	ALSATIAN_FRANCE	0	
std.os.windows.SUBLANG.AMHARIC_ETHIOPIA	4	const	AMHARIC_ETHIOPIA	0	
std.os.windows.SUBLANG.ARABIC_SAUDI_ARABIA	4	const	ARABIC_SAUDI_ARABIA	0	
std.os.windows.SUBLANG.ARABIC_IRAQ	4	const	ARABIC_IRAQ	0	
std.os.windows.SUBLANG.ARABIC_EGYPT	4	const	ARABIC_EGYPT	0	
std.os.windows.SUBLANG.ARABIC_LIBYA	4	const	ARABIC_LIBYA	0	
std.os.windows.SUBLANG.ARABIC_ALGERIA	4	const	ARABIC_ALGERIA	0	
std.os.windows.SUBLANG.ARABIC_MOROCCO	4	const	ARABIC_MOROCCO	0	
std.os.windows.SUBLANG.ARABIC_TUNISIA	4	const	ARABIC_TUNISIA	0	
std.os.windows.SUBLANG.ARABIC_OMAN	4	const	ARABIC_OMAN	0	
std.os.windows.SUBLANG.ARABIC_YEMEN	4	const	ARABIC_YEMEN	0	
std.os.windows.SUBLANG.ARABIC_SYRIA	4	const	ARABIC_SYRIA	0	
std.os.windows.SUBLANG.ARABIC_JORDAN	4	const	ARABIC_JORDAN	0	
std.os.windows.SUBLANG.ARABIC_LEBANON	4	const	ARABIC_LEBANON	0	
std.os.windows.SUBLANG.ARABIC_KUWAIT	4	const	ARABIC_KUWAIT	0	
std.os.windows.SUBLANG.ARABIC_UAE	4	const	ARABIC_UAE	0	
std.os.windows.SUBLANG.ARABIC_BAHRAIN	4	const	ARABIC_BAHRAIN	0	
std.os.windows.SUBLANG.ARABIC_QATAR	4	const	ARABIC_QATAR	0	
std.os.windows.SUBLANG.ARMENIAN_ARMENIA	4	const	ARMENIAN_ARMENIA	0	
std.os.windows.SUBLANG.ASSAMESE_INDIA	4	const	ASSAMESE_INDIA	0	
std.os.windows.SUBLANG.AZERI_LATIN	4	const	AZERI_LATIN	0	
std.os.windows.SUBLANG.AZERI_CYRILLIC	4	const	AZERI_CYRILLIC	0	
std.os.windows.SUBLANG.AZERBAIJANI_AZERBAIJAN_LATIN	4	const	AZERBAIJANI_AZERBAIJAN_LATIN	0	
std.os.windows.SUBLANG.AZERBAIJANI_AZERBAIJAN_CYRILLIC	4	const	AZERBAIJANI_AZERBAIJAN_CYRILLIC	0	
std.os.windows.SUBLANG.BANGLA_INDIA	4	const	BANGLA_INDIA	0	
std.os.windows.SUBLANG.BANGLA_BANGLADESH	4	const	BANGLA_BANGLADESH	0	
std.os.windows.SUBLANG.BASHKIR_RUSSIA	4	const	BASHKIR_RUSSIA	0	
std.os.windows.SUBLANG.BASQUE_BASQUE	4	const	BASQUE_BASQUE	0	
std.os.windows.SUBLANG.BELARUSIAN_BELARUS	4	const	BELARUSIAN_BELARUS	0	
std.os.windows.SUBLANG.BENGALI_INDIA	4	const	BENGALI_INDIA	0	
std.os.windows.SUBLANG.BENGALI_BANGLADESH	4	const	BENGALI_BANGLADESH	0	
std.os.windows.SUBLANG.BOSNIAN_BOSNIA_HERZEGOVINA_LATIN	4	const	BOSNIAN_BOSNIA_HERZEGOVINA_LATIN	0	
std.os.windows.SUBLANG.BOSNIAN_BOSNIA_HERZEGOVINA_CYRILLIC	4	const	BOSNIAN_BOSNIA_HERZEGOVINA_CYRILLIC	0	
std.os.windows.SUBLANG.BRETON_FRANCE	4	const	BRETON_FRANCE	0	
std.os.windows.SUBLANG.BULGARIAN_BULGARIA	4	const	BULGARIAN_BULGARIA	0	
std.os.windows.SUBLANG.CATALAN_CATALAN	4	const	CATALAN_CATALAN	0	
std.os.windows.SUBLANG.CENTRAL_KURDISH_IRAQ	4	const	CENTRAL_KURDISH_IRAQ	0	
std.os.windows.SUBLANG.CHEROKEE_CHEROKEE	4	const	CHEROKEE_CHEROKEE	0	
std.os.windows.SUBLANG.CHINESE_TRADITIONAL	4	const	CHINESE_TRADITIONAL	0	
std.os.windows.SUBLANG.CHINESE_SIMPLIFIED	4	const	CHINESE_SIMPLIFIED	0	
std.os.windows.SUBLANG.CHINESE_HONGKONG	4	const	CHINESE_HONGKONG	0	
std.os.windows.SUBLANG.CHINESE_SINGAPORE	4	const	CHINESE_SINGAPORE	0	
std.os.windows.SUBLANG.CHINESE_MACAU	4	const	CHINESE_MACAU	0	
std.os.windows.SUBLANG.CORSICAN_FRANCE	4	const	CORSICAN_FRANCE	0	
std.os.windows.SUBLANG.CZECH_CZECH_REPUBLIC	4	const	CZECH_CZECH_REPUBLIC	0	
std.os.windows.SUBLANG.CROATIAN_CROATIA	4	const	CROATIAN_CROATIA	0	
std.os.windows.SUBLANG.CROATIAN_BOSNIA_HERZEGOVINA_LATIN	4	const	CROATIAN_BOSNIA_HERZEGOVINA_LATIN	0	
std.os.windows.SUBLANG.DANISH_DENMARK	4	const	DANISH_DENMARK	0	
std.os.windows.SUBLANG.DARI_AFGHANISTAN	4	const	DARI_AFGHANISTAN	0	
std.os.windows.SUBLANG.DIVEHI_MALDIVES	4	const	DIVEHI_MALDIVES	0	
std.os.windows.SUBLANG.DUTCH	4	const	DUTCH	0	
std.os.windows.SUBLANG.DUTCH_BELGIAN	4	const	DUTCH_BELGIAN	0	
std.os.windows.SUBLANG.ENGLISH_US	4	const	ENGLISH_US	0	
std.os.windows.SUBLANG.ENGLISH_UK	4	const	ENGLISH_UK	0	
std.os.windows.SUBLANG.ENGLISH_AUS	4	const	ENGLISH_AUS	0	
std.os.windows.SUBLANG.ENGLISH_CAN	4	const	ENGLISH_CAN	0	
std.os.windows.SUBLANG.ENGLISH_NZ	4	const	ENGLISH_NZ	0	
std.os.windows.SUBLANG.ENGLISH_EIRE	4	const	ENGLISH_EIRE	0	
std.os.windows.SUBLANG.ENGLISH_SOUTH_AFRICA	4	const	ENGLISH_SOUTH_AFRICA	0	
std.os.windows.SUBLANG.ENGLISH_JAMAICA	4	const	ENGLISH_JAMAICA	0	
std.os.windows.SUBLANG.ENGLISH_CARIBBEAN	4	const	ENGLISH_CARIBBEAN	0	
std.os.windows.SUBLANG.ENGLISH_BELIZE	4	const	ENGLISH_BELIZE	0	
std.os.windows.SUBLANG.ENGLISH_TRINIDAD	4	const	ENGLISH_TRINIDAD	0	
std.os.windows.SUBLANG.ENGLISH_ZIMBABWE	4	const	ENGLISH_ZIMBABWE	0	
std.os.windows.SUBLANG.ENGLISH_PHILIPPINES	4	const	ENGLISH_PHILIPPINES	0	
std.os.windows.SUBLANG.ENGLISH_INDIA	4	const	ENGLISH_INDIA	0	
std.os.windows.SUBLANG.ENGLISH_MALAYSIA	4	const	ENGLISH_MALAYSIA	0	
std.os.windows.SUBLANG.ENGLISH_SINGAPORE	4	const	ENGLISH_SINGAPORE	0	
std.os.windows.SUBLANG.ESTONIAN_ESTONIA	4	const	ESTONIAN_ESTONIA	0	
std.os.windows.SUBLANG.FAEROESE_FAROE_ISLANDS	4	const	FAEROESE_FAROE_ISLANDS	0	
std.os.windows.SUBLANG.FILIPINO_PHILIPPINES	4	const	FILIPINO_PHILIPPINES	0	
std.os.windows.SUBLANG.FINNISH_FINLAND	4	const	FINNISH_FINLAND	0	
std.os.windows.SUBLANG.FRENCH	4	const	FRENCH	0	
std.os.windows.SUBLANG.FRENCH_BELGIAN	4	const	FRENCH_BELGIAN	0	
std.os.windows.SUBLANG.FRENCH_CANADIAN	4	const	FRENCH_CANADIAN	0	
std.os.windows.SUBLANG.FRENCH_SWISS	4	const	FRENCH_SWISS	0	
std.os.windows.SUBLANG.FRENCH_LUXEMBOURG	4	const	FRENCH_LUXEMBOURG	0	
std.os.windows.SUBLANG.FRENCH_MONACO	4	const	FRENCH_MONACO	0	
std.os.windows.SUBLANG.FRISIAN_NETHERLANDS	4	const	FRISIAN_NETHERLANDS	0	
std.os.windows.SUBLANG.FULAH_SENEGAL	4	const	FULAH_SENEGAL	0	
std.os.windows.SUBLANG.GALICIAN_GALICIAN	4	const	GALICIAN_GALICIAN	0	
std.os.windows.SUBLANG.GEORGIAN_GEORGIA	4	const	GEORGIAN_GEORGIA	0	
std.os.windows.SUBLANG.GERMAN	4	const	GERMAN	0	
std.os.windows.SUBLANG.GERMAN_SWISS	4	const	GERMAN_SWISS	0	
std.os.windows.SUBLANG.GERMAN_AUSTRIAN	4	const	GERMAN_AUSTRIAN	0	
std.os.windows.SUBLANG.GERMAN_LUXEMBOURG	4	const	GERMAN_LUXEMBOURG	0	
std.os.windows.SUBLANG.GERMAN_LIECHTENSTEIN	4	const	GERMAN_LIECHTENSTEIN	0	
std.os.windows.SUBLANG.GREEK_GREECE	4	const	GREEK_GREECE	0	
std.os.windows.SUBLANG.GREENLANDIC_GREENLAND	4	const	GREENLANDIC_GREENLAND	0	
std.os.windows.SUBLANG.GUJARATI_INDIA	4	const	GUJARATI_INDIA	0	
std.os.windows.SUBLANG.HAUSA_NIGERIA_LATIN	4	const	HAUSA_NIGERIA_LATIN	0	
std.os.windows.SUBLANG.HAWAIIAN_US	4	const	HAWAIIAN_US	0	
std.os.windows.SUBLANG.HEBREW_ISRAEL	4	const	HEBREW_ISRAEL	0	
std.os.windows.SUBLANG.HINDI_INDIA	4	const	HINDI_INDIA	0	
std.os.windows.SUBLANG.HUNGARIAN_HUNGARY	4	const	HUNGARIAN_HUNGARY	0	
std.os.windows.SUBLANG.ICELANDIC_ICELAND	4	const	ICELANDIC_ICELAND	0	
std.os.windows.SUBLANG.IGBO_NIGERIA	4	const	IGBO_NIGERIA	0	
std.os.windows.SUBLANG.INDONESIAN_INDONESIA	4	const	INDONESIAN_INDONESIA	0	
std.os.windows.SUBLANG.INUKTITUT_CANADA	4	const	INUKTITUT_CANADA	0	
std.os.windows.SUBLANG.INUKTITUT_CANADA_LATIN	4	const	INUKTITUT_CANADA_LATIN	0	
std.os.windows.SUBLANG.IRISH_IRELAND	4	const	IRISH_IRELAND	0	
std.os.windows.SUBLANG.ITALIAN	4	const	ITALIAN	0	
std.os.windows.SUBLANG.ITALIAN_SWISS	4	const	ITALIAN_SWISS	0	
std.os.windows.SUBLANG.JAPANESE_JAPAN	4	const	JAPANESE_JAPAN	0	
std.os.windows.SUBLANG.KANNADA_INDIA	4	const	KANNADA_INDIA	0	
std.os.windows.SUBLANG.KASHMIRI_SASIA	4	const	KASHMIRI_SASIA	0	
std.os.windows.SUBLANG.KASHMIRI_INDIA	4	const	KASHMIRI_INDIA	0	
std.os.windows.SUBLANG.KAZAK_KAZAKHSTAN	4	const	KAZAK_KAZAKHSTAN	0	
std.os.windows.SUBLANG.KHMER_CAMBODIA	4	const	KHMER_CAMBODIA	0	
std.os.windows.SUBLANG.KICHE_GUATEMALA	4	const	KICHE_GUATEMALA	0	
std.os.windows.SUBLANG.KINYARWANDA_RWANDA	4	const	KINYARWANDA_RWANDA	0	
std.os.windows.SUBLANG.KONKANI_INDIA	4	const	KONKANI_INDIA	0	
std.os.windows.SUBLANG.KOREAN	4	const	KOREAN	0	
std.os.windows.SUBLANG.KYRGYZ_KYRGYZSTAN	4	const	KYRGYZ_KYRGYZSTAN	0	
std.os.windows.SUBLANG.LAO_LAO	4	const	LAO_LAO	0	
std.os.windows.SUBLANG.LATVIAN_LATVIA	4	const	LATVIAN_LATVIA	0	
std.os.windows.SUBLANG.LITHUANIAN	4	const	LITHUANIAN	0	
std.os.windows.SUBLANG.LOWER_SORBIAN_GERMANY	4	const	LOWER_SORBIAN_GERMANY	0	
std.os.windows.SUBLANG.LUXEMBOURGISH_LUXEMBOURG	4	const	LUXEMBOURGISH_LUXEMBOURG	0	
std.os.windows.SUBLANG.MACEDONIAN_MACEDONIA	4	const	MACEDONIAN_MACEDONIA	0	
std.os.windows.SUBLANG.MALAY_MALAYSIA	4	const	MALAY_MALAYSIA	0	
std.os.windows.SUBLANG.MALAY_BRUNEI_DARUSSALAM	4	const	MALAY_BRUNEI_DARUSSALAM	0	
std.os.windows.SUBLANG.MALAYALAM_INDIA	4	const	MALAYALAM_INDIA	0	
std.os.windows.SUBLANG.MALTESE_MALTA	4	const	MALTESE_MALTA	0	
std.os.windows.SUBLANG.MAORI_NEW_ZEALAND	4	const	MAORI_NEW_ZEALAND	0	
std.os.windows.SUBLANG.MAPUDUNGUN_CHILE	4	const	MAPUDUNGUN_CHILE	0	
std.os.windows.SUBLANG.MARATHI_INDIA	4	const	MARATHI_INDIA	0	
std.os.windows.SUBLANG.MOHAWK_MOHAWK	4	const	MOHAWK_MOHAWK	0	
std.os.windows.SUBLANG.MONGOLIAN_CYRILLIC_MONGOLIA	4	const	MONGOLIAN_CYRILLIC_MONGOLIA	0	
std.os.windows.SUBLANG.MONGOLIAN_PRC	4	const	MONGOLIAN_PRC	0	
std.os.windows.SUBLANG.NEPALI_INDIA	4	const	NEPALI_INDIA	0	
std.os.windows.SUBLANG.NEPALI_NEPAL	4	const	NEPALI_NEPAL	0	
std.os.windows.SUBLANG.NORWEGIAN_BOKMAL	4	const	NORWEGIAN_BOKMAL	0	
std.os.windows.SUBLANG.NORWEGIAN_NYNORSK	4	const	NORWEGIAN_NYNORSK	0	
std.os.windows.SUBLANG.OCCITAN_FRANCE	4	const	OCCITAN_FRANCE	0	
std.os.windows.SUBLANG.ODIA_INDIA	4	const	ODIA_INDIA	0	
std.os.windows.SUBLANG.ORIYA_INDIA	4	const	ORIYA_INDIA	0	
std.os.windows.SUBLANG.PASHTO_AFGHANISTAN	4	const	PASHTO_AFGHANISTAN	0	
std.os.windows.SUBLANG.PERSIAN_IRAN	4	const	PERSIAN_IRAN	0	
std.os.windows.SUBLANG.POLISH_POLAND	4	const	POLISH_POLAND	0	
std.os.windows.SUBLANG.PORTUGUESE	4	const	PORTUGUESE	0	
std.os.windows.SUBLANG.PORTUGUESE_BRAZILIAN	4	const	PORTUGUESE_BRAZILIAN	0	
std.os.windows.SUBLANG.PULAR_SENEGAL	4	const	PULAR_SENEGAL	0	
std.os.windows.SUBLANG.PUNJABI_INDIA	4	const	PUNJABI_INDIA	0	
std.os.windows.SUBLANG.PUNJABI_PAKISTAN	4	const	PUNJABI_PAKISTAN	0	
std.os.windows.SUBLANG.QUECHUA_BOLIVIA	4	const	QUECHUA_BOLIVIA	0	
std.os.windows.SUBLANG.QUECHUA_ECUADOR	4	const	QUECHUA_ECUADOR	0	
std.os.windows.SUBLANG.QUECHUA_PERU	4	const	QUECHUA_PERU	0	
std.os.windows.SUBLANG.ROMANIAN_ROMANIA	4	const	ROMANIAN_ROMANIA	0	
std.os.windows.SUBLANG.ROMANSH_SWITZERLAND	4	const	ROMANSH_SWITZERLAND	0	
std.os.windows.SUBLANG.RUSSIAN_RUSSIA	4	const	RUSSIAN_RUSSIA	0	
std.os.windows.SUBLANG.SAKHA_RUSSIA	4	const	SAKHA_RUSSIA	0	
std.os.windows.SUBLANG.SAMI_NORTHERN_NORWAY	4	const	SAMI_NORTHERN_NORWAY	0	
std.os.windows.SUBLANG.SAMI_NORTHERN_SWEDEN	4	const	SAMI_NORTHERN_SWEDEN	0	
std.os.windows.SUBLANG.SAMI_NORTHERN_FINLAND	4	const	SAMI_NORTHERN_FINLAND	0	
std.os.windows.SUBLANG.SAMI_LULE_NORWAY	4	const	SAMI_LULE_NORWAY	0	
std.os.windows.SUBLANG.SAMI_LULE_SWEDEN	4	const	SAMI_LULE_SWEDEN	0	
std.os.windows.SUBLANG.SAMI_SOUTHERN_NORWAY	4	const	SAMI_SOUTHERN_NORWAY	0	
std.os.windows.SUBLANG.SAMI_SOUTHERN_SWEDEN	4	const	SAMI_SOUTHERN_SWEDEN	0	
std.os.windows.SUBLANG.SAMI_SKOLT_FINLAND	4	const	SAMI_SKOLT_FINLAND	0	
std.os.windows.SUBLANG.SAMI_INARI_FINLAND	4	const	SAMI_INARI_FINLAND	0	
std.os.windows.SUBLANG.SANSKRIT_INDIA	4	const	SANSKRIT_INDIA	0	
std.os.windows.SUBLANG.SCOTTISH_GAELIC	4	const	SCOTTISH_GAELIC	0	
std.os.windows.SUBLANG.SERBIAN_BOSNIA_HERZEGOVINA_LATIN	4	const	SERBIAN_BOSNIA_HERZEGOVINA_LATIN	0	
std.os.windows.SUBLANG.SERBIAN_BOSNIA_HERZEGOVINA_CYRILLIC	4	const	SERBIAN_BOSNIA_HERZEGOVINA_CYRILLIC	0	
std.os.windows.SUBLANG.SERBIAN_MONTENEGRO_LATIN	4	const	SERBIAN_MONTENEGRO_LATIN	0	
std.os.windows.SUBLANG.SERBIAN_MONTENEGRO_CYRILLIC	4	const	SERBIAN_MONTENEGRO_CYRILLIC	0	
std.os.windows.SUBLANG.SERBIAN_SERBIA_LATIN	4	const	SERBIAN_SERBIA_LATIN	0	
std.os.windows.SUBLANG.SERBIAN_SERBIA_CYRILLIC	4	const	SERBIAN_SERBIA_CYRILLIC	0	
std.os.windows.SUBLANG.SERBIAN_CROATIA	4	const	SERBIAN_CROATIA	0	
std.os.windows.SUBLANG.SERBIAN_LATIN	4	const	SERBIAN_LATIN	0	
std.os.windows.SUBLANG.SERBIAN_CYRILLIC	4	const	SERBIAN_CYRILLIC	0	
std.os.windows.SUBLANG.SINDHI_INDIA	4	const	SINDHI_INDIA	0	
std.os.windows.SUBLANG.SINDHI_PAKISTAN	4	const	SINDHI_PAKISTAN	0	
std.os.windows.SUBLANG.SINDHI_AFGHANISTAN	4	const	SINDHI_AFGHANISTAN	0	
std.os.windows.SUBLANG.SINHALESE_SRI_LANKA	4	const	SINHALESE_SRI_LANKA	0	
std.os.windows.SUBLANG.SOTHO_NORTHERN_SOUTH_AFRICA	4	const	SOTHO_NORTHERN_SOUTH_AFRICA	0	
std.os.windows.SUBLANG.SLOVAK_SLOVAKIA	4	const	SLOVAK_SLOVAKIA	0	
std.os.windows.SUBLANG.SLOVENIAN_SLOVENIA	4	const	SLOVENIAN_SLOVENIA	0	
std.os.windows.SUBLANG.SPANISH	4	const	SPANISH	0	
std.os.windows.SUBLANG.SPANISH_MEXICAN	4	const	SPANISH_MEXICAN	0	
std.os.windows.SUBLANG.SPANISH_MODERN	4	const	SPANISH_MODERN	0	
std.os.windows.SUBLANG.SPANISH_GUATEMALA	4	const	SPANISH_GUATEMALA	0	
std.os.windows.SUBLANG.SPANISH_COSTA_RICA	4	const	SPANISH_COSTA_RICA	0	
std.os.windows.SUBLANG.SPANISH_PANAMA	4	const	SPANISH_PANAMA	0	
std.os.windows.SUBLANG.SPANISH_DOMINICAN_REPUBLIC	4	const	SPANISH_DOMINICAN_REPUBLIC	0	
std.os.windows.SUBLANG.SPANISH_VENEZUELA	4	const	SPANISH_VENEZUELA	0	
std.os.windows.SUBLANG.SPANISH_COLOMBIA	4	const	SPANISH_COLOMBIA	0	
std.os.windows.SUBLANG.SPANISH_PERU	4	const	SPANISH_PERU	0	
std.os.windows.SUBLANG.SPANISH_ARGENTINA	4	const	SPANISH_ARGENTINA	0	
std.os.windows.SUBLANG.SPANISH_ECUADOR	4	const	SPANISH_ECUADOR	0	
std.os.windows.SUBLANG.SPANISH_CHILE	4	const	SPANISH_CHILE	0	
std.os.windows.SUBLANG.SPANISH_URUGUAY	4	const	SPANISH_URUGUAY	0	
std.os.windows.SUBLANG.SPANISH_PARAGUAY	4	const	SPANISH_PARAGUAY	0	
std.os.windows.SUBLANG.SPANISH_BOLIVIA	4	const	SPANISH_BOLIVIA	0	
std.os.windows.SUBLANG.SPANISH_EL_SALVADOR	4	const	SPANISH_EL_SALVADOR	0	
std.os.windows.SUBLANG.SPANISH_HONDURAS	4	const	SPANISH_HONDURAS	0	
std.os.windows.SUBLANG.SPANISH_NICARAGUA	4	const	SPANISH_NICARAGUA	0	
std.os.windows.SUBLANG.SPANISH_PUERTO_RICO	4	const	SPANISH_PUERTO_RICO	0	
std.os.windows.SUBLANG.SPANISH_US	4	const	SPANISH_US	0	
std.os.windows.SUBLANG.SWAHILI_KENYA	4	const	SWAHILI_KENYA	0	
std.os.windows.SUBLANG.SWEDISH	4	const	SWEDISH	0	
std.os.windows.SUBLANG.SWEDISH_FINLAND	4	const	SWEDISH_FINLAND	0	
std.os.windows.SUBLANG.SYRIAC_SYRIA	4	const	SYRIAC_SYRIA	0	
std.os.windows.SUBLANG.TAJIK_TAJIKISTAN	4	const	TAJIK_TAJIKISTAN	0	
std.os.windows.SUBLANG.TAMAZIGHT_ALGERIA_LATIN	4	const	TAMAZIGHT_ALGERIA_LATIN	0	
std.os.windows.SUBLANG.TAMAZIGHT_MOROCCO_TIFINAGH	4	const	TAMAZIGHT_MOROCCO_TIFINAGH	0	
std.os.windows.SUBLANG.TAMIL_INDIA	4	const	TAMIL_INDIA	0	
std.os.windows.SUBLANG.TAMIL_SRI_LANKA	4	const	TAMIL_SRI_LANKA	0	
std.os.windows.SUBLANG.TATAR_RUSSIA	4	const	TATAR_RUSSIA	0	
std.os.windows.SUBLANG.TELUGU_INDIA	4	const	TELUGU_INDIA	0	
std.os.windows.SUBLANG.THAI_THAILAND	4	const	THAI_THAILAND	0	
std.os.windows.SUBLANG.TIBETAN_PRC	4	const	TIBETAN_PRC	0	
std.os.windows.SUBLANG.TIGRIGNA_ERITREA	4	const	TIGRIGNA_ERITREA	0	
std.os.windows.SUBLANG.TIGRINYA_ERITREA	4	const	TIGRINYA_ERITREA	0	
std.os.windows.SUBLANG.TIGRINYA_ETHIOPIA	4	const	TIGRINYA_ETHIOPIA	0	
std.os.windows.SUBLANG.TSWANA_BOTSWANA	4	const	TSWANA_BOTSWANA	0	
std.os.windows.SUBLANG.TSWANA_SOUTH_AFRICA	4	const	TSWANA_SOUTH_AFRICA	0	
std.os.windows.SUBLANG.TURKISH_TURKEY	4	const	TURKISH_TURKEY	0	
std.os.windows.SUBLANG.TURKMEN_TURKMENISTAN	4	const	TURKMEN_TURKMENISTAN	0	
std.os.windows.SUBLANG.UIGHUR_PRC	4	const	UIGHUR_PRC	0	
std.os.windows.SUBLANG.UKRAINIAN_UKRAINE	4	const	UKRAINIAN_UKRAINE	0	
std.os.windows.SUBLANG.UPPER_SORBIAN_GERMANY	4	const	UPPER_SORBIAN_GERMANY	0	
std.os.windows.SUBLANG.URDU_PAKISTAN	4	const	URDU_PAKISTAN	0	
std.os.windows.SUBLANG.URDU_INDIA	4	const	URDU_INDIA	0	
std.os.windows.SUBLANG.UZBEK_LATIN	4	const	UZBEK_LATIN	0	
std.os.windows.SUBLANG.UZBEK_CYRILLIC	4	const	UZBEK_CYRILLIC	0	
std.os.windows.SUBLANG.VALENCIAN_VALENCIA	4	const	VALENCIAN_VALENCIA	0	
std.os.windows.SUBLANG.VIETNAMESE_VIETNAM	4	const	VIETNAMESE_VIETNAM	0	
std.os.windows.SUBLANG.WELSH_UNITED_KINGDOM	4	const	WELSH_UNITED_KINGDOM	0	
std.os.windows.SUBLANG.WOLOF_SENEGAL	4	const	WOLOF_SENEGAL	0	
std.os.windows.SUBLANG.XHOSA_SOUTH_AFRICA	4	const	XHOSA_SOUTH_AFRICA	0	
std.os.windows.SUBLANG.YAKUT_RUSSIA	4	const	YAKUT_RUSSIA	0	
std.os.windows.SUBLANG.YI_PRC	4	const	YI_PRC	0	
std.os.windows.SUBLANG.YORUBA_NIGERIA	4	const	YORUBA_NIGERIA	0	
std.os.windows.SUBLANG.ZULU_SOUTH_AFRICA	4	const	ZULU_SOUTH_AFRICA	0	
std.os.windows.BOOL	3	const	BOOL	0	
std.os.windows.BOOLEAN	3	const	BOOLEAN	0	
std.os.windows.BYTE	3	alias	BYTE	0	u8
std.os.windows.CHAR	3	alias	CHAR	0	u8
std.os.windows.UCHAR	3	alias	UCHAR	0	u8
std.os.windows.FLOAT	3	alias	FLOAT	0	f32
std.os.windows.HANDLE	3	const	HANDLE	0	
std.os.windows.HCRYPTPROV	3	alias	HCRYPTPROV	0	ULONG_PTR
std.os.windows.ATOM	3	alias	ATOM	0	u16
std.os.windows.HBRUSH	3	const	HBRUSH	0	
std.os.windows.HCURSOR	3	const	HCURSOR	0	
std.os.windows.HICON	3	const	HICON	0	
std.os.windows.HINSTANCE	3	const	HINSTANCE	0	
std.os.windows.HMENU	3	const	HMENU	0	
std.os.windows.HMODULE	3	const	HMODULE	0	
std.os.windows.HWND	3	const	HWND	0	
std.os.windows.HDC	3	const	HDC	0	
std.os.windows.HGLRC	3	const	HGLRC	0	
std.os.windows.FARPROC	3	const	FARPROC	0	
std.os.windows.PROC	3	const	PROC	0	
std.os.windows.INT	3	alias	INT	0	c_int
std.os.windows.LPCSTR	3	const	LPCSTR	0	
std.os.windows.LPCVOID	3	const	LPCVOID	0	
std.os.windows.LPSTR	3	const	LPSTR	0	
std.os.windows.LPVOID	3	const	LPVOID	0	
std.os.windows.LPWSTR	3	const	LPWSTR	0	
std.os.windows.LPCWSTR	3	const	LPCWSTR	0	
std.os.windows.PVOID	3	const	PVOID	0	
std.os.windows.PWSTR	3	const	PWSTR	0	
std.os.windows.PCWSTR	3	const	PCWSTR	0	
std.os.windows.BSTR	3	const	BSTR	0	
std.os.windows.SIZE_T	3	alias	SIZE_T	0	usize
std.os.windows.UINT	3	alias	UINT	0	c_uint
std.os.windows.ULONG_PTR	3	alias	ULONG_PTR	0	usize
std.os.windows.LONG_PTR	3	alias	LONG_PTR	0	isize
std.os.windows.DWORD_PTR	3	alias	DWORD_PTR	0	ULONG_PTR
std.os.windows.WCHAR	3	alias	WCHAR	0	u16
std.os.windows.WORD	3	alias	WORD	0	u16
std.os.windows.DWORD	3	alias	DWORD	0	u32
std.os.windows.DWORD64	3	alias	DWORD64	0	u64
std.os.windows.LARGE_INTEGER	3	alias	LARGE_INTEGER	0	i64
std.os.windows.ULARGE_INTEGER	3	alias	ULARGE_INTEGER	0	u64
std.os.windows.USHORT	3	alias	USHORT	0	u16
std.os.windows.SHORT	3	alias	SHORT	0	i16
std.os.windows.ULONG	3	alias	ULONG	0	u32
std.os.windows.LONG	3	alias	LONG	0	i32
std.os.windows.ULONG64	3	alias	ULONG64	0	u64
std.os.windows.ULONGLONG	3	alias	ULONGLONG	0	u64
std.os.windows.LONGLONG	3	alias	LONGLONG	0	i64
std.os.windows.LANGID	3	alias	LANGID	0	c_ushort
std.os.windows.COLORREF	3	alias	COLORREF	0	DWORD
std.os.windows.LPARAM	3	alias	LPARAM	0	LONG_PTR
std.os.windows.va_list	3	const	va_list	0	
std.os.windows.TCHAR	3	const	TCHAR	0	
std.os.windows.LPTSTR	3	const	LPTSTR	0	
std.os.windows.LPCTSTR	3	const	LPCTSTR	0	
std.os.windows.PTSTR	3	const	PTSTR	0	
std.os.windows.PCTSTR	3	const	PCTSTR	0	
std.os.windows.ANSI_STRING	3	const	ANSI_STRING	0	
std.os.windows.UNICODE_STRING	3	const	UNICODE_STRING	0	
std.os.windows.INVALID_HANDLE_VALUE	3	const	INVALID_HANDLE_VALUE	0	
std.os.windows.INVALID_FILE_ATTRIBUTES	3	const	INVALID_FILE_ATTRIBUTES	0	
std.os.windows.IO_STATUS_BLOCK	3	struct	IO_STATUS_BLOCK	0	
std.os.windows.MAX_PATH	3	const	MAX_PATH	0	
std.os.windows.SECURITY_ATTRIBUTES	3	struct	SECURITY_ATTRIBUTES	0	
std.os.windows.STARTUPINFOW	3	struct	STARTUPINFOW	0	
std.os.windows.STARTF_FORCEONFEEDBACK	3	const	STARTF_FORCEONFEEDBACK	0	
std.os.windows.STARTF_FORCEOFFFEEDBACK	3	const	STARTF_FORCEOFFFEEDBACK	0	
std.os.windows.STARTF_PREVENTPINNING	3	const	STARTF_PREVENTPINNING	0	
std.os.windows.STARTF_RUNFULLSCREEN	3	const	STARTF_RUNFULLSCREEN	0	
std.os.windows.STARTF_TITLEISAPPID	3	const	STARTF_TITLEISAPPID	0	
std.os.windows.STARTF_TITLEISLINKNAME	3	const	STARTF_TITLEISLINKNAME	0	
std.os.windows.STARTF_UNTRUSTEDSOURCE	3	const	STARTF_UNTRUSTEDSOURCE	0	
std.os.windows.STARTF_USECOUNTCHARS	3	const	STARTF_USECOUNTCHARS	0	
std.os.windows.STARTF_USEFILLATTRIBUTE	3	const	STARTF_USEFILLATTRIBUTE	0	
std.os.windows.STARTF_USEHOTKEY	3	const	STARTF_USEHOTKEY	0	
std.os.windows.STARTF_USEPOSITION	3	const	STARTF_USEPOSITION	0	
std.os.windows.STARTF_USESHOWWINDOW	3	const	STARTF_USESHOWWINDOW	0	
std.os.windows.STARTF_USESIZE	3	const	STARTF_USESIZE	0	
std.os.windows.STARTF_USESTDHANDLES	3	const	STARTF_USESTDHANDLES	0	
std.os.windows.THREAD_START_ROUTINE	3	const	THREAD_START_ROUTINE	0	
std.os.windows.USER_THREAD_START_ROUTINE	3	const	USER_THREAD_START_ROUTINE	0	
std.os.windows.FILETIME	3	struct	FILETIME	0	
std.os.windows.GUID	3	struct	GUID	3	
std.os.windows.GUID.parse	4	fn	parse	0	1
std.os.windows.GUID.parseNoBraces	4	fn	parseNoBraces	0	1
std.os.windows.GUID.format	4	fn	format	0	2
std.os.windows.COORD	3	struct	COORD	0	
std.os.windows.TLS_OUT_OF_INDEXES	3	const	TLS_OUT_OF_INDEXES	0	
std.os.windows.IMAGE_TLS_DIRECTORY	3	struct	IMAGE_TLS_DIRECTORY	0	
std.os.windows.IMAGE_TLS_DIRECTORY64	3	alias	IMAGE_TLS_DIRECTORY64	0	IMAGE_TLS_DIRECTORY
std.os.windows.IMAGE_TLS_DIRECTORY32	3	alias	IMAGE_TLS_DIRECTORY32	0	IMAGE_TLS_DIRECTORY
std.os.windows.PIMAGE_TLS_CALLBACK	3	const	PIMAGE_TLS_CALLBACK	0	
std.os.windows.REGSAM	3	alias	REGSAM	0	ACCESS_MASK
std.os.windows.LSTATUS	3	alias	LSTATUS	0	LONG
std.os.windows.HKEY	3	const	HKEY	0	
std.os.windows.HKEY_CLASSES_ROOT	3	const	HKEY_CLASSES_ROOT	0	
std.os.windows.HKEY_CURRENT_USER	3	const	HKEY_CURRENT_USER	0	
std.os.windows.HKEY_LOCAL_MACHINE	3	const	HKEY_LOCAL_MACHINE	0	
std.os.windows.HKEY_USERS	3	const	HKEY_USERS	0	
std.os.windows.HKEY_PERFORMANCE_DATA	3	const	HKEY_PERFORMANCE_DATA	0	
std.os.windows.HKEY_PERFORMANCE_TEXT	3	const	HKEY_PERFORMANCE_TEXT	0	
std.os.windows.HKEY_PERFORMANCE_NLSTEXT	3	const	HKEY_PERFORMANCE_NLSTEXT	0	
std.os.windows.HKEY_CURRENT_CONFIG	3	const	HKEY_CURRENT_CONFIG	0	
std.os.windows.HKEY_DYN_DATA	3	const	HKEY_DYN_DATA	0	
std.os.windows.HKEY_CURRENT_USER_LOCAL_SETTINGS	3	const	HKEY_CURRENT_USER_LOCAL_SETTINGS	0	
std.os.windows.RTL_QUERY_REGISTRY_TABLE	3	struct	RTL_QUERY_REGISTRY_TABLE	0	
std.os.windows.RTL_QUERY_REGISTRY_ROUTINE	3	const	RTL_QUERY_REGISTRY_ROUTINE	0	
std.os.windows.RTL_REGISTRY_ABSOLUTE	3	const	RTL_REGISTRY_ABSOLUTE	0	
std.os.windows.RTL_REGISTRY_SERVICES	3	const	RTL_REGISTRY_SERVICES	0	
std.os.windows.RTL_REGISTRY_CONTROL	3	const	RTL_REGISTRY_CONTROL	0	
std.os.windows.RTL_REGISTRY_WINDOWS_NT	3	const	RTL_REGISTRY_WINDOWS_NT	0	
std.os.windows.RTL_REGISTRY_DEVICEMAP	3	const	RTL_REGISTRY_DEVICEMAP	0	
std.os.windows.RTL_REGISTRY_USER	3	const	RTL_REGISTRY_USER	0	
std.os.windows.RTL_REGISTRY_MAXIMUM	3	const	RTL_REGISTRY_MAXIMUM	0	
std.os.windows.RTL_REGISTRY_HANDLE	3	const	RTL_REGISTRY_HANDLE	0	
std.os.windows.RTL_REGISTRY_OPTIONAL	3	const	RTL_REGISTRY_OPTIONAL	0	
std.os.windows.RTL_QUERY_REGISTRY_SUBKEY	3	const	RTL_QUERY_REGISTRY_SUBKEY	0	
std.os.windows.RTL_QUERY_REGISTRY_TOPKEY	3	const	RTL_QUERY_REGISTRY_TOPKEY	0	
std.os.windows.RTL_QUERY_REGISTRY_REQUIRED	3	const	RTL_QUERY_REGISTRY_REQUIRED	0	
std.os.windows.RTL_QUERY_REGISTRY_NOVALUE	3	const	RTL_QUERY_REGISTRY_NOVALUE	0	
std.os.windows.RTL_QUERY_REGISTRY_NOEXPAND	3	const	RTL_QUERY_REGISTRY_NOEXPAND	0	
std.os.windows.RTL_QUERY_REGISTRY_DIRECT	3	const	RTL_QUERY_REGISTRY_DIRECT	0	
std.os.windows.RTL_QUERY_REGISTRY_DELETE	3	const	RTL_QUERY_REGISTRY_DELETE	0	
std.os.windows.RTL_QUERY_REGISTRY_TYPECHECK	3	const	RTL_QUERY_REGISTRY_TYPECHECK	0	
std.os.windows.REG	3	struct	REG	3	
std.os.windows.REG.ValueType	4	enum	ValueType	2	
std.os.windows.REG.ValueType.DWORD_LITTLE_ENDIAN	5	const	DWORD_LITTLE_ENDIAN	0	
std.os.windows.REG.ValueType.QWORD_LITTLE_ENDIAN	5	const	QWORD_LITTLE_ENDIAN	0	
std.os.windows.REG.OpenOptions	4	struct	OpenOptions	0	
std.os.windows.REG.LoadOptions	4	struct	LoadOptions	0	
std.os.windows.KEY	3	struct	KEY	1	
std.os.windows.KEY.VALUE	4	struct	VALUE	2	
std.os.windows.KEY.VALUE.INFORMATION_CLASS	5	enum	INFORMATION_CLASS	1	
std.os.windows.KEY.VALUE.INFORMATION_CLASS.Max	6	const	Max	0	
std.os.windows.KEY.VALUE.PARTIAL_INFORMATION	5	struct	PARTIAL_INFORMATION	1	
std.os.windows.KEY.VALUE.PARTIAL_INFORMATION.data	6	fn	data	0	1
std.os.windows.ENABLE_VIRTUAL_TERMINAL_PROCESSING	3	const	ENABLE_VIRTUAL_TERMINAL_PROCESSING	0	
std.os.windows.DISABLE_NEWLINE_AUTO_RETURN	3	const	DISABLE_NEWLINE_AUTO_RETURN	0	
std.os.windows.FOREGROUND_BLUE	3	const	FOREGROUND_BLUE	0	
std.os.windows.FOREGROUND_GREEN	3	const	FOREGROUND_GREEN	0	
std.os.windows.FOREGROUND_RED	3	const	FOREGROUND_RED	0	
std.os.windows.FOREGROUND_INTENSITY	3	const	FOREGROUND_INTENSITY	0	
std.os.windows.BACKGROUND_BLUE	3	const	BACKGROUND_BLUE	0	
std.os.windows.BACKGROUND_GREEN	3	const	BACKGROUND_GREEN	0	
std.os.windows.BACKGROUND_RED	3	const	BACKGROUND_RED	0	
std.os.windows.BACKGROUND_INTENSITY	3	const	BACKGROUND_INTENSITY	0	
std.os.windows.LIST_ENTRY	3	struct	LIST_ENTRY	0	
std.os.windows.RTL_CRITICAL_SECTION_DEBUG	3	struct	RTL_CRITICAL_SECTION_DEBUG	0	
std.os.windows.RTL_CRITICAL_SECTION	3	struct	RTL_CRITICAL_SECTION	0	
std.os.windows.CRITICAL_SECTION	3	alias	CRITICAL_SECTION	0	RTL_CRITICAL_SECTION
std.os.windows.INIT_ONCE	3	alias	INIT_ONCE	0	RTL_RUN_ONCE
std.os.windows.INIT_ONCE_STATIC_INIT	3	alias	INIT_ONCE_STATIC_INIT	0	RTL_RUN_ONCE_INIT
std.os.windows.INIT_ONCE_FN	3	const	INIT_ONCE_FN	0	
std.os.windows.RTL_RUN_ONCE	3	struct	RTL_RUN_ONCE	0	
std.os.windows.RTL_RUN_ONCE_INIT	3	const	RTL_RUN_ONCE_INIT	0	
std.os.windows.PATH_MAX_WIDE	3	const	PATH_MAX_WIDE	0	
std.os.windows.NAME_MAX	3	const	NAME_MAX	0	
std.os.windows.EXCEPTION_DATATYPE_MISALIGNMENT	3	const	EXCEPTION_DATATYPE_MISALIGNMENT	0	
std.os.windows.EXCEPTION_ACCESS_VIOLATION	3	const	EXCEPTION_ACCESS_VIOLATION	0	
std.os.windows.EXCEPTION_ILLEGAL_INSTRUCTION	3	const	EXCEPTION_ILLEGAL_INSTRUCTION	0	
std.os.windows.EXCEPTION_STACK_OVERFLOW	3	const	EXCEPTION_STACK_OVERFLOW	0	
std.os.windows.EXCEPTION_CONTINUE_SEARCH	3	const	EXCEPTION_CONTINUE_SEARCH	0	
std.os.windows.EXCEPTION_RECORD	3	struct	EXCEPTION_RECORD	0	
std.os.windows.FLOATING_SAVE_AREA	3	const	FLOATING_SAVE_AREA	0	
std.os.windows.M128A	3	const	M128A	0	
std.os.windows.XMM_SAVE_AREA32	3	const	XMM_SAVE_AREA32	0	
std.os.windows.NEON128	3	const	NEON128	0	
std.os.windows.CONTEXT	3	const	CONTEXT	0	
std.os.windows.RUNTIME_FUNCTION	3	const	RUNTIME_FUNCTION	0	
std.os.windows.KNONVOLATILE_CONTEXT_POINTERS	3	const	KNONVOLATILE_CONTEXT_POINTERS	0	
std.os.windows.EXCEPTION_POINTERS	3	struct	EXCEPTION_POINTERS	0	
std.os.windows.VECTORED_EXCEPTION_HANDLER	3	const	VECTORED_EXCEPTION_HANDLER	0	
std.os.windows.EXCEPTION_DISPOSITION	3	alias	EXCEPTION_DISPOSITION	0	i32
std.os.windows.EXCEPTION_ROUTINE	3	const	EXCEPTION_ROUTINE	0	
std.os.windows.UNWIND_HISTORY_TABLE_SIZE	3	const	UNWIND_HISTORY_TABLE_SIZE	0	
std.os.windows.UNWIND_HISTORY_TABLE_ENTRY	3	struct	UNWIND_HISTORY_TABLE_ENTRY	0	
std.os.windows.UNWIND_HISTORY_TABLE	3	struct	UNWIND_HISTORY_TABLE	0	
std.os.windows.UNW_FLAG_NHANDLER	3	const	UNW_FLAG_NHANDLER	0	
std.os.windows.UNW_FLAG_EHANDLER	3	const	UNW_FLAG_EHANDLER	0	
std.os.windows.UNW_FLAG_UHANDLER	3	const	UNW_FLAG_UHANDLER	0	
std.os.windows.UNW_FLAG_CHAININFO	3	const	UNW_FLAG_CHAININFO	0	
std.os.windows.ACTIVATION_CONTEXT_DATA	3	opaque	ACTIVATION_CONTEXT_DATA	0	
std.os.windows.ASSEMBLY_STORAGE_MAP	3	opaque	ASSEMBLY_STORAGE_MAP	0	
std.os.windows.FLS_CALLBACK_INFO	3	opaque	FLS_CALLBACK_INFO	0	
std.os.windows.RTL_BITMAP	3	opaque	RTL_BITMAP	0	
std.os.windows.KAFFINITY	3	alias	KAFFINITY	0	usize
std.os.windows.KPRIORITY	3	alias	KPRIORITY	0	i32
std.os.windows.CLIENT_ID	3	struct	CLIENT_ID	0	
std.os.windows.TEB	3	struct	TEB	0	
std.os.windows.EXCEPTION_REGISTRATION_RECORD	3	struct	EXCEPTION_REGISTRATION_RECORD	0	
std.os.windows.NT_TIB	3	struct	NT_TIB	0	
std.os.windows.PEB	3	struct	PEB	0	
std.os.windows.PEB_LDR_DATA	3	struct	PEB_LDR_DATA	0	
std.os.windows.LDR	3	struct	LDR	5	
std.os.windows.LDR.DATA_TABLE_ENTRY	4	struct	DATA_TABLE_ENTRY	0	
std.os.windows.LDR.DLL_NOTIFICATION	4	struct	DLL_NOTIFICATION	5	
std.os.windows.LDR.DLL_NOTIFICATION.REASON	5	enum	REASON	0	
std.os.windows.LDR.DLL_NOTIFICATION.DATA	5	union	DATA	2	
std.os.windows.LDR.DLL_NOTIFICATION.DATA.LOADED	6	struct	LOADED	0	
std.os.windows.LDR.DLL_NOTIFICATION.DATA.UNLOADED	6	struct	UNLOADED	0	
std.os.windows.LDR.DLL_NOTIFICATION.COOKIE	5	const	COOKIE	0	
std.os.windows.LDR.DLL_NOTIFICATION.FUNCTION	5	const	FUNCTION	0	
std.os.windows.LDR.DLL_NOTIFICATION.REGISTER	5	struct	REGISTER	0	
std.os.windows.LDR.GET_DLL_HANDLE_EX	4	struct	GET_DLL_HANDLE_EX	0	
std.os.windows.LDR.GET_PROCEDURE_ADDRESS	4	struct	GET_PROCEDURE_ADDRESS	0	
std.os.windows.LDR.LOAD	4	struct	LOAD	0	
std.os.windows.RTL_USER_PROCESS_PARAMETERS	3	struct	RTL_USER_PROCESS_PARAMETERS	0	
std.os.windows.RTL_DRIVE_LETTER_CURDIR	3	struct	RTL_DRIVE_LETTER_CURDIR	0	
std.os.windows.PPS_POST_PROCESS_INIT_ROUTINE	3	const	PPS_POST_PROCESS_INIT_ROUTINE	0	
std.os.windows.FILE_DIRECTORY_INFORMATION	3	struct	FILE_DIRECTORY_INFORMATION	0	
std.os.windows.FILE_BOTH_DIR_INFORMATION	3	struct	FILE_BOTH_DIR_INFORMATION	0	
std.os.windows.FILE_BOTH_DIRECTORY_INFORMATION	3	alias	FILE_BOTH_DIRECTORY_INFORMATION	0	FILE_BOTH_DIR_INFORMATION
std.os.windows.FileInformationIterator	3	fn	FileInformationIterator	0	1
std.os.windows.IO_APC_ROUTINE	3	const	IO_APC_ROUTINE	0	
std.os.windows.CURDIR	3	struct	CURDIR	0	
std.os.windows.DUPLICATE_SAME_ACCESS	3	const	DUPLICATE_SAME_ACCESS	0	
std.os.windows.MODULEINFO	3	struct	MODULEINFO	0	
std.os.windows.OSVERSIONINFOW	3	struct	OSVERSIONINFOW	0	
std.os.windows.RTL_OSVERSIONINFOW	3	alias	RTL_OSVERSIONINFOW	0	OSVERSIONINFOW
std.os.windows.REPARSE_DATA_BUFFER	3	struct	REPARSE_DATA_BUFFER	0	
std.os.windows.SYMBOLIC_LINK_REPARSE_BUFFER	3	struct	SYMBOLIC_LINK_REPARSE_BUFFER	0	
std.os.windows.MOUNT_POINT_REPARSE_BUFFER	3	struct	MOUNT_POINT_REPARSE_BUFFER	0	
std.os.windows.SYMLINK_FLAG_RELATIVE	3	const	SYMLINK_FLAG_RELATIVE	0	
std.os.windows.SYMBOLIC_LINK_FLAG_DIRECTORY	3	const	SYMBOLIC_LINK_FLAG_DIRECTORY	0	
std.os.windows.SYMBOLIC_LINK_FLAG_ALLOW_UNPRIVILEGED_CREATE	3	const	SYMBOLIC_LINK_FLAG_ALLOW_UNPRIVILEGED_CREATE	0	
std.os.windows.MOUNTMGR_MOUNT_POINT	3	struct	MOUNTMGR_MOUNT_POINT	0	
std.os.windows.MOUNTMGR_MOUNT_POINTS	3	struct	MOUNTMGR_MOUNT_POINTS	0	
std.os.windows.MOUNTMGR_TARGET_NAME	3	struct	MOUNTMGR_TARGET_NAME	0	
std.os.windows.MOUNTMGR_VOLUME_PATHS	3	struct	MOUNTMGR_VOLUME_PATHS	0	
std.os.windows.SRWLOCK_INIT	3	const	SRWLOCK_INIT	0	
std.os.windows.SRWLOCK	3	struct	SRWLOCK	0	
std.os.windows.CONDITION_VARIABLE_INIT	3	const	CONDITION_VARIABLE_INIT	0	
std.os.windows.CONDITION_VARIABLE	3	struct	CONDITION_VARIABLE	0	
std.os.windows.PF	3	enum	PF	0	
std.os.windows.MAX_WOW64_SHARED_ENTRIES	3	const	MAX_WOW64_SHARED_ENTRIES	0	
std.os.windows.PROCESSOR_FEATURE_MAX	3	const	PROCESSOR_FEATURE_MAX	0	
std.os.windows.MAXIMUM_XSTATE_FEATURES	3	const	MAXIMUM_XSTATE_FEATURES	0	
std.os.windows.KSYSTEM_TIME	3	struct	KSYSTEM_TIME	0	
std.os.windows.NT_PRODUCT_TYPE	3	enum	NT_PRODUCT_TYPE	0	
std.os.windows.ALTERNATIVE_ARCHITECTURE_TYPE	3	enum	ALTERNATIVE_ARCHITECTURE_TYPE	0	
std.os.windows.XSTATE_FEATURE	3	struct	XSTATE_FEATURE	0	
std.os.windows.XSTATE_CONFIGURATION	3	struct	XSTATE_CONFIGURATION	0	
std.os.windows.KUSER_SHARED_DATA	3	struct	KUSER_SHARED_DATA	0	
std.os.windows.SharedUserData	3	const	SharedUserData	0	
std.os.windows.IsProcessorFeaturePresent	3	fn	IsProcessorFeaturePresent	0	1
std.os.windows.KERNEL_USER_TIMES	3	struct	KERNEL_USER_TIMES	0	
std.os.windows.wtf8ToWtf16Le	3	fn	wtf8ToWtf16Le	0	2
std.os.windows.getSystemDirectoryWtf16Le	3	fn	getSystemDirectoryWtf16Le	0	0
std.pdb	1	ns	pdb	34	pdb.zig
std.pdb.DbiStreamHeader	2	struct	DbiStreamHeader	0	
std.pdb.SectionContribEntry	2	struct	SectionContribEntry	0	
std.pdb.ModInfo	2	struct	ModInfo	0	
std.pdb.SectionMapHeader	2	struct	SectionMapHeader	0	
std.pdb.SectionMapEntry	2	struct	SectionMapEntry	0	
std.pdb.StreamType	2	enum	StreamType	0	
std.pdb.SymbolKind	2	enum	SymbolKind	0	
std.pdb.TypeIndex	2	alias	TypeIndex	0	u32
std.pdb.ProcSym	2	struct	ProcSym	0	
std.pdb.ProcSymFlags	2	struct	ProcSymFlags	0	
std.pdb.SectionContrSubstreamVersion	2	enum	SectionContrSubstreamVersion	0	
std.pdb.RecordPrefix	2	struct	RecordPrefix	0	
std.pdb.LineFragmentHeader	2	struct	LineFragmentHeader	0	
std.pdb.LineFlags	2	struct	LineFlags	0	
std.pdb.LineBlockFragmentHeader	2	struct	LineBlockFragmentHeader	0	
std.pdb.LineNumberEntry	2	struct	LineNumberEntry	1	
std.pdb.LineNumberEntry.Flags	3	struct	Flags	0	
std.pdb.ColumnNumberEntry	2	struct	ColumnNumberEntry	0	
std.pdb.FileChecksumEntryHeader	2	struct	FileChecksumEntryHeader	0	
std.pdb.DebugSubsectionKind	2	enum	DebugSubsectionKind	0	
std.pdb.DebugSubsectionHeader	2	struct	DebugSubsectionHeader	0	
std.pdb.StringTableHeader	2	struct	StringTableHeader	0	
std.pdb.SuperBlock	2	struct	SuperBlock	1	
std.pdb.SuperBlock.expect_magic	3	const	expect_magic	0	
std.pdb.IpiStreamVersion	2	enum	IpiStreamVersion	0	
std.pdb.IpiStreamHeader	2	struct	IpiStreamHeader	0	
std.pdb.LfRecordPrefix	2	struct	LfRecordPrefix	0	
std.pdb.LfRecordKind	2	enum	LfRecordKind	0	
std.pdb.LfFuncId	2	struct	LfFuncId	0	
std.pdb.LfMFuncId	2	struct	LfMFuncId	0	
std.pdb.InlineSiteSym	2	struct	InlineSiteSym	0	
std.pdb.InlineSiteSym2	2	struct	InlineSiteSym2	0	
std.pdb.InlineeSourceLineSignature	2	enum	InlineeSourceLineSignature	0	
std.pdb.InlineeSourceLine	2	struct	InlineeSourceLine	0	
std.pdb.InlineeSourceLineEx	2	struct	InlineeSourceLineEx	0	
std.pdb.BinaryAnnotationOpcode	2	enum	BinaryAnnotationOpcode	0	
std.pie	1	ns	pie	1	pie.zig
std.pie.relocate	2	fn	relocate	0	1
std.posix	1	ns	posix	229	posix.zig
std.posix.system	2	const	system	0	
std.posix.AF	2	alias	AF	0	system.AF
std.posix.AF_SUN	2	alias	AF_SUN	0	system.AF_SUN
std.posix.AI	2	alias	AI	0	system.AI
std.posix.ARCH	2	alias	ARCH	0	system.ARCH
std.posix.AT	2	alias	AT	0	system.AT
std.posix.AT_SUN	2	alias	AT_SUN	0	system.AT_SUN
std.posix.CLOCK	2	alias	CLOCK	0	system.CLOCK
std.posix.CPU_COUNT	2	alias	CPU_COUNT	0	system.CPU_COUNT
std.posix.CTL	2	alias	CTL	0	system.CTL
std.posix.DT	2	alias	DT	0	system.DT
std.posix.E	2	alias	E	0	system.E
std.posix.Elf_Symndx	2	alias	Elf_Symndx	0	system.Elf_Symndx
std.posix.F	2	alias	F	0	system.F
std.posix.FD_CLOEXEC	2	alias	FD_CLOEXEC	0	system.FD_CLOEXEC
std.posix.Flock	2	alias	Flock	0	system.Flock
std.posix.HOST_NAME_MAX	2	alias	HOST_NAME_MAX	0	system.HOST_NAME_MAX
std.posix.HW	2	alias	HW	0	system.HW
std.posix.IFNAMESIZE	2	alias	IFNAMESIZE	0	system.IFNAMESIZE
std.posix.IOV_MAX	2	alias	IOV_MAX	0	system.IOV_MAX
std.posix.IP	2	alias	IP	0	system.IP
std.posix.IPV6	2	alias	IPV6	0	system.IPV6
std.posix.IPPROTO	2	alias	IPPROTO	0	system.IPPROTO
std.posix.IPTOS	2	alias	IPTOS	0	system.IPTOS
std.posix.KERN	2	alias	KERN	0	system.KERN
std.posix.Kevent	2	alias	Kevent	0	system.Kevent
std.posix.MADV	2	alias	MADV	0	system.MADV
std.posix.MAP	2	alias	MAP	0	system.MAP
std.posix.MAX_ADDR_LEN	2	alias	MAX_ADDR_LEN	0	system.MAX_ADDR_LEN
std.posix.MCL	2	alias	MCL	0	system.MCL
std.posix.MFD	2	alias	MFD	0	system.MFD
std.posix.MLOCK	2	alias	MLOCK	0	system.MLOCK
std.posix.MREMAP	2	alias	MREMAP	0	system.MREMAP
std.posix.MSF	2	alias	MSF	0	system.MSF
std.posix.MSG	2	alias	MSG	0	system.MSG
std.posix.NAME_MAX	2	alias	NAME_MAX	0	system.NAME_MAX
std.posix.NSIG	2	alias	NSIG	0	system.NSIG
std.posix.O	2	alias	O	0	system.O
std.posix.PATH_MAX	2	alias	PATH_MAX	0	system.PATH_MAX
std.posix.POLL	2	alias	POLL	0	system.POLL
std.posix.POSIX_FADV	2	alias	POSIX_FADV	0	system.POSIX_FADV
std.posix.PR	2	alias	PR	0	system.PR
std.posix.PROT	2	alias	PROT	0	system.PROT
std.posix.RLIM	2	alias	RLIM	0	system.RLIM
std.posix.S	2	alias	S	0	system.S
std.posix.SA	2	alias	SA	0	system.SA
std.posix.SC	2	alias	SC	0	system.SC
std.posix.SCM	2	alias	SCM	0	system.SCM
std.posix.SEEK	2	alias	SEEK	0	system.SEEK
std.posix.SHUT	2	alias	SHUT	0	system.SHUT
std.posix.SIG	2	alias	SIG	0	system.SIG
std.posix.SIOCGIFINDEX	2	alias	SIOCGIFINDEX	0	system.SIOCGIFINDEX
std.posix.SO	2	alias	SO	0	system.SO
std.posix.SOCK	2	alias	SOCK	0	system.SOCK
std.posix.SOL	2	alias	SOL	0	system.SOL
std.posix.IFF	2	alias	IFF	0	system.IFF
std.posix.STDERR_FILENO	2	alias	STDERR_FILENO	0	system.STDERR_FILENO
std.posix.STDIN_FILENO	2	alias	STDIN_FILENO	0	system.STDIN_FILENO
std.posix.STDOUT_FILENO	2	alias	STDOUT_FILENO	0	system.STDOUT_FILENO
std.posix.SYS	2	alias	SYS	0	system.SYS
std.posix.Sigaction	2	alias	Sigaction	0	system.Sigaction
std.posix.Stat	2	const	Stat	0	
std.posix.T	2	alias	T	0	system.T
std.posix.TCP	2	alias	TCP	0	system.TCP
std.posix.VDSO	2	alias	VDSO	0	system.VDSO
std.posix.W	2	alias	W	0	system.W
std.posix._SC	2	alias	_SC	0	system._SC
std.posix.addrinfo	2	alias	addrinfo	0	system.addrinfo
std.posix.blkcnt_t	2	alias	blkcnt_t	0	system.blkcnt_t
std.posix.blksize_t	2	alias	blksize_t	0	system.blksize_t
std.posix.clock_t	2	alias	clock_t	0	system.clock_t
std.posix.clockid_t	2	alias	clockid_t	0	system.clockid_t
std.posix.timerfd_clockid_t	2	alias	timerfd_clockid_t	0	system.timerfd_clockid_t
std.posix.cpu_set_t	2	alias	cpu_set_t	0	system.cpu_set_t
std.posix.dev_t	2	alias	dev_t	0	system.dev_t
std.posix.dl_phdr_info	2	alias	dl_phdr_info	0	system.dl_phdr_info
std.posix.fd_t	2	alias	fd_t	0	system.fd_t
std.posix.file_obj	2	alias	file_obj	0	system.file_obj
std.posix.gid_t	2	alias	gid_t	0	system.gid_t
std.posix.ifreq	2	alias	ifreq	0	system.ifreq
std.posix.in_pktinfo	2	alias	in_pktinfo	0	system.in_pktinfo
std.posix.in6_pktinfo	2	alias	in6_pktinfo	0	system.in6_pktinfo
std.posix.ino_t	2	alias	ino_t	0	system.ino_t
std.posix.linger	2	alias	linger	0	system.linger
std.posix.mode_t	2	alias	mode_t	0	system.mode_t
std.posix.msghdr	2	alias	msghdr	0	system.msghdr
std.posix.msghdr_const	2	alias	msghdr_const	0	system.msghdr_const
std.posix.nfds_t	2	alias	nfds_t	0	system.nfds_t
std.posix.nlink_t	2	alias	nlink_t	0	system.nlink_t
std.posix.off_t	2	alias	off_t	0	system.off_t
std.posix.pid_t	2	alias	pid_t	0	system.pid_t
std.posix.pollfd	2	alias	pollfd	0	system.pollfd
std.posix.port_event	2	alias	port_event	0	system.port_event
std.posix.port_notify	2	alias	port_notify	0	system.port_notify
std.posix.port_t	2	alias	port_t	0	system.port_t
std.posix.rlim_t	2	alias	rlim_t	0	system.rlim_t
std.posix.rlimit	2	alias	rlimit	0	system.rlimit
std.posix.rlimit_resource	2	alias	rlimit_resource	0	system.rlimit_resource
std.posix.rusage	2	alias	rusage	0	system.rusage
std.posix.sa_family_t	2	alias	sa_family_t	0	system.sa_family_t
std.posix.siginfo_t	2	alias	siginfo_t	0	system.siginfo_t
std.posix.sigset_t	2	alias	sigset_t	0	system.sigset_t
std.posix.sigrtmin	2	alias	sigrtmin	0	system.sigrtmin
std.posix.sigrtmax	2	alias	sigrtmax	0	system.sigrtmax
std.posix.sockaddr	2	alias	sockaddr	0	system.sockaddr
std.posix.socklen_t	2	alias	socklen_t	0	system.socklen_t
std.posix.stack_t	2	alias	stack_t	0	system.stack_t
std.posix.time_t	2	alias	time_t	0	system.time_t
std.posix.timespec	2	alias	timespec	0	system.timespec
std.posix.timestamp_t	2	alias	timestamp_t	0	system.timestamp_t
std.posix.timeval	2	alias	timeval	0	system.timeval
std.posix.timezone	2	alias	timezone	0	system.timezone
std.posix.UTIME	2	alias	UTIME	0	system.UTIME
std.posix.uid_t	2	alias	uid_t	0	system.uid_t
std.posix.user_desc	2	alias	user_desc	0	system.user_desc
std.posix.utsname	2	alias	utsname	0	system.utsname
std.posix.termios	2	alias	termios	0	system.termios
std.posix.CSIZE	2	alias	CSIZE	0	system.CSIZE
std.posix.NCCS	2	alias	NCCS	0	system.NCCS
std.posix.cc_t	2	alias	cc_t	0	system.cc_t
std.posix.V	2	alias	V	0	system.V
std.posix.speed_t	2	alias	speed_t	0	system.speed_t
std.posix.tc_iflag_t	2	alias	tc_iflag_t	0	system.tc_iflag_t
std.posix.tc_oflag_t	2	alias	tc_oflag_t	0	system.tc_oflag_t
std.posix.tc_cflag_t	2	alias	tc_cflag_t	0	system.tc_cflag_t
std.posix.tc_lflag_t	2	alias	tc_lflag_t	0	system.tc_lflag_t
std.posix.F_OK	2	alias	F_OK	0	system.F_OK
std.posix.R_OK	2	alias	R_OK	0	system.R_OK
std.posix.W_OK	2	alias	W_OK	0	system.W_OK
std.posix.X_OK	2	alias	X_OK	0	system.X_OK
std.posix.iovec	2	struct	iovec	0	
std.posix.iovec_const	2	struct	iovec_const	0	
std.posix.ACCMODE	2	const	ACCMODE	0	
std.posix.TCSA	2	enum	TCSA	0	
std.posix.winsize	2	struct	winsize	0	
std.posix.LOCK	2	struct	LOCK	4	
std.posix.LOCK.SH	3	const	SH	0	
std.posix.LOCK.EX	3	const	EX	0	
std.posix.LOCK.NB	3	const	NB	0	
std.posix.LOCK.UN	3	const	UN	0	
std.posix.LOG	2	struct	LOG	8	
std.posix.LOG.EMERG	3	const	EMERG	0	
std.posix.LOG.ALERT	3	const	ALERT	0	
std.posix.LOG.CRIT	3	const	CRIT	0	
std.posix.LOG.ERR	3	const	ERR	0	
std.posix.LOG.WARNING	3	const	WARNING	0	
std.posix.LOG.NOTICE	3	const	NOTICE	0	
std.posix.LOG.INFO	3	const	INFO	0	
std.posix.LOG.DEBUG	3	const	DEBUG	0	
std.posix.socket_t	2	alias	socket_t	0	fd_t
std.posix.errno	2	alias	errno	0	system.errno
std.posix.RebootError	2	const	RebootError	0	
std.posix.RebootCommand	2	const	RebootCommand	0	
std.posix.reboot	2	fn	reboot	0	1
std.posix.RaiseError	2	alias	RaiseError	0	UnexpectedError
std.posix.raise	2	fn	raise	0	1
std.posix.KillError	2	const	KillError	0	
std.posix.kill	2	fn	kill	0	2
std.posix.ReadError	2	alias	ReadError	0	std.Io.File.Reader.Error
std.posix.read	2	fn	read	0	2
std.posix.OpenError	2	const	OpenError	0	
std.posix.openat	2	fn	openat	0	4
std.posix.openatZ	2	fn	openatZ	0	4
std.posix.getppid	2	fn	getppid	0	0
std.posix.GetSockNameError	2	const	GetSockNameError	0	
std.posix.getpeername	2	fn	getpeername	0	3
std.posix.FanotifyInitError	2	const	FanotifyInitError	0	
std.posix.fanotify_init	2	fn	fanotify_init	0	2
std.posix.FanotifyMarkError	2	const	FanotifyMarkError	0	
std.posix.fanotify_mark	2	fn	fanotify_mark	0	5
std.posix.fanotify_markZ	2	fn	fanotify_markZ	0	5
std.posix.MMapError	2	const	MMapError	0	
std.posix.mmap	2	fn	mmap	0	6
std.posix.munmap	2	fn	munmap	0	1
std.posix.MRemapError	2	const	MRemapError	0	
std.posix.mremap	2	fn	mremap	0	5
std.posix.MSyncError	2	const	MSyncError	0	
std.posix.msync	2	fn	msync	0	2
std.posix.SysCtlError	2	const	SysCtlError	0	
std.posix.sysctl	2	fn	sysctl	0	5
std.posix.getSelfPhdrs	2	fn	getSelfPhdrs	0	0
std.posix.dl_iterate_phdr	2	fn	dl_iterate_phdr	0	3
std.posix.SchedGetAffinityError	2	const	SchedGetAffinityError	0	
std.posix.sched_getaffinity	2	fn	sched_getaffinity	0	1
std.posix.SigaltstackError	2	const	SigaltstackError	0	
std.posix.sigaltstack	2	fn	sigaltstack	0	2
std.posix.sigfillset	2	fn	sigfillset	0	0
std.posix.sigemptyset	2	fn	sigemptyset	0	0
std.posix.sigaddset	2	fn	sigaddset	0	2
std.posix.sigdelset	2	fn	sigdelset	0	2
std.posix.sigismember	2	fn	sigismember	0	2
std.posix.sigaction	2	fn	sigaction	0	3
std.posix.sigprocmask	2	fn	sigprocmask	0	3
std.posix.GetHostNameError	2	const	GetHostNameError	0	
std.posix.gethostname	2	fn	gethostname	0	1
std.posix.uname	2	fn	uname	0	0
std.posix.PollError	2	const	PollError	0	
std.posix.poll	2	fn	poll	0	2
std.posix.PPollError	2	const	PPollError	0	
std.posix.ppoll	2	fn	ppoll	0	3
std.posix.SetSockOptError	2	const	SetSockOptError	0	
std.posix.setsockopt	2	fn	setsockopt	0	4
std.posix.MemFdCreateError	2	const	MemFdCreateError	0	
std.posix.memfd_createZ	2	fn	memfd_createZ	0	2
std.posix.memfd_create	2	fn	memfd_create	0	2
std.posix.getrusage	2	fn	getrusage	0	1
std.posix.TIOCError	2	const	TIOCError	0	
std.posix.TermiosGetError	2	const	TermiosGetError	0	
std.posix.tcgetattr	2	fn	tcgetattr	0	1
std.posix.TermiosSetError	2	const	TermiosSetError	0	
std.posix.tcsetattr	2	fn	tcsetattr	0	3
std.posix.TermioGetPgrpError	2	const	TermioGetPgrpError	0	
std.posix.tcgetpgrp	2	fn	tcgetpgrp	0	1
std.posix.TermioSetPgrpError	2	const	TermioSetPgrpError	0	
std.posix.tcsetpgrp	2	fn	tcsetpgrp	0	2
std.posix.signalfd	2	fn	signalfd	0	3
std.posix.SyncError	2	alias	SyncError	0	std.Io.File.SyncError
std.posix.sync	2	fn	sync	0	0
std.posix.syncfs	2	fn	syncfs	0	1
std.posix.fdatasync	2	fn	fdatasync	0	1
std.posix.PrctlError	2	const	PrctlError	0	
std.posix.prctl	2	fn	prctl	0	2
std.posix.GetrlimitError	2	alias	GetrlimitError	0	UnexpectedError
std.posix.getrlimit	2	fn	getrlimit	0	1
std.posix.SetrlimitError	2	const	SetrlimitError	0	
std.posix.setrlimit	2	fn	setrlimit	0	2
std.posix.MincoreError	2	const	MincoreError	0	
std.posix.mincore	2	fn	mincore	0	3
std.posix.MadviseError	2	const	MadviseError	0	
std.posix.madvise	2	fn	madvise	0	3
std.posix.PerfEventOpenError	2	const	PerfEventOpenError	0	
std.posix.perf_event_open	2	fn	perf_event_open	0	5
std.posix.PtraceError	2	const	PtraceError	0	
std.posix.ptrace	2	fn	ptrace	0	4
std.posix.NameToFileHandleAtError	2	const	NameToFileHandleAtError	0	
std.posix.name_to_handle_at	2	fn	name_to_handle_at	0	5
std.posix.name_to_handle_atZ	2	fn	name_to_handle_atZ	0	5
std.posix.lfs64_abi	2	const	lfs64_abi	0	
std.posix.UnexpectedError	2	alias	UnexpectedError	0	std.Io.UnexpectedError
std.posix.unexpectedErrno	2	fn	unexpectedErrno	0	1
std.posix.toPosixPath	2	fn	toPosixPath	0	1
std.process	1	ns	process	60	process.zig
std.process.Child	2	ns	Child	7	process/Child.zig
std.process.Child.Id	3	const	Id	0	
std.process.Child.ResourceUsageStatistics	3	struct	ResourceUsageStatistics	1	
std.process.Child.ResourceUsageStatistics.getMaxRss	4	fn	getMaxRss	0	1
std.process.Child.Term	3	union	Term	0	
std.process.Child.Cwd	3	union	Cwd	0	
std.process.Child.kill	3	fn	kill	0	2
std.process.Child.WaitError	3	const	WaitError	0	
std.process.Child.wait	3	fn	wait	0	2
std.process.Args	2	ns	Args	8	process/Args.zig
std.process.Args.Vector	3	const	Vector	0	
std.process.Args.Iterator	3	struct	Iterator	9	
std.process.Args.Iterator.init	4	fn	init	0	1
std.process.Args.Iterator.InitError	4	alias	InitError	0	Inner.InitError
std.process.Args.Iterator.initAllocator	4	fn	initAllocator	0	2
std.process.Args.Iterator.next	4	fn	next	0	1
std.process.Args.Iterator.skip	4	fn	skip	0	1
std.process.Args.Iterator.deinit	4	fn	deinit	0	1
std.process.Args.Iterator.Windows	4	struct	Windows	5	
std.process.Args.Iterator.Windows.InitError	5	const	InitError	0	
std.process.Args.Iterator.Windows.init	5	fn	init	0	2
std.process.Args.Iterator.Windows.next	5	fn	next	0	1
std.process.Args.Iterator.Windows.skip	5	fn	skip	0	1
std.process.Args.Iterator.Windows.deinit	5	fn	deinit	0	1
std.process.Args.Iterator.Posix	4	struct	Posix	4	
std.process.Args.Iterator.Posix.InitError	5	const	InitError	0	
std.process.Args.Iterator.Posix.init	5	fn	init	0	1
std.process.Args.Iterator.Posix.next	5	fn	next	0	1
std.process.Args.Iterator.Posix.skip	5	fn	skip	0	1
std.process.Args.Iterator.Wasi	4	struct	Wasi	5	
std.process.Args.Iterator.Wasi.InitError	5	const	InitError	0	
std.process.Args.Iterator.Wasi.init	5	fn	init	0	1
std.process.Args.Iterator.Wasi.next	5	fn	next	0	1
std.process.Args.Iterator.Wasi.skip	5	fn	skip	0	1
std.process.Args.Iterator.Wasi.deinit	5	fn	deinit	0	1
std.process.Args.iterate	3	fn	iterate	0	1
std.process.Args.iterateAllocator	3	fn	iterateAllocator	0	2
std.process.Args.ToSliceError	3	const	ToSliceError	0	
std.process.Args.toSlice	3	fn	toSlice	0	2
std.process.Args.IteratorGeneralOptions	3	struct	IteratorGeneralOptions	0	
std.process.Args.IteratorGeneral	3	fn	IteratorGeneral	0	1
std.process.Environ	2	ns	Environ	21	process/Environ.zig
std.process.Environ.empty	3	const	empty	0	
std.process.Environ.Block	3	const	Block	0	
std.process.Environ.GlobalBlock	3	struct	GlobalBlock	4	
std.process.Environ.GlobalBlock.empty	4	const	empty	0	
std.process.Environ.GlobalBlock.global	4	const	global	0	
std.process.Environ.GlobalBlock.deinit	4	fn	deinit	0	2
std.process.Environ.GlobalBlock.isEmpty	4	fn	isEmpty	0	1
std.process.Environ.PosixBlock	3	struct	PosixBlock	5	
std.process.Environ.PosixBlock.empty	4	const	empty	0	
std.process.Environ.PosixBlock.deinit	4	fn	deinit	0	2
std.process.Environ.PosixBlock.isEmpty	4	fn	isEmpty	0	1
std.process.Environ.PosixBlock.View	4	struct	View	1	
std.process.Environ.PosixBlock.View.isEmpty	5	fn	isEmpty	0	1
std.process.Environ.PosixBlock.view	4	fn	view	0	1
std.process.Environ.WindowsBlock	3	struct	WindowsBlock	5	
std.process.Environ.WindowsBlock.empty	4	const	empty	0	
std.process.Environ.WindowsBlock.deinit	4	fn	deinit	0	2
std.process.Environ.WindowsBlock.isEmpty	4	fn	isEmpty	0	1
std.process.Environ.WindowsBlock.View	4	struct	View	1	
std.process.Environ.WindowsBlock.View.isEmpty	5	fn	isEmpty	0	1
std.process.Environ.WindowsBlock.view	4	fn	view	0	1
std.process.Environ.Map	3	struct	Map	22	
std.process.Environ.Map.Size	4	alias	Size	0	usize
std.process.Environ.Map.EnvNameHashContext	4	struct	EnvNameHashContext	2	
std.process.Environ.Map.EnvNameHashContext.hash	5	fn	hash	0	2
std.process.Environ.Map.EnvNameHashContext.eql	5	fn	eql	0	4
std.process.Environ.Map.validateKeyForPut	4	fn	validateKeyForPut	0	1
std.process.Environ.Map.validateKeyForFetch	4	fn	validateKeyForFetch	0	1
std.process.Environ.Map.init	4	fn	init	0	1
std.process.Environ.Map.deinit	4	fn	deinit	0	1
std.process.Environ.Map.keys	4	fn	keys	0	1
std.process.Environ.Map.values	4	fn	values	0	1
std.process.Environ.Map.putPosixBlock	4	fn	putPosixBlock	0	2
std.process.Environ.Map.putWindowsBlock	4	fn	putWindowsBlock	0	2
std.process.Environ.Map.putMove	4	fn	putMove	0	3
std.process.Environ.Map.put	4	fn	put	0	3
std.process.Environ.Map.getPtr	4	fn	getPtr	0	2
std.process.Environ.Map.get	4	fn	get	0	2
std.process.Environ.Map.contains	4	fn	contains	0	2
std.process.Environ.Map.swapRemove	4	fn	swapRemove	0	2
std.process.Environ.Map.orderedRemove	4	fn	orderedRemove	0	2
std.process.Environ.Map.count	4	fn	count	0	1
std.process.Environ.Map.iterator	4	fn	iterator	0	1
std.process.Environ.Map.clone	4	fn	clone	0	2
std.process.Environ.Map.createPosixBlock	4	fn	createPosixBlock	0	3
std.process.Environ.Map.createWindowsBlock	4	fn	createWindowsBlock	0	3
std.process.Environ.CreateMapError	3	const	CreateMapError	0	
std.process.Environ.createMap	3	fn	createMap	0	2
std.process.Environ.ContainsError	3	const	ContainsError	0	
std.process.Environ.contains	3	fn	contains	0	3
std.process.Environ.containsUnempty	3	fn	containsUnempty	0	3
std.process.Environ.containsConstant	3	fn	containsConstant	0	2
std.process.Environ.containsUnemptyConstant	3	fn	containsUnemptyConstant	0	2
std.process.Environ.getPosix	3	fn	getPosix	0	2
std.process.Environ.getWindows	3	fn	getWindows	0	2
std.process.Environ.GetAllocError	3	const	GetAllocError	0	
std.process.Environ.getAlloc	3	fn	getAlloc	0	3
std.process.Environ.CreatePosixBlockOptions	3	struct	CreatePosixBlockOptions	0	
std.process.Environ.createPosixBlock	3	fn	createPosixBlock	0	3
std.process.Environ.CreateWindowsBlockOptions	3	struct	CreateWindowsBlockOptions	0	
std.process.Environ.createWindowsBlock	3	fn	createWindowsBlock	0	3
std.process.Preopens	2	ns	Preopens	6	process/Preopens.zig
std.process.Preopens.empty	3	const	empty	0	
std.process.Preopens.Map	3	const	Map	0	
std.process.Preopens.Resource	3	union	Resource	0	
std.process.Preopens.get	3	fn	get	0	2
std.process.Preopens.InitError	3	const	InitError	0	
std.process.Preopens.init	3	fn	init	0	1
std.process.Init	2	struct	Init	1	
std.process.Init.Minimal	3	struct	Minimal	0	
std.process.CurrentPathError	2	const	CurrentPathError	0	
std.process.currentPath	2	fn	currentPath	0	2
std.process.CurrentPathAllocError	2	const	CurrentPathAllocError	0	
std.process.currentPathAlloc	2	fn	currentPathAlloc	0	2
std.process.UserInfo	2	struct	UserInfo	0	
std.process.getUserInfo	2	fn	getUserInfo	0	1
std.process.posixGetUserInfo	2	fn	posixGetUserInfo	0	2
std.process.getBaseAddress	2	fn	getBaseAddress	0	0
std.process.can_replace	2	const	can_replace	0	
std.process.can_spawn	2	const	can_spawn	0	
std.process.ReplaceError	2	const	ReplaceError	0	
std.process.ReplaceOptions	2	struct	ReplaceOptions	0	
std.process.replace	2	fn	replace	0	2
std.process.replacePath	2	fn	replacePath	0	3
std.process.ArgExpansion	2	enum	ArgExpansion	0	
std.process.WindowsExtension	2	enum	WindowsExtension	0	
std.process.SpawnError	2	const	SpawnError	0	
std.process.SpawnOptions	2	struct	SpawnOptions	1	
std.process.SpawnOptions.StdIo	3	union	StdIo	0	
std.process.spawn	2	fn	spawn	0	2
std.process.spawnPath	2	fn	spawnPath	0	3
std.process.RunError	2	const	RunError	0	
std.process.RunOptions	2	struct	RunOptions	0	
std.process.RunResult	2	struct	RunResult	0	
std.process.run	2	fn	run	0	3
std.process.TotalSystemMemoryError	2	const	TotalSystemMemoryError	0	
std.process.totalSystemMemory	2	fn	totalSystemMemory	0	0
std.process.cleanExit	2	fn	cleanExit	0	1
std.process.raiseFileDescriptorLimit	2	fn	raiseFileDescriptorLimit	0	0
std.process.fatal	2	fn	fatal	0	2
std.process.ExecutablePathBaseError	2	const	ExecutablePathBaseError	0	
std.process.ExecutablePathAllocError	2	const	ExecutablePathAllocError	0	
std.process.executablePathAlloc	2	fn	executablePathAlloc	0	2
std.process.ExecutablePathError	2	const	ExecutablePathError	0	
std.process.executablePath	2	fn	executablePath	0	2
std.process.executableDirPath	2	fn	executableDirPath	0	2
std.process.executableDirPathAlloc	2	fn	executableDirPathAlloc	0	2
std.process.OpenExecutableError	2	const	OpenExecutableError	0	
std.process.openExecutable	2	fn	openExecutable	0	2
std.process.abort	2	fn	abort	0	0
std.process.exit	2	fn	exit	0	1
std.process.SetCurrentDirError	2	const	SetCurrentDirError	0	
std.process.setCurrentDir	2	fn	setCurrentDir	0	2
std.process.SetCurrentPathError	2	const	SetCurrentPathError	0	
std.process.setCurrentPath	2	fn	setCurrentPath	0	2
std.process.LockMemoryError	2	const	LockMemoryError	0	
std.process.LockMemoryOptions	2	struct	LockMemoryOptions	0	
std.process.lockMemory	2	fn	lockMemory	0	2
std.process.UnlockMemoryError	2	const	UnlockMemoryError	0	
std.process.unlockMemory	2	fn	unlockMemory	0	1
std.process.LockMemoryAllOptions	2	struct	LockMemoryAllOptions	0	
std.process.lockMemoryAll	2	fn	lockMemoryAll	0	1
std.process.unlockMemoryAll	2	fn	unlockMemoryAll	0	0
std.process.ProtectMemoryError	2	const	ProtectMemoryError	0	
std.process.MemoryProtection	2	struct	MemoryProtection	0	
std.process.protectMemory	2	fn	protectMemory	0	2
std.sort	1	ns	sort	20	sort.zig
std.sort.Mode	2	enum	Mode	0	
std.sort.block	2	fn	block	0	4
std.sort.pdq	2	fn	pdq	0	4
std.sort.pdqContext	2	fn	pdqContext	0	3
std.sort.insertion	2	fn	insertion	0	4
std.sort.insertionContext	2	fn	insertionContext	0	3
std.sort.heap	2	fn	heap	0	4
std.sort.heapContext	2	fn	heapContext	0	3
std.sort.asc	2	fn	asc	0	1
std.sort.desc	2	fn	desc	0	1
std.sort.binarySearch	2	fn	binarySearch	0	4
std.sort.lowerBound	2	fn	lowerBound	0	4
std.sort.upperBound	2	fn	upperBound	0	4
std.sort.partitionPoint	2	fn	partitionPoint	0	4
std.sort.equalRange	2	fn	equalRange	0	4
std.sort.argMin	2	fn	argMin	0	4
std.sort.min	2	fn	min	0	4
std.sort.argMax	2	fn	argMax	0	4
std.sort.max	2	fn	max	0	4
std.sort.isSorted	2	fn	isSorted	0	4
std.simd	1	ns	simd	24	simd.zig
std.simd.suggestVectorLengthForCpu	2	fn	suggestVectorLengthForCpu	0	2
std.simd.suggestVectorLength	2	fn	suggestVectorLength	0	1
std.simd.VectorIndex	2	fn	VectorIndex	0	1
std.simd.VectorCount	2	fn	VectorCount	0	1
std.simd.iota	2	fn	iota	0	2
std.simd.repeat	2	fn	repeat	0	2
std.simd.join	2	fn	join	0	2
std.simd.interlace	2	fn	interlace	0	1
std.simd.deinterlace	2	fn	deinterlace	0	2
std.simd.extract	2	fn	extract	0	3
std.simd.mergeShift	2	fn	mergeShift	0	3
std.simd.shiftElementsRight	2	fn	shiftElementsRight	0	3
std.simd.shiftElementsLeft	2	fn	shiftElementsLeft	0	3
std.simd.rotateElementsLeft	2	fn	rotateElementsLeft	0	2
std.simd.rotateElementsRight	2	fn	rotateElementsRight	0	2
std.simd.reverseOrder	2	fn	reverseOrder	0	1
std.simd.firstTrue	2	fn	firstTrue	0	1
std.simd.lastTrue	2	fn	lastTrue	0	1
std.simd.countTrues	2	fn	countTrues	0	1
std.simd.firstIndexOfValue	2	fn	firstIndexOfValue	0	2
std.simd.lastIndexOfValue	2	fn	lastIndexOfValue	0	2
std.simd.countElementsWithValue	2	fn	countElementsWithValue	0	2
std.simd.prefixScanWithFunc	2	fn	prefixScanWithFunc	0	5
std.simd.prefixScan	2	fn	prefixScan	0	3
std.ascii	1	ns	ascii	38	ascii.zig
std.ascii.lowercase	2	const	lowercase	0	
std.ascii.uppercase	2	const	uppercase	0	
std.ascii.letters	2	const	letters	0	
std.ascii.control_code	2	struct	control_code	35	
std.ascii.control_code.nul	3	const	nul	0	
std.ascii.control_code.soh	3	const	soh	0	
std.ascii.control_code.stx	3	const	stx	0	
std.ascii.control_code.etx	3	const	etx	0	
std.ascii.control_code.eot	3	const	eot	0	
std.ascii.control_code.enq	3	const	enq	0	
std.ascii.control_code.ack	3	const	ack	0	
std.ascii.control_code.bel	3	const	bel	0	
std.ascii.control_code.bs	3	const	bs	0	
std.ascii.control_code.ht	3	const	ht	0	
std.ascii.control_code.lf	3	const	lf	0	
std.ascii.control_code.vt	3	const	vt	0	
std.ascii.control_code.ff	3	const	ff	0	
std.ascii.control_code.cr	3	const	cr	0	
std.ascii.control_code.so	3	const	so	0	
std.ascii.control_code.si	3	const	si	0	
std.ascii.control_code.dle	3	const	dle	0	
std.ascii.control_code.dc1	3	const	dc1	0	
std.ascii.control_code.dc2	3	const	dc2	0	
std.ascii.control_code.dc3	3	const	dc3	0	
std.ascii.control_code.dc4	3	const	dc4	0	
std.ascii.control_code.nak	3	const	nak	0	
std.ascii.control_code.syn	3	const	syn	0	
std.ascii.control_code.etb	3	const	etb	0	
std.ascii.control_code.can	3	const	can	0	
std.ascii.control_code.em	3	const	em	0	
std.ascii.control_code.sub	3	const	sub	0	
std.ascii.control_code.esc	3	const	esc	0	
std.ascii.control_code.fs	3	const	fs	0	
std.ascii.control_code.gs	3	const	gs	0	
std.ascii.control_code.rs	3	const	rs	0	
std.ascii.control_code.us	3	const	us	0	
std.ascii.control_code.del	3	const	del	0	
std.ascii.control_code.xon	3	alias	xon	0	dc1
std.ascii.control_code.xoff	3	alias	xoff	0	dc3
std.ascii.isAlphanumeric	2	fn	isAlphanumeric	0	1
std.ascii.isAlphabetic	2	fn	isAlphabetic	0	1
std.ascii.isControl	2	fn	isControl	0	1
std.ascii.isDigit	2	fn	isDigit	0	1
std.ascii.isLower	2	fn	isLower	0	1
std.ascii.isPrint	2	fn	isPrint	0	1
std.ascii.isGraphical	2	fn	isGraphical	0	1
std.ascii.isPunctuation	2	fn	isPunctuation	0	1
std.ascii.isWhitespace	2	fn	isWhitespace	0	1
std.ascii.whitespace	2	const	whitespace	0	
std.ascii.isUpper	2	fn	isUpper	0	1
std.ascii.isHex	2	fn	isHex	0	1
std.ascii.isAscii	2	fn	isAscii	0	1
std.ascii.toUpper	2	fn	toUpper	0	1
std.ascii.toLower	2	fn	toLower	0	1
std.ascii.lowerString	2	fn	lowerString	0	2
std.ascii.allocLowerString	2	fn	allocLowerString	0	2
std.ascii.upperString	2	fn	upperString	0	2
std.ascii.allocUpperString	2	fn	allocUpperString	0	2
std.ascii.eqlIgnoreCase	2	fn	eqlIgnoreCase	0	2
std.ascii.startsWithIgnoreCase	2	fn	startsWithIgnoreCase	0	2
std.ascii.endsWithIgnoreCase	2	fn	endsWithIgnoreCase	0	2
std.ascii.indexOfIgnoreCase	2	alias	indexOfIgnoreCase	0	findIgnoreCase
std.ascii.findIgnoreCase	2	fn	findIgnoreCase	0	2
std.ascii.indexOfIgnoreCasePos	2	alias	indexOfIgnoreCasePos	0	findIgnoreCasePos
std.ascii.findIgnoreCasePos	2	fn	findIgnoreCasePos	0	3
std.ascii.indexOfIgnoreCasePosLinear	2	alias	indexOfIgnoreCasePosLinear	0	findIgnoreCasePosLinear
std.ascii.findIgnoreCasePosLinear	2	fn	findIgnoreCasePosLinear	0	3
std.ascii.orderIgnoreCase	2	fn	orderIgnoreCase	0	2
std.ascii.orderIgnoreCaseZ	2	fn	orderIgnoreCaseZ	0	2
std.ascii.boundedOrderIgnoreCaseZ	2	fn	boundedOrderIgnoreCaseZ	0	3
std.ascii.lessThanIgnoreCase	2	fn	lessThanIgnoreCase	0	2
std.ascii.HexEscape	2	struct	HexEscape	3	
std.ascii.HexEscape.upper_charset	3	const	upper_charset	0	
std.ascii.HexEscape.lower_charset	3	const	lower_charset	0	
std.ascii.HexEscape.format	3	fn	format	0	2
std.ascii.hexEscape	2	fn	hexEscape	0	2
std.tar	1	ns	tar	9	tar.zig
std.tar.Writer	2	ns	Writer	12	tar/Writer.zig
std.tar.Writer.Options	3	struct	Options	0	
std.tar.Writer.setRoot	3	fn	setRoot	0	2
std.tar.Writer.writeDir	3	fn	writeDir	0	3
std.tar.Writer.WriteFileError	3	const	WriteFileError	0	
std.tar.Writer.writeFileTimestamp	3	fn	writeFileTimestamp	0	4
std.tar.Writer.writeFile	3	fn	writeFile	0	4
std.tar.Writer.WriteFileStreamError	3	const	WriteFileStreamError	0	
std.tar.Writer.writeFileStream	3	fn	writeFileStream	0	5
std.tar.Writer.writeFileBytes	3	fn	writeFileBytes	0	4
std.tar.Writer.writeLink	3	fn	writeLink	0	4
std.tar.Writer.finishPedantically	3	fn	finishPedantically	0	1
std.tar.Writer.Header	3	struct	Header	9	
std.tar.Writer.Header.FileType	4	enum	FileType	0	
std.tar.Writer.Header.init	4	fn	init	0	1
std.tar.Writer.Header.setSize	4	fn	setSize	0	2
std.tar.Writer.Header.setMode	4	fn	setMode	0	2
std.tar.Writer.Header.setMtime	4	fn	setMtime	0	2
std.tar.Writer.Header.updateChecksum	4	fn	updateChecksum	0	1
std.tar.Writer.Header.write	4	fn	write	0	2
std.tar.Writer.Header.setLinkname	4	fn	setLinkname	0	2
std.tar.Writer.Header.setPath	4	fn	setPath	0	3
std.tar.Diagnostics	2	struct	Diagnostics	2	
std.tar.Diagnostics.Error	3	union	Error	0	
std.tar.Diagnostics.deinit	3	fn	deinit	0	1
std.tar.PipeOptions	2	alias	PipeOptions	0	ExtractOptions
std.tar.ExtractOptions	2	struct	ExtractOptions	1	
std.tar.ExtractOptions.ModeMode	3	enum	ModeMode	0	
std.tar.FileKind	2	enum	FileKind	0	
std.tar.Iterator	2	struct	Iterator	5	
std.tar.Iterator.Options	3	struct	Options	0	
std.tar.Iterator.init	3	fn	init	0	2
std.tar.Iterator.File	3	struct	File	0	
std.tar.Iterator.next	3	fn	next	0	1
std.tar.Iterator.streamRemaining	3	fn	streamRemaining	0	3
std.tar.PaxIterator	2	struct	PaxIterator	1	
std.tar.PaxIterator.next	3	fn	next	0	1
std.tar.pipeToFileSystem	2	alias	pipeToFileSystem	0	extract
std.tar.extract	2	fn	extract	0	4
std.testing	1	ns	testing	31	testing.zig
std.testing.random_seed	2	const	random_seed	0	
std.testing.FailingAllocator	2	ns	FailingAllocator	4	testing/FailingAllocator.zig
std.testing.FailingAllocator.Config	3	struct	Config	0	
std.testing.FailingAllocator.init	3	fn	init	0	2
std.testing.FailingAllocator.allocator	3	fn	allocator	0	1
std.testing.FailingAllocator.getStackTrace	3	fn	getStackTrace	0	1
std.testing.failing_allocator	2	const	failing_allocator	0	
std.testing.allocator	2	const	allocator	0	
std.testing.allocator_instance	2	const	allocator_instance	0	
std.testing.io_instance	2	alias	io_instance	0	undefined
std.testing.io	2	const	io	0	
std.testing.environ	2	const	environ	0	
std.testing.log_level	2	alias	log_level	0	std.log.Level.warn
std.testing.backend_can_print	2	const	backend_can_print	0	
std.testing.expectError	2	fn	expectError	0	2
std.testing.expectEqual	2	fn	expectEqual	0	2
std.testing.expectFmt	2	fn	expectFmt	0	3
std.testing.expectApproxEqAbs	2	fn	expectApproxEqAbs	0	3
std.testing.expectApproxEqRel	2	fn	expectApproxEqRel	0	3
std.testing.expectEqualSlices	2	fn	expectEqualSlices	0	3
std.testing.expectEqualSentinel	2	fn	expectEqualSentinel	0	4
std.testing.expect	2	fn	expect	0	1
std.testing.TmpDir	2	struct	TmpDir	1	
std.testing.TmpDir.cleanup	3	fn	cleanup	0	1
std.testing.tmpDir	2	fn	tmpDir	0	1
std.testing.expectEqualStrings	2	fn	expectEqualStrings	0	2
std.testing.expectStringStartsWith	2	fn	expectStringStartsWith	0	2
std.testing.expectStringEndsWith	2	fn	expectStringEndsWith	0	2
std.testing.expectEqualDeep	2	fn	expectEqualDeep	0	2
std.testing.checkAllAllocationFailures	2	fn	checkAllAllocationFailures	0	3
std.testing.refAllDecls	2	fn	refAllDecls	0	1
std.testing.Smith	2	ns	Smith	30	testing/Smith.zig
std.testing.Smith.Weight	3	alias	Weight	0	fuzz_abi.Weight
std.testing.Smith.baselineWeights	3	fn	baselineWeights	0	1
std.testing.Smith.value	3	fn	value	0	2
std.testing.Smith.valueWeighted	3	fn	valueWeighted	0	3
std.testing.Smith.valueRangeAtMost	3	fn	valueRangeAtMost	0	4
std.testing.Smith.valueRangeLessThan	3	fn	valueRangeLessThan	0	4
std.testing.Smith.index	3	fn	index	0	2
std.testing.Smith.boolWeighted	3	fn	boolWeighted	0	3
std.testing.Smith.eos	3	fn	eos	0	1
std.testing.Smith.eosWeighted	3	fn	eosWeighted	0	2
std.testing.Smith.eosWeightedSimple	3	fn	eosWeightedSimple	0	3
std.testing.Smith.bytes	3	fn	bytes	0	2
std.testing.Smith.bytesWeighted	3	fn	bytesWeighted	0	3
std.testing.Smith.slice	3	fn	slice	0	2
std.testing.Smith.sliceWeightedBytes	3	fn	sliceWeightedBytes	0	3
std.testing.Smith.sliceWeighted	3	fn	sliceWeighted	0	4
std.testing.Smith.valueWithHash	3	fn	valueWithHash	0	3
std.testing.Smith.valueWeightedWithHash	3	fn	valueWeightedWithHash	0	4
std.testing.Smith.valueRangeAtMostWithHash	3	fn	valueRangeAtMostWithHash	0	5
std.testing.Smith.valueRangeLessThanWithHash	3	fn	valueRangeLessThanWithHash	0	5
std.testing.Smith.indexWithHash	3	fn	indexWithHash	0	3
std.testing.Smith.boolWeightedWithHash	3	fn	boolWeightedWithHash	0	4
std.testing.Smith.eosWithHash	3	fn	eosWithHash	0	2
std.testing.Smith.eosWeightedWithHash	3	fn	eosWeightedWithHash	0	3
std.testing.Smith.eosWeightedSimpleWithHash	3	fn	eosWeightedSimpleWithHash	0	4
std.testing.Smith.bytesWithHash	3	fn	bytesWithHash	0	3
std.testing.Smith.bytesWeightedWithHash	3	fn	bytesWeightedWithHash	0	4
std.testing.Smith.sliceWithHash	3	fn	sliceWithHash	0	3
std.testing.Smith.sliceWeightedBytesWithHash	3	fn	sliceWeightedBytesWithHash	0	4
std.testing.Smith.sliceWeightedWithHash	3	fn	sliceWeightedWithHash	0	5
std.testing.FuzzInputOptions	2	struct	FuzzInputOptions	0	
std.testing.fuzz	2	fn	fuzz	0	3
std.testing.Reader	2	struct	Reader	2	
std.testing.Reader.Call	3	struct	Call	0	
std.testing.Reader.init	3	fn	init	0	2
std.testing.ReaderIndirect	2	struct	ReaderIndirect	1	
std.testing.ReaderIndirect.init	3	fn	init	0	2
std.time	1	ns	time	23	time.zig
std.time.epoch	2	ns	epoch	35	time/epoch.zig
std.time.epoch.posix	3	const	posix	0	
std.time.epoch.dos	3	const	dos	0	
std.time.epoch.ios	3	const	ios	0	
std.time.epoch.openvms	3	const	openvms	0	
std.time.epoch.zos	3	const	zos	0	
std.time.epoch.windows	3	const	windows	0	
std.time.epoch.amiga	3	const	amiga	0	
std.time.epoch.pickos	3	const	pickos	0	
std.time.epoch.gps	3	const	gps	0	
std.time.epoch.clr	3	const	clr	0	
std.time.epoch.unix	3	alias	unix	0	posix
std.time.epoch.android	3	alias	android	0	posix
std.time.epoch.os2	3	alias	os2	0	dos
std.time.epoch.bios	3	alias	bios	0	dos
std.time.epoch.vfat	3	alias	vfat	0	dos
std.time.epoch.ntfs	3	alias	ntfs	0	windows
std.time.epoch.ntp	3	alias	ntp	0	zos
std.time.epoch.jbase	3	alias	jbase	0	pickos
std.time.epoch.aros	3	alias	aros	0	amiga
std.time.epoch.morphos	3	alias	morphos	0	amiga
std.time.epoch.brew	3	alias	brew	0	gps
std.time.epoch.atsc	3	alias	atsc	0	gps
std.time.epoch.go	3	alias	go	0	clr
std.time.epoch.Year	3	alias	Year	0	u16
std.time.epoch.epoch_year	3	const	epoch_year	0	
std.time.epoch.secs_per_day	3	const	secs_per_day	0	
std.time.epoch.isLeapYear	3	fn	isLeapYear	0	1
std.time.epoch.getDaysInYear	3	fn	getDaysInYear	0	1
std.time.epoch.Month	3	enum	Month	1	
std.time.epoch.Month.numeric	4	fn	numeric	0	1
std.time.epoch.getDaysInMonth	3	fn	getDaysInMonth	0	2
std.time.epoch.YearAndDay	3	struct	YearAndDay	1	
std.time.epoch.YearAndDay.calculateMonthDay	4	fn	calculateMonthDay	0	1
std.time.epoch.MonthAndDay	3	struct	MonthAndDay	0	
std.time.epoch.EpochDay	3	struct	EpochDay	1	
std.time.epoch.EpochDay.calculateYearDay	4	fn	calculateYearDay	0	1
std.time.epoch.DaySeconds	3	struct	DaySeconds	3	
std.time.epoch.DaySeconds.getHoursIntoDay	4	fn	getHoursIntoDay	0	1
std.time.epoch.DaySeconds.getMinutesIntoHour	4	fn	getMinutesIntoHour	0	1
std.time.epoch.DaySeconds.getSecondsIntoMinute	4	fn	getSecondsIntoMinute	0	1
std.time.epoch.EpochSeconds	3	struct	EpochSeconds	2	
std.time.epoch.EpochSeconds.getEpochDay	4	fn	getEpochDay	0	1
std.time.epoch.EpochSeconds.getDaySeconds	4	fn	getDaySeconds	0	1
std.time.ns_per_us	2	const	ns_per_us	0	
std.time.ns_per_ms	2	const	ns_per_ms	0	
std.time.ns_per_s	2	const	ns_per_s	0	
std.time.ns_per_min	2	const	ns_per_min	0	
std.time.ns_per_hour	2	const	ns_per_hour	0	
std.time.ns_per_day	2	const	ns_per_day	0	
std.time.ns_per_week	2	const	ns_per_week	0	
std.time.us_per_ms	2	const	us_per_ms	0	
std.time.us_per_s	2	const	us_per_s	0	
std.time.us_per_min	2	const	us_per_min	0	
std.time.us_per_hour	2	const	us_per_hour	0	
std.time.us_per_day	2	const	us_per_day	0	
std.time.us_per_week	2	const	us_per_week	0	
std.time.ms_per_s	2	const	ms_per_s	0	
std.time.ms_per_min	2	const	ms_per_min	0	
std.time.ms_per_hour	2	const	ms_per_hour	0	
std.time.ms_per_day	2	const	ms_per_day	0	
std.time.ms_per_week	2	const	ms_per_week	0	
std.time.s_per_min	2	const	s_per_min	0	
std.time.s_per_hour	2	const	s_per_hour	0	
std.time.s_per_day	2	const	s_per_day	0	
std.time.s_per_week	2	const	s_per_week	0	
std.tz	1	ns	tz	4	tz.zig
std.tz.Transition	2	struct	Transition	0	
std.tz.Timetype	2	struct	Timetype	4	
std.tz.Timetype.name	3	fn	name	0	1
std.tz.Timetype.isDst	3	fn	isDst	0	1
std.tz.Timetype.standardTimeIndicator	3	fn	standardTimeIndicator	0	1
std.tz.Timetype.utIndicator	3	fn	utIndicator	0	1
std.tz.Leapsecond	2	struct	Leapsecond	0	
std.tz.Tz	2	struct	Tz	2	
std.tz.Tz.parse	3	fn	parse	0	2
std.tz.Tz.deinit	3	fn	deinit	0	1
std.unicode	1	ns	unicode	60	unicode.zig
std.unicode.replacement_character	2	const	replacement_character	0	
std.unicode.replacement_character_utf8	2	const	replacement_character_utf8	0	
std.unicode.utf8CodepointSequenceLength	2	fn	utf8CodepointSequenceLength	0	1
std.unicode.utf8ByteSequenceLength	2	fn	utf8ByteSequenceLength	0	1
std.unicode.utf8Encode	2	fn	utf8Encode	0	2
std.unicode.utf8EncodeComptime	2	fn	utf8EncodeComptime	0	1
std.unicode.utf8Decode	2	fn	utf8Decode	0	1
std.unicode.utf8Decode2	2	fn	utf8Decode2	0	1
std.unicode.utf8Decode3	2	fn	utf8Decode3	0	1
std.unicode.utf8Decode3AllowSurrogateHalf	2	fn	utf8Decode3AllowSurrogateHalf	0	1
std.unicode.utf8Decode4	2	fn	utf8Decode4	0	1
std.unicode.utf8ValidCodepoint	2	fn	utf8ValidCodepoint	0	1
std.unicode.utf8CountCodepoints	2	fn	utf8CountCodepoints	0	1
std.unicode.utf8ValidateSlice	2	fn	utf8ValidateSlice	0	1
std.unicode.Utf8View	2	struct	Utf8View	4	
std.unicode.Utf8View.init	3	fn	init	0	1
std.unicode.Utf8View.initUnchecked	3	fn	initUnchecked	0	1
std.unicode.Utf8View.initComptime	3	fn	initComptime	0	1
std.unicode.Utf8View.iterator	3	fn	iterator	0	1
std.unicode.Utf8Iterator	2	struct	Utf8Iterator	3	
std.unicode.Utf8Iterator.nextCodepointSlice	3	fn	nextCodepointSlice	0	1
std.unicode.Utf8Iterator.nextCodepoint	3	fn	nextCodepoint	0	1
std.unicode.Utf8Iterator.peek	3	fn	peek	0	2
std.unicode.utf16IsHighSurrogate	2	fn	utf16IsHighSurrogate	0	1
std.unicode.utf16IsLowSurrogate	2	fn	utf16IsLowSurrogate	0	1
std.unicode.utf16CodepointSequenceLength	2	fn	utf16CodepointSequenceLength	0	1
std.unicode.utf16CodeUnitSequenceLength	2	fn	utf16CodeUnitSequenceLength	0	1
std.unicode.utf16DecodeSurrogatePair	2	fn	utf16DecodeSurrogatePair	0	1
std.unicode.Utf16LeIterator	2	struct	Utf16LeIterator	3	
std.unicode.Utf16LeIterator.init	3	fn	init	0	1
std.unicode.Utf16LeIterator.NextCodepointError	3	const	NextCodepointError	0	
std.unicode.Utf16LeIterator.nextCodepoint	3	fn	nextCodepoint	0	1
std.unicode.utf16CountCodepoints	2	fn	utf16CountCodepoints	0	1
std.unicode.fmtUtf8	2	fn	fmtUtf8	0	1
std.unicode.Utf16LeToUtf8AllocError	2	const	Utf16LeToUtf8AllocError	0	
std.unicode.utf16LeToUtf8ArrayList	2	fn	utf16LeToUtf8ArrayList	0	2
std.unicode.utf16LeToUtf8Alloc	2	fn	utf16LeToUtf8Alloc	0	2
std.unicode.utf16LeToUtf8AllocZ	2	fn	utf16LeToUtf8AllocZ	0	2
std.unicode.Utf16LeToUtf8Error	2	alias	Utf16LeToUtf8Error	0	Utf16LeIterator.NextCodepointError
std.unicode.utf16LeToUtf8	2	fn	utf16LeToUtf8	0	2
std.unicode.utf8ToUtf16LeArrayList	2	fn	utf8ToUtf16LeArrayList	0	2
std.unicode.utf8ToUtf16LeAlloc	2	fn	utf8ToUtf16LeAlloc	0	2
std.unicode.utf8ToUtf16LeAllocZ	2	fn	utf8ToUtf16LeAllocZ	0	2
std.unicode.utf8ToUtf16Le	2	fn	utf8ToUtf16Le	0	2
std.unicode.utf8ToUtf16LeImpl	2	fn	utf8ToUtf16LeImpl	0	3
std.unicode.utf8ToUtf16LeStringLiteral	2	fn	utf8ToUtf16LeStringLiteral	0	1
std.unicode.wtf8ToWtf16LeStringLiteral	2	fn	wtf8ToWtf16LeStringLiteral	0	1
std.unicode.calcUtf16LeLenImpl	2	fn	calcUtf16LeLenImpl	0	2
std.unicode.calcUtf16LeLen	2	fn	calcUtf16LeLen	0	1
std.unicode.calcWtf16LeLen	2	fn	calcWtf16LeLen	0	1
std.unicode.fmtUtf16Le	2	fn	fmtUtf16Le	0	1
std.unicode.isSurrogateCodepoint	2	fn	isSurrogateCodepoint	0	1
std.unicode.wtf8Encode	2	fn	wtf8Encode	0	2
std.unicode.wtf8Decode	2	fn	wtf8Decode	0	1
std.unicode.wtf8ValidateSlice	2	fn	wtf8ValidateSlice	0	1
std.unicode.Wtf8View	2	struct	Wtf8View	4	
std.unicode.Wtf8View.init	3	fn	init	0	1
std.unicode.Wtf8View.initUnchecked	3	fn	initUnchecked	0	1
std.unicode.Wtf8View.initComptime	3	fn	initComptime	0	1
std.unicode.Wtf8View.iterator	3	fn	iterator	0	1
std.unicode.Wtf8Iterator	2	struct	Wtf8Iterator	3	
std.unicode.Wtf8Iterator.nextCodepointSlice	3	fn	nextCodepointSlice	0	1
std.unicode.Wtf8Iterator.nextCodepoint	3	fn	nextCodepoint	0	1
std.unicode.Wtf8Iterator.peek	3	fn	peek	0	2
std.unicode.wtf16LeToWtf8ArrayList	2	fn	wtf16LeToWtf8ArrayList	0	2
std.unicode.wtf16LeToWtf8Alloc	2	fn	wtf16LeToWtf8Alloc	0	2
std.unicode.wtf16LeToWtf8AllocZ	2	fn	wtf16LeToWtf8AllocZ	0	2
std.unicode.wtf16LeToWtf8	2	fn	wtf16LeToWtf8	0	2
std.unicode.wtf8ToWtf16LeArrayList	2	fn	wtf8ToWtf16LeArrayList	0	2
std.unicode.wtf8ToWtf16LeAlloc	2	fn	wtf8ToWtf16LeAlloc	0	2
std.unicode.wtf8ToWtf16LeAllocZ	2	fn	wtf8ToWtf16LeAllocZ	0	2
std.unicode.wtf8ToWtf16Le	2	fn	wtf8ToWtf16Le	0	2
std.unicode.wtf8ToUtf8Lossy	2	fn	wtf8ToUtf8Lossy	0	2
std.unicode.wtf8ToUtf8LossyAlloc	2	fn	wtf8ToUtf8LossyAlloc	0	2
std.unicode.wtf8ToUtf8LossyAllocZ	2	fn	wtf8ToUtf8LossyAllocZ	0	2
std.unicode.Wtf16LeIterator	2	struct	Wtf16LeIterator	2	
std.unicode.Wtf16LeIterator.init	3	fn	init	0	1
std.unicode.Wtf16LeIterator.nextCodepoint	3	fn	nextCodepoint	0	1
std.unicode.calcWtf8Len	2	fn	calcWtf8Len	0	1
std.valgrind	1	ns	valgrind	34	valgrind.zig
std.valgrind.doClientRequest	2	fn	doClientRequest	0	7
std.valgrind.ClientRequest	2	enum	ClientRequest	0	
std.valgrind.ToolBase	2	fn	ToolBase	0	1
std.valgrind.IsTool	2	fn	IsTool	0	2
std.valgrind.runningOnValgrind	2	fn	runningOnValgrind	0	0
std.valgrind.discardTranslations	2	fn	discardTranslations	0	1
std.valgrind.innerThreads	2	fn	innerThreads	0	1
std.valgrind.nonSimdCall0	2	fn	nonSimdCall0	0	1
std.valgrind.nonSimdCall1	2	fn	nonSimdCall1	0	2
std.valgrind.nonSimdCall2	2	fn	nonSimdCall2	0	3
std.valgrind.nonSimdCall3	2	fn	nonSimdCall3	0	4
std.valgrind.countErrors	2	fn	countErrors	0	0
std.valgrind.mallocLikeBlock	2	fn	mallocLikeBlock	0	3
std.valgrind.resizeInPlaceBlock	2	fn	resizeInPlaceBlock	0	3
std.valgrind.freeLikeBlock	2	fn	freeLikeBlock	0	2
std.valgrind.MempoolFlags	2	struct	MempoolFlags	2	
std.valgrind.MempoolFlags.AutoFree	3	const	AutoFree	0	
std.valgrind.MempoolFlags.MetaPool	3	const	MetaPool	0	
std.valgrind.createMempool	2	fn	createMempool	0	4
std.valgrind.destroyMempool	2	fn	destroyMempool	0	1
std.valgrind.mempoolAlloc	2	fn	mempoolAlloc	0	2
std.valgrind.mempoolFree	2	fn	mempoolFree	0	2
std.valgrind.mempoolTrim	2	fn	mempoolTrim	0	2
std.valgrind.moveMempool	2	fn	moveMempool	0	2
std.valgrind.mempoolChange	2	fn	mempoolChange	0	3
std.valgrind.mempoolExists	2	fn	mempoolExists	0	1
std.valgrind.stackRegister	2	fn	stackRegister	0	1
std.valgrind.stackDeregister	2	fn	stackDeregister	0	1
std.valgrind.stackChange	2	fn	stackChange	0	2
std.valgrind.mapIpToSrcloc	2	fn	mapIpToSrcloc	0	2
std.valgrind.disableErrorReporting	2	fn	disableErrorReporting	0	0
std.valgrind.enableErrorReporting	2	fn	enableErrorReporting	0	0
std.valgrind.monitorCommand	2	fn	monitorCommand	0	1
std.valgrind.memcheck	2	ns	memcheck	19	valgrind/memcheck.zig
std.valgrind.memcheck.ClientRequest	3	enum	ClientRequest	0	
std.valgrind.memcheck.makeMemNoAccess	3	fn	makeMemNoAccess	0	1
std.valgrind.memcheck.makeMemUndefined	3	fn	makeMemUndefined	0	1
std.valgrind.memcheck.makeMemDefined	3	fn	makeMemDefined	0	1
std.valgrind.memcheck.makeMemDefinedIfAddressable	3	fn	makeMemDefinedIfAddressable	0	1
std.valgrind.memcheck.createBlock	3	fn	createBlock	0	2
std.valgrind.memcheck.discard	3	fn	discard	0	1
std.valgrind.memcheck.checkMemIsAddressable	3	fn	checkMemIsAddressable	0	1
std.valgrind.memcheck.checkMemIsDefined	3	fn	checkMemIsDefined	0	1
std.valgrind.memcheck.doLeakCheck	3	fn	doLeakCheck	0	0
std.valgrind.memcheck.doAddedLeakCheck	3	fn	doAddedLeakCheck	0	0
std.valgrind.memcheck.doChangedLeakCheck	3	fn	doChangedLeakCheck	0	0
std.valgrind.memcheck.doQuickLeakCheck	3	fn	doQuickLeakCheck	0	0
std.valgrind.memcheck.countLeaks	3	fn	countLeaks	0	0
std.valgrind.memcheck.countLeakBlocks	3	fn	countLeakBlocks	0	0
std.valgrind.memcheck.getVbits	3	fn	getVbits	0	2
std.valgrind.memcheck.setVbits	3	fn	setVbits	0	2
std.valgrind.memcheck.disableAddrErrorReportingInRange	3	fn	disableAddrErrorReportingInRange	0	1
std.valgrind.memcheck.enableAddrErrorReportingInRange	3	fn	enableAddrErrorReportingInRange	0	1
std.valgrind.callgrind	2	ns	callgrind	7	valgrind/callgrind.zig
std.valgrind.callgrind.ClientRequest	3	enum	ClientRequest	0	
std.valgrind.callgrind.dumpStats	3	fn	dumpStats	0	0
std.valgrind.callgrind.dumpStatsAt	3	fn	dumpStatsAt	0	1
std.valgrind.callgrind.zeroStats	3	fn	zeroStats	0	0
std.valgrind.callgrind.toggleCollect	3	fn	toggleCollect	0	0
std.valgrind.callgrind.startInstrumentation	3	fn	startInstrumentation	0	0
std.valgrind.callgrind.stopInstrumentation	3	fn	stopInstrumentation	0	0
std.valgrind.cachegrind	2	ns	cachegrind	3	valgrind/cachegrind.zig
std.valgrind.cachegrind.ClientRequest	3	enum	ClientRequest	0	
std.valgrind.cachegrind.startInstrumentation	3	fn	startInstrumentation	0	0
std.valgrind.cachegrind.stopInstrumentation	3	fn	stopInstrumentation	0	0
std.wasm	1	ns	wasm	19	wasm.zig
std.wasm.Opcode	2	enum	Opcode	0	
std.wasm.MiscOpcode	2	enum	MiscOpcode	0	
std.wasm.SimdOpcode	2	enum	SimdOpcode	0	
std.wasm.AtomicsOpcode	2	enum	AtomicsOpcode	0	
std.wasm.Valtype	2	enum	Valtype	0	
std.wasm.RefType	2	enum	RefType	0	
std.wasm.Limits	2	struct	Limits	1	
std.wasm.Limits.Flags	3	struct	Flags	0	
std.wasm.InitExpression	2	union	InitExpression	0	
std.wasm.Memory	2	struct	Memory	0	
std.wasm.Section	2	enum	Section	0	
std.wasm.ExternalKind	2	enum	ExternalKind	0	
std.wasm.NameSubsection	2	enum	NameSubsection	0	
std.wasm.element_type	2	const	element_type	0	
std.wasm.function_type	2	const	function_type	0	
std.wasm.result_type	2	const	result_type	0	
std.wasm.BlockType	2	enum	BlockType	1	
std.wasm.BlockType.fromValtype	3	fn	fromValtype	0	1
std.wasm.magic	2	const	magic	0	
std.wasm.version	2	const	version	0	
std.wasm.page_size	2	const	page_size	0	
std.zig	1	ns	zig	68	zig.zig
std.zig.ErrorBundle	2	ns	ErrorBundle	24	zig/ErrorBundle.zig
std.zig.ErrorBundle.String	3	alias	String	0	u32
std.zig.ErrorBundle.OptionalString	3	alias	OptionalString	0	u32
std.zig.ErrorBundle.empty	3	const	empty	0	
std.zig.ErrorBundle.MessageIndex	3	enum	MessageIndex	0	
std.zig.ErrorBundle.SourceLocationIndex	3	enum	SourceLocationIndex	0	
std.zig.ErrorBundle.ErrorMessageList	3	struct	ErrorMessageList	0	
std.zig.ErrorBundle.SourceLocation	3	struct	SourceLocation	0	
std.zig.ErrorBundle.ErrorMessage	3	struct	ErrorMessage	0	
std.zig.ErrorBundle.ReferenceTrace	3	struct	ReferenceTrace	0	
std.zig.ErrorBundle.deinit	3	fn	deinit	0	2
std.zig.ErrorBundle.errorMessageCount	3	fn	errorMessageCount	0	1
std.zig.ErrorBundle.getErrorMessageList	3	fn	getErrorMessageList	0	1
std.zig.ErrorBundle.getMessages	3	fn	getMessages	0	1
std.zig.ErrorBundle.getErrorMessage	3	fn	getErrorMessage	0	2
std.zig.ErrorBundle.getSourceLocation	3	fn	getSourceLocation	0	2
std.zig.ErrorBundle.getNotes	3	fn	getNotes	0	2
std.zig.ErrorBundle.getCompileLogOutput	3	fn	getCompileLogOutput	0	1
std.zig.ErrorBundle.nullTerminatedString	3	fn	nullTerminatedString	0	2
std.zig.ErrorBundle.RenderOptions	3	struct	RenderOptions	0	
std.zig.ErrorBundle.RenderToStderrError	3	const	RenderToStderrError	0	
std.zig.ErrorBundle.renderToStderr	3	fn	renderToStderr	0	4
std.zig.ErrorBundle.renderToWriter	3	fn	renderToWriter	0	3
std.zig.ErrorBundle.renderToTerminal	3	fn	renderToTerminal	0	3
std.zig.ErrorBundle.Wip	3	struct	Wip	17	
std.zig.ErrorBundle.Wip.init	4	fn	init	0	2
std.zig.ErrorBundle.Wip.deinit	4	fn	deinit	0	1
std.zig.ErrorBundle.Wip.toOwnedBundle	4	fn	toOwnedBundle	0	2
std.zig.ErrorBundle.Wip.tmpBundle	4	fn	tmpBundle	0	1
std.zig.ErrorBundle.Wip.addString	4	fn	addString	0	2
std.zig.ErrorBundle.Wip.printString	4	fn	printString	0	3
std.zig.ErrorBundle.Wip.addRootErrorMessage	4	fn	addRootErrorMessage	0	2
std.zig.ErrorBundle.Wip.addRootErrorMessageWithNotes	4	fn	addRootErrorMessageWithNotes	0	3
std.zig.ErrorBundle.Wip.addErrorMessage	4	fn	addErrorMessage	0	2
std.zig.ErrorBundle.Wip.addErrorMessageAssumeCapacity	4	fn	addErrorMessageAssumeCapacity	0	2
std.zig.ErrorBundle.Wip.addSourceLocation	4	fn	addSourceLocation	0	2
std.zig.ErrorBundle.Wip.addReferenceTrace	4	fn	addReferenceTrace	0	2
std.zig.ErrorBundle.Wip.addBundleAsNotes	4	fn	addBundleAsNotes	0	2
std.zig.ErrorBundle.Wip.addBundleAsRoots	4	fn	addBundleAsRoots	0	2
std.zig.ErrorBundle.Wip.reserveNotes	4	fn	reserveNotes	0	2
std.zig.ErrorBundle.Wip.addZirErrorMessages	4	fn	addZirErrorMessages	0	5
std.zig.ErrorBundle.Wip.addZoirErrorMessages	4	fn	addZoirErrorMessages	0	5
std.zig.Server	2	ns	Server	19	zig/Server.zig
std.zig.Server.Message	3	struct	Message	8	
std.zig.Server.Message.Header	4	struct	Header	0	
std.zig.Server.Message.Tag	4	enum	Tag	0	
std.zig.Server.Message.PathPrefix	4	enum	PathPrefix	0	
std.zig.Server.Message.ErrorBundle	4	struct	ErrorBundle	0	
std.zig.Server.Message.TestMetadata	4	struct	TestMetadata	0	
std.zig.Server.Message.TestResults	4	struct	TestResults	2	
std.zig.Server.Message.TestResults.Flags	5	struct	Flags	0	
std.zig.Server.Message.TestResults.Status	5	enum	Status	0	
std.zig.Server.Message.TimeReport	4	struct	TimeReport	1	
std.zig.Server.Message.TimeReport.Flags	5	struct	Flags	0	
std.zig.Server.Message.EmitDigest	4	struct	EmitDigest	1	
std.zig.Server.Message.EmitDigest.Flags	5	struct	Flags	0	
std.zig.Server.Options	3	struct	Options	0	
std.zig.Server.init	3	fn	init	0	1
std.zig.Server.receiveMessage	3	fn	receiveMessage	0	1
std.zig.Server.receiveBody_u8	3	fn	receiveBody_u8	0	1
std.zig.Server.receiveBody_u32	3	fn	receiveBody_u32	0	1
std.zig.Server.receiveBody_u64	3	fn	receiveBody_u64	0	1
std.zig.Server.serveStringMessage	3	fn	serveStringMessage	0	3
std.zig.Server.serveMessageHeader	3	fn	serveMessageHeader	0	2
std.zig.Server.serveU32Message	3	fn	serveU32Message	0	3
std.zig.Server.serveU64Message	3	fn	serveU64Message	0	3
std.zig.Server.serveCoverageIdMessage	3	fn	serveCoverageIdMessage	0	5
std.zig.Server.serveBroadcastFuzzInputMessage	3	fn	serveBroadcastFuzzInputMessage	0	3
std.zig.Server.serveEmitDigest	3	fn	serveEmitDigest	0	3
std.zig.Server.serveTestResults	3	fn	serveTestResults	0	2
std.zig.Server.serveErrorBundle	3	fn	serveErrorBundle	0	2
std.zig.Server.allocErrorBundle	3	fn	allocErrorBundle	0	2
std.zig.Server.TestMetadata	3	struct	TestMetadata	0	
std.zig.Server.serveTestMetadata	3	fn	serveTestMetadata	0	2
std.zig.Client	2	ns	Client	1	zig/Client.zig
std.zig.Client.Message	3	struct	Message	2	
std.zig.Client.Message.Header	4	struct	Header	0	
std.zig.Client.Message.Tag	4	enum	Tag	0	
std.zig.Token	2	alias	Token	0	tokenizer.Token
std.zig.Tokenizer	2	alias	Tokenizer	0	tokenizer.Tokenizer
std.zig.TokenSmith	2	ns	TokenSmith	3	zig/TokenSmith.zig
std.zig.TokenSmith.gen	3	fn	gen	0	1
std.zig.TokenSmith.source	3	fn	source	0	1
std.zig.TokenSmith.list	3	fn	list	0	1
std.zig.string_literal	2	ns	string_literal	8	zig/string_literal.zig
std.zig.string_literal.ParseError	3	const	ParseError	0	
std.zig.string_literal.ParsedCharLiteral	3	union	ParsedCharLiteral	0	
std.zig.string_literal.Result	3	union	Result	0	
std.zig.string_literal.Error	3	union	Error	2	
std.zig.string_literal.Error.fmt	4	fn	fmt	0	2
std.zig.string_literal.Error.offset	4	fn	offset	0	1
std.zig.string_literal.parseCharLiteral	3	fn	parseCharLiteral	0	1
std.zig.string_literal.parseEscapeSequence	3	fn	parseEscapeSequence	0	2
std.zig.string_literal.parseWrite	3	fn	parseWrite	0	2
std.zig.string_literal.parseAlloc	3	fn	parseAlloc	0	2
std.zig.number_literal	2	ns	number_literal	6	zig/number_literal.zig
std.zig.number_literal.ParseError	3	const	ParseError	0	
std.zig.number_literal.Base	3	enum	Base	0	
std.zig.number_literal.FloatBase	3	enum	FloatBase	0	
std.zig.number_literal.Result	3	union	Result	0	
std.zig.number_literal.Error	3	union	Error	0	
std.zig.number_literal.parseNumberLiteral	3	fn	parseNumberLiteral	0	1
std.zig.primitives	2	ns	primitives	2	zig/primitives.zig
std.zig.primitives.names	3	const	names	0	
std.zig.primitives.isPrimitive	3	fn	isPrimitive	0	1
std.zig.isPrimitive	2	alias	isPrimitive	0	primitives.isPrimitive
std.zig.Ast	2	ns	Ast	109	zig/Ast.zig
std.zig.Ast.ByteOffset	3	alias	ByteOffset	0	u32
std.zig.Ast.TokenList	3	const	TokenList	0	
std.zig.Ast.NodeList	3	const	NodeList	0	
std.zig.Ast.TokenIndex	3	alias	TokenIndex	0	u32
std.zig.Ast.OptionalTokenIndex	3	enum	OptionalTokenIndex	3	
std.zig.Ast.OptionalTokenIndex.unwrap	4	fn	unwrap	0	1
std.zig.Ast.OptionalTokenIndex.fromToken	4	fn	fromToken	0	1
std.zig.Ast.OptionalTokenIndex.fromOptional	4	fn	fromOptional	0	1
std.zig.Ast.TokenOffset	3	enum	TokenOffset	3	
std.zig.Ast.TokenOffset.init	4	fn	init	0	2
std.zig.Ast.TokenOffset.toOptional	4	fn	toOptional	0	1
std.zig.Ast.TokenOffset.toAbsolute	4	fn	toAbsolute	0	2
std.zig.Ast.OptionalTokenOffset	3	enum	OptionalTokenOffset	1	
std.zig.Ast.OptionalTokenOffset.unwrap	4	fn	unwrap	0	1
std.zig.Ast.tokenTag	3	fn	tokenTag	0	2
std.zig.Ast.tokenStart	3	fn	tokenStart	0	2
std.zig.Ast.nodeTag	3	fn	nodeTag	0	2
std.zig.Ast.nodeMainToken	3	fn	nodeMainToken	0	2
std.zig.Ast.nodeData	3	fn	nodeData	0	2
std.zig.Ast.isTokenPrecededByTags	3	fn	isTokenPrecededByTags	0	3
std.zig.Ast.Location	3	struct	Location	0	
std.zig.Ast.Span	3	struct	Span	0	
std.zig.Ast.deinit	3	fn	deinit	0	2
std.zig.Ast.Mode	3	enum	Mode	0	
std.zig.Ast.parse	3	fn	parse	0	3
std.zig.Ast.parseTokens	3	fn	parseTokens	0	4
std.zig.Ast.renderAlloc	3	fn	renderAlloc	0	2
std.zig.Ast.Render	3	ns	Render	3	zig/Ast/Render.zig
std.zig.Ast.Render.Error	4	const	Error	0	
std.zig.Ast.Render.Fixups	4	struct	Fixups	3	
std.zig.Ast.Render.Fixups.count	5	fn	count	0	1
std.zig.Ast.Render.Fixups.clearRetainingCapacity	5	fn	clearRetainingCapacity	0	1
std.zig.Ast.Render.Fixups.deinit	5	fn	deinit	0	2
std.zig.Ast.Render.renderTree	4	fn	renderTree	0	4
std.zig.Ast.render	3	fn	render	0	4
std.zig.Ast.errorOffset	3	fn	errorOffset	0	2
std.zig.Ast.tokenLocation	3	fn	tokenLocation	0	3
std.zig.Ast.tokenSlice	3	fn	tokenSlice	0	2
std.zig.Ast.extraDataSlice	3	fn	extraDataSlice	0	3
std.zig.Ast.extraDataSliceWithLen	3	fn	extraDataSliceWithLen	0	4
std.zig.Ast.extraData	3	fn	extraData	0	3
std.zig.Ast.rootDecls	3	fn	rootDecls	0	1
std.zig.Ast.renderError	3	fn	renderError	0	3
std.zig.Ast.firstToken	3	fn	firstToken	0	2
std.zig.Ast.lastToken	3	fn	lastToken	0	2
std.zig.Ast.tokensOnSameLine	3	fn	tokensOnSameLine	0	3
std.zig.Ast.getNodeSource	3	fn	getNodeSource	0	2
std.zig.Ast.globalVarDecl	3	fn	globalVarDecl	0	2
std.zig.Ast.localVarDecl	3	fn	localVarDecl	0	2
std.zig.Ast.simpleVarDecl	3	fn	simpleVarDecl	0	2
std.zig.Ast.alignedVarDecl	3	fn	alignedVarDecl	0	2
std.zig.Ast.assignDestructure	3	fn	assignDestructure	0	2
std.zig.Ast.ifSimple	3	fn	ifSimple	0	2
std.zig.Ast.ifFull	3	fn	ifFull	0	2
std.zig.Ast.containerField	3	fn	containerField	0	2
std.zig.Ast.containerFieldInit	3	fn	containerFieldInit	0	2
std.zig.Ast.containerFieldAlign	3	fn	containerFieldAlign	0	2
std.zig.Ast.fnProtoSimple	3	fn	fnProtoSimple	0	3
std.zig.Ast.fnProtoMulti	3	fn	fnProtoMulti	0	2
std.zig.Ast.fnProtoOne	3	fn	fnProtoOne	0	3
std.zig.Ast.fnProto	3	fn	fnProto	0	2
std.zig.Ast.structInitOne	3	fn	structInitOne	0	3
std.zig.Ast.structInitDotTwo	3	fn	structInitDotTwo	0	3
std.zig.Ast.structInitDot	3	fn	structInitDot	0	2
std.zig.Ast.structInit	3	fn	structInit	0	2
std.zig.Ast.arrayInitOne	3	fn	arrayInitOne	0	3
std.zig.Ast.arrayInitDotTwo	3	fn	arrayInitDotTwo	0	3
std.zig.Ast.arrayInitDot	3	fn	arrayInitDot	0	2
std.zig.Ast.arrayInit	3	fn	arrayInit	0	2
std.zig.Ast.arrayType	3	fn	arrayType	0	2
std.zig.Ast.arrayTypeSentinel	3	fn	arrayTypeSentinel	0	2
std.zig.Ast.ptrTypeAligned	3	fn	ptrTypeAligned	0	2
std.zig.Ast.ptrTypeSentinel	3	fn	ptrTypeSentinel	0	2
std.zig.Ast.ptrType	3	fn	ptrType	0	2
std.zig.Ast.ptrTypeBitRange	3	fn	ptrTypeBitRange	0	2
std.zig.Ast.sliceOpen	3	fn	sliceOpen	0	2
std.zig.Ast.slice	3	fn	slice	0	2
std.zig.Ast.sliceSentinel	3	fn	sliceSentinel	0	2
std.zig.Ast.containerDeclTwo	3	fn	containerDeclTwo	0	3
std.zig.Ast.containerDecl	3	fn	containerDecl	0	2
std.zig.Ast.containerDeclArg	3	fn	containerDeclArg	0	2
std.zig.Ast.containerDeclRoot	3	fn	containerDeclRoot	0	1
std.zig.Ast.taggedUnionTwo	3	fn	taggedUnionTwo	0	3
std.zig.Ast.taggedUnion	3	fn	taggedUnion	0	2
std.zig.Ast.taggedUnionEnumTag	3	fn	taggedUnionEnumTag	0	2
std.zig.Ast.switchFull	3	fn	switchFull	0	2
std.zig.Ast.switchCaseOne	3	fn	switchCaseOne	0	2
std.zig.Ast.switchCase	3	fn	switchCase	0	2
std.zig.Ast.asmSimple	3	fn	asmSimple	0	2
std.zig.Ast.asmFull	3	fn	asmFull	0	2
std.zig.Ast.whileSimple	3	fn	whileSimple	0	2
std.zig.Ast.whileCont	3	fn	whileCont	0	2
std.zig.Ast.whileFull	3	fn	whileFull	0	2
std.zig.Ast.forSimple	3	fn	forSimple	0	2
std.zig.Ast.forFull	3	fn	forFull	0	2
std.zig.Ast.callOne	3	fn	callOne	0	3
std.zig.Ast.callFull	3	fn	callFull	0	2
std.zig.Ast.fullVarDecl	3	fn	fullVarDecl	0	2
std.zig.Ast.fullIf	3	fn	fullIf	0	2
std.zig.Ast.fullWhile	3	fn	fullWhile	0	2
std.zig.Ast.fullFor	3	fn	fullFor	0	2
std.zig.Ast.fullContainerField	3	fn	fullContainerField	0	2
std.zig.Ast.fullFnProto	3	fn	fullFnProto	0	3
std.zig.Ast.fullStructInit	3	fn	fullStructInit	0	3
std.zig.Ast.fullArrayInit	3	fn	fullArrayInit	0	3
std.zig.Ast.fullArrayType	3	fn	fullArrayType	0	2
std.zig.Ast.fullPtrType	3	fn	fullPtrType	0	2
std.zig.Ast.fullSlice	3	fn	fullSlice	0	2
std.zig.Ast.fullContainerDecl	3	fn	fullContainerDecl	0	3
std.zig.Ast.fullSwitch	3	fn	fullSwitch	0	2
std.zig.Ast.fullSwitchCase	3	fn	fullSwitchCase	0	2
std.zig.Ast.fullAsm	3	fn	fullAsm	0	2
std.zig.Ast.fullCall	3	fn	fullCall	0	3
std.zig.Ast.builtinCallParams	3	fn	builtinCallParams	0	3
std.zig.Ast.blockStatements	3	fn	blockStatements	0	3
std.zig.Ast.full	3	struct	full	17	
std.zig.Ast.full.VarDecl	4	struct	VarDecl	2	
std.zig.Ast.full.VarDecl.Components	5	struct	Components	0	
std.zig.Ast.full.VarDecl.firstToken	5	fn	firstToken	0	1
std.zig.Ast.full.AssignDestructure	4	struct	AssignDestructure	1	
std.zig.Ast.full.AssignDestructure.Components	5	struct	Components	0	
std.zig.Ast.full.If	4	struct	If	1	
std.zig.Ast.full.If.Components	5	struct	Components	0	
std.zig.Ast.full.While	4	struct	While	1	
std.zig.Ast.full.While.Components	5	struct	Components	0	
std.zig.Ast.full.For	4	struct	For	1	
std.zig.Ast.full.For.Components	5	struct	Components	0	
std.zig.Ast.full.ContainerField	4	struct	ContainerField	3	
std.zig.Ast.full.ContainerField.Components	5	struct	Components	0	
std.zig.Ast.full.ContainerField.firstToken	5	fn	firstToken	0	1
std.zig.Ast.full.ContainerField.convertToNonTupleLike	5	fn	convertToNonTupleLike	0	2
std.zig.Ast.full.FnProto	4	struct	FnProto	5	
std.zig.Ast.full.FnProto.Components	5	struct	Components	0	
std.zig.Ast.full.FnProto.Param	5	struct	Param	0	
std.zig.Ast.full.FnProto.firstToken	5	fn	firstToken	0	1
std.zig.Ast.full.FnProto.Iterator	5	struct	Iterator	1	
std.zig.Ast.full.FnProto.Iterator.next	6	fn	next	0	1
std.zig.Ast.full.FnProto.iterate	5	fn	iterate	0	2
std.zig.Ast.full.StructInit	4	struct	StructInit	1	
std.zig.Ast.full.StructInit.Components	5	struct	Components	0	
std.zig.Ast.full.ArrayInit	4	struct	ArrayInit	1	
std.zig.Ast.full.ArrayInit.Components	5	struct	Components	0	
std.zig.Ast.full.ArrayType	4	struct	ArrayType	1	
std.zig.Ast.full.ArrayType.Components	5	struct	Components	0	
std.zig.Ast.full.PtrType	4	struct	PtrType	1	
std.zig.Ast.full.PtrType.Components	5	struct	Components	0	
std.zig.Ast.full.Slice	4	struct	Slice	1	
std.zig.Ast.full.Slice.Components	5	struct	Components	0	
std.zig.Ast.full.ContainerDecl	4	struct	ContainerDecl	1	
std.zig.Ast.full.ContainerDecl.Components	5	struct	Components	0	
std.zig.Ast.full.Switch	4	struct	Switch	1	
std.zig.Ast.full.Switch.Components	5	struct	Components	0	
std.zig.Ast.full.SwitchCase	4	struct	SwitchCase	1	
std.zig.Ast.full.SwitchCase.Components	5	struct	Components	0	
std.zig.Ast.full.Asm	4	struct	Asm	1	
std.zig.Ast.full.Asm.Components	5	struct	Components	0	
std.zig.Ast.full.Call	4	struct	Call	1	
std.zig.Ast.full.Call.Components	5	struct	Components	0	
std.zig.Ast.Error	3	struct	Error	1	
std.zig.Ast.Error.Tag	4	enum	Tag	0	
std.zig.Ast.ExtraIndex	3	enum	ExtraIndex	0	
std.zig.Ast.Node	3	struct	Node	22	
std.zig.Ast.Node.Index	4	enum	Index	2	
std.zig.Ast.Node.Index.toOptional	5	fn	toOptional	0	1
std.zig.Ast.Node.Index.toOffset	5	fn	toOffset	0	2
std.zig.Ast.Node.OptionalIndex	4	enum	OptionalIndex	2	
std.zig.Ast.Node.OptionalIndex.unwrap	5	fn	unwrap	0	1
std.zig.Ast.Node.OptionalIndex.fromOptional	5	fn	fromOptional	0	1
std.zig.Ast.Node.Offset	4	enum	Offset	2	
std.zig.Ast.Node.Offset.toOptional	5	fn	toOptional	0	1
std.zig.Ast.Node.Offset.toAbsolute	5	fn	toAbsolute	0	2
std.zig.Ast.Node.OptionalOffset	4	enum	OptionalOffset	1	
std.zig.Ast.Node.OptionalOffset.unwrap	5	fn	unwrap	0	1
std.zig.Ast.Node.Tag	4	enum	Tag	1	
std.zig.Ast.Node.Tag.isContainerField	5	fn	isContainerField	0	1
std.zig.Ast.Node.Data	4	union	Data	0	
std.zig.Ast.Node.LocalVarDecl	4	struct	LocalVarDecl	0	
std.zig.Ast.Node.ArrayTypeSentinel	4	struct	ArrayTypeSentinel	0	
std.zig.Ast.Node.PtrType	4	struct	PtrType	0	
std.zig.Ast.Node.PtrTypeBitRange	4	struct	PtrTypeBitRange	0	
std.zig.Ast.Node.SubRange	4	struct	SubRange	0	
std.zig.Ast.Node.If	4	struct	If	0	
std.zig.Ast.Node.ContainerField	4	struct	ContainerField	0	
std.zig.Ast.Node.GlobalVarDecl	4	struct	GlobalVarDecl	0	
std.zig.Ast.Node.Slice	4	struct	Slice	0	
std.zig.Ast.Node.SliceSentinel	4	struct	SliceSentinel	0	
std.zig.Ast.Node.While	4	struct	While	0	
std.zig.Ast.Node.WhileCont	4	struct	WhileCont	0	
std.zig.Ast.Node.For	4	struct	For	0	
std.zig.Ast.Node.FnProtoOne	4	struct	FnProtoOne	0	
std.zig.Ast.Node.FnProto	4	struct	FnProto	0	
std.zig.Ast.Node.Asm	4	struct	Asm	0	
std.zig.Ast.nodeToSpan	3	fn	nodeToSpan	0	2
std.zig.Ast.tokenToSpan	3	fn	tokenToSpan	0	2
std.zig.Ast.tokensToSpan	3	fn	tokensToSpan	0	4
std.zig.AstGen	2	ns	AstGen	1	zig/AstGen.zig
std.zig.AstGen.generate	3	fn	generate	0	2
std.zig.AstSmith	2	ns	AstSmith	7	zig/AstSmith.zig
std.zig.AstSmith.init	3	fn	init	0	1
std.zig.AstSmith.source	3	fn	source	0	1
std.zig.AstSmith.tokens	3	fn	tokens	0	1
std.zig.AstSmith.Error	3	const	Error	0	
std.zig.AstSmith.generate	3	fn	generate	0	2
std.zig.AstSmith.generateSource	3	fn	generateSource	0	1
std.zig.AstSmith.logSource	3	fn	logSource	0	1
std.zig.Zir	2	ns	Zir	33	zig/Zir.zig
std.zig.Zir.Header	3	struct	Header	0	
std.zig.Zir.ExtraIndex	3	enum	ExtraIndex	0	
std.zig.Zir.extraData	3	fn	extraData	0	3
std.zig.Zir.NullTerminatedString	3	enum	NullTerminatedString	0	
std.zig.Zir.nullTerminatedString	3	fn	nullTerminatedString	0	2
std.zig.Zir.refSlice	3	fn	refSlice	0	3
std.zig.Zir.bodySlice	3	fn	bodySlice	0	3
std.zig.Zir.hasCompileErrors	3	fn	hasCompileErrors	0	1
std.zig.Zir.loweringFailed	3	fn	loweringFailed	0	1
std.zig.Zir.deinit	3	fn	deinit	0	2
std.zig.Zir.Inst	3	struct	Inst	82	
std.zig.Zir.Inst.Tag	4	enum	Tag	3	
std.zig.Zir.Inst.Tag.isNoReturn	5	fn	isNoReturn	0	1
std.zig.Zir.Inst.Tag.isAlwaysVoid	5	fn	isAlwaysVoid	0	2
std.zig.Zir.Inst.Tag.data_tags	5	const	data_tags	0	
std.zig.Zir.Inst.Extended	4	enum	Extended	1	
std.zig.Zir.Inst.Extended.InstData	5	struct	InstData	0	
std.zig.Zir.Inst.Index	4	enum	Index	2	
std.zig.Zir.Inst.Index.toRef	5	fn	toRef	0	1
std.zig.Zir.Inst.Index.toOptional	5	fn	toOptional	0	1
std.zig.Zir.Inst.OptionalIndex	4	enum	OptionalIndex	1	
std.zig.Zir.Inst.OptionalIndex.unwrap	5	fn	unwrap	0	1
std.zig.Zir.Inst.Ref	4	enum	Ref	3	
std.zig.Zir.Inst.Ref.static_len	5	const	static_len	0	
std.zig.Zir.Inst.Ref.toIndex	5	fn	toIndex	0	1
std.zig.Zir.Inst.Ref.toIndexAllowNone	5	fn	toIndexAllowNone	0	1
std.zig.Zir.Inst.Data	4	union	Data	1	
std.zig.Zir.Inst.Data.FieldEnum	5	enum	FieldEnum	0	
std.zig.Zir.Inst.Break	4	struct	Break	0	
std.zig.Zir.Inst.Asm	4	struct	Asm	3	
std.zig.Zir.Inst.Asm.Small	5	struct	Small	0	
std.zig.Zir.Inst.Asm.Output	5	struct	Output	0	
std.zig.Zir.Inst.Asm.Input	5	struct	Input	0	
std.zig.Zir.Inst.Func	4	struct	Func	2	
std.zig.Zir.Inst.Func.RetTy	5	struct	RetTy	0	
std.zig.Zir.Inst.Func.SrcLocs	5	struct	SrcLocs	0	
std.zig.Zir.Inst.FuncFancy	4	struct	FuncFancy	1	
std.zig.Zir.Inst.FuncFancy.Bits	5	struct	Bits	0	
std.zig.Zir.Inst.MultiOp	4	struct	MultiOp	0	
std.zig.Zir.Inst.NodeMultiOp	4	struct	NodeMultiOp	0	
std.zig.Zir.Inst.Block	4	struct	Block	0	
std.zig.Zir.Inst.BlockComptime	4	struct	BlockComptime	0	
std.zig.Zir.Inst.BoolBr	4	struct	BoolBr	0	
std.zig.Zir.Inst.Declaration	4	struct	Declaration	5	
std.zig.Zir.Inst.Declaration.Unwrapped	5	struct	Unwrapped	2	
std.zig.Zir.Inst.Declaration.Unwrapped.Kind	6	enum	Kind	0	
std.zig.Zir.Inst.Declaration.Unwrapped.Linkage	6	enum	Linkage	0	
std.zig.Zir.Inst.Declaration.Flags	5	struct	Flags	1	
std.zig.Zir.Inst.Declaration.Flags.Id	6	enum	Id	9	
std.zig.Zir.Inst.Declaration.Flags.Id.hasName	7	fn	hasName	0	1
std.zig.Zir.Inst.Declaration.Flags.Id.hasLibName	7	fn	hasLibName	0	1
std.zig.Zir.Inst.Declaration.Flags.Id.hasTypeBody	7	fn	hasTypeBody	0	1
std.zig.Zir.Inst.Declaration.Flags.Id.hasValueBody	7	fn	hasValueBody	0	1
std.zig.Zir.Inst.Declaration.Flags.Id.hasSpecialBodies	7	fn	hasSpecialBodies	0	1
std.zig.Zir.Inst.Declaration.Flags.Id.linkage	7	fn	linkage	0	1
std.zig.Zir.Inst.Declaration.Flags.Id.kind	7	fn	kind	0	1
std.zig.Zir.Inst.Declaration.Flags.Id.isPub	7	fn	isPub	0	1
std.zig.Zir.Inst.Declaration.Flags.Id.isThreadlocal	7	fn	isThreadlocal	0	1
std.zig.Zir.Inst.Declaration.Name	5	enum	Name	2	
std.zig.Zir.Inst.Declaration.Name.isNamedTest	6	fn	isNamedTest	0	2
std.zig.Zir.Inst.Declaration.Name.toString	6	fn	toString	0	2
std.zig.Zir.Inst.Declaration.Bodies	5	struct	Bodies	0	
std.zig.Zir.Inst.Declaration.getBodies	5	fn	getBodies	0	3
std.zig.Zir.Inst.Call	4	struct	Call	1	
std.zig.Zir.Inst.Call.Flags	5	struct	Flags	2	
std.zig.Zir.Inst.Call.Flags.PackedModifier	6	alias	PackedModifier	0	u3
std.zig.Zir.Inst.Call.Flags.PackedArgsLen	6	alias	PackedArgsLen	0	u27
std.zig.Zir.Inst.FieldCall	4	struct	FieldCall	0	
std.zig.Zir.Inst.TypeOfPeer	4	struct	TypeOfPeer	0	
std.zig.Zir.Inst.BuiltinCall	4	struct	BuiltinCall	1	
std.zig.Zir.Inst.BuiltinCall.Flags	5	struct	Flags	0	
std.zig.Zir.Inst.CondBr	4	struct	CondBr	0	
std.zig.Zir.Inst.Try	4	struct	Try	0	
std.zig.Zir.Inst.PtrType	4	struct	PtrType	0	
std.zig.Zir.Inst.ArrayTypeSentinel	4	struct	ArrayTypeSentinel	0	
std.zig.Zir.Inst.SliceStart	4	struct	SliceStart	0	
std.zig.Zir.Inst.SliceEnd	4	struct	SliceEnd	0	
std.zig.Zir.Inst.SliceSentinel	4	struct	SliceSentinel	0	
std.zig.Zir.Inst.SliceLength	4	struct	SliceLength	0	
std.zig.Zir.Inst.Bin	4	struct	Bin	0	
std.zig.Zir.Inst.BinNode	4	struct	BinNode	0	
std.zig.Zir.Inst.ReifySliceArgInfo	4	enum	ReifySliceArgInfo	0	
std.zig.Zir.Inst.RoundOp	4	enum	RoundOp	0	
std.zig.Zir.Inst.UnNode	4	struct	UnNode	0	
std.zig.Zir.Inst.ElemPtrImm	4	struct	ElemPtrImm	0	
std.zig.Zir.Inst.ReifyPointer	4	struct	ReifyPointer	0	
std.zig.Zir.Inst.ReifyFn	4	struct	ReifyFn	0	
std.zig.Zir.Inst.ReifyStruct	4	struct	ReifyStruct	0	
std.zig.Zir.Inst.ReifyUnion	4	struct	ReifyUnion	0	
std.zig.Zir.Inst.ReifyEnum	4	struct	ReifyEnum	0	
std.zig.Zir.Inst.SwitchBlock	4	struct	SwitchBlock	3	
std.zig.Zir.Inst.SwitchBlock.Bits	5	struct	Bits	1	
std.zig.Zir.Inst.SwitchBlock.Bits.ScalarCasesLen	6	alias	ScalarCasesLen	0	u24
std.zig.Zir.Inst.SwitchBlock.ProngInfo	5	struct	ProngInfo	3	
std.zig.Zir.Inst.SwitchBlock.ProngInfo.Capture	6	enum	Capture	0	
std.zig.Zir.Inst.SwitchBlock.ProngInfo.NonErr	6	struct	NonErr	0	
std.zig.Zir.Inst.SwitchBlock.ProngInfo.Else	6	struct	Else	0	
std.zig.Zir.Inst.SwitchBlock.ItemInfo	5	struct	ItemInfo	5	
std.zig.Zir.Inst.SwitchBlock.ItemInfo.Kind	6	enum	Kind	0	
std.zig.Zir.Inst.SwitchBlock.ItemInfo.Unwrapped	6	union	Unwrapped	0	
std.zig.Zir.Inst.SwitchBlock.ItemInfo.wrap	6	fn	wrap	0	1
std.zig.Zir.Inst.SwitchBlock.ItemInfo.unwrap	6	fn	unwrap	0	1
std.zig.Zir.Inst.SwitchBlock.ItemInfo.bodyLen	6	fn	bodyLen	0	1
std.zig.Zir.Inst.ArrayInitRefTy	4	struct	ArrayInitRefTy	0	
std.zig.Zir.Inst.Field	4	struct	Field	0	
std.zig.Zir.Inst.FieldNamed	4	struct	FieldNamed	0	
std.zig.Zir.Inst.As	4	struct	As	0	
std.zig.Zir.Inst.StructDecl	4	struct	StructDecl	1	
std.zig.Zir.Inst.StructDecl.Small	5	struct	Small	0	
std.zig.Zir.Inst.Capture	4	struct	Capture	3	
std.zig.Zir.Inst.Capture.Unwrapped	5	union	Unwrapped	0	
std.zig.Zir.Inst.Capture.wrap	5	fn	wrap	0	1
std.zig.Zir.Inst.Capture.unwrap	5	fn	unwrap	0	1
std.zig.Zir.Inst.NameStrategy	4	enum	NameStrategy	0	
std.zig.Zir.Inst.FullPtrCastFlags	4	struct	FullPtrCastFlags	1	
std.zig.Zir.Inst.FullPtrCastFlags.needResultTypeBuiltinName	5	fn	needResultTypeBuiltinName	0	1
std.zig.Zir.Inst.BuiltinValue	4	enum	BuiltinValue	0	
std.zig.Zir.Inst.InplaceOp	4	enum	InplaceOp	0	
std.zig.Zir.Inst.EnumDecl	4	struct	EnumDecl	1	
std.zig.Zir.Inst.EnumDecl.Small	5	struct	Small	0	
std.zig.Zir.Inst.UnionDecl	4	struct	UnionDecl	2	
std.zig.Zir.Inst.UnionDecl.Small	5	struct	Small	0	
std.zig.Zir.Inst.UnionDecl.Kind	5	enum	Kind	2	
std.zig.Zir.Inst.UnionDecl.Kind.hasArgType	6	fn	hasArgType	0	1
std.zig.Zir.Inst.UnionDecl.Kind.layout	6	fn	layout	0	1
std.zig.Zir.Inst.OpaqueDecl	4	struct	OpaqueDecl	1	
std.zig.Zir.Inst.OpaqueDecl.Small	5	struct	Small	0	
std.zig.Zir.Inst.TupleDecl	4	struct	TupleDecl	0	
std.zig.Zir.Inst.ErrorSetDecl	4	struct	ErrorSetDecl	0	
std.zig.Zir.Inst.Float128	4	struct	Float128	1	
std.zig.Zir.Inst.Float128.get	5	fn	get	0	1
std.zig.Zir.Inst.StructInit	4	struct	StructInit	1	
std.zig.Zir.Inst.StructInit.Item	5	struct	Item	0	
std.zig.Zir.Inst.StructInitAnon	4	struct	StructInitAnon	1	
std.zig.Zir.Inst.StructInitAnon.Item	5	struct	Item	0	
std.zig.Zir.Inst.FieldType	4	struct	FieldType	0	
std.zig.Zir.Inst.FieldTypeRef	4	struct	FieldTypeRef	0	
std.zig.Zir.Inst.Cmpxchg	4	struct	Cmpxchg	0	
std.zig.Zir.Inst.AtomicRmw	4	struct	AtomicRmw	0	
std.zig.Zir.Inst.UnionInit	4	struct	UnionInit	0	
std.zig.Zir.Inst.AtomicStore	4	struct	AtomicStore	0	
std.zig.Zir.Inst.AtomicLoad	4	struct	AtomicLoad	0	
std.zig.Zir.Inst.MulAdd	4	struct	MulAdd	0	
std.zig.Zir.Inst.FieldParentPtr	4	struct	FieldParentPtr	0	
std.zig.Zir.Inst.Shuffle	4	struct	Shuffle	0	
std.zig.Zir.Inst.Select	4	struct	Select	0	
std.zig.Zir.Inst.Param	4	struct	Param	1	
std.zig.Zir.Inst.Param.Type	5	struct	Type	0	
std.zig.Zir.Inst.AllocExtended	4	struct	AllocExtended	1	
std.zig.Zir.Inst.AllocExtended.Small	5	struct	Small	0	
std.zig.Zir.Inst.Export	4	struct	Export	0	
std.zig.Zir.Inst.CompileErrors	4	struct	CompileErrors	1	
std.zig.Zir.Inst.CompileErrors.Item	5	struct	Item	1	
std.zig.Zir.Inst.CompileErrors.Item.notesLen	6	fn	notesLen	0	2
std.zig.Zir.Inst.Imports	4	struct	Imports	1	
std.zig.Zir.Inst.Imports.Item	5	struct	Item	0	
std.zig.Zir.Inst.LineColumn	4	struct	LineColumn	0	
std.zig.Zir.Inst.ArrayInit	4	struct	ArrayInit	0	
std.zig.Zir.Inst.Src	4	struct	Src	0	
std.zig.Zir.Inst.DeferErrCode	4	struct	DeferErrCode	0	
std.zig.Zir.Inst.ValidateDestructure	4	struct	ValidateDestructure	0	
std.zig.Zir.Inst.ArrayMul	4	struct	ArrayMul	0	
std.zig.Zir.Inst.RestoreErrRetIndex	4	struct	RestoreErrRetIndex	0	
std.zig.Zir.Inst.Import	4	struct	Import	0	
std.zig.Zir.DeclContents	3	struct	DeclContents	3	
std.zig.Zir.DeclContents.init	4	const	init	0	
std.zig.Zir.DeclContents.clear	4	fn	clear	0	1
std.zig.Zir.DeclContents.deinit	4	fn	deinit	0	2
std.zig.Zir.findTrackable	3	fn	findTrackable	0	4
std.zig.Zir.findTrackableRoot	3	fn	findTrackableRoot	0	3
std.zig.Zir.FnInfo	3	struct	FnInfo	0	
std.zig.Zir.getParamBody	3	fn	getParamBody	0	2
std.zig.Zir.getParamName	3	fn	getParamName	0	2
std.zig.Zir.getFnInfo	3	fn	getFnInfo	0	2
std.zig.Zir.getDeclaration	3	fn	getDeclaration	0	2
std.zig.Zir.getAssociatedSrcHash	3	fn	getAssociatedSrcHash	0	2
std.zig.Zir.getSwitchBlock	3	fn	getSwitchBlock	0	2
std.zig.Zir.UnwrappedSwitchBlock	3	struct	UnwrappedSwitchBlock	6	
std.zig.Zir.UnwrappedSwitchBlock.anyRanges	4	fn	anyRanges	0	1
std.zig.Zir.UnwrappedSwitchBlock.scalarCasesLen	4	fn	scalarCasesLen	0	1
std.zig.Zir.UnwrappedSwitchBlock.multiCasesLen	4	fn	multiCasesLen	0	1
std.zig.Zir.UnwrappedSwitchBlock.totalItemsLen	4	fn	totalItemsLen	0	1
std.zig.Zir.UnwrappedSwitchBlock.Case	4	struct	Case	4	
std.zig.Zir.UnwrappedSwitchBlock.Case.Index	5	struct	Index	1	
std.zig.Zir.UnwrappedSwitchBlock.Case.Index.@"else"	6	const	@"else"	0	
std.zig.Zir.UnwrappedSwitchBlock.Case.NonErr	5	struct	NonErr	0	
std.zig.Zir.UnwrappedSwitchBlock.Case.Else	5	struct	Else	0	
std.zig.Zir.UnwrappedSwitchBlock.Case.Iterator	5	struct	Iterator	1	
std.zig.Zir.UnwrappedSwitchBlock.Case.Iterator.next	6	fn	next	0	1
std.zig.Zir.UnwrappedSwitchBlock.iterateCases	4	fn	iterateCases	0	1
std.zig.Zir.inst_tracking_version	3	const	inst_tracking_version	0	
std.zig.Zir.assertTrackable	3	fn	assertTrackable	0	2
std.zig.Zir.typeDecls	3	fn	typeDecls	0	2
std.zig.Zir.getStructDecl	3	fn	getStructDecl	0	2
std.zig.Zir.UnwrappedStructDecl	3	struct	UnwrappedStructDecl	2	
std.zig.Zir.UnwrappedStructDecl.iterateFields	4	fn	iterateFields	0	1
std.zig.Zir.UnwrappedStructDecl.FieldIterator	4	struct	FieldIterator	2	
std.zig.Zir.UnwrappedStructDecl.FieldIterator.Field	5	struct	Field	0	
std.zig.Zir.UnwrappedStructDecl.FieldIterator.next	5	fn	next	0	1
std.zig.Zir.getUnionDecl	3	fn	getUnionDecl	0	2
std.zig.Zir.UnwrappedUnionDecl	3	struct	UnwrappedUnionDecl	2	
std.zig.Zir.UnwrappedUnionDecl.iterateFields	4	fn	iterateFields	0	1
std.zig.Zir.UnwrappedUnionDecl.FieldIterator	4	struct	FieldIterator	2	
std.zig.Zir.UnwrappedUnionDecl.FieldIterator.Field	5	struct	Field	0	
std.zig.Zir.UnwrappedUnionDecl.FieldIterator.next	5	fn	next	0	1
std.zig.Zir.getEnumDecl	3	fn	getEnumDecl	0	2
std.zig.Zir.UnwrappedEnumDecl	3	struct	UnwrappedEnumDecl	2	
std.zig.Zir.UnwrappedEnumDecl.iterateFields	4	fn	iterateFields	0	1
std.zig.Zir.UnwrappedEnumDecl.FieldIterator	4	struct	FieldIterator	2	
std.zig.Zir.UnwrappedEnumDecl.FieldIterator.Field	5	struct	Field	0	
std.zig.Zir.UnwrappedEnumDecl.FieldIterator.next	5	fn	next	0	1
std.zig.Zir.getOpaqueDecl	3	fn	getOpaqueDecl	0	2
std.zig.Zir.UnwrappedOpaqueDecl	3	struct	UnwrappedOpaqueDecl	0	
std.zig.Zoir	2	ns	Zoir	6	zig/Zoir.zig
std.zig.Zoir.Header	3	struct	Header	0	
std.zig.Zoir.hasCompileErrors	3	fn	hasCompileErrors	0	1
std.zig.Zoir.deinit	3	fn	deinit	0	2
std.zig.Zoir.Node	3	union	Node	2	
std.zig.Zoir.Node.Index	4	enum	Index	3	
std.zig.Zoir.Node.Index.get	5	fn	get	0	2
std.zig.Zoir.Node.Index.getAstNode	5	fn	getAstNode	0	2
std.zig.Zoir.Node.Index.Range	5	struct	Range	1	
std.zig.Zoir.Node.Index.Range.at	6	fn	at	0	2
std.zig.Zoir.Node.Repr	4	struct	Repr	1	
std.zig.Zoir.Node.Repr.Tag	5	enum	Tag	0	
std.zig.Zoir.NullTerminatedString	3	enum	NullTerminatedString	1	
std.zig.Zoir.NullTerminatedString.get	4	fn	get	0	2
std.zig.Zoir.CompileError	3	struct	CompileError	2	
std.zig.Zoir.CompileError.getNotes	4	fn	getNotes	0	2
std.zig.Zoir.CompileError.Note	4	struct	Note	0	
std.zig.ZonGen	2	ns	ZonGen	4	zig/ZonGen.zig
std.zig.ZonGen.Options	3	struct	Options	0	
std.zig.ZonGen.generate	3	fn	generate	0	3
std.zig.ZonGen.strLitSizeHint	3	fn	strLitSizeHint	0	2
std.zig.ZonGen.parseStrLit	3	fn	parseStrLit	0	3
std.zig.system	2	ns	system	10	zig/system.zig
std.zig.system.NativePaths	3	ns	NativePaths	10	zig/system/NativePaths.zig
std.zig.system.NativePaths.detect	4	fn	detect	0	4
std.zig.system.NativePaths.addIncludeDir	4	fn	addIncludeDir	0	2
std.zig.system.NativePaths.addIncludeDirFmt	4	fn	addIncludeDirFmt	0	3
std.zig.system.NativePaths.addLibDir	4	fn	addLibDir	0	2
std.zig.system.NativePaths.addLibDirFmt	4	fn	addLibDirFmt	0	3
std.zig.system.NativePaths.addWarning	4	fn	addWarning	0	2
std.zig.system.NativePaths.addFrameworkDir	4	fn	addFrameworkDir	0	2
std.zig.system.NativePaths.addFrameworkDirFmt	4	fn	addFrameworkDirFmt	0	3
std.zig.system.NativePaths.addWarningFmt	4	fn	addWarningFmt	0	3
std.zig.system.NativePaths.addRPath	4	fn	addRPath	0	2
std.zig.system.windows	3	ns	windows	6	zig/system/windows.zig
std.zig.system.windows.WindowsVersion	4	alias	WindowsVersion	0	std.Target.Os.WindowsVersion
std.zig.system.windows.PF	4	alias	PF	0	std.os.windows.PF
std.zig.system.windows.REG	4	alias	REG	0	std.os.windows.REG
std.zig.system.windows.IsProcessorFeaturePresent	4	alias	IsProcessorFeaturePresent	0	std.os.windows.IsProcessorFeaturePresent
std.zig.system.windows.detectRuntimeVersion	4	fn	detectRuntimeVersion	0	0
std.zig.system.windows.detectNativeCpuAndFeatures	4	fn	detectNativeCpuAndFeatures	0	0
std.zig.system.darwin	3	ns	darwin	3	zig/system/darwin.zig
std.zig.system.darwin.macos	4	ns	macos	2	zig/system/darwin/macos.zig
std.zig.system.darwin.macos.detect	5	fn	detect	0	2
std.zig.system.darwin.macos.detectNativeCpuAndFeatures	5	fn	detectNativeCpuAndFeatures	0	0
std.zig.system.darwin.isSdkInstalled	4	fn	isSdkInstalled	0	2
std.zig.system.darwin.getSdk	4	fn	getSdk	0	3
std.zig.system.linux	3	ns	linux	1	zig/system/linux.zig
std.zig.system.linux.detectNativeCpuAndFeatures	4	fn	detectNativeCpuAndFeatures	0	1
std.zig.system.Executor	3	union	Executor	0	
std.zig.system.GetExternalExecutorOptions	3	struct	GetExternalExecutorOptions	0	
std.zig.system.getExternalExecutor	3	fn	getExternalExecutor	0	4
std.zig.system.DetectError	3	const	DetectError	0	
std.zig.system.resolveTargetQuery	3	fn	resolveTargetQuery	0	2
std.zig.system.AbiAndDynamicLinkerFromFileError	3	const	AbiAndDynamicLinkerFromFileError	0	
std.zig.BuiltinFn	2	ns	BuiltinFn	3	zig/BuiltinFn.zig
std.zig.BuiltinFn.Tag	3	enum	Tag	0	
std.zig.BuiltinFn.EvalToError	3	enum	EvalToError	0	
std.zig.BuiltinFn.list	3	const	list	0	
std.zig.AstRlAnnotate	2	ns	AstRlAnnotate	2	zig/AstRlAnnotate.zig
std.zig.AstRlAnnotate.RlNeededSet	3	const	RlNeededSet	0	
std.zig.AstRlAnnotate.annotate	3	fn	annotate	0	3
std.zig.LibCInstallation	2	ns	LibCInstallation	10	zig/LibCInstallation.zig
std.zig.LibCInstallation.FindError	3	const	FindError	0	
std.zig.LibCInstallation.parse	3	fn	parse	0	4
std.zig.LibCInstallation.render	3	fn	render	0	2
std.zig.LibCInstallation.FindNativeOptions	3	struct	FindNativeOptions	0	
std.zig.LibCInstallation.findNative	3	fn	findNative	0	3
std.zig.LibCInstallation.deinit	3	fn	deinit	0	2
std.zig.LibCInstallation.CCPrintFileNameOptions	3	struct	CCPrintFileNameOptions	0	
std.zig.LibCInstallation.CrtBasenames	3	struct	CrtBasenames	2	
std.zig.LibCInstallation.CrtBasenames.GetArgs	4	struct	GetArgs	0	
std.zig.LibCInstallation.CrtBasenames.get	4	fn	get	0	1
std.zig.LibCInstallation.CrtPaths	3	struct	CrtPaths	0	
std.zig.LibCInstallation.resolveCrtPaths	3	fn	resolveCrtPaths	0	4
std.zig.WindowsSdk	2	ns	WindowsSdk	3	zig/WindowsSdk.zig
std.zig.WindowsSdk.find	3	fn	find	0	4
std.zig.WindowsSdk.free	3	fn	free	0	2
std.zig.WindowsSdk.Installation	3	struct	Installation	0	
std.zig.LibCDirs	2	ns	LibCDirs	3	zig/LibCDirs.zig
std.zig.LibCDirs.DarwinSdkLayout	3	enum	DarwinSdkLayout	0	
std.zig.LibCDirs.detect	3	fn	detect	0	8
std.zig.LibCDirs.detectFromBuilding	3	fn	detectFromBuilding	0	3
std.zig.target	2	ns	target	19	zig/target.zig
std.zig.target.ArchOsAbi	3	struct	ArchOsAbi	0	
std.zig.target.available_libcs	3	const	available_libcs	0	
std.zig.target.canBuildLibC	3	fn	canBuildLibC	0	1
std.zig.target.glibcRuntimeTriple	3	fn	glibcRuntimeTriple	0	4
std.zig.target.muslRuntimeTriple	3	fn	muslRuntimeTriple	0	3
std.zig.target.osArchName	3	fn	osArchName	0	1
std.zig.target.muslArchName	3	fn	muslArchName	0	2
std.zig.target.muslArchNameHeaders	3	fn	muslArchNameHeaders	0	1
std.zig.target.muslAbiNameHeaders	3	fn	muslAbiNameHeaders	0	1
std.zig.target.glibcArchNameHeaders	3	fn	glibcArchNameHeaders	0	1
std.zig.target.glibcAbiNameHeaders	3	fn	glibcAbiNameHeaders	0	1
std.zig.target.freebsdArchNameHeaders	3	fn	freebsdArchNameHeaders	0	1
std.zig.target.netbsdArchNameHeaders	3	fn	netbsdArchNameHeaders	0	1
std.zig.target.netbsdAbiNameHeaders	3	fn	netbsdAbiNameHeaders	0	1
std.zig.target.openbsdArchNameHeaders	3	fn	openbsdArchNameHeaders	0	1
std.zig.target.isLibCLibName	3	fn	isLibCLibName	0	2
std.zig.target.isLibCxxLibName	3	fn	isLibCxxLibName	0	2
std.zig.target.intByteSize	3	fn	intByteSize	0	2
std.zig.target.intAlignment	3	fn	intAlignment	0	2
std.zig.llvm	2	ns	llvm	3	zig/llvm.zig
std.zig.llvm.BitcodeReader	3	ns	BitcodeReader	9	zig/llvm/BitcodeReader.zig
std.zig.llvm.BitcodeReader.Item	4	union	Item	0	
std.zig.llvm.BitcodeReader.Block	4	struct	Block	0	
std.zig.llvm.BitcodeReader.Record	4	struct	Record	0	
std.zig.llvm.BitcodeReader.InitOptions	4	struct	InitOptions	0	
std.zig.llvm.BitcodeReader.init	4	fn	init	0	2
std.zig.llvm.BitcodeReader.deinit	4	fn	deinit	0	1
std.zig.llvm.BitcodeReader.checkMagic	4	fn	checkMagic	0	2
std.zig.llvm.BitcodeReader.next	4	fn	next	0	1
std.zig.llvm.BitcodeReader.skipBlock	4	fn	skipBlock	0	2
std.zig.llvm.bitcode_writer	3	ns	bitcode_writer	3	zig/llvm/bitcode_writer.zig
std.zig.llvm.bitcode_writer.AbbrevOp	4	union	AbbrevOp	0	
std.zig.llvm.bitcode_writer.Error	4	const	Error	0	
std.zig.llvm.bitcode_writer.BitcodeWriter	4	fn	BitcodeWriter	0	1
std.zig.llvm.Builder	3	ns	Builder	186	zig/llvm/Builder.zig
std.zig.llvm.Builder.expected_args_len	4	const	expected_args_len	0	
std.zig.llvm.Builder.expected_attrs_len	4	const	expected_attrs_len	0	
std.zig.llvm.Builder.expected_fields_len	4	const	expected_fields_len	0	
std.zig.llvm.Builder.expected_gep_indices_len	4	const	expected_gep_indices_len	0	
std.zig.llvm.Builder.expected_cases_len	4	const	expected_cases_len	0	
std.zig.llvm.Builder.expected_incoming_len	4	const	expected_incoming_len	0	
std.zig.llvm.Builder.Options	4	struct	Options	0	
std.zig.llvm.Builder.String	4	enum	String	5	
std.zig.llvm.Builder.String.isAnon	5	fn	isAnon	0	1
std.zig.llvm.Builder.String.slice	5	fn	slice	0	2
std.zig.llvm.Builder.String.fmt	5	fn	fmt	0	2
std.zig.llvm.Builder.String.fmtQ	5	fn	fmtQ	0	2
std.zig.llvm.Builder.String.fmtRaw	5	fn	fmtRaw	0	2
std.zig.llvm.Builder.BinaryOpcode	4	enum	BinaryOpcode	0	
std.zig.llvm.Builder.CastOpcode	4	enum	CastOpcode	0	
std.zig.llvm.Builder.CmpPredicate	4	enum	CmpPredicate	0	
std.zig.llvm.Builder.Type	4	enum	Type	40	
std.zig.llvm.Builder.Type.ptr_amdgpu_constant	5	const	ptr_amdgpu_constant	0	
std.zig.llvm.Builder.Type.Tag	5	enum	Tag	0	
std.zig.llvm.Builder.Type.Simple	5	enum	Simple	0	
std.zig.llvm.Builder.Type.Function	5	struct	Function	1	
std.zig.llvm.Builder.Type.Function.Kind	6	enum	Kind	0	
std.zig.llvm.Builder.Type.Target	5	struct	Target	0	
std.zig.llvm.Builder.Type.Vector	5	struct	Vector	1	
std.zig.llvm.Builder.Type.Vector.Kind	6	enum	Kind	0	
std.zig.llvm.Builder.Type.Array	5	struct	Array	0	
std.zig.llvm.Builder.Type.Structure	5	struct	Structure	1	
std.zig.llvm.Builder.Type.Structure.Kind	6	enum	Kind	0	
std.zig.llvm.Builder.Type.NamedStructure	5	struct	NamedStructure	0	
std.zig.llvm.Builder.Type.Item	5	struct	Item	1	
std.zig.llvm.Builder.Type.Item.ExtraIndex	6	alias	ExtraIndex	0	u28
std.zig.llvm.Builder.Type.tag	5	fn	tag	0	2
std.zig.llvm.Builder.Type.unnamedTag	5	fn	unnamedTag	0	2
std.zig.llvm.Builder.Type.scalarTag	5	fn	scalarTag	0	2
std.zig.llvm.Builder.Type.isFloatingPoint	5	fn	isFloatingPoint	0	1
std.zig.llvm.Builder.Type.isInteger	5	fn	isInteger	0	2
std.zig.llvm.Builder.Type.isPointer	5	fn	isPointer	0	2
std.zig.llvm.Builder.Type.pointerAddrSpace	5	fn	pointerAddrSpace	0	2
std.zig.llvm.Builder.Type.isFunction	5	fn	isFunction	0	2
std.zig.llvm.Builder.Type.functionKind	5	fn	functionKind	0	2
std.zig.llvm.Builder.Type.functionParameters	5	fn	functionParameters	0	2
std.zig.llvm.Builder.Type.functionReturn	5	fn	functionReturn	0	2
std.zig.llvm.Builder.Type.isVector	5	fn	isVector	0	2
std.zig.llvm.Builder.Type.vectorKind	5	fn	vectorKind	0	2
std.zig.llvm.Builder.Type.isStruct	5	fn	isStruct	0	2
std.zig.llvm.Builder.Type.structKind	5	fn	structKind	0	2
std.zig.llvm.Builder.Type.isAggregate	5	fn	isAggregate	0	2
std.zig.llvm.Builder.Type.scalarBits	5	fn	scalarBits	0	2
std.zig.llvm.Builder.Type.childType	5	fn	childType	0	2
std.zig.llvm.Builder.Type.scalarType	5	fn	scalarType	0	2
std.zig.llvm.Builder.Type.changeScalar	5	fn	changeScalar	0	3
std.zig.llvm.Builder.Type.changeScalarAssumeCapacity	5	fn	changeScalarAssumeCapacity	0	3
std.zig.llvm.Builder.Type.vectorLen	5	fn	vectorLen	0	2
std.zig.llvm.Builder.Type.changeLength	5	fn	changeLength	0	3
std.zig.llvm.Builder.Type.changeLengthAssumeCapacity	5	fn	changeLengthAssumeCapacity	0	3
std.zig.llvm.Builder.Type.aggregateLen	5	fn	aggregateLen	0	2
std.zig.llvm.Builder.Type.structFields	5	fn	structFields	0	2
std.zig.llvm.Builder.Type.childTypeAt	5	fn	childTypeAt	0	3
std.zig.llvm.Builder.Type.targetLayoutType	5	fn	targetLayoutType	0	2
std.zig.llvm.Builder.Type.isSized	5	fn	isSized	0	2
std.zig.llvm.Builder.Type.fmt	5	fn	fmt	0	3
std.zig.llvm.Builder.Attribute	4	union	Attribute	9	
std.zig.llvm.Builder.Attribute.Index	5	enum	Index	3	
std.zig.llvm.Builder.Attribute.Index.getKind	6	fn	getKind	0	2
std.zig.llvm.Builder.Attribute.Index.toAttribute	6	fn	toAttribute	0	2
std.zig.llvm.Builder.Attribute.Index.fmt	6	fn	fmt	0	3
std.zig.llvm.Builder.Attribute.Kind	5	enum	Kind	2	
std.zig.llvm.Builder.Attribute.Kind.len	6	const	len	0	
std.zig.llvm.Builder.Attribute.Kind.fromString	6	fn	fromString	0	1
std.zig.llvm.Builder.Attribute.FpClass	5	struct	FpClass	16	
std.zig.llvm.Builder.Attribute.FpClass.all	6	const	all	0	
std.zig.llvm.Builder.Attribute.FpClass.nan	6	const	nan	0	
std.zig.llvm.Builder.Attribute.FpClass.snan	6	const	snan	0	
std.zig.llvm.Builder.Attribute.FpClass.qnan	6	const	qnan	0	
std.zig.llvm.Builder.Attribute.FpClass.inf	6	const	inf	0	
std.zig.llvm.Builder.Attribute.FpClass.ninf	6	const	ninf	0	
std.zig.llvm.Builder.Attribute.FpClass.pinf	6	const	pinf	0	
std.zig.llvm.Builder.Attribute.FpClass.zero	6	const	zero	0	
std.zig.llvm.Builder.Attribute.FpClass.nzero	6	const	nzero	0	
std.zig.llvm.Builder.Attribute.FpClass.pzero	6	const	pzero	0	
std.zig.llvm.Builder.Attribute.FpClass.sub	6	const	sub	0	
std.zig.llvm.Builder.Attribute.FpClass.nsub	6	const	nsub	0	
std.zig.llvm.Builder.Attribute.FpClass.psub	6	const	psub	0	
std.zig.llvm.Builder.Attribute.FpClass.norm	6	const	norm	0	
std.zig.llvm.Builder.Attribute.FpClass.nnorm	6	const	nnorm	0	
std.zig.llvm.Builder.Attribute.FpClass.pnorm	6	const	pnorm	0	
std.zig.llvm.Builder.Attribute.AllocKind	5	struct	AllocKind	0	
std.zig.llvm.Builder.Attribute.AllocSize	5	struct	AllocSize	1	
std.zig.llvm.Builder.Attribute.AllocSize.none	6	const	none	0	
std.zig.llvm.Builder.Attribute.Memory	5	struct	Memory	1	
std.zig.llvm.Builder.Attribute.Memory.Effect	6	enum	Effect	0	
std.zig.llvm.Builder.Attribute.UwTable	5	enum	UwTable	1	
std.zig.llvm.Builder.Attribute.UwTable.default	6	alias	default	0	UwTable.async
std.zig.llvm.Builder.Attribute.VScaleRange	5	struct	VScaleRange	0	
std.zig.llvm.Builder.Attribute.getKind	5	fn	getKind	0	1
std.zig.llvm.Builder.Attributes	4	enum	Attributes	2	
std.zig.llvm.Builder.Attributes.slice	5	fn	slice	0	2
std.zig.llvm.Builder.Attributes.fmt	5	fn	fmt	0	3
std.zig.llvm.Builder.FunctionAttributes	4	enum	FunctionAttributes	5	
std.zig.llvm.Builder.FunctionAttributes.Wip	5	struct	Wip	11	
std.zig.llvm.Builder.FunctionAttributes.Wip.deinit	6	fn	deinit	0	2
std.zig.llvm.Builder.FunctionAttributes.Wip.addFnAttr	6	fn	addFnAttr	0	3
std.zig.llvm.Builder.FunctionAttributes.Wip.addFnAttrIndex	6	fn	addFnAttrIndex	0	3
std.zig.llvm.Builder.FunctionAttributes.Wip.removeFnAttr	6	fn	removeFnAttr	0	2
std.zig.llvm.Builder.FunctionAttributes.Wip.addRetAttr	6	fn	addRetAttr	0	3
std.zig.llvm.Builder.FunctionAttributes.Wip.addRetAttrIndex	6	fn	addRetAttrIndex	0	3
std.zig.llvm.Builder.FunctionAttributes.Wip.removeRetAttr	6	fn	removeRetAttr	0	2
std.zig.llvm.Builder.FunctionAttributes.Wip.addParamAttr	6	fn	addParamAttr	0	4
std.zig.llvm.Builder.FunctionAttributes.Wip.addParamAttrIndex	6	fn	addParamAttrIndex	0	4
std.zig.llvm.Builder.FunctionAttributes.Wip.removeParamAttr	6	fn	removeParamAttr	0	3
std.zig.llvm.Builder.FunctionAttributes.Wip.finish	6	fn	finish	0	2
std.zig.llvm.Builder.FunctionAttributes.func	5	fn	func	0	2
std.zig.llvm.Builder.FunctionAttributes.ret	5	fn	ret	0	2
std.zig.llvm.Builder.FunctionAttributes.param	5	fn	param	0	3
std.zig.llvm.Builder.FunctionAttributes.toWip	5	fn	toWip	0	2
std.zig.llvm.Builder.Linkage	4	enum	Linkage	2	
std.zig.llvm.Builder.Linkage.format	5	fn	format	0	2
std.zig.llvm.Builder.Linkage.fmtOptional	5	fn	fmtOptional	0	1
std.zig.llvm.Builder.Preemption	4	enum	Preemption	1	
std.zig.llvm.Builder.Preemption.format	5	fn	format	0	2
std.zig.llvm.Builder.Visibility	4	enum	Visibility	2	
std.zig.llvm.Builder.Visibility.fromSymbolVisibility	5	fn	fromSymbolVisibility	0	1
std.zig.llvm.Builder.Visibility.format	5	fn	format	0	2
std.zig.llvm.Builder.DllStorageClass	4	enum	DllStorageClass	1	
std.zig.llvm.Builder.DllStorageClass.format	5	fn	format	0	2
std.zig.llvm.Builder.ThreadLocal	4	enum	ThreadLocal	3	
std.zig.llvm.Builder.ThreadLocal.format	5	fn	format	0	2
std.zig.llvm.Builder.ThreadLocal.Prefixed	5	struct	Prefixed	1	
std.zig.llvm.Builder.ThreadLocal.Prefixed.format	6	fn	format	0	2
std.zig.llvm.Builder.ThreadLocal.fmt	5	fn	fmt	0	2
std.zig.llvm.Builder.Mutability	4	enum	Mutability	0	
std.zig.llvm.Builder.UnnamedAddr	4	enum	UnnamedAddr	1	
std.zig.llvm.Builder.UnnamedAddr.format	5	fn	format	0	2
std.zig.llvm.Builder.AddrSpace	4	enum	AddrSpace	10	
std.zig.llvm.Builder.AddrSpace.x86	5	struct	x86	6	
std.zig.llvm.Builder.AddrSpace.x86.gs	6	const	gs	0	
std.zig.llvm.Builder.AddrSpace.x86.fs	6	const	fs	0	
std.zig.llvm.Builder.AddrSpace.x86.ss	6	const	ss	0	
std.zig.llvm.Builder.AddrSpace.x86.ptr32_sptr	6	const	ptr32_sptr	0	
std.zig.llvm.Builder.AddrSpace.x86.ptr32_uptr	6	const	ptr32_uptr	0	
std.zig.llvm.Builder.AddrSpace.x86.ptr64	6	const	ptr64	0	
std.zig.llvm.Builder.AddrSpace.x86_64	5	alias	x86_64	0	x86
std.zig.llvm.Builder.AddrSpace.avr	5	struct	avr	7	
std.zig.llvm.Builder.AddrSpace.avr.data	6	const	data	0	
std.zig.llvm.Builder.AddrSpace.avr.program	6	const	program	0	
std.zig.llvm.Builder.AddrSpace.avr.program1	6	const	program1	0	
std.zig.llvm.Builder.AddrSpace.avr.program2	6	const	program2	0	
std.zig.llvm.Builder.AddrSpace.avr.program3	6	const	program3	0	
std.zig.llvm.Builder.AddrSpace.avr.program4	6	const	program4	0	
std.zig.llvm.Builder.AddrSpace.avr.program5	6	const	program5	0	
std.zig.llvm.Builder.AddrSpace.nvptx	5	struct	nvptx	6	
std.zig.llvm.Builder.AddrSpace.nvptx.generic	6	const	generic	0	
std.zig.llvm.Builder.AddrSpace.nvptx.global	6	const	global	0	
std.zig.llvm.Builder.AddrSpace.nvptx.constant	6	const	constant	0	
std.zig.llvm.Builder.AddrSpace.nvptx.shared	6	const	shared	0	
std.zig.llvm.Builder.AddrSpace.nvptx.param	6	const	param	0	
std.zig.llvm.Builder.AddrSpace.nvptx.local	6	const	local	0	
std.zig.llvm.Builder.AddrSpace.amdgpu	5	struct	amdgpu	29	
std.zig.llvm.Builder.AddrSpace.amdgpu.flat	6	const	flat	0	
std.zig.llvm.Builder.AddrSpace.amdgpu.global	6	const	global	0	
std.zig.llvm.Builder.AddrSpace.amdgpu.region	6	const	region	0	
std.zig.llvm.Builder.AddrSpace.amdgpu.local	6	const	local	0	
std.zig.llvm.Builder.AddrSpace.amdgpu.constant	6	const	constant	0	
std.zig.llvm.Builder.AddrSpace.amdgpu.private	6	const	private	0	
std.zig.llvm.Builder.AddrSpace.amdgpu.constant_32bit	6	const	constant_32bit	0	
std.zig.llvm.Builder.AddrSpace.amdgpu.buffer_fat_pointer	6	const	buffer_fat_pointer	0	
std.zig.llvm.Builder.AddrSpace.amdgpu.buffer_resource	6	const	buffer_resource	0	
std.zig.llvm.Builder.AddrSpace.amdgpu.buffer_strided_pointer	6	const	buffer_strided_pointer	0	
std.zig.llvm.Builder.AddrSpace.amdgpu.param_d	6	const	param_d	0	
std.zig.llvm.Builder.AddrSpace.amdgpu.param_i	6	const	param_i	0	
std.zig.llvm.Builder.AddrSpace.amdgpu.constant_buffer_0	6	const	constant_buffer_0	0	
std.zig.llvm.Builder.AddrSpace.amdgpu.constant_buffer_1	6	const	constant_buffer_1	0	
std.zig.llvm.Builder.AddrSpace.amdgpu.constant_buffer_2	6	const	constant_buffer_2	0	
std.zig.llvm.Builder.AddrSpace.amdgpu.constant_buffer_3	6	const	constant_buffer_3	0	
std.zig.llvm.Builder.AddrSpace.amdgpu.constant_buffer_4	6	const	constant_buffer_4	0	
std.zig.llvm.Builder.AddrSpace.amdgpu.constant_buffer_5	6	const	constant_buffer_5	0	
std.zig.llvm.Builder.AddrSpace.amdgpu.constant_buffer_6	6	const	constant_buffer_6	0	
std.zig.llvm.Builder.AddrSpace.amdgpu.constant_buffer_7	6	const	constant_buffer_7	0	
std.zig.llvm.Builder.AddrSpace.amdgpu.constant_buffer_8	6	const	constant_buffer_8	0	
std.zig.llvm.Builder.AddrSpace.amdgpu.constant_buffer_9	6	const	constant_buffer_9	0	
std.zig.llvm.Builder.AddrSpace.amdgpu.constant_buffer_10	6	const	constant_buffer_10	0	
std.zig.llvm.Builder.AddrSpace.amdgpu.constant_buffer_11	6	const	constant_buffer_11	0	
std.zig.llvm.Builder.AddrSpace.amdgpu.constant_buffer_12	6	const	constant_buffer_12	0	
std.zig.llvm.Builder.AddrSpace.amdgpu.constant_buffer_13	6	const	constant_buffer_13	0	
std.zig.llvm.Builder.AddrSpace.amdgpu.constant_buffer_14	6	const	constant_buffer_14	0	
std.zig.llvm.Builder.AddrSpace.amdgpu.constant_buffer_15	6	const	constant_buffer_15	0	
std.zig.llvm.Builder.AddrSpace.amdgpu.streamout_register	6	const	streamout_register	0	
std.zig.llvm.Builder.AddrSpace.spirv	5	struct	spirv	8	
std.zig.llvm.Builder.AddrSpace.spirv.function	6	const	function	0	
std.zig.llvm.Builder.AddrSpace.spirv.cross_workgroup	6	const	cross_workgroup	0	
std.zig.llvm.Builder.AddrSpace.spirv.uniform_constant	6	const	uniform_constant	0	
std.zig.llvm.Builder.AddrSpace.spirv.workgroup	6	const	workgroup	0	
std.zig.llvm.Builder.AddrSpace.spirv.generic	6	const	generic	0	
std.zig.llvm.Builder.AddrSpace.spirv.device_only_intel	6	const	device_only_intel	0	
std.zig.llvm.Builder.AddrSpace.spirv.host_only_intel	6	const	host_only_intel	0	
std.zig.llvm.Builder.AddrSpace.spirv.input	6	const	input	0	
std.zig.llvm.Builder.AddrSpace.wasm	5	struct	wasm	4	
std.zig.llvm.Builder.AddrSpace.wasm.default	6	const	default	0	
std.zig.llvm.Builder.AddrSpace.wasm.variable	6	const	variable	0	
std.zig.llvm.Builder.AddrSpace.wasm.externref	6	const	externref	0	
std.zig.llvm.Builder.AddrSpace.wasm.funcref	6	const	funcref	0	
std.zig.llvm.Builder.AddrSpace.format	5	fn	format	0	2
std.zig.llvm.Builder.AddrSpace.Prefixed	5	struct	Prefixed	1	
std.zig.llvm.Builder.AddrSpace.Prefixed.format	6	fn	format	0	2
std.zig.llvm.Builder.AddrSpace.fmt	5	fn	fmt	0	2
std.zig.llvm.Builder.ExternallyInitialized	4	enum	ExternallyInitialized	1	
std.zig.llvm.Builder.ExternallyInitialized.format	5	fn	format	0	2
std.zig.llvm.Builder.Alignment	4	enum	Alignment	6	
std.zig.llvm.Builder.Alignment.Lazy	5	enum	Lazy	2	
std.zig.llvm.Builder.Alignment.Lazy.wrap	6	fn	wrap	0	1
std.zig.llvm.Builder.Alignment.Lazy.resolve	6	fn	resolve	0	2
std.zig.llvm.Builder.Alignment.fromByteUnits	5	fn	fromByteUnits	0	1
std.zig.llvm.Builder.Alignment.toByteUnits	5	fn	toByteUnits	0	1
std.zig.llvm.Builder.Alignment.toLlvm	5	fn	toLlvm	0	1
std.zig.llvm.Builder.Alignment.Prefixed	5	struct	Prefixed	1	
std.zig.llvm.Builder.Alignment.Prefixed.format	6	fn	format	0	2
std.zig.llvm.Builder.Alignment.fmt	5	fn	fmt	0	2
std.zig.llvm.Builder.CallConv	4	enum	CallConv	2	
std.zig.llvm.Builder.CallConv.default	5	alias	default	0	CallConv.ccc
std.zig.llvm.Builder.CallConv.format	5	fn	format	0	2
std.zig.llvm.Builder.StrtabString	4	enum	StrtabString	3	
std.zig.llvm.Builder.StrtabString.isAnon	5	fn	isAnon	0	1
std.zig.llvm.Builder.StrtabString.slice	5	fn	slice	0	2
std.zig.llvm.Builder.StrtabString.fmt	5	fn	fmt	0	3
std.zig.llvm.Builder.strtabString	4	fn	strtabString	0	2
std.zig.llvm.Builder.strtabStringIfExists	4	fn	strtabStringIfExists	0	2
std.zig.llvm.Builder.strtabStringFmt	4	fn	strtabStringFmt	0	3
std.zig.llvm.Builder.strtabStringFmtAssumeCapacity	4	fn	strtabStringFmtAssumeCapacity	0	3
std.zig.llvm.Builder.trailingStrtabString	4	fn	trailingStrtabString	0	1
std.zig.llvm.Builder.trailingStrtabStringAssumeCapacity	4	fn	trailingStrtabStringAssumeCapacity	0	1
std.zig.llvm.Builder.Global	4	struct	Global	1	
std.zig.llvm.Builder.Global.Index	5	enum	Index	23	
std.zig.llvm.Builder.Global.Index.unwrap	6	fn	unwrap	0	2
std.zig.llvm.Builder.Global.Index.eql	6	fn	eql	0	3
std.zig.llvm.Builder.Global.Index.ptr	6	fn	ptr	0	2
std.zig.llvm.Builder.Global.Index.ptrConst	6	fn	ptrConst	0	2
std.zig.llvm.Builder.Global.Index.name	6	fn	name	0	2
std.zig.llvm.Builder.Global.Index.strtab	6	fn	strtab	0	2
std.zig.llvm.Builder.Global.Index.typeOf	6	fn	typeOf	0	2
std.zig.llvm.Builder.Global.Index.toConst	6	fn	toConst	0	1
std.zig.llvm.Builder.Global.Index.toValue	6	fn	toValue	0	1
std.zig.llvm.Builder.Global.Index.setLinkage	6	fn	setLinkage	0	3
std.zig.llvm.Builder.Global.Index.setVisibility	6	fn	setVisibility	0	3
std.zig.llvm.Builder.Global.Index.setDllStorageClass	6	fn	setDllStorageClass	0	3
std.zig.llvm.Builder.Global.Index.setUnnamedAddr	6	fn	setUnnamedAddr	0	3
std.zig.llvm.Builder.Global.Index.setDebugMetadata	6	fn	setDebugMetadata	0	3
std.zig.llvm.Builder.Global.Index.getDebugMetadata	6	fn	getDebugMetadata	0	2
std.zig.llvm.Builder.Global.Index.fmt	6	fn	fmt	0	2
std.zig.llvm.Builder.Global.Index.rename	6	fn	rename	0	3
std.zig.llvm.Builder.Global.Index.takeName	6	fn	takeName	0	3
std.zig.llvm.Builder.Global.Index.replace	6	fn	replace	0	3
std.zig.llvm.Builder.Global.Index.delete	6	fn	delete	0	2
std.zig.llvm.Builder.Global.Index.toNewFunction	6	fn	toNewFunction	0	2
std.zig.llvm.Builder.Global.Index.toNewVariable	6	fn	toNewVariable	0	2
std.zig.llvm.Builder.Global.Index.toNewAlias	6	fn	toNewAlias	0	2
std.zig.llvm.Builder.Alias	4	struct	Alias	1	
std.zig.llvm.Builder.Alias.Index	5	enum	Index	9	
std.zig.llvm.Builder.Alias.Index.ptr	6	fn	ptr	0	2
std.zig.llvm.Builder.Alias.Index.ptrConst	6	fn	ptrConst	0	2
std.zig.llvm.Builder.Alias.Index.name	6	fn	name	0	2
std.zig.llvm.Builder.Alias.Index.rename	6	fn	rename	0	3
std.zig.llvm.Builder.Alias.Index.typeOf	6	fn	typeOf	0	2
std.zig.llvm.Builder.Alias.Index.toConst	6	fn	toConst	0	2
std.zig.llvm.Builder.Alias.Index.toValue	6	fn	toValue	0	2
std.zig.llvm.Builder.Alias.Index.getAliasee	6	fn	getAliasee	0	2
std.zig.llvm.Builder.Alias.Index.setAliasee	6	fn	setAliasee	0	3
std.zig.llvm.Builder.Variable	4	struct	Variable	1	
std.zig.llvm.Builder.Variable.Index	5	enum	Index	15	
std.zig.llvm.Builder.Variable.Index.ptr	6	fn	ptr	0	2
std.zig.llvm.Builder.Variable.Index.ptrConst	6	fn	ptrConst	0	2
std.zig.llvm.Builder.Variable.Index.name	6	fn	name	0	2
std.zig.llvm.Builder.Variable.Index.rename	6	fn	rename	0	3
std.zig.llvm.Builder.Variable.Index.typeOf	6	fn	typeOf	0	2
std.zig.llvm.Builder.Variable.Index.toConst	6	fn	toConst	0	2
std.zig.llvm.Builder.Variable.Index.toValue	6	fn	toValue	0	2
std.zig.llvm.Builder.Variable.Index.setThreadLocal	6	fn	setThreadLocal	0	3
std.zig.llvm.Builder.Variable.Index.setMutability	6	fn	setMutability	0	3
std.zig.llvm.Builder.Variable.Index.setInitializer	6	fn	setInitializer	0	3
std.zig.llvm.Builder.Variable.Index.setSection	6	fn	setSection	0	3
std.zig.llvm.Builder.Variable.Index.setAlignment	6	fn	setAlignment	0	3
std.zig.llvm.Builder.Variable.Index.getAlignment	6	fn	getAlignment	0	2
std.zig.llvm.Builder.Variable.Index.setGlobalVariableExpression	6	fn	setGlobalVariableExpression	0	3
std.zig.llvm.Builder.Variable.Index.getGlobalVariableExpression	6	fn	getGlobalVariableExpression	0	2
std.zig.llvm.Builder.Intrinsic	4	enum	Intrinsic	0	
std.zig.llvm.Builder.Function	4	struct	Function	5	
std.zig.llvm.Builder.Function.Index	5	enum	Index	15	
std.zig.llvm.Builder.Function.Index.ptr	6	fn	ptr	0	2
std.zig.llvm.Builder.Function.Index.ptrConst	6	fn	ptrConst	0	2
std.zig.llvm.Builder.Function.Index.name	6	fn	name	0	2
std.zig.llvm.Builder.Function.Index.rename	6	fn	rename	0	3
std.zig.llvm.Builder.Function.Index.typeOf	6	fn	typeOf	0	2
std.zig.llvm.Builder.Function.Index.toConst	6	fn	toConst	0	2
std.zig.llvm.Builder.Function.Index.toValue	6	fn	toValue	0	2
std.zig.llvm.Builder.Function.Index.setLinkage	6	fn	setLinkage	0	3
std.zig.llvm.Builder.Function.Index.setUnnamedAddr	6	fn	setUnnamedAddr	0	3
std.zig.llvm.Builder.Function.Index.setCallConv	6	fn	setCallConv	0	3
std.zig.llvm.Builder.Function.Index.setAttributes	6	fn	setAttributes	0	3
std.zig.llvm.Builder.Function.Index.setSection	6	fn	setSection	0	3
std.zig.llvm.Builder.Function.Index.setAlignment	6	fn	setAlignment	0	3
std.zig.llvm.Builder.Function.Index.setSubprogram	6	fn	setSubprogram	0	3
std.zig.llvm.Builder.Function.Index.getSubprogram	6	fn	getSubprogram	0	2
std.zig.llvm.Builder.Function.Block	5	struct	Block	1	
std.zig.llvm.Builder.Function.Block.Index	6	alias	Index	0	WipFunction.Block.Index
std.zig.llvm.Builder.Function.Instruction	5	struct	Instruction	23	
std.zig.llvm.Builder.Function.Instruction.Tag	6	enum	Tag	3	
std.zig.llvm.Builder.Function.Instruction.Tag.toBinaryOpcode	7	fn	toBinaryOpcode	0	1
std.zig.llvm.Builder.Function.Instruction.Tag.toCastOpcode	7	fn	toCastOpcode	0	1
std.zig.llvm.Builder.Function.Instruction.Tag.toCmpPredicate	7	fn	toCmpPredicate	0	1
std.zig.llvm.Builder.Function.Instruction.Index	6	enum	Index	8	
std.zig.llvm.Builder.Function.Instruction.Index.name	7	fn	name	0	2
std.zig.llvm.Builder.Function.Instruction.Index.valueIndex	7	fn	valueIndex	0	2
std.zig.llvm.Builder.Function.Instruction.Index.toValue	7	fn	toValue	0	1
std.zig.llvm.Builder.Function.Instruction.Index.isTerminatorWip	7	fn	isTerminatorWip	0	2
std.zig.llvm.Builder.Function.Instruction.Index.hasResultWip	7	fn	hasResultWip	0	2
std.zig.llvm.Builder.Function.Instruction.Index.typeOfWip	7	fn	typeOfWip	0	2
std.zig.llvm.Builder.Function.Instruction.Index.typeOf	7	fn	typeOf	0	3
std.zig.llvm.Builder.Function.Instruction.Index.fmt	7	fn	fmt	0	4
std.zig.llvm.Builder.Function.Instruction.ExtraIndex	6	alias	ExtraIndex	0	u32
std.zig.llvm.Builder.Function.Instruction.BrCond	6	struct	BrCond	1	
std.zig.llvm.Builder.Function.Instruction.BrCond.Weights	7	enum	Weights	2	
std.zig.llvm.Builder.Function.Instruction.BrCond.Weights.fromMetadata	8	fn	fromMetadata	0	1
std.zig.llvm.Builder.Function.Instruction.BrCond.Weights.toMetadata	8	fn	toMetadata	0	1
std.zig.llvm.Builder.Function.Instruction.Switch	6	struct	Switch	0	
std.zig.llvm.Builder.Function.Instruction.IndirectBr	6	struct	IndirectBr	0	
std.zig.llvm.Builder.Function.Instruction.Binary	6	struct	Binary	0	
std.zig.llvm.Builder.Function.Instruction.ExtractElement	6	struct	ExtractElement	0	
std.zig.llvm.Builder.Function.Instruction.InsertElement	6	struct	InsertElement	0	
std.zig.llvm.Builder.Function.Instruction.ShuffleVector	6	struct	ShuffleVector	0	
std.zig.llvm.Builder.Function.Instruction.ExtractValue	6	struct	ExtractValue	0	
std.zig.llvm.Builder.Function.Instruction.InsertValue	6	struct	InsertValue	0	
std.zig.llvm.Builder.Function.Instruction.Alloca	6	struct	Alloca	2	
std.zig.llvm.Builder.Function.Instruction.Alloca.Kind	7	enum	Kind	0	
std.zig.llvm.Builder.Function.Instruction.Alloca.Info	7	struct	Info	0	
std.zig.llvm.Builder.Function.Instruction.Load	6	struct	Load	0	
std.zig.llvm.Builder.Function.Instruction.Store	6	struct	Store	0	
std.zig.llvm.Builder.Function.Instruction.CmpXchg	6	struct	CmpXchg	1	
std.zig.llvm.Builder.Function.Instruction.CmpXchg.Kind	7	enum	Kind	0	
std.zig.llvm.Builder.Function.Instruction.AtomicRmw	6	struct	AtomicRmw	1	
std.zig.llvm.Builder.Function.Instruction.AtomicRmw.Operation	7	enum	Operation	0	
std.zig.llvm.Builder.Function.Instruction.GetElementPtr	6	struct	GetElementPtr	1	
std.zig.llvm.Builder.Function.Instruction.GetElementPtr.Kind	7	alias	Kind	0	Constant.GetElementPtr.Kind
std.zig.llvm.Builder.Function.Instruction.Cast	6	struct	Cast	1	
std.zig.llvm.Builder.Function.Instruction.Cast.Signedness	7	alias	Signedness	0	Constant.Cast.Signedness
std.zig.llvm.Builder.Function.Instruction.Phi	6	struct	Phi	0	
std.zig.llvm.Builder.Function.Instruction.Select	6	struct	Select	0	
std.zig.llvm.Builder.Function.Instruction.Call	6	struct	Call	2	
std.zig.llvm.Builder.Function.Instruction.Call.Kind	7	enum	Kind	0	
std.zig.llvm.Builder.Function.Instruction.Call.Info	7	struct	Info	0	
std.zig.llvm.Builder.Function.Instruction.VaArg	6	struct	VaArg	0	
std.zig.llvm.Builder.Function.deinit	5	fn	deinit	0	2
std.zig.llvm.Builder.Function.arg	5	fn	arg	0	2
std.zig.llvm.Builder.DebugLocation	4	union	DebugLocation	2	
std.zig.llvm.Builder.DebugLocation.Location	5	struct	Location	0	
std.zig.llvm.Builder.DebugLocation.toMetadata	5	fn	toMetadata	0	2
std.zig.llvm.Builder.WipFunction	4	struct	WipFunction	54	
std.zig.llvm.Builder.WipFunction.Cursor	5	struct	Cursor	0	
std.zig.llvm.Builder.WipFunction.Block	5	struct	Block	0	
std.zig.llvm.Builder.WipFunction.Instruction	5	alias	Instruction	0	Function.Instruction
std.zig.llvm.Builder.WipFunction.init	5	fn	init	0	2
std.zig.llvm.Builder.WipFunction.arg	5	fn	arg	0	2
std.zig.llvm.Builder.WipFunction.block	5	fn	block	0	3
std.zig.llvm.Builder.WipFunction.ret	5	fn	ret	0	2
std.zig.llvm.Builder.WipFunction.retVoid	5	fn	retVoid	0	1
std.zig.llvm.Builder.WipFunction.br	5	fn	br	0	2
std.zig.llvm.Builder.WipFunction.brCond	5	fn	brCond	0	5
std.zig.llvm.Builder.WipFunction.WipSwitch	5	struct	WipSwitch	2	
std.zig.llvm.Builder.WipFunction.WipSwitch.addCase	6	fn	addCase	0	4
std.zig.llvm.Builder.WipFunction.WipSwitch.finish	6	fn	finish	0	2
std.zig.llvm.Builder.WipFunction.@"switch"	5	fn	@"switch"	0	5
std.zig.llvm.Builder.WipFunction.indirectbr	5	fn	indirectbr	0	3
std.zig.llvm.Builder.WipFunction.@"unreachable"	5	fn	@"unreachable"	0	1
std.zig.llvm.Builder.WipFunction.un	5	fn	un	0	4
std.zig.llvm.Builder.WipFunction.not	5	fn	not	0	3
std.zig.llvm.Builder.WipFunction.neg	5	fn	neg	0	3
std.zig.llvm.Builder.WipFunction.bin	5	fn	bin	0	5
std.zig.llvm.Builder.WipFunction.extractElement	5	fn	extractElement	0	4
std.zig.llvm.Builder.WipFunction.insertElement	5	fn	insertElement	0	5
std.zig.llvm.Builder.WipFunction.shuffleVector	5	fn	shuffleVector	0	5
std.zig.llvm.Builder.WipFunction.splatVector	5	fn	splatVector	0	4
std.zig.llvm.Builder.WipFunction.extractValue	5	fn	extractValue	0	4
std.zig.llvm.Builder.WipFunction.insertValue	5	fn	insertValue	0	5
std.zig.llvm.Builder.WipFunction.buildAggregate	5	fn	buildAggregate	0	4
std.zig.llvm.Builder.WipFunction.alloca	5	fn	alloca	0	7
std.zig.llvm.Builder.WipFunction.load	5	fn	load	0	6
std.zig.llvm.Builder.WipFunction.loadAtomic	5	fn	loadAtomic	0	8
std.zig.llvm.Builder.WipFunction.store	5	fn	store	0	5
std.zig.llvm.Builder.WipFunction.storeAtomic	5	fn	storeAtomic	0	7
std.zig.llvm.Builder.WipFunction.fence	5	fn	fence	0	3
std.zig.llvm.Builder.WipFunction.cmpxchg	5	fn	cmpxchg	0	11
std.zig.llvm.Builder.WipFunction.atomicrmw	5	fn	atomicrmw	0	9
std.zig.llvm.Builder.WipFunction.gep	5	fn	gep	0	6
std.zig.llvm.Builder.WipFunction.gepStruct	5	fn	gepStruct	0	5
std.zig.llvm.Builder.WipFunction.conv	5	fn	conv	0	5
std.zig.llvm.Builder.WipFunction.cast	5	fn	cast	0	5
std.zig.llvm.Builder.WipFunction.icmp	5	fn	icmp	0	5
std.zig.llvm.Builder.WipFunction.fcmp	5	fn	fcmp	0	6
std.zig.llvm.Builder.WipFunction.WipPhi	5	struct	WipPhi	2	
std.zig.llvm.Builder.WipFunction.WipPhi.toValue	6	fn	toValue	0	1
std.zig.llvm.Builder.WipFunction.WipPhi.finish	6	fn	finish	0	4
std.zig.llvm.Builder.WipFunction.phi	5	fn	phi	0	3
std.zig.llvm.Builder.WipFunction.phiFast	5	fn	phiFast	0	3
std.zig.llvm.Builder.WipFunction.select	5	fn	select	0	6
std.zig.llvm.Builder.WipFunction.call	5	fn	call	0	8
std.zig.llvm.Builder.WipFunction.callAsm	5	fn	callAsm	0	8
std.zig.llvm.Builder.WipFunction.callIntrinsic	5	fn	callIntrinsic	0	7
std.zig.llvm.Builder.WipFunction.callIntrinsicAssumeCold	5	fn	callIntrinsicAssumeCold	0	1
std.zig.llvm.Builder.WipFunction.callMemCpy	5	fn	callMemCpy	0	8
std.zig.llvm.Builder.WipFunction.callMemMove	5	fn	callMemMove	0	7
std.zig.llvm.Builder.WipFunction.callMemSet	5	fn	callMemSet	0	7
std.zig.llvm.Builder.WipFunction.vaArg	5	fn	vaArg	0	4
std.zig.llvm.Builder.WipFunction.debugValue	5	fn	debugValue	0	2
std.zig.llvm.Builder.WipFunction.finish	5	fn	finish	0	1
std.zig.llvm.Builder.WipFunction.deinit	5	fn	deinit	0	1
std.zig.llvm.Builder.FloatCondition	4	enum	FloatCondition	0	
std.zig.llvm.Builder.IntegerCondition	4	enum	IntegerCondition	0	
std.zig.llvm.Builder.MemoryAccessKind	4	enum	MemoryAccessKind	3	
std.zig.llvm.Builder.MemoryAccessKind.format	5	fn	format	0	2
std.zig.llvm.Builder.MemoryAccessKind.Prefixed	5	struct	Prefixed	1	
std.zig.llvm.Builder.MemoryAccessKind.Prefixed.format	6	fn	format	0	2
std.zig.llvm.Builder.MemoryAccessKind.fmt	5	fn	fmt	0	2
std.zig.llvm.Builder.SyncScope	4	enum	SyncScope	3	
std.zig.llvm.Builder.SyncScope.format	5	fn	format	0	2
std.zig.llvm.Builder.SyncScope.Prefixed	5	struct	Prefixed	1	
std.zig.llvm.Builder.SyncScope.Prefixed.format	6	fn	format	0	2
std.zig.llvm.Builder.SyncScope.fmt	5	fn	fmt	0	2
std.zig.llvm.Builder.AtomicOrdering	4	enum	AtomicOrdering	3	
std.zig.llvm.Builder.AtomicOrdering.format	5	fn	format	0	2
std.zig.llvm.Builder.AtomicOrdering.Prefixed	5	struct	Prefixed	1	
std.zig.llvm.Builder.AtomicOrdering.Prefixed.format	6	fn	format	0	2
std.zig.llvm.Builder.AtomicOrdering.fmt	5	fn	fmt	0	2
std.zig.llvm.Builder.FastMath	4	struct	FastMath	1	
std.zig.llvm.Builder.FastMath.fast	5	const	fast	0	
std.zig.llvm.Builder.FastMathKind	4	enum	FastMathKind	1	
std.zig.llvm.Builder.FastMathKind.toCallKind	5	fn	toCallKind	0	1
std.zig.llvm.Builder.Constant	4	enum	Constant	19	
std.zig.llvm.Builder.Constant.Tag	5	enum	Tag	2	
std.zig.llvm.Builder.Constant.Tag.toBinaryOpcode	6	fn	toBinaryOpcode	0	1
std.zig.llvm.Builder.Constant.Tag.toCastOpcode	6	fn	toCastOpcode	0	1
std.zig.llvm.Builder.Constant.Item	5	struct	Item	0	
std.zig.llvm.Builder.Constant.Integer	5	struct	Integer	1	
std.zig.llvm.Builder.Constant.Integer.limbs	6	const	limbs	0	
std.zig.llvm.Builder.Constant.Double	5	struct	Double	0	
std.zig.llvm.Builder.Constant.Fp80	5	struct	Fp80	0	
std.zig.llvm.Builder.Constant.Fp128	5	struct	Fp128	0	
std.zig.llvm.Builder.Constant.Aggregate	5	struct	Aggregate	0	
std.zig.llvm.Builder.Constant.Splat	5	struct	Splat	0	
std.zig.llvm.Builder.Constant.BlockAddress	5	struct	BlockAddress	0	
std.zig.llvm.Builder.Constant.Cast	5	struct	Cast	1	
std.zig.llvm.Builder.Constant.Cast.Signedness	6	enum	Signedness	0	
std.zig.llvm.Builder.Constant.GetElementPtr	5	struct	GetElementPtr	3	
std.zig.llvm.Builder.Constant.GetElementPtr.Kind	6	enum	Kind	0	
std.zig.llvm.Builder.Constant.GetElementPtr.InRangeIndex	6	enum	InRangeIndex	0	
std.zig.llvm.Builder.Constant.GetElementPtr.Info	6	struct	Info	0	
std.zig.llvm.Builder.Constant.Binary	5	struct	Binary	0	
std.zig.llvm.Builder.Constant.Assembly	5	struct	Assembly	1	
std.zig.llvm.Builder.Constant.Assembly.Info	6	struct	Info	0	
std.zig.llvm.Builder.Constant.unwrap	5	fn	unwrap	0	1
std.zig.llvm.Builder.Constant.toValue	5	fn	toValue	0	1
std.zig.llvm.Builder.Constant.typeOf	5	fn	typeOf	0	2
std.zig.llvm.Builder.Constant.isZeroInit	5	fn	isZeroInit	0	2
std.zig.llvm.Builder.Constant.getBase	5	fn	getBase	0	2
std.zig.llvm.Builder.Constant.fmt	5	fn	fmt	0	3
std.zig.llvm.Builder.Value	4	enum	Value	5	
std.zig.llvm.Builder.Value.unwrap	5	fn	unwrap	0	1
std.zig.llvm.Builder.Value.typeOfWip	5	fn	typeOfWip	0	2
std.zig.llvm.Builder.Value.typeOf	5	fn	typeOf	0	3
std.zig.llvm.Builder.Value.toConst	5	fn	toConst	0	1
std.zig.llvm.Builder.Value.fmt	5	fn	fmt	0	4
std.zig.llvm.Builder.Metadata	4	struct	Metadata	32	
std.zig.llvm.Builder.Metadata.Kind	5	enum	Kind	0	
std.zig.llvm.Builder.Metadata.empty_tuple	5	const	empty_tuple	0	
std.zig.llvm.Builder.Metadata.Optional	5	struct	Optional	6	
std.zig.llvm.Builder.Metadata.Optional.none	6	const	none	0	
std.zig.llvm.Builder.Metadata.Optional.empty_tuple	6	const	empty_tuple	0	
std.zig.llvm.Builder.Metadata.Optional.wrap	6	fn	wrap	0	1
std.zig.llvm.Builder.Metadata.Optional.unwrap	6	fn	unwrap	0	1
std.zig.llvm.Builder.Metadata.Optional.toValue	6	fn	toValue	0	1
std.zig.llvm.Builder.Metadata.Optional.toString	6	fn	toString	0	1
std.zig.llvm.Builder.Metadata.toOptional	5	fn	toOptional	0	1
std.zig.llvm.Builder.Metadata.toValue	5	fn	toValue	0	1
std.zig.llvm.Builder.Metadata.String	5	enum	String	4	
std.zig.llvm.Builder.Metadata.String.Optional	6	enum	Optional	3	
std.zig.llvm.Builder.Metadata.String.Optional.wrap	7	fn	wrap	0	1
std.zig.llvm.Builder.Metadata.String.Optional.unwrap	7	fn	unwrap	0	1
std.zig.llvm.Builder.Metadata.String.Optional.toMetadata	7	fn	toMetadata	0	1
std.zig.llvm.Builder.Metadata.String.toOptional	6	fn	toOptional	0	1
std.zig.llvm.Builder.Metadata.String.toMetadata	6	fn	toMetadata	0	1
std.zig.llvm.Builder.Metadata.String.slice	6	fn	slice	0	2
std.zig.llvm.Builder.Metadata.toString	5	fn	toString	0	1
std.zig.llvm.Builder.Metadata.Tag	5	enum	Tag	1	
std.zig.llvm.Builder.Metadata.Tag.isInline	6	fn	isInline	0	1
std.zig.llvm.Builder.Metadata.tag	5	fn	tag	0	2
std.zig.llvm.Builder.Metadata.item	5	fn	item	0	2
std.zig.llvm.Builder.Metadata.isInline	5	fn	isInline	0	2
std.zig.llvm.Builder.Metadata.unwrap	5	fn	unwrap	0	2
std.zig.llvm.Builder.Metadata.Item	5	struct	Item	0	
std.zig.llvm.Builder.Metadata.DIFlags	5	struct	DIFlags	1	
std.zig.llvm.Builder.Metadata.DIFlags.format	6	fn	format	0	2
std.zig.llvm.Builder.Metadata.File	5	struct	File	0	
std.zig.llvm.Builder.Metadata.CompileUnit	5	struct	CompileUnit	1	
std.zig.llvm.Builder.Metadata.CompileUnit.Options	6	struct	Options	0	
std.zig.llvm.Builder.Metadata.Subprogram	5	struct	Subprogram	2	
std.zig.llvm.Builder.Metadata.Subprogram.Options	6	struct	Options	0	
std.zig.llvm.Builder.Metadata.Subprogram.DISPFlags	6	struct	DISPFlags	1	
std.zig.llvm.Builder.Metadata.Subprogram.DISPFlags.format	7	fn	format	0	2
std.zig.llvm.Builder.Metadata.getSubprogram	5	fn	getSubprogram	0	2
std.zig.llvm.Builder.Metadata.LexicalBlock	5	struct	LexicalBlock	0	
std.zig.llvm.Builder.Metadata.Location	5	struct	Location	0	
std.zig.llvm.Builder.Metadata.BasicType	5	struct	BasicType	1	
std.zig.llvm.Builder.Metadata.BasicType.bitSize	6	fn	bitSize	0	1
std.zig.llvm.Builder.Metadata.CompositeType	5	struct	CompositeType	2	
std.zig.llvm.Builder.Metadata.CompositeType.bitSize	6	fn	bitSize	0	1
std.zig.llvm.Builder.Metadata.CompositeType.bitAlign	6	fn	bitAlign	0	1
std.zig.llvm.Builder.Metadata.DerivedType	5	struct	DerivedType	3	
std.zig.llvm.Builder.Metadata.DerivedType.bitSize	6	fn	bitSize	0	1
std.zig.llvm.Builder.Metadata.DerivedType.bitAlign	6	fn	bitAlign	0	1
std.zig.llvm.Builder.Metadata.DerivedType.bitOffset	6	fn	bitOffset	0	1
std.zig.llvm.Builder.Metadata.SubroutineType	5	struct	SubroutineType	0	
std.zig.llvm.Builder.Metadata.Enumerator	5	struct	Enumerator	0	
std.zig.llvm.Builder.Metadata.Subrange	5	struct	Subrange	0	
std.zig.llvm.Builder.Metadata.Expression	5	struct	Expression	0	
std.zig.llvm.Builder.Metadata.Tuple	5	struct	Tuple	0	
std.zig.llvm.Builder.Metadata.LocalVar	5	struct	LocalVar	0	
std.zig.llvm.Builder.Metadata.Parameter	5	struct	Parameter	0	
std.zig.llvm.Builder.Metadata.GlobalVar	5	struct	GlobalVar	1	
std.zig.llvm.Builder.Metadata.GlobalVar.Options	6	struct	Options	0	
std.zig.llvm.Builder.Metadata.GlobalVarExpression	5	struct	GlobalVarExpression	0	
std.zig.llvm.Builder.init	4	fn	init	0	1
std.zig.llvm.Builder.clearAndFree	4	fn	clearAndFree	0	1
std.zig.llvm.Builder.deinit	4	fn	deinit	0	1
std.zig.llvm.Builder.finishModuleAsm	4	fn	finishModuleAsm	0	2
std.zig.llvm.Builder.string	4	fn	string	0	2
std.zig.llvm.Builder.stringNull	4	fn	stringNull	0	2
std.zig.llvm.Builder.stringIfExists	4	fn	stringIfExists	0	2
std.zig.llvm.Builder.fmt	4	fn	fmt	0	3
std.zig.llvm.Builder.fmtAssumeCapacity	4	fn	fmtAssumeCapacity	0	3
std.zig.llvm.Builder.trailingString	4	fn	trailingString	0	1
std.zig.llvm.Builder.trailingStringAssumeCapacity	4	fn	trailingStringAssumeCapacity	0	1
std.zig.llvm.Builder.fnType	4	fn	fnType	0	4
std.zig.llvm.Builder.intType	4	fn	intType	0	2
std.zig.llvm.Builder.ptrType	4	fn	ptrType	0	2
std.zig.llvm.Builder.vectorType	4	fn	vectorType	0	4
std.zig.llvm.Builder.arrayType	4	fn	arrayType	0	3
std.zig.llvm.Builder.structType	4	fn	structType	0	3
std.zig.llvm.Builder.opaqueType	4	fn	opaqueType	0	2
std.zig.llvm.Builder.namedTypeSetBody	4	fn	namedTypeSetBody	0	3
std.zig.llvm.Builder.attr	4	fn	attr	0	2
std.zig.llvm.Builder.attrs	4	fn	attrs	0	2
std.zig.llvm.Builder.fnAttrs	4	fn	fnAttrs	0	2
std.zig.llvm.Builder.addGlobal	4	fn	addGlobal	0	3
std.zig.llvm.Builder.addGlobalAssumeCapacity	4	fn	addGlobalAssumeCapacity	0	3
std.zig.llvm.Builder.getGlobal	4	fn	getGlobal	0	2
std.zig.llvm.Builder.addAlias	4	fn	addAlias	0	5
std.zig.llvm.Builder.addAliasAssumeCapacity	4	fn	addAliasAssumeCapacity	0	5
std.zig.llvm.Builder.addVariable	4	fn	addVariable	0	4
std.zig.llvm.Builder.addVariableAssumeCapacity	4	fn	addVariableAssumeCapacity	0	4
std.zig.llvm.Builder.addFunction	4	fn	addFunction	0	4
std.zig.llvm.Builder.addFunctionAssumeCapacity	4	fn	addFunctionAssumeCapacity	0	4
std.zig.llvm.Builder.getIntrinsic	4	fn	getIntrinsic	0	3
std.zig.llvm.Builder.intConst	4	fn	intConst	0	3
std.zig.llvm.Builder.intValue	4	fn	intValue	0	3
std.zig.llvm.Builder.bigIntConst	4	fn	bigIntConst	0	3
std.zig.llvm.Builder.bigIntValue	4	fn	bigIntValue	0	3
std.zig.llvm.Builder.fpConst	4	fn	fpConst	0	3
std.zig.llvm.Builder.fpValue	4	fn	fpValue	0	3
std.zig.llvm.Builder.nanConst	4	fn	nanConst	0	2
std.zig.llvm.Builder.nanValue	4	fn	nanValue	0	2
std.zig.llvm.Builder.halfConst	4	fn	halfConst	0	2
std.zig.llvm.Builder.halfValue	4	fn	halfValue	0	2
std.zig.llvm.Builder.bfloatConst	4	fn	bfloatConst	0	2
std.zig.llvm.Builder.bfloatValue	4	fn	bfloatValue	0	2
std.zig.llvm.Builder.floatConst	4	fn	floatConst	0	2
std.zig.llvm.Builder.floatValue	4	fn	floatValue	0	2
std.zig.llvm.Builder.doubleConst	4	fn	doubleConst	0	2
std.zig.llvm.Builder.doubleValue	4	fn	doubleValue	0	2
std.zig.llvm.Builder.fp128Const	4	fn	fp128Const	0	2
std.zig.llvm.Builder.fp128Value	4	fn	fp128Value	0	2
std.zig.llvm.Builder.x86_fp80Const	4	fn	x86_fp80Const	0	2
std.zig.llvm.Builder.x86_fp80Value	4	fn	x86_fp80Value	0	2
std.zig.llvm.Builder.ppc_fp128Const	4	fn	ppc_fp128Const	0	2
std.zig.llvm.Builder.ppc_fp128Value	4	fn	ppc_fp128Value	0	2
std.zig.llvm.Builder.nullConst	4	fn	nullConst	0	2
std.zig.llvm.Builder.nullValue	4	fn	nullValue	0	2
std.zig.llvm.Builder.noneConst	4	fn	noneConst	0	2
std.zig.llvm.Builder.noneValue	4	fn	noneValue	0	2
std.zig.llvm.Builder.structConst	4	fn	structConst	0	3
std.zig.llvm.Builder.structValue	4	fn	structValue	0	3
std.zig.llvm.Builder.arrayConst	4	fn	arrayConst	0	3
std.zig.llvm.Builder.arrayValue	4	fn	arrayValue	0	3
std.zig.llvm.Builder.stringConst	4	fn	stringConst	0	2
std.zig.llvm.Builder.stringValue	4	fn	stringValue	0	2
std.zig.llvm.Builder.vectorConst	4	fn	vectorConst	0	3
std.zig.llvm.Builder.vectorValue	4	fn	vectorValue	0	3
std.zig.llvm.Builder.splatConst	4	fn	splatConst	0	3
std.zig.llvm.Builder.splatValue	4	fn	splatValue	0	3
std.zig.llvm.Builder.zeroInitConst	4	fn	zeroInitConst	0	2
std.zig.llvm.Builder.zeroInitValue	4	fn	zeroInitValue	0	2
std.zig.llvm.Builder.undefConst	4	fn	undefConst	0	2
std.zig.llvm.Builder.undefValue	4	fn	undefValue	0	2
std.zig.llvm.Builder.poisonConst	4	fn	poisonConst	0	2
std.zig.llvm.Builder.poisonValue	4	fn	poisonValue	0	2
std.zig.llvm.Builder.blockAddrConst	4	fn	blockAddrConst	0	3
std.zig.llvm.Builder.blockAddrValue	4	fn	blockAddrValue	0	3
std.zig.llvm.Builder.dsoLocalEquivalentConst	4	fn	dsoLocalEquivalentConst	0	2
std.zig.llvm.Builder.dsoLocalEquivalentValue	4	fn	dsoLocalEquivalentValue	0	2
std.zig.llvm.Builder.noCfiConst	4	fn	noCfiConst	0	2
std.zig.llvm.Builder.noCfiValue	4	fn	noCfiValue	0	2
std.zig.llvm.Builder.convConst	4	fn	convConst	0	3
std.zig.llvm.Builder.convValue	4	fn	convValue	0	3
std.zig.llvm.Builder.castConst	4	fn	castConst	0	4
std.zig.llvm.Builder.castValue	4	fn	castValue	0	4
std.zig.llvm.Builder.gepConst	4	fn	gepConst	0	6
std.zig.llvm.Builder.gepValue	4	fn	gepValue	0	6
std.zig.llvm.Builder.binConst	4	fn	binConst	0	4
std.zig.llvm.Builder.binValue	4	fn	binValue	0	4
std.zig.llvm.Builder.asmConst	4	fn	asmConst	0	5
std.zig.llvm.Builder.asmValue	4	fn	asmValue	0	5
std.zig.llvm.Builder.alignmentForwardReference	4	fn	alignmentForwardReference	0	1
std.zig.llvm.Builder.resolveAlignmentForwardReference	4	fn	resolveAlignmentForwardReference	0	3
std.zig.llvm.Builder.dump	4	fn	dump	0	2
std.zig.llvm.Builder.printToFilePath	4	fn	printToFilePath	0	4
std.zig.llvm.Builder.printToFile	4	fn	printToFile	0	4
std.zig.llvm.Builder.print	4	fn	print	0	2
std.zig.llvm.Builder.metadataString	4	fn	metadataString	0	2
std.zig.llvm.Builder.metadataStringFromStrtabString	4	fn	metadataStringFromStrtabString	0	2
std.zig.llvm.Builder.metadataStringFmt	4	fn	metadataStringFmt	0	3
std.zig.llvm.Builder.metadataStringFmtAssumeCapacity	4	fn	metadataStringFmtAssumeCapacity	0	3
std.zig.llvm.Builder.trailingMetadataString	4	fn	trailingMetadataString	0	1
std.zig.llvm.Builder.trailingMetadataStringAssumeCapacity	4	fn	trailingMetadataStringAssumeCapacity	0	1
std.zig.llvm.Builder.addNamedMetadata	4	fn	addNamedMetadata	0	3
std.zig.llvm.Builder.debugFile	4	fn	debugFile	0	3
std.zig.llvm.Builder.debugCompileUnit	4	fn	debugCompileUnit	0	6
std.zig.llvm.Builder.debugSubprogram	4	fn	debugSubprogram	0	9
std.zig.llvm.Builder.debugLexicalBlock	4	fn	debugLexicalBlock	0	5
std.zig.llvm.Builder.debugLocation	4	fn	debugLocation	0	5
std.zig.llvm.Builder.debugBoolType	4	fn	debugBoolType	0	3
std.zig.llvm.Builder.debugUnsignedType	4	fn	debugUnsignedType	0	3
std.zig.llvm.Builder.debugSignedType	4	fn	debugSignedType	0	3
std.zig.llvm.Builder.debugFloatType	4	fn	debugFloatType	0	3
std.zig.llvm.Builder.debugForwardReference	4	fn	debugForwardReference	0	1
std.zig.llvm.Builder.debugStructType	4	fn	debugStructType	0	9
std.zig.llvm.Builder.debugUnionType	4	fn	debugUnionType	0	9
std.zig.llvm.Builder.debugEnumerationType	4	fn	debugEnumerationType	0	9
std.zig.llvm.Builder.debugArrayType	4	fn	debugArrayType	0	9
std.zig.llvm.Builder.debugVectorType	4	fn	debugVectorType	0	9
std.zig.llvm.Builder.debugPointerType	4	fn	debugPointerType	0	9
std.zig.llvm.Builder.debugMemberType	4	fn	debugMemberType	0	9
std.zig.llvm.Builder.debugTypedefType	4	fn	debugTypedefType	0	9
std.zig.llvm.Builder.debugSubroutineType	4	fn	debugSubroutineType	0	2
std.zig.llvm.Builder.debugEnumerator	4	fn	debugEnumerator	0	5
std.zig.llvm.Builder.debugSubrange	4	fn	debugSubrange	0	3
std.zig.llvm.Builder.debugExpression	4	fn	debugExpression	0	2
std.zig.llvm.Builder.metadataTuple	4	fn	metadataTuple	0	2
std.zig.llvm.Builder.metadataTupleOptionals	4	fn	metadataTupleOptionals	0	2
std.zig.llvm.Builder.debugLocalVar	4	fn	debugLocalVar	0	6
std.zig.llvm.Builder.debugParameter	4	fn	debugParameter	0	7
std.zig.llvm.Builder.debugGlobalVar	4	fn	debugGlobalVar	0	9
std.zig.llvm.Builder.debugGlobalVarExpression	4	fn	debugGlobalVarExpression	0	3
std.zig.llvm.Builder.metadataConstant	4	fn	metadataConstant	0	2
std.zig.llvm.Builder.resolveDebugForwardReference	4	fn	resolveDebugForwardReference	0	3
std.zig.llvm.Builder.debugCompileUnitAssumeCapacity	4	fn	debugCompileUnitAssumeCapacity	0	6
std.zig.llvm.Builder.Producer	4	struct	Producer	0	
std.zig.llvm.Builder.toBitcode	4	fn	toBitcode	0	3
std.zig.ParsedCharLiteral	2	alias	ParsedCharLiteral	0	string_literal.ParsedCharLiteral
std.zig.parseCharLiteral	2	alias	parseCharLiteral	0	string_literal.parseCharLiteral
std.zig.parseNumberLiteral	2	alias	parseNumberLiteral	0	number_literal.parseNumberLiteral
std.zig.c_translation	2	struct	c_translation	2	
std.zig.c_translation.builtins	3	ns	builtins	56	zig/c_translation/builtins.zig
std.zig.c_translation.builtins.abs	4	fn	abs	0	1
std.zig.c_translation.builtins.assume	4	fn	assume	0	1
std.zig.c_translation.builtins.bswap16	4	fn	bswap16	0	1
std.zig.c_translation.builtins.bswap32	4	fn	bswap32	0	1
std.zig.c_translation.builtins.bswap64	4	fn	bswap64	0	1
std.zig.c_translation.builtins.ceilf	4	fn	ceilf	0	1
std.zig.c_translation.builtins.ceil	4	fn	ceil	0	1
std.zig.c_translation.builtins.clz	4	fn	clz	0	1
std.zig.c_translation.builtins.constant_p	4	fn	constant_p	0	1
std.zig.c_translation.builtins.cosf	4	fn	cosf	0	1
std.zig.c_translation.builtins.cos	4	fn	cos	0	1
std.zig.c_translation.builtins.ctz	4	fn	ctz	0	1
std.zig.c_translation.builtins.exp2f	4	fn	exp2f	0	1
std.zig.c_translation.builtins.exp2	4	fn	exp2	0	1
std.zig.c_translation.builtins.expf	4	fn	expf	0	1
std.zig.c_translation.builtins.exp	4	fn	exp	0	1
std.zig.c_translation.builtins.expect	4	fn	expect	0	2
std.zig.c_translation.builtins.fabsf	4	fn	fabsf	0	1
std.zig.c_translation.builtins.fabs	4	fn	fabs	0	1
std.zig.c_translation.builtins.floorf	4	fn	floorf	0	1
std.zig.c_translation.builtins.floor	4	fn	floor	0	1
std.zig.c_translation.builtins.has_builtin	4	fn	has_builtin	0	1
std.zig.c_translation.builtins.huge_valf	4	fn	huge_valf	0	0
std.zig.c_translation.builtins.inff	4	fn	inff	0	0
std.zig.c_translation.builtins.isinf_sign	4	fn	isinf_sign	0	1
std.zig.c_translation.builtins.isinf	4	fn	isinf	0	1
std.zig.c_translation.builtins.isnan	4	fn	isnan	0	1
std.zig.c_translation.builtins.labs	4	fn	labs	0	1
std.zig.c_translation.builtins.llabs	4	fn	llabs	0	1
std.zig.c_translation.builtins.log10f	4	fn	log10f	0	1
std.zig.c_translation.builtins.log10	4	fn	log10	0	1
std.zig.c_translation.builtins.log2f	4	fn	log2f	0	1
std.zig.c_translation.builtins.log2	4	fn	log2	0	1
std.zig.c_translation.builtins.logf	4	fn	logf	0	1
std.zig.c_translation.builtins.log	4	fn	log	0	1
std.zig.c_translation.builtins.memcpy_chk	4	fn	memcpy_chk	0	4
std.zig.c_translation.builtins.memcpy	4	fn	memcpy	0	3
std.zig.c_translation.builtins.memset_chk	4	fn	memset_chk	0	4
std.zig.c_translation.builtins.memset	4	fn	memset	0	3
std.zig.c_translation.builtins.mul_overflow	4	fn	mul_overflow	0	3
std.zig.c_translation.builtins.nanf	4	fn	nanf	0	1
std.zig.c_translation.builtins.object_size	4	fn	object_size	0	2
std.zig.c_translation.builtins.popcount	4	fn	popcount	0	1
std.zig.c_translation.builtins.roundf	4	fn	roundf	0	1
std.zig.c_translation.builtins.round	4	fn	round	0	1
std.zig.c_translation.builtins.signbitf	4	fn	signbitf	0	1
std.zig.c_translation.builtins.signbit	4	fn	signbit	0	1
std.zig.c_translation.builtins.sinf	4	fn	sinf	0	1
std.zig.c_translation.builtins.sin	4	fn	sin	0	1
std.zig.c_translation.builtins.sqrtf	4	fn	sqrtf	0	1
std.zig.c_translation.builtins.sqrt	4	fn	sqrt	0	1
std.zig.c_translation.builtins.strcmp	4	fn	strcmp	0	2
std.zig.c_translation.builtins.strlen	4	fn	strlen	0	1
std.zig.c_translation.builtins.truncf	4	fn	truncf	0	1
std.zig.c_translation.builtins.trunc	4	fn	trunc	0	1
std.zig.c_translation.builtins.@"unreachable"	4	fn	@"unreachable"	0	0
std.zig.c_translation.helpers	3	ns	helpers	18	zig/c_translation/helpers.zig
std.zig.c_translation.helpers.ArithmeticConversion	4	fn	ArithmeticConversion	0	2
std.zig.c_translation.helpers.FlexibleArrayType	4	fn	FlexibleArrayType	0	2
std.zig.c_translation.helpers.promoteIntLiteral	4	fn	promoteIntLiteral	0	3
std.zig.c_translation.helpers.shuffleVectorIndex	4	fn	shuffleVectorIndex	0	2
std.zig.c_translation.helpers.signedRemainder	4	fn	signedRemainder	0	2
std.zig.c_translation.helpers.cast	4	fn	cast	0	2
std.zig.c_translation.helpers.sizeof	4	fn	sizeof	0	1
std.zig.c_translation.helpers.div	4	fn	div	0	2
std.zig.c_translation.helpers.rem	4	fn	rem	0	2
std.zig.c_translation.helpers.CAST_OR_CALL	4	fn	CAST_OR_CALL	0	2
std.zig.c_translation.helpers.DISCARD	4	fn	DISCARD	0	1
std.zig.c_translation.helpers.F_SUFFIX	4	fn	F_SUFFIX	0	1
std.zig.c_translation.helpers.L_SUFFIX	4	fn	L_SUFFIX	0	1
std.zig.c_translation.helpers.LL_SUFFIX	4	fn	LL_SUFFIX	0	1
std.zig.c_translation.helpers.U_SUFFIX	4	fn	U_SUFFIX	0	1
std.zig.c_translation.helpers.UL_SUFFIX	4	fn	UL_SUFFIX	0	1
std.zig.c_translation.helpers.ULL_SUFFIX	4	fn	ULL_SUFFIX	0	1
std.zig.c_translation.helpers.WL_CONTAINER_OF	4	fn	WL_CONTAINER_OF	0	3
std.zig.SrcHasher	2	alias	SrcHasher	0	std.crypto.hash.Blake3
std.zig.SrcHash	2	const	SrcHash	0	
std.zig.Color	2	enum	Color	1	
std.zig.Color.terminalMode	3	fn	terminalMode	0	1
std.zig.max_src_size	2	const	max_src_size	0	
std.zig.hashSrc	2	fn	hashSrc	0	1
std.zig.srcHashEql	2	fn	srcHashEql	0	2
std.zig.hashName	2	fn	hashName	0	3
std.zig.Loc	2	struct	Loc	1	
std.zig.Loc.eql	3	fn	eql	0	2
std.zig.findLineColumn	2	fn	findLineColumn	0	2
std.zig.lineDelta	2	fn	lineDelta	0	3
std.zig.BinNameOptions	2	struct	BinNameOptions	0	
std.zig.binNameAlloc	2	fn	binNameAlloc	0	2
std.zig.SanitizeC	2	enum	SanitizeC	0	
std.zig.BuildId	2	union	BuildId	5	
std.zig.BuildId.eql	3	fn	eql	0	2
std.zig.BuildId.HexString	3	struct	HexString	1	
std.zig.BuildId.HexString.toSlice	4	fn	toSlice	0	1
std.zig.BuildId.initHexString	3	fn	initHexString	0	1
std.zig.BuildId.parse	3	fn	parse	0	1
std.zig.BuildId.format	3	fn	format	0	2
std.zig.LtoMode	2	enum	LtoMode	0	
std.zig.Subsystem	2	enum	Subsystem	8	
std.zig.Subsystem.Console	3	const	Console	0	
std.zig.Subsystem.Windows	3	const	Windows	0	
std.zig.Subsystem.Posix	3	const	Posix	0	
std.zig.Subsystem.Native	3	const	Native	0	
std.zig.Subsystem.EfiApplication	3	const	EfiApplication	0	
std.zig.Subsystem.EfiBootServiceDriver	3	const	EfiBootServiceDriver	0	
std.zig.Subsystem.EfiRom	3	const	EfiRom	0	
std.zig.Subsystem.EfiRuntimeDriver	3	const	EfiRuntimeDriver	0	
std.zig.CompressDebugSections	2	enum	CompressDebugSections	0	
std.zig.RcIncludes	2	enum	RcIncludes	0	
std.zig.serializeCpu	2	fn	serializeCpu	0	2
std.zig.serializeCpuAlloc	2	fn	serializeCpuAlloc	0	2
std.zig.fmtId	2	fn	fmtId	0	1
std.zig.fmtIdFlags	2	fn	fmtIdFlags	0	2
std.zig.fmtIdPU	2	fn	fmtIdPU	0	1
std.zig.fmtIdP	2	fn	fmtIdP	0	1
std.zig.FormatId	2	struct	FormatId	2	
std.zig.FormatId.Flags	3	struct	Flags	0	
std.zig.FormatId.format	3	fn	format	0	2
std.zig.fmtString	2	fn	fmtString	0	1
std.zig.fmtChar	2	fn	fmtChar	0	1
std.zig.stringEscape	2	fn	stringEscape	0	2
std.zig.charEscape	2	fn	charEscape	0	2
std.zig.isValidId	2	fn	isValidId	0	1
std.zig.isUnderscore	2	fn	isUnderscore	0	1
std.zig.readSourceFileToEndAlloc	2	fn	readSourceFileToEndAlloc	0	2
std.zig.printAstErrorsToStderr	2	fn	printAstErrorsToStderr	0	5
std.zig.putAstErrorsIntoBundle	2	fn	putAstErrorsIntoBundle	0	4
std.zig.resolveTargetQueryOrFatal	2	fn	resolveTargetQueryOrFatal	0	2
std.zig.parseTargetQueryOrReportFatalError	2	fn	parseTargetQueryOrReportFatalError	0	2
std.zig.EnvVar	2	enum	EnvVar	2	
std.zig.EnvVar.isSet	3	fn	isSet	0	2
std.zig.EnvVar.get	3	fn	get	0	2
std.zig.SimpleComptimeReason	2	enum	SimpleComptimeReason	1	
std.zig.SimpleComptimeReason.message	3	fn	message	0	1
std.zig.EmitArtifact	2	enum	EmitArtifact	1	
std.zig.EmitArtifact.cacheName	3	fn	cacheName	0	3
std.zig.ClangCliParam	2	struct	ClangCliParam	4	
std.zig.ClangCliParam.Syntax	3	union	Syntax	0	
std.zig.ClangCliParam.ZigEquivalent	3	enum	ZigEquivalent	0	
std.zig.ClangCliParam.matchEql	3	fn	matchEql	0	2
std.zig.ClangCliParam.matchStartsWith	3	fn	matchStartsWith	0	2
std.zip	1	ns	zip	17	zip.zig
std.zip.CompressionMethod	2	enum	CompressionMethod	0	
std.zip.central_file_header_sig	2	const	central_file_header_sig	0	
std.zip.local_file_header_sig	2	const	local_file_header_sig	0	
std.zip.end_record_sig	2	const	end_record_sig	0	
std.zip.end_record64_sig	2	const	end_record64_sig	0	
std.zip.end_locator64_sig	2	const	end_locator64_sig	0	
std.zip.ExtraHeader	2	enum	ExtraHeader	0	
std.zip.LocalFileHeader	2	struct	LocalFileHeader	0	
std.zip.CentralDirectoryFileHeader	2	struct	CentralDirectoryFileHeader	0	
std.zip.EndRecord64	2	struct	EndRecord64	0	
std.zip.EndLocator64	2	struct	EndLocator64	0	
std.zip.EndRecord	2	struct	EndRecord	5	
std.zip.EndRecord.need_zip64	3	fn	need_zip64	0	1
std.zip.EndRecord.FindBufferError	3	const	FindBufferError	0	
std.zip.EndRecord.findBuffer	3	fn	findBuffer	0	1
std.zip.EndRecord.FindFileError	3	const	FindFileError	0	
std.zip.EndRecord.findFile	3	fn	findFile	0	1
std.zip.Decompress	2	struct	Decompress	1	
std.zip.Decompress.init	3	fn	init	0	3
std.zip.Iterator	2	struct	Iterator	3	
std.zip.Iterator.init	3	fn	init	0	1
std.zip.Iterator.next	3	fn	next	0	1
std.zip.Iterator.Entry	3	struct	Entry	1	
std.zip.Iterator.Entry.extract	4	fn	extract	0	5
std.zip.Diagnostics	2	struct	Diagnostics	2	
std.zip.Diagnostics.deinit	3	fn	deinit	0	1
std.zip.Diagnostics.nextFilename	3	fn	nextFilename	0	2
std.zip.ExtractOptions	2	struct	ExtractOptions	0	
std.zip.extract	2	fn	extract	0	3
std.zon	1	ns	zon	3	zon.zig
std.zon.parse	2	ns	parse	10	zon/parse.zig
std.zon.parse.Options	3	struct	Options	0	
std.zon.parse.Error	3	union	Error	5	
std.zon.parse.Error.Note	4	union	Note	3	
std.zon.parse.Error.Note.Iterator	5	struct	Iterator	1	
std.zon.parse.Error.Note.Iterator.next	6	fn	next	0	1
std.zon.parse.Error.Note.fmtMessage	5	fn	fmtMessage	0	2
std.zon.parse.Error.Note.getLocation	5	fn	getLocation	0	2
std.zon.parse.Error.Iterator	4	struct	Iterator	1	
std.zon.parse.Error.Iterator.next	5	fn	next	0	1
std.zon.parse.Error.fmtMessage	4	fn	fmtMessage	0	2
std.zon.parse.Error.getLocation	4	fn	getLocation	0	2
std.zon.parse.Error.iterateNotes	4	fn	iterateNotes	0	2
std.zon.parse.Diagnostics	3	struct	Diagnostics	3	
std.zon.parse.Diagnostics.deinit	4	fn	deinit	0	2
std.zon.parse.Diagnostics.iterateErrors	4	fn	iterateErrors	0	1
std.zon.parse.Diagnostics.format	4	fn	format	0	2
std.zon.parse.fromSlice	3	fn	fromSlice	0	5
std.zon.parse.fromSliceAlloc	3	fn	fromSliceAlloc	0	5
std.zon.parse.fromZoir	3	fn	fromZoir	0	5
std.zon.parse.fromZoirAlloc	3	fn	fromZoirAlloc	0	6
std.zon.parse.fromZoirNode	3	fn	fromZoirNode	0	6
std.zon.parse.fromZoirNodeAlloc	3	fn	fromZoirNodeAlloc	0	7
std.zon.parse.free	3	fn	free	0	2
std.zon.stringify	2	ns	stringify	4	zon/stringify.zig
std.zon.stringify.SerializeOptions	3	struct	SerializeOptions	0	
std.zon.stringify.serialize	3	fn	serialize	0	3
std.zon.stringify.serializeMaxDepth	3	fn	serializeMaxDepth	0	4
std.zon.stringify.serializeArbitraryDepth	3	fn	serializeArbitraryDepth	0	3
std.zon.Serializer	2	ns	Serializer	25	zon/Serializer.zig
std.zon.Serializer.Error	3	alias	Error	0	Writer.Error
std.zon.Serializer.DepthError	3	const	DepthError	0	
std.zon.Serializer.Options	3	struct	Options	0	
std.zon.Serializer.ContainerOptions	3	struct	ContainerOptions	0	
std.zon.Serializer.ValueOptions	3	struct	ValueOptions	0	
std.zon.Serializer.EmitCodepointLiterals	3	enum	EmitCodepointLiterals	0	
std.zon.Serializer.value	3	fn	value	0	3
std.zon.Serializer.valueMaxDepth	3	fn	valueMaxDepth	0	4
std.zon.Serializer.valueArbitraryDepth	3	fn	valueArbitraryDepth	0	3
std.zon.Serializer.int	3	fn	int	0	2
std.zon.Serializer.float	3	fn	float	0	2
std.zon.Serializer.ident	3	fn	ident	0	2
std.zon.Serializer.CodePointError	3	const	CodePointError	0	
std.zon.Serializer.codePoint	3	fn	codePoint	0	2
std.zon.Serializer.tuple	3	fn	tuple	0	3
std.zon.Serializer.tupleMaxDepth	3	fn	tupleMaxDepth	0	4
std.zon.Serializer.tupleArbitraryDepth	3	fn	tupleArbitraryDepth	0	3
std.zon.Serializer.string	3	fn	string	0	2
std.zon.Serializer.MultilineStringOptions	3	struct	MultilineStringOptions	0	
std.zon.Serializer.MultilineStringError	3	const	MultilineStringError	0	
std.zon.Serializer.multilineString	3	fn	multilineString	0	3
std.zon.Serializer.beginStruct	3	fn	beginStruct	0	2
std.zon.Serializer.beginTuple	3	fn	beginTuple	0	2
std.zon.Serializer.Tuple	3	struct	Tuple	7	
std.zon.Serializer.Tuple.end	4	fn	end	0	1
std.zon.Serializer.Tuple.field	4	fn	field	0	3
std.zon.Serializer.Tuple.fieldMaxDepth	4	fn	fieldMaxDepth	0	4
std.zon.Serializer.Tuple.fieldArbitraryDepth	4	fn	fieldArbitraryDepth	0	3
std.zon.Serializer.Tuple.beginStructField	4	fn	beginStructField	0	2
std.zon.Serializer.Tuple.beginTupleField	4	fn	beginTupleField	0	2
std.zon.Serializer.Tuple.fieldPrefix	4	fn	fieldPrefix	0	1
std.zon.Serializer.Struct	3	struct	Struct	7	
std.zon.Serializer.Struct.end	4	fn	end	0	1
std.zon.Serializer.Struct.field	4	fn	field	0	4
std.zon.Serializer.Struct.fieldMaxDepth	4	fn	fieldMaxDepth	0	5
std.zon.Serializer.Struct.fieldArbitraryDepth	4	fn	fieldArbitraryDepth	0	4
std.zon.Serializer.Struct.beginStructField	4	fn	beginStructField	0	3
std.zon.Serializer.Struct.beginTupleField	4	fn	beginTupleField	0	3
std.zon.Serializer.Struct.fieldPrefix	4	fn	fieldPrefix	0	2
std.start	1	ns	start	0	start.zig
std.options	1	const	options	0	
std.Options	1	struct	Options	6	
std.Options.logTerminalMode	2	alias	logTerminalMode	0	log.defaultTerminalMode
std.Options.elf_debug_info_search_paths	2	const	elf_debug_info_search_paths	0	
std.Options.debug_threaded_io	2	const	debug_threaded_io	0	
std.Options.debug_io	2	const	debug_io	0	
std.Options.FilePermissions	2	const	FilePermissions	0	
std.Options.cwd	2	const	cwd	0	
