from_path	kind	to_path	to_line
std.AutoHashMap	alias	std.hash_map.AutoHashMap	
std.AutoHashMapUnmanaged	alias	std.hash_map.AutoHashMapUnmanaged	
std.Build.Cache.Path.TableAdapter.Hash	alias	std.hash.Wyhash	
std.StaticStringMap	alias	std.static_string_map.StaticStringMap	
std.StaticStringMapWithEql	alias	std.static_string_map.StaticStringMapWithEql	
std.DynamicBitSet	alias	std.bit_set.DynamicBitSet	3640
std.DynamicBitSetUnmanaged	alias	std.bit_set.DynamicBitSetUnmanaged	3610
std.EnumArray	alias	std.enums.EnumArray	
std.EnumMap	alias	std.enums.EnumMap	
std.EnumSet	alias	std.enums.EnumSet	
std.HashMap	alias	std.hash_map.HashMap	
std.HashMapUnmanaged	alias	std.hash_map.HashMapUnmanaged	
std.Io.Reader.RebaseError	alias	std.Io.Reader.Error	
std.Io.net.Socket.Handle	alias	std.posix.fd_t	
std.Io.Dir.Handle	alias	std.posix.fd_t	
std.Io.Dir.path	alias	std.fs.path	7473
std.Io.Dir.Iterator.Error	alias	std.Io.Dir.Reader.Error	
std.Io.Dir.UpdateFileError	alias	std.Io.File.OpenError	
std.Io.Dir.Stat	alias	std.Io.File.Stat	
std.Io.Dir.StatError	alias	std.Io.File.StatError	
std.Io.Dir.RealPathError	alias	std.Io.File.RealPathError	
std.Io.Dir.HardLinkOptions	alias	std.Io.File.HardLinkOptions	
std.Io.Dir.HardLinkError	alias	std.Io.File.HardLinkError	
std.Io.Dir.SetPermissionsError	alias	std.Io.File.SetPermissionsError	
std.Io.Dir.Permissions	alias	std.Io.File.Permissions	
std.Io.Dir.SetOwnerError	alias	std.Io.File.SetOwnerError	
std.Io.File.Handle	alias	std.posix.fd_t	
std.Io.File.Writer.Mode	alias	std.Io.File.Reader.Mode	1311
std.Io.File.Writer.SeekError	alias	std.Io.File.SeekError	
std.Io.File.Atomic.InitError	alias	std.Io.File.OpenError	
std.Io.File.Atomic.ReplaceError	alias	std.Io.Dir.RenameError	
std.Io.File.INode	alias	std.posix.ino_t	
std.Io.File.NLink	alias	std.posix.nlink_t	
std.Io.File.Uid	alias	std.posix.uid_t	
std.Io.File.Gid	alias	std.posix.gid_t	
std.Io.File.OpenMode	alias	std.Io.Dir.OpenFileOptions.Mode	
std.Io.File.OpenFlags	alias	std.Io.Dir.OpenFileOptions	1212
std.Io.File.CreateFlags	alias	std.Io.Dir.CreateFileOptions	
std.Io.File.LengthError	alias	std.Io.File.StatError	
std.Random.DefaultPrng	alias	std.Random.Xoshiro256	1808
std.Random.DefaultCsprng	alias	std.Random.ChaCha	1787
std.StaticBitSet	alias	std.bit_set.StaticBitSet	
std.StringHashMap	alias	std.hash_map.StringHashMap	
std.StringHashMapUnmanaged	alias	std.hash_map.StringHashMapUnmanaged	
std.Target.Query.SemanticVersion	alias	std.SemanticVersion	1870
std.Target.microblaze	import	std.Target.kalimba	2872
std.Target.or1k	import	std.Target.kalimba	2872
std.Target.sh	import	std.Target.kalimba	2872
std.Target.SubSystem	alias	std.zig.Subsystem	16356
std.Tz	alias	std.tz.Tz	14773
std.ArrayHashMapUnmanaged	alias	std.array_hash_map.Custom	
std.AutoArrayHashMapUnmanaged	alias	std.array_hash_map.Auto	
std.StringArrayHashMapUnmanaged	alias	std.array_hash_map.String	
std.ArrayListAligned	alias	std.array_list.Aligned	
std.ArrayListAlignedUnmanaged	alias	std.array_list.Aligned	
std.ArrayListUnmanaged	alias	std.ArrayList	
std.array_hash_map.ArrayHashMap	alias	std.array_hash_map.Custom	
std.bit_set.DynamicBitSet.Iterator	alias	std.bit_set.DynamicBitSetUnmanaged.Iterator	
std.c.iovec	alias	std.posix.iovec	
std.c.iovec_const	alias	std.posix.iovec_const	
std.c.LOCK	alias	std.posix.LOCK	14190
std.c.winsize	alias	std.posix.winsize	
std.c.TIMERFD_CLOCK	alias	std.c.timerfd_clockid_t	
std.c.CLOCK	alias	std.c.clockid_t	
std.c.TCSA	alias	std.posix.TCSA	
std.compress.flate.Compress.rebase_min_preserve	alias	std.compress.flate.history_len	
std.crypto.ecc.Curve25519.scalar	import	std.crypto.dh.X25519.Curve.scalar	4832
std.crypto.ecc.Edwards25519.scalar	import	std.crypto.dh.X25519.Curve.scalar	4832
std.crypto.ecc.Ristretto255.Curve.scalar	import	std.crypto.dh.X25519.Curve.scalar	4832
std.crypto.sign.Ed25519.Curve	alias	std.crypto.ecc.Edwards25519	4941
std.crypto.tls.Client.min_buffer_len	alias	std.crypto.tls.max_ciphertext_record_len	
std.crypto.Certificate.Bundle.AddCertsFromDirError	alias	std.crypto.Certificate.Bundle.AddCertsFromFilePathError	
std.crypto.Certificate.Parsed.Slice	alias	std.crypto.Certificate.der.Element.Slice	5739
std.debug.Dwarf.OpenError	alias	std.debug.Dwarf.ScanError	
std.elf.DT_PROCNUM	alias	std.elf.DT_MIPS_NUM	
std.elf.PT_NUM	alias	std.elf.PT.NUM	
std.elf.SHT_NUM	alias	std.elf.SHT.NUM	
std.elf.STB_NUM	alias	std.elf.STB.NUM	
std.elf.STT_NUM	alias	std.elf.STT.NUM	
std.elf.EI_CLASS	alias	std.elf.EI.CLASS	
std.elf.EI_DATA	alias	std.elf.EI.DATA	
std.elf.EI_VERSION	alias	std.elf.EI.VERSION	
std.elf.EI_OSABI	alias	std.elf.EI.OSABI	
std.elf.EI_ABIVERSION	alias	std.elf.EI.ABIVERSION	
std.elf.EI_PAD	alias	std.elf.EI.PAD	
std.elf.EI_NIDENT	alias	std.elf.EI.NIDENT	
std.elf.Elf32.Rela.Info	alias	std.elf.Elf32.Rel.Info	
std.elf.Elf64.Sym.Info	alias	std.elf.Elf32.Sym.Info	
std.elf.Elf64.Sym.Other	alias	std.elf.Elf32.Sym.Other	
std.elf.Elf64.Rela.Info	alias	std.elf.Elf64.Rel.Info	
std.elf.ELFCLASSNUM	alias	std.elf.CLASS.NUM	
std.elf.ELFDATANUM	alias	std.elf.DATA.NUM	
std.fs.path.fmtAsUtf8Lossy	alias	std.unicode.fmtUtf8	
std.fs.path.fmtWtf16LeAsUtf8Lossy	alias	std.unicode.fmtUtf16Le	
std.fs.base64_alphabet	alias	std.base64.url_safe_alphabet_chars	
std.fs.max_path_bytes	alias	std.Io.Dir.max_path_bytes	
std.fs.max_name_bytes	alias	std.Io.Dir.max_name_bytes	
std.hash.crc.Crc32	alias	std.hash.crc.Crc32IsoHdlc	
std.hash.Crc32	alias	std.hash.crc.Crc32	
std.hash.SipHash64	alias	std.crypto.auth.siphash.SipHash64	
std.hash.SipHash128	alias	std.crypto.auth.siphash.SipHash128	
std.hash.Murmur2_32	alias	std.hash.murmur.Murmur2_32	7686
std.hash.Murmur2_64	alias	std.hash.murmur.Murmur2_64	7693
std.hash.Murmur3_32	alias	std.hash.murmur.Murmur3_32	7700
std.hash.CityHash32	alias	std.hash.cityhash.CityHash32	7711
std.hash.CityHash64	alias	std.hash.cityhash.CityHash64	7713
std.heap.BrkAllocator.Error	alias	std.mem.Allocator.Error	
std.heap.MemoryPoolAligned	alias	std.heap.memory_pool.Aligned	
std.heap.MemoryPoolExtra	alias	std.heap.memory_pool.Extra	
std.heap.MemoryPoolOptions	alias	std.heap.memory_pool.Options	
std.http.BodyWriter.Error	alias	std.Io.Writer.Error	
std.json.Scanner.Reader.SkipError	alias	std.json.Scanner.Reader.NextError	
std.json.validate	alias	std.json.Scanner.validate	
std.json.Error	alias	std.json.Scanner.Error	
std.json.default_buffer_size	alias	std.json.Scanner.default_buffer_size	
std.json.Token	alias	std.json.Scanner.Token	
std.json.TokenType	alias	std.json.Scanner.TokenType	
std.json.Diagnostics	alias	std.json.Scanner.Diagnostics	8017
std.json.AllocWhen	alias	std.json.Scanner.AllocWhen	
std.json.default_max_value_len	alias	std.json.Scanner.default_max_value_len	
std.json.Reader	alias	std.json.Scanner.Reader	8023
std.json.isNumberFormattedLikeAnInteger	alias	std.json.Scanner.isNumberFormattedLikeAnInteger	
std.json.Stringify.Error	alias	std.Io.Writer.Error	
std.log.terminalMode	alias	std.Options.logTerminalMode	
std.math.Complex	alias	std.math.complex.Complex	
std.math.big.int.Mutable.ConvertError	alias	std.math.big.int.Const.ConvertError	
std.math.big.int.Managed.ConvertError	alias	std.math.big.int.Const.ConvertError	
std.mem.indexOfDiff	alias	std.mem.findDiff	
std.mem.indexOfSentinel	alias	std.mem.findSentinel	
std.mem.indexOfScalar	alias	std.mem.findScalar	
std.mem.lastIndexOfScalar	alias	std.mem.findScalarLast	
std.mem.indexOfScalarPos	alias	std.mem.findScalarPos	
std.mem.indexOfAny	alias	std.mem.findAny	
std.mem.lastIndexOfAny	alias	std.mem.findLastAny	
std.mem.indexOfAnyPos	alias	std.mem.findAnyPos	
std.mem.indexOfNone	alias	std.mem.findNone	
std.mem.lastIndexOfNone	alias	std.mem.findLastNone	
std.mem.indexOfNonePos	alias	std.mem.findNonePos	
std.mem.indexOf	alias	std.mem.find	
std.mem.lastIndexOfLinear	alias	std.mem.findLastLinear	
std.mem.indexOfPosLinear	alias	std.mem.findPosLinear	
std.mem.lastIndexOf	alias	std.mem.findLast	
std.mem.indexOfPos	alias	std.mem.findPos	
std.mem.indexOfMin	alias	std.mem.findMin	
std.mem.indexOfMax	alias	std.mem.findMax	
std.mem.indexOfMinMax	alias	std.mem.findMinMax	
std.os.linux.BPF.FROM_LE	alias	std.os.linux.BPF.TO_LE	
std.os.linux.BPF.FROM_BE	alias	std.os.linux.BPF.TO_BE	
std.os.linux.PF.ROUTE	alias	std.os.linux.PF.NETLINK	
std.os.linux.AF.UNSPEC	alias	std.os.linux.PF.UNSPEC	
std.os.linux.AF.LOCAL	alias	std.os.linux.PF.LOCAL	
std.os.linux.AF.UNIX	alias	std.os.linux.AF.LOCAL	
std.os.linux.AF.FILE	alias	std.os.linux.AF.LOCAL	
std.os.linux.AF.INET	alias	std.os.linux.PF.INET	
std.os.linux.AF.AX25	alias	std.os.linux.PF.AX25	
std.os.linux.AF.IPX	alias	std.os.linux.PF.IPX	
std.os.linux.AF.APPLETALK	alias	std.os.linux.PF.APPLETALK	
std.os.linux.AF.NETROM	alias	std.os.linux.PF.NETROM	
std.os.linux.AF.BRIDGE	alias	std.os.linux.PF.BRIDGE	
std.os.linux.AF.ATMPVC	alias	std.os.linux.PF.ATMPVC	
std.os.linux.AF.X25	alias	std.os.linux.PF.X25	
std.os.linux.AF.INET6	alias	std.os.linux.PF.INET6	
std.os.linux.AF.ROSE	alias	std.os.linux.PF.ROSE	
std.os.linux.AF.DECnet	alias	std.os.linux.PF.DECnet	
std.os.linux.AF.NETBEUI	alias	std.os.linux.PF.NETBEUI	
std.os.linux.AF.SECURITY	alias	std.os.linux.PF.SECURITY	
std.os.linux.AF.KEY	alias	std.os.linux.PF.KEY	
std.os.linux.AF.NETLINK	alias	std.os.linux.PF.NETLINK	
std.os.linux.AF.ROUTE	alias	std.os.linux.PF.ROUTE	
std.os.linux.AF.PACKET	alias	std.os.linux.PF.PACKET	
std.os.linux.AF.ASH	alias	std.os.linux.PF.ASH	
std.os.linux.AF.ECONET	alias	std.os.linux.PF.ECONET	
std.os.linux.AF.ATMSVC	alias	std.os.linux.PF.ATMSVC	
std.os.linux.AF.RDS	alias	std.os.linux.PF.RDS	
std.os.linux.AF.SNA	alias	std.os.linux.PF.SNA	
std.os.linux.AF.IRDA	alias	std.os.linux.PF.IRDA	
std.os.linux.AF.PPPOX	alias	std.os.linux.PF.PPPOX	
std.os.linux.AF.WANPIPE	alias	std.os.linux.PF.WANPIPE	
std.os.linux.AF.LLC	alias	std.os.linux.PF.LLC	
std.os.linux.AF.IB	alias	std.os.linux.PF.IB	
std.os.linux.AF.MPLS	alias	std.os.linux.PF.MPLS	
std.os.linux.AF.CAN	alias	std.os.linux.PF.CAN	
std.os.linux.AF.TIPC	alias	std.os.linux.PF.TIPC	
std.os.linux.AF.BLUETOOTH	alias	std.os.linux.PF.BLUETOOTH	
std.os.linux.AF.IUCV	alias	std.os.linux.PF.IUCV	
std.os.linux.AF.RXRPC	alias	std.os.linux.PF.RXRPC	
std.os.linux.AF.ISDN	alias	std.os.linux.PF.ISDN	
std.os.linux.AF.PHONET	alias	std.os.linux.PF.PHONET	
std.os.linux.AF.IEEE802154	alias	std.os.linux.PF.IEEE802154	
std.os.linux.AF.CAIF	alias	std.os.linux.PF.CAIF	
std.os.linux.AF.ALG	alias	std.os.linux.PF.ALG	
std.os.linux.AF.NFC	alias	std.os.linux.PF.NFC	
std.os.linux.AF.VSOCK	alias	std.os.linux.PF.VSOCK	
std.os.linux.AF.KCM	alias	std.os.linux.PF.KCM	
std.os.linux.AF.QIPCRTR	alias	std.os.linux.PF.QIPCRTR	
std.os.linux.AF.SMC	alias	std.os.linux.PF.SMC	
std.os.linux.AF.XDP	alias	std.os.linux.PF.XDP	
std.os.linux.AF.MAX	alias	std.os.linux.PF.MAX	
std.os.linux.IP.RECVORIGDSTADDR	alias	std.os.linux.IP.ORIGDSTADDR	
std.os.linux.IP.RECVRETOPTS	alias	std.os.linux.IP.RETOPTS	
std.os.linux.IPV6.RECVORIGDSTADDR	alias	std.os.linux.IPV6.ORIGDSTADDR	
std.os.linux.CLOCK	alias	std.os.linux.clockid_t	
std.os.linux.TIMERFD_CLOCK	alias	std.os.linux.timerfd_clockid_t	
std.os.linux.kernel_fsid_t	alias	std.os.linux.fsid_t	
std.os.linux.XATTR_CAPS_SZ	alias	std.os.linux.XATTR_CAPS_SZ_2	
std.os.linux.VFS_CAP_U32	alias	std.os.linux.VFS_CAP_U32_2	
std.os.linux.VFS_CAP_REVISION	alias	std.os.linux.VFS_CAP_REVISION_2	
std.os.linux.MFD.HUGE_SHIFT	alias	std.os.linux.HUGETLB_FLAG_ENCODE_SHIFT	
std.os.linux.MFD.HUGE_MASK	alias	std.os.linux.HUGETLB_FLAG_ENCODE_MASK	
std.os.linux.MFD.HUGE_64KB	alias	std.os.linux.HUGETLB_FLAG_ENCODE_64KB	
std.os.linux.MFD.HUGE_512KB	alias	std.os.linux.HUGETLB_FLAG_ENCODE_512KB	
std.os.linux.MFD.HUGE_1MB	alias	std.os.linux.HUGETLB_FLAG_ENCODE_1MB	
std.os.linux.MFD.HUGE_2MB	alias	std.os.linux.HUGETLB_FLAG_ENCODE_2MB	
std.os.linux.MFD.HUGE_8MB	alias	std.os.linux.HUGETLB_FLAG_ENCODE_8MB	
std.os.linux.MFD.HUGE_16MB	alias	std.os.linux.HUGETLB_FLAG_ENCODE_16MB	
std.os.linux.MFD.HUGE_32MB	alias	std.os.linux.HUGETLB_FLAG_ENCODE_32MB	
std.os.linux.MFD.HUGE_256MB	alias	std.os.linux.HUGETLB_FLAG_ENCODE_256MB	
std.os.linux.MFD.HUGE_512MB	alias	std.os.linux.HUGETLB_FLAG_ENCODE_512MB	
std.os.linux.MFD.HUGE_1GB	alias	std.os.linux.HUGETLB_FLAG_ENCODE_1GB	
std.os.linux.MFD.HUGE_2GB	alias	std.os.linux.HUGETLB_FLAG_ENCODE_2GB	
std.os.linux.MFD.HUGE_16GB	alias	std.os.linux.HUGETLB_FLAG_ENCODE_16GB	
std.os.linux.TCSA	alias	std.posix.TCSA	
std.os.uefi.protocol.File.CloseError	alias	std.os.uefi.UnexpectedError	
std.os.uefi.protocol.SimpleTextInput.Key	alias	std.os.uefi.protocol.SimpleTextInputEx.Key	11599
std.os.uefi.tables.BootServices.NumHandlesError	alias	std.os.uefi.UnexpectedError	
std.os.wasi.iovec_t	alias	std.posix.iovec	
std.os.wasi.ciovec_t	alias	std.posix.iovec_const	
std.os.emscripten.FILE	alias	std.c.FILE	
std.os.emscripten.PF	alias	std.os.linux.PF	9835
std.os.emscripten.AF	alias	std.os.linux.AF	9885
std.os.emscripten.CLOCK	alias	std.os.linux.CLOCK	
std.os.emscripten.IPPROTO	alias	std.os.linux.IPPROTO	10842
std.os.emscripten.rlimit	alias	std.c.rlimit	
std.os.emscripten.SIG	alias	std.os.linux.SIG	
std.os.emscripten.TCSA	alias	std.posix.TCSA	
std.os.emscripten.addrinfo	alias	std.c.addrinfo	
std.os.emscripten.in_port_t	alias	std.c.in_port_t	
std.os.emscripten.sa_family_t	alias	std.c.sa_family_t	
std.os.emscripten.socklen_t	alias	std.c.socklen_t	
std.os.emscripten.sockaddr	alias	std.c.sockaddr	
std.os.emscripten.fd_t	alias	std.c.fd_t	
std.os.emscripten.msghdr	alias	std.c.msghdr	
std.os.emscripten.msghdr_const	alias	std.c.msghdr	
std.os.emscripten.em_settled_result_t	alias	std.os.emscripten.struct_em_settled_result_t	
std.os.windows.crypt32.CERT_ENHKEY_USAGE	alias	std.os.windows.crypt32.CTL_USAGE	
std.os.windows.TDI.CONNECTION.CONTEXT	alias	std.os.windows.PVOID	
std.os.windows.IMAGE_TLS_DIRECTORY64	alias	std.os.windows.IMAGE_TLS_DIRECTORY	
std.os.windows.IMAGE_TLS_DIRECTORY32	alias	std.os.windows.IMAGE_TLS_DIRECTORY	
std.os.windows.REGSAM	alias	std.os.windows.ACCESS_MASK	13245
std.os.windows.CRITICAL_SECTION	alias	std.os.windows.RTL_CRITICAL_SECTION	
std.os.windows.INIT_ONCE	alias	std.os.windows.RTL_RUN_ONCE	
std.os.windows.INIT_ONCE_STATIC_INIT	alias	std.os.windows.RTL_RUN_ONCE_INIT	
std.os.windows.FILE_BOTH_DIRECTORY_INFORMATION	alias	std.os.windows.FILE_BOTH_DIR_INFORMATION	
std.os.windows.RTL_OSVERSIONINFOW	alias	std.os.windows.OSVERSIONINFOW	
std.posix.RaiseError	alias	std.Io.UnexpectedError	
std.posix.ReadError	alias	std.Io.File.Reader.Error	
std.posix.SyncError	alias	std.Io.File.SyncError	
std.posix.GetrlimitError	alias	std.Io.UnexpectedError	
std.posix.UnexpectedError	alias	std.Io.UnexpectedError	
std.ascii.indexOfIgnoreCase	alias	std.ascii.findIgnoreCase	
std.ascii.indexOfIgnoreCasePos	alias	std.ascii.findIgnoreCasePos	
std.ascii.indexOfIgnoreCasePosLinear	alias	std.ascii.findIgnoreCasePosLinear	
std.tar.PipeOptions	alias	std.tar.ExtractOptions	14615
std.tar.pipeToFileSystem	alias	std.tar.extract	
std.testing.Smith.Weight	alias	std.Build.abi.fuzz.Weight	510
std.time.epoch.unix	alias	std.time.epoch.posix	
std.time.epoch.android	alias	std.time.epoch.posix	
std.time.epoch.os2	alias	std.time.epoch.dos	
std.time.epoch.bios	alias	std.time.epoch.dos	
std.time.epoch.vfat	alias	std.time.epoch.dos	
std.time.epoch.ntfs	alias	std.time.epoch.windows	
std.time.epoch.ntp	alias	std.time.epoch.zos	
std.time.epoch.jbase	alias	std.time.epoch.pickos	
std.time.epoch.aros	alias	std.time.epoch.amiga	
std.time.epoch.morphos	alias	std.time.epoch.amiga	
std.time.epoch.brew	alias	std.time.epoch.gps	
std.time.epoch.atsc	alias	std.time.epoch.gps	
std.time.epoch.go	alias	std.time.epoch.clr	
std.unicode.Utf16LeToUtf8Error	alias	std.unicode.Utf16LeIterator.NextCodepointError	
std.zig.isPrimitive	alias	std.zig.primitives.isPrimitive	
std.zig.system.windows.WindowsVersion	alias	std.Target.Os.WindowsVersion	1927
std.zig.system.windows.PF	alias	std.os.windows.PF	
std.zig.system.windows.REG	alias	std.os.windows.REG	13891
std.zig.system.windows.IsProcessorFeaturePresent	alias	std.os.windows.IsProcessorFeaturePresent	
std.zig.llvm.Builder.Function.Instruction.GetElementPtr.Kind	alias	std.zig.llvm.Builder.Constant.GetElementPtr.Kind	
std.zig.llvm.Builder.Function.Instruction.Cast.Signedness	alias	std.zig.llvm.Builder.Constant.Cast.Signedness	
std.zig.llvm.Builder.WipFunction.Instruction	alias	std.zig.llvm.Builder.Function.Instruction	15893
std.zig.ParsedCharLiteral	alias	std.zig.string_literal.ParsedCharLiteral	
std.zig.parseCharLiteral	alias	std.zig.string_literal.parseCharLiteral	
std.zig.parseNumberLiteral	alias	std.zig.number_literal.parseNumberLiteral	
std.zig.SrcHasher	alias	std.crypto.hash.Blake3	5267
std.zon.Serializer.Error	alias	std.Io.Writer.Error	
std.Options.logTerminalMode	alias	std.log.defaultTerminalMode	
std.gpu.executionMode	usage	std.gpu.ExecutionMode	7548
std.ascii.allocLowerString	usage	std.mem.Allocator	8800
std.ascii.allocUpperString	usage	std.mem.Allocator	8800
std.ascii.orderIgnoreCase	usage	std.math.Order	8784
std.ascii.orderIgnoreCaseZ	usage	std.math.Order	8784
std.ascii.boundedOrderIgnoreCaseZ	usage	std.math.Order	8784
std.ascii.hexEscape	usage	std.fmt.Case	
std.ascii.hexEscape	usage	std.fmt.Alt	
std.ascii.hexEscape	usage	std.ascii.HexEscape	14583
std.ascii.hexEscape	usage	std.ascii.HexEscape.format	
std.http.HeadParser.feed	usage	std.http.HeadParser	7922
std.crypto.codecs.asn1.der.Encoder.init	usage	std.mem.Allocator	8800
std.crypto.codecs.asn1.der.Encoder.init	usage	std.crypto.codecs.asn1.der.Encoder	5514
std.crypto.codecs.asn1.der.Encoder.deinit	usage	std.crypto.codecs.asn1.der.Encoder	5514
std.crypto.codecs.asn1.der.Encoder.any	usage	std.crypto.codecs.asn1.der.Encoder	5514
std.crypto.codecs.asn1.der.Encoder.tag	usage	std.crypto.codecs.asn1.der.Encoder	5514
std.crypto.codecs.asn1.der.Encoder.tag	usage	std.crypto.codecs.asn1.Tag	5534
std.crypto.codecs.asn1.der.Encoder.length	usage	std.crypto.codecs.asn1.der.Encoder	5514
std.crypto.codecs.asn1.der.Encoder.tagBytes	usage	std.crypto.codecs.asn1.der.Encoder	5514
std.crypto.codecs.asn1.der.Encoder.tagBytes	usage	std.crypto.codecs.asn1.Tag	5534
std.crypto.codecs.asn1.der.Encoder.writer	usage	std.crypto.codecs.asn1.der.Encoder	5514
std.Io.Reader.Limited.init	usage	std.Io.Reader	811
std.Io.Reader.Limited.init	usage	std.Io.Limit	1505
std.Io.Reader.Limited.init	usage	std.Io.Reader.Limited	812
std.tar.Writer.setRoot	usage	std.tar.Writer	14589
std.tar.Writer.writeDir	usage	std.tar.Writer	14589
std.tar.Writer.writeDir	usage	std.tar.Writer.Options	
std.tar.Writer.writeFileTimestamp	usage	std.tar.Writer	14589
std.tar.Writer.writeFileTimestamp	usage	std.Io.File.Reader	1307
std.tar.Writer.writeFileTimestamp	usage	std.Io.Timestamp	1538
std.tar.Writer.writeFileTimestamp	usage	std.tar.Writer.WriteFileError	
std.tar.Writer.writeFile	usage	std.tar.Writer	14589
std.tar.Writer.writeFile	usage	std.Io.File.Reader	1307
std.tar.Writer.writeFile	usage	std.tar.Writer.WriteFileError	
std.tar.Writer.writeFileStream	usage	std.tar.Writer	14589
std.tar.Writer.writeFileStream	usage	std.Io.Reader	811
std.tar.Writer.writeFileStream	usage	std.tar.Writer.Options	
std.tar.Writer.writeFileStream	usage	std.tar.Writer.WriteFileStreamError	
std.tar.Writer.writeFileBytes	usage	std.tar.Writer	14589
std.tar.Writer.writeFileBytes	usage	std.tar.Writer.Options	
std.tar.Writer.writeLink	usage	std.tar.Writer	14589
std.tar.Writer.writeLink	usage	std.tar.Writer.Options	
std.tar.Writer.finishPedantically	usage	std.tar.Writer	14589
std.tar.Writer.finishPedantically	usage	std.Io.Writer.Error	
std.mem.Allocator.noAlloc	usage	std.mem.Alignment	8829
std.mem.Allocator.noResize	usage	std.mem.Alignment	8829
std.mem.Allocator.noRemap	usage	std.mem.Alignment	8829
std.mem.Allocator.noFree	usage	std.mem.Alignment	8829
std.mem.Allocator.rawAlloc	usage	std.mem.Allocator	8800
std.mem.Allocator.rawAlloc	usage	std.mem.Alignment	8829
std.mem.Allocator.rawResize	usage	std.mem.Allocator	8800
std.mem.Allocator.rawResize	usage	std.mem.Alignment	8829
std.mem.Allocator.rawRemap	usage	std.mem.Allocator	8800
std.mem.Allocator.rawRemap	usage	std.mem.Alignment	8829
std.mem.Allocator.rawFree	usage	std.mem.Allocator	8800
std.mem.Allocator.rawFree	usage	std.mem.Alignment	8829
std.mem.Allocator.create	usage	std.mem.Allocator	8800
std.mem.Allocator.create	usage	std.mem.Allocator.Error	
std.mem.Allocator.destroy	usage	std.mem.Allocator	8800
std.mem.Allocator.alloc	usage	std.mem.Allocator	8800
std.mem.Allocator.alloc	usage	std.mem.Allocator.Error	
std.mem.Allocator.allocWithOptions	usage	std.mem.Allocator	8800
std.mem.Allocator.allocWithOptions	usage	std.mem.Alignment	8829
std.mem.Allocator.allocWithOptions	usage	std.mem.Allocator.Error	
std.mem.Allocator.allocWithOptionsRetAddr	usage	std.mem.Allocator	8800
std.mem.Allocator.allocWithOptionsRetAddr	usage	std.mem.Alignment	8829
std.mem.Allocator.allocWithOptionsRetAddr	usage	std.mem.Allocator.Error	
std.mem.Allocator.allocSentinel	usage	std.mem.Allocator	8800
std.mem.Allocator.allocSentinel	usage	std.mem.Allocator.Error	
std.mem.Allocator.alignedAlloc	usage	std.mem.Allocator	8800
std.mem.Allocator.alignedAlloc	usage	std.mem.Alignment	8829
std.mem.Allocator.alignedAlloc	usage	std.mem.Allocator.Error	
std.mem.Allocator.allocAdvancedWithRetAddr	usage	std.mem.Allocator	8800
std.mem.Allocator.allocAdvancedWithRetAddr	usage	std.mem.Alignment	8829
std.mem.Allocator.allocAdvancedWithRetAddr	usage	std.mem.Allocator.Error	
std.mem.Allocator.resize	usage	std.mem.Allocator	8800
std.mem.Allocator.remap	usage	std.mem.Allocator	8800
std.mem.Allocator.realloc	usage	std.mem.Allocator	8800
std.mem.Allocator.realloc	usage	std.mem.Allocator.Error	
std.mem.Allocator.reallocAdvanced	usage	std.mem.Allocator	8800
std.mem.Allocator.reallocAdvanced	usage	std.mem.Allocator.Error	
std.mem.Allocator.free	usage	std.mem.Allocator	8800
std.mem.Allocator.dupe	usage	std.mem.Allocator	8800
std.mem.Allocator.dupe	usage	std.mem.Allocator.Error	
std.mem.Allocator.dupeZ	usage	std.mem.Allocator	8800
std.mem.Allocator.dupeZ	usage	std.mem.Allocator.Error	
std.mem.Allocator.dupeSentinel	usage	std.mem.Allocator	8800
std.mem.Allocator.dupeSentinel	usage	std.mem.Allocator.Error	
std.SemanticVersion.order	usage	std.SemanticVersion	1870
std.SemanticVersion.order	usage	std.math.Order	8784
std.SemanticVersion.parse	usage	std.SemanticVersion	1870
std.SemanticVersion.format	usage	std.SemanticVersion	1870
std.SemanticVersion.format	usage	std.Io.Writer	903
std.SemanticVersion.format	usage	std.Io.Writer.Error	
std.Build.create	usage	std.Build.Graph	
std.Build.create	usage	std.Build.Cache.Directory	48
std.Build.create	usage	std.Build	15
std.Build.resolveInstallPrefix	usage	std.Build	15
std.Build.resolveInstallPrefix	usage	std.Build.DirList	
std.Build.addOptions	usage	std.Build	15
std.Build.addOptions	usage	std.Build.Step.Options	256
std.Build.addExecutable	usage	std.Build	15
std.Build.addExecutable	usage	std.Build.ExecutableOptions	
std.Build.addExecutable	usage	std.Build.Step.Compile	202
std.Build.addObject	usage	std.Build	15
std.Build.addObject	usage	std.Build.ObjectOptions	
std.Build.addObject	usage	std.Build.Step.Compile	202
std.Build.addLibrary	usage	std.Build	15
std.Build.addLibrary	usage	std.Build.LibraryOptions	
std.Build.addLibrary	usage	std.Build.Step.Compile	202
std.Build.addTest	usage	std.Build	15
std.Build.addTest	usage	std.Build.TestOptions	
std.Build.addTest	usage	std.Build.Step.Compile	202
std.Build.addModule	usage	std.Build	15
std.Build.addModule	usage	std.Build.Module.CreateOptions	
std.Build.addModule	usage	std.Build.Module	395
std.Build.createModule	usage	std.Build	15
std.Build.createModule	usage	std.Build.Module.CreateOptions	
std.Build.createModule	usage	std.Build.Module	395
std.Build.addSystemCommand	usage	std.Build	15
std.Build.addSystemCommand	usage	std.Build.Step.Run	263
std.Build.addRunArtifact	usage	std.Build	15
std.Build.addRunArtifact	usage	std.Build.Step.Compile	202
std.Build.addRunArtifact	usage	std.Build.Step.Run	263
std.Build.addConfigHeader	usage	std.Build	15
std.Build.addConfigHeader	usage	std.Build.Step.ConfigHeader.Options	
std.Build.addConfigHeader	usage	std.Build.Step.ConfigHeader	159
std.Build.dupe	usage	std.Build	15
std.Build.dupeInner	usage	std.mem.Allocator	8800
std.Build.dupeStrings	usage	std.Build	15
std.Build.dupePath	usage	std.Build	15
std.Build.addWriteFile	usage	std.Build	15
std.Build.addWriteFile	usage	std.Build.Step.WriteFile	335
std.Build.addNamedWriteFiles	usage	std.Build	15
std.Build.addNamedWriteFiles	usage	std.Build.Step.WriteFile	335
std.Build.addNamedLazyPath	usage	std.Build	15
std.Build.addNamedLazyPath	usage	std.Build.LazyPath	626
std.Build.addTempFiles	usage	std.Build	15
std.Build.addTempFiles	usage	std.Build.Step.WriteFile	335
std.Build.addMutateFiles	usage	std.Build	15
std.Build.addMutateFiles	usage	std.Build.LazyPath	626
std.Build.addMutateFiles	usage	std.Build.Step.WriteFile	335
std.Build.addWriteFiles	usage	std.Build	15
std.Build.addWriteFiles	usage	std.Build.Step.WriteFile	335
std.Build.addUpdateSourceFiles	usage	std.Build	15
std.Build.addUpdateSourceFiles	usage	std.Build.Step.UpdateSourceFiles	349
std.Build.addFail	usage	std.Build	15
std.Build.addFail	usage	std.Build.Step.Fail	171
std.Build.addFmt	usage	std.Build	15
std.Build.addFmt	usage	std.Build.Step.Fmt.Options	
std.Build.addFmt	usage	std.Build.Step.Fmt	174
std.Build.addTranslateC	usage	std.Build	15
std.Build.addTranslateC	usage	std.Build.Step.TranslateC.Options	
std.Build.addTranslateC	usage	std.Build.Step.TranslateC	317
std.Build.getInstallStep	usage	std.Build	15
std.Build.getInstallStep	usage	std.Build.Step	121
std.Build.getUninstallStep	usage	std.Build	15
std.Build.getUninstallStep	usage	std.Build.Step	121
std.Build.option	usage	std.Build	15
std.Build.step	usage	std.Build	15
std.Build.step	usage	std.Build.Step	121
std.Build.standardOptimizeOption	usage	std.Build	15
std.Build.standardOptimizeOption	usage	std.Build.StandardOptimizeOptionOptions	
std.Build.standardOptimizeOption	usage	std.builtin.OptimizeMode	
std.Build.standardTargetOptions	usage	std.Build	15
std.Build.standardTargetOptions	usage	std.Build.StandardTargetOptionsArgs	
std.Build.standardTargetOptions	usage	std.Build.ResolvedTarget	
std.Build.parseTargetQuery	usage	std.Target.Query.ParseOptions	1900
std.Build.parseTargetQuery	usage	std.Target.Query	1892
std.Build.standardTargetOptionsQueryOnly	usage	std.Build	15
std.Build.standardTargetOptionsQueryOnly	usage	std.Build.StandardTargetOptionsArgs	
std.Build.standardTargetOptionsQueryOnly	usage	std.Target.Query	1892
std.Build.addUserInputOption	usage	std.Build	15
std.Build.addUserInputFlag	usage	std.Build	15
std.Build.validateUserInputDidItFail	usage	std.Build	15
std.Build.installArtifact	usage	std.Build	15
std.Build.installArtifact	usage	std.Build.Step.Compile	202
std.Build.addInstallArtifact	usage	std.Build	15
std.Build.addInstallArtifact	usage	std.Build.Step.Compile	202
std.Build.addInstallArtifact	usage	std.Build.Step.InstallArtifact.Options	180
std.Build.addInstallArtifact	usage	std.Build.Step.InstallArtifact	178
std.Build.installFile	usage	std.Build	15
std.Build.installDirectory	usage	std.Build	15
std.Build.installDirectory	usage	std.Build.Step.InstallDir.Options	
std.Build.installBinFile	usage	std.Build	15
std.Build.installLibFile	usage	std.Build	15
std.Build.addObjCopy	usage	std.Build	15
std.Build.addObjCopy	usage	std.Build.LazyPath	626
std.Build.addObjCopy	usage	std.Build.Step.ObjCopy.Options	
std.Build.addObjCopy	usage	std.Build.Step.ObjCopy	190
std.Build.addInstallFile	usage	std.Build	15
std.Build.addInstallFile	usage	std.Build.LazyPath	626
std.Build.addInstallFile	usage	std.Build.Step.InstallFile	187
std.Build.addInstallBinFile	usage	std.Build	15
std.Build.addInstallBinFile	usage	std.Build.LazyPath	626
std.Build.addInstallBinFile	usage	std.Build.Step.InstallFile	187
std.Build.addInstallLibFile	usage	std.Build	15
std.Build.addInstallLibFile	usage	std.Build.LazyPath	626
std.Build.addInstallLibFile	usage	std.Build.Step.InstallFile	187
std.Build.addInstallHeaderFile	usage	std.Build	15
std.Build.addInstallHeaderFile	usage	std.Build.LazyPath	626
std.Build.addInstallHeaderFile	usage	std.Build.Step.InstallFile	187
std.Build.addInstallFileWithDir	usage	std.Build	15
std.Build.addInstallFileWithDir	usage	std.Build.LazyPath	626
std.Build.addInstallFileWithDir	usage	std.Build.InstallDir	639
std.Build.addInstallFileWithDir	usage	std.Build.Step.InstallFile	187
std.Build.addInstallDirectory	usage	std.Build	15
std.Build.addInstallDirectory	usage	std.Build.Step.InstallDir.Options	
std.Build.addInstallDirectory	usage	std.Build.Step.InstallDir	183
std.Build.addCheckFile	usage	std.Build	15
std.Build.addCheckFile	usage	std.Build.LazyPath	626
std.Build.addCheckFile	usage	std.Build.Step.CheckFile.Options	
std.Build.addCheckFile	usage	std.Build.Step.CheckFile	130
std.Build.truncateFile	usage	std.Build	15
std.Build.truncateFile	usage	std.Io.Dir.CreateDirError	
std.Build.truncateFile	usage	std.Io.Dir.StatFileError	
std.Build.path	usage	std.Build	15
std.Build.path	usage	std.Build.LazyPath	626
std.Build.pathFromRoot	usage	std.Build	15
std.Build.pathJoin	usage	std.Build	15
std.Build.pathResolve	usage	std.Build	15
std.Build.fmt	usage	std.Build	15
std.Build.findProgram	usage	std.Build	15
std.Build.runAllowFail	usage	std.Build	15
std.Build.runAllowFail	usage	std.process.SpawnOptions.StdIo	
std.Build.runAllowFail	usage	std.Build.RunError	
std.Build.run	usage	std.Build	15
std.Build.addSearchPrefix	usage	std.Build	15
std.Build.getInstallPath	usage	std.Build	15
std.Build.getInstallPath	usage	std.Build.InstallDir	639
std.Build.lazyDependency	usage	std.Build	15
std.Build.lazyDependency	usage	std.Build.Dependency	611
std.Build.dependency	usage	std.Build	15
std.Build.dependency	usage	std.Build.Dependency	611
std.Build.lazyImport	usage	std.Build	15
std.Build.dependencyFromBuildZig	usage	std.Build	15
std.Build.dependencyFromBuildZig	usage	std.Build.Dependency	611
std.Build.runBuild	usage	std.Build	15
std.Build.dumpBadGetPathHelp	usage	std.Build.Step	121
std.Build.dumpBadGetPathHelp	usage	std.Io.Terminal	1444
std.Build.dumpBadGetPathHelp	usage	std.Build	15
std.Build.tmpPath	usage	std.Build	15
std.Build.tmpPath	usage	std.Build.LazyPath	626
std.Build.resolveTargetQuery	usage	std.Build	15
std.Build.resolveTargetQuery	usage	std.Target.Query	1892
std.Build.resolveTargetQuery	usage	std.Build.ResolvedTarget	
std.Build.wantSharedLibSymLinks	usage	std.Target	1891
std.Build.systemIntegrationOption	usage	std.Build	15
std.Build.systemIntegrationOption	usage	std.Build.SystemIntegrationOptionConfig	
std.Build.Step.UpdateSourceFiles.create	usage	std.Build	15
std.Build.Step.UpdateSourceFiles.create	usage	std.Build.Step.UpdateSourceFiles	349
std.Build.Step.UpdateSourceFiles.addCopyFileToSource	usage	std.Build.Step.UpdateSourceFiles	349
std.Build.Step.UpdateSourceFiles.addCopyFileToSource	usage	std.Build.LazyPath	626
std.Build.Step.UpdateSourceFiles.addBytesToSource	usage	std.Build.Step.UpdateSourceFiles	349
std.crypto.ecc.P256.scalar.rejectNonCanonical	usage	std.crypto.ecc.P256.scalar.CompressedScalar	
std.crypto.ecc.P256.scalar.rejectNonCanonical	usage	std.builtin.Endian	3740
std.crypto.ecc.P256.scalar.rejectNonCanonical	usage	std.crypto.errors.NonCanonicalError	
std.crypto.ecc.P256.scalar.reduce48	usage	std.builtin.Endian	3740
std.crypto.ecc.P256.scalar.reduce48	usage	std.crypto.ecc.P256.scalar.CompressedScalar	
std.crypto.ecc.P256.scalar.reduce64	usage	std.builtin.Endian	3740
std.crypto.ecc.P256.scalar.reduce64	usage	std.crypto.ecc.P256.scalar.CompressedScalar	
std.crypto.ecc.P256.scalar.mul	usage	std.crypto.ecc.P256.scalar.CompressedScalar	
std.crypto.ecc.P256.scalar.mul	usage	std.builtin.Endian	3740
std.crypto.ecc.P256.scalar.mul	usage	std.crypto.errors.NonCanonicalError	
std.crypto.ecc.P256.scalar.mulAdd	usage	std.crypto.ecc.P256.scalar.CompressedScalar	
std.crypto.ecc.P256.scalar.mulAdd	usage	std.builtin.Endian	3740
std.crypto.ecc.P256.scalar.mulAdd	usage	std.crypto.errors.NonCanonicalError	
std.crypto.ecc.P256.scalar.add	usage	std.crypto.ecc.P256.scalar.CompressedScalar	
std.crypto.ecc.P256.scalar.add	usage	std.builtin.Endian	3740
std.crypto.ecc.P256.scalar.add	usage	std.crypto.errors.NonCanonicalError	
std.crypto.ecc.P256.scalar.neg	usage	std.crypto.ecc.P256.scalar.CompressedScalar	
std.crypto.ecc.P256.scalar.neg	usage	std.builtin.Endian	3740
std.crypto.ecc.P256.scalar.neg	usage	std.crypto.errors.NonCanonicalError	
std.crypto.ecc.P256.scalar.sub	usage	std.crypto.ecc.P256.scalar.CompressedScalar	
std.crypto.ecc.P256.scalar.sub	usage	std.builtin.Endian	3740
std.crypto.ecc.P256.scalar.sub	usage	std.crypto.errors.NonCanonicalError	
std.crypto.ecc.P256.scalar.random	usage	std.Io	696
std.crypto.ecc.P256.scalar.random	usage	std.builtin.Endian	3740
std.crypto.ecc.P256.scalar.random	usage	std.crypto.ecc.P256.scalar.CompressedScalar	
std.crypto.codecs.asn1.der.encode	usage	std.mem.Allocator	8800
std.Io.File.stdout	usage	std.Io.File	1304
std.Io.File.stderr	usage	std.Io.File	1304
std.Io.File.stdin	usage	std.Io.File	1304
std.Io.File.stat	usage	std.Io.File	1304
std.Io.File.stat	usage	std.Io	696
std.Io.File.stat	usage	std.Io.File.StatError	
std.Io.File.stat	usage	std.Io.File.Stat	
std.Io.File.close	usage	std.Io.File	1304
std.Io.File.close	usage	std.Io	696
std.Io.File.closeMany	usage	std.Io	696
std.Io.File.closeMany	usage	std.Io.File	1304
std.Io.File.sync	usage	std.Io.File	1304
std.Io.File.sync	usage	std.Io	696
std.Io.File.sync	usage	std.Io.File.SyncError	
std.Io.File.isTty	usage	std.Io.File	1304
std.Io.File.isTty	usage	std.Io	696
std.Io.File.isTty	usage	std.Io.Cancelable	
std.Io.File.enableAnsiEscapeCodes	usage	std.Io.File	1304
std.Io.File.enableAnsiEscapeCodes	usage	std.Io	696
std.Io.File.enableAnsiEscapeCodes	usage	std.Io.File.EnableAnsiEscapeCodesError	
std.Io.File.supportsAnsiEscapeCodes	usage	std.Io.File	1304
std.Io.File.supportsAnsiEscapeCodes	usage	std.Io	696
std.Io.File.supportsAnsiEscapeCodes	usage	std.Io.Cancelable	
std.Io.File.setLength	usage	std.Io.File	1304
std.Io.File.setLength	usage	std.Io	696
std.Io.File.setLength	usage	std.Io.File.SetLengthError	
std.Io.File.length	usage	std.Io.File	1304
std.Io.File.length	usage	std.Io	696
std.Io.File.length	usage	std.Io.File.StatError	
std.Io.File.setPermissions	usage	std.Io.File	1304
std.Io.File.setPermissions	usage	std.Io	696
std.Io.File.setPermissions	usage	std.Io.File.Permissions	
std.Io.File.setPermissions	usage	std.Io.File.SetPermissionsError	
std.Io.File.setOwner	usage	std.Io.File	1304
std.Io.File.setOwner	usage	std.Io	696
std.Io.File.setOwner	usage	std.posix.uid_t	
std.Io.File.setOwner	usage	std.posix.gid_t	
std.Io.File.setOwner	usage	std.Io.File.SetOwnerError	
std.Io.File.setTimestamps	usage	std.Io.File	1304
std.Io.File.setTimestamps	usage	std.Io	696
std.Io.File.setTimestamps	usage	std.Io.File.SetTimestampsOptions	
std.Io.File.setTimestamps	usage	std.Io.File.SetTimestampsError	
std.Io.File.setTimestampsNow	usage	std.Io.File	1304
std.Io.File.setTimestampsNow	usage	std.Io	696
std.Io.File.setTimestampsNow	usage	std.Io.File.SetTimestampsError	
std.Io.File.readStreaming	usage	std.Io.File	1304
std.Io.File.readStreaming	usage	std.Io	696
std.Io.File.readStreaming	usage	std.Io.File.ReadStreamingError	
std.Io.File.readPositional	usage	std.Io.File	1304
std.Io.File.readPositional	usage	std.Io	696
std.Io.File.readPositional	usage	std.Io.File.ReadPositionalError	
std.Io.File.writePositional	usage	std.Io.File	1304
std.Io.File.writePositional	usage	std.Io	696
std.Io.File.writePositional	usage	std.Io.File.WritePositionalError	
std.Io.File.writePositionalAll	usage	std.Io.File	1304
std.Io.File.writePositionalAll	usage	std.Io	696
std.Io.File.writePositionalAll	usage	std.Io.File.WritePositionalError	
std.Io.File.reader	usage	std.Io.File	1304
std.Io.File.reader	usage	std.Io	696
std.Io.File.reader	usage	std.Io.File.Reader	1307
std.Io.File.readPositionalAll	usage	std.Io.File	1304
std.Io.File.readPositionalAll	usage	std.Io	696
std.Io.File.readPositionalAll	usage	std.Io.File.ReadPositionalError	
std.Io.File.readerStreaming	usage	std.Io.File	1304
std.Io.File.readerStreaming	usage	std.Io	696
std.Io.File.readerStreaming	usage	std.Io.File.Reader	1307
std.Io.File.writer	usage	std.Io.File	1304
std.Io.File.writer	usage	std.Io	696
std.Io.File.writer	usage	std.Io.File.Writer	1324
std.Io.File.writerStreaming	usage	std.Io.File	1304
std.Io.File.writerStreaming	usage	std.Io	696
std.Io.File.writerStreaming	usage	std.Io.File.Writer	1324
std.Io.File.writeStreaming	usage	std.Io.File	1304
std.Io.File.writeStreaming	usage	std.Io	696
std.Io.File.writeStreaming	usage	std.Io.File.Writer.Error	
std.Io.File.writeStreamingAll	usage	std.Io.File	1304
std.Io.File.writeStreamingAll	usage	std.Io	696
std.Io.File.writeStreamingAll	usage	std.Io.File.Writer.Error	
std.Io.File.lock	usage	std.Io.File	1304
std.Io.File.lock	usage	std.Io	696
std.Io.File.lock	usage	std.Io.File.Lock	
std.Io.File.lock	usage	std.Io.File.LockError	
std.Io.File.unlock	usage	std.Io.File	1304
std.Io.File.unlock	usage	std.Io	696
std.Io.File.tryLock	usage	std.Io.File	1304
std.Io.File.tryLock	usage	std.Io	696
std.Io.File.tryLock	usage	std.Io.File.Lock	
std.Io.File.tryLock	usage	std.Io.File.LockError	
std.Io.File.downgradeLock	usage	std.Io.File	1304
std.Io.File.downgradeLock	usage	std.Io	696
std.Io.File.downgradeLock	usage	std.Io.File.LockError	
std.Io.File.realPath	usage	std.Io.File	1304
std.Io.File.realPath	usage	std.Io	696
std.Io.File.realPath	usage	std.Io.File.RealPathError	
std.Io.File.hardLink	usage	std.Io.File	1304
std.Io.File.hardLink	usage	std.Io	696
std.Io.File.hardLink	usage	std.Io.Dir	1165
std.Io.File.hardLink	usage	std.Io.File.HardLinkOptions	
std.Io.File.hardLink	usage	std.Io.File.HardLinkError	
std.Io.File.createMemoryMap	usage	std.Io.File	1304
std.Io.File.createMemoryMap	usage	std.Io	696
std.Io.File.createMemoryMap	usage	std.Io.File.MemoryMap.CreateOptions	
std.Io.File.createMemoryMap	usage	std.Io.File.MemoryMap.CreateError	
std.Io.File.createMemoryMap	usage	std.Io.File.MemoryMap	1349
std.Target.toElfMachine	usage	std.Target	1891
std.Target.toElfMachine	usage	std.elf.EM	
std.Target.toCoffMachine	usage	std.Target	1891
std.Target.toCoffMachine	usage	std.coff.IMAGE.FILE.MACHINE	4462
std.Target.zigTriple	usage	std.Target	1891
std.Target.zigTriple	usage	std.mem.Allocator	8800
std.Target.zigTriple	usage	std.mem.Allocator.Error	
std.Target.hurdTupleSimple	usage	std.mem.Allocator	8800
std.Target.hurdTupleSimple	usage	std.Target.Cpu.Arch	3402
std.Target.hurdTupleSimple	usage	std.Target.Abi	3367
std.Target.hurdTuple	usage	std.Target	1891
std.Target.hurdTuple	usage	std.mem.Allocator	8800
std.Target.linuxTripleSimple	usage	std.mem.Allocator	8800
std.Target.linuxTripleSimple	usage	std.Target.Cpu.Arch	3402
std.Target.linuxTripleSimple	usage	std.Target.Os.Tag	1918
std.Target.linuxTripleSimple	usage	std.Target.Abi	3367
std.Target.linuxTriple	usage	std.Target	1891
std.Target.linuxTriple	usage	std.mem.Allocator	8800
std.Target.exeFileExt	usage	std.Target	1891
std.Target.staticLibSuffix	usage	std.Target	1891
std.Target.dynamicLibSuffix	usage	std.Target	1891
std.Target.libPrefix	usage	std.Target	1891
std.Target.isMinGW	usage	std.Target	1891
std.Target.isGnuLibC	usage	std.Target	1891
std.Target.isMuslLibC	usage	std.Target	1891
std.Target.isBionicLibC	usage	std.Target	1891
std.Target.isDarwinLibC	usage	std.Target	1891
std.Target.isFreeBSDLibC	usage	std.Target	1891
std.Target.isNetBSDLibC	usage	std.Target	1891
std.Target.isOpenBSDLibC	usage	std.Target	1891
std.Target.isWasiLibC	usage	std.Target	1891
std.Target.requiresLibC	usage	std.Target	1891
std.Target.supportsAddressSpace	usage	std.Target	1891
std.Target.supportsAddressSpace	usage	std.builtin.AddressSpace	
std.Target.supportsAddressSpace	usage	std.Target.AddressSpaceContext	
std.Target.standardDynamicLinkerPath	usage	std.Target	1891
std.Target.standardDynamicLinkerPath	usage	std.Target.DynamicLinker	3464
std.Target.ptrBitWidth_cpu_abi	usage	std.Target.Cpu	3381
std.Target.ptrBitWidth_cpu_abi	usage	std.Target.Abi	3367
std.Target.ptrBitWidth_arch_abi	usage	std.Target.Cpu.Arch	3402
std.Target.ptrBitWidth_arch_abi	usage	std.Target.Abi	3367
std.Target.ptrBitWidth	usage	std.Target	1891
std.Target.stackAlignment	usage	std.Target	1891
std.Target.stackGrowth	usage	std.Target	1891
std.Target.stackGrowth	usage	std.Target.StackGrowth	
std.Target.cCharSignedness	usage	std.Target	1891
std.Target.cCharSignedness	usage	std.builtin.Signedness	
std.Target.cTypeByteSize	usage	std.Target	1891
std.Target.cTypeByteSize	usage	std.Target.CType	
std.Target.cTypeBitSize	usage	std.Target	1891
std.Target.cTypeBitSize	usage	std.Target.CType	
std.Target.cTypeAlignment	usage	std.Target	1891
std.Target.cTypeAlignment	usage	std.Target.CType	
std.Target.cTypePreferredAlignment	usage	std.Target	1891
std.Target.cTypePreferredAlignment	usage	std.Target.CType	
std.Target.cMaxIntAlignment	usage	std.Target	1891
std.Target.cCallingConvention	usage	std.Target	1891
std.Target.cCallingConvention	usage	std.builtin.CallingConvention	3681
std.crypto.tls.extension	usage	std.crypto.tls.ExtensionType	
std.BitStack.init	usage	std.mem.Allocator	8800
std.BitStack.ensureTotalCapacity	usage	std.mem.Allocator.Error	
std.BitStack.push	usage	std.mem.Allocator.Error	
std.heap.FixedBufferAllocator.init	usage	std.heap.FixedBufferAllocator	7759
std.heap.FixedBufferAllocator.allocator	usage	std.heap.FixedBufferAllocator	7759
std.heap.FixedBufferAllocator.allocator	usage	std.mem.Allocator	8800
std.heap.FixedBufferAllocator.threadSafeAllocator	usage	std.heap.FixedBufferAllocator	7759
std.heap.FixedBufferAllocator.threadSafeAllocator	usage	std.mem.Allocator	8800
std.heap.FixedBufferAllocator.ownsPtr	usage	std.heap.FixedBufferAllocator	7759
std.heap.FixedBufferAllocator.ownsSlice	usage	std.heap.FixedBufferAllocator	7759
std.heap.FixedBufferAllocator.isLastAllocation	usage	std.heap.FixedBufferAllocator	7759
std.heap.FixedBufferAllocator.alloc	usage	std.mem.Alignment	8829
std.heap.FixedBufferAllocator.resize	usage	std.mem.Alignment	8829
std.heap.FixedBufferAllocator.remap	usage	std.mem.Alignment	8829
std.heap.FixedBufferAllocator.free	usage	std.mem.Alignment	8829
std.heap.FixedBufferAllocator.reset	usage	std.heap.FixedBufferAllocator	7759
std.Build.Step.Run.create	usage	std.Build	15
std.Build.Step.Run.create	usage	std.Build.Step.Run	263
std.Build.Step.Run.setName	usage	std.Build.Step.Run	263
std.Build.Step.Run.enableTestRunnerMode	usage	std.Build.Step.Run	263
std.Build.Step.Run.addArtifactArg	usage	std.Build.Step.Run	263
std.Build.Step.Run.addArtifactArg	usage	std.Build.Step.Compile	202
std.Build.Step.Run.addPrefixedArtifactArg	usage	std.Build.Step.Run	263
std.Build.Step.Run.addPrefixedArtifactArg	usage	std.Build.Step.Compile	202
std.Build.Step.Run.addOutputFileArg	usage	std.Build.Step.Run	263
std.Build.Step.Run.addOutputFileArg	usage	std.Build.LazyPath	626
std.Build.Step.Run.addPrefixedOutputFileArg	usage	std.Build.Step.Run	263
std.Build.Step.Run.addPrefixedOutputFileArg	usage	std.Build.LazyPath	626
std.Build.Step.Run.addFileArg	usage	std.Build.Step.Run	263
std.Build.Step.Run.addFileArg	usage	std.Build.LazyPath	626
std.Build.Step.Run.addPrefixedFileArg	usage	std.Build.Step.Run	263
std.Build.Step.Run.addPrefixedFileArg	usage	std.Build.LazyPath	626
std.Build.Step.Run.addFileContentArg	usage	std.Build.Step.Run	263
std.Build.Step.Run.addFileContentArg	usage	std.Build.LazyPath	626
std.Build.Step.Run.addPrefixedFileContentArg	usage	std.Build.Step.Run	263
std.Build.Step.Run.addPrefixedFileContentArg	usage	std.Build.LazyPath	626
std.Build.Step.Run.addOutputDirectoryArg	usage	std.Build.Step.Run	263
std.Build.Step.Run.addOutputDirectoryArg	usage	std.Build.LazyPath	626
std.Build.Step.Run.addPrefixedOutputDirectoryArg	usage	std.Build.Step.Run	263
std.Build.Step.Run.addPrefixedOutputDirectoryArg	usage	std.Build.LazyPath	626
std.Build.Step.Run.addDirectoryArg	usage	std.Build.Step.Run	263
std.Build.Step.Run.addDirectoryArg	usage	std.Build.LazyPath	626
std.Build.Step.Run.addPrefixedDirectoryArg	usage	std.Build.Step.Run	263
std.Build.Step.Run.addPrefixedDirectoryArg	usage	std.Build.LazyPath	626
std.Build.Step.Run.addDecoratedDirectoryArg	usage	std.Build.Step.Run	263
std.Build.Step.Run.addDecoratedDirectoryArg	usage	std.Build.LazyPath	626
std.Build.Step.Run.addDepFileOutputArg	usage	std.Build.Step.Run	263
std.Build.Step.Run.addDepFileOutputArg	usage	std.Build.LazyPath	626
std.Build.Step.Run.addPrefixedDepFileOutputArg	usage	std.Build.Step.Run	263
std.Build.Step.Run.addPrefixedDepFileOutputArg	usage	std.Build.LazyPath	626
std.Build.Step.Run.addArg	usage	std.Build.Step.Run	263
std.Build.Step.Run.addArgs	usage	std.Build.Step.Run	263
std.Build.Step.Run.setStdIn	usage	std.Build.Step.Run	263
std.Build.Step.Run.setStdIn	usage	std.Build.Step.Run.StdIn	
std.Build.Step.Run.setCwd	usage	std.Build.Step.Run	263
std.Build.Step.Run.setCwd	usage	std.Build.LazyPath	626
std.Build.Step.Run.clearEnvironment	usage	std.Build.Step.Run	263
std.Build.Step.Run.addPathDir	usage	std.Build.Step.Run	263
std.Build.Step.Run.getEnvMap	usage	std.Build.Step.Run	263
std.Build.Step.Run.getEnvMap	usage	std.process.Environ.Map	14360
std.Build.Step.Run.setEnvironmentVariable	usage	std.Build.Step.Run	263
std.Build.Step.Run.removeEnvironmentVariable	usage	std.Build.Step.Run	263
std.Build.Step.Run.expectStdErrEqual	usage	std.Build.Step.Run	263
std.Build.Step.Run.expectStdErrMatch	usage	std.Build.Step.Run	263
std.Build.Step.Run.expectStdOutEqual	usage	std.Build.Step.Run	263
std.Build.Step.Run.expectStdOutMatch	usage	std.Build.Step.Run	263
std.Build.Step.Run.expectExitCode	usage	std.Build.Step.Run	263
std.Build.Step.Run.hasTermCheck	usage	std.Build.Step.Run	263
std.Build.Step.Run.addCheck	usage	std.Build.Step.Run	263
std.Build.Step.Run.addCheck	usage	std.Build.Step.Run.StdIo.Check	
std.Build.Step.Run.captureStdErr	usage	std.Build.Step.Run	263
std.Build.Step.Run.captureStdErr	usage	std.Build.Step.Run.CapturedStdIo.Options	
std.Build.Step.Run.captureStdErr	usage	std.Build.LazyPath	626
std.Build.Step.Run.captureStdOut	usage	std.Build.Step.Run	263
std.Build.Step.Run.captureStdOut	usage	std.Build.Step.Run.CapturedStdIo.Options	
std.Build.Step.Run.captureStdOut	usage	std.Build.LazyPath	626
std.Build.Step.Run.addFileInput	usage	std.Build.Step.Run	263
std.Build.Step.Run.addFileInput	usage	std.Build.LazyPath	626
std.Build.Step.Run.rerunInFuzzMode	usage	std.Build.Step.Run	263
std.Build.Step.Run.rerunInFuzzMode	usage	std.Build.Fuzz	456
std.Build.Step.Run.rerunInFuzzMode	usage	std.Progress.Node	1752
std.zig.Server.init	usage	std.zig.Server.Options	
std.zig.Server.init	usage	std.zig.Server	14987
std.zig.Server.receiveMessage	usage	std.zig.Server	14987
std.zig.Server.receiveMessage	usage	std.zig.Client.Message.Header	
std.zig.Server.receiveBody_u8	usage	std.zig.Server	14987
std.zig.Server.receiveBody_u32	usage	std.zig.Server	14987
std.zig.Server.receiveBody_u64	usage	std.zig.Server	14987
std.zig.Server.serveStringMessage	usage	std.zig.Server	14987
std.zig.Server.serveStringMessage	usage	std.zig.Server.Message.Tag	
std.zig.Server.serveMessageHeader	usage	std.zig.Server	14987
std.zig.Server.serveMessageHeader	usage	std.zig.Server.Message.Header	
std.zig.Server.serveU32Message	usage	std.zig.Server	14987
std.zig.Server.serveU32Message	usage	std.zig.Server.Message.Tag	
std.zig.Server.serveU64Message	usage	std.zig.Server	14987
std.zig.Server.serveU64Message	usage	std.zig.Server.Message.Tag	
std.zig.Server.serveCoverageIdMessage	usage	std.zig.Server	14987
std.zig.Server.serveBroadcastFuzzInputMessage	usage	std.zig.Server	14987
std.zig.Server.serveEmitDigest	usage	std.zig.Server	14987
std.zig.Server.serveEmitDigest	usage	std.Build.Cache.bin_digest_len	
std.zig.Server.serveEmitDigest	usage	std.zig.Server.Message.EmitDigest	14999
std.zig.Server.serveTestResults	usage	std.zig.Server	14987
std.zig.Server.serveTestResults	usage	std.zig.Server.Message.TestResults	14994
std.zig.Server.serveErrorBundle	usage	std.zig.Server	14987
std.zig.Server.serveErrorBundle	usage	std.zig.ErrorBundle	14945
std.zig.Server.allocErrorBundle	usage	std.mem.Allocator	8800
std.zig.Server.allocErrorBundle	usage	std.zig.ErrorBundle	14945
std.zig.Server.serveTestMetadata	usage	std.zig.Server	14987
std.zig.Server.serveTestMetadata	usage	std.zig.Server.TestMetadata	
std.elf.takeProgramHeader	usage	std.Io.Reader	811
std.elf.takeProgramHeader	usage	std.builtin.Endian	3740
std.elf.takeProgramHeader	usage	std.elf.Elf64_Phdr	
std.elf.takeSectionHeader	usage	std.Io.Reader	811
std.elf.takeSectionHeader	usage	std.builtin.Endian	3740
std.elf.takeSectionHeader	usage	std.elf.Elf64_Shdr	
std.elf.takeDynamicSection	usage	std.Io.Reader	811
std.elf.takeDynamicSection	usage	std.builtin.Endian	3740
std.elf.takeDynamicSection	usage	std.elf.Elf64_Dyn	
std.Random.Sfc64.init	usage	std.Random.Sfc64	1815
std.Random.Sfc64.random	usage	std.Random.Sfc64	1815
std.Random.Sfc64.random	usage	std.Random	1778
std.Random.Sfc64.fill	usage	std.Random.Sfc64	1815
std.Build.Step.WriteFile.create	usage	std.Build	15
std.Build.Step.WriteFile.create	usage	std.Build.Step.WriteFile	335
std.Build.Step.WriteFile.add	usage	std.Build.Step.WriteFile	335
std.Build.Step.WriteFile.add	usage	std.Build.LazyPath	626
std.Build.Step.WriteFile.addCopyFile	usage	std.Build.Step.WriteFile	335
std.Build.Step.WriteFile.addCopyFile	usage	std.Build.LazyPath	626
std.Build.Step.WriteFile.addCopyDirectory	usage	std.Build.Step.WriteFile	335
std.Build.Step.WriteFile.addCopyDirectory	usage	std.Build.LazyPath	626
std.Build.Step.WriteFile.addCopyDirectory	usage	std.Build.Step.WriteFile.Directory.Options	340
std.Build.Step.WriteFile.getDirectory	usage	std.Build.Step.WriteFile	335
std.Build.Step.WriteFile.getDirectory	usage	std.Build.LazyPath	626
std.Build.Cache.Directory.clone	usage	std.Build.Cache.Directory	48
std.Build.Cache.Directory.clone	usage	std.mem.Allocator	8800
std.Build.Cache.Directory.clone	usage	std.mem.Allocator.Error	
std.Build.Cache.Directory.cwd	usage	std.Build.Cache.Directory	48
std.Build.Cache.Directory.join	usage	std.Build.Cache.Directory	48
std.Build.Cache.Directory.join	usage	std.mem.Allocator	8800
std.Build.Cache.Directory.joinZ	usage	std.Build.Cache.Directory	48
std.Build.Cache.Directory.joinZ	usage	std.mem.Allocator	8800
std.Build.Cache.Directory.closeAndFree	usage	std.Build.Cache.Directory	48
std.Build.Cache.Directory.closeAndFree	usage	std.mem.Allocator	8800
std.Build.Cache.Directory.closeAndFree	usage	std.Io	696
std.Build.Cache.Directory.format	usage	std.Build.Cache.Directory	48
std.Build.Cache.Directory.format	usage	std.Io.Writer	903
std.Build.Cache.Directory.format	usage	std.Io.Writer.Error	
std.Build.Cache.Directory.eql	usage	std.Build.Cache.Directory	48
std.DoublyLinkedList.insertAfter	usage	std.DoublyLinkedList	672
std.DoublyLinkedList.insertAfter	usage	std.DoublyLinkedList.Node	
std.DoublyLinkedList.insertBefore	usage	std.DoublyLinkedList	672
std.DoublyLinkedList.insertBefore	usage	std.DoublyLinkedList.Node	
std.DoublyLinkedList.concatByMoving	usage	std.DoublyLinkedList	672
std.DoublyLinkedList.append	usage	std.DoublyLinkedList	672
std.DoublyLinkedList.append	usage	std.DoublyLinkedList.Node	
std.DoublyLinkedList.prepend	usage	std.DoublyLinkedList	672
std.DoublyLinkedList.prepend	usage	std.DoublyLinkedList.Node	
std.DoublyLinkedList.remove	usage	std.DoublyLinkedList	672
std.DoublyLinkedList.remove	usage	std.DoublyLinkedList.Node	
std.DoublyLinkedList.pop	usage	std.DoublyLinkedList	672
std.DoublyLinkedList.pop	usage	std.DoublyLinkedList.Node	
std.DoublyLinkedList.popFirst	usage	std.DoublyLinkedList	672
std.DoublyLinkedList.popFirst	usage	std.DoublyLinkedList.Node	
std.DoublyLinkedList.len	usage	std.DoublyLinkedList	672
std.Random.SplitMix64.init	usage	std.Random.SplitMix64	1825
std.Random.SplitMix64.next	usage	std.Random.SplitMix64	1825
std.c.versionCheck	usage	std.SemanticVersion	1870
std.c.errno	usage	std.c.E	
std.crypto.Certificate.Bundle.verify	usage	std.crypto.Certificate.Bundle	5664
std.crypto.Certificate.Bundle.verify	usage	std.crypto.Certificate.Parsed	5699
std.crypto.Certificate.Bundle.verify	usage	std.crypto.Certificate.Bundle.VerifyError	
std.crypto.Certificate.Bundle.find	usage	std.crypto.Certificate.Bundle	5664
std.crypto.Certificate.Bundle.deinit	usage	std.crypto.Certificate.Bundle	5664
std.crypto.Certificate.Bundle.deinit	usage	std.mem.Allocator	8800
std.crypto.Certificate.Bundle.rescan	usage	std.crypto.Certificate.Bundle	5664
std.crypto.Certificate.Bundle.rescan	usage	std.mem.Allocator	8800
std.crypto.Certificate.Bundle.rescan	usage	std.Io	696
std.crypto.Certificate.Bundle.rescan	usage	std.Io.Timestamp	1538
std.crypto.Certificate.Bundle.rescan	usage	std.crypto.Certificate.Bundle.RescanError	
std.crypto.Certificate.Bundle.addCertsFromDirPath	usage	std.crypto.Certificate.Bundle	5664
std.crypto.Certificate.Bundle.addCertsFromDirPath	usage	std.mem.Allocator	8800
std.crypto.Certificate.Bundle.addCertsFromDirPath	usage	std.Io	696
std.crypto.Certificate.Bundle.addCertsFromDirPath	usage	std.Io.Dir	1165
std.crypto.Certificate.Bundle.addCertsFromDirPath	usage	std.crypto.Certificate.Bundle.AddCertsFromDirPathError	
std.crypto.Certificate.Bundle.addCertsFromDirPathAbsolute	usage	std.crypto.Certificate.Bundle	5664
std.crypto.Certificate.Bundle.addCertsFromDirPathAbsolute	usage	std.mem.Allocator	8800
std.crypto.Certificate.Bundle.addCertsFromDirPathAbsolute	usage	std.Io	696
std.crypto.Certificate.Bundle.addCertsFromDirPathAbsolute	usage	std.Io.Timestamp	1538
std.crypto.Certificate.Bundle.addCertsFromDirPathAbsolute	usage	std.crypto.Certificate.Bundle.AddCertsFromDirPathError	
std.crypto.Certificate.Bundle.addCertsFromDir	usage	std.crypto.Certificate.Bundle	5664
std.crypto.Certificate.Bundle.addCertsFromDir	usage	std.mem.Allocator	8800
std.crypto.Certificate.Bundle.addCertsFromDir	usage	std.Io	696
std.crypto.Certificate.Bundle.addCertsFromDir	usage	std.Io.Timestamp	1538
std.crypto.Certificate.Bundle.addCertsFromDir	usage	std.Io.Dir	1165
std.crypto.Certificate.Bundle.addCertsFromDir	usage	std.crypto.Certificate.Bundle.AddCertsFromFilePathError	
std.crypto.Certificate.Bundle.addCertsFromFilePathAbsolute	usage	std.crypto.Certificate.Bundle	5664
std.crypto.Certificate.Bundle.addCertsFromFilePathAbsolute	usage	std.mem.Allocator	8800
std.crypto.Certificate.Bundle.addCertsFromFilePathAbsolute	usage	std.Io	696
std.crypto.Certificate.Bundle.addCertsFromFilePathAbsolute	usage	std.Io.Timestamp	1538
std.crypto.Certificate.Bundle.addCertsFromFilePathAbsolute	usage	std.crypto.Certificate.Bundle.AddCertsFromFilePathError	
std.crypto.Certificate.Bundle.addCertsFromFilePath	usage	std.crypto.Certificate.Bundle	5664
std.crypto.Certificate.Bundle.addCertsFromFilePath	usage	std.mem.Allocator	8800
std.crypto.Certificate.Bundle.addCertsFromFilePath	usage	std.Io	696
std.crypto.Certificate.Bundle.addCertsFromFilePath	usage	std.Io.Timestamp	1538
std.crypto.Certificate.Bundle.addCertsFromFilePath	usage	std.Io.Dir	1165
std.crypto.Certificate.Bundle.addCertsFromFilePath	usage	std.crypto.Certificate.Bundle.AddCertsFromFilePathError	
std.crypto.Certificate.Bundle.addCertsFromFile	usage	std.crypto.Certificate.Bundle	5664
std.crypto.Certificate.Bundle.addCertsFromFile	usage	std.mem.Allocator	8800
std.crypto.Certificate.Bundle.addCertsFromFile	usage	std.Io.File.Reader	1307
std.crypto.Certificate.Bundle.addCertsFromFile	usage	std.crypto.Certificate.Bundle.AddCertsFromFileError	
std.crypto.Certificate.Bundle.parseCert	usage	std.crypto.Certificate.Bundle	5664
std.crypto.Certificate.Bundle.parseCert	usage	std.mem.Allocator	8800
std.crypto.Certificate.Bundle.parseCert	usage	std.crypto.Certificate.Bundle.ParseCertError	
std.zig.ErrorBundle.deinit	usage	std.zig.ErrorBundle	14945
std.zig.ErrorBundle.deinit	usage	std.mem.Allocator	8800
std.zig.ErrorBundle.errorMessageCount	usage	std.zig.ErrorBundle	14945
std.zig.ErrorBundle.getErrorMessageList	usage	std.zig.ErrorBundle	14945
std.zig.ErrorBundle.getErrorMessageList	usage	std.zig.ErrorBundle.ErrorMessageList	
std.zig.ErrorBundle.getMessages	usage	std.zig.ErrorBundle	14945
std.zig.ErrorBundle.getMessages	usage	std.zig.ErrorBundle.MessageIndex	
std.zig.ErrorBundle.getErrorMessage	usage	std.zig.ErrorBundle	14945
std.zig.ErrorBundle.getErrorMessage	usage	std.zig.ErrorBundle.MessageIndex	
std.zig.ErrorBundle.getErrorMessage	usage	std.zig.ErrorBundle.ErrorMessage	
std.zig.ErrorBundle.getSourceLocation	usage	std.zig.ErrorBundle	14945
std.zig.ErrorBundle.getSourceLocation	usage	std.zig.ErrorBundle.SourceLocationIndex	
std.zig.ErrorBundle.getSourceLocation	usage	std.zig.ErrorBundle.SourceLocation	
std.zig.ErrorBundle.getNotes	usage	std.zig.ErrorBundle	14945
std.zig.ErrorBundle.getNotes	usage	std.zig.ErrorBundle.MessageIndex	
std.zig.ErrorBundle.getCompileLogOutput	usage	std.zig.ErrorBundle	14945
std.zig.ErrorBundle.nullTerminatedString	usage	std.zig.ErrorBundle	14945
std.zig.ErrorBundle.renderToStderr	usage	std.zig.ErrorBundle	14945
std.zig.ErrorBundle.renderToStderr	usage	std.Io	696
std.zig.ErrorBundle.renderToStderr	usage	std.zig.ErrorBundle.RenderOptions	
std.zig.ErrorBundle.renderToStderr	usage	std.zig.Color	16335
std.zig.ErrorBundle.renderToStderr	usage	std.zig.ErrorBundle.RenderToStderrError	
std.zig.ErrorBundle.renderToWriter	usage	std.zig.ErrorBundle	14945
std.zig.ErrorBundle.renderToWriter	usage	std.zig.ErrorBundle.RenderOptions	
std.zig.ErrorBundle.renderToWriter	usage	std.Io.Writer	903
std.zig.ErrorBundle.renderToWriter	usage	std.Io.Writer.Error	
std.zig.ErrorBundle.renderToTerminal	usage	std.zig.ErrorBundle	14945
std.zig.ErrorBundle.renderToTerminal	usage	std.zig.ErrorBundle.RenderOptions	
std.zig.ErrorBundle.renderToTerminal	usage	std.Io.Terminal	1444
std.zig.ErrorBundle.renderToTerminal	usage	std.Io.Terminal.SetColorError	
std.zig.number_literal.parseNumberLiteral	usage	std.zig.number_literal.Result	
std.compress.flate.Compress.init	usage	std.Io.Writer	903
std.compress.flate.Compress.init	usage	std.compress.flate.Container	4507
std.compress.flate.Compress.init	usage	std.compress.flate.Compress.Options	4479
std.compress.flate.Compress.init	usage	std.Io.Writer.Error	
std.compress.flate.Compress.init	usage	std.compress.flate.Compress	4478
std.compress.flate.Compress.finish	usage	std.compress.flate.Compress	4478
std.compress.flate.Compress.finish	usage	std.Io.Writer.Error	
std.crypto.timing_safe.compare	usage	std.builtin.Endian	3740
std.crypto.timing_safe.compare	usage	std.math.Order	8784
std.crypto.timing_safe.add	usage	std.builtin.Endian	3740
std.crypto.timing_safe.sub	usage	std.builtin.Endian	3740
std.Uri.getHost	usage	std.Uri	3514
std.Uri.getHost	usage	std.Io.net.HostName.max_len	
std.Uri.getHost	usage	std.Uri.GetHostError	
std.Uri.getHost	usage	std.Io.net.HostName	1015
std.Uri.getHostAlloc	usage	std.Uri	3514
std.Uri.getHostAlloc	usage	std.mem.Allocator	8800
std.Uri.getHostAlloc	usage	std.Uri.GetHostAllocError	
std.Uri.getHostAlloc	usage	std.Io.net.HostName	1015
std.Uri.parseAfterScheme	usage	std.Uri.ParseError	
std.Uri.parseAfterScheme	usage	std.Uri	3514
std.Uri.format	usage	std.Uri	3514
std.Uri.format	usage	std.Io.Writer	903
std.Uri.format	usage	std.Io.Writer.Error	
std.Uri.writeToStream	usage	std.Uri	3514
std.Uri.writeToStream	usage	std.Io.Writer	903
std.Uri.writeToStream	usage	std.Uri.Format.Flags	3540
std.Uri.writeToStream	usage	std.Io.Writer.Error	
std.Uri.fmt	usage	std.Uri	3514
std.Uri.fmt	usage	std.Uri.Format.Flags	3540
std.Uri.fmt	usage	std.fmt.Alt	
std.Uri.fmt	usage	std.Uri.Format	3539
std.Uri.fmt	usage	std.Uri.Format.default	
std.Uri.parse	usage	std.Uri.ParseError	
std.Uri.parse	usage	std.Uri	3514
std.Uri.resolveInPlace	usage	std.Uri	3514
std.Uri.resolveInPlace	usage	std.Uri.ResolveInPlaceError	
std.Build.Step.Compile.create	usage	std.Build	15
std.Build.Step.Compile.create	usage	std.Build.Step.Compile.Options	
std.Build.Step.Compile.create	usage	std.Build.Step.Compile	202
std.Build.Step.Compile.installHeader	usage	std.Build.Step.Compile	202
std.Build.Step.Compile.installHeader	usage	std.Build.LazyPath	626
std.Build.Step.Compile.installHeadersDirectory	usage	std.Build.Step.Compile	202
std.Build.Step.Compile.installHeadersDirectory	usage	std.Build.LazyPath	626
std.Build.Step.Compile.installHeadersDirectory	usage	std.Build.Step.Compile.HeaderInstallation.Directory.Options	213
std.Build.Step.Compile.installConfigHeader	usage	std.Build.Step.Compile	202
std.Build.Step.Compile.installConfigHeader	usage	std.Build.Step.ConfigHeader	159
std.Build.Step.Compile.installLibraryHeaders	usage	std.Build.Step.Compile	202
std.Build.Step.Compile.getEmittedIncludeTree	usage	std.Build.Step.Compile	202
std.Build.Step.Compile.getEmittedIncludeTree	usage	std.Build.LazyPath	626
std.Build.Step.Compile.addObjCopy	usage	std.Build.Step.Compile	202
std.Build.Step.Compile.addObjCopy	usage	std.Build.Step.ObjCopy.Options	
std.Build.Step.Compile.addObjCopy	usage	std.Build.Step.ObjCopy	190
std.Build.Step.Compile.checkObject	usage	std.Build.Step.Compile	202
std.Build.Step.Compile.checkObject	usage	std.Build.Step.CheckObject	135
std.Build.Step.Compile.setLinkerScript	usage	std.Build.Step.Compile	202
std.Build.Step.Compile.setLinkerScript	usage	std.Build.LazyPath	626
std.Build.Step.Compile.setVersionScript	usage	std.Build.Step.Compile	202
std.Build.Step.Compile.setVersionScript	usage	std.Build.LazyPath	626
std.Build.Step.Compile.forceUndefinedSymbol	usage	std.Build.Step.Compile	202
std.Build.Step.Compile.dependsOnSystemLibrary	usage	std.Build.Step.Compile	202
std.Build.Step.Compile.isDynamicLibrary	usage	std.Build.Step.Compile	202
std.Build.Step.Compile.isStaticLibrary	usage	std.Build.Step.Compile	202
std.Build.Step.Compile.isDll	usage	std.Build.Step.Compile	202
std.Build.Step.Compile.producesPdbFile	usage	std.Build.Step.Compile	202
std.Build.Step.Compile.producesCompilerRtDynLib	usage	std.Build.Step.Compile	202
std.Build.Step.Compile.producesImplib	usage	std.Build.Step.Compile	202
std.Build.Step.Compile.runPkgConfig	usage	std.Build.Step	121
std.Build.Step.Compile.setVerboseLink	usage	std.Build.Step.Compile	202
std.Build.Step.Compile.setVerboseCC	usage	std.Build.Step.Compile	202
std.Build.Step.Compile.setLibCFile	usage	std.Build.Step.Compile	202
std.Build.Step.Compile.setLibCFile	usage	std.Build.LazyPath	626
std.Build.Step.Compile.getEmittedBinDirectory	usage	std.Build.Step.Compile	202
std.Build.Step.Compile.getEmittedBinDirectory	usage	std.Build.LazyPath	626
std.Build.Step.Compile.getEmittedBin	usage	std.Build.Step.Compile	202
std.Build.Step.Compile.getEmittedBin	usage	std.Build.LazyPath	626
std.Build.Step.Compile.getEmittedImplib	usage	std.Build.Step.Compile	202
std.Build.Step.Compile.getEmittedImplib	usage	std.Build.LazyPath	626
std.Build.Step.Compile.getEmittedH	usage	std.Build.Step.Compile	202
std.Build.Step.Compile.getEmittedH	usage	std.Build.LazyPath	626
std.Build.Step.Compile.getEmittedPdb	usage	std.Build.Step.Compile	202
std.Build.Step.Compile.getEmittedPdb	usage	std.Build.LazyPath	626
std.Build.Step.Compile.getEmittedCompilerRtDynLib	usage	std.Build.Step.Compile	202
std.Build.Step.Compile.getEmittedCompilerRtDynLib	usage	std.Build.LazyPath	626
std.Build.Step.Compile.getEmittedDocs	usage	std.Build.Step.Compile	202
std.Build.Step.Compile.getEmittedDocs	usage	std.Build.LazyPath	626
std.Build.Step.Compile.getEmittedAsm	usage	std.Build.Step.Compile	202
std.Build.Step.Compile.getEmittedAsm	usage	std.Build.LazyPath	626
std.Build.Step.Compile.getEmittedLlvmIr	usage	std.Build.Step.Compile	202
std.Build.Step.Compile.getEmittedLlvmIr	usage	std.Build.LazyPath	626
std.Build.Step.Compile.getEmittedLlvmBc	usage	std.Build.Step.Compile	202
std.Build.Step.Compile.getEmittedLlvmBc	usage	std.Build.LazyPath	626
std.Build.Step.Compile.setExecCmd	usage	std.Build.Step.Compile	202
std.Build.Step.Compile.rebuildInFuzzMode	usage	std.Build.Step.Compile	202
std.Build.Step.Compile.rebuildInFuzzMode	usage	std.mem.Allocator	8800
std.Build.Step.Compile.rebuildInFuzzMode	usage	std.Progress.Node	1752
std.Build.Step.Compile.rebuildInFuzzMode	usage	std.Build.Cache.Path	17
std.Build.Step.Compile.doAtomicSymLinks	usage	std.Build.Step	121
std.Build.Step.Compile.rootModuleTarget	usage	std.Build.Step.Compile	202
std.Build.Step.Compile.rootModuleTarget	usage	std.Target	1891
std.Build.Step.Compile.getCompileDependencies	usage	std.Build.Step.Compile	202
std.enums.valuesFromFields	usage	std.builtin.Type.EnumField	
std.enums.directEnumArray	usage	std.enums.EnumFieldStruct	
std.enums.directEnumArray	usage	std.enums.directEnumArrayLen	
std.enums.directEnumArrayDefault	usage	std.enums.EnumFieldStruct	
std.enums.directEnumArrayDefault	usage	std.enums.directEnumArrayLen	
std.Build.Step.Fmt.create	usage	std.Build	15
std.Build.Step.Fmt.create	usage	std.Build.Step.Fmt.Options	
std.Build.Step.Fmt.create	usage	std.Build.Step.Fmt	174
std.debug.cpu_context.fromPosixSignalContext	usage	std.debug.cpu_context.Native	
std.debug.cpu_context.fromWindowsContext	usage	std.os.windows.CONTEXT	
std.debug.cpu_context.fromWindowsContext	usage	std.debug.cpu_context.Native	
std.heap.ArenaAllocator.allocator	usage	std.heap.ArenaAllocator	7747
std.heap.ArenaAllocator.allocator	usage	std.mem.Allocator	8800
std.heap.ArenaAllocator.init	usage	std.mem.Allocator	8800
std.heap.ArenaAllocator.init	usage	std.heap.ArenaAllocator	7747
std.heap.ArenaAllocator.deinit	usage	std.heap.ArenaAllocator	7747
std.heap.ArenaAllocator.queryCapacity	usage	std.heap.ArenaAllocator	7747
std.heap.ArenaAllocator.reset	usage	std.heap.ArenaAllocator	7747
std.heap.ArenaAllocator.reset	usage	std.heap.ArenaAllocator.ResetMode	
std.Random.RomuTrio.init	usage	std.Random.RomuTrio	1819
std.Random.RomuTrio.random	usage	std.Random.RomuTrio	1819
std.Random.RomuTrio.random	usage	std.Random	1778
std.Random.RomuTrio.seedWithBuf	usage	std.Random.RomuTrio	1819
std.Random.RomuTrio.seed	usage	std.Random.RomuTrio	1819
std.Random.RomuTrio.fill	usage	std.Random.RomuTrio	1819
std.http.Client.deinit	usage	std.http.Client	7810
std.http.Client.initDefaultProxies	usage	std.http.Client	7810
std.http.Client.initDefaultProxies	usage	std.mem.Allocator	8800
std.http.Client.initDefaultProxies	usage	std.process.Environ.Map	14360
std.http.Client.connectTcp	usage	std.http.Client	7810
std.http.Client.connectTcp	usage	std.Io.net.HostName	1015
std.http.Client.connectTcp	usage	std.http.Client.Protocol	7821
std.http.Client.connectTcp	usage	std.http.Client.ConnectTcpError	
std.http.Client.connectTcp	usage	std.http.Client.Connection	7824
std.http.Client.connectTcpOptions	usage	std.http.Client	7810
std.http.Client.connectTcpOptions	usage	std.http.Client.ConnectTcpOptions	
std.http.Client.connectTcpOptions	usage	std.http.Client.ConnectTcpError	
std.http.Client.connectTcpOptions	usage	std.http.Client.Connection	7824
std.http.Client.connectUnix	usage	std.http.Client	7810
std.http.Client.connectUnix	usage	std.http.Client.ConnectUnixError	
std.http.Client.connectUnix	usage	std.http.Client.Connection	7824
std.http.Client.connectProxied	usage	std.http.Client	7810
std.http.Client.connectProxied	usage	std.http.Client.Proxy	
std.http.Client.connectProxied	usage	std.Io.net.HostName	1015
std.http.Client.connectProxied	usage	std.http.Client.Connection	7824
std.http.Client.connect	usage	std.http.Client	7810
std.http.Client.connect	usage	std.Io.net.HostName	1015
std.http.Client.connect	usage	std.http.Client.Protocol	7821
std.http.Client.connect	usage	std.http.Client.ConnectError	
std.http.Client.connect	usage	std.http.Client.Connection	7824
std.http.Client.request	usage	std.http.Client	7810
std.http.Client.request	usage	std.http.Method	7933
std.http.Client.request	usage	std.Uri	3514
std.http.Client.request	usage	std.http.Client.RequestOptions	
std.http.Client.request	usage	std.http.Client.RequestError	
std.http.Client.request	usage	std.http.Client.Request	7842
std.http.Client.fetch	usage	std.http.Client	7810
std.http.Client.fetch	usage	std.http.Client.FetchOptions	7882
std.http.Client.fetch	usage	std.http.Client.FetchError	
std.http.Client.fetch	usage	std.http.Client.FetchResult	
std.zig.TokenSmith.gen	usage	std.testing.Smith	14660
std.zig.TokenSmith.gen	usage	std.zig.TokenSmith	15025
std.zig.TokenSmith.source	usage	std.zig.TokenSmith	15025
std.zig.TokenSmith.list	usage	std.zig.TokenSmith	15025
std.zig.string_literal.parseCharLiteral	usage	std.zig.string_literal.ParsedCharLiteral	
std.zig.string_literal.parseEscapeSequence	usage	std.zig.string_literal.ParsedCharLiteral	
std.zig.string_literal.parseWrite	usage	std.Io.Writer	903
std.zig.string_literal.parseWrite	usage	std.Io.Writer.Error	
std.zig.string_literal.parseWrite	usage	std.zig.string_literal.Result	
std.zig.string_literal.parseAlloc	usage	std.mem.Allocator	8800
std.zig.string_literal.parseAlloc	usage	std.zig.string_literal.ParseError	
std.Build.WebServer.notifyUpdate	usage	std.Build.WebServer	467
std.Build.WebServer.init	usage	std.Build.WebServer.Options	
std.Build.WebServer.init	usage	std.Build.WebServer	467
std.Build.WebServer.deinit	usage	std.Build.WebServer	467
std.Build.WebServer.start	usage	std.Build.WebServer	467
std.Build.WebServer.startBuild	usage	std.Build.WebServer	467
std.Build.WebServer.updateStepStatus	usage	std.Build.WebServer	467
std.Build.WebServer.updateStepStatus	usage	std.Build.Step	121
std.Build.WebServer.updateStepStatus	usage	std.Build.abi.StepUpdate.Status	
std.Build.WebServer.finishBuild	usage	std.Build.WebServer	467
std.Build.WebServer.now	usage	std.Build.WebServer	467
std.Build.WebServer.serveFile	usage	std.Build.WebServer	467
std.Build.WebServer.serveFile	usage	std.http.Server.Request	7891
std.Build.WebServer.serveFile	usage	std.Build.Cache.Path	17
std.Build.WebServer.serveTarFile	usage	std.Build.WebServer	467
std.Build.WebServer.serveTarFile	usage	std.http.Server.Request	7891
std.Build.WebServer.serveTarFile	usage	std.Build.Cache.Path	17
std.Build.WebServer.updateTimeReportCompile	usage	std.Build.WebServer	467
std.Build.WebServer.updateTimeReportCompile	usage	std.Build.Step.Compile	202
std.Build.WebServer.updateTimeReportCompile	usage	std.Build.abi.time_report.CompileResult.Stats	533
std.Build.WebServer.updateTimeReportCompile	usage	std.Build.abi.time_report.CompileResult	531
std.Build.WebServer.updateTimeReportGeneric	usage	std.Build.WebServer	467
std.Build.WebServer.updateTimeReportGeneric	usage	std.Build.Step	121
std.Build.WebServer.updateTimeReportGeneric	usage	std.Io.Duration	1552
std.Build.WebServer.updateTimeReportRunTest	usage	std.Build.WebServer	467
std.Build.WebServer.updateTimeReportRunTest	usage	std.Build.Step.Run	263
std.Build.WebServer.updateTimeReportRunTest	usage	std.Build.Step.Run.CachedTestMetadata	315
std.Build.WebServer.getRunnerRequest	usage	std.Build.WebServer	467
std.Build.WebServer.wait	usage	std.Build.WebServer	467
std.Build.WebServer.wait	usage	std.Io.Cancelable	
std.zig.AstSmith.init	usage	std.testing.Smith	14660
std.zig.AstSmith.init	usage	std.zig.AstSmith	15249
std.zig.AstSmith.source	usage	std.zig.AstSmith	15249
std.zig.AstSmith.tokens	usage	std.zig.AstSmith	15249
std.zig.AstSmith.generate	usage	std.zig.AstSmith	15249
std.zig.AstSmith.generate	usage	std.mem.Allocator	8800
std.zig.AstSmith.generate	usage	std.zig.AstSmith.Error	
std.zig.AstSmith.generate	usage	std.zig.Ast	15051
std.zig.AstSmith.generateSource	usage	std.zig.AstSmith	15249
std.zig.AstSmith.logSource	usage	std.zig.AstSmith	15249
std.zon.stringify.serialize	usage	std.zon.stringify.SerializeOptions	
std.zon.stringify.serialize	usage	std.Io.Writer	903
std.zon.stringify.serialize	usage	std.Io.Writer.Error	
std.zon.stringify.serializeMaxDepth	usage	std.zon.stringify.SerializeOptions	
std.zon.stringify.serializeMaxDepth	usage	std.Io.Writer	903
std.zon.stringify.serializeMaxDepth	usage	std.zon.Serializer.DepthError	
std.zon.stringify.serializeArbitraryDepth	usage	std.zon.stringify.SerializeOptions	
std.zon.stringify.serializeArbitraryDepth	usage	std.Io.Writer	903
std.zon.stringify.serializeArbitraryDepth	usage	std.zon.Serializer.Error	
std.zig.LibCInstallation.parse	usage	std.mem.Allocator	8800
std.zig.LibCInstallation.parse	usage	std.Io	696
std.zig.LibCInstallation.parse	usage	std.Target	1891
std.zig.LibCInstallation.parse	usage	std.zig.LibCInstallation	15533
std.zig.LibCInstallation.render	usage	std.zig.LibCInstallation	15533
std.zig.LibCInstallation.render	usage	std.Io.Writer	903
std.zig.LibCInstallation.findNative	usage	std.mem.Allocator	8800
std.zig.LibCInstallation.findNative	usage	std.Io	696
std.zig.LibCInstallation.findNative	usage	std.zig.LibCInstallation.FindNativeOptions	
std.zig.LibCInstallation.findNative	usage	std.zig.LibCInstallation.FindError	
std.zig.LibCInstallation.findNative	usage	std.zig.LibCInstallation	15533
std.zig.LibCInstallation.deinit	usage	std.zig.LibCInstallation	15533
std.zig.LibCInstallation.deinit	usage	std.mem.Allocator	8800
std.zig.LibCInstallation.resolveCrtPaths	usage	std.zig.LibCInstallation	15533
std.zig.LibCInstallation.resolveCrtPaths	usage	std.mem.Allocator	8800
std.zig.LibCInstallation.resolveCrtPaths	usage	std.zig.LibCInstallation.CrtBasenames	15541
std.zig.LibCInstallation.resolveCrtPaths	usage	std.Target	1891
std.zig.LibCInstallation.resolveCrtPaths	usage	std.zig.LibCInstallation.CrtPaths	
std.Build.Cache.DepTokenizer.next	usage	std.Build.Cache.DepTokenizer	56
std.Build.Cache.DepTokenizer.next	usage	std.Build.Cache.DepTokenizer.Token	58
std.crypto.pwhash.phc_format.deserialize	usage	std.crypto.pwhash.phc_format.Error	
std.crypto.pwhash.phc_format.serialize	usage	std.crypto.pwhash.phc_format.Error	
std.Io.File.Atomic.deinit	usage	std.Io.File.Atomic	1342
std.Io.File.Atomic.deinit	usage	std.Io	696
std.Io.File.Atomic.link	usage	std.Io.File.Atomic	1342
std.Io.File.Atomic.link	usage	std.Io	696
std.Io.File.Atomic.link	usage	std.Io.File.Atomic.LinkError	
std.Io.File.Atomic.replace	usage	std.Io.File.Atomic	1342
std.Io.File.Atomic.replace	usage	std.Io	696
std.Io.File.Atomic.replace	usage	std.Io.Dir.RenameError	
std.simd.suggestVectorLengthForCpu	usage	std.Target.Cpu	3381
std.simd.repeat	usage	std.meta.Child	
std.simd.join	usage	std.meta.Child	
std.simd.interlace	usage	std.meta.Child	
std.simd.deinterlace	usage	std.meta.Child	
std.simd.extract	usage	std.simd.VectorIndex	
std.simd.extract	usage	std.simd.VectorCount	
std.simd.extract	usage	std.meta.Child	
std.simd.mergeShift	usage	std.simd.VectorCount	
std.simd.shiftElementsRight	usage	std.simd.VectorCount	
std.simd.shiftElementsRight	usage	std.meta.Child	
std.simd.shiftElementsLeft	usage	std.simd.VectorCount	
std.simd.shiftElementsLeft	usage	std.meta.Child	
std.simd.rotateElementsLeft	usage	std.simd.VectorCount	
std.simd.rotateElementsRight	usage	std.simd.VectorCount	
std.simd.firstTrue	usage	std.simd.VectorIndex	
std.simd.lastTrue	usage	std.simd.VectorIndex	
std.simd.countTrues	usage	std.simd.VectorCount	
std.simd.firstIndexOfValue	usage	std.meta.Child	
std.simd.firstIndexOfValue	usage	std.simd.VectorIndex	
std.simd.lastIndexOfValue	usage	std.meta.Child	
std.simd.lastIndexOfValue	usage	std.simd.VectorIndex	
std.simd.countElementsWithValue	usage	std.meta.Child	
std.simd.countElementsWithValue	usage	std.simd.VectorCount	
std.simd.prefixScanWithFunc	usage	std.meta.Child	
std.simd.prefixScan	usage	std.builtin.ReduceOp	
std.zig.Ast.Render.renderTree	usage	std.mem.Allocator	8800
std.zig.Ast.Render.renderTree	usage	std.Io.Writer	903
std.zig.Ast.Render.renderTree	usage	std.zig.Ast	15051
std.zig.Ast.Render.renderTree	usage	std.zig.Ast.Render.Fixups	15081
std.zig.Ast.Render.renderTree	usage	std.zig.Ast.Render.Error	
std.os.linux.BPF.map_create	usage	std.os.linux.BPF.MapType	
std.os.linux.BPF.map_create	usage	std.os.linux.fd_t	
std.os.linux.BPF.map_lookup_elem	usage	std.os.linux.fd_t	
std.os.linux.BPF.map_update_elem	usage	std.os.linux.fd_t	
std.os.linux.BPF.map_delete_elem	usage	std.os.linux.fd_t	
std.os.linux.BPF.map_get_next_key	usage	std.os.linux.fd_t	
std.os.linux.BPF.prog_load	usage	std.os.linux.BPF.ProgType	
std.os.linux.BPF.prog_load	usage	std.os.linux.BPF.Insn	9203
std.os.linux.BPF.prog_load	usage	std.os.linux.BPF.Log	
std.os.linux.BPF.prog_load	usage	std.os.linux.fd_t	
std.debug.Dwarf.Unwind.VirtualMachine.deinit	usage	std.debug.Dwarf.Unwind.VirtualMachine	5771
std.debug.Dwarf.Unwind.VirtualMachine.deinit	usage	std.mem.Allocator	8800
std.debug.Dwarf.Unwind.VirtualMachine.reset	usage	std.debug.Dwarf.Unwind.VirtualMachine	5771
std.debug.Dwarf.Unwind.VirtualMachine.rowColumns	usage	std.debug.Dwarf.Unwind.VirtualMachine	5771
std.debug.Dwarf.Unwind.VirtualMachine.rowColumns	usage	std.debug.Dwarf.Unwind.VirtualMachine.Row	
std.debug.Dwarf.Unwind.VirtualMachine.rowColumns	usage	std.debug.Dwarf.Unwind.VirtualMachine.Column	
std.debug.Dwarf.Unwind.VirtualMachine.populateCieLastRow	usage	std.mem.Allocator	8800
std.debug.Dwarf.Unwind.VirtualMachine.populateCieLastRow	usage	std.debug.Dwarf.Unwind.CommonInformationEntry	5790
std.debug.Dwarf.Unwind.VirtualMachine.populateCieLastRow	usage	std.builtin.Endian	3740
std.debug.Dwarf.Unwind.VirtualMachine.runTo	usage	std.debug.Dwarf.Unwind.VirtualMachine	5771
std.debug.Dwarf.Unwind.VirtualMachine.runTo	usage	std.mem.Allocator	8800
std.debug.Dwarf.Unwind.VirtualMachine.runTo	usage	std.debug.Dwarf.Unwind.CommonInformationEntry	5790
std.debug.Dwarf.Unwind.VirtualMachine.runTo	usage	std.debug.Dwarf.Unwind.FrameDescriptionEntry	
std.debug.Dwarf.Unwind.VirtualMachine.runTo	usage	std.builtin.Endian	3740
std.debug.Dwarf.Unwind.VirtualMachine.runTo	usage	std.debug.Dwarf.Unwind.VirtualMachine.Row	
std.Build.Step.CheckFile.create	usage	std.Build	15
std.Build.Step.CheckFile.create	usage	std.Build.LazyPath	626
std.Build.Step.CheckFile.create	usage	std.Build.Step.CheckFile.Options	
std.Build.Step.CheckFile.create	usage	std.Build.Step.CheckFile	130
std.Build.Step.CheckFile.setName	usage	std.Build.Step.CheckFile	130
std.debug.Pdb.init	usage	std.mem.Allocator	8800
std.debug.Pdb.init	usage	std.Io.File.Reader	1307
std.debug.Pdb.init	usage	std.debug.Pdb	5842
std.debug.Pdb.deinit	usage	std.debug.Pdb	5842
std.debug.Pdb.parseDbiStream	usage	std.debug.Pdb	5842
std.debug.Pdb.parseIpiStream	usage	std.debug.Pdb	5842
std.debug.Pdb.parseInfoStream	usage	std.debug.Pdb	5842
std.debug.Pdb.getProcSym	usage	std.debug.Pdb	5842
std.debug.Pdb.getProcSym	usage	std.debug.Pdb.Module	5843
std.debug.Pdb.getProcSym	usage	std.pdb.ProcSym	
std.debug.Pdb.findInlineeName	usage	std.debug.Pdb	5842
std.debug.Pdb.getInlinees	usage	std.debug.Pdb	5842
std.debug.Pdb.getInlinees	usage	std.debug.Pdb.Module	5843
std.debug.Pdb.getInlinees	usage	std.pdb.ProcSym	
std.debug.Pdb.getInlinees	usage	std.debug.Pdb.InlineSiteSymIterator	5851
std.debug.Pdb.getBinaryAnnotations	usage	std.debug.Pdb	5842
std.debug.Pdb.getBinaryAnnotations	usage	std.debug.Pdb.Module	5843
std.debug.Pdb.getBinaryAnnotations	usage	std.pdb.InlineSiteSym	
std.debug.Pdb.getBinaryAnnotations	usage	std.debug.Pdb.BinaryAnnotation.Iterator	5860
std.debug.Pdb.getInlineSiteSourceLocation	usage	std.debug.Pdb	5842
std.debug.Pdb.getInlineSiteSourceLocation	usage	std.mem.Allocator	8800
std.debug.Pdb.getInlineSiteSourceLocation	usage	std.debug.Pdb.Module	5843
std.debug.Pdb.getInlineSiteSourceLocation	usage	std.pdb.InlineSiteSym	
std.debug.Pdb.getInlineSiteSourceLocation	usage	std.pdb.InlineeSourceLine	
std.debug.Pdb.getInlineSiteSourceLocation	usage	std.debug.SourceLocation	5989
std.debug.Pdb.getFileName	usage	std.debug.Pdb	5842
std.debug.Pdb.getFileName	usage	std.mem.Allocator	8800
std.debug.Pdb.getFileName	usage	std.debug.Pdb.Module	5843
std.debug.Pdb.getSymbolName	usage	std.debug.Pdb	5842
std.debug.Pdb.getSymbolName	usage	std.pdb.ProcSym	
std.debug.Pdb.getInlineeSourceLines	usage	std.debug.Pdb	5842
std.debug.Pdb.getInlineeSourceLines	usage	std.debug.Pdb.Module	5843
std.debug.Pdb.getInlineeSourceLines	usage	std.debug.Pdb.InlineeSourceLine	
std.debug.Pdb.getLineNumberInfo	usage	std.debug.Pdb	5842
std.debug.Pdb.getLineNumberInfo	usage	std.mem.Allocator	8800
std.debug.Pdb.getLineNumberInfo	usage	std.debug.Pdb.Module	5843
std.debug.Pdb.getLineNumberInfo	usage	std.debug.SourceLocation	5989
std.debug.Pdb.getModule	usage	std.debug.Pdb	5842
std.debug.Pdb.getModule	usage	std.debug.Pdb.Module	5843
std.debug.Pdb.getStreamById	usage	std.debug.Pdb	5842
std.debug.Pdb.getStream	usage	std.debug.Pdb	5842
std.debug.Pdb.getStream	usage	std.pdb.StreamType	
std.json.Scanner.initStreaming	usage	std.mem.Allocator	8800
std.json.Scanner.initCompleteInput	usage	std.mem.Allocator	8800
std.json.Scanner.enableDiagnostics	usage	std.json.Scanner.Diagnostics	8017
std.json.Scanner.nextAlloc	usage	std.mem.Allocator	8800
std.json.Scanner.nextAlloc	usage	std.json.Scanner.AllocWhen	
std.json.Scanner.nextAlloc	usage	std.json.Scanner.AllocError	
std.json.Scanner.nextAlloc	usage	std.json.Scanner.Token	
std.json.Scanner.nextAllocMax	usage	std.mem.Allocator	8800
std.json.Scanner.nextAllocMax	usage	std.json.Scanner.AllocWhen	
std.json.Scanner.nextAllocMax	usage	std.json.Scanner.AllocError	
std.json.Scanner.nextAllocMax	usage	std.json.Scanner.Token	
std.json.Scanner.allocNextIntoArrayList	usage	std.array_list.Managed	
std.json.Scanner.allocNextIntoArrayList	usage	std.json.Scanner.AllocWhen	
std.json.Scanner.allocNextIntoArrayList	usage	std.json.Scanner.AllocIntoArrayListError	
std.json.Scanner.allocNextIntoArrayListMax	usage	std.array_list.Managed	
std.json.Scanner.allocNextIntoArrayListMax	usage	std.json.Scanner.AllocWhen	
std.json.Scanner.allocNextIntoArrayListMax	usage	std.json.Scanner.AllocIntoArrayListError	
std.json.Scanner.skipValue	usage	std.json.Scanner.SkipError	
std.json.Scanner.skipUntilStackHeight	usage	std.json.Scanner.NextError	
std.json.Scanner.ensureTotalStackCapacity	usage	std.mem.Allocator.Error	
std.json.Scanner.next	usage	std.json.Scanner.NextError	
std.json.Scanner.next	usage	std.json.Scanner.Token	
std.json.Scanner.peekNextTokenType	usage	std.json.Scanner.PeekError	
std.json.Scanner.peekNextTokenType	usage	std.json.Scanner.TokenType	
std.json.Scanner.validate	usage	std.mem.Allocator	8800
std.json.Scanner.validate	usage	std.mem.Allocator.Error	
std.zig.system.windows.detectRuntimeVersion	usage	std.Target.Os.WindowsVersion	1927
std.zig.system.windows.detectNativeCpuAndFeatures	usage	std.Target.Cpu	3381
std.zig.target.canBuildLibC	usage	std.Target	1891
std.zig.target.glibcRuntimeTriple	usage	std.mem.Allocator	8800
std.zig.target.glibcRuntimeTriple	usage	std.Target.Cpu.Arch	3402
std.zig.target.glibcRuntimeTriple	usage	std.Target.Os.Tag	1918
std.zig.target.glibcRuntimeTriple	usage	std.Target.Abi	3367
std.zig.target.glibcRuntimeTriple	usage	std.mem.Allocator.Error	
std.zig.target.muslRuntimeTriple	usage	std.mem.Allocator	8800
std.zig.target.muslRuntimeTriple	usage	std.Target.Cpu.Arch	3402
std.zig.target.muslRuntimeTriple	usage	std.Target.Abi	3367
std.zig.target.muslRuntimeTriple	usage	std.mem.Allocator.Error	
std.zig.target.osArchName	usage	std.Target	1891
std.zig.target.muslArchName	usage	std.Target.Cpu.Arch	3402
std.zig.target.muslArchName	usage	std.Target.Abi	3367
std.zig.target.muslArchNameHeaders	usage	std.Target.Cpu.Arch	3402
std.zig.target.muslAbiNameHeaders	usage	std.Target.Abi	3367
std.zig.target.glibcArchNameHeaders	usage	std.Target.Cpu.Arch	3402
std.zig.target.glibcAbiNameHeaders	usage	std.Target.Abi	3367
std.zig.target.freebsdArchNameHeaders	usage	std.Target.Cpu.Arch	3402
std.zig.target.netbsdArchNameHeaders	usage	std.Target.Cpu.Arch	3402
std.zig.target.netbsdAbiNameHeaders	usage	std.Target.Abi	3367
std.zig.target.openbsdArchNameHeaders	usage	std.Target.Cpu.Arch	3402
std.zig.target.isLibCLibName	usage	std.Target	1891
std.zig.target.isLibCxxLibName	usage	std.Target	1891
std.zig.target.intByteSize	usage	std.Target	1891
std.zig.target.intAlignment	usage	std.Target	1891
std.json.Stringify.beginArray	usage	std.json.Stringify	8064
std.json.Stringify.beginArray	usage	std.Io.Writer.Error	
std.json.Stringify.beginObject	usage	std.json.Stringify	8064
std.json.Stringify.beginObject	usage	std.Io.Writer.Error	
std.json.Stringify.endArray	usage	std.json.Stringify	8064
std.json.Stringify.endArray	usage	std.Io.Writer.Error	
std.json.Stringify.endObject	usage	std.json.Stringify	8064
std.json.Stringify.endObject	usage	std.Io.Writer.Error	
std.json.Stringify.print	usage	std.json.Stringify	8064
std.json.Stringify.print	usage	std.Io.Writer.Error	
std.json.Stringify.beginWriteRaw	usage	std.json.Stringify	8064
std.json.Stringify.endWriteRaw	usage	std.json.Stringify	8064
std.json.Stringify.objectField	usage	std.json.Stringify	8064
std.json.Stringify.objectField	usage	std.Io.Writer.Error	
std.json.Stringify.objectFieldRaw	usage	std.json.Stringify	8064
std.json.Stringify.objectFieldRaw	usage	std.Io.Writer.Error	
std.json.Stringify.beginObjectFieldRaw	usage	std.json.Stringify	8064
std.json.Stringify.endObjectFieldRaw	usage	std.json.Stringify	8064
std.json.Stringify.write	usage	std.json.Stringify	8064
std.json.Stringify.write	usage	std.Io.Writer.Error	
std.json.Stringify.value	usage	std.json.Stringify.Options	
std.json.Stringify.value	usage	std.Io.Writer	903
std.json.Stringify.value	usage	std.Io.Writer.Error	
std.json.Stringify.valueAlloc	usage	std.mem.Allocator	8800
std.json.Stringify.valueAlloc	usage	std.json.Stringify.Options	
std.json.Stringify.encodeJsonString	usage	std.json.Stringify.Options	
std.json.Stringify.encodeJsonString	usage	std.Io.Writer	903
std.json.Stringify.encodeJsonString	usage	std.Io.Writer.Error	
std.json.Stringify.encodeJsonStringChars	usage	std.json.Stringify.Options	
std.json.Stringify.encodeJsonStringChars	usage	std.Io.Writer	903
std.json.Stringify.encodeJsonStringChars	usage	std.Io.Writer.Error	
std.zig.system.linux.detectNativeCpuAndFeatures	usage	std.Io	696
std.zig.system.linux.detectNativeCpuAndFeatures	usage	std.Target.Cpu	3381
std.crypto.codecs.asn1.Opaque	usage	std.crypto.codecs.asn1.Tag	5534
std.Random.Isaac64.init	usage	std.Random.Isaac64	1793
std.Random.Isaac64.random	usage	std.Random.Isaac64	1793
std.Random.Isaac64.random	usage	std.Random	1778
std.Random.Isaac64.fill	usage	std.Random.Isaac64	1793
std.Io.File.Reader.initInterface	usage	std.Io.Reader	811
std.Io.File.Reader.init	usage	std.Io.File	1304
std.Io.File.Reader.init	usage	std.Io	696
std.Io.File.Reader.init	usage	std.Io.File.Reader	1307
std.Io.File.Reader.initSize	usage	std.Io.File	1304
std.Io.File.Reader.initSize	usage	std.Io	696
std.Io.File.Reader.initSize	usage	std.Io.File.Reader	1307
std.Io.File.Reader.initStreaming	usage	std.Io.File	1304
std.Io.File.Reader.initStreaming	usage	std.Io	696
std.Io.File.Reader.initStreaming	usage	std.Io.File.Reader	1307
std.Io.File.Reader.getSize	usage	std.Io.File.Reader	1307
std.Io.File.Reader.getSize	usage	std.Io.File.Reader.SizeError	
std.Io.File.Reader.seekBy	usage	std.Io.File.Reader	1307
std.Io.File.Reader.seekBy	usage	std.Io.File.Reader.SeekError	
std.Io.File.Reader.seekTo	usage	std.Io.File.Reader	1307
std.Io.File.Reader.seekTo	usage	std.Io.File.Reader.SeekError	
std.Io.File.Reader.logicalPos	usage	std.Io.File.Reader	1307
std.Io.File.Reader.streamMode	usage	std.Io.File.Reader	1307
std.Io.File.Reader.streamMode	usage	std.Io.Writer	903
std.Io.File.Reader.streamMode	usage	std.Io.Limit	1505
std.Io.File.Reader.streamMode	usage	std.Io.File.Reader.Mode	1311
std.Io.File.Reader.streamMode	usage	std.Io.Reader.StreamError	
std.Io.File.Reader.atEnd	usage	std.Io.File.Reader	1307
std.Build.Step.Options.create	usage	std.Build	15
std.Build.Step.Options.create	usage	std.Build.Step.Options	256
std.Build.Step.Options.addOption	usage	std.Build.Step.Options	256
std.Build.Step.Options.addOptionPath	usage	std.Build.Step.Options	256
std.Build.Step.Options.addOptionPath	usage	std.Build.LazyPath	626
std.Build.Step.Options.createModule	usage	std.Build.Step.Options	256
std.Build.Step.Options.createModule	usage	std.Build.Module	395
std.Build.Step.Options.getOutput	usage	std.Build.Step.Options	256
std.Build.Step.Options.getOutput	usage	std.Build.LazyPath	626
std.crypto.hash.Sha1.init	usage	std.crypto.hash.Sha1.Options	
std.crypto.hash.Sha1.init	usage	std.crypto.hash.Sha1	5290
std.crypto.hash.Sha1.hash	usage	std.crypto.hash.Sha1.digest_length	
std.crypto.hash.Sha1.hash	usage	std.crypto.hash.Sha1.Options	
std.crypto.hash.Sha1.update	usage	std.crypto.hash.Sha1	5290
std.crypto.hash.Sha1.peek	usage	std.crypto.hash.Sha1	5290
std.crypto.hash.Sha1.peek	usage	std.crypto.hash.Sha1.digest_length	
std.crypto.hash.Sha1.final	usage	std.crypto.hash.Sha1	5290
std.crypto.hash.Sha1.final	usage	std.crypto.hash.Sha1.digest_length	
std.crypto.hash.Sha1.finalResult	usage	std.crypto.hash.Sha1	5290
std.crypto.hash.Sha1.finalResult	usage	std.crypto.hash.Sha1.digest_length	
std.debug.Coverage.deinit	usage	std.debug.Coverage	5901
std.debug.Coverage.deinit	usage	std.mem.Allocator	8800
std.debug.Coverage.fileAt	usage	std.debug.Coverage	5901
std.debug.Coverage.fileAt	usage	std.debug.Coverage.File.Index	
std.debug.Coverage.fileAt	usage	std.debug.Coverage.File	5912
std.debug.Coverage.stringAt	usage	std.debug.Coverage	5901
std.debug.Coverage.stringAt	usage	std.debug.Coverage.String	5903
std.debug.Coverage.resolveAddressesDwarf	usage	std.debug.Coverage	5901
std.debug.Coverage.resolveAddressesDwarf	usage	std.mem.Allocator	8800
std.debug.Coverage.resolveAddressesDwarf	usage	std.Io	696
std.debug.Coverage.resolveAddressesDwarf	usage	std.builtin.Endian	3740
std.debug.Coverage.resolveAddressesDwarf	usage	std.debug.Coverage.SourceLocation	5910
std.debug.Coverage.resolveAddressesDwarf	usage	std.debug.Dwarf	5763
std.debug.Coverage.resolveAddressesDwarf	usage	std.debug.Coverage.ResolveAddressesDwarfError	
std.debug.Coverage.addStringAssumeCapacity	usage	std.debug.Coverage	5901
std.debug.Coverage.addStringAssumeCapacity	usage	std.debug.Coverage.String	5903
std.os.windows.GetProcessHeap	usage	std.os.windows.HEAP	13086
std.os.windows.GetCurrentProcess	usage	std.os.windows.HANDLE	
std.os.windows.GetCurrentThread	usage	std.os.windows.HANDLE	
std.os.windows.CloseHandle	usage	std.os.windows.HANDLE	
std.os.windows.teb	usage	std.os.windows.TEB	
std.os.windows.peb	usage	std.os.windows.PEB	
std.os.windows.fromSysTime	usage	std.Io.Timestamp	1538
std.os.windows.toSysTime	usage	std.Io.Timestamp	1538
std.os.windows.removeDotDirsSanitized	usage	std.os.windows.RemoveDotDirsError	
std.os.windows.normalizePath	usage	std.os.windows.RemoveDotDirsError	
std.os.windows.unexpectedError	usage	std.posix.UnexpectedError	
std.os.windows.unexpectedStatus	usage	std.posix.UnexpectedError	
std.os.windows.statusBug	usage	std.posix.UnexpectedError	
std.os.windows.errorBug	usage	std.posix.UnexpectedError	
std.os.windows.IsProcessorFeaturePresent	usage	std.os.windows.PF	
std.unicode.utf8EncodeComptime	usage	std.unicode.utf8CodepointSequenceLength	
std.unicode.fmtUtf8	usage	std.fmt.Alt	
std.unicode.utf16LeToUtf8ArrayList	usage	std.array_list.Managed	
std.unicode.utf16LeToUtf8ArrayList	usage	std.unicode.Utf16LeToUtf8AllocError	
std.unicode.utf16LeToUtf8Alloc	usage	std.mem.Allocator	8800
std.unicode.utf16LeToUtf8Alloc	usage	std.unicode.Utf16LeToUtf8AllocError	
std.unicode.utf16LeToUtf8AllocZ	usage	std.mem.Allocator	8800
std.unicode.utf16LeToUtf8AllocZ	usage	std.unicode.Utf16LeToUtf8AllocError	
std.unicode.utf16LeToUtf8	usage	std.unicode.Utf16LeIterator.NextCodepointError	
std.unicode.utf8ToUtf16LeArrayList	usage	std.array_list.Managed	
std.unicode.utf8ToUtf16LeAlloc	usage	std.mem.Allocator	8800
std.unicode.utf8ToUtf16LeAllocZ	usage	std.mem.Allocator	8800
std.unicode.utf8ToUtf16LeStringLiteral	usage	std.unicode.calcUtf16LeLen	
std.unicode.wtf8ToWtf16LeStringLiteral	usage	std.unicode.calcWtf16LeLen	
std.unicode.fmtUtf16Le	usage	std.fmt.Alt	
std.unicode.wtf16LeToWtf8ArrayList	usage	std.array_list.Managed	
std.unicode.wtf16LeToWtf8ArrayList	usage	std.mem.Allocator.Error	
std.unicode.wtf16LeToWtf8Alloc	usage	std.mem.Allocator	8800
std.unicode.wtf16LeToWtf8Alloc	usage	std.mem.Allocator.Error	
std.unicode.wtf16LeToWtf8AllocZ	usage	std.mem.Allocator	8800
std.unicode.wtf16LeToWtf8AllocZ	usage	std.mem.Allocator.Error	
std.unicode.wtf8ToWtf16LeArrayList	usage	std.array_list.Managed	
std.unicode.wtf8ToWtf16LeAlloc	usage	std.mem.Allocator	8800
std.unicode.wtf8ToWtf16LeAllocZ	usage	std.mem.Allocator	8800
std.unicode.wtf8ToUtf8LossyAlloc	usage	std.mem.Allocator	8800
std.unicode.wtf8ToUtf8LossyAllocZ	usage	std.mem.Allocator	8800
std.hash.Adler32.update	usage	std.hash.Adler32	7553
std.debug.MachOFile.deinit	usage	std.debug.MachOFile	5889
std.debug.MachOFile.deinit	usage	std.mem.Allocator	8800
std.debug.MachOFile.load	usage	std.mem.Allocator	8800
std.debug.MachOFile.load	usage	std.Io	696
std.debug.MachOFile.load	usage	std.Target.Cpu.Arch	3402
std.debug.MachOFile.load	usage	std.debug.MachOFile.Error	
std.debug.MachOFile.load	usage	std.debug.MachOFile	5889
std.debug.MachOFile.getDwarfForAddress	usage	std.debug.MachOFile	5889
std.debug.MachOFile.getDwarfForAddress	usage	std.mem.Allocator	8800
std.debug.MachOFile.getDwarfForAddress	usage	std.Io	696
std.debug.MachOFile.getDwarfForAddress	usage	std.debug.Dwarf	5763
std.debug.MachOFile.lookupSymbolName	usage	std.debug.MachOFile	5889
std.os.uefi.unexpectedStatus	usage	std.os.uefi.UnexpectedError	
std.os.plan9.errno	usage	std.os.plan9.E	
std.os.plan9.sigaction	usage	std.os.plan9.Sigaction	11473
std.mem.validationWrap	usage	std.mem.ValidationAllocator	
std.mem.order	usage	std.math.Order	8784
std.mem.orderZ	usage	std.math.Order	8784
std.mem.boundedOrderZ	usage	std.math.Order	8784
std.mem.sliceTo	usage	std.meta.Elem	
std.mem.readVarInt	usage	std.builtin.Endian	3740
std.mem.readVarPackedInt	usage	std.builtin.Endian	3740
std.mem.readVarPackedInt	usage	std.builtin.Signedness	
std.mem.readInt	usage	std.builtin.Endian	3740
std.mem.readPackedInt	usage	std.builtin.Endian	3740
std.mem.writeInt	usage	std.builtin.Endian	3740
std.mem.writePackedInt	usage	std.builtin.Endian	3740
std.mem.writeVarPackedInt	usage	std.builtin.Endian	3740
std.mem.byteSwapAllFieldsAligned	usage	std.mem.Alignment	8829
std.mem.tokenizeAny	usage	std.mem.TokenIterator	
std.mem.tokenizeSequence	usage	std.mem.TokenIterator	
std.mem.tokenizeScalar	usage	std.mem.TokenIterator	
std.mem.splitSequence	usage	std.mem.SplitIterator	
std.mem.splitAny	usage	std.mem.SplitIterator	
std.mem.splitScalar	usage	std.mem.SplitIterator	
std.mem.splitBackwardsSequence	usage	std.mem.SplitBackwardsIterator	
std.mem.splitBackwardsAny	usage	std.mem.SplitBackwardsIterator	
std.mem.splitBackwardsScalar	usage	std.mem.SplitBackwardsIterator	
std.mem.window	usage	std.mem.WindowIterator	
std.mem.TokenIterator	usage	std.mem.DelimiterType	
std.mem.SplitIterator	usage	std.mem.DelimiterType	
std.mem.SplitBackwardsIterator	usage	std.mem.DelimiterType	
std.mem.join	usage	std.mem.Allocator	8800
std.mem.join	usage	std.mem.Allocator.Error	
std.mem.joinZ	usage	std.mem.Allocator	8800
std.mem.joinZ	usage	std.mem.Allocator.Error	
std.mem.concat	usage	std.mem.Allocator	8800
std.mem.concat	usage	std.mem.Allocator.Error	
std.mem.concatWithSentinel	usage	std.mem.Allocator	8800
std.mem.concatWithSentinel	usage	std.mem.Allocator.Error	
std.mem.concatMaybeSentinel	usage	std.mem.Allocator	8800
std.mem.concatMaybeSentinel	usage	std.mem.Allocator.Error	
std.mem.reverseIterator	usage	std.mem.ReverseIterator	
std.mem.replaceOwned	usage	std.mem.Allocator	8800
std.mem.replaceOwned	usage	std.mem.Allocator.Error	
std.mem.toNative	usage	std.builtin.Endian	3740
std.mem.nativeTo	usage	std.builtin.Endian	3740
std.Io.File.Writer.init	usage	std.Io.File	1304
std.Io.File.Writer.init	usage	std.Io	696
std.Io.File.Writer.init	usage	std.Io.File.Writer	1324
std.Io.File.Writer.initStreaming	usage	std.Io.File	1304
std.Io.File.Writer.initStreaming	usage	std.Io	696
std.Io.File.Writer.initStreaming	usage	std.Io.File.Writer	1324
std.Io.File.Writer.initDetect	usage	std.Io.File	1304
std.Io.File.Writer.initDetect	usage	std.Io	696
std.Io.File.Writer.initDetect	usage	std.Io.Cancelable	
std.Io.File.Writer.initDetect	usage	std.Io.File.Writer	1324
std.Io.File.Writer.initInterface	usage	std.Io.Writer	903
std.Io.File.Writer.moveToReader	usage	std.Io.File.Writer	1324
std.Io.File.Writer.moveToReader	usage	std.Io.File.Reader	1307
std.Io.File.Writer.drain	usage	std.Io.Writer	903
std.Io.File.Writer.drain	usage	std.Io.Writer.Error	
std.Io.File.Writer.sendFile	usage	std.Io.Writer	903
std.Io.File.Writer.sendFile	usage	std.Io.File.Reader	1307
std.Io.File.Writer.sendFile	usage	std.Io.Limit	1505
std.Io.File.Writer.sendFile	usage	std.Io.Writer.FileError	
std.Io.File.Writer.seekTo	usage	std.Io.File.Writer	1324
std.Io.File.Writer.seekTo	usage	std.Io.File.SeekError	
std.Io.File.Writer.seekTo	usage	std.Io.Writer.Error	
std.Io.File.Writer.logicalPos	usage	std.Io.File.Writer	1324
std.Io.File.Writer.seekToUnbuffered	usage	std.Io.File.Writer	1324
std.Io.File.Writer.seekToUnbuffered	usage	std.Io.File.SeekError	
std.Io.File.Writer.end	usage	std.Io.File.Writer	1324
std.Io.File.Writer.end	usage	std.Io.File.Writer.EndError	
std.Io.File.Writer.flush	usage	std.Io.File.Writer	1324
std.Io.File.Writer.flush	usage	std.Io.File.Writer.Error	
std.Build.Step.InstallArtifact.create	usage	std.Build	15
std.Build.Step.InstallArtifact.create	usage	std.Build.Step.Compile	202
std.Build.Step.InstallArtifact.create	usage	std.Build.Step.InstallArtifact.Options	180
std.Build.Step.InstallArtifact.create	usage	std.Build.Step.InstallArtifact	178
std.Target.Query.fromTarget	usage	std.Target	1891
std.Target.Query.fromTarget	usage	std.Target.Query	1892
std.Target.Query.parse	usage	std.Target.Query.ParseOptions	1900
std.Target.Query.parse	usage	std.Target.Query	1892
std.Target.Query.parseCpuArch	usage	std.Target.Query.ParseOptions	1900
std.Target.Query.parseCpuArch	usage	std.Target.Cpu.Arch	3402
std.Target.Query.parseVersion	usage	std.SemanticVersion	1870
std.Target.Query.isNativeCpu	usage	std.Target.Query	1892
std.Target.Query.isNativeOs	usage	std.Target.Query	1892
std.Target.Query.isNativeAbi	usage	std.Target.Query	1892
std.Target.Query.isNativeTriple	usage	std.Target.Query	1892
std.Target.Query.isNative	usage	std.Target.Query	1892
std.Target.Query.canDetectLibC	usage	std.Target.Query	1892
std.Target.Query.zigTriple	usage	std.Target.Query	1892
std.Target.Query.zigTriple	usage	std.mem.Allocator	8800
std.Target.Query.zigTriple	usage	std.mem.Allocator.Error	
std.Target.Query.serializeCpu	usage	std.Target.Query	1892
std.Target.Query.serializeCpu	usage	std.array_list.Managed	
std.Target.Query.serializeCpu	usage	std.mem.Allocator.Error	
std.Target.Query.serializeCpuAlloc	usage	std.Target.Query	1892
std.Target.Query.serializeCpuAlloc	usage	std.mem.Allocator	8800
std.Target.Query.serializeCpuAlloc	usage	std.mem.Allocator.Error	
std.Target.Query.allocDescription	usage	std.Target.Query	1892
std.Target.Query.allocDescription	usage	std.mem.Allocator	8800
std.Target.Query.setGnuLibCVersion	usage	std.Target.Query	1892
std.Target.Query.eql	usage	std.Target.Query	1892
std.crypto.Certificate.parse	usage	std.crypto.Certificate	5663
std.crypto.Certificate.parse	usage	std.crypto.Certificate.ParseError	
std.crypto.Certificate.parse	usage	std.crypto.Certificate.Parsed	5699
std.crypto.Certificate.verify	usage	std.crypto.Certificate	5663
std.crypto.Certificate.contents	usage	std.crypto.Certificate	5663
std.crypto.Certificate.contents	usage	std.crypto.Certificate.der.Element	5738
std.crypto.Certificate.parseBitString	usage	std.crypto.Certificate	5663
std.crypto.Certificate.parseBitString	usage	std.crypto.Certificate.der.Element	5738
std.crypto.Certificate.parseBitString	usage	std.crypto.Certificate.der.Element.Slice	5739
std.crypto.Certificate.parseTime	usage	std.crypto.Certificate	5663
std.crypto.Certificate.parseTime	usage	std.crypto.Certificate.der.Element	5738
std.crypto.Certificate.parseTime	usage	std.crypto.Certificate.ParseTimeError	
std.crypto.Certificate.parseAlgorithm	usage	std.crypto.Certificate.der.Element	5738
std.crypto.Certificate.parseAlgorithm	usage	std.crypto.Certificate.ParseEnumError	
std.crypto.Certificate.parseAlgorithm	usage	std.crypto.Certificate.Algorithm	5686
std.crypto.Certificate.parseAlgorithmCategory	usage	std.crypto.Certificate.der.Element	5738
std.crypto.Certificate.parseAlgorithmCategory	usage	std.crypto.Certificate.ParseEnumError	
std.crypto.Certificate.parseAlgorithmCategory	usage	std.crypto.Certificate.AlgorithmCategory	5689
std.crypto.Certificate.parseAttribute	usage	std.crypto.Certificate.der.Element	5738
std.crypto.Certificate.parseAttribute	usage	std.crypto.Certificate.ParseEnumError	
std.crypto.Certificate.parseAttribute	usage	std.crypto.Certificate.Attribute	5691
std.crypto.Certificate.parseNamedCurve	usage	std.crypto.Certificate.der.Element	5738
std.crypto.Certificate.parseNamedCurve	usage	std.crypto.Certificate.ParseEnumError	
std.crypto.Certificate.parseNamedCurve	usage	std.crypto.Certificate.NamedCurve	5693
std.crypto.Certificate.parseExtensionId	usage	std.crypto.Certificate.der.Element	5738
std.crypto.Certificate.parseExtensionId	usage	std.crypto.Certificate.ParseEnumError	
std.crypto.Certificate.parseExtensionId	usage	std.crypto.Certificate.ExtensionId	5696
std.crypto.Certificate.parseVersion	usage	std.crypto.Certificate.der.Element	5738
std.crypto.Certificate.parseVersion	usage	std.crypto.Certificate.ParseVersionError	
std.crypto.Certificate.parseVersion	usage	std.crypto.Certificate.Version	
std.process.Args.iterate	usage	std.process.Args	14306
std.process.Args.iterate	usage	std.process.Args.Iterator	14308
std.process.Args.iterateAllocator	usage	std.process.Args	14306
std.process.Args.iterateAllocator	usage	std.mem.Allocator	8800
std.process.Args.iterateAllocator	usage	std.process.Args.Iterator.InitError	
std.process.Args.iterateAllocator	usage	std.process.Args.Iterator	14308
std.process.Args.toSlice	usage	std.process.Args	14306
std.process.Args.toSlice	usage	std.mem.Allocator	8800
std.process.Args.toSlice	usage	std.process.Args.ToSliceError	
std.process.Args.IteratorGeneral	usage	std.process.Args.IteratorGeneralOptions	
std.zig.LibCDirs.detect	usage	std.mem.Allocator	8800
std.zig.LibCDirs.detect	usage	std.Io	696
std.zig.LibCDirs.detect	usage	std.Target	1891
std.zig.LibCDirs.detect	usage	std.zig.LibCInstallation	15533
std.zig.LibCDirs.detect	usage	std.process.Environ.Map	14360
std.zig.LibCDirs.detect	usage	std.zig.LibCInstallation.FindError	
std.zig.LibCDirs.detect	usage	std.zig.LibCDirs	15550
std.zig.LibCDirs.detectFromBuilding	usage	std.mem.Allocator	8800
std.zig.LibCDirs.detectFromBuilding	usage	std.Target	1891
std.zig.LibCDirs.detectFromBuilding	usage	std.zig.LibCDirs	15550
std.crypto.ecc.P384.scalar.rejectNonCanonical	usage	std.crypto.ecc.P384.scalar.CompressedScalar	
std.crypto.ecc.P384.scalar.rejectNonCanonical	usage	std.builtin.Endian	3740
std.crypto.ecc.P384.scalar.rejectNonCanonical	usage	std.crypto.errors.NonCanonicalError	
std.crypto.ecc.P384.scalar.reduce64	usage	std.builtin.Endian	3740
std.crypto.ecc.P384.scalar.reduce64	usage	std.crypto.ecc.P384.scalar.CompressedScalar	
std.crypto.ecc.P384.scalar.mul	usage	std.crypto.ecc.P384.scalar.CompressedScalar	
std.crypto.ecc.P384.scalar.mul	usage	std.builtin.Endian	3740
std.crypto.ecc.P384.scalar.mul	usage	std.crypto.errors.NonCanonicalError	
std.crypto.ecc.P384.scalar.mulAdd	usage	std.crypto.ecc.P384.scalar.CompressedScalar	
std.crypto.ecc.P384.scalar.mulAdd	usage	std.builtin.Endian	3740
std.crypto.ecc.P384.scalar.mulAdd	usage	std.crypto.errors.NonCanonicalError	
std.crypto.ecc.P384.scalar.add	usage	std.crypto.ecc.P384.scalar.CompressedScalar	
std.crypto.ecc.P384.scalar.add	usage	std.builtin.Endian	3740
std.crypto.ecc.P384.scalar.add	usage	std.crypto.errors.NonCanonicalError	
std.crypto.ecc.P384.scalar.neg	usage	std.crypto.ecc.P384.scalar.CompressedScalar	
std.crypto.ecc.P384.scalar.neg	usage	std.builtin.Endian	3740
std.crypto.ecc.P384.scalar.neg	usage	std.crypto.errors.NonCanonicalError	
std.crypto.ecc.P384.scalar.sub	usage	std.crypto.ecc.P384.scalar.CompressedScalar	
std.crypto.ecc.P384.scalar.sub	usage	std.builtin.Endian	3740
std.crypto.ecc.P384.scalar.sub	usage	std.crypto.errors.NonCanonicalError	
std.crypto.ecc.P384.scalar.random	usage	std.Io	696
std.crypto.ecc.P384.scalar.random	usage	std.builtin.Endian	3740
std.crypto.ecc.P384.scalar.random	usage	std.crypto.ecc.P384.scalar.CompressedScalar	
std.pie.relocate	usage	std.elf.Phdr	
std.tar.extract	usage	std.Io	696
std.tar.extract	usage	std.Io.Dir	1165
std.tar.extract	usage	std.Io.Reader	811
std.tar.extract	usage	std.tar.ExtractOptions	14615
std.Io.File.MultiReader.init	usage	std.Io.File.MultiReader	1359
std.Io.File.MultiReader.init	usage	std.mem.Allocator	8800
std.Io.File.MultiReader.init	usage	std.Io	696
std.Io.File.MultiReader.init	usage	std.Io.File.MultiReader.Streams	1363
std.Io.File.MultiReader.init	usage	std.Io.File	1304
std.Io.File.MultiReader.deinit	usage	std.Io.File.MultiReader	1359
std.Io.File.MultiReader.fileReader	usage	std.Io.File.MultiReader	1359
std.Io.File.MultiReader.fileReader	usage	std.Io.File.Reader	1307
std.Io.File.MultiReader.reader	usage	std.Io.File.MultiReader	1359
std.Io.File.MultiReader.reader	usage	std.Io.Reader	811
std.Io.File.MultiReader.checkAnyError	usage	std.Io.File.MultiReader	1359
std.Io.File.MultiReader.checkAnyError	usage	std.Io.File.MultiReader.UnendingError	
std.Io.File.MultiReader.toOwnedSlice	usage	std.Io.File.MultiReader	1359
std.Io.File.MultiReader.toOwnedSlice	usage	std.mem.Allocator.Error	
std.Io.File.MultiReader.fill	usage	std.Io.File.MultiReader	1359
std.Io.File.MultiReader.fill	usage	std.Io.Timeout	1564
std.Io.File.MultiReader.fill	usage	std.Io.File.MultiReader.FillError	
std.Io.File.MultiReader.fillRemaining	usage	std.Io.File.MultiReader	1359
std.Io.File.MultiReader.fillRemaining	usage	std.Io.Timeout	1564
std.Io.File.MultiReader.fillRemaining	usage	std.Io.Batch.AwaitConcurrentError	
std.debug.Dwarf.open	usage	std.debug.Dwarf	5763
std.debug.Dwarf.open	usage	std.mem.Allocator	8800
std.debug.Dwarf.open	usage	std.builtin.Endian	3740
std.debug.Dwarf.open	usage	std.debug.Dwarf.ScanError	
std.debug.Dwarf.section	usage	std.debug.Dwarf	5763
std.debug.Dwarf.section	usage	std.debug.Dwarf.Section.Id	
std.debug.Dwarf.deinit	usage	std.debug.Dwarf	5763
std.debug.Dwarf.deinit	usage	std.mem.Allocator	8800
std.debug.Dwarf.getSymbolName	usage	std.debug.Dwarf	5763
std.debug.Dwarf.populateRanges	usage	std.debug.Dwarf	5763
std.debug.Dwarf.populateRanges	usage	std.mem.Allocator	8800
std.debug.Dwarf.populateRanges	usage	std.builtin.Endian	3740
std.debug.Dwarf.populateRanges	usage	std.debug.Dwarf.ScanError	
std.debug.Dwarf.findCompileUnit	usage	std.debug.Dwarf	5763
std.debug.Dwarf.findCompileUnit	usage	std.builtin.Endian	3740
std.debug.Dwarf.findCompileUnit	usage	std.debug.Dwarf.CompileUnit	5811
std.debug.Dwarf.populateSrcLocCache	usage	std.debug.Dwarf	5763
std.debug.Dwarf.populateSrcLocCache	usage	std.mem.Allocator	8800
std.debug.Dwarf.populateSrcLocCache	usage	std.builtin.Endian	3740
std.debug.Dwarf.populateSrcLocCache	usage	std.debug.Dwarf.CompileUnit	5811
std.debug.Dwarf.populateSrcLocCache	usage	std.debug.Dwarf.ScanError	
std.debug.Dwarf.getLineNumberInfo	usage	std.debug.Dwarf	5763
std.debug.Dwarf.getLineNumberInfo	usage	std.mem.Allocator	8800
std.debug.Dwarf.getLineNumberInfo	usage	std.builtin.Endian	3740
std.debug.Dwarf.getLineNumberInfo	usage	std.debug.Dwarf.CompileUnit	5811
std.debug.Dwarf.getLineNumberInfo	usage	std.debug.SourceLocation	5989
std.debug.Dwarf.readUnitHeader	usage	std.Io.Reader	811
std.debug.Dwarf.readUnitHeader	usage	std.builtin.Endian	3740
std.debug.Dwarf.readUnitHeader	usage	std.debug.Dwarf.ScanError	
std.debug.Dwarf.ipRegNum	usage	std.Target.Cpu.Arch	3402
std.debug.Dwarf.fpRegNum	usage	std.Target.Cpu.Arch	3402
std.debug.Dwarf.spRegNum	usage	std.Target.Cpu.Arch	3402
std.debug.Dwarf.supportsUnwinding	usage	std.Target	1891
std.debug.Dwarf.getSymbols	usage	std.debug.Dwarf	5763
std.debug.Dwarf.getSymbols	usage	std.mem.Allocator	8800
std.debug.Dwarf.getSymbols	usage	std.builtin.Endian	3740
std.debug.Dwarf.getSymbols	usage	std.ArrayList	
std.debug.Dwarf.getSymbols	usage	std.debug.Symbol	5991
std.debug.Dwarf.getSymbols	usage	std.debug.SelfInfoError	
std.atomic.cacheLineForCpu	usage	std.Target.Cpu	3381
std.testing.Smith.baselineWeights	usage	std.Build.abi.fuzz.Weight	510
std.testing.Smith.value	usage	std.testing.Smith	14660
std.testing.Smith.valueWeighted	usage	std.testing.Smith	14660
std.testing.Smith.valueWeighted	usage	std.Build.abi.fuzz.Weight	510
std.testing.Smith.valueRangeAtMost	usage	std.testing.Smith	14660
std.testing.Smith.valueRangeLessThan	usage	std.testing.Smith	14660
std.testing.Smith.index	usage	std.testing.Smith	14660
std.testing.Smith.boolWeighted	usage	std.testing.Smith	14660
std.testing.Smith.eos	usage	std.testing.Smith	14660
std.testing.Smith.eosWeighted	usage	std.testing.Smith	14660
std.testing.Smith.eosWeighted	usage	std.Build.abi.fuzz.Weight	510
std.testing.Smith.eosWeightedSimple	usage	std.testing.Smith	14660
std.testing.Smith.bytes	usage	std.testing.Smith	14660
std.testing.Smith.bytesWeighted	usage	std.testing.Smith	14660
std.testing.Smith.bytesWeighted	usage	std.Build.abi.fuzz.Weight	510
std.testing.Smith.slice	usage	std.testing.Smith	14660
std.testing.Smith.sliceWeightedBytes	usage	std.testing.Smith	14660
std.testing.Smith.sliceWeightedBytes	usage	std.Build.abi.fuzz.Weight	510
std.testing.Smith.sliceWeighted	usage	std.testing.Smith	14660
std.testing.Smith.sliceWeighted	usage	std.Build.abi.fuzz.Weight	510
std.testing.Smith.valueWithHash	usage	std.testing.Smith	14660
std.testing.Smith.valueWeightedWithHash	usage	std.testing.Smith	14660
std.testing.Smith.valueWeightedWithHash	usage	std.Build.abi.fuzz.Weight	510
std.testing.Smith.valueRangeAtMostWithHash	usage	std.testing.Smith	14660
std.testing.Smith.valueRangeLessThanWithHash	usage	std.testing.Smith	14660
std.testing.Smith.indexWithHash	usage	std.testing.Smith	14660
std.testing.Smith.boolWeightedWithHash	usage	std.testing.Smith	14660
std.testing.Smith.eosWithHash	usage	std.testing.Smith	14660
std.testing.Smith.eosWeightedWithHash	usage	std.testing.Smith	14660
std.testing.Smith.eosWeightedWithHash	usage	std.Build.abi.fuzz.Weight	510
std.testing.Smith.eosWeightedSimpleWithHash	usage	std.testing.Smith	14660
std.testing.Smith.bytesWithHash	usage	std.testing.Smith	14660
std.testing.Smith.bytesWeightedWithHash	usage	std.testing.Smith	14660
std.testing.Smith.bytesWeightedWithHash	usage	std.Build.abi.fuzz.Weight	510
std.testing.Smith.sliceWithHash	usage	std.testing.Smith	14660
std.testing.Smith.sliceWeightedBytesWithHash	usage	std.testing.Smith	14660
std.testing.Smith.sliceWeightedBytesWithHash	usage	std.Build.abi.fuzz.Weight	510
std.testing.Smith.sliceWeightedWithHash	usage	std.testing.Smith	14660
std.testing.Smith.sliceWeightedWithHash	usage	std.Build.abi.fuzz.Weight	510
std.fmt.printInt	usage	std.fmt.Case	
std.fmt.printInt	usage	std.fmt.Options	7428
std.fmt.Alt	usage	std.Io.Writer	903
std.fmt.Alt	usage	std.Io.Writer.Error	
std.fmt.alt	usage	std.fmt.Alt	
std.fmt.parseInt	usage	std.fmt.ParseIntError	
std.fmt.parseIntWithGenericCharacter	usage	std.fmt.ParseIntError	
std.fmt.parseUnsigned	usage	std.fmt.ParseIntError	
std.fmt.parseIntSizeSuffix	usage	std.fmt.ParseIntError	
std.fmt.digitToChar	usage	std.fmt.Case	
std.fmt.bufPrint	usage	std.fmt.BufPrintError	
std.fmt.bufPrintZ	usage	std.fmt.BufPrintError	
std.fmt.bufPrintSentinel	usage	std.fmt.BufPrintError	
std.fmt.allocPrint	usage	std.mem.Allocator	8800
std.fmt.allocPrint	usage	std.mem.Allocator.Error	
std.fmt.allocPrintSentinel	usage	std.mem.Allocator	8800
std.fmt.allocPrintSentinel	usage	std.mem.Allocator.Error	
std.fmt.comptimePrint	usage	std.fmt.count	
std.fmt.bytesToHex	usage	std.fmt.Case	
std.Io.RwLock.tryLock	usage	std.Io.RwLock	1451
std.Io.RwLock.tryLock	usage	std.Io	696
std.Io.RwLock.lockUncancelable	usage	std.Io.RwLock	1451
std.Io.RwLock.lockUncancelable	usage	std.Io	696
std.Io.RwLock.lock	usage	std.Io.RwLock	1451
std.Io.RwLock.lock	usage	std.Io	696
std.Io.RwLock.lock	usage	std.Io.Cancelable	
std.Io.RwLock.unlock	usage	std.Io.RwLock	1451
std.Io.RwLock.unlock	usage	std.Io	696
std.Io.RwLock.tryLockShared	usage	std.Io.RwLock	1451
std.Io.RwLock.tryLockShared	usage	std.Io	696
std.Io.RwLock.lockSharedUncancelable	usage	std.Io.RwLock	1451
std.Io.RwLock.lockSharedUncancelable	usage	std.Io	696
std.Io.RwLock.lockShared	usage	std.Io.RwLock	1451
std.Io.RwLock.lockShared	usage	std.Io	696
std.Io.RwLock.lockShared	usage	std.Io.Cancelable	
std.Io.RwLock.unlockShared	usage	std.Io.RwLock	1451
std.Io.RwLock.unlockShared	usage	std.Io	696
std.Io.Dir.cwd	usage	std.Io.Dir	1165
std.Io.Dir.iterate	usage	std.Io.Dir	1165
std.Io.Dir.iterate	usage	std.Io.Dir.Iterator	1180
std.Io.Dir.iterateAssumeFirstIteration	usage	std.Io.Dir	1165
std.Io.Dir.iterateAssumeFirstIteration	usage	std.Io.Dir.Iterator	1180
std.Io.Dir.walkSelectively	usage	std.Io.Dir	1165
std.Io.Dir.walkSelectively	usage	std.mem.Allocator	8800
std.Io.Dir.walkSelectively	usage	std.Io.Dir.SelectiveWalker	1187
std.Io.Dir.walk	usage	std.Io.Dir	1165
std.Io.Dir.walk	usage	std.mem.Allocator	8800
std.Io.Dir.walk	usage	std.mem.Allocator.Error	
std.Io.Dir.walk	usage	std.Io.Dir.Walker	1194
std.Io.Dir.access	usage	std.Io.Dir	1165
std.Io.Dir.access	usage	std.Io	696
std.Io.Dir.access	usage	std.Io.Dir.AccessOptions	
std.Io.Dir.access	usage	std.Io.Dir.AccessError	
std.Io.Dir.accessAbsolute	usage	std.Io	696
std.Io.Dir.accessAbsolute	usage	std.Io.Dir.AccessOptions	
std.Io.Dir.accessAbsolute	usage	std.Io.Dir.AccessError	
std.Io.Dir.openDir	usage	std.Io.Dir	1165
std.Io.Dir.openDir	usage	std.Io	696
std.Io.Dir.openDir	usage	std.Io.Dir.OpenOptions	
std.Io.Dir.openDir	usage	std.Io.Dir.OpenError	
std.Io.Dir.openDirAbsolute	usage	std.Io	696
std.Io.Dir.openDirAbsolute	usage	std.Io.Dir.OpenOptions	
std.Io.Dir.openDirAbsolute	usage	std.Io.Dir.OpenError	
std.Io.Dir.openDirAbsolute	usage	std.Io.Dir	1165
std.Io.Dir.close	usage	std.Io.Dir	1165
std.Io.Dir.close	usage	std.Io	696
std.Io.Dir.closeMany	usage	std.Io	696
std.Io.Dir.closeMany	usage	std.Io.Dir	1165
std.Io.Dir.openFile	usage	std.Io.Dir	1165
std.Io.Dir.openFile	usage	std.Io	696
std.Io.Dir.openFile	usage	std.Io.Dir.OpenFileOptions	1212
std.Io.Dir.openFile	usage	std.Io.File.OpenError	
std.Io.Dir.openFile	usage	std.Io.File	1304
std.Io.Dir.openFileAbsolute	usage	std.Io	696
std.Io.Dir.openFileAbsolute	usage	std.Io.Dir.OpenFileOptions	1212
std.Io.Dir.openFileAbsolute	usage	std.Io.File.OpenError	
std.Io.Dir.openFileAbsolute	usage	std.Io.File	1304
std.Io.Dir.createFile	usage	std.Io.Dir	1165
std.Io.Dir.createFile	usage	std.Io	696
std.Io.Dir.createFile	usage	std.Io.Dir.CreateFileOptions	
std.Io.Dir.createFile	usage	std.Io.File.OpenError	
std.Io.Dir.createFile	usage	std.Io.File	1304
std.Io.Dir.createFileAbsolute	usage	std.Io	696
std.Io.Dir.createFileAbsolute	usage	std.Io.Dir.CreateFileOptions	
std.Io.Dir.createFileAbsolute	usage	std.Io.File.OpenError	
std.Io.Dir.createFileAbsolute	usage	std.Io.File	1304
std.Io.Dir.writeFile	usage	std.Io.Dir	1165
std.Io.Dir.writeFile	usage	std.Io	696
std.Io.Dir.writeFile	usage	std.Io.Dir.WriteFileOptions	
std.Io.Dir.writeFile	usage	std.Io.Dir.WriteFileError	
std.Io.Dir.updateFile	usage	std.Io.Dir	1165
std.Io.Dir.updateFile	usage	std.Io	696
std.Io.Dir.updateFile	usage	std.Io.Dir.CopyFileOptions	
std.Io.Dir.updateFile	usage	std.Io.Dir.PrevStatus	
std.Io.Dir.readFile	usage	std.Io.Dir	1165
std.Io.Dir.readFile	usage	std.Io	696
std.Io.Dir.readFile	usage	std.Io.Dir.ReadFileError	
std.Io.Dir.createDir	usage	std.Io.Dir	1165
std.Io.Dir.createDir	usage	std.Io	696
std.Io.Dir.createDir	usage	std.Io.File.Permissions	
std.Io.Dir.createDir	usage	std.Io.Dir.CreateDirError	
std.Io.Dir.createDirAbsolute	usage	std.Io	696
std.Io.Dir.createDirAbsolute	usage	std.Io.File.Permissions	
std.Io.Dir.createDirAbsolute	usage	std.Io.Dir.CreateDirError	
std.Io.Dir.createDirPath	usage	std.Io.Dir	1165
std.Io.Dir.createDirPath	usage	std.Io	696
std.Io.Dir.createDirPath	usage	std.Io.Dir.CreateDirPathError	
std.Io.Dir.createDirPathStatus	usage	std.Io.Dir	1165
std.Io.Dir.createDirPathStatus	usage	std.Io	696
std.Io.Dir.createDirPathStatus	usage	std.Io.File.Permissions	
std.Io.Dir.createDirPathStatus	usage	std.Io.Dir.CreateDirPathError	
std.Io.Dir.createDirPathStatus	usage	std.Io.Dir.CreatePathStatus	
std.Io.Dir.createDirPathOpen	usage	std.Io.Dir	1165
std.Io.Dir.createDirPathOpen	usage	std.Io	696
std.Io.Dir.createDirPathOpen	usage	std.Io.Dir.CreateDirPathOpenOptions	
std.Io.Dir.createDirPathOpen	usage	std.Io.Dir.CreateDirPathOpenError	
std.Io.Dir.stat	usage	std.Io.Dir	1165
std.Io.Dir.stat	usage	std.Io	696
std.Io.Dir.stat	usage	std.Io.File.StatError	
std.Io.Dir.stat	usage	std.Io.File.Stat	
std.Io.Dir.statFile	usage	std.Io.Dir	1165
std.Io.Dir.statFile	usage	std.Io	696
std.Io.Dir.statFile	usage	std.Io.Dir.StatFileOptions	
std.Io.Dir.statFile	usage	std.Io.Dir.StatFileError	
std.Io.Dir.statFile	usage	std.Io.File.Stat	
std.Io.Dir.realPath	usage	std.Io.Dir	1165
std.Io.Dir.realPath	usage	std.Io	696
std.Io.Dir.realPath	usage	std.Io.File.RealPathError	
std.Io.Dir.realPathFile	usage	std.Io.Dir	1165
std.Io.Dir.realPathFile	usage	std.Io	696
std.Io.Dir.realPathFile	usage	std.Io.Dir.RealPathFileError	
std.Io.Dir.realPathFileAlloc	usage	std.Io.Dir	1165
std.Io.Dir.realPathFileAlloc	usage	std.Io	696
std.Io.Dir.realPathFileAlloc	usage	std.mem.Allocator	8800
std.Io.Dir.realPathFileAlloc	usage	std.Io.Dir.RealPathFileAllocError	
std.Io.Dir.realPathFileAbsolute	usage	std.Io	696
std.Io.Dir.realPathFileAbsolute	usage	std.Io.Dir.RealPathFileError	
std.Io.Dir.realPathFileAbsoluteAlloc	usage	std.Io	696
std.Io.Dir.realPathFileAbsoluteAlloc	usage	std.mem.Allocator	8800
std.Io.Dir.realPathFileAbsoluteAlloc	usage	std.Io.Dir.RealPathFileAllocError	
std.Io.Dir.deleteFile	usage	std.Io.Dir	1165
std.Io.Dir.deleteFile	usage	std.Io	696
std.Io.Dir.deleteFile	usage	std.Io.Dir.DeleteFileError	
std.Io.Dir.deleteFileAbsolute	usage	std.Io	696
std.Io.Dir.deleteFileAbsolute	usage	std.Io.Dir.DeleteFileError	
std.Io.Dir.deleteDir	usage	std.Io.Dir	1165
std.Io.Dir.deleteDir	usage	std.Io	696
std.Io.Dir.deleteDir	usage	std.Io.Dir.DeleteDirError	
std.Io.Dir.deleteDirAbsolute	usage	std.Io	696
std.Io.Dir.deleteDirAbsolute	usage	std.Io.Dir.DeleteDirError	
std.Io.Dir.rename	usage	std.Io.Dir	1165
std.Io.Dir.rename	usage	std.Io	696
std.Io.Dir.rename	usage	std.Io.Dir.RenameError	
std.Io.Dir.renameAbsolute	usage	std.Io	696
std.Io.Dir.renameAbsolute	usage	std.Io.Dir.RenameError	
std.Io.Dir.renamePreserve	usage	std.Io.Dir	1165
std.Io.Dir.renamePreserve	usage	std.Io	696
std.Io.Dir.renamePreserve	usage	std.Io.Dir.RenamePreserveError	
std.Io.Dir.hardLink	usage	std.Io.Dir	1165
std.Io.Dir.hardLink	usage	std.Io	696
std.Io.Dir.hardLink	usage	std.Io.File.HardLinkOptions	
std.Io.Dir.hardLink	usage	std.Io.File.HardLinkError	
std.Io.Dir.symLink	usage	std.Io.Dir	1165
std.Io.Dir.symLink	usage	std.Io	696
std.Io.Dir.symLink	usage	std.Io.Dir.SymLinkFlags	
std.Io.Dir.symLink	usage	std.Io.Dir.SymLinkError	
std.Io.Dir.symLinkAbsolute	usage	std.Io	696
std.Io.Dir.symLinkAbsolute	usage	std.Io.Dir.SymLinkFlags	
std.Io.Dir.symLinkAbsolute	usage	std.Io.Dir.SymLinkError	
std.Io.Dir.symLinkAtomic	usage	std.Io.Dir	1165
std.Io.Dir.symLinkAtomic	usage	std.Io	696
std.Io.Dir.symLinkAtomic	usage	std.Io.Dir.SymLinkFlags	
std.Io.Dir.readLink	usage	std.Io.Dir	1165
std.Io.Dir.readLink	usage	std.Io	696
std.Io.Dir.readLink	usage	std.Io.Dir.ReadLinkError	
std.Io.Dir.readLinkAbsolute	usage	std.Io	696
std.Io.Dir.readLinkAbsolute	usage	std.Io.Dir.ReadLinkError	
std.Io.Dir.readFileAlloc	usage	std.Io.Dir	1165
std.Io.Dir.readFileAlloc	usage	std.Io	696
std.Io.Dir.readFileAlloc	usage	std.mem.Allocator	8800
std.Io.Dir.readFileAlloc	usage	std.Io.Limit	1505
std.Io.Dir.readFileAlloc	usage	std.Io.Dir.ReadFileAllocError	
std.Io.Dir.readFileAllocOptions	usage	std.Io.Dir	1165
std.Io.Dir.readFileAllocOptions	usage	std.Io	696
std.Io.Dir.readFileAllocOptions	usage	std.mem.Allocator	8800
std.Io.Dir.readFileAllocOptions	usage	std.Io.Limit	1505
std.Io.Dir.readFileAllocOptions	usage	std.mem.Alignment	8829
std.Io.Dir.readFileAllocOptions	usage	std.Io.Dir.ReadFileAllocError	
std.Io.Dir.deleteTree	usage	std.Io.Dir	1165
std.Io.Dir.deleteTree	usage	std.Io	696
std.Io.Dir.deleteTree	usage	std.Io.Dir.DeleteTreeError	
std.Io.Dir.deleteTreeMinStackSize	usage	std.Io.Dir	1165
std.Io.Dir.deleteTreeMinStackSize	usage	std.Io	696
std.Io.Dir.deleteTreeMinStackSize	usage	std.Io.Dir.DeleteTreeError	
std.Io.Dir.copyFile	usage	std.Io.Dir	1165
std.Io.Dir.copyFile	usage	std.Io	696
std.Io.Dir.copyFile	usage	std.Io.Dir.CopyFileOptions	
std.Io.Dir.copyFile	usage	std.Io.Dir.CopyFileError	
std.Io.Dir.copyFileAbsolute	usage	std.Io	696
std.Io.Dir.copyFileAbsolute	usage	std.Io.Dir.CopyFileOptions	
std.Io.Dir.createFileAtomic	usage	std.Io.Dir	1165
std.Io.Dir.createFileAtomic	usage	std.Io	696
std.Io.Dir.createFileAtomic	usage	std.Io.Dir.CreateFileAtomicOptions	
std.Io.Dir.createFileAtomic	usage	std.Io.Dir.CreateFileAtomicError	
std.Io.Dir.createFileAtomic	usage	std.Io.File.Atomic	1342
std.Io.Dir.setPermissions	usage	std.Io.Dir	1165
std.Io.Dir.setPermissions	usage	std.Io	696
std.Io.Dir.setPermissions	usage	std.Io.File.Permissions	
std.Io.Dir.setPermissions	usage	std.Io.File.SetPermissionsError	
std.Io.Dir.setFilePermissions	usage	std.Io.Dir	1165
std.Io.Dir.setFilePermissions	usage	std.Io	696
std.Io.Dir.setFilePermissions	usage	std.Io.File.Permissions	
std.Io.Dir.setFilePermissions	usage	std.Io.Dir.SetFilePermissionsOptions	
std.Io.Dir.setFilePermissions	usage	std.Io.Dir.SetFilePermissionsError	
std.Io.Dir.setOwner	usage	std.Io.Dir	1165
std.Io.Dir.setOwner	usage	std.Io	696
std.Io.Dir.setOwner	usage	std.Io.File.Uid	
std.Io.Dir.setOwner	usage	std.Io.File.Gid	
std.Io.Dir.setOwner	usage	std.Io.File.SetOwnerError	
std.Io.Dir.setFileOwner	usage	std.Io.Dir	1165
std.Io.Dir.setFileOwner	usage	std.Io	696
std.Io.Dir.setFileOwner	usage	std.Io.File.Uid	
std.Io.Dir.setFileOwner	usage	std.Io.File.Gid	
std.Io.Dir.setFileOwner	usage	std.Io.Dir.SetFileOwnerOptions	
std.Io.Dir.setFileOwner	usage	std.Io.File.SetOwnerError	
std.Io.Dir.setTimestamps	usage	std.Io.Dir	1165
std.Io.Dir.setTimestamps	usage	std.Io	696
std.Io.Dir.setTimestamps	usage	std.Io.Dir.SetTimestampsOptions	
std.Io.Dir.setTimestamps	usage	std.Io.Dir.SetTimestampsError	
std.Io.Dir.setTimestampsNow	usage	std.Io.Dir	1165
std.Io.Dir.setTimestampsNow	usage	std.Io	696
std.Io.Dir.setTimestampsNow	usage	std.Io.Dir.SetTimestampsNowOptions	
std.Io.Dir.setTimestampsNow	usage	std.Io.Dir.SetTimestampsError	
std.crypto.core.modes.ctr	usage	std.builtin.Endian	3740
std.crypto.core.modes.ctrSlice	usage	std.builtin.Endian	3740
std.Build.Step.init	usage	std.Build.Step.StepOptions	
std.Build.Step.init	usage	std.Build.Step	121
std.Build.Step.make	usage	std.Build.Step	121
std.Build.Step.make	usage	std.Build.Step.MakeOptions	
std.Build.Step.dependOn	usage	std.Build.Step	121
std.Build.Step.cast	usage	std.Build.Step	121
std.Build.Step.dump	usage	std.Build.Step	121
std.Build.Step.dump	usage	std.Io.Terminal	1444
std.Build.Step.captureChildProcess	usage	std.Build.Step	121
std.Build.Step.captureChildProcess	usage	std.mem.Allocator	8800
std.Build.Step.captureChildProcess	usage	std.Progress.Node	1752
std.Build.Step.captureChildProcess	usage	std.process.RunResult	
std.Build.Step.fail	usage	std.Build.Step	121
std.Build.Step.addError	usage	std.Build.Step	121
std.Build.Step.evalZigProcess	usage	std.Build.Step	121
std.Build.Step.evalZigProcess	usage	std.Progress.Node	1752
std.Build.Step.evalZigProcess	usage	std.Build.WebServer	467
std.Build.Step.evalZigProcess	usage	std.mem.Allocator	8800
std.Build.Step.evalZigProcess	usage	std.Build.Cache.Path	17
std.Build.Step.installFile	usage	std.Build.Step	121
std.Build.Step.installFile	usage	std.Build.LazyPath	626
std.Build.Step.installFile	usage	std.Io.Dir.PrevStatus	
std.Build.Step.installDir	usage	std.Build.Step	121
std.Build.Step.installDir	usage	std.Io.Dir.CreatePathStatus	
std.Build.Step.getZigProcess	usage	std.Build.Step	121
std.Build.Step.getZigProcess	usage	std.Build.Step.ZigProcess	371
std.Build.Step.handleVerbose	usage	std.Build	15
std.Build.Step.handleVerbose	usage	std.process.Child.Cwd	
std.Build.Step.handleVerbose2	usage	std.Build	15
std.Build.Step.handleVerbose2	usage	std.process.Child.Cwd	
std.Build.Step.handleVerbose2	usage	std.process.Environ.Map	14360
std.Build.Step.handleChildProcUnsupported	usage	std.Build.Step	121
std.Build.Step.handleChildProcessTerm	usage	std.Build.Step	121
std.Build.Step.handleChildProcessTerm	usage	std.process.Child.Term	
std.Build.Step.allocPrintCmd	usage	std.mem.Allocator	8800
std.Build.Step.allocPrintCmd	usage	std.process.Child.Cwd	
std.Build.Step.allocPrintCmd	usage	std.process.Environ.Map	14360
std.Build.Step.allocPrintCmd	usage	std.mem.Allocator.Error	
std.Build.Step.cacheHit	usage	std.Build.Step	121
std.Build.Step.cacheHit	usage	std.Build.Cache.Manifest	93
std.Build.Step.cacheHitAndWatch	usage	std.Build.Step	121
std.Build.Step.cacheHitAndWatch	usage	std.Build.Cache.Manifest	93
std.Build.Step.writeManifest	usage	std.Build.Step	121
std.Build.Step.writeManifest	usage	std.Build.Cache.Manifest	93
std.Build.Step.writeManifestAndWatch	usage	std.Build.Step	121
std.Build.Step.writeManifestAndWatch	usage	std.Build.Cache.Manifest	93
std.Build.Step.singleUnchangingWatchInput	usage	std.Build.Step	121
std.Build.Step.singleUnchangingWatchInput	usage	std.Build.LazyPath	626
std.Build.Step.singleUnchangingWatchInput	usage	std.mem.Allocator.Error	
std.Build.Step.clearWatchInputs	usage	std.Build.Step	121
std.Build.Step.addWatchInput	usage	std.Build.Step	121
std.Build.Step.addWatchInput	usage	std.Build.LazyPath	626
std.Build.Step.addWatchInput	usage	std.mem.Allocator.Error	
std.Build.Step.addDirectoryWatchInput	usage	std.Build.Step	121
std.Build.Step.addDirectoryWatchInput	usage	std.Build.LazyPath	626
std.Build.Step.addDirectoryWatchInput	usage	std.mem.Allocator.Error	
std.Build.Step.addDirectoryWatchInputFromPath	usage	std.Build.Step	121
std.Build.Step.addDirectoryWatchInputFromPath	usage	std.Build.Cache.Path	17
std.Build.Step.reset	usage	std.Build.Step	121
std.Build.Step.reset	usage	std.mem.Allocator	8800
std.Build.Step.invalidateResult	usage	std.Build.Step	121
std.Build.Step.invalidateResult	usage	std.mem.Allocator	8800
std.zig.Zoir.hasCompileErrors	usage	std.zig.Zoir	15471
std.zig.Zoir.deinit	usage	std.zig.Zoir	15471
std.zig.Zoir.deinit	usage	std.mem.Allocator	8800
std.zig.system.darwin.macos.detect	usage	std.Io	696
std.zig.system.darwin.macos.detect	usage	std.Target.Os	1917
std.zig.system.darwin.macos.detectNativeCpuAndFeatures	usage	std.Target.Cpu	3381
std.os.linux.errno	usage	std.os.linux.E	
std.os.linux.execveat	usage	std.os.linux.EXECVEAT	
std.os.linux.futimens	usage	std.os.linux.timespec	
std.os.linux.utimensat	usage	std.os.linux.timespec	
std.os.linux.futex	usage	std.os.linux.FUTEX_OP	
std.os.linux.futex	usage	std.os.linux.futex_param4	
std.os.linux.futex_3arg	usage	std.os.linux.FUTEX_OP	
std.os.linux.futex_4arg	usage	std.os.linux.FUTEX_OP	
std.os.linux.futex_4arg	usage	std.os.linux.timespec	
std.os.linux.futex2_waitv	usage	std.os.linux.futex2_waitone	
std.os.linux.futex2_waitv	usage	std.os.linux.FUTEX2_FLAGS_WAITV	
std.os.linux.futex2_waitv	usage	std.os.linux.kernel_timespec	11132
std.os.linux.futex2_waitv	usage	std.os.linux.clockid_t	
std.os.linux.futex2_wait	usage	std.os.linux.FUTEX2_FLAGS	
std.os.linux.futex2_wait	usage	std.os.linux.kernel_timespec	11132
std.os.linux.futex2_wait	usage	std.os.linux.clockid_t	
std.os.linux.futex2_wake	usage	std.os.linux.FUTEX2_FLAGS	
std.os.linux.futex2_requeue	usage	std.os.linux.futex2_waitone	
std.os.linux.futex2_requeue	usage	std.os.linux.FUTEX2_FLAGS_REQUEUE	
std.os.linux.fanotify_init	usage	std.os.linux.fanotify.InitFlags	
std.os.linux.fanotify_mark	usage	std.os.linux.fanotify.MarkFlags	
std.os.linux.fanotify_mark	usage	std.os.linux.fanotify.MarkMask	
std.os.linux.name_to_handle_at	usage	std.os.linux.file_handle	
std.os.linux.move_mount	usage	std.os.linux.MOVE_MOUNT	
std.os.linux.mount_setattr	usage	std.os.linux.MOUNT_ATTR	
std.os.linux.fsopen	usage	std.os.linux.FSOPEN	
std.os.linux.fsconfig	usage	std.os.linux.FSCONFIG_CMD	
std.os.linux.fsmount	usage	std.os.linux.FSMOUNT	
std.os.linux.fsmount	usage	std.os.linux.MOUNT_ATTR	
std.os.linux.fspick	usage	std.os.linux.FSPICK	
std.os.linux.mmap	usage	std.os.linux.PROT	
std.os.linux.mmap	usage	std.os.linux.MAP	
std.os.linux.mprotect	usage	std.os.linux.PROT	
std.os.linux.mremap	usage	std.os.linux.MREMAP	
std.os.linux.mlock2	usage	std.os.linux.MLOCK	
std.os.linux.mlockall	usage	std.os.linux.MCL	
std.os.linux.poll	usage	std.os.linux.pollfd	
std.os.linux.ppoll	usage	std.os.linux.pollfd	
std.os.linux.ppoll	usage	std.os.linux.timespec	
std.os.linux.ppoll	usage	std.os.linux.sigset_t	
std.os.linux.preadv	usage	std.posix.iovec	
std.os.linux.preadv2	usage	std.posix.iovec	
std.os.linux.readv	usage	std.posix.iovec	
std.os.linux.writev	usage	std.posix.iovec_const	
std.os.linux.pwritev	usage	std.posix.iovec_const	
std.os.linux.pwritev2	usage	std.posix.iovec_const	
std.os.linux.pipe2	usage	std.os.linux.O	
std.os.linux.renameat2	usage	std.os.linux.RENAME	
std.os.linux.open	usage	std.os.linux.O	
std.os.linux.openat	usage	std.os.linux.O	
std.os.linux.close_range	usage	std.os.linux.CLOSE_RANGE	
std.os.linux.reboot	usage	std.os.linux.LINUX_REBOOT.MAGIC1	
std.os.linux.reboot	usage	std.os.linux.LINUX_REBOOT.MAGIC2	
std.os.linux.reboot	usage	std.os.linux.LINUX_REBOOT.CMD	
std.os.linux.kill	usage	std.os.linux.SIG	
std.os.linux.tkill	usage	std.os.linux.SIG	
std.os.linux.tgkill	usage	std.os.linux.SIG	
std.os.linux.wait4	usage	std.os.linux.rusage	10930
std.os.linux.waitid	usage	std.os.linux.P	
std.os.linux.waitid	usage	std.os.linux.siginfo_t	
std.os.linux.waitid	usage	std.os.linux.rusage	10930
std.os.linux.clock_gettime	usage	std.os.linux.clockid_t	
std.os.linux.clock_gettime	usage	std.os.linux.timespec	
std.os.linux.clock_getres	usage	std.os.linux.clockid_t	
std.os.linux.clock_getres	usage	std.os.linux.timespec	
std.os.linux.clock_settime	usage	std.os.linux.clockid_t	
std.os.linux.clock_settime	usage	std.os.linux.timespec	
std.os.linux.clock_nanosleep	usage	std.os.linux.clockid_t	
std.os.linux.clock_nanosleep	usage	std.os.linux.TIMER	
std.os.linux.clock_nanosleep	usage	std.os.linux.timespec	
std.os.linux.gettimeofday	usage	std.os.linux.timeval	
std.os.linux.gettimeofday	usage	std.os.linux.timezone	
std.os.linux.settimeofday	usage	std.os.linux.timeval	
std.os.linux.settimeofday	usage	std.os.linux.timezone	
std.os.linux.nanosleep	usage	std.os.linux.timespec	
std.os.linux.sigprocmask	usage	std.os.linux.sigset_t	
std.os.linux.sigaction	usage	std.os.linux.SIG	
std.os.linux.sigaction	usage	std.os.linux.Sigaction	10444
std.os.linux.sigemptyset	usage	std.os.linux.sigset_t	
std.os.linux.sigfillset	usage	std.os.linux.sigset_t	
std.os.linux.sigaddset	usage	std.os.linux.sigset_t	
std.os.linux.sigaddset	usage	std.os.linux.SIG	
std.os.linux.sigdelset	usage	std.os.linux.sigset_t	
std.os.linux.sigdelset	usage	std.os.linux.SIG	
std.os.linux.sigismember	usage	std.os.linux.sigset_t	
std.os.linux.sigismember	usage	std.os.linux.SIG	
std.os.linux.getsockname	usage	std.os.linux.sockaddr	10454
std.os.linux.getpeername	usage	std.os.linux.sockaddr	10454
std.os.linux.sendmsg	usage	std.os.linux.msghdr_const	
std.os.linux.sendmmsg	usage	std.os.linux.mmsghdr	
std.os.linux.recvmsg	usage	std.os.linux.msghdr	
std.os.linux.recvmmsg	usage	std.os.linux.mmsghdr	
std.os.linux.recvmmsg	usage	std.os.linux.timespec	
std.os.linux.recvfrom	usage	std.os.linux.sockaddr	10454
std.os.linux.bind	usage	std.os.linux.sockaddr	10454
std.os.linux.sendto	usage	std.os.linux.sockaddr	10454
std.os.linux.accept	usage	std.os.linux.sockaddr	10454
std.os.linux.accept4	usage	std.os.linux.sockaddr	10454
std.os.linux.statx	usage	std.os.linux.STATX	10834
std.os.linux.statx	usage	std.os.linux.Statx	
std.os.linux.sched_setparam	usage	std.os.linux.sched_param	
std.os.linux.sched_getparam	usage	std.os.linux.sched_param	
std.os.linux.sched_setscheduler	usage	std.os.linux.SCHED	9616
std.os.linux.sched_setscheduler	usage	std.os.linux.sched_param	
std.os.linux.sched_get_priority_max	usage	std.os.linux.SCHED	9616
std.os.linux.sched_get_priority_min	usage	std.os.linux.SCHED	9616
std.os.linux.sched_setattr	usage	std.os.linux.sched_attr	
std.os.linux.sched_getattr	usage	std.os.linux.sched_attr	
std.os.linux.sched_rr_get_interval	usage	std.os.linux.timespec	
std.os.linux.sched_getaffinity	usage	std.os.linux.cpu_set_t	
std.os.linux.sched_setaffinity	usage	std.os.linux.cpu_set_t	
std.os.linux.epoll_ctl	usage	std.os.linux.epoll_event	
std.os.linux.epoll_wait	usage	std.os.linux.epoll_event	
std.os.linux.epoll_pwait	usage	std.os.linux.epoll_event	
std.os.linux.epoll_pwait	usage	std.os.linux.sigset_t	
std.os.linux.timerfd_create	usage	std.os.linux.timerfd_clockid_t	
std.os.linux.timerfd_create	usage	std.os.linux.TFD	
std.os.linux.timerfd_gettime	usage	std.os.linux.itimerspec	
std.os.linux.timerfd_settime	usage	std.os.linux.itimerspec	
std.os.linux.getitimer	usage	std.os.linux.itimerspec	
std.os.linux.setitimer	usage	std.os.linux.itimerspec	
std.os.linux.capget	usage	std.os.linux.cap_user_header_t	
std.os.linux.capget	usage	std.os.linux.cap_user_data_t	
std.os.linux.capset	usage	std.os.linux.cap_user_header_t	
std.os.linux.capset	usage	std.os.linux.cap_user_data_t	
std.os.linux.sigaltstack	usage	std.os.linux.stack_t	
std.os.linux.uname	usage	std.os.linux.utsname	
std.os.linux.io_uring_setup	usage	std.os.linux.io_uring_params	
std.os.linux.io_uring_enter	usage	std.os.linux.sigset_t	
std.os.linux.io_uring_register	usage	std.os.linux.IORING_REGISTER	
std.os.linux.getrusage	usage	std.os.linux.rusage	10930
std.os.linux.tcgetattr	usage	std.os.linux.termios	
std.os.linux.tcsetattr	usage	std.posix.TCSA	
std.os.linux.tcsetattr	usage	std.os.linux.termios	
std.os.linux.signalfd	usage	std.os.linux.sigset_t	
std.os.linux.bpf	usage	std.os.linux.BPF.Cmd	
std.os.linux.bpf	usage	std.os.linux.BPF.Attr	
std.os.linux.getrlimit	usage	std.os.linux.rlimit_resource	
std.os.linux.getrlimit	usage	std.os.linux.rlimit	
std.os.linux.setrlimit	usage	std.os.linux.rlimit_resource	
std.os.linux.setrlimit	usage	std.os.linux.rlimit	
std.os.linux.prlimit	usage	std.os.linux.rlimit_resource	
std.os.linux.prlimit	usage	std.os.linux.rlimit	
std.os.linux.pidfd_send_signal	usage	std.os.linux.SIG	
std.os.linux.pidfd_send_signal	usage	std.os.linux.siginfo_t	
std.os.linux.process_vm_readv	usage	std.posix.iovec	
std.os.linux.process_vm_readv	usage	std.posix.iovec_const	
std.os.linux.process_vm_writev	usage	std.posix.iovec_const	
std.os.linux.perf_event_open	usage	std.os.linux.perf_event_attr	
std.os.linux.cachestat	usage	std.os.linux.cache_stat_range	
std.os.linux.cachestat	usage	std.os.linux.cache_stat	
std.os.linux.sysinfo	usage	std.os.linux.Sysinfo	
std.os.linux.CPU_COUNT	usage	std.os.linux.cpu_set_t	
std.os.linux.CPU_COUNT	usage	std.os.linux.cpu_count_t	
std.time.epoch.getDaysInMonth	usage	std.time.epoch.Month	14728
std.Build.Module.init	usage	std.Build.Module	395
std.Build.Module.init	usage	std.Build	15
std.Build.Module.init	usage	std.Build.Module.CreateOptions	
std.Build.Module.create	usage	std.Build	15
std.Build.Module.create	usage	std.Build.Module.CreateOptions	
std.Build.Module.create	usage	std.Build.Module	395
std.Build.Module.addImport	usage	std.Build.Module	395
std.Build.Module.addAnonymousImport	usage	std.Build.Module	395
std.Build.Module.addAnonymousImport	usage	std.Build.Module.CreateOptions	
std.Build.Module.addOptions	usage	std.Build.Module	395
std.Build.Module.addOptions	usage	std.Build.Step.Options	256
std.Build.Module.linkSystemLibrary	usage	std.Build.Module	395
std.Build.Module.linkSystemLibrary	usage	std.Build.Module.LinkSystemLibraryOptions	
std.Build.Module.linkFramework	usage	std.Build.Module	395
std.Build.Module.linkFramework	usage	std.Build.Module.LinkFrameworkOptions	
std.Build.Module.addCSourceFiles	usage	std.Build.Module	395
std.Build.Module.addCSourceFiles	usage	std.Build.Module.AddCSourceFilesOptions	
std.Build.Module.addCSourceFile	usage	std.Build.Module	395
std.Build.Module.addCSourceFile	usage	std.Build.Module.CSourceFile	404
std.Build.Module.addWin32ResourceFile	usage	std.Build.Module	395
std.Build.Module.addWin32ResourceFile	usage	std.Build.Module.RcSourceFile	406
std.Build.Module.addAssemblyFile	usage	std.Build.Module	395
std.Build.Module.addAssemblyFile	usage	std.Build.LazyPath	626
std.Build.Module.addObjectFile	usage	std.Build.Module	395
std.Build.Module.addObjectFile	usage	std.Build.LazyPath	626
std.Build.Module.addObject	usage	std.Build.Module	395
std.Build.Module.addObject	usage	std.Build.Step.Compile	202
std.Build.Module.linkLibrary	usage	std.Build.Module	395
std.Build.Module.linkLibrary	usage	std.Build.Step.Compile	202
std.Build.Module.addAfterIncludePath	usage	std.Build.Module	395
std.Build.Module.addAfterIncludePath	usage	std.Build.LazyPath	626
std.Build.Module.addSystemIncludePath	usage	std.Build.Module	395
std.Build.Module.addSystemIncludePath	usage	std.Build.LazyPath	626
std.Build.Module.addIncludePath	usage	std.Build.Module	395
std.Build.Module.addIncludePath	usage	std.Build.LazyPath	626
std.Build.Module.addConfigHeader	usage	std.Build.Module	395
std.Build.Module.addConfigHeader	usage	std.Build.Step.ConfigHeader	159
std.Build.Module.addSystemFrameworkPath	usage	std.Build.Module	395
std.Build.Module.addSystemFrameworkPath	usage	std.Build.LazyPath	626
std.Build.Module.addFrameworkPath	usage	std.Build.Module	395
std.Build.Module.addFrameworkPath	usage	std.Build.LazyPath	626
std.Build.Module.addEmbedPath	usage	std.Build.Module	395
std.Build.Module.addEmbedPath	usage	std.Build.LazyPath	626
std.Build.Module.addLibraryPath	usage	std.Build.Module	395
std.Build.Module.addLibraryPath	usage	std.Build.LazyPath	626
std.Build.Module.addRPath	usage	std.Build.Module	395
std.Build.Module.addRPath	usage	std.Build.LazyPath	626
std.Build.Module.addRPathSpecial	usage	std.Build.Module	395
std.Build.Module.addCMacro	usage	std.Build.Module	395
std.Build.Module.appendZigProcessFlags	usage	std.Build.Module	395
std.Build.Module.appendZigProcessFlags	usage	std.array_list.Managed	
std.Build.Module.appendZigProcessFlags	usage	std.Build.Step	121
std.Build.Module.getGraph	usage	std.Build.Module	395
std.Build.Module.getGraph	usage	std.Build.Module.Graph	
std.Io.net.HostName.validate	usage	std.Io.net.HostName.ValidateError	
std.Io.net.HostName.init	usage	std.Io.net.HostName.ValidateError	
std.Io.net.HostName.init	usage	std.Io.net.HostName	1015
std.Io.net.HostName.sameParentDomain	usage	std.Io.net.HostName	1015
std.Io.net.HostName.eql	usage	std.Io.net.HostName	1015
std.Io.net.HostName.lookup	usage	std.Io.net.HostName	1015
std.Io.net.HostName.lookup	usage	std.Io	696
std.Io.net.HostName.lookup	usage	std.Io.Queue	
std.Io.net.HostName.lookup	usage	std.Io.net.HostName.LookupResult	
std.Io.net.HostName.lookup	usage	std.Io.net.HostName.LookupOptions	
std.Io.net.HostName.lookup	usage	std.Io.net.HostName.LookupError	
std.Io.net.HostName.expand	usage	std.Io.net.HostName.ExpandError	
std.Io.net.HostName.expand	usage	std.Io.net.HostName	1015
std.Io.net.HostName.connect	usage	std.Io.net.HostName	1015
std.Io.net.HostName.connect	usage	std.Io	696
std.Io.net.HostName.connect	usage	std.Io.net.IpAddress.ConnectOptions	
std.Io.net.HostName.connect	usage	std.Io.net.HostName.ConnectError	
std.Io.net.HostName.connect	usage	std.Io.net.Stream	1148
std.Io.net.HostName.connectMany	usage	std.Io.net.HostName	1015
std.Io.net.HostName.connectMany	usage	std.Io	696
std.Io.net.HostName.connectMany	usage	std.Io.Queue	
std.Io.net.HostName.connectMany	usage	std.Io.net.IpAddress.ConnectError	
std.Io.net.HostName.connectMany	usage	std.Io.net.Stream	1148
std.Io.net.HostName.connectMany	usage	std.Io.net.IpAddress.ConnectOptions	
std.Io.net.HostName.connectMany	usage	std.Io.net.HostName.LookupError	
std.json.fmt	usage	std.json.Stringify.Options	
std.json.fmt	usage	std.json.Formatter	
std.Random.Xoroshiro128.init	usage	std.Random.Xoroshiro128	1801
std.Random.Xoroshiro128.random	usage	std.Random.Xoroshiro128	1801
std.Random.Xoroshiro128.random	usage	std.Random	1778
std.Random.Xoroshiro128.next	usage	std.Random.Xoroshiro128	1801
std.Random.Xoroshiro128.jump	usage	std.Random.Xoroshiro128	1801
std.Random.Xoroshiro128.seed	usage	std.Random.Xoroshiro128	1801
std.Random.Xoroshiro128.fill	usage	std.Random.Xoroshiro128	1801
std.zig.AstGen.generate	usage	std.mem.Allocator	8800
std.zig.AstGen.generate	usage	std.zig.Ast	15051
std.zig.AstGen.generate	usage	std.mem.Allocator.Error	
std.zig.AstGen.generate	usage	std.zig.Zir	15257
std.Build.Cache.Path.clone	usage	std.Build.Cache.Path	17
std.Build.Cache.Path.clone	usage	std.mem.Allocator	8800
std.Build.Cache.Path.clone	usage	std.mem.Allocator.Error	
std.Build.Cache.Path.cwd	usage	std.Build.Cache.Path	17
std.Build.Cache.Path.initCwd	usage	std.Build.Cache.Path	17
std.Build.Cache.Path.join	usage	std.Build.Cache.Path	17
std.Build.Cache.Path.join	usage	std.mem.Allocator	8800
std.Build.Cache.Path.join	usage	std.mem.Allocator.Error	
std.Build.Cache.Path.resolvePosix	usage	std.Build.Cache.Path	17
std.Build.Cache.Path.resolvePosix	usage	std.mem.Allocator	8800
std.Build.Cache.Path.resolvePosix	usage	std.mem.Allocator.Error	
std.Build.Cache.Path.joinString	usage	std.Build.Cache.Path	17
std.Build.Cache.Path.joinString	usage	std.mem.Allocator	8800
std.Build.Cache.Path.joinString	usage	std.mem.Allocator.Error	
std.Build.Cache.Path.joinStringZ	usage	std.Build.Cache.Path	17
std.Build.Cache.Path.joinStringZ	usage	std.mem.Allocator	8800
std.Build.Cache.Path.joinStringZ	usage	std.mem.Allocator.Error	
std.Build.Cache.Path.openFile	usage	std.Build.Cache.Path	17
std.Build.Cache.Path.openFile	usage	std.Io	696
std.Build.Cache.Path.openFile	usage	std.Io.File.OpenFlags	
std.Build.Cache.Path.openFile	usage	std.Io.File	1304
std.Build.Cache.Path.openDir	usage	std.Build.Cache.Path	17
std.Build.Cache.Path.openDir	usage	std.Io	696
std.Build.Cache.Path.openDir	usage	std.Io.Dir.OpenOptions	
std.Build.Cache.Path.openDir	usage	std.Io.Dir.OpenError	
std.Build.Cache.Path.openDir	usage	std.Io.Dir	1165
std.Build.Cache.Path.createDirPathOpen	usage	std.Build.Cache.Path	17
std.Build.Cache.Path.createDirPathOpen	usage	std.Io	696
std.Build.Cache.Path.createDirPathOpen	usage	std.Io.Dir.OpenOptions	
std.Build.Cache.Path.createDirPathOpen	usage	std.Io.Dir	1165
std.Build.Cache.Path.statFile	usage	std.Build.Cache.Path	17
std.Build.Cache.Path.statFile	usage	std.Io	696
std.Build.Cache.Path.statFile	usage	std.Io.Dir.Stat	
std.Build.Cache.Path.atomicFile	usage	std.Build.Cache.Path	17
std.Build.Cache.Path.atomicFile	usage	std.Io	696
std.Build.Cache.Path.atomicFile	usage	std.fs.max_path_bytes	
std.Build.Cache.Path.access	usage	std.Build.Cache.Path	17
std.Build.Cache.Path.access	usage	std.Io	696
std.Build.Cache.Path.access	usage	std.Io.Dir.AccessOptions	
std.Build.Cache.Path.createDirPath	usage	std.Build.Cache.Path	17
std.Build.Cache.Path.createDirPath	usage	std.Io	696
std.Build.Cache.Path.toString	usage	std.Build.Cache.Path	17
std.Build.Cache.Path.toString	usage	std.mem.Allocator	8800
std.Build.Cache.Path.toString	usage	std.mem.Allocator.Error	
std.Build.Cache.Path.toStringZ	usage	std.Build.Cache.Path	17
std.Build.Cache.Path.toStringZ	usage	std.mem.Allocator	8800
std.Build.Cache.Path.toStringZ	usage	std.mem.Allocator.Error	
std.Build.Cache.Path.fmtEscapeString	usage	std.Build.Cache.Path	17
std.Build.Cache.Path.fmtEscapeString	usage	std.fmt.Alt	
std.Build.Cache.Path.fmtEscapeString	usage	std.Build.Cache.Path.formatEscapeString	
std.Build.Cache.Path.formatEscapeString	usage	std.Build.Cache.Path	17
std.Build.Cache.Path.formatEscapeString	usage	std.Io.Writer	903
std.Build.Cache.Path.formatEscapeString	usage	std.Io.Writer.Error	
std.Build.Cache.Path.fmtEscapeChar	usage	std.Build.Cache.Path	17
std.Build.Cache.Path.fmtEscapeChar	usage	std.fmt.Alt	
std.Build.Cache.Path.fmtEscapeChar	usage	std.Build.Cache.Path.formatEscapeChar	
std.Build.Cache.Path.formatEscapeChar	usage	std.Build.Cache.Path	17
std.Build.Cache.Path.formatEscapeChar	usage	std.Io.Writer	903
std.Build.Cache.Path.formatEscapeChar	usage	std.Io.Writer.Error	
std.Build.Cache.Path.format	usage	std.Build.Cache.Path	17
std.Build.Cache.Path.format	usage	std.Io.Writer	903
std.Build.Cache.Path.format	usage	std.Io.Writer.Error	
std.Build.Cache.Path.eql	usage	std.Build.Cache.Path	17
std.Build.Cache.Path.subPathOpt	usage	std.Build.Cache.Path	17
std.Build.Cache.Path.subPathOrDot	usage	std.Build.Cache.Path	17
std.Build.Cache.Path.stem	usage	std.Build.Cache.Path	17
std.Build.Cache.Path.basename	usage	std.Build.Cache.Path	17
std.zig.Zir.extraData	usage	std.zig.Zir	15257
std.zig.Zir.nullTerminatedString	usage	std.zig.Zir	15257
std.zig.Zir.nullTerminatedString	usage	std.zig.Zir.NullTerminatedString	
std.zig.Zir.refSlice	usage	std.zig.Zir	15257
std.zig.Zir.refSlice	usage	std.zig.Zir.Inst.Ref	15280
std.zig.Zir.bodySlice	usage	std.zig.Zir	15257
std.zig.Zir.bodySlice	usage	std.zig.Zir.Inst.Index	15275
std.zig.Zir.hasCompileErrors	usage	std.zig.Zir	15257
std.zig.Zir.loweringFailed	usage	std.zig.Zir	15257
std.zig.Zir.deinit	usage	std.zig.Zir	15257
std.zig.Zir.deinit	usage	std.mem.Allocator	8800
std.zig.Zir.findTrackable	usage	std.zig.Zir	15257
std.zig.Zir.findTrackable	usage	std.mem.Allocator	8800
std.zig.Zir.findTrackable	usage	std.zig.Zir.DeclContents	15422
std.zig.Zir.findTrackable	usage	std.zig.Zir.Inst.Index	15275
std.zig.Zir.findTrackableRoot	usage	std.zig.Zir	15257
std.zig.Zir.findTrackableRoot	usage	std.mem.Allocator	8800
std.zig.Zir.findTrackableRoot	usage	std.zig.Zir.DeclContents	15422
std.zig.Zir.getParamBody	usage	std.zig.Zir	15257
std.zig.Zir.getParamBody	usage	std.zig.Zir.Inst.Index	15275
std.zig.Zir.getParamName	usage	std.zig.Zir	15257
std.zig.Zir.getParamName	usage	std.zig.Zir.Inst.Index	15275
std.zig.Zir.getParamName	usage	std.zig.Zir.NullTerminatedString	
std.zig.Zir.getFnInfo	usage	std.zig.Zir	15257
std.zig.Zir.getFnInfo	usage	std.zig.Zir.Inst.Index	15275
std.zig.Zir.getFnInfo	usage	std.zig.Zir.FnInfo	
std.zig.Zir.getDeclaration	usage	std.zig.Zir	15257
std.zig.Zir.getDeclaration	usage	std.zig.Zir.Inst.Index	15275
std.zig.Zir.getDeclaration	usage	std.zig.Zir.Inst.Declaration.Unwrapped	15302
std.zig.Zir.getAssociatedSrcHash	usage	std.zig.Zir	15257
std.zig.Zir.getAssociatedSrcHash	usage	std.zig.Zir.Inst.Index	15275
std.zig.Zir.getAssociatedSrcHash	usage	std.zig.SrcHash	
std.zig.Zir.getSwitchBlock	usage	std.zig.Zir	15257
std.zig.Zir.getSwitchBlock	usage	std.zig.Zir.Inst.Index	15275
std.zig.Zir.getSwitchBlock	usage	std.zig.Zir.UnwrappedSwitchBlock	15435
std.zig.Zir.assertTrackable	usage	std.zig.Zir	15257
std.zig.Zir.assertTrackable	usage	std.zig.Zir.Inst.Index	15275
std.zig.Zir.typeDecls	usage	std.zig.Zir	15257
std.zig.Zir.typeDecls	usage	std.zig.Zir.Inst.Index	15275
std.zig.Zir.getStructDecl	usage	std.zig.Zir	15257
std.zig.Zir.getStructDecl	usage	std.zig.Zir.Inst.Index	15275
std.zig.Zir.getStructDecl	usage	std.zig.Zir.UnwrappedStructDecl	15452
std.zig.Zir.getUnionDecl	usage	std.zig.Zir	15257
std.zig.Zir.getUnionDecl	usage	std.zig.Zir.Inst.Index	15275
std.zig.Zir.getUnionDecl	usage	std.zig.Zir.UnwrappedUnionDecl	15458
std.zig.Zir.getEnumDecl	usage	std.zig.Zir	15257
std.zig.Zir.getEnumDecl	usage	std.zig.Zir.Inst.Index	15275
std.zig.Zir.getEnumDecl	usage	std.zig.Zir.UnwrappedEnumDecl	15464
std.zig.Zir.getOpaqueDecl	usage	std.zig.Zir	15257
std.zig.Zir.getOpaqueDecl	usage	std.zig.Zir.Inst.Index	15275
std.zig.Zir.getOpaqueDecl	usage	std.zig.Zir.UnwrappedOpaqueDecl	
std.zig.system.NativePaths.detect	usage	std.mem.Allocator	8800
std.zig.system.NativePaths.detect	usage	std.Io	696
std.zig.system.NativePaths.detect	usage	std.Target	1891
std.zig.system.NativePaths.detect	usage	std.process.Environ.Map	14360
std.zig.system.NativePaths.detect	usage	std.zig.system.NativePaths	15494
std.zig.system.NativePaths.addIncludeDir	usage	std.zig.system.NativePaths	15494
std.zig.system.NativePaths.addIncludeDirFmt	usage	std.zig.system.NativePaths	15494
std.zig.system.NativePaths.addLibDir	usage	std.zig.system.NativePaths	15494
std.zig.system.NativePaths.addLibDirFmt	usage	std.zig.system.NativePaths	15494
std.zig.system.NativePaths.addWarning	usage	std.zig.system.NativePaths	15494
std.zig.system.NativePaths.addFrameworkDir	usage	std.zig.system.NativePaths	15494
std.zig.system.NativePaths.addFrameworkDirFmt	usage	std.zig.system.NativePaths	15494
std.zig.system.NativePaths.addWarningFmt	usage	std.zig.system.NativePaths	15494
std.zig.system.NativePaths.addRPath	usage	std.zig.system.NativePaths	15494
std.zip.extract	usage	std.Io.Dir	1165
std.zip.extract	usage	std.Io.File.Reader	1307
std.zip.extract	usage	std.zip.ExtractOptions	
std.crypto.tls.Client.init	usage	std.Io.Reader	811
std.crypto.tls.Client.init	usage	std.Io.Writer	903
std.crypto.tls.Client.init	usage	std.crypto.tls.Client.Options	5609
std.crypto.tls.Client.init	usage	std.crypto.tls.Client.InitError	
std.crypto.tls.Client.init	usage	std.crypto.tls.Client	5605
std.crypto.tls.Client.end	usage	std.crypto.tls.Client	5605
std.crypto.tls.Client.end	usage	std.Io.Writer.Error	
std.crypto.tls.Client.eof	usage	std.crypto.tls.Client	5605
std.posix.reboot	usage	std.posix.RebootCommand	
std.posix.reboot	usage	std.posix.RebootError	
std.posix.raise	usage	std.Io.UnexpectedError	
std.posix.kill	usage	std.posix.KillError	
std.posix.read	usage	std.Io.File.Reader.Error	
std.posix.openat	usage	std.posix.OpenError	
std.posix.openatZ	usage	std.posix.OpenError	
std.posix.getpeername	usage	std.posix.GetSockNameError	
std.posix.fanotify_init	usage	std.os.linux.fanotify.InitFlags	
std.posix.fanotify_init	usage	std.posix.FanotifyInitError	
std.posix.fanotify_mark	usage	std.os.linux.fanotify.MarkFlags	
std.posix.fanotify_mark	usage	std.os.linux.fanotify.MarkMask	
std.posix.fanotify_mark	usage	std.posix.FanotifyMarkError	
std.posix.fanotify_markZ	usage	std.os.linux.fanotify.MarkFlags	
std.posix.fanotify_markZ	usage	std.os.linux.fanotify.MarkMask	
std.posix.fanotify_markZ	usage	std.posix.FanotifyMarkError	
std.posix.mmap	usage	std.heap.page_size_min	
std.posix.mmap	usage	std.posix.MMapError	
std.posix.munmap	usage	std.heap.page_size_min	
std.posix.mremap	usage	std.heap.page_size_min	
std.posix.mremap	usage	std.posix.MRemapError	
std.posix.msync	usage	std.heap.page_size_min	
std.posix.msync	usage	std.posix.MSyncError	
std.posix.sysctl	usage	std.posix.SysCtlError	
std.posix.sched_getaffinity	usage	std.posix.SchedGetAffinityError	
std.posix.sigaltstack	usage	std.posix.SigaltstackError	
std.posix.gethostname	usage	std.posix.GetHostNameError	
std.posix.poll	usage	std.posix.PollError	
std.posix.ppoll	usage	std.posix.PPollError	
std.posix.setsockopt	usage	std.posix.SetSockOptError	
std.posix.memfd_createZ	usage	std.posix.MemFdCreateError	
std.posix.memfd_create	usage	std.posix.MemFdCreateError	
std.posix.tcgetattr	usage	std.posix.TermiosGetError	
std.posix.tcsetattr	usage	std.posix.TCSA	
std.posix.tcsetattr	usage	std.posix.TermiosSetError	
std.posix.tcgetpgrp	usage	std.posix.TermioGetPgrpError	
std.posix.tcsetpgrp	usage	std.posix.TermioSetPgrpError	
std.posix.syncfs	usage	std.Io.File.SyncError	
std.posix.fdatasync	usage	std.Io.File.SyncError	
std.posix.prctl	usage	std.posix.PrctlError	
std.posix.getrlimit	usage	std.Io.UnexpectedError	
std.posix.setrlimit	usage	std.posix.SetrlimitError	
std.posix.mincore	usage	std.heap.page_size_min	
std.posix.mincore	usage	std.posix.MincoreError	
std.posix.madvise	usage	std.heap.page_size_min	
std.posix.madvise	usage	std.posix.MadviseError	
std.posix.perf_event_open	usage	std.posix.PerfEventOpenError	
std.posix.ptrace	usage	std.posix.PtraceError	
std.posix.name_to_handle_at	usage	std.os.linux.file_handle	
std.posix.name_to_handle_at	usage	std.posix.NameToFileHandleAtError	
std.posix.name_to_handle_atZ	usage	std.os.linux.file_handle	
std.posix.name_to_handle_atZ	usage	std.posix.NameToFileHandleAtError	
std.posix.unexpectedErrno	usage	std.Io.UnexpectedError	
std.zig.ZonGen.generate	usage	std.mem.Allocator	8800
std.zig.ZonGen.generate	usage	std.zig.Ast	15051
std.zig.ZonGen.generate	usage	std.zig.ZonGen.Options	
std.zig.ZonGen.generate	usage	std.mem.Allocator.Error	
std.zig.ZonGen.generate	usage	std.zig.Zoir	15471
std.zig.ZonGen.strLitSizeHint	usage	std.zig.Ast	15051
std.zig.ZonGen.strLitSizeHint	usage	std.zig.Ast.Node.Index	15214
std.zig.ZonGen.parseStrLit	usage	std.zig.Ast	15051
std.zig.ZonGen.parseStrLit	usage	std.zig.Ast.Node.Index	15214
std.zig.ZonGen.parseStrLit	usage	std.Io.Writer	903
std.zig.ZonGen.parseStrLit	usage	std.Io.Writer.Error	
std.zig.ZonGen.parseStrLit	usage	std.zig.string_literal.Result	
std.crypto.ecc.Secp256k1.scalar.rejectNonCanonical	usage	std.crypto.ecc.Secp256k1.scalar.CompressedScalar	
std.crypto.ecc.Secp256k1.scalar.rejectNonCanonical	usage	std.builtin.Endian	3740
std.crypto.ecc.Secp256k1.scalar.rejectNonCanonical	usage	std.crypto.errors.NonCanonicalError	
std.crypto.ecc.Secp256k1.scalar.reduce48	usage	std.builtin.Endian	3740
std.crypto.ecc.Secp256k1.scalar.reduce48	usage	std.crypto.ecc.Secp256k1.scalar.CompressedScalar	
std.crypto.ecc.Secp256k1.scalar.reduce64	usage	std.builtin.Endian	3740
std.crypto.ecc.Secp256k1.scalar.reduce64	usage	std.crypto.ecc.Secp256k1.scalar.CompressedScalar	
std.crypto.ecc.Secp256k1.scalar.mul	usage	std.crypto.ecc.Secp256k1.scalar.CompressedScalar	
std.crypto.ecc.Secp256k1.scalar.mul	usage	std.builtin.Endian	3740
std.crypto.ecc.Secp256k1.scalar.mul	usage	std.crypto.errors.NonCanonicalError	
std.crypto.ecc.Secp256k1.scalar.mulAdd	usage	std.crypto.ecc.Secp256k1.scalar.CompressedScalar	
std.crypto.ecc.Secp256k1.scalar.mulAdd	usage	std.builtin.Endian	3740
std.crypto.ecc.Secp256k1.scalar.mulAdd	usage	std.crypto.errors.NonCanonicalError	
std.crypto.ecc.Secp256k1.scalar.add	usage	std.crypto.ecc.Secp256k1.scalar.CompressedScalar	
std.crypto.ecc.Secp256k1.scalar.add	usage	std.builtin.Endian	3740
std.crypto.ecc.Secp256k1.scalar.add	usage	std.crypto.errors.NonCanonicalError	
std.crypto.ecc.Secp256k1.scalar.neg	usage	std.crypto.ecc.Secp256k1.scalar.CompressedScalar	
std.crypto.ecc.Secp256k1.scalar.neg	usage	std.builtin.Endian	3740
std.crypto.ecc.Secp256k1.scalar.neg	usage	std.crypto.errors.NonCanonicalError	
std.crypto.ecc.Secp256k1.scalar.sub	usage	std.crypto.ecc.Secp256k1.scalar.CompressedScalar	
std.crypto.ecc.Secp256k1.scalar.sub	usage	std.builtin.Endian	3740
std.crypto.ecc.Secp256k1.scalar.sub	usage	std.crypto.errors.NonCanonicalError	
std.crypto.ecc.Secp256k1.scalar.random	usage	std.Io	696
std.crypto.ecc.Secp256k1.scalar.random	usage	std.builtin.Endian	3740
std.crypto.ecc.Secp256k1.scalar.random	usage	std.crypto.ecc.Secp256k1.scalar.CompressedScalar	
std.math.big.int.addMulLimbWithCarry	usage	std.math.big.Limb	
std.math.big.int.llcmp	usage	std.math.big.Limb	
std.Random.init	usage	std.Random	1778
std.Random.bytes	usage	std.Random	1778
std.Random.array	usage	std.Random	1778
std.Random.boolean	usage	std.Random	1778
std.Random.enumValue	usage	std.Random	1778
std.Random.enumValueWithIndex	usage	std.Random	1778
std.Random.int	usage	std.Random	1778
std.Random.uintLessThanBiased	usage	std.Random	1778
std.Random.uintLessThan	usage	std.Random	1778
std.Random.uintAtMostBiased	usage	std.Random	1778
std.Random.uintAtMost	usage	std.Random	1778
std.Random.intRangeLessThanBiased	usage	std.Random	1778
std.Random.intRangeLessThan	usage	std.Random	1778
std.Random.intRangeAtMostBiased	usage	std.Random	1778
std.Random.intRangeAtMost	usage	std.Random	1778
std.Random.float	usage	std.Random	1778
std.Random.floatNorm	usage	std.Random	1778
std.Random.floatExp	usage	std.Random	1778
std.Random.shuffle	usage	std.Random	1778
std.Random.shuffleWithIndex	usage	std.Random	1778
std.Random.weightedIndex	usage	std.Random	1778
std.process.Environ.createMap	usage	std.process.Environ	14338
std.process.Environ.createMap	usage	std.mem.Allocator	8800
std.process.Environ.createMap	usage	std.process.Environ.CreateMapError	
std.process.Environ.createMap	usage	std.process.Environ.Map	14360
std.process.Environ.contains	usage	std.process.Environ	14338
std.process.Environ.contains	usage	std.mem.Allocator	8800
std.process.Environ.contains	usage	std.process.Environ.ContainsError	
std.process.Environ.containsUnempty	usage	std.process.Environ	14338
std.process.Environ.containsUnempty	usage	std.mem.Allocator	8800
std.process.Environ.containsUnempty	usage	std.process.Environ.ContainsError	
std.process.Environ.containsConstant	usage	std.process.Environ	14338
std.process.Environ.containsUnemptyConstant	usage	std.process.Environ	14338
std.process.Environ.getPosix	usage	std.process.Environ	14338
std.process.Environ.getWindows	usage	std.process.Environ	14338
std.process.Environ.getAlloc	usage	std.process.Environ	14338
std.process.Environ.getAlloc	usage	std.mem.Allocator	8800
std.process.Environ.getAlloc	usage	std.process.Environ.GetAllocError	
std.process.Environ.createPosixBlock	usage	std.process.Environ	14338
std.process.Environ.createPosixBlock	usage	std.mem.Allocator	8800
std.process.Environ.createPosixBlock	usage	std.process.Environ.CreatePosixBlockOptions	
std.process.Environ.createPosixBlock	usage	std.mem.Allocator.Error	
std.process.Environ.createPosixBlock	usage	std.process.Environ.PosixBlock	14346
std.process.Environ.createWindowsBlock	usage	std.process.Environ	14338
std.process.Environ.createWindowsBlock	usage	std.mem.Allocator	8800
std.process.Environ.createWindowsBlock	usage	std.process.Environ.CreateWindowsBlockOptions	
std.process.Environ.createWindowsBlock	usage	std.mem.Allocator.Error	
std.process.Environ.createWindowsBlock	usage	std.process.Environ.WindowsBlock	14353
std.Random.Xoshiro256.init	usage	std.Random.Xoshiro256	1808
std.Random.Xoshiro256.random	usage	std.Random.Xoshiro256	1808
std.Random.Xoshiro256.random	usage	std.Random	1778
std.Random.Xoshiro256.next	usage	std.Random.Xoshiro256	1808
std.Random.Xoshiro256.jump	usage	std.Random.Xoshiro256	1808
std.Random.Xoshiro256.seed	usage	std.Random.Xoshiro256	1808
std.Random.Xoshiro256.fill	usage	std.Random.Xoshiro256	1808
std.Thread.setName	usage	std.Thread	3490
std.Thread.setName	usage	std.Io	696
std.Thread.setName	usage	std.Thread.SetNameError	
std.Thread.getName	usage	std.Thread	3490
std.Thread.getName	usage	std.Thread.max_name_len	
std.Thread.getName	usage	std.Thread.GetNameError	
std.Thread.getCurrentId	usage	std.Thread.Id	
std.Thread.getCpuCount	usage	std.Thread.CpuCountError	
std.Thread.spawn	usage	std.Thread.SpawnConfig	3501
std.Thread.spawn	usage	std.Thread.SpawnError	
std.Thread.spawn	usage	std.Thread	3490
std.Thread.getHandle	usage	std.Thread	3490
std.Thread.detach	usage	std.Thread	3490
std.Thread.join	usage	std.Thread	3490
std.Thread.yield	usage	std.Thread.YieldError	
std.crypto.pwhash.bcrypt.bcrypt	usage	std.crypto.pwhash.bcrypt.salt_length	
std.crypto.pwhash.bcrypt.bcrypt	usage	std.crypto.pwhash.bcrypt.Params	5386
std.crypto.pwhash.bcrypt.strHash	usage	std.crypto.pwhash.bcrypt.HashOptions	
std.crypto.pwhash.bcrypt.strHash	usage	std.Io	696
std.crypto.pwhash.bcrypt.strHash	usage	std.crypto.pwhash.Error	
std.crypto.pwhash.bcrypt.strHashWithSalt	usage	std.crypto.pwhash.bcrypt.HashOptions	
std.crypto.pwhash.bcrypt.strHashWithSalt	usage	std.crypto.pwhash.bcrypt.salt_length	
std.crypto.pwhash.bcrypt.strHashWithSalt	usage	std.crypto.pwhash.Error	
std.crypto.pwhash.bcrypt.strVerify	usage	std.crypto.pwhash.bcrypt.VerifyOptions	
std.crypto.pwhash.bcrypt.strVerify	usage	std.crypto.pwhash.Error	
std.Io.File.MemoryMap.create	usage	std.Io	696
std.Io.File.MemoryMap.create	usage	std.Io.File	1304
std.Io.File.MemoryMap.create	usage	std.Io.File.MemoryMap.CreateOptions	
std.Io.File.MemoryMap.create	usage	std.Io.File.MemoryMap.CreateError	
std.Io.File.MemoryMap.create	usage	std.Io.File.MemoryMap	1349
std.Io.File.MemoryMap.destroy	usage	std.Io.File.MemoryMap	1349
std.Io.File.MemoryMap.destroy	usage	std.Io	696
std.Io.File.MemoryMap.setLength	usage	std.Io.File.MemoryMap	1349
std.Io.File.MemoryMap.setLength	usage	std.Io	696
std.Io.File.MemoryMap.setLength	usage	std.Io.File.MemoryMap.SetLengthError	
std.Io.File.MemoryMap.read	usage	std.Io.File.MemoryMap	1349
std.Io.File.MemoryMap.read	usage	std.Io	696
std.Io.File.MemoryMap.read	usage	std.Io.File.ReadPositionalError	
std.Io.File.MemoryMap.write	usage	std.Io.File.MemoryMap	1349
std.Io.File.MemoryMap.write	usage	std.Io	696
std.Io.File.MemoryMap.write	usage	std.Io.File.WritePositionalError	
std.fs.path.join	usage	std.mem.Allocator	8800
std.fs.path.joinZ	usage	std.mem.Allocator	8800
std.fs.path.fmtJoin	usage	std.fmt.Alt	
std.fs.path.windowsParsePath	usage	std.fs.path.WindowsPath	7497
std.fs.path.parsePath	usage	std.fs.path.WindowsPath2	
std.fs.path.parsePathWindows	usage	std.fs.path.WindowsPath2	
std.fs.path.resolve	usage	std.mem.Allocator	8800
std.fs.path.resolve	usage	std.mem.Allocator.Error	
std.fs.path.resolveWindows	usage	std.mem.Allocator	8800
std.fs.path.resolveWindows	usage	std.mem.Allocator.Error	
std.fs.path.resolvePosix	usage	std.mem.Allocator	8800
std.fs.path.resolvePosix	usage	std.mem.Allocator.Error	
std.fs.path.relative	usage	std.mem.Allocator	8800
std.fs.path.relative	usage	std.process.Environ.Map	14360
std.fs.path.relative	usage	std.mem.Allocator.Error	
std.fs.path.relativeWindows	usage	std.mem.Allocator	8800
std.fs.path.relativeWindows	usage	std.process.Environ.Map	14360
std.fs.path.relativeWindows	usage	std.mem.Allocator.Error	
std.fs.path.relativePosix	usage	std.mem.Allocator	8800
std.fs.path.relativePosix	usage	std.mem.Allocator.Error	
std.fs.path.ComponentIterator	usage	std.fs.path.PathType	7484
std.fs.path.componentIterator	usage	std.fs.path.NativeComponentIterator	
std.fs.path.getWin32PathType	usage	std.fs.path.Win32PathType	
std.log.logEnabled	usage	std.log.Level	8090
std.log.defaultTerminalMode	usage	std.Io.Terminal.Mode	1446
std.log.defaultLog	usage	std.log.Level	8090
std.log.defaultLogFileTerminal	usage	std.log.Level	8090
std.log.defaultLogFileTerminal	usage	std.Io.Terminal	1444
std.log.defaultLogFileTerminal	usage	std.Io.Writer.Error	
std.crypto.kem.hybrid.HybridKem	usage	std.crypto.kem.hybrid.Params	
std.Io.Threaded.init	usage	std.mem.Allocator	8800
std.Io.Threaded.init	usage	std.Io.Threaded.InitOptions	
std.Io.Threaded.init	usage	std.Io.Threaded	697
std.Io.Threaded.setAsyncLimit	usage	std.Io.Threaded	697
std.Io.Threaded.setAsyncLimit	usage	std.Io.Limit	1505
std.Io.Threaded.deinit	usage	std.Io.Threaded	697
std.Io.Threaded.io	usage	std.Io.Threaded	697
std.Io.Threaded.io	usage	std.Io	696
std.Io.Threaded.dirOpenFileWtf16	usage	std.os.windows.HANDLE	
std.Io.Threaded.dirOpenFileWtf16	usage	std.Io.Dir.OpenFileOptions	1212
std.Io.Threaded.dirOpenFileWtf16	usage	std.Io.File.OpenError	
std.Io.Threaded.dirOpenFileWtf16	usage	std.Io.File	1304
std.Io.Threaded.dirOpenDirWindows	usage	std.Io.Dir	1165
std.Io.Threaded.dirOpenDirWindows	usage	std.Io.Dir.OpenOptions	
std.Io.Threaded.dirOpenDirWindows	usage	std.Io.Dir.OpenError	
std.Io.Threaded.GetFinalPathNameByHandle	usage	std.os.windows.HANDLE	
std.Io.Threaded.GetFinalPathNameByHandle	usage	std.Io.Threaded.GetFinalPathNameByHandleFormat	
std.Io.Threaded.GetFinalPathNameByHandle	usage	std.Io.Threaded.GetFinalPathNameByHandleError	
std.Io.Threaded.QueryObjectName	usage	std.os.windows.HANDLE	
std.Io.Threaded.QueryObjectName	usage	std.Io.Threaded.QueryObjectNameError	
std.Io.Threaded.wToPrefixedFileW	usage	std.os.windows.HANDLE	
std.Io.Threaded.wToPrefixedFileW	usage	std.Io.Threaded.WindowsPathSpace	740
std.Io.Threaded.sliceToPrefixedFileW	usage	std.os.windows.HANDLE	
std.Io.Threaded.sliceToPrefixedFileW	usage	std.Io.Threaded.WindowsPathSpace	740
std.Io.Threaded.posixAddressFamily	usage	std.Io.net.IpAddress	1045
std.Io.Threaded.posixAddressFamily	usage	std.posix.sa_family_t	
std.Io.Threaded.addressFromPosix	usage	std.Io.Threaded.PosixAddress	
std.Io.Threaded.addressFromPosix	usage	std.Io.net.IpAddress	1045
std.Io.Threaded.addressToPosix	usage	std.Io.net.IpAddress	1045
std.Io.Threaded.addressToPosix	usage	std.Io.Threaded.PosixAddress	
std.Io.Threaded.addressToPosix	usage	std.posix.socklen_t	
std.Io.Threaded.errnoBug	usage	std.posix.E	
std.Io.Threaded.errnoBug	usage	std.Io.UnexpectedError	
std.Io.Threaded.posixSocketModeProtocol	usage	std.posix.sa_family_t	
std.Io.Threaded.posixSocketModeProtocol	usage	std.Io.net.Socket.Mode	
std.Io.Threaded.posixSocketModeProtocol	usage	std.Io.net.Protocol	
std.Io.Threaded.clockToPosix	usage	std.Io.Clock	1521
std.Io.Threaded.clockToPosix	usage	std.posix.clockid_t	
std.Io.Threaded.statFromLinux	usage	std.os.linux.Statx	
std.Io.Threaded.statFromLinux	usage	std.Io.UnexpectedError	
std.Io.Threaded.statFromLinux	usage	std.Io.File.Stat	
std.Io.Threaded.statxKind	usage	std.Io.File.Kind	
std.Io.Threaded.statFromPosix	usage	std.posix.Stat	
std.Io.Threaded.statFromPosix	usage	std.Io.File.Stat	
std.Io.Threaded.timestampFromPosix	usage	std.posix.timespec	
std.Io.Threaded.timestampFromPosix	usage	std.Io.Timestamp	1538
std.Io.Threaded.nanosecondsFromPosix	usage	std.posix.timespec	
std.Io.Threaded.setTimestampToPosix	usage	std.Io.File.SetTimestamp	1412
std.Io.Threaded.setTimestampToPosix	usage	std.posix.timespec	
std.Io.Threaded.pathToPosix	usage	std.posix.PATH_MAX	
std.Io.Threaded.pathToPosix	usage	std.Io.Dir.PathNameError	
std.Io.Threaded.statusToTerm	usage	std.process.Child.Term	
std.Io.Threaded.posixExecvPath	usage	std.process.Environ.PosixBlock	14346
std.Io.Threaded.posixExecvPath	usage	std.process.ReplaceError	
std.Io.Threaded.windowsCreatePipe	usage	std.Io.Threaded	697
std.Io.Threaded.windowsCreatePipe	usage	std.Io.Threaded.CreatePipeOptions	762
std.Io.Threaded.windowsCreatePipe	usage	std.os.windows.HANDLE	
std.Io.Threaded.environString	usage	std.Io.Threaded	697
std.Io.Threaded.fallbackSeed	usage	std.Io.Threaded.Csprng.seed_len	
std.Io.Threaded.pipe2	usage	std.posix.O	
std.Io.Threaded.pipe2	usage	std.Io.Threaded.PipeError	
std.Io.Threaded.pipe2	usage	std.posix.fd_t	
std.Io.Threaded.dup2	usage	std.posix.fd_t	
std.Io.Threaded.dup2	usage	std.Io.Threaded.DupError	
std.Io.Threaded.fchdir	usage	std.posix.fd_t	
std.Io.Threaded.fchdir	usage	std.Io.Threaded.FchdirError	
std.Io.Threaded.chdir	usage	std.Io.Threaded.ChdirError	
std.Io.Threaded.mutexLock	usage	std.Io.Mutex	1587
std.Io.Threaded.mutexUnlock	usage	std.Io.Mutex	1587
std.Io.Threaded.closeFd	usage	std.posix.fd_t	
std.Random.Pcg.init	usage	std.Random.Pcg	1797
std.Random.Pcg.random	usage	std.Random.Pcg	1797
std.Random.Pcg.random	usage	std.Random	1778
std.Random.Pcg.fill	usage	std.Random.Pcg	1797
std.testing.tmpDir	usage	std.Io.Dir.OpenOptions	
std.testing.tmpDir	usage	std.testing.TmpDir	14651
std.testing.checkAllAllocationFailures	usage	std.mem.Allocator	8800
std.testing.fuzz	usage	std.testing.Smith	14660
std.testing.fuzz	usage	std.testing.FuzzInputOptions	
std.array_hash_map.getAutoHashStratFn	usage	std.hash.Strategy	
std.Build.Step.InstallDir.create	usage	std.Build	15
std.Build.Step.InstallDir.create	usage	std.Build.Step.InstallDir.Options	
std.Build.Step.InstallDir.create	usage	std.Build.Step.InstallDir	183
std.SinglyLinkedList.prepend	usage	std.SinglyLinkedList	1877
std.SinglyLinkedList.prepend	usage	std.SinglyLinkedList.Node	1878
std.SinglyLinkedList.remove	usage	std.SinglyLinkedList	1877
std.SinglyLinkedList.remove	usage	std.SinglyLinkedList.Node	1878
std.SinglyLinkedList.popFirst	usage	std.SinglyLinkedList	1877
std.SinglyLinkedList.popFirst	usage	std.SinglyLinkedList.Node	1878
std.SinglyLinkedList.len	usage	std.SinglyLinkedList	1877
std.zig.system.darwin.isSdkInstalled	usage	std.mem.Allocator	8800
std.zig.system.darwin.isSdkInstalled	usage	std.Io	696
std.zig.system.darwin.getSdk	usage	std.mem.Allocator	8800
std.zig.system.darwin.getSdk	usage	std.Io	696
std.zig.system.darwin.getSdk	usage	std.Target	1891
std.Io.Reader.limited	usage	std.Io.Reader	811
std.Io.Reader.limited	usage	std.Io.Limit	1505
std.Io.Reader.limited	usage	std.Io.Reader.Limited	812
std.Io.Reader.fixed	usage	std.Io.Reader	811
std.Io.Reader.stream	usage	std.Io.Reader	811
std.Io.Reader.stream	usage	std.Io.Writer	903
std.Io.Reader.stream	usage	std.Io.Limit	1505
std.Io.Reader.stream	usage	std.Io.Reader.StreamError	
std.Io.Reader.discard	usage	std.Io.Reader	811
std.Io.Reader.discard	usage	std.Io.Limit	1505
std.Io.Reader.discard	usage	std.Io.Reader.Error	
std.Io.Reader.defaultDiscard	usage	std.Io.Reader	811
std.Io.Reader.defaultDiscard	usage	std.Io.Limit	1505
std.Io.Reader.defaultDiscard	usage	std.Io.Reader.Error	
std.Io.Reader.streamExact	usage	std.Io.Reader	811
std.Io.Reader.streamExact	usage	std.Io.Writer	903
std.Io.Reader.streamExact	usage	std.Io.Reader.StreamError	
std.Io.Reader.streamExact64	usage	std.Io.Reader	811
std.Io.Reader.streamExact64	usage	std.Io.Writer	903
std.Io.Reader.streamExact64	usage	std.Io.Reader.StreamError	
std.Io.Reader.streamExactPreserve	usage	std.Io.Reader	811
std.Io.Reader.streamExactPreserve	usage	std.Io.Writer	903
std.Io.Reader.streamExactPreserve	usage	std.Io.Reader.StreamError	
std.Io.Reader.streamRemaining	usage	std.Io.Reader	811
std.Io.Reader.streamRemaining	usage	std.Io.Writer	903
std.Io.Reader.streamRemaining	usage	std.Io.Reader.StreamRemainingError	
std.Io.Reader.discardRemaining	usage	std.Io.Reader	811
std.Io.Reader.discardRemaining	usage	std.Io.Reader.ShortError	
std.Io.Reader.allocRemaining	usage	std.Io.Reader	811
std.Io.Reader.allocRemaining	usage	std.mem.Allocator	8800
std.Io.Reader.allocRemaining	usage	std.Io.Limit	1505
std.Io.Reader.allocRemaining	usage	std.Io.Reader.LimitedAllocError	
std.Io.Reader.allocRemainingAlignedSentinel	usage	std.Io.Reader	811
std.Io.Reader.allocRemainingAlignedSentinel	usage	std.mem.Allocator	8800
std.Io.Reader.allocRemainingAlignedSentinel	usage	std.Io.Limit	1505
std.Io.Reader.allocRemainingAlignedSentinel	usage	std.mem.Alignment	8829
std.Io.Reader.allocRemainingAlignedSentinel	usage	std.Io.Reader.LimitedAllocError	
std.Io.Reader.appendExact	usage	std.Io.Reader	811
std.Io.Reader.appendExact	usage	std.mem.Allocator	8800
std.Io.Reader.appendExact	usage	std.ArrayList	
std.Io.Reader.appendExact	usage	std.Io.Reader.AppendExactError	
std.Io.Reader.appendRemaining	usage	std.Io.Reader	811
std.Io.Reader.appendRemaining	usage	std.mem.Allocator	8800
std.Io.Reader.appendRemaining	usage	std.ArrayList	
std.Io.Reader.appendRemaining	usage	std.Io.Limit	1505
std.Io.Reader.appendRemaining	usage	std.Io.Reader.LimitedAllocError	
std.Io.Reader.appendRemainingAligned	usage	std.Io.Reader	811
std.Io.Reader.appendRemainingAligned	usage	std.mem.Allocator	8800
std.Io.Reader.appendRemainingAligned	usage	std.mem.Alignment	8829
std.Io.Reader.appendRemainingAligned	usage	std.array_list.Aligned	
std.Io.Reader.appendRemainingAligned	usage	std.Io.Limit	1505
std.Io.Reader.appendRemainingAligned	usage	std.Io.Reader.LimitedAllocError	
std.Io.Reader.appendRemainingUnlimited	usage	std.Io.Reader	811
std.Io.Reader.appendRemainingUnlimited	usage	std.mem.Allocator	8800
std.Io.Reader.appendRemainingUnlimited	usage	std.ArrayList	
std.Io.Reader.appendRemainingUnlimited	usage	std.Io.Reader.UnlimitedAllocError	
std.Io.Reader.readVec	usage	std.Io.Reader	811
std.Io.Reader.readVec	usage	std.Io.Reader.Error	
std.Io.Reader.defaultReadVec	usage	std.Io.Reader	811
std.Io.Reader.defaultReadVec	usage	std.Io.Reader.Error	
std.Io.Reader.buffered	usage	std.Io.Reader	811
std.Io.Reader.bufferedLen	usage	std.Io.Reader	811
std.Io.Reader.hashed	usage	std.Io.Reader	811
std.Io.Reader.hashed	usage	std.Io.Reader.Hashed	
std.Io.Reader.readVecAll	usage	std.Io.Reader	811
std.Io.Reader.readVecAll	usage	std.Io.Reader.Error	
std.Io.Reader.peek	usage	std.Io.Reader	811
std.Io.Reader.peek	usage	std.Io.Reader.Error	
std.Io.Reader.peekGreedy	usage	std.Io.Reader	811
std.Io.Reader.peekGreedy	usage	std.Io.Reader.Error	
std.Io.Reader.toss	usage	std.Io.Reader	811
std.Io.Reader.tossBuffered	usage	std.Io.Reader	811
std.Io.Reader.take	usage	std.Io.Reader	811
std.Io.Reader.take	usage	std.Io.Reader.Error	
std.Io.Reader.takeArray	usage	std.Io.Reader	811
std.Io.Reader.takeArray	usage	std.Io.Reader.Error	
std.Io.Reader.peekArray	usage	std.Io.Reader	811
std.Io.Reader.peekArray	usage	std.Io.Reader.Error	
std.Io.Reader.discardAll	usage	std.Io.Reader	811
std.Io.Reader.discardAll	usage	std.Io.Reader.Error	
std.Io.Reader.discardAll64	usage	std.Io.Reader	811
std.Io.Reader.discardAll64	usage	std.Io.Reader.Error	
std.Io.Reader.discardShort	usage	std.Io.Reader	811
std.Io.Reader.discardShort	usage	std.Io.Reader.ShortError	
std.Io.Reader.readSliceAll	usage	std.Io.Reader	811
std.Io.Reader.readSliceAll	usage	std.Io.Reader.Error	
std.Io.Reader.readSliceShort	usage	std.Io.Reader	811
std.Io.Reader.readSliceShort	usage	std.Io.Reader.ShortError	
std.Io.Reader.readSliceEndian	usage	std.Io.Reader	811
std.Io.Reader.readSliceEndian	usage	std.builtin.Endian	3740
std.Io.Reader.readSliceEndian	usage	std.Io.Reader.Error	
std.Io.Reader.readSliceEndianAlloc	usage	std.Io.Reader	811
std.Io.Reader.readSliceEndianAlloc	usage	std.mem.Allocator	8800
std.Io.Reader.readSliceEndianAlloc	usage	std.builtin.Endian	3740
std.Io.Reader.readSliceEndianAlloc	usage	std.Io.Reader.ReadAllocError	
std.Io.Reader.readAlloc	usage	std.Io.Reader	811
std.Io.Reader.readAlloc	usage	std.mem.Allocator	8800
std.Io.Reader.readAlloc	usage	std.Io.Reader.ReadAllocError	
std.Io.Reader.takeSentinel	usage	std.Io.Reader	811
std.Io.Reader.takeSentinel	usage	std.Io.Reader.DelimiterError	
std.Io.Reader.peekSentinel	usage	std.Io.Reader	811
std.Io.Reader.peekSentinel	usage	std.Io.Reader.DelimiterError	
std.Io.Reader.takeDelimiterInclusive	usage	std.Io.Reader	811
std.Io.Reader.takeDelimiterInclusive	usage	std.Io.Reader.DelimiterError	
std.Io.Reader.peekDelimiterInclusive	usage	std.Io.Reader	811
std.Io.Reader.peekDelimiterInclusive	usage	std.Io.Reader.DelimiterError	
std.Io.Reader.takeDelimiterExclusive	usage	std.Io.Reader	811
std.Io.Reader.takeDelimiterExclusive	usage	std.Io.Reader.DelimiterError	
std.Io.Reader.takeDelimiter	usage	std.Io.Reader	811
std.Io.Reader.peekDelimiterExclusive	usage	std.Io.Reader	811
std.Io.Reader.peekDelimiterExclusive	usage	std.Io.Reader.DelimiterError	
std.Io.Reader.streamDelimiter	usage	std.Io.Reader	811
std.Io.Reader.streamDelimiter	usage	std.Io.Writer	903
std.Io.Reader.streamDelimiter	usage	std.Io.Reader.StreamError	
std.Io.Reader.streamDelimiterEnding	usage	std.Io.Reader	811
std.Io.Reader.streamDelimiterEnding	usage	std.Io.Writer	903
std.Io.Reader.streamDelimiterEnding	usage	std.Io.Reader.StreamRemainingError	
std.Io.Reader.streamDelimiterLimit	usage	std.Io.Reader	811
std.Io.Reader.streamDelimiterLimit	usage	std.Io.Writer	903
std.Io.Reader.streamDelimiterLimit	usage	std.Io.Limit	1505
std.Io.Reader.streamDelimiterLimit	usage	std.Io.Reader.StreamDelimiterLimitError	
std.Io.Reader.discardDelimiterInclusive	usage	std.Io.Reader	811
std.Io.Reader.discardDelimiterInclusive	usage	std.Io.Reader.Error	
std.Io.Reader.discardDelimiterExclusive	usage	std.Io.Reader	811
std.Io.Reader.discardDelimiterExclusive	usage	std.Io.Reader.ShortError	
std.Io.Reader.discardDelimiterLimit	usage	std.Io.Reader	811
std.Io.Reader.discardDelimiterLimit	usage	std.Io.Limit	1505
std.Io.Reader.discardDelimiterLimit	usage	std.Io.Reader.DiscardDelimiterLimitError	
std.Io.Reader.fill	usage	std.Io.Reader	811
std.Io.Reader.fill	usage	std.Io.Reader.Error	
std.Io.Reader.fillMore	usage	std.Io.Reader	811
std.Io.Reader.fillMore	usage	std.Io.Reader.Error	
std.Io.Reader.peekByte	usage	std.Io.Reader	811
std.Io.Reader.peekByte	usage	std.Io.Reader.Error	
std.Io.Reader.takeByte	usage	std.Io.Reader	811
std.Io.Reader.takeByte	usage	std.Io.Reader.Error	
std.Io.Reader.takeByteSigned	usage	std.Io.Reader	811
std.Io.Reader.takeByteSigned	usage	std.Io.Reader.Error	
std.Io.Reader.takeInt	usage	std.Io.Reader	811
std.Io.Reader.takeInt	usage	std.builtin.Endian	3740
std.Io.Reader.takeInt	usage	std.Io.Reader.Error	
std.Io.Reader.peekInt	usage	std.Io.Reader	811
std.Io.Reader.peekInt	usage	std.builtin.Endian	3740
std.Io.Reader.peekInt	usage	std.Io.Reader.Error	
std.Io.Reader.takeVarInt	usage	std.Io.Reader	811
std.Io.Reader.takeVarInt	usage	std.builtin.Endian	3740
std.Io.Reader.takeVarInt	usage	std.Io.Reader.Error	
std.Io.Reader.takeStructPointer	usage	std.Io.Reader	811
std.Io.Reader.takeStructPointer	usage	std.Io.Reader.Error	
std.Io.Reader.peekStructPointer	usage	std.Io.Reader	811
std.Io.Reader.peekStructPointer	usage	std.Io.Reader.Error	
std.Io.Reader.takeStruct	usage	std.Io.Reader	811
std.Io.Reader.takeStruct	usage	std.builtin.Endian	3740
std.Io.Reader.takeStruct	usage	std.Io.Reader.Error	
std.Io.Reader.peekStruct	usage	std.Io.Reader	811
std.Io.Reader.peekStruct	usage	std.builtin.Endian	3740
std.Io.Reader.peekStruct	usage	std.Io.Reader.Error	
std.Io.Reader.takeEnum	usage	std.Io.Reader	811
std.Io.Reader.takeEnum	usage	std.builtin.Endian	3740
std.Io.Reader.takeEnum	usage	std.Io.Reader.TakeEnumError	
std.Io.Reader.takeEnumNonexhaustive	usage	std.Io.Reader	811
std.Io.Reader.takeEnumNonexhaustive	usage	std.builtin.Endian	3740
std.Io.Reader.takeEnumNonexhaustive	usage	std.Io.Reader.Error	
std.Io.Reader.takeLeb128	usage	std.Io.Reader	811
std.Io.Reader.takeLeb128	usage	std.Io.Reader.TakeLeb128Error	
std.Io.Reader.rebase	usage	std.Io.Reader	811
std.Io.Reader.rebase	usage	std.Io.Reader.Error	
std.Io.Reader.defaultRebase	usage	std.Io.Reader	811
std.Io.Reader.defaultRebase	usage	std.Io.Reader.Error	
std.Io.Reader.writableVectorPosix	usage	std.Io.Reader	811
std.Io.Reader.writableVectorPosix	usage	std.posix.iovec	
std.Io.Reader.writableVectorPosix	usage	std.Io.Reader.Error	
std.Io.Reader.writableVectorWsa	usage	std.Io.Reader	811
std.Io.Reader.writableVectorWsa	usage	std.os.windows.AFD.WSABUF	
std.Io.Reader.writableVectorWsa	usage	std.Io.Reader.Error	
std.Io.Reader.writableVector	usage	std.Io.Reader	811
std.Io.Reader.writableVector	usage	std.Io.Reader.Error	
std.zon.parse.fromSlice	usage	std.mem.Allocator	8800
std.zon.parse.fromSlice	usage	std.zon.parse.Diagnostics	16443
std.zon.parse.fromSlice	usage	std.zon.parse.Options	
std.zon.parse.fromSliceAlloc	usage	std.mem.Allocator	8800
std.zon.parse.fromSliceAlloc	usage	std.zon.parse.Diagnostics	16443
std.zon.parse.fromSliceAlloc	usage	std.zon.parse.Options	
std.zon.parse.fromZoir	usage	std.zig.Ast	15051
std.zon.parse.fromZoir	usage	std.zig.Zoir	15471
std.zon.parse.fromZoir	usage	std.zon.parse.Diagnostics	16443
std.zon.parse.fromZoir	usage	std.zon.parse.Options	
std.zon.parse.fromZoirAlloc	usage	std.mem.Allocator	8800
std.zon.parse.fromZoirAlloc	usage	std.zig.Ast	15051
std.zon.parse.fromZoirAlloc	usage	std.zig.Zoir	15471
std.zon.parse.fromZoirAlloc	usage	std.zon.parse.Diagnostics	16443
std.zon.parse.fromZoirAlloc	usage	std.zon.parse.Options	
std.zon.parse.fromZoirNode	usage	std.zig.Ast	15051
std.zon.parse.fromZoirNode	usage	std.zig.Zoir	15471
std.zon.parse.fromZoirNode	usage	std.zig.Zoir.Node.Index	15476
std.zon.parse.fromZoirNode	usage	std.zon.parse.Diagnostics	16443
std.zon.parse.fromZoirNode	usage	std.zon.parse.Options	
std.zon.parse.fromZoirNodeAlloc	usage	std.mem.Allocator	8800
std.zon.parse.fromZoirNodeAlloc	usage	std.zig.Ast	15051
std.zon.parse.fromZoirNodeAlloc	usage	std.zig.Zoir	15471
std.zon.parse.fromZoirNodeAlloc	usage	std.zig.Zoir.Node.Index	15476
std.zon.parse.fromZoirNodeAlloc	usage	std.zon.parse.Diagnostics	16443
std.zon.parse.fromZoirNodeAlloc	usage	std.zon.parse.Options	
std.zon.parse.free	usage	std.mem.Allocator	8800
std.fmt.float.bufferSize	usage	std.fmt.float.Mode	
std.fmt.float.render	usage	std.fmt.float.Options	
std.fmt.float.render	usage	std.fmt.float.Error	
std.fmt.float.formatScientific	usage	std.fmt.float.FloatDecimal	
std.fmt.float.formatScientific	usage	std.fmt.float.Error	
std.fmt.float.formatDecimal	usage	std.fmt.float.FloatDecimal	
std.fmt.float.formatDecimal	usage	std.fmt.float.Error	
std.fmt.float.binaryToDecimal	usage	std.math.Log2Int	
std.fmt.float.binaryToDecimal	usage	std.fmt.float.FloatDecimal	
std.Random.ziggurat.next_f64	usage	std.Random	1778
std.Random.ziggurat.next_f64	usage	std.Random.ziggurat.ZigTable	
std.Random.ziggurat.ZigTableGen	usage	std.Random	1778
std.Random.ziggurat.ZigTableGen	usage	std.Random.ziggurat.ZigTable	
std.Random.ziggurat.norm_zero_case	usage	std.Random	1778
std.Random.ziggurat.exp_zero_case	usage	std.Random	1778
std.Io.fiber.contextSwitch	usage	std.Io.fiber.Switch	
std.debug.ElfFile.deinit	usage	std.debug.ElfFile	5879
std.debug.ElfFile.deinit	usage	std.mem.Allocator	8800
std.debug.ElfFile.load	usage	std.mem.Allocator	8800
std.debug.ElfFile.load	usage	std.Io	696
std.debug.ElfFile.load	usage	std.Io.File	1304
std.debug.ElfFile.load	usage	std.debug.ElfFile.DebugInfoSearchPaths	5882
std.debug.ElfFile.load	usage	std.debug.ElfFile.LoadError	
std.debug.ElfFile.load	usage	std.debug.ElfFile	5879
std.debug.ElfFile.searchSymtab	usage	std.debug.ElfFile	5879
std.debug.ElfFile.searchSymtab	usage	std.mem.Allocator	8800
std.debug.ElfFile.searchSymtab	usage	std.debug.Symbol	5991
std.Build.Cache.addPrefix	usage	std.Build.Cache	16
std.Build.Cache.addPrefix	usage	std.Build.Cache.Directory	48
std.Build.Cache.obtain	usage	std.Build.Cache	16
std.Build.Cache.obtain	usage	std.Build.Cache.Manifest	93
std.Build.Cache.prefixes	usage	std.Build.Cache	16
std.Build.Cache.prefixes	usage	std.Build.Cache.Directory	48
std.Build.Cache.binToHex	usage	std.Build.Cache.BinDigest	
std.Build.Cache.binToHex	usage	std.Build.Cache.HexDigest	
std.Build.Step.ConfigHeader.create	usage	std.Build	15
std.Build.Step.ConfigHeader.create	usage	std.Build.Step.ConfigHeader.Options	
std.Build.Step.ConfigHeader.create	usage	std.Build.Step.ConfigHeader	159
std.Build.Step.ConfigHeader.addIdent	usage	std.Build.Step.ConfigHeader	159
std.Build.Step.ConfigHeader.addValue	usage	std.Build.Step.ConfigHeader	159
std.Build.Step.ConfigHeader.addValues	usage	std.Build.Step.ConfigHeader	159
std.Build.Step.ConfigHeader.getOutputDir	usage	std.Build.Step.ConfigHeader	159
std.Build.Step.ConfigHeader.getOutputDir	usage	std.Build.LazyPath	626
std.Build.Step.ConfigHeader.getOutputFile	usage	std.Build.Step.ConfigHeader	159
std.Build.Step.ConfigHeader.getOutputFile	usage	std.Build.LazyPath	626
std.Io.Uring.allocator	usage	std.Io.Uring	800
std.Io.Uring.allocator	usage	std.mem.Allocator	8800
std.Io.Uring.io	usage	std.Io.Uring	800
std.Io.Uring.io	usage	std.Io	696
std.Io.Uring.init	usage	std.Io.Uring	800
std.Io.Uring.init	usage	std.mem.Allocator	8800
std.Io.Uring.init	usage	std.Io.Uring.InitOptions	
std.Io.Uring.deinit	usage	std.Io.Uring	800
std.Io.Uring.pipe2	usage	std.os.linux.O	
std.Io.Uring.pipe2	usage	std.Io.Uring.PipeError	
std.Io.Uring.pipe2	usage	std.os.linux.fd_t	
std.Io.Uring.dup2	usage	std.os.linux.fd_t	
std.Io.Uring.dup2	usage	std.Io.Uring.DupError	
std.Io.Uring.execvPath	usage	std.process.Environ.PosixBlock	14346
std.Io.Uring.execvPath	usage	std.process.ReplaceError	
std.testing.FailingAllocator.init	usage	std.mem.Allocator	8800
std.testing.FailingAllocator.init	usage	std.testing.FailingAllocator.Config	
std.testing.FailingAllocator.init	usage	std.testing.FailingAllocator	14630
std.testing.FailingAllocator.allocator	usage	std.testing.FailingAllocator	14630
std.testing.FailingAllocator.allocator	usage	std.mem.Allocator	8800
std.testing.FailingAllocator.getStackTrace	usage	std.testing.FailingAllocator	14630
std.testing.FailingAllocator.getStackTrace	usage	std.debug.StackTrace	
std.Build.Watch.init	usage	std.Build.Watch	443
std.Build.Watch.update	usage	std.Build.Watch	443
std.Build.Watch.update	usage	std.mem.Allocator	8800
std.Build.Watch.update	usage	std.Build.Step	121
std.Build.Watch.wait	usage	std.Build.Watch	443
std.Build.Watch.wait	usage	std.mem.Allocator	8800
std.Build.Watch.wait	usage	std.Io	696
std.Build.Watch.wait	usage	std.Build.Watch.Timeout	451
std.Build.Watch.wait	usage	std.Build.Watch.WaitResult	
std.Io.operate	usage	std.Io	696
std.Io.operate	usage	std.Io.Operation	1466
std.Io.operate	usage	std.Io.Cancelable	
std.Io.operate	usage	std.Io.Operation.Result	
std.Io.operateTimeout	usage	std.Io	696
std.Io.operateTimeout	usage	std.Io.Operation	1466
std.Io.operateTimeout	usage	std.Io.Timeout	1564
std.Io.operateTimeout	usage	std.Io.OperateTimeoutError	
std.Io.operateTimeout	usage	std.Io.Operation.Result	
std.Io.recancel	usage	std.Io	696
std.Io.swapCancelProtection	usage	std.Io	696
std.Io.swapCancelProtection	usage	std.Io.CancelProtection	
std.Io.checkCancel	usage	std.Io	696
std.Io.checkCancel	usage	std.Io.Cancelable	
std.Io.futexWait	usage	std.Io	696
std.Io.futexWait	usage	std.Io.Cancelable	
std.Io.futexWaitTimeout	usage	std.Io	696
std.Io.futexWaitTimeout	usage	std.Io.Timeout	1564
std.Io.futexWaitTimeout	usage	std.Io.Cancelable	
std.Io.futexWaitUncancelable	usage	std.Io	696
std.Io.futexWake	usage	std.Io	696
std.Io.async	usage	std.Io	696
std.Io.async	usage	std.meta.ArgsTuple	
std.Io.async	usage	std.Io.Future	
std.Io.concurrent	usage	std.Io	696
std.Io.concurrent	usage	std.meta.ArgsTuple	
std.Io.concurrent	usage	std.Io.ConcurrentError	
std.Io.concurrent	usage	std.Io.Future	
std.Io.sleep	usage	std.Io	696
std.Io.sleep	usage	std.Io.Duration	1552
std.Io.sleep	usage	std.Io.Clock	1521
std.Io.sleep	usage	std.Io.Cancelable	
std.Io.lockStderr	usage	std.Io	696
std.Io.lockStderr	usage	std.Io.Terminal.Mode	1446
std.Io.lockStderr	usage	std.Io.Cancelable	
std.Io.lockStderr	usage	std.Io.LockedStderr	1621
std.Io.tryLockStderr	usage	std.Io	696
std.Io.tryLockStderr	usage	std.Io.Terminal.Mode	1446
std.Io.tryLockStderr	usage	std.Io.Cancelable	
std.Io.tryLockStderr	usage	std.Io.LockedStderr	1621
std.Io.unlockStderr	usage	std.Io	696
std.Io.random	usage	std.Io	696
std.Io.randomSecure	usage	std.Io	696
std.Io.randomSecure	usage	std.Io.RandomSecureError	
std.Io.noAsync	usage	std.mem.Alignment	8829
std.Io.noAsync	usage	std.Io.AnyFuture	
std.Io.failingConcurrent	usage	std.mem.Alignment	8829
std.Io.failingConcurrent	usage	std.Io.ConcurrentError	
std.Io.failingConcurrent	usage	std.Io.AnyFuture	
std.Io.unreachableAwait	usage	std.Io.AnyFuture	
std.Io.unreachableAwait	usage	std.mem.Alignment	8829
std.Io.unreachableCancel	usage	std.Io.AnyFuture	
std.Io.unreachableCancel	usage	std.mem.Alignment	8829
std.Io.noGroupAsync	usage	std.Io.Group	1572
std.Io.noGroupAsync	usage	std.mem.Alignment	8829
std.Io.failingGroupConcurrent	usage	std.Io.Group	1572
std.Io.failingGroupConcurrent	usage	std.mem.Alignment	8829
std.Io.failingGroupConcurrent	usage	std.Io.ConcurrentError	
std.Io.unreachableGroupAwait	usage	std.Io.Group	1572
std.Io.unreachableGroupAwait	usage	std.Io.Cancelable	
std.Io.unreachableGroupCancel	usage	std.Io.Group	1572
std.Io.unreachableSwapCancelProtection	usage	std.Io.CancelProtection	
std.Io.unreachableCheckCancel	usage	std.Io.Cancelable	
std.Io.noFutexWait	usage	std.Io.Timeout	1564
std.Io.noFutexWait	usage	std.Io.Cancelable	
std.Io.failingOperate	usage	std.Io.Operation	1466
std.Io.failingOperate	usage	std.Io.Cancelable	
std.Io.failingOperate	usage	std.Io.Operation.Result	
std.Io.unreachableBatchAwaitAsync	usage	std.Io.Batch	1495
std.Io.unreachableBatchAwaitAsync	usage	std.Io.Cancelable	
std.Io.unreachableBatchAwaitConcurrent	usage	std.Io.Batch	1495
std.Io.unreachableBatchAwaitConcurrent	usage	std.Io.Timeout	1564
std.Io.unreachableBatchAwaitConcurrent	usage	std.Io.Batch.AwaitConcurrentError	
std.Io.unreachableBatchCancel	usage	std.Io.Batch	1495
std.Io.failingDirCreateDir	usage	std.Io.Dir	1165
std.Io.failingDirCreateDir	usage	std.Io.Dir.Permissions	
std.Io.failingDirCreateDir	usage	std.Io.Dir.CreateDirError	
std.Io.failingDirCreateDirPath	usage	std.Io.Dir	1165
std.Io.failingDirCreateDirPath	usage	std.Io.Dir.Permissions	
std.Io.failingDirCreateDirPath	usage	std.Io.Dir.CreateDirPathError	
std.Io.failingDirCreateDirPath	usage	std.Io.Dir.CreatePathStatus	
std.Io.failingDirCreateDirPathOpen	usage	std.Io.Dir	1165
std.Io.failingDirCreateDirPathOpen	usage	std.Io.Dir.Permissions	
std.Io.failingDirCreateDirPathOpen	usage	std.Io.Dir.OpenOptions	
std.Io.failingDirCreateDirPathOpen	usage	std.Io.Dir.CreateDirPathOpenError	
std.Io.failingDirOpenDir	usage	std.Io.Dir	1165
std.Io.failingDirOpenDir	usage	std.Io.Dir.OpenOptions	
std.Io.failingDirOpenDir	usage	std.Io.Dir.OpenError	
std.Io.failingDirStat	usage	std.Io.Dir	1165
std.Io.failingDirStat	usage	std.Io.Dir.StatError	
std.Io.failingDirStat	usage	std.Io.Dir.Stat	
std.Io.failingDirStatFile	usage	std.Io.Dir	1165
std.Io.failingDirStatFile	usage	std.Io.Dir.StatFileOptions	
std.Io.failingDirStatFile	usage	std.Io.Dir.StatFileError	
std.Io.failingDirStatFile	usage	std.Io.File.Stat	
std.Io.failingDirAccess	usage	std.Io.Dir	1165
std.Io.failingDirAccess	usage	std.Io.Dir.AccessOptions	
std.Io.failingDirAccess	usage	std.Io.Dir.AccessError	
std.Io.failingDirCreateFile	usage	std.Io.Dir	1165
std.Io.failingDirCreateFile	usage	std.Io.File.CreateFlags	
std.Io.failingDirCreateFile	usage	std.Io.File.OpenError	
std.Io.failingDirCreateFile	usage	std.Io.File	1304
std.Io.failingDirCreateFileAtomic	usage	std.Io.Dir	1165
std.Io.failingDirCreateFileAtomic	usage	std.Io.Dir.CreateFileAtomicOptions	
std.Io.failingDirCreateFileAtomic	usage	std.Io.Dir.CreateFileAtomicError	
std.Io.failingDirCreateFileAtomic	usage	std.Io.File.Atomic	1342
std.Io.failingDirOpenFile	usage	std.Io.Dir	1165
std.Io.failingDirOpenFile	usage	std.Io.File.OpenFlags	
std.Io.failingDirOpenFile	usage	std.Io.File.OpenError	
std.Io.failingDirOpenFile	usage	std.Io.File	1304
std.Io.unreachableDirClose	usage	std.Io.Dir	1165
std.Io.noDirRead	usage	std.Io.Dir.Reader	1172
std.Io.noDirRead	usage	std.Io.Dir.Entry	
std.Io.noDirRead	usage	std.Io.Dir.Reader.Error	
std.Io.failingDirRealPath	usage	std.Io.Dir	1165
std.Io.failingDirRealPath	usage	std.Io.Dir.RealPathError	
std.Io.failingDirRealPathFile	usage	std.Io.Dir	1165
std.Io.failingDirRealPathFile	usage	std.Io.Dir.RealPathFileError	
std.Io.failingDirDeleteFile	usage	std.Io.Dir	1165
std.Io.failingDirDeleteFile	usage	std.Io.Dir.DeleteFileError	
std.Io.failingDirDeleteDir	usage	std.Io.Dir	1165
std.Io.failingDirDeleteDir	usage	std.Io.Dir.DeleteDirError	
std.Io.failingDirRename	usage	std.Io.Dir	1165
std.Io.failingDirRename	usage	std.Io.Dir.RenameError	
std.Io.failingDirRenamePreserve	usage	std.Io.Dir	1165
std.Io.failingDirRenamePreserve	usage	std.Io.Dir.RenamePreserveError	
std.Io.failingDirSymLink	usage	std.Io.Dir	1165
std.Io.failingDirSymLink	usage	std.Io.Dir.SymLinkFlags	
std.Io.failingDirSymLink	usage	std.Io.Dir.SymLinkError	
std.Io.failingDirReadLink	usage	std.Io.Dir	1165
std.Io.failingDirReadLink	usage	std.Io.Dir.ReadLinkError	
std.Io.failingDirSetOwner	usage	std.Io.Dir	1165
std.Io.failingDirSetOwner	usage	std.Io.File.Uid	
std.Io.failingDirSetOwner	usage	std.Io.File.Gid	
std.Io.failingDirSetOwner	usage	std.Io.Dir.SetOwnerError	
std.Io.failingDirSetFileOwner	usage	std.Io.Dir	1165
std.Io.failingDirSetFileOwner	usage	std.Io.File.Uid	
std.Io.failingDirSetFileOwner	usage	std.Io.File.Gid	
std.Io.failingDirSetFileOwner	usage	std.Io.Dir.SetFileOwnerOptions	
std.Io.failingDirSetFileOwner	usage	std.Io.Dir.SetFileOwnerError	
std.Io.failingDirSetPermissions	usage	std.Io.Dir	1165
std.Io.failingDirSetPermissions	usage	std.Io.Dir.Permissions	
std.Io.failingDirSetPermissions	usage	std.Io.Dir.SetPermissionsError	
std.Io.failingDirSetFilePermissions	usage	std.Io.Dir	1165
std.Io.failingDirSetFilePermissions	usage	std.Io.File.Permissions	
std.Io.failingDirSetFilePermissions	usage	std.Io.Dir.SetFilePermissionsOptions	
std.Io.failingDirSetFilePermissions	usage	std.Io.Dir.SetFilePermissionsError	
std.Io.noDirSetTimestamps	usage	std.Io.Dir	1165
std.Io.noDirSetTimestamps	usage	std.Io.Dir.SetTimestampsOptions	
std.Io.noDirSetTimestamps	usage	std.Io.Dir.SetTimestampsError	
std.Io.failingDirHardLink	usage	std.Io.Dir	1165
std.Io.failingDirHardLink	usage	std.Io.Dir.HardLinkOptions	
std.Io.failingDirHardLink	usage	std.Io.Dir.HardLinkError	
std.Io.failingFileStat	usage	std.Io.File	1304
std.Io.failingFileStat	usage	std.Io.File.StatError	
std.Io.failingFileStat	usage	std.Io.File.Stat	
std.Io.failingFileLength	usage	std.Io.File	1304
std.Io.failingFileLength	usage	std.Io.File.LengthError	
std.Io.unreachableFileClose	usage	std.Io.File	1304
std.Io.failingFileWritePositional	usage	std.Io.File	1304
std.Io.failingFileWritePositional	usage	std.Io.File.WritePositionalError	
std.Io.noFileWriteFileStreaming	usage	std.Io.File	1304
std.Io.noFileWriteFileStreaming	usage	std.Io.File.Reader	1307
std.Io.noFileWriteFileStreaming	usage	std.Io.Limit	1505
std.Io.noFileWriteFileStreaming	usage	std.Io.File.Writer.WriteFileError	
std.Io.noFileWriteFilePositional	usage	std.Io.File	1304
std.Io.noFileWriteFilePositional	usage	std.Io.File.Reader	1307
std.Io.noFileWriteFilePositional	usage	std.Io.Limit	1505
std.Io.noFileWriteFilePositional	usage	std.Io.File.WriteFilePositionalError	
std.Io.failingFileReadPositional	usage	std.Io.File	1304
std.Io.failingFileReadPositional	usage	std.Io.File.ReadPositionalError	
std.Io.failingFileSeekBy	usage	std.Io.File	1304
std.Io.failingFileSeekBy	usage	std.Io.File.SeekError	
std.Io.failingFileSeekTo	usage	std.Io.File	1304
std.Io.failingFileSeekTo	usage	std.Io.File.SeekError	
std.Io.failingFileSync	usage	std.Io.File	1304
std.Io.failingFileSync	usage	std.Io.File.SyncError	
std.Io.unreachableFileIsTty	usage	std.Io.File	1304
std.Io.unreachableFileIsTty	usage	std.Io.Cancelable	
std.Io.unreachableFileEnableAnsiEscapeCodes	usage	std.Io.File	1304
std.Io.unreachableFileEnableAnsiEscapeCodes	usage	std.Io.File.EnableAnsiEscapeCodesError	
std.Io.unreachableFileSupportsAnsiEscapeCodes	usage	std.Io.File	1304
std.Io.unreachableFileSupportsAnsiEscapeCodes	usage	std.Io.Cancelable	
std.Io.failingFileSetLength	usage	std.Io.File	1304
std.Io.failingFileSetLength	usage	std.Io.File.SetLengthError	
std.Io.failingFileSetOwner	usage	std.Io.File	1304
std.Io.failingFileSetOwner	usage	std.Io.File.Uid	
std.Io.failingFileSetOwner	usage	std.Io.File.Gid	
std.Io.failingFileSetOwner	usage	std.Io.File.SetOwnerError	
std.Io.failingFileSetPermissions	usage	std.Io.File	1304
std.Io.failingFileSetPermissions	usage	std.Io.File.Permissions	
std.Io.failingFileSetPermissions	usage	std.Io.File.SetPermissionsError	
std.Io.noFileSetTimestamps	usage	std.Io.File	1304
std.Io.noFileSetTimestamps	usage	std.Io.File.SetTimestampsOptions	
std.Io.noFileSetTimestamps	usage	std.Io.File.SetTimestampsError	
std.Io.failingFileLock	usage	std.Io.File	1304
std.Io.failingFileLock	usage	std.Io.File.Lock	
std.Io.failingFileLock	usage	std.Io.File.LockError	
std.Io.failingFileTryLock	usage	std.Io.File	1304
std.Io.failingFileTryLock	usage	std.Io.File.Lock	
std.Io.failingFileTryLock	usage	std.Io.File.LockError	
std.Io.unreachableFileUnlock	usage	std.Io.File	1304
std.Io.failingFileDowngradeLock	usage	std.Io.File	1304
std.Io.failingFileDowngradeLock	usage	std.Io.File.DowngradeLockError	
std.Io.failingFileRealPath	usage	std.Io.File	1304
std.Io.failingFileRealPath	usage	std.Io.File.RealPathError	
std.Io.failingFileHardLink	usage	std.Io.File	1304
std.Io.failingFileHardLink	usage	std.Io.Dir	1165
std.Io.failingFileHardLink	usage	std.Io.File.HardLinkOptions	
std.Io.failingFileHardLink	usage	std.Io.File.HardLinkError	
std.Io.failingFileMemoryMapCreate	usage	std.Io.File	1304
std.Io.failingFileMemoryMapCreate	usage	std.Io.File.MemoryMap.CreateOptions	
std.Io.failingFileMemoryMapCreate	usage	std.Io.File.MemoryMap.CreateError	
std.Io.failingFileMemoryMapCreate	usage	std.Io.File.MemoryMap	1349
std.Io.unreachableFileMemoryMapDestroy	usage	std.Io.File.MemoryMap	1349
std.Io.unreachableFileMemoryMapSetLength	usage	std.Io.File.MemoryMap	1349
std.Io.unreachableFileMemoryMapSetLength	usage	std.Io.File.MemoryMap.SetLengthError	
std.Io.unreachableFileMemoryMapRead	usage	std.Io.File.MemoryMap	1349
std.Io.unreachableFileMemoryMapRead	usage	std.Io.File.ReadPositionalError	
std.Io.unreachableFileMemoryMapWrite	usage	std.Io.File.MemoryMap	1349
std.Io.unreachableFileMemoryMapWrite	usage	std.Io.File.WritePositionalError	
std.Io.failingProcessExecutableOpen	usage	std.Io.File.OpenFlags	
std.Io.failingProcessExecutableOpen	usage	std.process.OpenExecutableError	
std.Io.failingProcessExecutableOpen	usage	std.Io.File	1304
std.Io.failingProcessExecutablePath	usage	std.process.ExecutablePathError	
std.Io.unreachableLockStderr	usage	std.Io.Terminal.Mode	1446
std.Io.unreachableLockStderr	usage	std.Io.Cancelable	
std.Io.unreachableLockStderr	usage	std.Io.LockedStderr	1621
std.Io.noTryLockStderr	usage	std.Io.Terminal.Mode	1446
std.Io.noTryLockStderr	usage	std.Io.Cancelable	
std.Io.noTryLockStderr	usage	std.Io.LockedStderr	1621
std.Io.failingProcessCurrentPath	usage	std.process.CurrentPathError	
std.Io.failingProcessSetCurrentDir	usage	std.Io.Dir	1165
std.Io.failingProcessSetCurrentDir	usage	std.process.SetCurrentDirError	
std.Io.failingProcessSetCurrentPath	usage	std.process.SetCurrentPathError	
std.Io.failingProcessReplace	usage	std.process.ReplaceOptions	
std.Io.failingProcessReplace	usage	std.process.ReplaceError	
std.Io.failingProcessReplacePath	usage	std.Io.Dir	1165
std.Io.failingProcessReplacePath	usage	std.process.ReplaceOptions	
std.Io.failingProcessReplacePath	usage	std.process.ReplaceError	
std.Io.failingProcessSpawn	usage	std.process.SpawnOptions	14426
std.Io.failingProcessSpawn	usage	std.process.SpawnError	
std.Io.failingProcessSpawn	usage	std.process.Child	14297
std.Io.failingProcessSpawnPath	usage	std.Io.Dir	1165
std.Io.failingProcessSpawnPath	usage	std.process.SpawnOptions	14426
std.Io.failingProcessSpawnPath	usage	std.process.SpawnError	
std.Io.failingProcessSpawnPath	usage	std.process.Child	14297
std.Io.unreachableChildWait	usage	std.process.Child	14297
std.Io.unreachableChildWait	usage	std.process.Child.WaitError	
std.Io.unreachableChildWait	usage	std.process.Child.Term	
std.Io.unreachableChildKill	usage	std.process.Child	14297
std.Io.failingProgressParentFile	usage	std.Progress.ParentFileError	
std.Io.failingProgressParentFile	usage	std.Io.File	1304
std.Io.failingRandomSecure	usage	std.Io.RandomSecureError	
std.Io.noNow	usage	std.Io.Clock	1521
std.Io.noNow	usage	std.Io.Timestamp	1538
std.Io.failingClockResolution	usage	std.Io.Clock	1521
std.Io.failingClockResolution	usage	std.Io.Clock.ResolutionError	
std.Io.failingClockResolution	usage	std.Io.Duration	1552
std.Io.noSleep	usage	std.Io.Timeout	1564
std.Io.noSleep	usage	std.Io.Cancelable	
std.Io.failingNetListenIp	usage	std.Io.net.IpAddress	1045
std.Io.failingNetListenIp	usage	std.Io.net.IpAddress.ListenOptions	
std.Io.failingNetListenIp	usage	std.Io.net.IpAddress.ListenError	
std.Io.failingNetListenIp	usage	std.Io.net.Socket	1132
std.Io.failingNetAccept	usage	std.Io.net.Socket.Handle	
std.Io.failingNetAccept	usage	std.Io.net.Server.AcceptOptions	
std.Io.failingNetAccept	usage	std.Io.net.Server.AcceptError	
std.Io.failingNetAccept	usage	std.Io.net.Socket	1132
std.Io.failingNetBindIp	usage	std.Io.net.IpAddress	1045
std.Io.failingNetBindIp	usage	std.Io.net.IpAddress.BindOptions	
std.Io.failingNetBindIp	usage	std.Io.net.IpAddress.BindError	
std.Io.failingNetBindIp	usage	std.Io.net.Socket	1132
std.Io.failingNetConnectIp	usage	std.Io.net.IpAddress	1045
std.Io.failingNetConnectIp	usage	std.Io.net.IpAddress.ConnectOptions	
std.Io.failingNetConnectIp	usage	std.Io.net.IpAddress.ConnectError	
std.Io.failingNetConnectIp	usage	std.Io.net.Socket	1132
std.Io.failingNetListenUnix	usage	std.Io.net.UnixAddress	1102
std.Io.failingNetListenUnix	usage	std.Io.net.UnixAddress.ListenOptions	
std.Io.failingNetListenUnix	usage	std.Io.net.UnixAddress.ListenError	
std.Io.failingNetListenUnix	usage	std.Io.net.Socket.Handle	
std.Io.failingNetConnectUnix	usage	std.Io.net.UnixAddress	1102
std.Io.failingNetConnectUnix	usage	std.Io.net.UnixAddress.ConnectError	
std.Io.failingNetConnectUnix	usage	std.Io.net.Socket.Handle	
std.Io.failingNetSocketCreatePair	usage	std.Io.net.Socket.CreatePairOptions	
std.Io.failingNetSocketCreatePair	usage	std.Io.net.Socket.CreatePairError	
std.Io.failingNetSocketCreatePair	usage	std.Io.net.Socket	1132
std.Io.failingNetSend	usage	std.Io.net.Socket.Handle	
std.Io.failingNetSend	usage	std.Io.net.OutgoingMessage	
std.Io.failingNetSend	usage	std.Io.net.SendFlags	
std.Io.failingNetSend	usage	std.Io.net.Socket.SendError	
std.Io.failingNetRead	usage	std.Io.net.Socket.Handle	
std.Io.failingNetRead	usage	std.Io.net.Stream.Reader.Error	
std.Io.failingNetWrite	usage	std.Io.net.Socket.Handle	
std.Io.failingNetWrite	usage	std.Io.net.Stream.Writer.Error	
std.Io.failingNetWriteFile	usage	std.Io.net.Socket.Handle	
std.Io.failingNetWriteFile	usage	std.Io.File.Reader	1307
std.Io.failingNetWriteFile	usage	std.Io.Limit	1505
std.Io.failingNetWriteFile	usage	std.Io.net.Stream.Writer.WriteFileError	
std.Io.unreachableNetClose	usage	std.Io.net.Socket.Handle	
std.Io.failingNetShutdown	usage	std.Io.net.Socket.Handle	
std.Io.failingNetShutdown	usage	std.Io.net.ShutdownHow	
std.Io.failingNetShutdown	usage	std.Io.net.ShutdownError	
std.Io.failingNetInterfaceNameResolve	usage	std.Io.net.Interface.Name	1122
std.Io.failingNetInterfaceNameResolve	usage	std.Io.net.Interface.Name.ResolveError	
std.Io.failingNetInterfaceNameResolve	usage	std.Io.net.Interface	1120
std.Io.unreachableNetInterfaceName	usage	std.Io.net.Interface	1120
std.Io.unreachableNetInterfaceName	usage	std.Io.net.Interface.NameError	
std.Io.unreachableNetInterfaceName	usage	std.Io.net.Interface.Name	1122
std.Io.failingNetLookup	usage	std.Io.net.HostName	1015
std.Io.failingNetLookup	usage	std.Io.Queue	
std.Io.failingNetLookup	usage	std.Io.net.HostName.LookupResult	
std.Io.failingNetLookup	usage	std.Io.net.HostName.LookupOptions	
std.Io.failingNetLookup	usage	std.Io.net.HostName.LookupError	
std.Random.ChaCha.init	usage	std.Random.ChaCha	1787
std.Random.ChaCha.addEntropy	usage	std.Random.ChaCha	1787
std.Random.ChaCha.random	usage	std.Random.ChaCha	1787
std.Random.ChaCha.random	usage	std.Random	1778
std.Random.ChaCha.fill	usage	std.Random.ChaCha	1787
std.Io.Writer.fixed	usage	std.Io.Writer	903
std.Io.Writer.hashed	usage	std.Io.Writer	903
std.Io.Writer.hashed	usage	std.Io.Writer.Hashed	
std.Io.Writer.buffered	usage	std.Io.Writer	903
std.Io.Writer.countSendFileLowerBound	usage	std.Io.File.Reader	1307
std.Io.Writer.countSendFileLowerBound	usage	std.Io.Limit	1505
std.Io.Writer.writeVec	usage	std.Io.Writer	903
std.Io.Writer.writeVec	usage	std.Io.Writer.Error	
std.Io.Writer.writeSplat	usage	std.Io.Writer	903
std.Io.Writer.writeSplat	usage	std.Io.Writer.Error	
std.Io.Writer.writeSplatHeader	usage	std.Io.Writer	903
std.Io.Writer.writeSplatHeader	usage	std.Io.Writer.Error	
std.Io.Writer.writeSplatHeaderLimit	usage	std.Io.Writer	903
std.Io.Writer.writeSplatHeaderLimit	usage	std.Io.Limit	1505
std.Io.Writer.writeSplatHeaderLimit	usage	std.Io.Writer.Error	
std.Io.Writer.flush	usage	std.Io.Writer	903
std.Io.Writer.flush	usage	std.Io.Writer.Error	
std.Io.Writer.defaultFlush	usage	std.Io.Writer	903
std.Io.Writer.defaultFlush	usage	std.Io.Writer.Error	
std.Io.Writer.noopFlush	usage	std.Io.Writer	903
std.Io.Writer.noopFlush	usage	std.Io.Writer.Error	
std.Io.Writer.rebase	usage	std.Io.Writer	903
std.Io.Writer.rebase	usage	std.Io.Writer.Error	
std.Io.Writer.defaultRebase	usage	std.Io.Writer	903
std.Io.Writer.defaultRebase	usage	std.Io.Writer.Error	
std.Io.Writer.unusedCapacitySlice	usage	std.Io.Writer	903
std.Io.Writer.unusedCapacityLen	usage	std.Io.Writer	903
std.Io.Writer.writableArray	usage	std.Io.Writer	903
std.Io.Writer.writableArray	usage	std.Io.Writer.Error	
std.Io.Writer.writableSlice	usage	std.Io.Writer	903
std.Io.Writer.writableSlice	usage	std.Io.Writer.Error	
std.Io.Writer.writableSliceGreedy	usage	std.Io.Writer	903
std.Io.Writer.writableSliceGreedy	usage	std.Io.Writer.Error	
std.Io.Writer.writableSliceGreedyPreserve	usage	std.Io.Writer	903
std.Io.Writer.writableSliceGreedyPreserve	usage	std.Io.Writer.Error	
std.Io.Writer.writableSlicePreserve	usage	std.Io.Writer	903
std.Io.Writer.writableSlicePreserve	usage	std.Io.Writer.Error	
std.Io.Writer.ensureUnusedCapacity	usage	std.Io.Writer	903
std.Io.Writer.ensureUnusedCapacity	usage	std.Io.Writer.Error	
std.Io.Writer.undo	usage	std.Io.Writer	903
std.Io.Writer.advance	usage	std.Io.Writer	903
std.Io.Writer.writeVecAll	usage	std.Io.Writer	903
std.Io.Writer.writeVecAll	usage	std.Io.Writer.Error	
std.Io.Writer.writeSplatAll	usage	std.Io.Writer	903
std.Io.Writer.writeSplatAll	usage	std.Io.Writer.Error	
std.Io.Writer.write	usage	std.Io.Writer	903
std.Io.Writer.write	usage	std.Io.Writer.Error	
std.Io.Writer.writeAll	usage	std.Io.Writer	903
std.Io.Writer.writeAll	usage	std.Io.Writer.Error	
std.Io.Writer.print	usage	std.Io.Writer	903
std.Io.Writer.print	usage	std.Io.Writer.Error	
std.Io.Writer.writeByte	usage	std.Io.Writer	903
std.Io.Writer.writeByte	usage	std.Io.Writer.Error	
std.Io.Writer.writeBytePreserve	usage	std.Io.Writer	903
std.Io.Writer.writeBytePreserve	usage	std.Io.Writer.Error	
std.Io.Writer.splatByteAll	usage	std.Io.Writer	903
std.Io.Writer.splatByteAll	usage	std.Io.Writer.Error	
std.Io.Writer.splatBytePreserve	usage	std.Io.Writer	903
std.Io.Writer.splatBytePreserve	usage	std.Io.Writer.Error	
std.Io.Writer.splatByte	usage	std.Io.Writer	903
std.Io.Writer.splatByte	usage	std.Io.Writer.Error	
std.Io.Writer.splatBytesAll	usage	std.Io.Writer	903
std.Io.Writer.splatBytesAll	usage	std.Io.Writer.Error	
std.Io.Writer.splatBytes	usage	std.Io.Writer	903
std.Io.Writer.splatBytes	usage	std.Io.Writer.Error	
std.Io.Writer.writeInt	usage	std.Io.Writer	903
std.Io.Writer.writeInt	usage	std.builtin.Endian	3740
std.Io.Writer.writeInt	usage	std.Io.Writer.Error	
std.Io.Writer.writeStruct	usage	std.Io.Writer	903
std.Io.Writer.writeStruct	usage	std.builtin.Endian	3740
std.Io.Writer.writeStruct	usage	std.Io.Writer.Error	
std.Io.Writer.writeSliceEndian	usage	std.Io.Writer	903
std.Io.Writer.writeSliceEndian	usage	std.builtin.Endian	3740
std.Io.Writer.writeSliceEndian	usage	std.Io.Writer.Error	
std.Io.Writer.writeSliceSwap	usage	std.Io.Writer	903
std.Io.Writer.writeSliceSwap	usage	std.Io.Writer.Error	
std.Io.Writer.sendFile	usage	std.Io.Writer	903
std.Io.Writer.sendFile	usage	std.Io.File.Reader	1307
std.Io.Writer.sendFile	usage	std.Io.Limit	1505
std.Io.Writer.sendFile	usage	std.Io.Writer.FileError	
std.Io.Writer.sendFileHeader	usage	std.Io.Writer	903
std.Io.Writer.sendFileHeader	usage	std.Io.File.Reader	1307
std.Io.Writer.sendFileHeader	usage	std.Io.Limit	1505
std.Io.Writer.sendFileHeader	usage	std.Io.Writer.FileError	
std.Io.Writer.sendFileReading	usage	std.Io.Writer	903
std.Io.Writer.sendFileReading	usage	std.Io.File.Reader	1307
std.Io.Writer.sendFileReading	usage	std.Io.Limit	1505
std.Io.Writer.sendFileReading	usage	std.Io.Writer.FileReadingError	
std.Io.Writer.sendFileAll	usage	std.Io.Writer	903
std.Io.Writer.sendFileAll	usage	std.Io.File.Reader	1307
std.Io.Writer.sendFileAll	usage	std.Io.Limit	1505
std.Io.Writer.sendFileAll	usage	std.Io.Writer.FileAllError	
std.Io.Writer.sendFileReadingAll	usage	std.Io.Writer	903
std.Io.Writer.sendFileReadingAll	usage	std.Io.File.Reader	1307
std.Io.Writer.sendFileReadingAll	usage	std.Io.Limit	1505
std.Io.Writer.sendFileReadingAll	usage	std.Io.Writer.FileAllError	
std.Io.Writer.alignBuffer	usage	std.Io.Writer	903
std.Io.Writer.alignBuffer	usage	std.fmt.Alignment	
std.Io.Writer.alignBuffer	usage	std.Io.Writer.Error	
std.Io.Writer.alignBufferOptions	usage	std.Io.Writer	903
std.Io.Writer.alignBufferOptions	usage	std.fmt.Options	7428
std.Io.Writer.alignBufferOptions	usage	std.Io.Writer.Error	
std.Io.Writer.printAddress	usage	std.Io.Writer	903
std.Io.Writer.printAddress	usage	std.Io.Writer.Error	
std.Io.Writer.printValue	usage	std.Io.Writer	903
std.Io.Writer.printValue	usage	std.fmt.Options	7428
std.Io.Writer.printValue	usage	std.Io.Writer.Error	
std.Io.Writer.printVector	usage	std.Io.Writer	903
std.Io.Writer.printVector	usage	std.fmt.Options	7428
std.Io.Writer.printVector	usage	std.Io.Writer.Error	
std.Io.Writer.printArray	usage	std.Io.Writer	903
std.Io.Writer.printArray	usage	std.fmt.Options	7428
std.Io.Writer.printArray	usage	std.Io.Writer.Error	
std.Io.Writer.printInt	usage	std.Io.Writer	903
std.Io.Writer.printInt	usage	std.fmt.Case	
std.Io.Writer.printInt	usage	std.fmt.Options	7428
std.Io.Writer.printInt	usage	std.Io.Writer.Error	
std.Io.Writer.printIntAny	usage	std.Io.Writer	903
std.Io.Writer.printIntAny	usage	std.fmt.Case	
std.Io.Writer.printIntAny	usage	std.fmt.Options	7428
std.Io.Writer.printIntAny	usage	std.Io.Writer.Error	
std.Io.Writer.printAsciiChar	usage	std.Io.Writer	903
std.Io.Writer.printAsciiChar	usage	std.fmt.Options	7428
std.Io.Writer.printAsciiChar	usage	std.Io.Writer.Error	
std.Io.Writer.printAscii	usage	std.Io.Writer	903
std.Io.Writer.printAscii	usage	std.fmt.Options	7428
std.Io.Writer.printAscii	usage	std.Io.Writer.Error	
std.Io.Writer.printUnicodeCodepoint	usage	std.Io.Writer	903
std.Io.Writer.printUnicodeCodepoint	usage	std.Io.Writer.Error	
std.Io.Writer.printFloat	usage	std.Io.Writer	903
std.Io.Writer.printFloat	usage	std.fmt.Number	7430
std.Io.Writer.printFloat	usage	std.Io.Writer.Error	
std.Io.Writer.printFloatHexOptions	usage	std.Io.Writer	903
std.Io.Writer.printFloatHexOptions	usage	std.fmt.Number	7430
std.Io.Writer.printFloatHexOptions	usage	std.Io.Writer.Error	
std.Io.Writer.printFloatHex	usage	std.Io.Writer	903
std.Io.Writer.printFloatHex	usage	std.fmt.Case	
std.Io.Writer.printFloatHex	usage	std.Io.Writer.Error	
std.Io.Writer.printByteSize	usage	std.Io.Writer	903
std.Io.Writer.printByteSize	usage	std.Io.Writer.ByteSizeUnits	
std.Io.Writer.printByteSize	usage	std.fmt.Options	7428
std.Io.Writer.printByteSize	usage	std.Io.Writer.Error	
std.Io.Writer.printHex	usage	std.Io.Writer	903
std.Io.Writer.printHex	usage	std.fmt.Case	
std.Io.Writer.printHex	usage	std.Io.Writer.Error	
std.Io.Writer.printBase64	usage	std.Io.Writer	903
std.Io.Writer.printBase64	usage	std.Io.Writer.Error	
std.Io.Writer.writeUleb128	usage	std.Io.Writer	903
std.Io.Writer.writeUleb128	usage	std.Io.Writer.Error	
std.Io.Writer.writeSleb128	usage	std.Io.Writer	903
std.Io.Writer.writeSleb128	usage	std.Io.Writer.Error	
std.Io.Writer.writeLeb128	usage	std.Io.Writer	903
std.Io.Writer.writeLeb128	usage	std.Io.Writer.Error	
std.Io.Writer.failingDrain	usage	std.Io.Writer	903
std.Io.Writer.failingDrain	usage	std.Io.Writer.Error	
std.Io.Writer.failingSendFile	usage	std.Io.Writer	903
std.Io.Writer.failingSendFile	usage	std.Io.File.Reader	1307
std.Io.Writer.failingSendFile	usage	std.Io.Limit	1505
std.Io.Writer.failingSendFile	usage	std.Io.Writer.FileError	
std.Io.Writer.failingRebase	usage	std.Io.Writer	903
std.Io.Writer.failingRebase	usage	std.Io.Writer.Error	
std.Io.Writer.consume	usage	std.Io.Writer	903
std.Io.Writer.consumeAll	usage	std.Io.Writer	903
std.Io.Writer.unimplementedSendFile	usage	std.Io.Writer	903
std.Io.Writer.unimplementedSendFile	usage	std.Io.File.Reader	1307
std.Io.Writer.unimplementedSendFile	usage	std.Io.Limit	1505
std.Io.Writer.unimplementedSendFile	usage	std.Io.Writer.FileError	
std.Io.Writer.fixedDrain	usage	std.Io.Writer	903
std.Io.Writer.fixedDrain	usage	std.Io.Writer.Error	
std.Io.Writer.unreachableDrain	usage	std.Io.Writer	903
std.Io.Writer.unreachableDrain	usage	std.Io.Writer.Error	
std.Io.Writer.unreachableRebase	usage	std.Io.Writer	903
std.Io.Writer.unreachableRebase	usage	std.Io.Writer.Error	
std.Io.Writer.fromArrayList	usage	std.ArrayList	
std.Io.Writer.fromArrayList	usage	std.Io.Writer	903
std.Io.Writer.toArrayList	usage	std.Io.Writer	903
std.Io.Writer.toArrayList	usage	std.ArrayList	
std.Io.Semaphore.wait	usage	std.Io.Semaphore	1461
std.Io.Semaphore.wait	usage	std.Io	696
std.Io.Semaphore.wait	usage	std.Io.Cancelable	
std.Io.Semaphore.waitUncancelable	usage	std.Io.Semaphore	1461
std.Io.Semaphore.waitUncancelable	usage	std.Io	696
std.Io.Semaphore.post	usage	std.Io.Semaphore	1461
std.Io.Semaphore.post	usage	std.Io	696
std.zig.WindowsSdk.find	usage	std.mem.Allocator	8800
std.zig.WindowsSdk.find	usage	std.Io	696
std.zig.WindowsSdk.find	usage	std.Target.Cpu.Arch	3402
std.zig.WindowsSdk.find	usage	std.process.Environ.Map	14360
std.zig.WindowsSdk.find	usage	std.zig.WindowsSdk	15546
std.zig.WindowsSdk.free	usage	std.zig.WindowsSdk	15546
std.zig.WindowsSdk.free	usage	std.mem.Allocator	8800
std.zig.llvm.Builder.strtabString	usage	std.zig.llvm.Builder	15589
std.zig.llvm.Builder.strtabString	usage	std.mem.Allocator.Error	
std.zig.llvm.Builder.strtabString	usage	std.zig.llvm.Builder.StrtabString	15810
std.zig.llvm.Builder.strtabStringIfExists	usage	std.zig.llvm.Builder	15589
std.zig.llvm.Builder.strtabStringIfExists	usage	std.zig.llvm.Builder.StrtabString	15810
std.zig.llvm.Builder.strtabStringFmt	usage	std.zig.llvm.Builder	15589
std.zig.llvm.Builder.strtabStringFmt	usage	std.mem.Allocator.Error	
std.zig.llvm.Builder.strtabStringFmt	usage	std.zig.llvm.Builder.StrtabString	15810
std.zig.llvm.Builder.strtabStringFmtAssumeCapacity	usage	std.zig.llvm.Builder	15589
std.zig.llvm.Builder.strtabStringFmtAssumeCapacity	usage	std.zig.llvm.Builder.StrtabString	15810
std.zig.llvm.Builder.trailingStrtabString	usage	std.zig.llvm.Builder	15589
std.zig.llvm.Builder.trailingStrtabString	usage	std.mem.Allocator.Error	
std.zig.llvm.Builder.trailingStrtabString	usage	std.zig.llvm.Builder.StrtabString	15810
std.zig.llvm.Builder.trailingStrtabStringAssumeCapacity	usage	std.zig.llvm.Builder	15589
std.zig.llvm.Builder.trailingStrtabStringAssumeCapacity	usage	std.zig.llvm.Builder.StrtabString	15810
std.zig.llvm.Builder.init	usage	std.zig.llvm.Builder.Options	
std.zig.llvm.Builder.init	usage	std.mem.Allocator.Error	
std.zig.llvm.Builder.init	usage	std.zig.llvm.Builder	15589
std.zig.llvm.Builder.clearAndFree	usage	std.zig.llvm.Builder	15589
std.zig.llvm.Builder.deinit	usage	std.zig.llvm.Builder	15589
std.zig.llvm.Builder.finishModuleAsm	usage	std.zig.llvm.Builder	15589
std.zig.llvm.Builder.finishModuleAsm	usage	std.Io.Writer.Allocating	995
std.zig.llvm.Builder.finishModuleAsm	usage	std.mem.Allocator.Error	
std.zig.llvm.Builder.string	usage	std.zig.llvm.Builder	15589
std.zig.llvm.Builder.string	usage	std.mem.Allocator.Error	
std.zig.llvm.Builder.string	usage	std.zig.llvm.Builder.String	15597
std.zig.llvm.Builder.stringNull	usage	std.zig.llvm.Builder	15589
std.zig.llvm.Builder.stringNull	usage	std.mem.Allocator.Error	
std.zig.llvm.Builder.stringNull	usage	std.zig.llvm.Builder.String	15597
std.zig.llvm.Builder.stringIfExists	usage	std.zig.llvm.Builder	15589
std.zig.llvm.Builder.stringIfExists	usage	std.zig.llvm.Builder.String	15597
std.zig.llvm.Builder.fmt	usage	std.zig.llvm.Builder	15589
std.zig.llvm.Builder.fmt	usage	std.mem.Allocator.Error	
std.zig.llvm.Builder.fmt	usage	std.zig.llvm.Builder.String	15597
std.zig.llvm.Builder.fmtAssumeCapacity	usage	std.zig.llvm.Builder	15589
std.zig.llvm.Builder.fmtAssumeCapacity	usage	std.zig.llvm.Builder.String	15597
std.zig.llvm.Builder.trailingString	usage	std.zig.llvm.Builder	15589
std.zig.llvm.Builder.trailingString	usage	std.mem.Allocator.Error	
std.zig.llvm.Builder.trailingString	usage	std.zig.llvm.Builder.String	15597
std.zig.llvm.Builder.trailingStringAssumeCapacity	usage	std.zig.llvm.Builder	15589
std.zig.llvm.Builder.trailingStringAssumeCapacity	usage	std.zig.llvm.Builder.String	15597
std.zig.llvm.Builder.fnType	usage	std.zig.llvm.Builder	15589
std.zig.llvm.Builder.fnType	usage	std.zig.llvm.Builder.Type	15606
std.zig.llvm.Builder.fnType	usage	std.zig.llvm.Builder.Type.Function.Kind	
std.zig.llvm.Builder.fnType	usage	std.mem.Allocator.Error	
std.zig.llvm.Builder.intType	usage	std.zig.llvm.Builder	15589
std.zig.llvm.Builder.intType	usage	std.mem.Allocator.Error	
std.zig.llvm.Builder.intType	usage	std.zig.llvm.Builder.Type	15606
std.zig.llvm.Builder.ptrType	usage	std.zig.llvm.Builder	15589
std.zig.llvm.Builder.ptrType	usage	std.zig.llvm.Builder.AddrSpace	15723
std.zig.llvm.Builder.ptrType	usage	std.mem.Allocator.Error	
std.zig.llvm.Builder.ptrType	usage	std.zig.llvm.Builder.Type	15606
std.zig.llvm.Builder.vectorType	usage	std.zig.llvm.Builder	15589
std.zig.llvm.Builder.vectorType	usage	std.zig.llvm.Builder.Type.Vector.Kind	
std.zig.llvm.Builder.vectorType	usage	std.zig.llvm.Builder.Type	15606
std.zig.llvm.Builder.vectorType	usage	std.mem.Allocator.Error	
std.zig.llvm.Builder.arrayType	usage	std.zig.llvm.Builder	15589
std.zig.llvm.Builder.arrayType	usage	std.zig.llvm.Builder.Type	15606
std.zig.llvm.Builder.arrayType	usage	std.mem.Allocator.Error	
std.zig.llvm.Builder.structType	usage	std.zig.llvm.Builder	15589
std.zig.llvm.Builder.structType	usage	std.zig.llvm.Builder.Type.Structure.Kind	
std.zig.llvm.Builder.structType	usage	std.zig.llvm.Builder.Type	15606
std.zig.llvm.Builder.structType	usage	std.mem.Allocator.Error	
std.zig.llvm.Builder.opaqueType	usage	std.zig.llvm.Builder	15589
std.zig.llvm.Builder.opaqueType	usage	std.zig.llvm.Builder.String	15597
std.zig.llvm.Builder.opaqueType	usage	std.mem.Allocator.Error	
std.zig.llvm.Builder.opaqueType	usage	std.zig.llvm.Builder.Type	15606
std.zig.llvm.Builder.namedTypeSetBody	usage	std.zig.llvm.Builder	15589
std.zig.llvm.Builder.namedTypeSetBody	usage	std.zig.llvm.Builder.Type	15606
std.zig.llvm.Builder.attr	usage	std.zig.llvm.Builder	15589
std.zig.llvm.Builder.attr	usage	std.zig.llvm.Builder.Attribute	15651
std.zig.llvm.Builder.attr	usage	std.mem.Allocator.Error	
std.zig.llvm.Builder.attr	usage	std.zig.llvm.Builder.Attribute.Index	15652
std.zig.llvm.Builder.attrs	usage	std.zig.llvm.Builder	15589
std.zig.llvm.Builder.attrs	usage	std.zig.llvm.Builder.Attribute.Index	15652
std.zig.llvm.Builder.attrs	usage	std.mem.Allocator.Error	
std.zig.llvm.Builder.attrs	usage	std.zig.llvm.Builder.Attributes	15685
std.zig.llvm.Builder.fnAttrs	usage	std.zig.llvm.Builder	15589
std.zig.llvm.Builder.fnAttrs	usage	std.zig.llvm.Builder.Attributes	15685
std.zig.llvm.Builder.fnAttrs	usage	std.mem.Allocator.Error	
std.zig.llvm.Builder.fnAttrs	usage	std.zig.llvm.Builder.FunctionAttributes	15688
std.zig.llvm.Builder.addGlobal	usage	std.zig.llvm.Builder	15589
std.zig.llvm.Builder.addGlobal	usage	std.zig.llvm.Builder.StrtabString	15810
std.zig.llvm.Builder.addGlobal	usage	std.zig.llvm.Builder.Global	15820
std.zig.llvm.Builder.addGlobal	usage	std.mem.Allocator.Error	
std.zig.llvm.Builder.addGlobal	usage	std.zig.llvm.Builder.Global.Index	15821
std.zig.llvm.Builder.addGlobalAssumeCapacity	usage	std.zig.llvm.Builder	15589
std.zig.llvm.Builder.addGlobalAssumeCapacity	usage	std.zig.llvm.Builder.StrtabString	15810
std.zig.llvm.Builder.addGlobalAssumeCapacity	usage	std.zig.llvm.Builder.Global	15820
std.zig.llvm.Builder.addGlobalAssumeCapacity	usage	std.zig.llvm.Builder.Global.Index	15821
std.zig.llvm.Builder.getGlobal	usage	std.zig.llvm.Builder	15589
std.zig.llvm.Builder.getGlobal	usage	std.zig.llvm.Builder.StrtabString	15810
std.zig.llvm.Builder.getGlobal	usage	std.zig.llvm.Builder.Global.Index	15821
std.zig.llvm.Builder.addAlias	usage	std.zig.llvm.Builder	15589
std.zig.llvm.Builder.addAlias	usage	std.zig.llvm.Builder.StrtabString	15810
std.zig.llvm.Builder.addAlias	usage	std.zig.llvm.Builder.Type	15606
std.zig.llvm.Builder.addAlias	usage	std.zig.llvm.Builder.AddrSpace	15723
std.zig.llvm.Builder.addAlias	usage	std.zig.llvm.Builder.Constant	16024
std.zig.llvm.Builder.addAlias	usage	std.mem.Allocator.Error	
std.zig.llvm.Builder.addAlias	usage	std.zig.llvm.Builder.Alias.Index	15846
std.zig.llvm.Builder.addAliasAssumeCapacity	usage	std.zig.llvm.Builder	15589
std.zig.llvm.Builder.addAliasAssumeCapacity	usage	std.zig.llvm.Builder.StrtabString	15810
std.zig.llvm.Builder.addAliasAssumeCapacity	usage	std.zig.llvm.Builder.Type	15606
std.zig.llvm.Builder.addAliasAssumeCapacity	usage	std.zig.llvm.Builder.AddrSpace	15723
std.zig.llvm.Builder.addAliasAssumeCapacity	usage	std.zig.llvm.Builder.Constant	16024
std.zig.llvm.Builder.addAliasAssumeCapacity	usage	std.zig.llvm.Builder.Alias.Index	15846
std.zig.llvm.Builder.addVariable	usage	std.zig.llvm.Builder	15589
std.zig.llvm.Builder.addVariable	usage	std.zig.llvm.Builder.StrtabString	15810
std.zig.llvm.Builder.addVariable	usage	std.zig.llvm.Builder.Type	15606
std.zig.llvm.Builder.addVariable	usage	std.zig.llvm.Builder.AddrSpace	15723
std.zig.llvm.Builder.addVariable	usage	std.mem.Allocator.Error	
std.zig.llvm.Builder.addVariable	usage	std.zig.llvm.Builder.Variable.Index	15857
std.zig.llvm.Builder.addVariableAssumeCapacity	usage	std.zig.llvm.Builder	15589
std.zig.llvm.Builder.addVariableAssumeCapacity	usage	std.zig.llvm.Builder.Type	15606
std.zig.llvm.Builder.addVariableAssumeCapacity	usage	std.zig.llvm.Builder.StrtabString	15810
std.zig.llvm.Builder.addVariableAssumeCapacity	usage	std.zig.llvm.Builder.AddrSpace	15723
std.zig.llvm.Builder.addVariableAssumeCapacity	usage	std.zig.llvm.Builder.Variable.Index	15857
std.zig.llvm.Builder.addFunction	usage	std.zig.llvm.Builder	15589
std.zig.llvm.Builder.addFunction	usage	std.zig.llvm.Builder.Type	15606
std.zig.llvm.Builder.addFunction	usage	std.zig.llvm.Builder.StrtabString	15810
std.zig.llvm.Builder.addFunction	usage	std.zig.llvm.Builder.AddrSpace	15723
std.zig.llvm.Builder.addFunction	usage	std.mem.Allocator.Error	
std.zig.llvm.Builder.addFunction	usage	std.zig.llvm.Builder.Function.Index	15875
std.zig.llvm.Builder.addFunctionAssumeCapacity	usage	std.zig.llvm.Builder	15589
std.zig.llvm.Builder.addFunctionAssumeCapacity	usage	std.zig.llvm.Builder.Type	15606
std.zig.llvm.Builder.addFunctionAssumeCapacity	usage	std.zig.llvm.Builder.StrtabString	15810
std.zig.llvm.Builder.addFunctionAssumeCapacity	usage	std.zig.llvm.Builder.AddrSpace	15723
std.zig.llvm.Builder.addFunctionAssumeCapacity	usage	std.zig.llvm.Builder.Function.Index	15875
std.zig.llvm.Builder.getIntrinsic	usage	std.zig.llvm.Builder	15589
std.zig.llvm.Builder.getIntrinsic	usage	std.zig.llvm.Builder.Intrinsic	
std.zig.llvm.Builder.getIntrinsic	usage	std.zig.llvm.Builder.Type	15606
std.zig.llvm.Builder.getIntrinsic	usage	std.mem.Allocator.Error	
std.zig.llvm.Builder.getIntrinsic	usage	std.zig.llvm.Builder.Function.Index	15875
std.zig.llvm.Builder.intConst	usage	std.zig.llvm.Builder	15589
std.zig.llvm.Builder.intConst	usage	std.zig.llvm.Builder.Type	15606
std.zig.llvm.Builder.intConst	usage	std.mem.Allocator.Error	
std.zig.llvm.Builder.intConst	usage	std.zig.llvm.Builder.Constant	16024
std.zig.llvm.Builder.intValue	usage	std.zig.llvm.Builder	15589
std.zig.llvm.Builder.intValue	usage	std.zig.llvm.Builder.Type	15606
std.zig.llvm.Builder.intValue	usage	std.mem.Allocator.Error	
std.zig.llvm.Builder.intValue	usage	std.zig.llvm.Builder.Value	16052
std.zig.llvm.Builder.bigIntConst	usage	std.zig.llvm.Builder	15589
std.zig.llvm.Builder.bigIntConst	usage	std.zig.llvm.Builder.Type	15606
std.zig.llvm.Builder.bigIntConst	usage	std.math.big.int.Const	8627
std.zig.llvm.Builder.bigIntConst	usage	std.mem.Allocator.Error	
std.zig.llvm.Builder.bigIntConst	usage	std.zig.llvm.Builder.Constant	16024
std.zig.llvm.Builder.bigIntValue	usage	std.zig.llvm.Builder	15589
std.zig.llvm.Builder.bigIntValue	usage	std.zig.llvm.Builder.Type	15606
std.zig.llvm.Builder.bigIntValue	usage	std.math.big.int.Const	8627
std.zig.llvm.Builder.bigIntValue	usage	std.mem.Allocator.Error	
std.zig.llvm.Builder.bigIntValue	usage	std.zig.llvm.Builder.Value	16052
std.zig.llvm.Builder.fpConst	usage	std.zig.llvm.Builder	15589
std.zig.llvm.Builder.fpConst	usage	std.zig.llvm.Builder.Type	15606
std.zig.llvm.Builder.fpConst	usage	std.mem.Allocator.Error	
std.zig.llvm.Builder.fpConst	usage	std.zig.llvm.Builder.Constant	16024
std.zig.llvm.Builder.fpValue	usage	std.zig.llvm.Builder	15589
std.zig.llvm.Builder.fpValue	usage	std.zig.llvm.Builder.Type	15606
std.zig.llvm.Builder.fpValue	usage	std.mem.Allocator.Error	
std.zig.llvm.Builder.fpValue	usage	std.zig.llvm.Builder.Value	16052
std.zig.llvm.Builder.nanConst	usage	std.zig.llvm.Builder	15589
std.zig.llvm.Builder.nanConst	usage	std.zig.llvm.Builder.Type	15606
std.zig.llvm.Builder.nanConst	usage	std.mem.Allocator.Error	
std.zig.llvm.Builder.nanConst	usage	std.zig.llvm.Builder.Constant	16024
std.zig.llvm.Builder.nanValue	usage	std.zig.llvm.Builder	15589
std.zig.llvm.Builder.nanValue	usage	std.zig.llvm.Builder.Type	15606
std.zig.llvm.Builder.nanValue	usage	std.mem.Allocator.Error	
std.zig.llvm.Builder.nanValue	usage	std.zig.llvm.Builder.Value	16052
std.zig.llvm.Builder.halfConst	usage	std.zig.llvm.Builder	15589
std.zig.llvm.Builder.halfConst	usage	std.mem.Allocator.Error	
std.zig.llvm.Builder.halfConst	usage	std.zig.llvm.Builder.Constant	16024
std.zig.llvm.Builder.halfValue	usage	std.zig.llvm.Builder	15589
std.zig.llvm.Builder.halfValue	usage	std.mem.Allocator.Error	
std.zig.llvm.Builder.halfValue	usage	std.zig.llvm.Builder.Value	16052
std.zig.llvm.Builder.bfloatConst	usage	std.zig.llvm.Builder	15589
std.zig.llvm.Builder.bfloatConst	usage	std.mem.Allocator.Error	
std.zig.llvm.Builder.bfloatConst	usage	std.zig.llvm.Builder.Constant	16024
std.zig.llvm.Builder.bfloatValue	usage	std.zig.llvm.Builder	15589
std.zig.llvm.Builder.bfloatValue	usage	std.mem.Allocator.Error	
std.zig.llvm.Builder.bfloatValue	usage	std.zig.llvm.Builder.Value	16052
std.zig.llvm.Builder.floatConst	usage	std.zig.llvm.Builder	15589
std.zig.llvm.Builder.floatConst	usage	std.mem.Allocator.Error	
std.zig.llvm.Builder.floatConst	usage	std.zig.llvm.Builder.Constant	16024
std.zig.llvm.Builder.floatValue	usage	std.zig.llvm.Builder	15589
std.zig.llvm.Builder.floatValue	usage	std.mem.Allocator.Error	
std.zig.llvm.Builder.floatValue	usage	std.zig.llvm.Builder.Value	16052
std.zig.llvm.Builder.doubleConst	usage	std.zig.llvm.Builder	15589
std.zig.llvm.Builder.doubleConst	usage	std.mem.Allocator.Error	
std.zig.llvm.Builder.doubleConst	usage	std.zig.llvm.Builder.Constant	16024
std.zig.llvm.Builder.doubleValue	usage	std.zig.llvm.Builder	15589
std.zig.llvm.Builder.doubleValue	usage	std.mem.Allocator.Error	
std.zig.llvm.Builder.doubleValue	usage	std.zig.llvm.Builder.Value	16052
std.zig.llvm.Builder.fp128Const	usage	std.zig.llvm.Builder	15589
std.zig.llvm.Builder.fp128Const	usage	std.mem.Allocator.Error	
std.zig.llvm.Builder.fp128Const	usage	std.zig.llvm.Builder.Constant	16024
std.zig.llvm.Builder.fp128Value	usage	std.zig.llvm.Builder	15589
std.zig.llvm.Builder.fp128Value	usage	std.mem.Allocator.Error	
std.zig.llvm.Builder.fp128Value	usage	std.zig.llvm.Builder.Value	16052
std.zig.llvm.Builder.x86_fp80Const	usage	std.zig.llvm.Builder	15589
std.zig.llvm.Builder.x86_fp80Const	usage	std.mem.Allocator.Error	
std.zig.llvm.Builder.x86_fp80Const	usage	std.zig.llvm.Builder.Constant	16024
std.zig.llvm.Builder.x86_fp80Value	usage	std.zig.llvm.Builder	15589
std.zig.llvm.Builder.x86_fp80Value	usage	std.mem.Allocator.Error	
std.zig.llvm.Builder.x86_fp80Value	usage	std.zig.llvm.Builder.Value	16052
std.zig.llvm.Builder.ppc_fp128Const	usage	std.zig.llvm.Builder	15589
std.zig.llvm.Builder.ppc_fp128Const	usage	std.mem.Allocator.Error	
std.zig.llvm.Builder.ppc_fp128Const	usage	std.zig.llvm.Builder.Constant	16024
std.zig.llvm.Builder.ppc_fp128Value	usage	std.zig.llvm.Builder	15589
std.zig.llvm.Builder.ppc_fp128Value	usage	std.mem.Allocator.Error	
std.zig.llvm.Builder.ppc_fp128Value	usage	std.zig.llvm.Builder.Value	16052
std.zig.llvm.Builder.nullConst	usage	std.zig.llvm.Builder	15589
std.zig.llvm.Builder.nullConst	usage	std.zig.llvm.Builder.Type	15606
std.zig.llvm.Builder.nullConst	usage	std.mem.Allocator.Error	
std.zig.llvm.Builder.nullConst	usage	std.zig.llvm.Builder.Constant	16024
std.zig.llvm.Builder.nullValue	usage	std.zig.llvm.Builder	15589
std.zig.llvm.Builder.nullValue	usage	std.zig.llvm.Builder.Type	15606
std.zig.llvm.Builder.nullValue	usage	std.mem.Allocator.Error	
std.zig.llvm.Builder.nullValue	usage	std.zig.llvm.Builder.Value	16052
std.zig.llvm.Builder.noneConst	usage	std.zig.llvm.Builder	15589
std.zig.llvm.Builder.noneConst	usage	std.zig.llvm.Builder.Type	15606
std.zig.llvm.Builder.noneConst	usage	std.mem.Allocator.Error	
std.zig.llvm.Builder.noneConst	usage	std.zig.llvm.Builder.Constant	16024
std.zig.llvm.Builder.noneValue	usage	std.zig.llvm.Builder	15589
std.zig.llvm.Builder.noneValue	usage	std.zig.llvm.Builder.Type	15606
std.zig.llvm.Builder.noneValue	usage	std.mem.Allocator.Error	
std.zig.llvm.Builder.noneValue	usage	std.zig.llvm.Builder.Value	16052
std.zig.llvm.Builder.structConst	usage	std.zig.llvm.Builder	15589
std.zig.llvm.Builder.structConst	usage	std.zig.llvm.Builder.Type	15606
std.zig.llvm.Builder.structConst	usage	std.zig.llvm.Builder.Constant	16024
std.zig.llvm.Builder.structConst	usage	std.mem.Allocator.Error	
std.zig.llvm.Builder.structValue	usage	std.zig.llvm.Builder	15589
std.zig.llvm.Builder.structValue	usage	std.zig.llvm.Builder.Type	15606
std.zig.llvm.Builder.structValue	usage	std.zig.llvm.Builder.Constant	16024
std.zig.llvm.Builder.structValue	usage	std.mem.Allocator.Error	
std.zig.llvm.Builder.structValue	usage	std.zig.llvm.Builder.Value	16052
std.zig.llvm.Builder.arrayConst	usage	std.zig.llvm.Builder	15589
std.zig.llvm.Builder.arrayConst	usage	std.zig.llvm.Builder.Type	15606
std.zig.llvm.Builder.arrayConst	usage	std.zig.llvm.Builder.Constant	16024
std.zig.llvm.Builder.arrayConst	usage	std.mem.Allocator.Error	
std.zig.llvm.Builder.arrayValue	usage	std.zig.llvm.Builder	15589
std.zig.llvm.Builder.arrayValue	usage	std.zig.llvm.Builder.Type	15606
std.zig.llvm.Builder.arrayValue	usage	std.zig.llvm.Builder.Constant	16024
std.zig.llvm.Builder.arrayValue	usage	std.mem.Allocator.Error	
std.zig.llvm.Builder.arrayValue	usage	std.zig.llvm.Builder.Value	16052
std.zig.llvm.Builder.stringConst	usage	std.zig.llvm.Builder	15589
std.zig.llvm.Builder.stringConst	usage	std.zig.llvm.Builder.String	15597
std.zig.llvm.Builder.stringConst	usage	std.mem.Allocator.Error	
std.zig.llvm.Builder.stringConst	usage	std.zig.llvm.Builder.Constant	16024
std.zig.llvm.Builder.stringValue	usage	std.zig.llvm.Builder	15589
std.zig.llvm.Builder.stringValue	usage	std.zig.llvm.Builder.String	15597
std.zig.llvm.Builder.stringValue	usage	std.mem.Allocator.Error	
std.zig.llvm.Builder.stringValue	usage	std.zig.llvm.Builder.Value	16052
std.zig.llvm.Builder.vectorConst	usage	std.zig.llvm.Builder	15589
std.zig.llvm.Builder.vectorConst	usage	std.zig.llvm.Builder.Type	15606
std.zig.llvm.Builder.vectorConst	usage	std.zig.llvm.Builder.Constant	16024
std.zig.llvm.Builder.vectorConst	usage	std.mem.Allocator.Error	
std.zig.llvm.Builder.vectorValue	usage	std.zig.llvm.Builder	15589
std.zig.llvm.Builder.vectorValue	usage	std.zig.llvm.Builder.Type	15606
std.zig.llvm.Builder.vectorValue	usage	std.zig.llvm.Builder.Constant	16024
std.zig.llvm.Builder.vectorValue	usage	std.mem.Allocator.Error	
std.zig.llvm.Builder.vectorValue	usage	std.zig.llvm.Builder.Value	16052
std.zig.llvm.Builder.splatConst	usage	std.zig.llvm.Builder	15589
std.zig.llvm.Builder.splatConst	usage	std.zig.llvm.Builder.Type	15606
std.zig.llvm.Builder.splatConst	usage	std.zig.llvm.Builder.Constant	16024
std.zig.llvm.Builder.splatConst	usage	std.mem.Allocator.Error	
std.zig.llvm.Builder.splatValue	usage	std.zig.llvm.Builder	15589
std.zig.llvm.Builder.splatValue	usage	std.zig.llvm.Builder.Type	15606
std.zig.llvm.Builder.splatValue	usage	std.zig.llvm.Builder.Constant	16024
std.zig.llvm.Builder.splatValue	usage	std.mem.Allocator.Error	
std.zig.llvm.Builder.splatValue	usage	std.zig.llvm.Builder.Value	16052
std.zig.llvm.Builder.zeroInitConst	usage	std.zig.llvm.Builder	15589
std.zig.llvm.Builder.zeroInitConst	usage	std.zig.llvm.Builder.Type	15606
std.zig.llvm.Builder.zeroInitConst	usage	std.mem.Allocator.Error	
std.zig.llvm.Builder.zeroInitConst	usage	std.zig.llvm.Builder.Constant	16024
std.zig.llvm.Builder.zeroInitValue	usage	std.zig.llvm.Builder	15589
std.zig.llvm.Builder.zeroInitValue	usage	std.zig.llvm.Builder.Type	15606
std.zig.llvm.Builder.zeroInitValue	usage	std.mem.Allocator.Error	
std.zig.llvm.Builder.zeroInitValue	usage	std.zig.llvm.Builder.Value	16052
std.zig.llvm.Builder.undefConst	usage	std.zig.llvm.Builder	15589
std.zig.llvm.Builder.undefConst	usage	std.zig.llvm.Builder.Type	15606
std.zig.llvm.Builder.undefConst	usage	std.mem.Allocator.Error	
std.zig.llvm.Builder.undefConst	usage	std.zig.llvm.Builder.Constant	16024
std.zig.llvm.Builder.undefValue	usage	std.zig.llvm.Builder	15589
std.zig.llvm.Builder.undefValue	usage	std.zig.llvm.Builder.Type	15606
std.zig.llvm.Builder.undefValue	usage	std.mem.Allocator.Error	
std.zig.llvm.Builder.undefValue	usage	std.zig.llvm.Builder.Value	16052
std.zig.llvm.Builder.poisonConst	usage	std.zig.llvm.Builder	15589
std.zig.llvm.Builder.poisonConst	usage	std.zig.llvm.Builder.Type	15606
std.zig.llvm.Builder.poisonConst	usage	std.mem.Allocator.Error	
std.zig.llvm.Builder.poisonConst	usage	std.zig.llvm.Builder.Constant	16024
std.zig.llvm.Builder.poisonValue	usage	std.zig.llvm.Builder	15589
std.zig.llvm.Builder.poisonValue	usage	std.zig.llvm.Builder.Type	15606
std.zig.llvm.Builder.poisonValue	usage	std.mem.Allocator.Error	
std.zig.llvm.Builder.poisonValue	usage	std.zig.llvm.Builder.Value	16052
std.zig.llvm.Builder.blockAddrConst	usage	std.zig.llvm.Builder	15589
std.zig.llvm.Builder.blockAddrConst	usage	std.zig.llvm.Builder.Function.Index	15875
std.zig.llvm.Builder.blockAddrConst	usage	std.zig.llvm.Builder.Function.Block.Index	
std.zig.llvm.Builder.blockAddrConst	usage	std.mem.Allocator.Error	
std.zig.llvm.Builder.blockAddrConst	usage	std.zig.llvm.Builder.Constant	16024
std.zig.llvm.Builder.blockAddrValue	usage	std.zig.llvm.Builder	15589
std.zig.llvm.Builder.blockAddrValue	usage	std.zig.llvm.Builder.Function.Index	15875
std.zig.llvm.Builder.blockAddrValue	usage	std.zig.llvm.Builder.Function.Block.Index	
std.zig.llvm.Builder.blockAddrValue	usage	std.mem.Allocator.Error	
std.zig.llvm.Builder.blockAddrValue	usage	std.zig.llvm.Builder.Value	16052
std.zig.llvm.Builder.dsoLocalEquivalentConst	usage	std.zig.llvm.Builder	15589
std.zig.llvm.Builder.dsoLocalEquivalentConst	usage	std.zig.llvm.Builder.Function.Index	15875
std.zig.llvm.Builder.dsoLocalEquivalentConst	usage	std.mem.Allocator.Error	
std.zig.llvm.Builder.dsoLocalEquivalentConst	usage	std.zig.llvm.Builder.Constant	16024
std.zig.llvm.Builder.dsoLocalEquivalentValue	usage	std.zig.llvm.Builder	15589
std.zig.llvm.Builder.dsoLocalEquivalentValue	usage	std.zig.llvm.Builder.Function.Index	15875
std.zig.llvm.Builder.dsoLocalEquivalentValue	usage	std.mem.Allocator.Error	
std.zig.llvm.Builder.dsoLocalEquivalentValue	usage	std.zig.llvm.Builder.Value	16052
std.zig.llvm.Builder.noCfiConst	usage	std.zig.llvm.Builder	15589
std.zig.llvm.Builder.noCfiConst	usage	std.zig.llvm.Builder.Function.Index	15875
std.zig.llvm.Builder.noCfiConst	usage	std.mem.Allocator.Error	
std.zig.llvm.Builder.noCfiConst	usage	std.zig.llvm.Builder.Constant	16024
std.zig.llvm.Builder.noCfiValue	usage	std.zig.llvm.Builder	15589
std.zig.llvm.Builder.noCfiValue	usage	std.zig.llvm.Builder.Function.Index	15875
std.zig.llvm.Builder.noCfiValue	usage	std.mem.Allocator.Error	
std.zig.llvm.Builder.noCfiValue	usage	std.zig.llvm.Builder.Value	16052
std.zig.llvm.Builder.convConst	usage	std.zig.llvm.Builder	15589
std.zig.llvm.Builder.convConst	usage	std.zig.llvm.Builder.Constant	16024
std.zig.llvm.Builder.convConst	usage	std.zig.llvm.Builder.Type	15606
std.zig.llvm.Builder.convConst	usage	std.mem.Allocator.Error	
std.zig.llvm.Builder.convValue	usage	std.zig.llvm.Builder	15589
std.zig.llvm.Builder.convValue	usage	std.zig.llvm.Builder.Constant	16024
std.zig.llvm.Builder.convValue	usage	std.zig.llvm.Builder.Type	15606
std.zig.llvm.Builder.convValue	usage	std.mem.Allocator.Error	
std.zig.llvm.Builder.convValue	usage	std.zig.llvm.Builder.Value	16052
std.zig.llvm.Builder.castConst	usage	std.zig.llvm.Builder	15589
std.zig.llvm.Builder.castConst	usage	std.zig.llvm.Builder.Constant.Tag	16025
std.zig.llvm.Builder.castConst	usage	std.zig.llvm.Builder.Constant	16024
std.zig.llvm.Builder.castConst	usage	std.zig.llvm.Builder.Type	15606
std.zig.llvm.Builder.castConst	usage	std.mem.Allocator.Error	
std.zig.llvm.Builder.castValue	usage	std.zig.llvm.Builder	15589
std.zig.llvm.Builder.castValue	usage	std.zig.llvm.Builder.Constant.Tag	16025
std.zig.llvm.Builder.castValue	usage	std.zig.llvm.Builder.Constant	16024
std.zig.llvm.Builder.castValue	usage	std.zig.llvm.Builder.Type	15606
std.zig.llvm.Builder.castValue	usage	std.mem.Allocator.Error	
std.zig.llvm.Builder.castValue	usage	std.zig.llvm.Builder.Value	16052
std.zig.llvm.Builder.gepConst	usage	std.zig.llvm.Builder	15589
std.zig.llvm.Builder.gepConst	usage	std.zig.llvm.Builder.Constant.GetElementPtr.Kind	
std.zig.llvm.Builder.gepConst	usage	std.zig.llvm.Builder.Type	15606
std.zig.llvm.Builder.gepConst	usage	std.zig.llvm.Builder.Constant	16024
std.zig.llvm.Builder.gepConst	usage	std.mem.Allocator.Error	
std.zig.llvm.Builder.gepValue	usage	std.zig.llvm.Builder	15589
std.zig.llvm.Builder.gepValue	usage	std.zig.llvm.Builder.Constant.GetElementPtr.Kind	
std.zig.llvm.Builder.gepValue	usage	std.zig.llvm.Builder.Type	15606
std.zig.llvm.Builder.gepValue	usage	std.zig.llvm.Builder.Constant	16024
std.zig.llvm.Builder.gepValue	usage	std.mem.Allocator.Error	
std.zig.llvm.Builder.gepValue	usage	std.zig.llvm.Builder.Value	16052
std.zig.llvm.Builder.binConst	usage	std.zig.llvm.Builder	15589
std.zig.llvm.Builder.binConst	usage	std.zig.llvm.Builder.Constant.Tag	16025
std.zig.llvm.Builder.binConst	usage	std.zig.llvm.Builder.Constant	16024
std.zig.llvm.Builder.binConst	usage	std.mem.Allocator.Error	
std.zig.llvm.Builder.binValue	usage	std.zig.llvm.Builder	15589
std.zig.llvm.Builder.binValue	usage	std.zig.llvm.Builder.Constant.Tag	16025
std.zig.llvm.Builder.binValue	usage	std.zig.llvm.Builder.Constant	16024
std.zig.llvm.Builder.binValue	usage	std.mem.Allocator.Error	
std.zig.llvm.Builder.binValue	usage	std.zig.llvm.Builder.Value	16052
std.zig.llvm.Builder.asmConst	usage	std.zig.llvm.Builder	15589
std.zig.llvm.Builder.asmConst	usage	std.zig.llvm.Builder.Type	15606
std.zig.llvm.Builder.asmConst	usage	std.zig.llvm.Builder.Constant.Assembly.Info	
std.zig.llvm.Builder.asmConst	usage	std.zig.llvm.Builder.String	15597
std.zig.llvm.Builder.asmConst	usage	std.mem.Allocator.Error	
std.zig.llvm.Builder.asmConst	usage	std.zig.llvm.Builder.Constant	16024
std.zig.llvm.Builder.asmValue	usage	std.zig.llvm.Builder	15589
std.zig.llvm.Builder.asmValue	usage	std.zig.llvm.Builder.Type	15606
std.zig.llvm.Builder.asmValue	usage	std.zig.llvm.Builder.Constant.Assembly.Info	
std.zig.llvm.Builder.asmValue	usage	std.zig.llvm.Builder.String	15597
std.zig.llvm.Builder.asmValue	usage	std.mem.Allocator.Error	
std.zig.llvm.Builder.asmValue	usage	std.zig.llvm.Builder.Value	16052
std.zig.llvm.Builder.alignmentForwardReference	usage	std.zig.llvm.Builder	15589
std.zig.llvm.Builder.alignmentForwardReference	usage	std.mem.Allocator.Error	
std.zig.llvm.Builder.alignmentForwardReference	usage	std.zig.llvm.Builder.Alignment.Lazy	15798
std.zig.llvm.Builder.resolveAlignmentForwardReference	usage	std.zig.llvm.Builder	15589
std.zig.llvm.Builder.resolveAlignmentForwardReference	usage	std.zig.llvm.Builder.Alignment.Lazy	15798
std.zig.llvm.Builder.resolveAlignmentForwardReference	usage	std.zig.llvm.Builder.Alignment	15797
std.zig.llvm.Builder.dump	usage	std.zig.llvm.Builder	15589
std.zig.llvm.Builder.dump	usage	std.Io	696
std.zig.llvm.Builder.printToFilePath	usage	std.zig.llvm.Builder	15589
std.zig.llvm.Builder.printToFilePath	usage	std.Io	696
std.zig.llvm.Builder.printToFilePath	usage	std.Io.Dir	1165
std.zig.llvm.Builder.printToFile	usage	std.zig.llvm.Builder	15589
std.zig.llvm.Builder.printToFile	usage	std.Io	696
std.zig.llvm.Builder.printToFile	usage	std.Io.File	1304
std.zig.llvm.Builder.print	usage	std.zig.llvm.Builder	15589
std.zig.llvm.Builder.print	usage	std.Io.Writer	903
std.zig.llvm.Builder.print	usage	std.Io.Writer.Error	
std.zig.llvm.Builder.print	usage	std.mem.Allocator.Error	
std.zig.llvm.Builder.metadataString	usage	std.zig.llvm.Builder	15589
std.zig.llvm.Builder.metadataString	usage	std.mem.Allocator.Error	
std.zig.llvm.Builder.metadataString	usage	std.zig.llvm.Builder.Metadata.String	16070
std.zig.llvm.Builder.metadataStringFromStrtabString	usage	std.zig.llvm.Builder	15589
std.zig.llvm.Builder.metadataStringFromStrtabString	usage	std.zig.llvm.Builder.StrtabString	15810
std.zig.llvm.Builder.metadataStringFromStrtabString	usage	std.mem.Allocator.Error	
std.zig.llvm.Builder.metadataStringFromStrtabString	usage	std.zig.llvm.Builder.Metadata.String	16070
std.zig.llvm.Builder.metadataStringFmt	usage	std.zig.llvm.Builder	15589
std.zig.llvm.Builder.metadataStringFmt	usage	std.mem.Allocator.Error	
std.zig.llvm.Builder.metadataStringFmt	usage	std.zig.llvm.Builder.Metadata.String	16070
std.zig.llvm.Builder.metadataStringFmtAssumeCapacity	usage	std.zig.llvm.Builder	15589
std.zig.llvm.Builder.metadataStringFmtAssumeCapacity	usage	std.zig.llvm.Builder.Metadata.String	16070
std.zig.llvm.Builder.trailingMetadataString	usage	std.zig.llvm.Builder	15589
std.zig.llvm.Builder.trailingMetadataString	usage	std.mem.Allocator.Error	
std.zig.llvm.Builder.trailingMetadataString	usage	std.zig.llvm.Builder.Metadata.String	16070
std.zig.llvm.Builder.trailingMetadataStringAssumeCapacity	usage	std.zig.llvm.Builder	15589
std.zig.llvm.Builder.trailingMetadataStringAssumeCapacity	usage	std.zig.llvm.Builder.Metadata.String	16070
std.zig.llvm.Builder.addNamedMetadata	usage	std.zig.llvm.Builder	15589
std.zig.llvm.Builder.addNamedMetadata	usage	std.zig.llvm.Builder.String	15597
std.zig.llvm.Builder.addNamedMetadata	usage	std.zig.llvm.Builder.Metadata	16058
std.zig.llvm.Builder.addNamedMetadata	usage	std.mem.Allocator.Error	
std.zig.llvm.Builder.debugFile	usage	std.zig.llvm.Builder	15589
std.zig.llvm.Builder.debugFile	usage	std.zig.llvm.Builder.Metadata.String	16070
std.zig.llvm.Builder.debugFile	usage	std.mem.Allocator.Error	
std.zig.llvm.Builder.debugFile	usage	std.zig.llvm.Builder.Metadata	16058
std.zig.llvm.Builder.debugCompileUnit	usage	std.zig.llvm.Builder	15589
std.zig.llvm.Builder.debugCompileUnit	usage	std.zig.llvm.Builder.Metadata	16058
std.zig.llvm.Builder.debugCompileUnit	usage	std.zig.llvm.Builder.Metadata.String	16070
std.zig.llvm.Builder.debugCompileUnit	usage	std.zig.llvm.Builder.Metadata.CompileUnit.Options	
std.zig.llvm.Builder.debugCompileUnit	usage	std.mem.Allocator.Error	
std.zig.llvm.Builder.debugSubprogram	usage	std.zig.llvm.Builder	15589
std.zig.llvm.Builder.debugSubprogram	usage	std.zig.llvm.Builder.Metadata	16058
std.zig.llvm.Builder.debugSubprogram	usage	std.zig.llvm.Builder.Metadata.String	16070
std.zig.llvm.Builder.debugSubprogram	usage	std.zig.llvm.Builder.Metadata.Subprogram.Options	
std.zig.llvm.Builder.debugSubprogram	usage	std.mem.Allocator.Error	
std.zig.llvm.Builder.debugLexicalBlock	usage	std.zig.llvm.Builder	15589
std.zig.llvm.Builder.debugLexicalBlock	usage	std.zig.llvm.Builder.Metadata	16058
std.zig.llvm.Builder.debugLexicalBlock	usage	std.mem.Allocator.Error	
std.zig.llvm.Builder.debugLocation	usage	std.zig.llvm.Builder	15589
std.zig.llvm.Builder.debugLocation	usage	std.zig.llvm.Builder.Metadata	16058
std.zig.llvm.Builder.debugLocation	usage	std.mem.Allocator.Error	
std.zig.llvm.Builder.debugBoolType	usage	std.zig.llvm.Builder	15589
std.zig.llvm.Builder.debugBoolType	usage	std.zig.llvm.Builder.Metadata.String	16070
std.zig.llvm.Builder.debugBoolType	usage	std.mem.Allocator.Error	
std.zig.llvm.Builder.debugBoolType	usage	std.zig.llvm.Builder.Metadata	16058
std.zig.llvm.Builder.debugUnsignedType	usage	std.zig.llvm.Builder	15589
std.zig.llvm.Builder.debugUnsignedType	usage	std.zig.llvm.Builder.Metadata.String	16070
std.zig.llvm.Builder.debugUnsignedType	usage	std.mem.Allocator.Error	
std.zig.llvm.Builder.debugUnsignedType	usage	std.zig.llvm.Builder.Metadata	16058
std.zig.llvm.Builder.debugSignedType	usage	std.zig.llvm.Builder	15589
std.zig.llvm.Builder.debugSignedType	usage	std.zig.llvm.Builder.Metadata.String	16070
std.zig.llvm.Builder.debugSignedType	usage	std.mem.Allocator.Error	
std.zig.llvm.Builder.debugSignedType	usage	std.zig.llvm.Builder.Metadata	16058
std.zig.llvm.Builder.debugFloatType	usage	std.zig.llvm.Builder	15589
std.zig.llvm.Builder.debugFloatType	usage	std.zig.llvm.Builder.Metadata.String	16070
std.zig.llvm.Builder.debugFloatType	usage	std.mem.Allocator.Error	
std.zig.llvm.Builder.debugFloatType	usage	std.zig.llvm.Builder.Metadata	16058
std.zig.llvm.Builder.debugForwardReference	usage	std.zig.llvm.Builder	15589
std.zig.llvm.Builder.debugForwardReference	usage	std.mem.Allocator.Error	
std.zig.llvm.Builder.debugForwardReference	usage	std.zig.llvm.Builder.Metadata	16058
std.zig.llvm.Builder.debugStructType	usage	std.zig.llvm.Builder	15589
std.zig.llvm.Builder.debugStructType	usage	std.zig.llvm.Builder.Metadata.String	16070
std.zig.llvm.Builder.debugStructType	usage	std.zig.llvm.Builder.Metadata	16058
std.zig.llvm.Builder.debugStructType	usage	std.mem.Allocator.Error	
std.zig.llvm.Builder.debugUnionType	usage	std.zig.llvm.Builder	15589
std.zig.llvm.Builder.debugUnionType	usage	std.zig.llvm.Builder.Metadata.String	16070
std.zig.llvm.Builder.debugUnionType	usage	std.zig.llvm.Builder.Metadata	16058
std.zig.llvm.Builder.debugUnionType	usage	std.mem.Allocator.Error	
std.zig.llvm.Builder.debugEnumerationType	usage	std.zig.llvm.Builder	15589
std.zig.llvm.Builder.debugEnumerationType	usage	std.zig.llvm.Builder.Metadata.String	16070
std.zig.llvm.Builder.debugEnumerationType	usage	std.zig.llvm.Builder.Metadata	16058
std.zig.llvm.Builder.debugEnumerationType	usage	std.mem.Allocator.Error	
std.zig.llvm.Builder.debugArrayType	usage	std.zig.llvm.Builder	15589
std.zig.llvm.Builder.debugArrayType	usage	std.zig.llvm.Builder.Metadata.String	16070
std.zig.llvm.Builder.debugArrayType	usage	std.zig.llvm.Builder.Metadata	16058
std.zig.llvm.Builder.debugArrayType	usage	std.mem.Allocator.Error	
std.zig.llvm.Builder.debugVectorType	usage	std.zig.llvm.Builder	15589
std.zig.llvm.Builder.debugVectorType	usage	std.zig.llvm.Builder.Metadata.String	16070
std.zig.llvm.Builder.debugVectorType	usage	std.zig.llvm.Builder.Metadata	16058
std.zig.llvm.Builder.debugVectorType	usage	std.mem.Allocator.Error	
std.zig.llvm.Builder.debugPointerType	usage	std.zig.llvm.Builder	15589
std.zig.llvm.Builder.debugPointerType	usage	std.zig.llvm.Builder.Metadata.String	16070
std.zig.llvm.Builder.debugPointerType	usage	std.zig.llvm.Builder.Metadata	16058
std.zig.llvm.Builder.debugPointerType	usage	std.mem.Allocator.Error	
std.zig.llvm.Builder.debugMemberType	usage	std.zig.llvm.Builder	15589
std.zig.llvm.Builder.debugMemberType	usage	std.zig.llvm.Builder.Metadata.String	16070
std.zig.llvm.Builder.debugMemberType	usage	std.zig.llvm.Builder.Metadata	16058
std.zig.llvm.Builder.debugMemberType	usage	std.mem.Allocator.Error	
std.zig.llvm.Builder.debugTypedefType	usage	std.zig.llvm.Builder	15589
std.zig.llvm.Builder.debugTypedefType	usage	std.zig.llvm.Builder.Metadata.String	16070
std.zig.llvm.Builder.debugTypedefType	usage	std.zig.llvm.Builder.Metadata	16058
std.zig.llvm.Builder.debugTypedefType	usage	std.mem.Allocator.Error	
std.zig.llvm.Builder.debugSubroutineType	usage	std.zig.llvm.Builder	15589
std.zig.llvm.Builder.debugSubroutineType	usage	std.zig.llvm.Builder.Metadata	16058
std.zig.llvm.Builder.debugSubroutineType	usage	std.mem.Allocator.Error	
std.zig.llvm.Builder.debugEnumerator	usage	std.zig.llvm.Builder	15589
std.zig.llvm.Builder.debugEnumerator	usage	std.zig.llvm.Builder.Metadata.String	16070
std.zig.llvm.Builder.debugEnumerator	usage	std.math.big.int.Const	8627
std.zig.llvm.Builder.debugEnumerator	usage	std.mem.Allocator.Error	
std.zig.llvm.Builder.debugEnumerator	usage	std.zig.llvm.Builder.Metadata	16058
std.zig.llvm.Builder.debugSubrange	usage	std.zig.llvm.Builder	15589
std.zig.llvm.Builder.debugSubrange	usage	std.zig.llvm.Builder.Metadata	16058
std.zig.llvm.Builder.debugSubrange	usage	std.mem.Allocator.Error	
std.zig.llvm.Builder.debugExpression	usage	std.zig.llvm.Builder	15589
std.zig.llvm.Builder.debugExpression	usage	std.mem.Allocator.Error	
std.zig.llvm.Builder.debugExpression	usage	std.zig.llvm.Builder.Metadata	16058
std.zig.llvm.Builder.metadataTuple	usage	std.zig.llvm.Builder	15589
std.zig.llvm.Builder.metadataTuple	usage	std.zig.llvm.Builder.Metadata	16058
std.zig.llvm.Builder.metadataTuple	usage	std.mem.Allocator.Error	
std.zig.llvm.Builder.metadataTupleOptionals	usage	std.zig.llvm.Builder	15589
std.zig.llvm.Builder.metadataTupleOptionals	usage	std.zig.llvm.Builder.Metadata.Optional	16061
std.zig.llvm.Builder.metadataTupleOptionals	usage	std.mem.Allocator.Error	
std.zig.llvm.Builder.metadataTupleOptionals	usage	std.zig.llvm.Builder.Metadata	16058
std.zig.llvm.Builder.debugLocalVar	usage	std.zig.llvm.Builder	15589
std.zig.llvm.Builder.debugLocalVar	usage	std.zig.llvm.Builder.Metadata.String	16070
std.zig.llvm.Builder.debugLocalVar	usage	std.zig.llvm.Builder.Metadata	16058
std.zig.llvm.Builder.debugLocalVar	usage	std.mem.Allocator.Error	
std.zig.llvm.Builder.debugParameter	usage	std.zig.llvm.Builder	15589
std.zig.llvm.Builder.debugParameter	usage	std.zig.llvm.Builder.Metadata.String	16070
std.zig.llvm.Builder.debugParameter	usage	std.zig.llvm.Builder.Metadata	16058
std.zig.llvm.Builder.debugParameter	usage	std.mem.Allocator.Error	
std.zig.llvm.Builder.debugGlobalVar	usage	std.zig.llvm.Builder	15589
std.zig.llvm.Builder.debugGlobalVar	usage	std.zig.llvm.Builder.Metadata.String	16070
std.zig.llvm.Builder.debugGlobalVar	usage	std.zig.llvm.Builder.Metadata	16058
std.zig.llvm.Builder.debugGlobalVar	usage	std.zig.llvm.Builder.Variable.Index	15857
std.zig.llvm.Builder.debugGlobalVar	usage	std.zig.llvm.Builder.Metadata.GlobalVar.Options	
std.zig.llvm.Builder.debugGlobalVar	usage	std.mem.Allocator.Error	
std.zig.llvm.Builder.debugGlobalVarExpression	usage	std.zig.llvm.Builder	15589
std.zig.llvm.Builder.debugGlobalVarExpression	usage	std.zig.llvm.Builder.Metadata	16058
std.zig.llvm.Builder.debugGlobalVarExpression	usage	std.mem.Allocator.Error	
std.zig.llvm.Builder.metadataConstant	usage	std.zig.llvm.Builder	15589
std.zig.llvm.Builder.metadataConstant	usage	std.zig.llvm.Builder.Constant	16024
std.zig.llvm.Builder.metadataConstant	usage	std.mem.Allocator.Error	
std.zig.llvm.Builder.metadataConstant	usage	std.zig.llvm.Builder.Metadata	16058
std.zig.llvm.Builder.resolveDebugForwardReference	usage	std.zig.llvm.Builder	15589
std.zig.llvm.Builder.resolveDebugForwardReference	usage	std.zig.llvm.Builder.Metadata	16058
std.zig.llvm.Builder.debugCompileUnitAssumeCapacity	usage	std.zig.llvm.Builder	15589
std.zig.llvm.Builder.debugCompileUnitAssumeCapacity	usage	std.zig.llvm.Builder.Metadata	16058
std.zig.llvm.Builder.debugCompileUnitAssumeCapacity	usage	std.zig.llvm.Builder.Metadata.String	16070
std.zig.llvm.Builder.debugCompileUnitAssumeCapacity	usage	std.zig.llvm.Builder.Metadata.CompileUnit.Options	
std.zig.llvm.Builder.toBitcode	usage	std.zig.llvm.Builder	15589
std.zig.llvm.Builder.toBitcode	usage	std.mem.Allocator	8800
std.zig.llvm.Builder.toBitcode	usage	std.zig.llvm.Builder.Producer	
std.zig.llvm.Builder.toBitcode	usage	std.zig.llvm.bitcode_writer.Error	
std.Io.Terminal.setColor	usage	std.Io.Terminal	1444
std.Io.Terminal.setColor	usage	std.Io.Terminal.Color	
std.Io.Terminal.setColor	usage	std.Io.Terminal.SetColorError	
std.crypto.pwhash.argon2.kdf	usage	std.mem.Allocator	8800
std.crypto.pwhash.argon2.kdf	usage	std.crypto.pwhash.argon2.Params	5368
std.crypto.pwhash.argon2.kdf	usage	std.crypto.pwhash.argon2.Mode	
std.crypto.pwhash.argon2.kdf	usage	std.Io	696
std.crypto.pwhash.argon2.kdf	usage	std.crypto.pwhash.KdfError	
std.crypto.pwhash.argon2.strHash	usage	std.crypto.pwhash.argon2.HashOptions	
std.crypto.pwhash.argon2.strHash	usage	std.Io	696
std.crypto.pwhash.argon2.strHash	usage	std.crypto.pwhash.Error	
std.crypto.pwhash.argon2.strVerify	usage	std.crypto.pwhash.argon2.VerifyOptions	
std.crypto.pwhash.argon2.strVerify	usage	std.Io	696
std.crypto.pwhash.argon2.strVerify	usage	std.crypto.pwhash.Error	
std.crypto.pwhash.scrypt.kdf	usage	std.mem.Allocator	8800
std.crypto.pwhash.scrypt.kdf	usage	std.crypto.pwhash.scrypt.Params	5398
std.crypto.pwhash.scrypt.kdf	usage	std.crypto.pwhash.KdfError	
std.crypto.pwhash.scrypt.strHash	usage	std.crypto.pwhash.scrypt.HashOptions	
std.crypto.pwhash.scrypt.strHash	usage	std.Io	696
std.crypto.pwhash.scrypt.strHash	usage	std.crypto.pwhash.Error	
std.crypto.pwhash.scrypt.strHashWithSalt	usage	std.crypto.pwhash.scrypt.HashOptions	
std.crypto.pwhash.scrypt.strHashWithSalt	usage	std.crypto.pwhash.scrypt.default_salt_len	
std.crypto.pwhash.scrypt.strHashWithSalt	usage	std.crypto.pwhash.Error	
std.crypto.pwhash.scrypt.strVerify	usage	std.crypto.pwhash.scrypt.VerifyOptions	
std.crypto.pwhash.scrypt.strVerify	usage	std.crypto.pwhash.Error	
std.http.Server.init	usage	std.Io.Reader	811
std.http.Server.init	usage	std.Io.Writer	903
std.http.Server.init	usage	std.http.Server	7887
std.http.Server.receiveHead	usage	std.http.Server	7887
std.http.Server.receiveHead	usage	std.http.Server.ReceiveHeadError	
std.http.Server.receiveHead	usage	std.http.Server.Request	7891
std.zon.Serializer.value	usage	std.zon.Serializer	16459
std.zon.Serializer.value	usage	std.zon.Serializer.ValueOptions	
std.zon.Serializer.value	usage	std.Io.Writer.Error	
std.zon.Serializer.valueMaxDepth	usage	std.zon.Serializer	16459
std.zon.Serializer.valueMaxDepth	usage	std.zon.Serializer.ValueOptions	
std.zon.Serializer.valueMaxDepth	usage	std.zon.Serializer.DepthError	
std.zon.Serializer.valueArbitraryDepth	usage	std.zon.Serializer	16459
std.zon.Serializer.valueArbitraryDepth	usage	std.zon.Serializer.ValueOptions	
std.zon.Serializer.valueArbitraryDepth	usage	std.Io.Writer.Error	
std.zon.Serializer.int	usage	std.zon.Serializer	16459
std.zon.Serializer.int	usage	std.Io.Writer.Error	
std.zon.Serializer.float	usage	std.zon.Serializer	16459
std.zon.Serializer.float	usage	std.Io.Writer.Error	
std.zon.Serializer.ident	usage	std.zon.Serializer	16459
std.zon.Serializer.ident	usage	std.Io.Writer.Error	
std.zon.Serializer.codePoint	usage	std.zon.Serializer	16459
std.zon.Serializer.codePoint	usage	std.zon.Serializer.CodePointError	
std.zon.Serializer.tuple	usage	std.zon.Serializer	16459
std.zon.Serializer.tuple	usage	std.zon.Serializer.ValueOptions	
std.zon.Serializer.tuple	usage	std.Io.Writer.Error	
std.zon.Serializer.tupleMaxDepth	usage	std.zon.Serializer	16459
std.zon.Serializer.tupleMaxDepth	usage	std.zon.Serializer.ValueOptions	
std.zon.Serializer.tupleMaxDepth	usage	std.zon.Serializer.DepthError	
std.zon.Serializer.tupleArbitraryDepth	usage	std.zon.Serializer	16459
std.zon.Serializer.tupleArbitraryDepth	usage	std.zon.Serializer.ValueOptions	
std.zon.Serializer.tupleArbitraryDepth	usage	std.Io.Writer.Error	
std.zon.Serializer.string	usage	std.zon.Serializer	16459
std.zon.Serializer.string	usage	std.Io.Writer.Error	
std.zon.Serializer.multilineString	usage	std.zon.Serializer	16459
std.zon.Serializer.multilineString	usage	std.zon.Serializer.MultilineStringOptions	
std.zon.Serializer.multilineString	usage	std.zon.Serializer.MultilineStringError	
std.zon.Serializer.beginStruct	usage	std.zon.Serializer	16459
std.zon.Serializer.beginStruct	usage	std.zon.Serializer.ContainerOptions	
std.zon.Serializer.beginStruct	usage	std.Io.Writer.Error	
std.zon.Serializer.beginStruct	usage	std.zon.Serializer.Struct	16491
std.zon.Serializer.beginTuple	usage	std.zon.Serializer	16459
std.zon.Serializer.beginTuple	usage	std.zon.Serializer.ContainerOptions	
std.zon.Serializer.beginTuple	usage	std.Io.Writer.Error	
std.zon.Serializer.beginTuple	usage	std.zon.Serializer.Tuple	16483
std.heap.stackFallback	usage	std.mem.Allocator	8800
std.heap.stackFallback	usage	std.heap.StackFallbackAllocator	
std.heap.testAllocator	usage	std.mem.Allocator	8800
std.heap.testAllocatorAligned	usage	std.mem.Allocator	8800
std.heap.testAllocatorLargeAlignment	usage	std.mem.Allocator	8800
std.heap.testAllocatorAlignedShrink	usage	std.mem.Allocator	8800
std.debug.Dwarf.expression.StackMachine	usage	std.debug.Dwarf.expression.Options	
std.debug.Dwarf.expression.Builder	usage	std.debug.Dwarf.expression.Options	
std.process.Preopens.get	usage	std.process.Preopens	14400
std.process.Preopens.get	usage	std.process.Preopens.Resource	
std.process.Preopens.init	usage	std.mem.Allocator	8800
std.process.Preopens.init	usage	std.process.Preopens.InitError	
std.process.Preopens.init	usage	std.process.Preopens	14400
std.os.linux.IoUring.init	usage	std.os.linux.IoUring	10624
std.os.linux.IoUring.init_params	usage	std.os.linux.io_uring_params	
std.os.linux.IoUring.init_params	usage	std.os.linux.IoUring	10624
std.os.linux.IoUring.deinit	usage	std.os.linux.IoUring	10624
std.os.linux.IoUring.get_sqe	usage	std.os.linux.IoUring	10624
std.os.linux.IoUring.get_sqe	usage	std.os.linux.io_uring_sqe	10565
std.os.linux.IoUring.submit	usage	std.os.linux.IoUring	10624
std.os.linux.IoUring.submit_and_wait	usage	std.os.linux.IoUring	10624
std.os.linux.IoUring.enter	usage	std.os.linux.IoUring	10624
std.os.linux.IoUring.flush_sq	usage	std.os.linux.IoUring	10624
std.os.linux.IoUring.sq_ring_needs_enter	usage	std.os.linux.IoUring	10624
std.os.linux.IoUring.sq_ready	usage	std.os.linux.IoUring	10624
std.os.linux.IoUring.cq_ready	usage	std.os.linux.IoUring	10624
std.os.linux.IoUring.copy_cqes	usage	std.os.linux.IoUring	10624
std.os.linux.IoUring.copy_cqes	usage	std.os.linux.io_uring_cqe	10766
std.os.linux.IoUring.copy_cqe	usage	std.os.linux.IoUring	10624
std.os.linux.IoUring.copy_cqe	usage	std.os.linux.io_uring_cqe	10766
std.os.linux.IoUring.cq_ring_needs_flush	usage	std.os.linux.IoUring	10624
std.os.linux.IoUring.cqe_seen	usage	std.os.linux.IoUring	10624
std.os.linux.IoUring.cqe_seen	usage	std.os.linux.io_uring_cqe	10766
std.os.linux.IoUring.cq_advance	usage	std.os.linux.IoUring	10624
std.os.linux.IoUring.fsync	usage	std.os.linux.IoUring	10624
std.os.linux.IoUring.fsync	usage	std.os.linux.fd_t	
std.os.linux.IoUring.fsync	usage	std.os.linux.io_uring_sqe	10565
std.os.linux.IoUring.nop	usage	std.os.linux.IoUring	10624
std.os.linux.IoUring.nop	usage	std.os.linux.io_uring_sqe	10565
std.os.linux.IoUring.read	usage	std.os.linux.IoUring	10624
std.os.linux.IoUring.read	usage	std.os.linux.fd_t	
std.os.linux.IoUring.read	usage	std.os.linux.IoUring.ReadBuffer	
std.os.linux.IoUring.read	usage	std.os.linux.io_uring_sqe	10565
std.os.linux.IoUring.write	usage	std.os.linux.IoUring	10624
std.os.linux.IoUring.write	usage	std.os.linux.fd_t	
std.os.linux.IoUring.write	usage	std.os.linux.io_uring_sqe	10565
std.os.linux.IoUring.splice	usage	std.os.linux.IoUring	10624
std.os.linux.IoUring.splice	usage	std.os.linux.fd_t	
std.os.linux.IoUring.splice	usage	std.os.linux.io_uring_sqe	10565
std.os.linux.IoUring.read_fixed	usage	std.os.linux.IoUring	10624
std.os.linux.IoUring.read_fixed	usage	std.os.linux.fd_t	
std.os.linux.IoUring.read_fixed	usage	std.posix.iovec	
std.os.linux.IoUring.read_fixed	usage	std.os.linux.io_uring_sqe	10565
std.os.linux.IoUring.writev	usage	std.os.linux.IoUring	10624
std.os.linux.IoUring.writev	usage	std.os.linux.fd_t	
std.os.linux.IoUring.writev	usage	std.posix.iovec_const	
std.os.linux.IoUring.writev	usage	std.os.linux.io_uring_sqe	10565
std.os.linux.IoUring.write_fixed	usage	std.os.linux.IoUring	10624
std.os.linux.IoUring.write_fixed	usage	std.os.linux.fd_t	
std.os.linux.IoUring.write_fixed	usage	std.posix.iovec	
std.os.linux.IoUring.write_fixed	usage	std.os.linux.io_uring_sqe	10565
std.os.linux.IoUring.accept	usage	std.os.linux.IoUring	10624
std.os.linux.IoUring.accept	usage	std.os.linux.fd_t	
std.os.linux.IoUring.accept	usage	std.posix.sockaddr	
std.os.linux.IoUring.accept	usage	std.posix.socklen_t	
std.os.linux.IoUring.accept	usage	std.os.linux.io_uring_sqe	10565
std.os.linux.IoUring.accept_multishot	usage	std.os.linux.IoUring	10624
std.os.linux.IoUring.accept_multishot	usage	std.os.linux.fd_t	
std.os.linux.IoUring.accept_multishot	usage	std.posix.sockaddr	
std.os.linux.IoUring.accept_multishot	usage	std.posix.socklen_t	
std.os.linux.IoUring.accept_multishot	usage	std.os.linux.io_uring_sqe	10565
std.os.linux.IoUring.accept_direct	usage	std.os.linux.IoUring	10624
std.os.linux.IoUring.accept_direct	usage	std.os.linux.fd_t	
std.os.linux.IoUring.accept_direct	usage	std.posix.sockaddr	
std.os.linux.IoUring.accept_direct	usage	std.posix.socklen_t	
std.os.linux.IoUring.accept_direct	usage	std.os.linux.io_uring_sqe	10565
std.os.linux.IoUring.accept_multishot_direct	usage	std.os.linux.IoUring	10624
std.os.linux.IoUring.accept_multishot_direct	usage	std.os.linux.fd_t	
std.os.linux.IoUring.accept_multishot_direct	usage	std.posix.sockaddr	
std.os.linux.IoUring.accept_multishot_direct	usage	std.posix.socklen_t	
std.os.linux.IoUring.accept_multishot_direct	usage	std.os.linux.io_uring_sqe	10565
std.os.linux.IoUring.connect	usage	std.os.linux.IoUring	10624
std.os.linux.IoUring.connect	usage	std.os.linux.fd_t	
std.os.linux.IoUring.connect	usage	std.posix.sockaddr	
std.os.linux.IoUring.connect	usage	std.posix.socklen_t	
std.os.linux.IoUring.connect	usage	std.os.linux.io_uring_sqe	10565
std.os.linux.IoUring.epoll_ctl	usage	std.os.linux.IoUring	10624
std.os.linux.IoUring.epoll_ctl	usage	std.os.linux.fd_t	
std.os.linux.IoUring.epoll_ctl	usage	std.os.linux.epoll_event	
std.os.linux.IoUring.epoll_ctl	usage	std.os.linux.io_uring_sqe	10565
std.os.linux.IoUring.recv	usage	std.os.linux.IoUring	10624
std.os.linux.IoUring.recv	usage	std.os.linux.fd_t	
std.os.linux.IoUring.recv	usage	std.os.linux.IoUring.RecvBuffer	
std.os.linux.IoUring.recv	usage	std.os.linux.io_uring_sqe	10565
std.os.linux.IoUring.send	usage	std.os.linux.IoUring	10624
std.os.linux.IoUring.send	usage	std.os.linux.fd_t	
std.os.linux.IoUring.send	usage	std.os.linux.io_uring_sqe	10565
std.os.linux.IoUring.send_zc	usage	std.os.linux.IoUring	10624
std.os.linux.IoUring.send_zc	usage	std.os.linux.fd_t	
std.os.linux.IoUring.send_zc	usage	std.os.linux.io_uring_sqe	10565
std.os.linux.IoUring.send_zc_fixed	usage	std.os.linux.IoUring	10624
std.os.linux.IoUring.send_zc_fixed	usage	std.os.linux.fd_t	
std.os.linux.IoUring.send_zc_fixed	usage	std.os.linux.io_uring_sqe	10565
std.os.linux.IoUring.recvmsg	usage	std.os.linux.IoUring	10624
std.os.linux.IoUring.recvmsg	usage	std.os.linux.fd_t	
std.os.linux.IoUring.recvmsg	usage	std.os.linux.msghdr	
std.os.linux.IoUring.recvmsg	usage	std.os.linux.io_uring_sqe	10565
std.os.linux.IoUring.sendmsg	usage	std.os.linux.IoUring	10624
std.os.linux.IoUring.sendmsg	usage	std.os.linux.fd_t	
std.os.linux.IoUring.sendmsg	usage	std.os.linux.msghdr_const	
std.os.linux.IoUring.sendmsg	usage	std.os.linux.io_uring_sqe	10565
std.os.linux.IoUring.sendmsg_zc	usage	std.os.linux.IoUring	10624
std.os.linux.IoUring.sendmsg_zc	usage	std.os.linux.fd_t	
std.os.linux.IoUring.sendmsg_zc	usage	std.os.linux.msghdr_const	
std.os.linux.IoUring.sendmsg_zc	usage	std.os.linux.io_uring_sqe	10565
std.os.linux.IoUring.openat	usage	std.os.linux.IoUring	10624
std.os.linux.IoUring.openat	usage	std.os.linux.fd_t	
std.os.linux.IoUring.openat	usage	std.os.linux.O	
std.os.linux.IoUring.openat	usage	std.posix.mode_t	
std.os.linux.IoUring.openat	usage	std.os.linux.io_uring_sqe	10565
std.os.linux.IoUring.openat_direct	usage	std.os.linux.IoUring	10624
std.os.linux.IoUring.openat_direct	usage	std.os.linux.fd_t	
std.os.linux.IoUring.openat_direct	usage	std.os.linux.O	
std.os.linux.IoUring.openat_direct	usage	std.posix.mode_t	
std.os.linux.IoUring.openat_direct	usage	std.os.linux.io_uring_sqe	10565
std.os.linux.IoUring.close	usage	std.os.linux.IoUring	10624
std.os.linux.IoUring.close	usage	std.os.linux.fd_t	
std.os.linux.IoUring.close	usage	std.os.linux.io_uring_sqe	10565
std.os.linux.IoUring.close_direct	usage	std.os.linux.IoUring	10624
std.os.linux.IoUring.close_direct	usage	std.os.linux.io_uring_sqe	10565
std.os.linux.IoUring.timeout	usage	std.os.linux.IoUring	10624
std.os.linux.IoUring.timeout	usage	std.os.linux.kernel_timespec	11132
std.os.linux.IoUring.timeout	usage	std.os.linux.io_uring_sqe	10565
std.os.linux.IoUring.timeout_remove	usage	std.os.linux.IoUring	10624
std.os.linux.IoUring.timeout_remove	usage	std.os.linux.io_uring_sqe	10565
std.os.linux.IoUring.link_timeout	usage	std.os.linux.IoUring	10624
std.os.linux.IoUring.link_timeout	usage	std.os.linux.kernel_timespec	11132
std.os.linux.IoUring.link_timeout	usage	std.os.linux.io_uring_sqe	10565
std.os.linux.IoUring.poll_add	usage	std.os.linux.IoUring	10624
std.os.linux.IoUring.poll_add	usage	std.os.linux.fd_t	
std.os.linux.IoUring.poll_add	usage	std.os.linux.io_uring_sqe	10565
std.os.linux.IoUring.poll_remove	usage	std.os.linux.IoUring	10624
std.os.linux.IoUring.poll_remove	usage	std.os.linux.io_uring_sqe	10565
std.os.linux.IoUring.poll_update	usage	std.os.linux.IoUring	10624
std.os.linux.IoUring.poll_update	usage	std.os.linux.io_uring_sqe	10565
std.os.linux.IoUring.fallocate	usage	std.os.linux.IoUring	10624
std.os.linux.IoUring.fallocate	usage	std.os.linux.fd_t	
std.os.linux.IoUring.fallocate	usage	std.os.linux.io_uring_sqe	10565
std.os.linux.IoUring.statx	usage	std.os.linux.IoUring	10624
std.os.linux.IoUring.statx	usage	std.os.linux.fd_t	
std.os.linux.IoUring.statx	usage	std.os.linux.STATX	10834
std.os.linux.IoUring.statx	usage	std.os.linux.Statx	
std.os.linux.IoUring.statx	usage	std.os.linux.io_uring_sqe	10565
std.os.linux.IoUring.cancel	usage	std.os.linux.IoUring	10624
std.os.linux.IoUring.cancel	usage	std.os.linux.io_uring_sqe	10565
std.os.linux.IoUring.shutdown	usage	std.os.linux.IoUring	10624
std.os.linux.IoUring.shutdown	usage	std.posix.socket_t	
std.os.linux.IoUring.shutdown	usage	std.os.linux.io_uring_sqe	10565
std.os.linux.IoUring.renameat	usage	std.os.linux.IoUring	10624
std.os.linux.IoUring.renameat	usage	std.os.linux.fd_t	
std.os.linux.IoUring.renameat	usage	std.os.linux.io_uring_sqe	10565
std.os.linux.IoUring.unlinkat	usage	std.os.linux.IoUring	10624
std.os.linux.IoUring.unlinkat	usage	std.os.linux.fd_t	
std.os.linux.IoUring.unlinkat	usage	std.os.linux.io_uring_sqe	10565
std.os.linux.IoUring.mkdirat	usage	std.os.linux.IoUring	10624
std.os.linux.IoUring.mkdirat	usage	std.os.linux.fd_t	
std.os.linux.IoUring.mkdirat	usage	std.posix.mode_t	
std.os.linux.IoUring.mkdirat	usage	std.os.linux.io_uring_sqe	10565
std.os.linux.IoUring.symlinkat	usage	std.os.linux.IoUring	10624
std.os.linux.IoUring.symlinkat	usage	std.os.linux.fd_t	
std.os.linux.IoUring.symlinkat	usage	std.os.linux.io_uring_sqe	10565
std.os.linux.IoUring.linkat	usage	std.os.linux.IoUring	10624
std.os.linux.IoUring.linkat	usage	std.os.linux.fd_t	
std.os.linux.IoUring.linkat	usage	std.os.linux.io_uring_sqe	10565
std.os.linux.IoUring.provide_buffers	usage	std.os.linux.IoUring	10624
std.os.linux.IoUring.provide_buffers	usage	std.os.linux.io_uring_sqe	10565
std.os.linux.IoUring.remove_buffers	usage	std.os.linux.IoUring	10624
std.os.linux.IoUring.remove_buffers	usage	std.os.linux.io_uring_sqe	10565
std.os.linux.IoUring.waitid	usage	std.os.linux.IoUring	10624
std.os.linux.IoUring.waitid	usage	std.os.linux.P	
std.os.linux.IoUring.waitid	usage	std.os.linux.siginfo_t	
std.os.linux.IoUring.waitid	usage	std.os.linux.io_uring_sqe	10565
std.os.linux.IoUring.register_files	usage	std.os.linux.IoUring	10624
std.os.linux.IoUring.register_files	usage	std.os.linux.fd_t	
std.os.linux.IoUring.register_files_update	usage	std.os.linux.IoUring	10624
std.os.linux.IoUring.register_files_update	usage	std.os.linux.fd_t	
std.os.linux.IoUring.register_files_sparse	usage	std.os.linux.IoUring	10624
std.os.linux.IoUring.register_file_alloc_range	usage	std.os.linux.IoUring	10624
std.os.linux.IoUring.register_eventfd	usage	std.os.linux.IoUring	10624
std.os.linux.IoUring.register_eventfd	usage	std.os.linux.fd_t	
std.os.linux.IoUring.register_eventfd_async	usage	std.os.linux.IoUring	10624
std.os.linux.IoUring.register_eventfd_async	usage	std.os.linux.fd_t	
std.os.linux.IoUring.unregister_eventfd	usage	std.os.linux.IoUring	10624
std.os.linux.IoUring.register_napi	usage	std.os.linux.IoUring	10624
std.os.linux.IoUring.register_napi	usage	std.os.linux.io_uring_napi	
std.os.linux.IoUring.unregister_napi	usage	std.os.linux.IoUring	10624
std.os.linux.IoUring.unregister_napi	usage	std.os.linux.io_uring_napi	
std.os.linux.IoUring.register_buffers	usage	std.os.linux.IoUring	10624
std.os.linux.IoUring.register_buffers	usage	std.posix.iovec	
std.os.linux.IoUring.unregister_buffers	usage	std.os.linux.IoUring	10624
std.os.linux.IoUring.get_probe	usage	std.os.linux.IoUring	10624
std.os.linux.IoUring.get_probe	usage	std.os.linux.io_uring_probe	10819
std.os.linux.IoUring.unregister_files	usage	std.os.linux.IoUring	10624
std.os.linux.IoUring.socket	usage	std.os.linux.IoUring	10624
std.os.linux.IoUring.socket	usage	std.os.linux.io_uring_sqe	10565
std.os.linux.IoUring.socket_direct	usage	std.os.linux.IoUring	10624
std.os.linux.IoUring.socket_direct	usage	std.os.linux.io_uring_sqe	10565
std.os.linux.IoUring.socket_direct_alloc	usage	std.os.linux.IoUring	10624
std.os.linux.IoUring.socket_direct_alloc	usage	std.os.linux.io_uring_sqe	10565
std.os.linux.IoUring.bind	usage	std.os.linux.IoUring	10624
std.os.linux.IoUring.bind	usage	std.os.linux.fd_t	
std.os.linux.IoUring.bind	usage	std.posix.sockaddr	
std.os.linux.IoUring.bind	usage	std.posix.socklen_t	
std.os.linux.IoUring.bind	usage	std.os.linux.io_uring_sqe	10565
std.os.linux.IoUring.listen	usage	std.os.linux.IoUring	10624
std.os.linux.IoUring.listen	usage	std.os.linux.fd_t	
std.os.linux.IoUring.listen	usage	std.os.linux.io_uring_sqe	10565
std.os.linux.IoUring.cmd_sock	usage	std.os.linux.IoUring	10624
std.os.linux.IoUring.cmd_sock	usage	std.os.linux.IO_URING_SOCKET_OP	
std.os.linux.IoUring.cmd_sock	usage	std.os.linux.fd_t	
std.os.linux.IoUring.cmd_sock	usage	std.os.linux.io_uring_sqe	10565
std.os.linux.IoUring.setsockopt	usage	std.os.linux.IoUring	10624
std.os.linux.IoUring.setsockopt	usage	std.os.linux.fd_t	
std.os.linux.IoUring.setsockopt	usage	std.os.linux.io_uring_sqe	10565
std.os.linux.IoUring.getsockopt	usage	std.os.linux.IoUring	10624
std.os.linux.IoUring.getsockopt	usage	std.os.linux.fd_t	
std.os.linux.IoUring.getsockopt	usage	std.os.linux.io_uring_sqe	10565
std.os.linux.IoUring.setup_buf_ring	usage	std.os.linux.fd_t	
std.os.linux.IoUring.setup_buf_ring	usage	std.os.linux.io_uring_buf_reg.Flags	
std.os.linux.IoUring.setup_buf_ring	usage	std.heap.page_size_min	
std.os.linux.IoUring.setup_buf_ring	usage	std.os.linux.io_uring_buf_ring	
std.os.linux.IoUring.free_buf_ring	usage	std.os.linux.fd_t	
std.os.linux.IoUring.free_buf_ring	usage	std.heap.page_size_min	
std.os.linux.IoUring.free_buf_ring	usage	std.os.linux.io_uring_buf_ring	
std.os.linux.IoUring.buf_ring_init	usage	std.os.linux.io_uring_buf_ring	
std.os.linux.IoUring.buf_ring_add	usage	std.os.linux.io_uring_buf_ring	
std.os.linux.IoUring.buf_ring_advance	usage	std.os.linux.io_uring_buf_ring	
std.os.linux.tls.initStatic	usage	std.elf.Phdr	
std.sort.binarySearch	usage	std.math.Order	8784
std.sort.lowerBound	usage	std.math.Order	8784
std.sort.upperBound	usage	std.math.Order	8784
std.sort.equalRange	usage	std.math.Order	8784
std.leb.writeUnsignedFixed	usage	std.meta.Int	
std.leb.writeSignedFixed	usage	std.meta.Int	
std.process.currentPath	usage	std.Io	696
std.process.currentPath	usage	std.process.CurrentPathError	
std.process.currentPathAlloc	usage	std.Io	696
std.process.currentPathAlloc	usage	std.mem.Allocator	8800
std.process.currentPathAlloc	usage	std.process.CurrentPathAllocError	
std.process.getUserInfo	usage	std.process.UserInfo	
std.process.posixGetUserInfo	usage	std.Io	696
std.process.posixGetUserInfo	usage	std.process.UserInfo	
std.process.replace	usage	std.Io	696
std.process.replace	usage	std.process.ReplaceOptions	
std.process.replace	usage	std.process.ReplaceError	
std.process.replacePath	usage	std.Io	696
std.process.replacePath	usage	std.Io.Dir	1165
std.process.replacePath	usage	std.process.ReplaceOptions	
std.process.replacePath	usage	std.process.ReplaceError	
std.process.spawn	usage	std.Io	696
std.process.spawn	usage	std.process.SpawnOptions	14426
std.process.spawn	usage	std.process.SpawnError	
std.process.spawn	usage	std.process.Child	14297
std.process.spawnPath	usage	std.Io	696
std.process.spawnPath	usage	std.Io.Dir	1165
std.process.spawnPath	usage	std.process.SpawnOptions	14426
std.process.spawnPath	usage	std.process.SpawnError	
std.process.spawnPath	usage	std.process.Child	14297
std.process.run	usage	std.mem.Allocator	8800
std.process.run	usage	std.Io	696
std.process.run	usage	std.process.RunOptions	
std.process.run	usage	std.process.RunError	
std.process.run	usage	std.process.RunResult	
std.process.totalSystemMemory	usage	std.process.TotalSystemMemoryError	
std.process.cleanExit	usage	std.Io	696
std.process.executablePathAlloc	usage	std.Io	696
std.process.executablePathAlloc	usage	std.mem.Allocator	8800
std.process.executablePathAlloc	usage	std.process.ExecutablePathAllocError	
std.process.executablePath	usage	std.Io	696
std.process.executablePath	usage	std.process.ExecutablePathError	
std.process.executableDirPath	usage	std.Io	696
std.process.executableDirPath	usage	std.process.ExecutablePathError	
std.process.executableDirPathAlloc	usage	std.Io	696
std.process.executableDirPathAlloc	usage	std.mem.Allocator	8800
std.process.executableDirPathAlloc	usage	std.process.ExecutablePathAllocError	
std.process.openExecutable	usage	std.Io	696
std.process.openExecutable	usage	std.Io.File.OpenFlags	
std.process.openExecutable	usage	std.process.OpenExecutableError	
std.process.openExecutable	usage	std.Io.File	1304
std.process.setCurrentDir	usage	std.Io	696
std.process.setCurrentDir	usage	std.Io.Dir	1165
std.process.setCurrentPath	usage	std.Io	696
std.process.lockMemory	usage	std.heap.page_size_min	
std.process.lockMemory	usage	std.process.LockMemoryOptions	
std.process.lockMemory	usage	std.process.LockMemoryError	
std.process.unlockMemory	usage	std.heap.page_size_min	
std.process.unlockMemory	usage	std.process.UnlockMemoryError	
std.process.lockMemoryAll	usage	std.process.LockMemoryAllOptions	
std.process.lockMemoryAll	usage	std.process.LockMemoryError	
std.process.unlockMemoryAll	usage	std.process.UnlockMemoryError	
std.process.protectMemory	usage	std.heap.page_size_min	
std.process.protectMemory	usage	std.process.MemoryProtection	
std.process.protectMemory	usage	std.process.ProtectMemoryError	
std.Build.Step.CheckObject.create	usage	std.Build	15
std.Build.Step.CheckObject.create	usage	std.Build.LazyPath	626
std.Build.Step.CheckObject.create	usage	std.Target.ObjectFormat	3375
std.Build.Step.CheckObject.create	usage	std.Build.Step.CheckObject	135
std.Build.Step.CheckObject.checkExact	usage	std.Build.Step.CheckObject	135
std.Build.Step.CheckObject.checkExactPath	usage	std.Build.Step.CheckObject	135
std.Build.Step.CheckObject.checkExactPath	usage	std.Build.LazyPath	626
std.Build.Step.CheckObject.checkContains	usage	std.Build.Step.CheckObject	135
std.Build.Step.CheckObject.checkContainsPath	usage	std.Build.Step.CheckObject	135
std.Build.Step.CheckObject.checkContainsPath	usage	std.Build.LazyPath	626
std.Build.Step.CheckObject.checkExtract	usage	std.Build.Step.CheckObject	135
std.Build.Step.CheckObject.checkExtractLazyPath	usage	std.Build.Step.CheckObject	135
std.Build.Step.CheckObject.checkExtractLazyPath	usage	std.Build.LazyPath	626
std.Build.Step.CheckObject.checkNotPresent	usage	std.Build.Step.CheckObject	135
std.Build.Step.CheckObject.checkNotPresentLazyPath	usage	std.Build.Step.CheckObject	135
std.Build.Step.CheckObject.checkNotPresentLazyPath	usage	std.Build.LazyPath	626
std.Build.Step.CheckObject.checkInHeaders	usage	std.Build.Step.CheckObject	135
std.Build.Step.CheckObject.checkInSymtab	usage	std.Build.Step.CheckObject	135
std.Build.Step.CheckObject.checkInDyldRebase	usage	std.Build.Step.CheckObject	135
std.Build.Step.CheckObject.checkInDyldBind	usage	std.Build.Step.CheckObject	135
std.Build.Step.CheckObject.checkInDyldWeakBind	usage	std.Build.Step.CheckObject	135
std.Build.Step.CheckObject.checkInDyldLazyBind	usage	std.Build.Step.CheckObject	135
std.Build.Step.CheckObject.checkInExports	usage	std.Build.Step.CheckObject	135
std.Build.Step.CheckObject.checkInIndirectSymtab	usage	std.Build.Step.CheckObject	135
std.Build.Step.CheckObject.checkInDynamicSymtab	usage	std.Build.Step.CheckObject	135
std.Build.Step.CheckObject.checkInDynamicSection	usage	std.Build.Step.CheckObject	135
std.Build.Step.CheckObject.checkInArchiveSymtab	usage	std.Build.Step.CheckObject	135
std.Build.Step.CheckObject.dumpSection	usage	std.Build.Step.CheckObject	135
std.Build.Step.CheckObject.checkComputeCompare	usage	std.Build.Step.CheckObject	135
std.Build.Step.InstallFile.create	usage	std.Build	15
std.Build.Step.InstallFile.create	usage	std.Build.LazyPath	626
std.Build.Step.InstallFile.create	usage	std.Build.InstallDir	639
std.Build.Step.InstallFile.create	usage	std.Build.Step.InstallFile	187
std.Build.Step.ObjCopy.create	usage	std.Build	15
std.Build.Step.ObjCopy.create	usage	std.Build.LazyPath	626
std.Build.Step.ObjCopy.create	usage	std.Build.Step.ObjCopy.Options	
std.Build.Step.ObjCopy.create	usage	std.Build.Step.ObjCopy	190
std.Build.Step.ObjCopy.getOutput	usage	std.Build.Step.ObjCopy	190
std.Build.Step.ObjCopy.getOutput	usage	std.Build.LazyPath	626
std.Build.Step.ObjCopy.getOutputSeparatedDebug	usage	std.Build.Step.ObjCopy	190
std.Build.Step.ObjCopy.getOutputSeparatedDebug	usage	std.Build.LazyPath	626
std.Build.Step.Fail.create	usage	std.Build	15
std.Build.Step.Fail.create	usage	std.Build.Step.Fail	171
std.Io.Kqueue.init	usage	std.Io.Kqueue	790
std.Io.Kqueue.init	usage	std.mem.Allocator	8800
std.Io.Kqueue.init	usage	std.Io.Kqueue.InitOptions	
std.Io.Kqueue.deinit	usage	std.Io.Kqueue	790
std.Io.Kqueue.createFileDescriptor	usage	std.Io.Kqueue.CreateFileDescriptorError	
std.Io.Kqueue.createFileDescriptor	usage	std.posix.fd_t	
std.Io.Kqueue.io	usage	std.Io.Kqueue	790
std.Io.Kqueue.io	usage	std.Io	696
std.Io.Kqueue.kevent	usage	std.posix.Kevent	
std.Io.Kqueue.kevent	usage	std.posix.timespec	
std.Io.Kqueue.kevent	usage	std.Io.Kqueue.KEventError	
std.heap.PageAllocator.map	usage	std.mem.Alignment	8829
std.heap.PageAllocator.unmap	usage	std.heap.page_size_min	
std.heap.PageAllocator.realloc	usage	std.mem.Alignment	8829
std.http.HeaderIterator.init	usage	std.http.HeaderIterator	7929
std.http.HeaderIterator.next	usage	std.http.HeaderIterator	7929
std.http.HeaderIterator.next	usage	std.http.Header	
std.Progress.start	usage	std.Io	696
std.Progress.start	usage	std.Progress.Options	
std.Progress.start	usage	std.Progress.Node	1752
std.Progress.setStatus	usage	std.Progress.Status	
std.Progress.clearWrittenWithEscapeCodes	usage	std.Io.File.Writer	1324
std.Progress.clearWrittenWithEscapeCodes	usage	std.Io.Writer.Error	
std.math.shlExact	usage	std.math.Log2Int	
std.math.negateCast	usage	std.meta.Int	
std.math.alignCast	usage	std.mem.Alignment	8829
std.math.alignCast	usage	std.math.AlignCastError	
std.math.ceilPowerOfTwoPromote	usage	std.meta.Int	
std.math.log2_int	usage	std.math.Log2Int	
std.math.log2_int_ceil	usage	std.math.Log2IntCeil	
std.math.mulWide	usage	std.meta.Int	
std.math.order	usage	std.math.Order	8784
std.math.compare	usage	std.math.CompareOperator	8789
std.math.comptimeMod	usage	std.math.IntFittingRange	
std.compress.zstd.Decompress.init	usage	std.Io.Reader	811
std.compress.zstd.Decompress.init	usage	std.compress.zstd.Decompress.Options	
std.compress.zstd.Decompress.init	usage	std.compress.zstd.Decompress	4589
std.process.Child.kill	usage	std.process.Child	14297
std.process.Child.kill	usage	std.Io	696
std.process.Child.wait	usage	std.process.Child	14297
std.process.Child.wait	usage	std.Io	696
std.process.Child.wait	usage	std.process.Child.WaitError	
std.process.Child.wait	usage	std.process.Child.Term	
std.debug.Info.load	usage	std.mem.Allocator	8800
std.debug.Info.load	usage	std.Io	696
std.debug.Info.load	usage	std.Build.Cache.Path	17
std.debug.Info.load	usage	std.debug.Coverage	5901
std.debug.Info.load	usage	std.Target.ObjectFormat	3375
std.debug.Info.load	usage	std.Target.Cpu.Arch	3402
std.debug.Info.load	usage	std.debug.Info.LoadError	
std.debug.Info.load	usage	std.debug.Info	5895
std.debug.Info.deinit	usage	std.debug.Info	5895
std.debug.Info.deinit	usage	std.mem.Allocator	8800
std.debug.Info.resolveAddresses	usage	std.debug.Info	5895
std.debug.Info.resolveAddresses	usage	std.mem.Allocator	8800
std.debug.Info.resolveAddresses	usage	std.Io	696
std.debug.Info.resolveAddresses	usage	std.debug.Coverage.SourceLocation	5910
std.debug.Info.resolveAddresses	usage	std.debug.Info.ResolveAddressesError	
std.compress.flate.Decompress.init	usage	std.Io.Reader	811
std.compress.flate.Decompress.init	usage	std.compress.flate.Container	4507
std.compress.flate.Decompress.init	usage	std.compress.flate.Decompress	4500
std.meta.sentinel	usage	std.meta.Elem	
std.meta.Sentinel	usage	std.meta.Elem	
std.meta.containerLayout	usage	std.builtin.Type.ContainerLayout	
std.meta.declarations	usage	std.builtin.Type.Declaration	
std.meta.declarationInfo	usage	std.builtin.Type.Declaration	
std.meta.fields	usage	std.builtin.Type.StructField	3716
std.meta.fields	usage	std.builtin.Type.UnionField	3727
std.meta.fields	usage	std.builtin.Type.EnumField	
std.meta.fields	usage	std.builtin.Type.Error	
std.meta.fieldInfo	usage	std.meta.FieldEnum	
std.meta.fieldInfo	usage	std.builtin.Type.StructField	3716
std.meta.fieldInfo	usage	std.builtin.Type.UnionField	3727
std.meta.fieldInfo	usage	std.builtin.Type.EnumField	
std.meta.fieldInfo	usage	std.builtin.Type.Error	
std.meta.fieldNames	usage	std.meta.fields	
std.meta.tags	usage	std.meta.fields	
std.meta.activeTag	usage	std.meta.Tag	
std.meta.Int	usage	std.builtin.Signedness	
std.debug.Dwarf.Unwind.initEhFrameHdr	usage	std.debug.Dwarf.Unwind.EhFrameHeader	5787
std.debug.Dwarf.Unwind.initEhFrameHdr	usage	std.debug.Dwarf.Unwind	5770
std.debug.Dwarf.Unwind.initSection	usage	std.debug.Dwarf.Unwind.Section	
std.debug.Dwarf.Unwind.initSection	usage	std.debug.Dwarf.Unwind	5770
std.debug.Dwarf.Unwind.deinit	usage	std.debug.Dwarf.Unwind	5770
std.debug.Dwarf.Unwind.deinit	usage	std.mem.Allocator	8800
std.debug.Dwarf.Unwind.prepare	usage	std.debug.Dwarf.Unwind	5770
std.debug.Dwarf.Unwind.prepare	usage	std.mem.Allocator	8800
std.debug.Dwarf.Unwind.prepare	usage	std.builtin.Endian	3740
std.debug.Dwarf.Unwind.lookupPc	usage	std.debug.Dwarf.Unwind	5770
std.debug.Dwarf.Unwind.lookupPc	usage	std.builtin.Endian	3740
std.debug.Dwarf.Unwind.getFde	usage	std.debug.Dwarf.Unwind	5770
std.debug.Dwarf.Unwind.getFde	usage	std.builtin.Endian	3740
std.debug.Dwarf.Unwind.getFde	usage	std.debug.Dwarf.Unwind.CommonInformationEntry	5790
std.debug.Dwarf.Unwind.getFde	usage	std.debug.Dwarf.Unwind.FrameDescriptionEntry	
std.zig.llvm.BitcodeReader.init	usage	std.mem.Allocator	8800
std.zig.llvm.BitcodeReader.init	usage	std.zig.llvm.BitcodeReader.InitOptions	
std.zig.llvm.BitcodeReader.init	usage	std.zig.llvm.BitcodeReader	15575
std.zig.llvm.BitcodeReader.deinit	usage	std.zig.llvm.BitcodeReader	15575
std.zig.llvm.BitcodeReader.checkMagic	usage	std.zig.llvm.BitcodeReader	15575
std.zig.llvm.BitcodeReader.next	usage	std.zig.llvm.BitcodeReader	15575
std.zig.llvm.BitcodeReader.next	usage	std.zig.llvm.BitcodeReader.Item	
std.zig.llvm.BitcodeReader.skipBlock	usage	std.zig.llvm.BitcodeReader	15575
std.zig.llvm.BitcodeReader.skipBlock	usage	std.zig.llvm.BitcodeReader.Block	
std.zig.c_translation.helpers.div	usage	std.zig.c_translation.helpers.ArithmeticConversion	
std.zig.c_translation.helpers.rem	usage	std.zig.c_translation.helpers.ArithmeticConversion	
std.zig.c_translation.helpers.LL_SUFFIX	usage	std.zig.c_translation.helpers.promoteIntLiteral	
std.zig.c_translation.helpers.U_SUFFIX	usage	std.zig.c_translation.helpers.promoteIntLiteral	
std.zig.c_translation.helpers.UL_SUFFIX	usage	std.zig.c_translation.helpers.promoteIntLiteral	
std.zig.c_translation.helpers.ULL_SUFFIX	usage	std.zig.c_translation.helpers.promoteIntLiteral	
std.compress.xz.Decompress.init	usage	std.Io.Reader	811
std.compress.xz.Decompress.init	usage	std.mem.Allocator	8800
std.compress.xz.Decompress.init	usage	std.compress.xz.Decompress	4580
std.compress.xz.Decompress.takeBuffer	usage	std.compress.xz.Decompress	4580
std.compress.xz.Decompress.deinit	usage	std.compress.xz.Decompress	4580
std.heap.memory_pool.Aligned	usage	std.mem.Alignment	8829
std.heap.memory_pool.AlignedManaged	usage	std.mem.Alignment	8829
std.heap.memory_pool.Extra	usage	std.heap.memory_pool.Options	
std.heap.memory_pool.ExtraManaged	usage	std.heap.memory_pool.Options	
std.crypto.codecs.asn1.Oid.fromDot	usage	std.crypto.codecs.asn1.Oid.InitError	
std.crypto.codecs.asn1.Oid.fromDot	usage	std.crypto.codecs.asn1.Oid	5524
std.crypto.codecs.asn1.Oid.toDot	usage	std.crypto.codecs.asn1.Oid	5524
std.crypto.codecs.asn1.Oid.decodeDer	usage	std.crypto.codecs.asn1.der.Decoder	5509
std.crypto.codecs.asn1.Oid.decodeDer	usage	std.crypto.codecs.asn1.Oid	5524
std.crypto.codecs.asn1.Oid.encodeDer	usage	std.crypto.codecs.asn1.Oid	5524
std.crypto.codecs.asn1.Oid.encodeDer	usage	std.crypto.codecs.asn1.der.Encoder	5514
std.crypto.codecs.asn1.Oid.fromDotComptime	usage	std.crypto.codecs.asn1.Oid	5524
std.zig.AstRlAnnotate.annotate	usage	std.mem.Allocator	8800
std.zig.AstRlAnnotate.annotate	usage	std.zig.Ast	15051
std.zig.AstRlAnnotate.annotate	usage	std.mem.Allocator.Error	
std.zig.AstRlAnnotate.annotate	usage	std.zig.AstRlAnnotate.RlNeededSet	
std.debug.Dwarf.SelfUnwinder.init	usage	std.debug.cpu_context.Native	
std.debug.Dwarf.SelfUnwinder.init	usage	std.debug.Dwarf.SelfUnwinder	5796
std.debug.Dwarf.SelfUnwinder.deinit	usage	std.debug.Dwarf.SelfUnwinder	5796
std.debug.Dwarf.SelfUnwinder.getFp	usage	std.debug.Dwarf.SelfUnwinder	5796
std.debug.Dwarf.SelfUnwinder.computeRules	usage	std.debug.Dwarf.SelfUnwinder	5796
std.debug.Dwarf.SelfUnwinder.computeRules	usage	std.mem.Allocator	8800
std.debug.Dwarf.SelfUnwinder.computeRules	usage	std.debug.Dwarf.Unwind	5770
std.debug.Dwarf.SelfUnwinder.computeRules	usage	std.debug.Dwarf.SelfUnwinder.CacheEntry	5797
std.debug.Dwarf.SelfUnwinder.next	usage	std.debug.Dwarf.SelfUnwinder	5796
std.debug.Dwarf.SelfUnwinder.next	usage	std.mem.Allocator	8800
std.debug.Dwarf.SelfUnwinder.next	usage	std.debug.Dwarf.SelfUnwinder.CacheEntry	5797
std.debug.Dwarf.SelfUnwinder.next	usage	std.debug.SelfInfoError	
std.debug.Dwarf.SelfUnwinder.regNative	usage	std.debug.cpu_context.Native	
std.Build.Step.TranslateC.create	usage	std.Build	15
std.Build.Step.TranslateC.create	usage	std.Build.Step.TranslateC.Options	
std.Build.Step.TranslateC.create	usage	std.Build.Step.TranslateC	317
std.Build.Step.TranslateC.getOutput	usage	std.Build.Step.TranslateC	317
std.Build.Step.TranslateC.getOutput	usage	std.Build.LazyPath	626
std.Build.Step.TranslateC.addModule	usage	std.Build.Step.TranslateC	317
std.Build.Step.TranslateC.addModule	usage	std.Build.Module	395
std.Build.Step.TranslateC.createModule	usage	std.Build.Step.TranslateC	317
std.Build.Step.TranslateC.createModule	usage	std.Build.Module	395
std.Build.Step.TranslateC.addAfterIncludePath	usage	std.Build.Step.TranslateC	317
std.Build.Step.TranslateC.addAfterIncludePath	usage	std.Build.LazyPath	626
std.Build.Step.TranslateC.addSystemIncludePath	usage	std.Build.Step.TranslateC	317
std.Build.Step.TranslateC.addSystemIncludePath	usage	std.Build.LazyPath	626
std.Build.Step.TranslateC.addIncludePath	usage	std.Build.Step.TranslateC	317
std.Build.Step.TranslateC.addIncludePath	usage	std.Build.LazyPath	626
std.Build.Step.TranslateC.addConfigHeader	usage	std.Build.Step.TranslateC	317
std.Build.Step.TranslateC.addConfigHeader	usage	std.Build.Step.ConfigHeader	159
std.Build.Step.TranslateC.addSystemFrameworkPath	usage	std.Build.Step.TranslateC	317
std.Build.Step.TranslateC.addSystemFrameworkPath	usage	std.Build.LazyPath	626
std.Build.Step.TranslateC.addFrameworkPath	usage	std.Build.Step.TranslateC	317
std.Build.Step.TranslateC.addFrameworkPath	usage	std.Build.LazyPath	626
std.Build.Step.TranslateC.addCheckFile	usage	std.Build.Step.TranslateC	317
std.Build.Step.TranslateC.addCheckFile	usage	std.Build.Step.CheckFile	130
std.Build.Step.TranslateC.defineCMacro	usage	std.Build.Step.TranslateC	317
std.Build.Step.TranslateC.defineCMacroRaw	usage	std.Build.Step.TranslateC	317
std.Build.Step.TranslateC.linkSystemLibrary	usage	std.Build.Step.TranslateC	317
std.Build.Step.TranslateC.linkSystemLibrary	usage	std.Build.Module.LinkSystemLibraryOptions	
std.array_list.AlignedManaged	usage	std.mem.Alignment	8829
std.array_list.Aligned	usage	std.mem.Alignment	8829
std.Build.Fuzz.init	usage	std.mem.Allocator	8800
std.Build.Fuzz.init	usage	std.Io	696
std.Build.Fuzz.init	usage	std.Build.Step	121
std.Build.Fuzz.init	usage	std.Progress.Node	1752
std.Build.Fuzz.init	usage	std.Build.Fuzz.Mode	457
std.Build.Fuzz.init	usage	std.Build.Fuzz	456
std.Build.Fuzz.start	usage	std.Build.Fuzz	456
std.Build.Fuzz.deinit	usage	std.Build.Fuzz	456
std.Build.Fuzz.serveSourcesTar	usage	std.Build.Fuzz	456
std.Build.Fuzz.serveSourcesTar	usage	std.http.Server.Request	7891
std.Build.Fuzz.sendUpdate	usage	std.Build.Fuzz	456
std.Build.Fuzz.sendUpdate	usage	std.http.Server.WebSocket	7910
std.Build.Fuzz.sendUpdate	usage	std.Build.Fuzz.Previous	463
std.Build.Fuzz.waitAndPrintReport	usage	std.Build.Fuzz	456
std.Build.Fuzz.waitAndPrintReport	usage	std.Io.Cancelable	
std.Random.Ascon.init	usage	std.Random.Ascon.secret_seed_length	
std.Random.Ascon.init	usage	std.Random.Ascon	1781
std.Random.Ascon.addEntropy	usage	std.Random.Ascon	1781
std.Random.Ascon.random	usage	std.Random.Ascon	1781
std.Random.Ascon.random	usage	std.Random	1778
std.Random.Ascon.fill	usage	std.Random.Ascon	1781
std.http.ChunkParser.feed	usage	std.http.ChunkParser	7925
std.crypto.codecs.asn1.der.Decoder.any	usage	std.crypto.codecs.asn1.der.Decoder	5509
std.crypto.codecs.asn1.der.Decoder.sequence	usage	std.crypto.codecs.asn1.der.Decoder	5509
std.crypto.codecs.asn1.der.Decoder.sequence	usage	std.crypto.codecs.asn1.Element	5543
std.crypto.codecs.asn1.der.Decoder.element	usage	std.crypto.codecs.asn1.der.Decoder	5509
std.crypto.codecs.asn1.der.Decoder.element	usage	std.crypto.codecs.asn1.ExpectedTag	5549
std.crypto.codecs.asn1.der.Decoder.element	usage	std.crypto.codecs.asn1.Element.DecodeError	
std.crypto.codecs.asn1.der.Decoder.element	usage	std.crypto.codecs.asn1.Element	5543
std.crypto.codecs.asn1.der.Decoder.view	usage	std.crypto.codecs.asn1.der.Decoder	5509
std.crypto.codecs.asn1.der.Decoder.view	usage	std.crypto.codecs.asn1.Element	5543
std.os.emscripten.CPU_COUNT	usage	std.os.emscripten.cpu_set_t	
std.os.emscripten.CPU_COUNT	usage	std.os.emscripten.cpu_count_t	
std.os.emscripten.sigemptyset	usage	std.os.emscripten.sigset_t	
std.zig.Ast.tokenTag	usage	std.zig.Ast	15051
std.zig.Ast.tokenStart	usage	std.zig.Ast	15051
std.zig.Ast.nodeTag	usage	std.zig.Ast	15051
std.zig.Ast.nodeTag	usage	std.zig.Ast.Node.Index	15214
std.zig.Ast.nodeTag	usage	std.zig.Ast.Node.Tag	15225
std.zig.Ast.nodeMainToken	usage	std.zig.Ast	15051
std.zig.Ast.nodeMainToken	usage	std.zig.Ast.Node.Index	15214
std.zig.Ast.nodeData	usage	std.zig.Ast	15051
std.zig.Ast.nodeData	usage	std.zig.Ast.Node.Index	15214
std.zig.Ast.nodeData	usage	std.zig.Ast.Node.Data	
std.zig.Ast.isTokenPrecededByTags	usage	std.zig.Ast	15051
std.zig.Ast.deinit	usage	std.zig.Ast	15051
std.zig.Ast.deinit	usage	std.mem.Allocator	8800
std.zig.Ast.parse	usage	std.mem.Allocator	8800
std.zig.Ast.parse	usage	std.zig.Ast.Mode	
std.zig.Ast.parse	usage	std.mem.Allocator.Error	
std.zig.Ast.parse	usage	std.zig.Ast	15051
std.zig.Ast.parseTokens	usage	std.mem.Allocator	8800
std.zig.Ast.parseTokens	usage	std.zig.Ast.Mode	
std.zig.Ast.parseTokens	usage	std.mem.Allocator.Error	
std.zig.Ast.parseTokens	usage	std.zig.Ast	15051
std.zig.Ast.renderAlloc	usage	std.zig.Ast	15051
std.zig.Ast.renderAlloc	usage	std.mem.Allocator	8800
std.zig.Ast.render	usage	std.zig.Ast	15051
std.zig.Ast.render	usage	std.mem.Allocator	8800
std.zig.Ast.render	usage	std.Io.Writer	903
std.zig.Ast.render	usage	std.zig.Ast.Render.Fixups	15081
std.zig.Ast.render	usage	std.zig.Ast.Render.Error	
std.zig.Ast.errorOffset	usage	std.zig.Ast	15051
std.zig.Ast.errorOffset	usage	std.zig.Ast.Error	15210
std.zig.Ast.tokenLocation	usage	std.zig.Ast	15051
std.zig.Ast.tokenLocation	usage	std.zig.Ast.Location	
std.zig.Ast.tokenSlice	usage	std.zig.Ast	15051
std.zig.Ast.extraDataSlice	usage	std.zig.Ast	15051
std.zig.Ast.extraDataSlice	usage	std.zig.Ast.Node.SubRange	
std.zig.Ast.extraDataSliceWithLen	usage	std.zig.Ast	15051
std.zig.Ast.extraDataSliceWithLen	usage	std.zig.Ast.ExtraIndex	
std.zig.Ast.extraData	usage	std.zig.Ast	15051
std.zig.Ast.extraData	usage	std.zig.Ast.ExtraIndex	
std.zig.Ast.rootDecls	usage	std.zig.Ast	15051
std.zig.Ast.rootDecls	usage	std.zig.Ast.Node.Index	15214
std.zig.Ast.renderError	usage	std.zig.Ast	15051
std.zig.Ast.renderError	usage	std.zig.Ast.Error	15210
std.zig.Ast.renderError	usage	std.Io.Writer	903
std.zig.Ast.renderError	usage	std.Io.Writer.Error	
std.zig.Ast.firstToken	usage	std.zig.Ast	15051
std.zig.Ast.firstToken	usage	std.zig.Ast.Node.Index	15214
std.zig.Ast.lastToken	usage	std.zig.Ast	15051
std.zig.Ast.lastToken	usage	std.zig.Ast.Node.Index	15214
std.zig.Ast.tokensOnSameLine	usage	std.zig.Ast	15051
std.zig.Ast.getNodeSource	usage	std.zig.Ast	15051
std.zig.Ast.getNodeSource	usage	std.zig.Ast.Node.Index	15214
std.zig.Ast.globalVarDecl	usage	std.zig.Ast	15051
std.zig.Ast.globalVarDecl	usage	std.zig.Ast.Node.Index	15214
std.zig.Ast.globalVarDecl	usage	std.zig.Ast.full.VarDecl	15168
std.zig.Ast.localVarDecl	usage	std.zig.Ast	15051
std.zig.Ast.localVarDecl	usage	std.zig.Ast.Node.Index	15214
std.zig.Ast.localVarDecl	usage	std.zig.Ast.full.VarDecl	15168
std.zig.Ast.simpleVarDecl	usage	std.zig.Ast	15051
std.zig.Ast.simpleVarDecl	usage	std.zig.Ast.Node.Index	15214
std.zig.Ast.simpleVarDecl	usage	std.zig.Ast.full.VarDecl	15168
std.zig.Ast.alignedVarDecl	usage	std.zig.Ast	15051
std.zig.Ast.alignedVarDecl	usage	std.zig.Ast.Node.Index	15214
std.zig.Ast.alignedVarDecl	usage	std.zig.Ast.full.VarDecl	15168
std.zig.Ast.assignDestructure	usage	std.zig.Ast	15051
std.zig.Ast.assignDestructure	usage	std.zig.Ast.Node.Index	15214
std.zig.Ast.assignDestructure	usage	std.zig.Ast.full.AssignDestructure	15171
std.zig.Ast.ifSimple	usage	std.zig.Ast	15051
std.zig.Ast.ifSimple	usage	std.zig.Ast.Node.Index	15214
std.zig.Ast.ifSimple	usage	std.zig.Ast.full.If	15173
std.zig.Ast.ifFull	usage	std.zig.Ast	15051
std.zig.Ast.ifFull	usage	std.zig.Ast.Node.Index	15214
std.zig.Ast.ifFull	usage	std.zig.Ast.full.If	15173
std.zig.Ast.containerField	usage	std.zig.Ast	15051
std.zig.Ast.containerField	usage	std.zig.Ast.Node.Index	15214
std.zig.Ast.containerField	usage	std.zig.Ast.full.ContainerField	15179
std.zig.Ast.containerFieldInit	usage	std.zig.Ast	15051
std.zig.Ast.containerFieldInit	usage	std.zig.Ast.Node.Index	15214
std.zig.Ast.containerFieldInit	usage	std.zig.Ast.full.ContainerField	15179
std.zig.Ast.containerFieldAlign	usage	std.zig.Ast	15051
std.zig.Ast.containerFieldAlign	usage	std.zig.Ast.Node.Index	15214
std.zig.Ast.containerFieldAlign	usage	std.zig.Ast.full.ContainerField	15179
std.zig.Ast.fnProtoSimple	usage	std.zig.Ast	15051
std.zig.Ast.fnProtoSimple	usage	std.zig.Ast.Node.Index	15214
std.zig.Ast.fnProtoSimple	usage	std.zig.Ast.full.FnProto	15183
std.zig.Ast.fnProtoMulti	usage	std.zig.Ast	15051
std.zig.Ast.fnProtoMulti	usage	std.zig.Ast.Node.Index	15214
std.zig.Ast.fnProtoMulti	usage	std.zig.Ast.full.FnProto	15183
std.zig.Ast.fnProtoOne	usage	std.zig.Ast	15051
std.zig.Ast.fnProtoOne	usage	std.zig.Ast.Node.Index	15214
std.zig.Ast.fnProtoOne	usage	std.zig.Ast.full.FnProto	15183
std.zig.Ast.fnProto	usage	std.zig.Ast	15051
std.zig.Ast.fnProto	usage	std.zig.Ast.Node.Index	15214
std.zig.Ast.fnProto	usage	std.zig.Ast.full.FnProto	15183
std.zig.Ast.structInitOne	usage	std.zig.Ast	15051
std.zig.Ast.structInitOne	usage	std.zig.Ast.Node.Index	15214
std.zig.Ast.structInitOne	usage	std.zig.Ast.full.StructInit	15190
std.zig.Ast.structInitDotTwo	usage	std.zig.Ast	15051
std.zig.Ast.structInitDotTwo	usage	std.zig.Ast.Node.Index	15214
std.zig.Ast.structInitDotTwo	usage	std.zig.Ast.full.StructInit	15190
std.zig.Ast.structInitDot	usage	std.zig.Ast	15051
std.zig.Ast.structInitDot	usage	std.zig.Ast.Node.Index	15214
std.zig.Ast.structInitDot	usage	std.zig.Ast.full.StructInit	15190
std.zig.Ast.structInit	usage	std.zig.Ast	15051
std.zig.Ast.structInit	usage	std.zig.Ast.Node.Index	15214
std.zig.Ast.structInit	usage	std.zig.Ast.full.StructInit	15190
std.zig.Ast.arrayInitOne	usage	std.zig.Ast	15051
std.zig.Ast.arrayInitOne	usage	std.zig.Ast.Node.Index	15214
std.zig.Ast.arrayInitOne	usage	std.zig.Ast.full.ArrayInit	15192
std.zig.Ast.arrayInitDotTwo	usage	std.zig.Ast	15051
std.zig.Ast.arrayInitDotTwo	usage	std.zig.Ast.Node.Index	15214
std.zig.Ast.arrayInitDotTwo	usage	std.zig.Ast.full.ArrayInit	15192
std.zig.Ast.arrayInitDot	usage	std.zig.Ast	15051
std.zig.Ast.arrayInitDot	usage	std.zig.Ast.Node.Index	15214
std.zig.Ast.arrayInitDot	usage	std.zig.Ast.full.ArrayInit	15192
std.zig.Ast.arrayInit	usage	std.zig.Ast	15051
std.zig.Ast.arrayInit	usage	std.zig.Ast.Node.Index	15214
std.zig.Ast.arrayInit	usage	std.zig.Ast.full.ArrayInit	15192
std.zig.Ast.arrayType	usage	std.zig.Ast	15051
std.zig.Ast.arrayType	usage	std.zig.Ast.Node.Index	15214
std.zig.Ast.arrayType	usage	std.zig.Ast.full.ArrayType	15194
std.zig.Ast.arrayTypeSentinel	usage	std.zig.Ast	15051
std.zig.Ast.arrayTypeSentinel	usage	std.zig.Ast.Node.Index	15214
std.zig.Ast.arrayTypeSentinel	usage	std.zig.Ast.full.ArrayType	15194
std.zig.Ast.ptrTypeAligned	usage	std.zig.Ast	15051
std.zig.Ast.ptrTypeAligned	usage	std.zig.Ast.Node.Index	15214
std.zig.Ast.ptrTypeAligned	usage	std.zig.Ast.full.PtrType	15196
std.zig.Ast.ptrTypeSentinel	usage	std.zig.Ast	15051
std.zig.Ast.ptrTypeSentinel	usage	std.zig.Ast.Node.Index	15214
std.zig.Ast.ptrTypeSentinel	usage	std.zig.Ast.full.PtrType	15196
std.zig.Ast.ptrType	usage	std.zig.Ast	15051
std.zig.Ast.ptrType	usage	std.zig.Ast.Node.Index	15214
std.zig.Ast.ptrType	usage	std.zig.Ast.full.PtrType	15196
std.zig.Ast.ptrTypeBitRange	usage	std.zig.Ast	15051
std.zig.Ast.ptrTypeBitRange	usage	std.zig.Ast.Node.Index	15214
std.zig.Ast.ptrTypeBitRange	usage	std.zig.Ast.full.PtrType	15196
std.zig.Ast.sliceOpen	usage	std.zig.Ast	15051
std.zig.Ast.sliceOpen	usage	std.zig.Ast.Node.Index	15214
std.zig.Ast.sliceOpen	usage	std.zig.Ast.full.Slice	15198
std.zig.Ast.slice	usage	std.zig.Ast	15051
std.zig.Ast.slice	usage	std.zig.Ast.Node.Index	15214
std.zig.Ast.slice	usage	std.zig.Ast.full.Slice	15198
std.zig.Ast.sliceSentinel	usage	std.zig.Ast	15051
std.zig.Ast.sliceSentinel	usage	std.zig.Ast.Node.Index	15214
std.zig.Ast.sliceSentinel	usage	std.zig.Ast.full.Slice	15198
std.zig.Ast.containerDeclTwo	usage	std.zig.Ast	15051
std.zig.Ast.containerDeclTwo	usage	std.zig.Ast.Node.Index	15214
std.zig.Ast.containerDeclTwo	usage	std.zig.Ast.full.ContainerDecl	15200
std.zig.Ast.containerDecl	usage	std.zig.Ast	15051
std.zig.Ast.containerDecl	usage	std.zig.Ast.Node.Index	15214
std.zig.Ast.containerDecl	usage	std.zig.Ast.full.ContainerDecl	15200
std.zig.Ast.containerDeclArg	usage	std.zig.Ast	15051
std.zig.Ast.containerDeclArg	usage	std.zig.Ast.Node.Index	15214
std.zig.Ast.containerDeclArg	usage	std.zig.Ast.full.ContainerDecl	15200
std.zig.Ast.containerDeclRoot	usage	std.zig.Ast	15051
std.zig.Ast.containerDeclRoot	usage	std.zig.Ast.full.ContainerDecl	15200
std.zig.Ast.taggedUnionTwo	usage	std.zig.Ast	15051
std.zig.Ast.taggedUnionTwo	usage	std.zig.Ast.Node.Index	15214
std.zig.Ast.taggedUnionTwo	usage	std.zig.Ast.full.ContainerDecl	15200
std.zig.Ast.taggedUnion	usage	std.zig.Ast	15051
std.zig.Ast.taggedUnion	usage	std.zig.Ast.Node.Index	15214
std.zig.Ast.taggedUnion	usage	std.zig.Ast.full.ContainerDecl	15200
std.zig.Ast.taggedUnionEnumTag	usage	std.zig.Ast	15051
std.zig.Ast.taggedUnionEnumTag	usage	std.zig.Ast.Node.Index	15214
std.zig.Ast.taggedUnionEnumTag	usage	std.zig.Ast.full.ContainerDecl	15200
std.zig.Ast.switchFull	usage	std.zig.Ast	15051
std.zig.Ast.switchFull	usage	std.zig.Ast.Node.Index	15214
std.zig.Ast.switchFull	usage	std.zig.Ast.full.Switch	15202
std.zig.Ast.switchCaseOne	usage	std.zig.Ast	15051
std.zig.Ast.switchCaseOne	usage	std.zig.Ast.Node.Index	15214
std.zig.Ast.switchCaseOne	usage	std.zig.Ast.full.SwitchCase	15204
std.zig.Ast.switchCase	usage	std.zig.Ast	15051
std.zig.Ast.switchCase	usage	std.zig.Ast.Node.Index	15214
std.zig.Ast.switchCase	usage	std.zig.Ast.full.SwitchCase	15204
std.zig.Ast.asmSimple	usage	std.zig.Ast	15051
std.zig.Ast.asmSimple	usage	std.zig.Ast.Node.Index	15214
std.zig.Ast.asmSimple	usage	std.zig.Ast.full.Asm	15206
std.zig.Ast.asmFull	usage	std.zig.Ast	15051
std.zig.Ast.asmFull	usage	std.zig.Ast.Node.Index	15214
std.zig.Ast.asmFull	usage	std.zig.Ast.full.Asm	15206
std.zig.Ast.whileSimple	usage	std.zig.Ast	15051
std.zig.Ast.whileSimple	usage	std.zig.Ast.Node.Index	15214
std.zig.Ast.whileSimple	usage	std.zig.Ast.full.While	15175
std.zig.Ast.whileCont	usage	std.zig.Ast	15051
std.zig.Ast.whileCont	usage	std.zig.Ast.Node.Index	15214
std.zig.Ast.whileCont	usage	std.zig.Ast.full.While	15175
std.zig.Ast.whileFull	usage	std.zig.Ast	15051
std.zig.Ast.whileFull	usage	std.zig.Ast.Node.Index	15214
std.zig.Ast.whileFull	usage	std.zig.Ast.full.While	15175
std.zig.Ast.forSimple	usage	std.zig.Ast	15051
std.zig.Ast.forSimple	usage	std.zig.Ast.Node.Index	15214
std.zig.Ast.forSimple	usage	std.zig.Ast.full.For	15177
std.zig.Ast.forFull	usage	std.zig.Ast	15051
std.zig.Ast.forFull	usage	std.zig.Ast.Node.Index	15214
std.zig.Ast.forFull	usage	std.zig.Ast.full.For	15177
std.zig.Ast.callOne	usage	std.zig.Ast	15051
std.zig.Ast.callOne	usage	std.zig.Ast.Node.Index	15214
std.zig.Ast.callOne	usage	std.zig.Ast.full.Call	15208
std.zig.Ast.callFull	usage	std.zig.Ast	15051
std.zig.Ast.callFull	usage	std.zig.Ast.Node.Index	15214
std.zig.Ast.callFull	usage	std.zig.Ast.full.Call	15208
std.zig.Ast.fullVarDecl	usage	std.zig.Ast	15051
std.zig.Ast.fullVarDecl	usage	std.zig.Ast.Node.Index	15214
std.zig.Ast.fullVarDecl	usage	std.zig.Ast.full.VarDecl	15168
std.zig.Ast.fullIf	usage	std.zig.Ast	15051
std.zig.Ast.fullIf	usage	std.zig.Ast.Node.Index	15214
std.zig.Ast.fullIf	usage	std.zig.Ast.full.If	15173
std.zig.Ast.fullWhile	usage	std.zig.Ast	15051
std.zig.Ast.fullWhile	usage	std.zig.Ast.Node.Index	15214
std.zig.Ast.fullWhile	usage	std.zig.Ast.full.While	15175
std.zig.Ast.fullFor	usage	std.zig.Ast	15051
std.zig.Ast.fullFor	usage	std.zig.Ast.Node.Index	15214
std.zig.Ast.fullFor	usage	std.zig.Ast.full.For	15177
std.zig.Ast.fullContainerField	usage	std.zig.Ast	15051
std.zig.Ast.fullContainerField	usage	std.zig.Ast.Node.Index	15214
std.zig.Ast.fullContainerField	usage	std.zig.Ast.full.ContainerField	15179
std.zig.Ast.fullFnProto	usage	std.zig.Ast	15051
std.zig.Ast.fullFnProto	usage	std.zig.Ast.Node.Index	15214
std.zig.Ast.fullFnProto	usage	std.zig.Ast.full.FnProto	15183
std.zig.Ast.fullStructInit	usage	std.zig.Ast	15051
std.zig.Ast.fullStructInit	usage	std.zig.Ast.Node.Index	15214
std.zig.Ast.fullStructInit	usage	std.zig.Ast.full.StructInit	15190
std.zig.Ast.fullArrayInit	usage	std.zig.Ast	15051
std.zig.Ast.fullArrayInit	usage	std.zig.Ast.Node.Index	15214
std.zig.Ast.fullArrayInit	usage	std.zig.Ast.full.ArrayInit	15192
std.zig.Ast.fullArrayType	usage	std.zig.Ast	15051
std.zig.Ast.fullArrayType	usage	std.zig.Ast.Node.Index	15214
std.zig.Ast.fullArrayType	usage	std.zig.Ast.full.ArrayType	15194
std.zig.Ast.fullPtrType	usage	std.zig.Ast	15051
std.zig.Ast.fullPtrType	usage	std.zig.Ast.Node.Index	15214
std.zig.Ast.fullPtrType	usage	std.zig.Ast.full.PtrType	15196
std.zig.Ast.fullSlice	usage	std.zig.Ast	15051
std.zig.Ast.fullSlice	usage	std.zig.Ast.Node.Index	15214
std.zig.Ast.fullSlice	usage	std.zig.Ast.full.Slice	15198
std.zig.Ast.fullContainerDecl	usage	std.zig.Ast	15051
std.zig.Ast.fullContainerDecl	usage	std.zig.Ast.Node.Index	15214
std.zig.Ast.fullContainerDecl	usage	std.zig.Ast.full.ContainerDecl	15200
std.zig.Ast.fullSwitch	usage	std.zig.Ast	15051
std.zig.Ast.fullSwitch	usage	std.zig.Ast.Node.Index	15214
std.zig.Ast.fullSwitch	usage	std.zig.Ast.full.Switch	15202
std.zig.Ast.fullSwitchCase	usage	std.zig.Ast	15051
std.zig.Ast.fullSwitchCase	usage	std.zig.Ast.Node.Index	15214
std.zig.Ast.fullSwitchCase	usage	std.zig.Ast.full.SwitchCase	15204
std.zig.Ast.fullAsm	usage	std.zig.Ast	15051
std.zig.Ast.fullAsm	usage	std.zig.Ast.Node.Index	15214
std.zig.Ast.fullAsm	usage	std.zig.Ast.full.Asm	15206
std.zig.Ast.fullCall	usage	std.zig.Ast	15051
std.zig.Ast.fullCall	usage	std.zig.Ast.Node.Index	15214
std.zig.Ast.fullCall	usage	std.zig.Ast.full.Call	15208
std.zig.Ast.builtinCallParams	usage	std.zig.Ast	15051
std.zig.Ast.builtinCallParams	usage	std.zig.Ast.Node.Index	15214
std.zig.Ast.blockStatements	usage	std.zig.Ast	15051
std.zig.Ast.blockStatements	usage	std.zig.Ast.Node.Index	15214
std.zig.Ast.nodeToSpan	usage	std.zig.Ast	15051
std.zig.Ast.nodeToSpan	usage	std.zig.Ast.Node.Index	15214
std.zig.Ast.nodeToSpan	usage	std.zig.Ast.Span	
std.zig.Ast.tokenToSpan	usage	std.zig.Ast	15051
std.zig.Ast.tokenToSpan	usage	std.zig.Ast.TokenIndex	
std.zig.Ast.tokenToSpan	usage	std.zig.Ast.Span	
std.zig.Ast.tokensToSpan	usage	std.zig.Ast	15051
std.zig.Ast.tokensToSpan	usage	std.zig.Ast.TokenIndex	
std.zig.Ast.tokensToSpan	usage	std.zig.Ast.Span	
std.crypto.dh.X25519.Curve.scalar.rejectNonCanonical	usage	std.crypto.dh.X25519.Curve.scalar.CompressedScalar	
std.crypto.dh.X25519.Curve.scalar.rejectNonCanonical	usage	std.crypto.errors.NonCanonicalError	
std.crypto.dh.X25519.Curve.scalar.reduce	usage	std.crypto.dh.X25519.Curve.scalar.CompressedScalar	
std.crypto.dh.X25519.Curve.scalar.reduce64	usage	std.crypto.dh.X25519.Curve.scalar.CompressedScalar	
std.crypto.dh.X25519.Curve.scalar.clamp	usage	std.crypto.dh.X25519.Curve.scalar.CompressedScalar	
std.crypto.dh.X25519.Curve.scalar.mul	usage	std.crypto.dh.X25519.Curve.scalar.CompressedScalar	
std.crypto.dh.X25519.Curve.scalar.mulAdd	usage	std.crypto.dh.X25519.Curve.scalar.CompressedScalar	
std.crypto.dh.X25519.Curve.scalar.mul8	usage	std.crypto.dh.X25519.Curve.scalar.CompressedScalar	
std.crypto.dh.X25519.Curve.scalar.add	usage	std.crypto.dh.X25519.Curve.scalar.CompressedScalar	
std.crypto.dh.X25519.Curve.scalar.neg	usage	std.crypto.dh.X25519.Curve.scalar.CompressedScalar	
std.crypto.dh.X25519.Curve.scalar.sub	usage	std.crypto.dh.X25519.Curve.scalar.CompressedScalar	
std.crypto.dh.X25519.Curve.scalar.random	usage	std.Io	696
std.crypto.dh.X25519.Curve.scalar.random	usage	std.crypto.dh.X25519.Curve.scalar.CompressedScalar	
std.Io.Dispatch.allocator	usage	std.Io.Dispatch	784
std.Io.Dispatch.allocator	usage	std.mem.Allocator	8800
std.Io.Dispatch.io	usage	std.Io.Dispatch	784
std.Io.Dispatch.io	usage	std.Io	696
std.Io.Dispatch.init	usage	std.Io.Dispatch	784
std.Io.Dispatch.init	usage	std.mem.Allocator	8800
std.Io.Dispatch.init	usage	std.Io.Dispatch.InitOptions	
std.Io.Dispatch.deinit	usage	std.Io.Dispatch	784
std.debug.lockStderr	usage	std.Io.LockedStderr	1621
std.debug.getSelfDebugInfo	usage	std.debug.SelfInfo	
std.debug.dumpHexFallible	usage	std.Io.Terminal	1444
std.debug.assertAligned	usage	std.mem.Alignment	8829
std.debug.captureCurrentStackTrace	usage	std.debug.StackUnwindOptions	
std.debug.captureCurrentStackTrace	usage	std.debug.StackTrace	
std.debug.writeCurrentStackTrace	usage	std.debug.StackUnwindOptions	
std.debug.writeCurrentStackTrace	usage	std.Io.Terminal	1444
std.debug.writeCurrentStackTrace	usage	std.Io.Writer.Error	
std.debug.dumpCurrentStackTrace	usage	std.debug.StackUnwindOptions	
std.debug.writeErrorReturnTrace	usage	std.builtin.StackTrace	
std.debug.writeErrorReturnTrace	usage	std.Io.Terminal	1444
std.debug.writeErrorReturnTrace	usage	std.Io.Writer.Error	
std.debug.writeStackTrace	usage	std.debug.StackTrace	
std.debug.writeStackTrace	usage	std.Io.Terminal	1444
std.debug.writeStackTrace	usage	std.Io.Writer.Error	
std.debug.dumpStackTrace	usage	std.debug.StackTrace	
std.debug.dumpErrorReturnTrace	usage	std.builtin.StackTrace	
std.debug.getDebugInfoAllocator	usage	std.mem.Allocator	8800
std.debug.updateSegfaultHandler	usage	std.posix.Sigaction	
std.debug.defaultHandleSegfault	usage	std.debug.CpuContextPtr	
std.zig.hashSrc	usage	std.zig.SrcHash	
std.zig.srcHashEql	usage	std.zig.SrcHash	
std.zig.hashName	usage	std.zig.SrcHash	
std.zig.findLineColumn	usage	std.zig.Loc	16341
std.zig.binNameAlloc	usage	std.mem.Allocator	8800
std.zig.binNameAlloc	usage	std.zig.BinNameOptions	
std.zig.serializeCpu	usage	std.array_list.Managed	
std.zig.serializeCpu	usage	std.Target.Cpu	3381
std.zig.serializeCpu	usage	std.mem.Allocator.Error	
std.zig.serializeCpuAlloc	usage	std.mem.Allocator	8800
std.zig.serializeCpuAlloc	usage	std.Target.Cpu	3381
std.zig.serializeCpuAlloc	usage	std.mem.Allocator.Error	
std.zig.fmtId	usage	std.zig.FormatId	16373
std.zig.fmtIdFlags	usage	std.zig.FormatId.Flags	
std.zig.fmtIdFlags	usage	std.zig.FormatId	16373
std.zig.fmtIdPU	usage	std.zig.FormatId	16373
std.zig.fmtIdP	usage	std.zig.FormatId	16373
std.zig.fmtString	usage	std.fmt.Alt	
std.zig.fmtString	usage	std.zig.stringEscape	
std.zig.fmtChar	usage	std.fmt.Alt	
std.zig.fmtChar	usage	std.zig.charEscape	
std.zig.stringEscape	usage	std.Io.Writer	903
std.zig.stringEscape	usage	std.Io.Writer.Error	
std.zig.charEscape	usage	std.Io.Writer	903
std.zig.charEscape	usage	std.Io.Writer.Error	
std.zig.readSourceFileToEndAlloc	usage	std.mem.Allocator	8800
std.zig.readSourceFileToEndAlloc	usage	std.Io.File.Reader	1307
std.zig.printAstErrorsToStderr	usage	std.mem.Allocator	8800
std.zig.printAstErrorsToStderr	usage	std.Io	696
std.zig.printAstErrorsToStderr	usage	std.zig.Ast	15051
std.zig.printAstErrorsToStderr	usage	std.zig.Color	16335
std.zig.putAstErrorsIntoBundle	usage	std.mem.Allocator	8800
std.zig.putAstErrorsIntoBundle	usage	std.zig.Ast	15051
std.zig.putAstErrorsIntoBundle	usage	std.zig.ErrorBundle.Wip	14969
std.zig.putAstErrorsIntoBundle	usage	std.mem.Allocator.Error	
std.zig.resolveTargetQueryOrFatal	usage	std.Io	696
std.zig.resolveTargetQueryOrFatal	usage	std.Target.Query	1892
std.zig.resolveTargetQueryOrFatal	usage	std.Target	1891
std.zig.parseTargetQueryOrReportFatalError	usage	std.mem.Allocator	8800
std.zig.parseTargetQueryOrReportFatalError	usage	std.Target.Query.ParseOptions	1900
std.zig.parseTargetQueryOrReportFatalError	usage	std.Target.Query	1892
std.zig.system.getExternalExecutor	usage	std.Io	696
std.zig.system.getExternalExecutor	usage	std.Target	1891
std.zig.system.getExternalExecutor	usage	std.zig.system.GetExternalExecutorOptions	
std.zig.system.getExternalExecutor	usage	std.zig.system.Executor	
std.zig.system.resolveTargetQuery	usage	std.Io	696
std.zig.system.resolveTargetQuery	usage	std.Target.Query	1892
std.zig.system.resolveTargetQuery	usage	std.zig.system.DetectError	
std.zig.system.resolveTargetQuery	usage	std.Target	1891
