path	sig
std.BitStack.init	fn init(allocator: Allocator) @This()
std.BitStack.deinit	fn deinit(self: *@This()) void
std.BitStack.ensureTotalCapacity	fn ensureTotalCapacity(self: *@This(), bit_capacity: usize) Allocator.Error!void
std.BitStack.push	fn push(self: *@This(), b: u1) Allocator.Error!void
std.BitStack.peek	fn peek(self: *const @This()) u1
std.BitStack.pop	fn pop(self: *@This()) u1
std.BitStack.pushWithStateAssumeCapacity	fn pushWithStateAssumeCapacity(buf: []u8, bit_len: *usize, b: u1) void
std.BitStack.peekWithState	fn peekWithState(buf: []const u8, bit_len: usize) u1
std.BitStack.popWithState	fn popWithState(buf: []const u8, bit_len: *usize) u1
std.Build.Cache.Path.clone	fn clone(p: Path, arena: Allocator) Allocator.Error!Path
std.Build.Cache.Path.cwd	fn cwd() Path
std.Build.Cache.Path.initCwd	fn initCwd(sub_path: []const u8) Path
std.Build.Cache.Path.join	fn join(p: Path, arena: Allocator, sub_path: []const u8) Allocator.Error!Path
std.Build.Cache.Path.resolvePosix	fn resolvePosix(p: Path, arena: Allocator, sub_path: []const u8) Allocator.Error!Path
std.Build.Cache.Path.joinString	fn joinString(p: Path, gpa: Allocator, sub_path: []const u8) Allocator.Error![]u8
std.Build.Cache.Path.joinStringZ	fn joinStringZ(p: Path, gpa: Allocator, sub_path: []const u8) Allocator.Error![:0]u8
std.Build.Cache.Path.openFile	fn openFile(p: Path, io: Io, sub_path: []const u8, flags: Io.File.OpenFlags) !Io.File
std.Build.Cache.Path.openDir	fn openDir( p: Path, io: Io, sub_path: []const u8, args: Io.Dir.OpenOptions, ) Io.Dir.OpenError!Io.Dir
std.Build.Cache.Path.createDirPathOpen	fn createDirPathOpen(p: Path, io: Io, sub_path: []const u8, opts: Io.Dir.OpenOptions) !Io.Dir
std.Build.Cache.Path.statFile	fn statFile(p: Path, io: Io, sub_path: []const u8) !Io.Dir.Stat
std.Build.Cache.Path.atomicFile	fn atomicFile( p: Path, io: Io, sub_path: []const u8, options: Io.Dir.AtomicFileOptions, buf: *[fs.max_path_bytes]u8, ) !fs.AtomicFile
std.Build.Cache.Path.access	fn access(p: Path, io: Io, sub_path: []const u8, flags: Io.Dir.AccessOptions) !void
std.Build.Cache.Path.createDirPath	fn createDirPath(p: Path, io: Io, sub_path: []const u8) !void
std.Build.Cache.Path.toString	fn toString(p: Path, allocator: Allocator) Allocator.Error![]u8
std.Build.Cache.Path.toStringZ	fn toStringZ(p: Path, allocator: Allocator) Allocator.Error![:0]u8
std.Build.Cache.Path.fmtEscapeString	fn fmtEscapeString(path: Path) std.fmt.Alt(Path, formatEscapeString)
std.Build.Cache.Path.formatEscapeString	fn formatEscapeString(path: Path, writer: *Io.Writer) Io.Writer.Error!void
std.Build.Cache.Path.fmtEscapeChar	fn fmtEscapeChar(path: Path) std.fmt.Alt(Path, formatEscapeChar)
std.Build.Cache.Path.formatEscapeChar	fn formatEscapeChar(path: Path, writer: *Io.Writer) Io.Writer.Error!void
std.Build.Cache.Path.format	fn format(self: Path, writer: *Io.Writer) Io.Writer.Error!void
std.Build.Cache.Path.eql	fn eql(self: Path, other: Path) bool
std.Build.Cache.Path.subPathOpt	fn subPathOpt(self: Path) ?[]const u8
std.Build.Cache.Path.subPathOrDot	fn subPathOrDot(self: Path) []const u8
std.Build.Cache.Path.stem	fn stem(p: Path) []const u8
std.Build.Cache.Path.basename	fn basename(p: Path) []const u8
std.Build.Cache.Path.TableAdapter.hash	fn hash(self: TableAdapter, a: Cache.Path) u32
std.Build.Cache.Path.TableAdapter.eql	fn eql(self: TableAdapter, a: Cache.Path, b: Cache.Path, b_index: usize) bool
std.Build.Cache.Directory.clone	fn clone(d: Directory, arena: Allocator) Allocator.Error!Directory
std.Build.Cache.Directory.cwd	fn cwd() Directory
std.Build.Cache.Directory.join	fn join(self: Directory, allocator: Allocator, paths: []const []const u8) ![]u8
std.Build.Cache.Directory.joinZ	fn joinZ(self: Directory, allocator: Allocator, paths: []const []const u8) ![:0]u8
std.Build.Cache.Directory.closeAndFree	fn closeAndFree(self: *Directory, gpa: Allocator, io: Io) void
std.Build.Cache.Directory.format	fn format(self: Directory, writer: *std.Io.Writer) std.Io.Writer.Error!void
std.Build.Cache.Directory.eql	fn eql(self: Directory, other: Directory) bool
std.Build.Cache.DepTokenizer.next	fn next(self: *Tokenizer) ?Token
std.Build.Cache.DepTokenizer.Token.resolve	fn resolve(self: Token, gpa: Allocator, list: *std.ArrayList(u8)) error{OutOfMemory}!void
std.Build.Cache.DepTokenizer.Token.printError	fn printError(self: Token, gpa: Allocator, list: *std.ArrayList(u8)) error{OutOfMemory}!void
std.Build.Cache.addPrefix	fn addPrefix(cache: *Cache, directory: Directory) void
std.Build.Cache.obtain	fn obtain(cache: *Cache) Manifest
std.Build.Cache.prefixes	fn prefixes(cache: *const Cache) []const Directory
std.Build.Cache.File.Stat.fromFs	fn fromFs(fs_stat: Io.File.Stat) Stat
std.Build.Cache.File.deinit	fn deinit(self: *File, gpa: Allocator) void
std.Build.Cache.File.updateMaxSize	fn updateMaxSize(file: *File, new_max_size: ?usize) void
std.Build.Cache.File.updateHandle	fn updateHandle(file: *File, new_handle: ?Io.File) void
std.Build.Cache.HashHelper.addBytes	fn addBytes(hh: *HashHelper, bytes: []const u8) void
std.Build.Cache.HashHelper.addOptionalBytes	fn addOptionalBytes(hh: *HashHelper, optional_bytes: ?[]const u8) void
std.Build.Cache.HashHelper.addListOfBytes	fn addListOfBytes(hh: *HashHelper, list_of_bytes: []const []const u8) void
std.Build.Cache.HashHelper.addOptionalListOfBytes	fn addOptionalListOfBytes(hh: *HashHelper, optional_list_of_bytes: ?[]const []const u8) void
std.Build.Cache.HashHelper.add	fn add(hh: *HashHelper, x: anytype) void
std.Build.Cache.HashHelper.addOptional	fn addOptional(hh: *HashHelper, optional: anytype) void
std.Build.Cache.HashHelper.peek	fn peek(hh: HashHelper) [hex_digest_len]u8
std.Build.Cache.HashHelper.peekBin	fn peekBin(hh: HashHelper) BinDigest
std.Build.Cache.HashHelper.final	fn final(hh: *HashHelper) HexDigest
std.Build.Cache.HashHelper.oneShot	fn oneShot(bytes: []const u8) [hex_digest_len]u8
std.Build.Cache.binToHex	fn binToHex(bin_digest: BinDigest) HexDigest
std.Build.Cache.Lock.release	fn release(lock: *Lock, io: Io) void
std.Build.Cache.Manifest.FilesContext.hash	fn hash(fc: FilesContext, file: File) u32
std.Build.Cache.Manifest.FilesContext.eql	fn eql(fc: FilesContext, a: File, b: File, b_index: usize) bool
std.Build.Cache.Manifest.addFilePath	fn addFilePath(m: *Manifest, file_path: Path, max_file_size: ?usize) !usize
std.Build.Cache.Manifest.addOpenedFile	fn addOpenedFile(m: *Manifest, path: Path, handle: ?Io.File, max_file_size: ?usize) !usize
std.Build.Cache.Manifest.addFile	fn addFile(self: *Manifest, file_path: []const u8, max_file_size: ?usize) !usize
std.Build.Cache.Manifest.addOptionalFile	fn addOptionalFile(self: *Manifest, optional_file_path: ?[]const u8) !void
std.Build.Cache.Manifest.addOptionalFilePath	fn addOptionalFilePath(self: *Manifest, optional_file_path: ?Path) !void
std.Build.Cache.Manifest.addListOfFiles	fn addListOfFiles(self: *Manifest, list_of_files: []const []const u8) !void
std.Build.Cache.Manifest.addDepFile	fn addDepFile(self: *Manifest, dir: Io.Dir, dep_file_sub_path: []const u8) !void
std.Build.Cache.Manifest.hit	fn hit(self: *Manifest) HitError!bool
std.Build.Cache.Manifest.unhit	fn unhit(self: *Manifest, bin_digest: BinDigest, input_file_count: usize) void
std.Build.Cache.Manifest.addFilePostFetch	fn addFilePostFetch(self: *Manifest, file_path: []const u8, max_file_size: usize) ![]const u8
std.Build.Cache.Manifest.addFilePost	fn addFilePost(self: *Manifest, file_path: []const u8) !void
std.Build.Cache.Manifest.addFilePostContents	fn addFilePostContents( self: *Manifest, file_path: []const u8, bytes: []const u8, stat: File.Stat, ) !void
std.Build.Cache.Manifest.addDepFilePost	fn addDepFilePost(self: *Manifest, dir: Io.Dir, dep_file_sub_path: []const u8) !void
std.Build.Cache.Manifest.finalBin	fn finalBin(self: *Manifest) BinDigest
std.Build.Cache.Manifest.final	fn final(self: *Manifest) HexDigest
std.Build.Cache.Manifest.writeManifest	fn writeManifest(self: *Manifest) !void
std.Build.Cache.Manifest.toOwnedLock	fn toOwnedLock(self: *Manifest) Lock
std.Build.Cache.Manifest.deinit	fn deinit(self: *Manifest) void
std.Build.Cache.Manifest.populateFileSystemInputs	fn populateFileSystemInputs(man: *Manifest, buf: *std.ArrayList(u8)) Allocator.Error!void
std.Build.Cache.Manifest.populateOtherManifest	fn populateOtherManifest(man: *Manifest, other: *Manifest, prefix_map: [4]u8) Allocator.Error!void
std.Build.Step.TestResults.isSuccess	fn isSuccess(tr: TestResults) bool
std.Build.Step.TestResults.passCount	fn passCount(tr: TestResults) u32
std.Build.Step.Id.Type	fn Type(comptime id: Id) type
std.Build.Step.CheckFile.create	fn create( owner: *std.Build, source: std.Build.LazyPath, options: Options, ) *CheckFile
std.Build.Step.CheckFile.setName	fn setName(check_file: *CheckFile, name: []const u8) void
std.Build.Step.CheckObject.create	fn create( owner: *std.Build, source: std.Build.LazyPath, obj_format: std.Target.ObjectFormat, ) *CheckObject
std.Build.Step.CheckObject.checkExact	fn checkExact(check_object: *CheckObject, phrase: []const u8) void
std.Build.Step.CheckObject.checkExactPath	fn checkExactPath(check_object: *CheckObject, phrase: []const u8, lazy_path: std.Build.LazyPath) void
std.Build.Step.CheckObject.checkContains	fn checkContains(check_object: *CheckObject, phrase: []const u8) void
std.Build.Step.CheckObject.checkContainsPath	fn checkContainsPath( check_object: *CheckObject, phrase: []const u8, lazy_path: std.Build.LazyPath, ) void
std.Build.Step.CheckObject.checkExtract	fn checkExtract(check_object: *CheckObject, phrase: []const u8) void
std.Build.Step.CheckObject.checkExtractLazyPath	fn checkExtractLazyPath(check_object: *CheckObject, phrase: []const u8, lazy_path: std.Build.LazyPath) void
std.Build.Step.CheckObject.checkNotPresent	fn checkNotPresent(check_object: *CheckObject, phrase: []const u8) void
std.Build.Step.CheckObject.checkNotPresentLazyPath	fn checkNotPresentLazyPath(check_object: *CheckObject, phrase: []const u8, lazy_path: std.Build.LazyPath) void
std.Build.Step.CheckObject.checkInHeaders	fn checkInHeaders(check_object: *CheckObject) void
std.Build.Step.CheckObject.checkInSymtab	fn checkInSymtab(check_object: *CheckObject) void
std.Build.Step.CheckObject.checkInDyldRebase	fn checkInDyldRebase(check_object: *CheckObject) void
std.Build.Step.CheckObject.checkInDyldBind	fn checkInDyldBind(check_object: *CheckObject) void
std.Build.Step.CheckObject.checkInDyldWeakBind	fn checkInDyldWeakBind(check_object: *CheckObject) void
std.Build.Step.CheckObject.checkInDyldLazyBind	fn checkInDyldLazyBind(check_object: *CheckObject) void
std.Build.Step.CheckObject.checkInExports	fn checkInExports(check_object: *CheckObject) void
std.Build.Step.CheckObject.checkInIndirectSymtab	fn checkInIndirectSymtab(check_object: *CheckObject) void
std.Build.Step.CheckObject.checkInDynamicSymtab	fn checkInDynamicSymtab(check_object: *CheckObject) void
std.Build.Step.CheckObject.checkInDynamicSection	fn checkInDynamicSection(check_object: *CheckObject) void
std.Build.Step.CheckObject.checkInArchiveSymtab	fn checkInArchiveSymtab(check_object: *CheckObject) void
std.Build.Step.CheckObject.dumpSection	fn dumpSection(check_object: *CheckObject, name: [:0]const u8) void
std.Build.Step.CheckObject.checkComputeCompare	fn checkComputeCompare( check_object: *CheckObject, program: []const u8, expected: ComputeCompareExpected, ) void
std.Build.Step.ConfigHeader.Style.getPath	fn getPath(style: Style) ?std.Build.LazyPath
std.Build.Step.ConfigHeader.create	fn create(owner: *std.Build, options: Options) *ConfigHeader
std.Build.Step.ConfigHeader.addIdent	fn addIdent(config_header: *ConfigHeader, name: []const u8, value: []const u8) void
std.Build.Step.ConfigHeader.addValue	fn addValue(config_header: *ConfigHeader, name: []const u8, comptime T: type, value: T) void
std.Build.Step.ConfigHeader.addValues	fn addValues(config_header: *ConfigHeader, values: anytype) void
std.Build.Step.ConfigHeader.getOutputDir	fn getOutputDir(ch: *ConfigHeader) std.Build.LazyPath
std.Build.Step.ConfigHeader.getOutputFile	fn getOutputFile(ch: *ConfigHeader) std.Build.LazyPath
std.Build.Step.Fail.create	fn create(owner: *std.Build, error_msg: []const u8) *Fail
std.Build.Step.Fmt.create	fn create(owner: *std.Build, options: Options) *Fmt
std.Build.Step.InstallArtifact.create	fn create(owner: *std.Build, artifact: *Step.Compile, options: Options) *InstallArtifact
std.Build.Step.InstallDir.create	fn create(owner: *std.Build, options: Options) *InstallDir
std.Build.Step.InstallFile.create	fn create( owner: *std.Build, source: LazyPath, dir: InstallDir, dest_rel_path: []const u8, ) *InstallFile
std.Build.Step.ObjCopy.create	fn create( owner: *std.Build, input_file: std.Build.LazyPath, options: Options, ) *ObjCopy
std.Build.Step.ObjCopy.getOutput	fn getOutput(objcopy: *const ObjCopy) std.Build.LazyPath
std.Build.Step.ObjCopy.getOutputSeparatedDebug	fn getOutputSeparatedDebug(objcopy: *const ObjCopy) ?std.Build.LazyPath
std.Build.Step.Compile.Kind.isTest	fn isTest(kind: Kind) bool
std.Build.Step.Compile.HeaderInstallation.File.dupe	fn dupe(file: File, b: *std.Build) File
std.Build.Step.Compile.HeaderInstallation.Directory.Options.dupe	fn dupe(opts: Directory.Options, b: *std.Build) Directory.Options
std.Build.Step.Compile.HeaderInstallation.Directory.dupe	fn dupe(dir: Directory, b: *std.Build) Directory
std.Build.Step.Compile.HeaderInstallation.getSource	fn getSource(installation: HeaderInstallation) LazyPath
std.Build.Step.Compile.HeaderInstallation.dupe	fn dupe(installation: HeaderInstallation, b: *std.Build) HeaderInstallation
std.Build.Step.Compile.create	fn create(owner: *std.Build, options: Options) *Compile
std.Build.Step.Compile.installHeader	fn installHeader(cs: *Compile, source: LazyPath, dest_rel_path: []const u8) void
std.Build.Step.Compile.installHeadersDirectory	fn installHeadersDirectory( cs: *Compile, source: LazyPath, dest_rel_path: []const u8, options: HeaderInstallation.Directory.Options, ) void
std.Build.Step.Compile.installConfigHeader	fn installConfigHeader(cs: *Compile, config_header: *Step.ConfigHeader) void
std.Build.Step.Compile.installLibraryHeaders	fn installLibraryHeaders(cs: *Compile, lib: *Compile) void
std.Build.Step.Compile.getEmittedIncludeTree	fn getEmittedIncludeTree(cs: *Compile) LazyPath
std.Build.Step.Compile.addObjCopy	fn addObjCopy(cs: *Compile, options: Step.ObjCopy.Options) *Step.ObjCopy
std.Build.Step.Compile.checkObject	fn checkObject(compile: *Compile) *Step.CheckObject
std.Build.Step.Compile.setLinkerScript	fn setLinkerScript(compile: *Compile, source: LazyPath) void
std.Build.Step.Compile.setVersionScript	fn setVersionScript(compile: *Compile, source: LazyPath) void
std.Build.Step.Compile.forceUndefinedSymbol	fn forceUndefinedSymbol(compile: *Compile, symbol_name: []const u8) void
std.Build.Step.Compile.dependsOnSystemLibrary	fn dependsOnSystemLibrary(compile: *Compile, name: []const u8) bool
std.Build.Step.Compile.isDynamicLibrary	fn isDynamicLibrary(compile: *const Compile) bool
std.Build.Step.Compile.isStaticLibrary	fn isStaticLibrary(compile: *const Compile) bool
std.Build.Step.Compile.isDll	fn isDll(compile: *Compile) bool
std.Build.Step.Compile.producesPdbFile	fn producesPdbFile(compile: *Compile) bool
std.Build.Step.Compile.producesCompilerRtDynLib	fn producesCompilerRtDynLib(compile: *Compile) bool
std.Build.Step.Compile.producesImplib	fn producesImplib(compile: *Compile) bool
std.Build.Step.Compile.runPkgConfig	fn runPkgConfig(step: *Step, lib_name: []const u8) !PkgConfigResult
std.Build.Step.Compile.setVerboseLink	fn setVerboseLink(compile: *Compile, value: bool) void
std.Build.Step.Compile.setVerboseCC	fn setVerboseCC(compile: *Compile, value: bool) void
std.Build.Step.Compile.setLibCFile	fn setLibCFile(compile: *Compile, libc_file: ?LazyPath) void
std.Build.Step.Compile.getEmittedBinDirectory	fn getEmittedBinDirectory(compile: *Compile) LazyPath
std.Build.Step.Compile.getEmittedBin	fn getEmittedBin(compile: *Compile) LazyPath
std.Build.Step.Compile.getEmittedImplib	fn getEmittedImplib(compile: *Compile) LazyPath
std.Build.Step.Compile.getEmittedH	fn getEmittedH(compile: *Compile) LazyPath
std.Build.Step.Compile.getEmittedPdb	fn getEmittedPdb(compile: *Compile) LazyPath
std.Build.Step.Compile.getEmittedCompilerRtDynLib	fn getEmittedCompilerRtDynLib(compile: *Compile) ?LazyPath
std.Build.Step.Compile.getEmittedDocs	fn getEmittedDocs(compile: *Compile) LazyPath
std.Build.Step.Compile.getEmittedAsm	fn getEmittedAsm(compile: *Compile) LazyPath
std.Build.Step.Compile.getEmittedLlvmIr	fn getEmittedLlvmIr(compile: *Compile) LazyPath
std.Build.Step.Compile.getEmittedLlvmBc	fn getEmittedLlvmBc(compile: *Compile) LazyPath
std.Build.Step.Compile.setExecCmd	fn setExecCmd(compile: *Compile, args: []const ?[]const u8) void
std.Build.Step.Compile.rebuildInFuzzMode	fn rebuildInFuzzMode(c: *Compile, gpa: Allocator, progress_node: std.Progress.Node) !Path
std.Build.Step.Compile.doAtomicSymLinks	fn doAtomicSymLinks( step: *Step, output_path: []const u8, filename_major_only: []const u8, filename_name_only: []const u8, ) !void
std.Build.Step.Compile.rootModuleTarget	fn rootModuleTarget(c: *Compile) std.Target
std.Build.Step.Compile.getCompileDependencies	fn getCompileDependencies(start: *Compile, chase_dynamic: bool) []const *Compile
std.Build.Step.Options.create	fn create(owner: *std.Build) *Options
std.Build.Step.Options.addOption	fn addOption(options: *Options, comptime T: type, name: []const u8, value: T) void
std.Build.Step.Options.addOptionPath	fn addOptionPath( options: *Options, name: []const u8, path: LazyPath, ) void
std.Build.Step.Options.createModule	fn createModule(options: *Options) *std.Build.Module
std.Build.Step.Options.getOutput	fn getOutput(options: *Options) LazyPath
std.Build.Step.Run.create	fn create(owner: *std.Build, name: []const u8) *Run
std.Build.Step.Run.setName	fn setName(run: *Run, name: []const u8) void
std.Build.Step.Run.enableTestRunnerMode	fn enableTestRunnerMode(run: *Run) void
std.Build.Step.Run.addArtifactArg	fn addArtifactArg(run: *Run, artifact: *Step.Compile) void
std.Build.Step.Run.addPrefixedArtifactArg	fn addPrefixedArtifactArg(run: *Run, prefix: []const u8, artifact: *Step.Compile) void
std.Build.Step.Run.addOutputFileArg	fn addOutputFileArg(run: *Run, basename: []const u8) std.Build.LazyPath
std.Build.Step.Run.addPrefixedOutputFileArg	fn addPrefixedOutputFileArg( run: *Run, prefix: []const u8, basename: []const u8, ) std.Build.LazyPath
std.Build.Step.Run.addFileArg	fn addFileArg(run: *Run, lp: std.Build.LazyPath) void
std.Build.Step.Run.addPrefixedFileArg	fn addPrefixedFileArg(run: *Run, prefix: []const u8, lp: std.Build.LazyPath) void
std.Build.Step.Run.addFileContentArg	fn addFileContentArg(run: *Run, lp: std.Build.LazyPath) void
std.Build.Step.Run.addPrefixedFileContentArg	fn addPrefixedFileContentArg(run: *Run, prefix: []const u8, lp: std.Build.LazyPath) void
std.Build.Step.Run.addOutputDirectoryArg	fn addOutputDirectoryArg(run: *Run, basename: []const u8) std.Build.LazyPath
std.Build.Step.Run.addPrefixedOutputDirectoryArg	fn addPrefixedOutputDirectoryArg( run: *Run, prefix: []const u8, basename: []const u8, ) std.Build.LazyPath
std.Build.Step.Run.addDirectoryArg	fn addDirectoryArg(run: *Run, lazy_directory: std.Build.LazyPath) void
std.Build.Step.Run.addPrefixedDirectoryArg	fn addPrefixedDirectoryArg(run: *Run, prefix: []const u8, lazy_directory: std.Build.LazyPath) void
std.Build.Step.Run.addDecoratedDirectoryArg	fn addDecoratedDirectoryArg( run: *Run, prefix: []const u8, lazy_directory: std.Build.LazyPath, suffix: []const u8, ) void
std.Build.Step.Run.addDepFileOutputArg	fn addDepFileOutputArg(run: *Run, basename: []const u8) std.Build.LazyPath
std.Build.Step.Run.addPrefixedDepFileOutputArg	fn addPrefixedDepFileOutputArg(run: *Run, prefix: []const u8, basename: []const u8) std.Build.LazyPath
std.Build.Step.Run.addArg	fn addArg(run: *Run, arg: []const u8) void
std.Build.Step.Run.addArgs	fn addArgs(run: *Run, args: []const []const u8) void
std.Build.Step.Run.setStdIn	fn setStdIn(run: *Run, stdin: StdIn) void
std.Build.Step.Run.setCwd	fn setCwd(run: *Run, cwd: Build.LazyPath) void
std.Build.Step.Run.clearEnvironment	fn clearEnvironment(run: *Run) void
std.Build.Step.Run.addPathDir	fn addPathDir(run: *Run, search_path: []const u8) void
std.Build.Step.Run.getEnvMap	fn getEnvMap(run: *Run) *EnvMap
std.Build.Step.Run.setEnvironmentVariable	fn setEnvironmentVariable(run: *Run, key: []const u8, value: []const u8) void
std.Build.Step.Run.removeEnvironmentVariable	fn removeEnvironmentVariable(run: *Run, key: []const u8) void
std.Build.Step.Run.expectStdErrEqual	fn expectStdErrEqual(run: *Run, bytes: []const u8) void
std.Build.Step.Run.expectStdErrMatch	fn expectStdErrMatch(run: *Run, bytes: []const u8) void
std.Build.Step.Run.expectStdOutEqual	fn expectStdOutEqual(run: *Run, bytes: []const u8) void
std.Build.Step.Run.expectStdOutMatch	fn expectStdOutMatch(run: *Run, bytes: []const u8) void
std.Build.Step.Run.expectExitCode	fn expectExitCode(run: *Run, code: u8) void
std.Build.Step.Run.hasTermCheck	fn hasTermCheck(run: Run) bool
std.Build.Step.Run.addCheck	fn addCheck(run: *Run, new_check: StdIo.Check) void
std.Build.Step.Run.captureStdErr	fn captureStdErr(run: *Run, options: CapturedStdIo.Options) std.Build.LazyPath
std.Build.Step.Run.captureStdOut	fn captureStdOut(run: *Run, options: CapturedStdIo.Options) std.Build.LazyPath
std.Build.Step.Run.addFileInput	fn addFileInput(self: *Run, file_input: std.Build.LazyPath) void
std.Build.Step.Run.rerunInFuzzMode	fn rerunInFuzzMode( run: *Run, fuzz: *std.Build.Fuzz, prog_node: std.Progress.Node, ) !void
std.Build.Step.Run.CachedTestMetadata.testName	fn testName(tm: CachedTestMetadata, index: u32) []const u8
std.Build.Step.TranslateC.create	fn create(owner: *std.Build, options: Options) *TranslateC
std.Build.Step.TranslateC.getOutput	fn getOutput(translate_c: *TranslateC) std.Build.LazyPath
std.Build.Step.TranslateC.addModule	fn addModule(translate_c: *TranslateC, name: []const u8) *std.Build.Module
std.Build.Step.TranslateC.createModule	fn createModule(translate_c: *TranslateC) *std.Build.Module
std.Build.Step.TranslateC.addAfterIncludePath	fn addAfterIncludePath(translate_c: *TranslateC, lazy_path: LazyPath) void
std.Build.Step.TranslateC.addSystemIncludePath	fn addSystemIncludePath(translate_c: *TranslateC, lazy_path: LazyPath) void
std.Build.Step.TranslateC.addIncludePath	fn addIncludePath(translate_c: *TranslateC, lazy_path: LazyPath) void
std.Build.Step.TranslateC.addConfigHeader	fn addConfigHeader(translate_c: *TranslateC, config_header: *Step.ConfigHeader) void
std.Build.Step.TranslateC.addSystemFrameworkPath	fn addSystemFrameworkPath(translate_c: *TranslateC, directory_path: LazyPath) void
std.Build.Step.TranslateC.addFrameworkPath	fn addFrameworkPath(translate_c: *TranslateC, directory_path: LazyPath) void
std.Build.Step.TranslateC.addCheckFile	fn addCheckFile(translate_c: *TranslateC, expected_matches: []const []const u8) *Step.CheckFile
std.Build.Step.TranslateC.defineCMacro	fn defineCMacro(translate_c: *TranslateC, name: []const u8, value: ?[]const u8) void
std.Build.Step.TranslateC.defineCMacroRaw	fn defineCMacroRaw(translate_c: *TranslateC, name_and_value: []const u8) void
std.Build.Step.TranslateC.linkSystemLibrary	fn linkSystemLibrary( translate_c: *TranslateC, name: []const u8, options: std.Build.Module.LinkSystemLibraryOptions, ) void
std.Build.Step.WriteFile.Directory.Options.dupe	fn dupe(opts: Options, b: *std.Build) Options
std.Build.Step.WriteFile.Directory.Options.pathIncluded	fn pathIncluded(opts: Options, path: []const u8) bool
std.Build.Step.WriteFile.create	fn create(owner: *std.Build) *WriteFile
std.Build.Step.WriteFile.add	fn add(write_file: *WriteFile, sub_path: []const u8, bytes: []const u8) std.Build.LazyPath
std.Build.Step.WriteFile.addCopyFile	fn addCopyFile(write_file: *WriteFile, source: std.Build.LazyPath, sub_path: []const u8) std.Build.LazyPath
std.Build.Step.WriteFile.addCopyDirectory	fn addCopyDirectory( write_file: *WriteFile, source: std.Build.LazyPath, sub_path: []const u8, options: Directory.Options, ) std.Build.LazyPath
std.Build.Step.WriteFile.getDirectory	fn getDirectory(write_file: *WriteFile) std.Build.LazyPath
std.Build.Step.UpdateSourceFiles.create	fn create(owner: *std.Build) *UpdateSourceFiles
std.Build.Step.UpdateSourceFiles.addCopyFileToSource	fn addCopyFileToSource(usf: *UpdateSourceFiles, source: std.Build.LazyPath, sub_path: []const u8) void
std.Build.Step.UpdateSourceFiles.addBytesToSource	fn addBytesToSource(usf: *UpdateSourceFiles, bytes: []const u8, sub_path: []const u8) void
std.Build.Step.Inputs.populated	fn populated(inputs: *Inputs) bool
std.Build.Step.Inputs.clear	fn clear(inputs: *Inputs, gpa: Allocator) void
std.Build.Step.init	fn init(options: StepOptions) Step
std.Build.Step.make	fn make(s: *Step, options: MakeOptions) error{ MakeFailed, MakeSkipped }!void
std.Build.Step.dependOn	fn dependOn(step: *Step, other: *Step) void
std.Build.Step.cast	fn cast(step: *Step, comptime T: type) ?*T
std.Build.Step.dump	fn dump(step: *Step, t: Io.Terminal) void
std.Build.Step.captureChildProcess	fn captureChildProcess( s: *Step, gpa: Allocator, progress_node: std.Progress.Node, argv: []const []const u8, ) !std.process.RunResult
std.Build.Step.fail	fn fail(step: *Step, comptime fmt: []const u8, args: anytype) error{ OutOfMemory, MakeFailed }
std.Build.Step.addError	fn addError(step: *Step, comptime fmt: []const u8, args: anytype) error{OutOfMemory}!void
std.Build.Step.ZigProcess.saveState	fn saveState(zp: *ZigProcess, prog_node: std.Progress.Node) void
std.Build.Step.ZigProcess.deinit	fn deinit(zp: *ZigProcess, io: Io) void
std.Build.Step.evalZigProcess	fn evalZigProcess( s: *Step, argv: []const []const u8, prog_node: std.Progress.Node, watch: bool, web_server: ?*Build.WebServer, gpa: Allocator, ) !?Path
std.Build.Step.installFile	fn installFile(s: *Step, src_lazy_path: Build.LazyPath, dest_path: []const u8) !Io.Dir.PrevStatus
std.Build.Step.installDir	fn installDir(s: *Step, dest_path: []const u8) !Io.Dir.CreatePathStatus
std.Build.Step.getZigProcess	fn getZigProcess(s: *Step) ?*ZigProcess
std.Build.Step.handleVerbose	fn handleVerbose( b: *Build, cwd: std.process.Child.Cwd, argv: []const []const u8, ) error{OutOfMemory}!void
std.Build.Step.handleVerbose2	fn handleVerbose2( b: *Build, cwd: std.process.Child.Cwd, opt_env: ?*const std.process.Environ.Map, argv: []const []const u8, ) error{OutOfMemory}!void
std.Build.Step.handleChildProcUnsupported	fn handleChildProcUnsupported(s: *Step) error{ OutOfMemory, MakeFailed }!void
std.Build.Step.handleChildProcessTerm	fn handleChildProcessTerm(s: *Step, term: std.process.Child.Term) error{ MakeFailed, OutOfMemory }!void
std.Build.Step.allocPrintCmd	fn allocPrintCmd( gpa: Allocator, cwd: std.process.Child.Cwd, opt_env: ?struct { child: *const std.process.Environ.Map, parent: *const std.process.Environ.Map, }, argv: []const []const u8, ) Allocator.Error![]u8
std.Build.Step.cacheHit	fn cacheHit(s: *Step, man: *Build.Cache.Manifest) !bool
std.Build.Step.cacheHitAndWatch	fn cacheHitAndWatch(s: *Step, man: *Build.Cache.Manifest) !bool
std.Build.Step.writeManifest	fn writeManifest(s: *Step, man: *Build.Cache.Manifest) !void
std.Build.Step.writeManifestAndWatch	fn writeManifestAndWatch(s: *Step, man: *Build.Cache.Manifest) !void
std.Build.Step.singleUnchangingWatchInput	fn singleUnchangingWatchInput(step: *Step, lazy_path: Build.LazyPath) Allocator.Error!void
std.Build.Step.clearWatchInputs	fn clearWatchInputs(step: *Step) void
std.Build.Step.addWatchInput	fn addWatchInput(step: *Step, lazy_file: Build.LazyPath) Allocator.Error!void
std.Build.Step.addDirectoryWatchInput	fn addDirectoryWatchInput(step: *Step, lazy_directory: Build.LazyPath) Allocator.Error!bool
std.Build.Step.addDirectoryWatchInputFromPath	fn addDirectoryWatchInputFromPath(step: *Step, path: Build.Cache.Path) !void
std.Build.Step.reset	fn reset(step: *Step, gpa: Allocator) void
std.Build.Step.invalidateResult	fn invalidateResult(step: *Step, gpa: Allocator) bool
std.Build.Module.CSourceLanguage.internalIdentifier	fn internalIdentifier(self: CSourceLanguage) []const u8
std.Build.Module.CSourceFile.dupe	fn dupe(file: CSourceFile, b: *std.Build) CSourceFile
std.Build.Module.RcSourceFile.dupe	fn dupe(file: RcSourceFile, b: *std.Build) RcSourceFile
std.Build.Module.IncludeDir.appendZigProcessFlags	fn appendZigProcessFlags( include_dir: IncludeDir, b: *std.Build, zig_args: *std.array_list.Managed([]const u8), asking_step: ?*Step, ) !void
std.Build.Module.init	fn init( m: *Module, owner: *std.Build, value: union(enum) { options: CreateOptions, existing: *const Module }, ) void
std.Build.Module.create	fn create(owner: *std.Build, options: CreateOptions) *Module
std.Build.Module.addImport	fn addImport(m: *Module, name: []const u8, module: *Module) void
std.Build.Module.addAnonymousImport	fn addAnonymousImport(m: *Module, name: []const u8, options: CreateOptions) void
std.Build.Module.addOptions	fn addOptions(m: *Module, module_name: []const u8, options: *Step.Options) void
std.Build.Module.linkSystemLibrary	fn linkSystemLibrary( m: *Module, name: []const u8, options: LinkSystemLibraryOptions, ) void
std.Build.Module.linkFramework	fn linkFramework(m: *Module, name: []const u8, options: LinkFrameworkOptions) void
std.Build.Module.addCSourceFiles	fn addCSourceFiles(m: *Module, options: AddCSourceFilesOptions) void
std.Build.Module.addCSourceFile	fn addCSourceFile(m: *Module, source: CSourceFile) void
std.Build.Module.addWin32ResourceFile	fn addWin32ResourceFile(m: *Module, source: RcSourceFile) void
std.Build.Module.addAssemblyFile	fn addAssemblyFile(m: *Module, source: LazyPath) void
std.Build.Module.addObjectFile	fn addObjectFile(m: *Module, object: LazyPath) void
std.Build.Module.addObject	fn addObject(m: *Module, object: *Step.Compile) void
std.Build.Module.linkLibrary	fn linkLibrary(m: *Module, library: *Step.Compile) void
std.Build.Module.addAfterIncludePath	fn addAfterIncludePath(m: *Module, lazy_path: LazyPath) void
std.Build.Module.addSystemIncludePath	fn addSystemIncludePath(m: *Module, lazy_path: LazyPath) void
std.Build.Module.addIncludePath	fn addIncludePath(m: *Module, lazy_path: LazyPath) void
std.Build.Module.addConfigHeader	fn addConfigHeader(m: *Module, config_header: *Step.ConfigHeader) void
std.Build.Module.addSystemFrameworkPath	fn addSystemFrameworkPath(m: *Module, directory_path: LazyPath) void
std.Build.Module.addFrameworkPath	fn addFrameworkPath(m: *Module, directory_path: LazyPath) void
std.Build.Module.addEmbedPath	fn addEmbedPath(m: *Module, lazy_path: LazyPath) void
std.Build.Module.addLibraryPath	fn addLibraryPath(m: *Module, directory_path: LazyPath) void
std.Build.Module.addRPath	fn addRPath(m: *Module, directory_path: LazyPath) void
std.Build.Module.addRPathSpecial	fn addRPathSpecial(m: *Module, bytes: []const u8) void
std.Build.Module.addCMacro	fn addCMacro(m: *Module, name: []const u8, value: []const u8) void
std.Build.Module.appendZigProcessFlags	fn appendZigProcessFlags( m: *Module, zig_args: *std.array_list.Managed([]const u8), asking_step: ?*Step, ) !void
std.Build.Module.getGraph	fn getGraph(root: *Module) Graph
std.Build.Watch.init	fn init(cwd_path: []const u8) !Watch
std.Build.Watch.Match.Context.hash	fn hash(self: Context, a: Match) u32
std.Build.Watch.Match.Context.eql	fn eql(self: Context, a: Match, b: Match, b_index: usize) bool
std.Build.Watch.update	fn update(w: *Watch, gpa: Allocator, steps: []const *Step) !void
std.Build.Watch.Timeout.to_i32_ms	fn to_i32_ms(t: Timeout) i32
std.Build.Watch.Timeout.toTimespec	fn toTimespec(t: Timeout, buf: *std.posix.timespec) ?*std.posix.timespec
std.Build.Watch.wait	fn wait(w: *Watch, gpa: Allocator, io: Io, timeout: Timeout) !WaitResult
std.Build.Fuzz.init	fn init( gpa: Allocator, io: Io, all_steps: []const *Build.Step, root_prog_node: std.Progress.Node, mode: Mode, ) error{ OutOfMemory, Canceled }!Fuzz
std.Build.Fuzz.start	fn start(fuzz: *Fuzz) void
std.Build.Fuzz.deinit	fn deinit(fuzz: *Fuzz) void
std.Build.Fuzz.serveSourcesTar	fn serveSourcesTar(fuzz: *Fuzz, req: *std.http.Server.Request) !void
std.Build.Fuzz.sendUpdate	fn sendUpdate( fuzz: *Fuzz, socket: *std.http.Server.WebSocket, prev: *Previous, ) !void
std.Build.Fuzz.waitAndPrintReport	fn waitAndPrintReport(fuzz: *Fuzz) Io.Cancelable!void
std.Build.WebServer.notifyUpdate	fn notifyUpdate(ws: *WebServer) void
std.Build.WebServer.init	fn init(opts: Options) WebServer
std.Build.WebServer.deinit	fn deinit(ws: *WebServer) void
std.Build.WebServer.start	fn start(ws: *WebServer) error{AlreadyReported}!void
std.Build.WebServer.startBuild	fn startBuild(ws: *WebServer) void
std.Build.WebServer.updateStepStatus	fn updateStepStatus(ws: *WebServer, step: *Build.Step, new_status: abi.StepUpdate.Status) void
std.Build.WebServer.finishBuild	fn finishBuild(ws: *WebServer, opts: struct { fuzz: bool, }) void
std.Build.WebServer.now	fn now(s: *const WebServer) i64
std.Build.WebServer.serveFile	fn serveFile( ws: *WebServer, request: *http.Server.Request, path: Cache.Path, content_type: []const u8, ) !void
std.Build.WebServer.serveTarFile	fn serveTarFile(ws: *WebServer, request: *http.Server.Request, paths: []const Cache.Path) !void
std.Build.WebServer.updateTimeReportCompile	fn updateTimeReportCompile(ws: *WebServer, opts: struct { compile: *Build.Step.Compile, use_llvm: bool, stats: abi.time_report.CompileResult.Stats, ns_total: u64, llvm_pass_timings_len: u32, files_len: u32, decls_len: u32, /// The trailing data of `abi.time_report.CompileResult`, except the step name. trailing: []const u8, }) void
std.Build.WebServer.updateTimeReportGeneric	fn updateTimeReportGeneric(ws: *WebServer, step: *Build.Step, duration: Io.Duration) void
std.Build.WebServer.updateTimeReportRunTest	fn updateTimeReportRunTest( ws: *WebServer, run: *Build.Step.Run, tests: *const Build.Step.Run.CachedTestMetadata, ns_per_test: []const u64, ) void
std.Build.WebServer.getRunnerRequest	fn getRunnerRequest(ws: *WebServer) ?RunnerRequest
std.Build.WebServer.wait	fn wait(ws: *WebServer) Io.Cancelable!RunnerRequest
std.Build.abi.fuzz.Uid.hashmap_ctx.hash	fn hash(_: @This(), u: Uid) u32
std.Build.abi.fuzz.Uid.hashmap_ctx.eql	fn eql(_: @This(), a: Uid, b: Uid, _: usize) bool
std.Build.abi.fuzz.Slice.toSlice	fn toSlice(s: Slice) []const u8
std.Build.abi.fuzz.Slice.fromSlice	fn fromSlice(s: []const u8) Slice
std.Build.abi.fuzz.MutSlice.toSlice	fn toSlice(s: MutSlice) []u8
std.Build.abi.fuzz.MutSlice.fromSlice	fn fromSlice(s: []u8) MutSlice
std.Build.abi.fuzz.Weights.toSlice	fn toSlice(s: Weights) []const Weight
std.Build.abi.fuzz.Weights.fromSlice	fn fromSlice(s: []const Weight) Weights
std.Build.abi.fuzz.Weight.value	fn value(T: type, x: T, weight: u64) Weight
std.Build.abi.fuzz.Weight.rangeAtMost	fn rangeAtMost(T: type, at_least: T, at_most: T, weight: u64) Weight
std.Build.abi.fuzz.Weight.rangeLessThan	fn rangeLessThan(T: type, at_least: T, less_than: T, weight: u64) Weight
std.Build.abi.fuzz.SeenPcsHeader.headerEnd	fn headerEnd(header: *const SeenPcsHeader) []const usize
std.Build.abi.fuzz.SeenPcsHeader.seenBits	fn seenBits(header: *const SeenPcsHeader) []const usize
std.Build.abi.fuzz.SeenPcsHeader.seenElemsLen	fn seenElemsLen(pcs_len: usize) usize
std.Build.abi.fuzz.SeenPcsHeader.pcAddrs	fn pcAddrs(header: *const SeenPcsHeader) []const usize
std.Build.abi.fuzz.EntryPointHeader.locsLen	fn locsLen(hdr: EntryPointHeader) u24
std.Build.abi.fuzz.EntryPointHeader.init	fn init(locs_len: u24) EntryPointHeader
std.Build.create	fn create( graph: *Graph, build_root: Cache.Directory, cache_root: Cache.Directory, available_deps: AvailableDeps, ) error{OutOfMemory}!*Build
std.Build.resolveInstallPrefix	fn resolveInstallPrefix(b: *Build, install_prefix: ?[]const u8, dir_list: DirList) void
std.Build.addOptions	fn addOptions(b: *Build) *Step.Options
std.Build.addExecutable	fn addExecutable(b: *Build, options: ExecutableOptions) *Step.Compile
std.Build.addObject	fn addObject(b: *Build, options: ObjectOptions) *Step.Compile
std.Build.addLibrary	fn addLibrary(b: *Build, options: LibraryOptions) *Step.Compile
std.Build.addTest	fn addTest(b: *Build, options: TestOptions) *Step.Compile
std.Build.addModule	fn addModule(b: *Build, name: []const u8, options: Module.CreateOptions) *Module
std.Build.createModule	fn createModule(b: *Build, options: Module.CreateOptions) *Module
std.Build.addSystemCommand	fn addSystemCommand(b: *Build, argv: []const []const u8) *Step.Run
std.Build.addRunArtifact	fn addRunArtifact(b: *Build, exe: *Step.Compile) *Step.Run
std.Build.addConfigHeader	fn addConfigHeader( b: *Build, options: Step.ConfigHeader.Options, values: anytype, ) *Step.ConfigHeader
std.Build.dupe	fn dupe(b: *Build, bytes: []const u8) []u8
std.Build.dupeInner	fn dupeInner(allocator: std.mem.Allocator, bytes: []const u8) []u8
std.Build.dupeStrings	fn dupeStrings(b: *Build, strings: []const []const u8) [][]u8
std.Build.dupePath	fn dupePath(b: *Build, bytes: []const u8) []u8
std.Build.addWriteFile	fn addWriteFile(b: *Build, file_path: []const u8, data: []const u8) *Step.WriteFile
std.Build.addNamedWriteFiles	fn addNamedWriteFiles(b: *Build, name: []const u8) *Step.WriteFile
std.Build.addNamedLazyPath	fn addNamedLazyPath(b: *Build, name: []const u8, lp: LazyPath) void
std.Build.addTempFiles	fn addTempFiles(b: *Build) *Step.WriteFile
std.Build.addMutateFiles	fn addMutateFiles(b: *Build, tmp_path: LazyPath) *Step.WriteFile
std.Build.addWriteFiles	fn addWriteFiles(b: *Build) *Step.WriteFile
std.Build.addUpdateSourceFiles	fn addUpdateSourceFiles(b: *Build) *Step.UpdateSourceFiles
std.Build.addFail	fn addFail(b: *Build, error_msg: []const u8) *Step.Fail
std.Build.addFmt	fn addFmt(b: *Build, options: Step.Fmt.Options) *Step.Fmt
std.Build.addTranslateC	fn addTranslateC(b: *Build, options: Step.TranslateC.Options) *Step.TranslateC
std.Build.getInstallStep	fn getInstallStep(b: *Build) *Step
std.Build.getUninstallStep	fn getUninstallStep(b: *Build) *Step
std.Build.option	fn option(b: *Build, comptime T: type, name_raw: []const u8, description_raw: []const u8) ?T
std.Build.step	fn step(b: *Build, name: []const u8, description: []const u8) *Step
std.Build.standardOptimizeOption	fn standardOptimizeOption(b: *Build, options: StandardOptimizeOptionOptions) std.builtin.OptimizeMode
std.Build.standardTargetOptions	fn standardTargetOptions(b: *Build, args: StandardTargetOptionsArgs) ResolvedTarget
std.Build.parseTargetQuery	fn parseTargetQuery(options: std.Target.Query.ParseOptions) error{ParseFailed}!std.Target.Query
std.Build.standardTargetOptionsQueryOnly	fn standardTargetOptionsQueryOnly(b: *Build, args: StandardTargetOptionsArgs) Target.Query
std.Build.addUserInputOption	fn addUserInputOption(b: *Build, name_raw: []const u8, value_raw: []const u8) error{OutOfMemory}!bool
std.Build.addUserInputFlag	fn addUserInputFlag(b: *Build, name_raw: []const u8) error{OutOfMemory}!bool
std.Build.validateUserInputDidItFail	fn validateUserInputDidItFail(b: *Build) bool
std.Build.installArtifact	fn installArtifact(b: *Build, artifact: *Step.Compile) void
std.Build.addInstallArtifact	fn addInstallArtifact( b: *Build, artifact: *Step.Compile, options: Step.InstallArtifact.Options, ) *Step.InstallArtifact
std.Build.installFile	fn installFile(b: *Build, src_path: []const u8, dest_rel_path: []const u8) void
std.Build.installDirectory	fn installDirectory(b: *Build, options: Step.InstallDir.Options) void
std.Build.installBinFile	fn installBinFile(b: *Build, src_path: []const u8, dest_rel_path: []const u8) void
std.Build.installLibFile	fn installLibFile(b: *Build, src_path: []const u8, dest_rel_path: []const u8) void
std.Build.addObjCopy	fn addObjCopy(b: *Build, source: LazyPath, options: Step.ObjCopy.Options) *Step.ObjCopy
std.Build.addInstallFile	fn addInstallFile(b: *Build, source: LazyPath, dest_rel_path: []const u8) *Step.InstallFile
std.Build.addInstallBinFile	fn addInstallBinFile(b: *Build, source: LazyPath, dest_rel_path: []const u8) *Step.InstallFile
std.Build.addInstallLibFile	fn addInstallLibFile(b: *Build, source: LazyPath, dest_rel_path: []const u8) *Step.InstallFile
std.Build.addInstallHeaderFile	fn addInstallHeaderFile(b: *Build, source: LazyPath, dest_rel_path: []const u8) *Step.InstallFile
std.Build.addInstallFileWithDir	fn addInstallFileWithDir( b: *Build, source: LazyPath, install_dir: InstallDir, dest_rel_path: []const u8, ) *Step.InstallFile
std.Build.addInstallDirectory	fn addInstallDirectory(b: *Build, options: Step.InstallDir.Options) *Step.InstallDir
std.Build.addCheckFile	fn addCheckFile( b: *Build, file_source: LazyPath, options: Step.CheckFile.Options, ) *Step.CheckFile
std.Build.truncateFile	fn truncateFile(b: *Build, dest_path: []const u8) (Io.Dir.CreateDirError || Io.Dir.StatFileError)!void
std.Build.path	fn path(b: *Build, sub_path: []const u8) LazyPath
std.Build.pathFromRoot	fn pathFromRoot(b: *Build, sub_path: []const u8) []u8
std.Build.pathJoin	fn pathJoin(b: *Build, paths: []const []const u8) []u8
std.Build.pathResolve	fn pathResolve(b: *Build, paths: []const []const u8) []u8
std.Build.fmt	fn fmt(b: *Build, comptime format: []const u8, args: anytype) []u8
std.Build.findProgram	fn findProgram(b: *Build, names: []const []const u8, paths: []const []const u8) error{FileNotFound}![]const u8
std.Build.runAllowFail	fn runAllowFail( b: *Build, argv: []const []const u8, out_code: *u8, stderr_behavior: std.process.SpawnOptions.StdIo, ) RunError![]u8
std.Build.run	fn run(b: *Build, argv: []const []const u8) []u8
std.Build.addSearchPrefix	fn addSearchPrefix(b: *Build, search_prefix: []const u8) void
std.Build.getInstallPath	fn getInstallPath(b: *Build, dir: InstallDir, dest_rel_path: []const u8) []const u8
std.Build.Dependency.artifact	fn artifact(d: *Dependency, name: []const u8) *Step.Compile
std.Build.Dependency.module	fn module(d: *Dependency, name: []const u8) *Module
std.Build.Dependency.namedWriteFiles	fn namedWriteFiles(d: *Dependency, name: []const u8) *Step.WriteFile
std.Build.Dependency.namedLazyPath	fn namedLazyPath(d: *Dependency, name: []const u8) LazyPath
std.Build.Dependency.path	fn path(d: *Dependency, sub_path: []const u8) LazyPath
std.Build.lazyDependency	fn lazyDependency(b: *Build, name: []const u8, args: anytype) ?*Dependency
std.Build.dependency	fn dependency(b: *Build, name: []const u8, args: anytype) *Dependency
std.Build.lazyImport	fn lazyImport( b: *Build, /// The build.zig struct of the package importing the dependency. /// When calling this function from the `build` function of a build.zig file's, you normally /// pass `@This()`. comptime asking_build_zig: type, comptime dep_name: []const u8, ) ?type
std.Build.dependencyFromBuildZig	fn dependencyFromBuildZig( b: *Build, /// The build.zig struct of the dependency, normally obtained by `@import` of the dependency. /// If called from the build.zig file itself, use `@This` to obtain a reference to the struct. comptime build_zig: type, args: anytype, ) *Dependency
std.Build.runBuild	fn runBuild(b: *Build, build_zig: anytype) anyerror!void
std.Build.GeneratedFile.getPath	fn getPath(gen: GeneratedFile) []const u8
std.Build.GeneratedFile.getPath2	fn getPath2(gen: GeneratedFile, src_builder: *Build, asking_step: ?*Step) []const u8
std.Build.GeneratedFile.getPath3	fn getPath3(gen: GeneratedFile, src_builder: *Build, asking_step: ?*Step) Io.Cancelable![]const u8
std.Build.LazyPath.dirname	fn dirname(lazy_path: LazyPath) LazyPath
std.Build.LazyPath.path	fn path(lazy_path: LazyPath, b: *Build, sub_path: []const u8) LazyPath
std.Build.LazyPath.join	fn join(lazy_path: LazyPath, arena: Allocator, sub_path: []const u8) Allocator.Error!LazyPath
std.Build.LazyPath.getDisplayName	fn getDisplayName(lazy_path: LazyPath) []const u8
std.Build.LazyPath.addStepDependencies	fn addStepDependencies(lazy_path: LazyPath, other_step: *Step) void
std.Build.LazyPath.getPath	fn getPath(lazy_path: LazyPath, src_builder: *Build) []const u8
std.Build.LazyPath.getPath2	fn getPath2(lazy_path: LazyPath, src_builder: *Build, asking_step: ?*Step) []const u8
std.Build.LazyPath.getPath3	fn getPath3(lazy_path: LazyPath, src_builder: *Build, asking_step: ?*Step) Cache.Path
std.Build.LazyPath.getPath4	fn getPath4(lazy_path: LazyPath, src_builder: *Build, asking_step: ?*Step) Io.Cancelable!Cache.Path
std.Build.LazyPath.basename	fn basename(lazy_path: LazyPath, src_builder: *Build, asking_step: ?*Step) []const u8
std.Build.LazyPath.dupe	fn dupe(lazy_path: LazyPath, b: *Build) LazyPath
std.Build.dumpBadGetPathHelp	fn dumpBadGetPathHelp(s: *Step, t: Io.Terminal, src_builder: *Build, asking_step: ?*Step) anyerror!void
std.Build.InstallDir.dupe	fn dupe(dir: InstallDir, builder: *Build) InstallDir
std.Build.tmpPath	fn tmpPath(b: *Build) LazyPath
std.Build.resolveTargetQuery	fn resolveTargetQuery(b: *Build, query: Target.Query) ResolvedTarget
std.Build.wantSharedLibSymLinks	fn wantSharedLibSymLinks(target: Target) bool
std.Build.systemIntegrationOption	fn systemIntegrationOption( b: *Build, name: []const u8, config: SystemIntegrationOptionConfig, ) bool
std.BufMap.init	fn init(allocator: Allocator) BufMap
std.BufMap.deinit	fn deinit(self: *BufMap) void
std.BufMap.putMove	fn putMove(self: *BufMap, key: []u8, value: []u8) !void
std.BufMap.put	fn put(self: *BufMap, key: []const u8, value: []const u8) !void
std.BufMap.getPtr	fn getPtr(self: BufMap, key: []const u8) ?*[]const u8
std.BufMap.get	fn get(self: BufMap, key: []const u8) ?[]const u8
std.BufMap.remove	fn remove(self: *BufMap, key: []const u8) void
std.BufMap.count	fn count(self: BufMap) BufMapHashMap.Size
std.BufMap.iterator	fn iterator(self: *const BufMap) BufMapHashMap.Iterator
std.BufSet.init	fn init(a: Allocator) BufSet
std.BufSet.deinit	fn deinit(self: *BufSet) void
std.BufSet.insert	fn insert(self: *BufSet, value: []const u8) !void
std.BufSet.contains	fn contains(self: BufSet, value: []const u8) bool
std.BufSet.remove	fn remove(self: *BufSet, value: []const u8) void
std.BufSet.count	fn count(self: *const BufSet) usize
std.BufSet.iterator	fn iterator(self: *const BufSet) Iterator
std.BufSet.allocator	fn allocator(self: *const BufSet) Allocator
std.BufSet.cloneWithAllocator	fn cloneWithAllocator( self: *const BufSet, new_allocator: Allocator, ) Allocator.Error!BufSet
std.BufSet.clone	fn clone(self: *const BufSet) Allocator.Error!BufSet
std.Deque	fn Deque(comptime T: type) type
std.DoublyLinkedList.insertAfter	fn insertAfter(list: *DoublyLinkedList, existing_node: *Node, new_node: *Node) void
std.DoublyLinkedList.insertBefore	fn insertBefore(list: *DoublyLinkedList, existing_node: *Node, new_node: *Node) void
std.DoublyLinkedList.concatByMoving	fn concatByMoving(list1: *DoublyLinkedList, list2: *DoublyLinkedList) void
std.DoublyLinkedList.append	fn append(list: *DoublyLinkedList, new_node: *Node) void
std.DoublyLinkedList.prepend	fn prepend(list: *DoublyLinkedList, new_node: *Node) void
std.DoublyLinkedList.remove	fn remove(list: *DoublyLinkedList, node: *Node) void
std.DoublyLinkedList.pop	fn pop(list: *DoublyLinkedList) ?*Node
std.DoublyLinkedList.popFirst	fn popFirst(list: *DoublyLinkedList) ?*Node
std.DoublyLinkedList.len	fn len(list: DoublyLinkedList) usize
std.DynLib.open	fn open(path: []const u8) Error!DynLib
std.DynLib.openZ	fn openZ(path_c: [*:0]const u8) Error!DynLib
std.DynLib.close	fn close(self: *DynLib) void
std.DynLib.lookup	fn lookup(self: *DynLib, comptime T: type, name: [:0]const u8) ?T
std.Io.Threaded.Csprng.isInitialized	fn isInitialized(c: *const Csprng) bool
std.Io.Threaded.Environ.scan	fn scan(environ: *Environ, allocator: Allocator) void
std.Io.Threaded.waitForApcOrAlert	fn waitForApcOrAlert() void
std.Io.Threaded.init	fn init( /// Must be threadsafe. Only used for the following functions: /// * `Io.VTable.async` /// * `Io.VTable.concurrent` /// * `Io.VTable.groupAsync` /// * `Io.VTable.groupConcurrent` /// If these functions are avoided, then `Allocator.failing` may be passed /// here. gpa: Allocator, options: InitOptions, ) Threaded
std.Io.Threaded.setAsyncLimit	fn setAsyncLimit(t: *Threaded, new_limit: Io.Limit) void
std.Io.Threaded.deinit	fn deinit(t: *Threaded) void
std.Io.Threaded.io	fn io(t: *Threaded) Io
std.Io.Threaded.dirOpenFileWtf16	fn dirOpenFileWtf16( dir_handle: ?windows.HANDLE, sub_path_w: []const u16, flags: Dir.OpenFileOptions, ) File.OpenError!File
std.Io.Threaded.dirOpenDirWindows	fn dirOpenDirWindows( dir: Dir, sub_path_w: []const u16, options: Dir.OpenOptions, ) Dir.OpenError!Dir
std.Io.Threaded.GetFinalPathNameByHandle	fn GetFinalPathNameByHandle( hFile: windows.HANDLE, fmt: GetFinalPathNameByHandleFormat, out_buffer: []u16, ) GetFinalPathNameByHandleError![]u16
std.Io.Threaded.QueryObjectName	fn QueryObjectName(handle: windows.HANDLE, out_buffer: []u16) QueryObjectNameError![]u16
std.Io.Threaded.wToPrefixedFileW	fn wToPrefixedFileW(dir: ?windows.HANDLE, path: [:0]const u16, options: Wtf16ToPrefixedFileWOptions) Wtf16ToPrefixedFileWError!WindowsPathSpace
std.Io.Threaded.sliceToPrefixedFileW	fn sliceToPrefixedFileW(dir: ?windows.HANDLE, path: []const u8, options: Wtf16ToPrefixedFileWOptions) Wtf8ToPrefixedFileWError!WindowsPathSpace
std.Io.Threaded.WindowsPathSpace.span	fn span(wps: *const WindowsPathSpace) [:0]const u16
std.Io.Threaded.WindowsPathSpace.string	fn string(wps: *const WindowsPathSpace) windows.UNICODE_STRING
std.Io.Threaded.posixAddressFamily	fn posixAddressFamily(a: *const IpAddress) posix.sa_family_t
std.Io.Threaded.addressFromPosix	fn addressFromPosix(posix_address: *const PosixAddress) IpAddress
std.Io.Threaded.addressToPosix	fn addressToPosix(a: *const IpAddress, storage: *PosixAddress) posix.socklen_t
std.Io.Threaded.errnoBug	fn errnoBug(err: posix.E) Io.UnexpectedError
std.Io.Threaded.posixSocketModeProtocol	fn posixSocketModeProtocol(family: posix.sa_family_t, mode: net.Socket.Mode, protocol: ?net.Protocol) !struct { u32, u32 }
std.Io.Threaded.recoverableOsBugDetected	fn recoverableOsBugDetected() void
std.Io.Threaded.clockToPosix	fn clockToPosix(clock: Io.Clock) posix.clockid_t
std.Io.Threaded.statFromLinux	fn statFromLinux(stx: *const std.os.linux.Statx) Io.UnexpectedError!File.Stat
std.Io.Threaded.statxKind	fn statxKind(stx_mode: u16) File.Kind
std.Io.Threaded.statFromPosix	fn statFromPosix(st: *const posix.Stat) File.Stat
std.Io.Threaded.timestampFromPosix	fn timestampFromPosix(timespec: *const posix.timespec) Io.Timestamp
std.Io.Threaded.nanosecondsFromPosix	fn nanosecondsFromPosix(timespec: *const posix.timespec) i96
std.Io.Threaded.setTimestampToPosix	fn setTimestampToPosix(set_ts: File.SetTimestamp) posix.timespec
std.Io.Threaded.pathToPosix	fn pathToPosix(file_path: []const u8, buffer: *[posix.PATH_MAX]u8) Dir.PathNameError![:0]u8
std.Io.Threaded.statusToTerm	fn statusToTerm(status: u32) process.Child.Term
std.Io.Threaded.posixExecvPath	fn posixExecvPath( path: [*:0]const u8, child_argv: [*:null]const ?[*:0]const u8, env_block: process.Environ.PosixBlock, ) process.ReplaceError
std.Io.Threaded.windowsCreatePipe	fn windowsCreatePipe(t: *Threaded, options: CreatePipeOptions) ![2]windows.HANDLE
std.Io.Threaded.environString	fn environString(t: *Threaded, comptime name: []const u8) ?[:0]const u8
std.Io.Threaded.fallbackSeed	fn fallbackSeed(aslr_addr: ?*anyopaque, seed: *[Csprng.seed_len]u8) void
std.Io.Threaded.pipe2	fn pipe2(flags: posix.O) PipeError![2]posix.fd_t
std.Io.Threaded.dup2	fn dup2(old_fd: posix.fd_t, new_fd: posix.fd_t) DupError!void
std.Io.Threaded.fchdir	fn fchdir(fd: posix.fd_t) FchdirError!void
std.Io.Threaded.chdir	fn chdir(dir_path: []const u8) ChdirError!void
std.Io.Threaded.mutexLock	fn mutexLock(m: *Io.Mutex) void
std.Io.Threaded.mutexUnlock	fn mutexUnlock(m: *Io.Mutex) void
std.Io.Threaded.closeFd	fn closeFd(fd: posix.fd_t) void
std.Io.fiber.contextSwitch	fn contextSwitch(s: *const Switch) *const Switch
std.Io.Dispatch.allocator	fn allocator(ev: *Evented) std.mem.Allocator
std.Io.Dispatch.io	fn io(ev: *Evented) Io
std.Io.Dispatch.init	fn init(ev: *Evented, backing_allocator: Allocator, options: InitOptions) !void
std.Io.Dispatch.deinit	fn deinit(ev: *Evented) void
std.Io.Kqueue.init	fn init(k: *Kqueue, gpa: Allocator, options: InitOptions) !void
std.Io.Kqueue.deinit	fn deinit(k: *Kqueue) void
std.Io.Kqueue.createFileDescriptor	fn createFileDescriptor() CreateFileDescriptorError!posix.fd_t
std.Io.Kqueue.io	fn io(k: *Kqueue) Io
std.Io.Kqueue.kevent	fn kevent( kq: i32, changelist: []const posix.Kevent, eventlist: []posix.Kevent, timeout: ?*const posix.timespec, ) KEventError!usize
std.Io.Uring.allocator	fn allocator(ev: *Evented) std.mem.Allocator
std.Io.Uring.io	fn io(ev: *Evented) Io
std.Io.Uring.init	fn init(ev: *Evented, backing_allocator: Allocator, options: InitOptions) !void
std.Io.Uring.deinit	fn deinit(ev: *Evented) void
std.Io.Uring.pipe2	fn pipe2(flags: linux.O) PipeError![2]fd_t
std.Io.Uring.dup2	fn dup2(sync: *CancelRegion.Sync, old_fd: fd_t, new_fd: fd_t) DupError!void
std.Io.Uring.execvPath	fn execvPath( sync: *CancelRegion.Sync, path: [*:0]const u8, child_argv: [*:null]const ?[*:0]const u8, env_block: process.Environ.PosixBlock, ) process.ReplaceError
std.Io.Reader.Limited.init	fn init(reader: *Reader, limit: Limit, buffer: []u8) Limited
std.Io.Reader.limited	fn limited(r: *Reader, limit: Limit, buffer: []u8) Limited
std.Io.Reader.fixed	fn fixed(buffer: []const u8) Reader
std.Io.Reader.stream	fn stream(r: *Reader, w: *Writer, limit: Limit) StreamError!usize
std.Io.Reader.discard	fn discard(r: *Reader, limit: Limit) Error!usize
std.Io.Reader.defaultDiscard	fn defaultDiscard(r: *Reader, limit: Limit) Error!usize
std.Io.Reader.streamExact	fn streamExact(r: *Reader, w: *Writer, n: usize) StreamError!void
std.Io.Reader.streamExact64	fn streamExact64(r: *Reader, w: *Writer, n: u64) StreamError!void
std.Io.Reader.streamExactPreserve	fn streamExactPreserve(r: *Reader, w: *Writer, preserve_len: usize, n: usize) StreamError!void
std.Io.Reader.streamRemaining	fn streamRemaining(r: *Reader, w: *Writer) StreamRemainingError!usize
std.Io.Reader.discardRemaining	fn discardRemaining(r: *Reader) ShortError!usize
std.Io.Reader.allocRemaining	fn allocRemaining(r: *Reader, gpa: Allocator, limit: Limit) LimitedAllocError![]u8
std.Io.Reader.allocRemainingAlignedSentinel	fn allocRemainingAlignedSentinel( r: *Reader, gpa: Allocator, limit: Limit, comptime alignment: std.mem.Alignment, comptime sentinel: ?u8, ) LimitedAllocError!(if (sentinel) |s| [:s]align(alignment.toByteUnits()) u8 else []align(alignment.toByteUnits()) u8)
std.Io.Reader.appendExact	fn appendExact( r: *Reader, gpa: Allocator, list: *ArrayList(u8), n: usize, ) AppendExactError!void
std.Io.Reader.appendRemaining	fn appendRemaining( r: *Reader, gpa: Allocator, list: *ArrayList(u8), limit: Limit, ) LimitedAllocError!void
std.Io.Reader.appendRemainingAligned	fn appendRemainingAligned( r: *Reader, gpa: Allocator, comptime alignment: std.mem.Alignment, list: *std.array_list.Aligned(u8, alignment), limit: Limit, ) LimitedAllocError!void
std.Io.Reader.appendRemainingUnlimited	fn appendRemainingUnlimited(r: *Reader, gpa: Allocator, list: *ArrayList(u8)) UnlimitedAllocError!void
std.Io.Reader.readVec	fn readVec(r: *Reader, data: [][]u8) Error!usize
std.Io.Reader.defaultReadVec	fn defaultReadVec(r: *Reader, data: [][]u8) Error!usize
std.Io.Reader.buffered	fn buffered(r: *Reader) []u8
std.Io.Reader.bufferedLen	fn bufferedLen(r: *const Reader) usize
std.Io.Reader.hashed	fn hashed(r: *Reader, hasher: anytype, buffer: []u8) Hashed(@TypeOf(hasher))
std.Io.Reader.readVecAll	fn readVecAll(r: *Reader, data: [][]u8) Error!void
std.Io.Reader.peek	fn peek(r: *Reader, n: usize) Error![]u8
std.Io.Reader.peekGreedy	fn peekGreedy(r: *Reader, n: usize) Error![]u8
std.Io.Reader.toss	fn toss(r: *Reader, n: usize) void
std.Io.Reader.tossBuffered	fn tossBuffered(r: *Reader) void
std.Io.Reader.take	fn take(r: *Reader, n: usize) Error![]u8
std.Io.Reader.takeArray	fn takeArray(r: *Reader, comptime n: usize) Error!*[n]u8
std.Io.Reader.peekArray	fn peekArray(r: *Reader, comptime n: usize) Error!*[n]u8
std.Io.Reader.discardAll	fn discardAll(r: *Reader, n: usize) Error!void
std.Io.Reader.discardAll64	fn discardAll64(r: *Reader, n: u64) Error!void
std.Io.Reader.discardShort	fn discardShort(r: *Reader, n: usize) ShortError!usize
std.Io.Reader.readSliceAll	fn readSliceAll(r: *Reader, buffer: []u8) Error!void
std.Io.Reader.readSliceShort	fn readSliceShort(r: *Reader, buffer: []u8) ShortError!usize
std.Io.Reader.readSliceEndian	fn readSliceEndian( r: *Reader, comptime Elem: type, buffer: []Elem, endian: std.builtin.Endian, ) Error!void
std.Io.Reader.readSliceEndianAlloc	fn readSliceEndianAlloc( r: *Reader, allocator: Allocator, comptime Elem: type, len: usize, endian: std.builtin.Endian, ) ReadAllocError![]Elem
std.Io.Reader.readAlloc	fn readAlloc(r: *Reader, allocator: Allocator, len: usize) ReadAllocError![]u8
std.Io.Reader.takeSentinel	fn takeSentinel(r: *Reader, comptime sentinel: u8) DelimiterError![:sentinel]u8
std.Io.Reader.peekSentinel	fn peekSentinel(r: *Reader, comptime sentinel: u8) DelimiterError![:sentinel]u8
std.Io.Reader.takeDelimiterInclusive	fn takeDelimiterInclusive(r: *Reader, delimiter: u8) DelimiterError![]u8
std.Io.Reader.peekDelimiterInclusive	fn peekDelimiterInclusive(r: *Reader, delimiter: u8) DelimiterError![]u8
std.Io.Reader.takeDelimiterExclusive	fn takeDelimiterExclusive(r: *Reader, delimiter: u8) DelimiterError![]u8
std.Io.Reader.takeDelimiter	fn takeDelimiter(r: *Reader, delimiter: u8) error{ ReadFailed, StreamTooLong }!?[]u8
std.Io.Reader.peekDelimiterExclusive	fn peekDelimiterExclusive(r: *Reader, delimiter: u8) DelimiterError![]u8
std.Io.Reader.streamDelimiter	fn streamDelimiter(r: *Reader, w: *Writer, delimiter: u8) StreamError!usize
std.Io.Reader.streamDelimiterEnding	fn streamDelimiterEnding( r: *Reader, w: *Writer, delimiter: u8, ) StreamRemainingError!usize
std.Io.Reader.streamDelimiterLimit	fn streamDelimiterLimit( r: *Reader, w: *Writer, delimiter: u8, limit: Limit, ) StreamDelimiterLimitError!usize
std.Io.Reader.discardDelimiterInclusive	fn discardDelimiterInclusive(r: *Reader, delimiter: u8) Error!usize
std.Io.Reader.discardDelimiterExclusive	fn discardDelimiterExclusive(r: *Reader, delimiter: u8) ShortError!usize
std.Io.Reader.discardDelimiterLimit	fn discardDelimiterLimit(r: *Reader, delimiter: u8, limit: Limit) DiscardDelimiterLimitError!usize
std.Io.Reader.fill	fn fill(r: *Reader, n: usize) Error!void
std.Io.Reader.fillMore	fn fillMore(r: *Reader) Error!void
std.Io.Reader.peekByte	fn peekByte(r: *Reader) Error!u8
std.Io.Reader.takeByte	fn takeByte(r: *Reader) Error!u8
std.Io.Reader.takeByteSigned	fn takeByteSigned(r: *Reader) Error!i8
std.Io.Reader.takeInt	fn takeInt(r: *Reader, comptime T: type, endian: std.builtin.Endian) Error!T
std.Io.Reader.peekInt	fn peekInt(r: *Reader, comptime T: type, endian: std.builtin.Endian) Error!T
std.Io.Reader.takeVarInt	fn takeVarInt(r: *Reader, comptime Int: type, endian: std.builtin.Endian, n: usize) Error!Int
std.Io.Reader.takeStructPointer	fn takeStructPointer(r: *Reader, comptime T: type) Error!*align(1) T
std.Io.Reader.peekStructPointer	fn peekStructPointer(r: *Reader, comptime T: type) Error!*align(1) T
std.Io.Reader.takeStruct	fn takeStruct(r: *Reader, comptime T: type, endian: std.builtin.Endian) Error!T
std.Io.Reader.peekStruct	fn peekStruct(r: *Reader, comptime T: type, endian: std.builtin.Endian) Error!T
std.Io.Reader.takeEnum	fn takeEnum(r: *Reader, comptime Enum: type, endian: std.builtin.Endian) TakeEnumError!Enum
std.Io.Reader.takeEnumNonexhaustive	fn takeEnumNonexhaustive(r: *Reader, comptime Enum: type, endian: std.builtin.Endian) Error!Enum
std.Io.Reader.takeLeb128	fn takeLeb128(r: *Reader, comptime T: type) TakeLeb128Error!T
std.Io.Reader.rebase	fn rebase(r: *Reader, capacity: usize) Error!void
std.Io.Reader.defaultRebase	fn defaultRebase(r: *Reader, capacity: usize) Error!void
std.Io.Reader.Hashed	fn Hashed(comptime Hasher: type) type
std.Io.Reader.Hashed().init	fn init(in: *Reader, hasher: Hasher, buffer: []u8) @This()
std.Io.Reader.writableVectorPosix	fn writableVectorPosix(r: *Reader, buffer: []std.posix.iovec, data: []const []u8) Error!struct { usize, usize }
std.Io.Reader.writableVectorWsa	fn writableVectorWsa( r: *Reader, buffer: []std.os.windows.AFD.WSABUF(.@"var"), data: []const []u8, ) Error!struct { usize, usize }
std.Io.Reader.writableVector	fn writableVector(r: *Reader, buffer: [][]u8, data: []const []u8) Error!struct { usize, usize }
std.Io.Writer.fixed	fn fixed(buffer: []u8) Writer
std.Io.Writer.hashed	fn hashed(w: *Writer, hasher: anytype, buffer: []u8) Hashed(@TypeOf(hasher))
std.Io.Writer.buffered	fn buffered(w: *const Writer) []u8
std.Io.Writer.countSplat	fn countSplat(data: []const []const u8, splat: usize) usize
std.Io.Writer.countSendFileLowerBound	fn countSendFileLowerBound(n: usize, file_reader: *File.Reader, limit: Limit) ?usize
std.Io.Writer.writeVec	fn writeVec(w: *Writer, data: []const []const u8) Error!usize
std.Io.Writer.writeSplat	fn writeSplat(w: *Writer, data: []const []const u8, splat: usize) Error!usize
std.Io.Writer.writeSplatHeader	fn writeSplatHeader( w: *Writer, header: []const u8, data: []const []const u8, splat: usize, ) Error!usize
std.Io.Writer.writeSplatHeaderLimit	fn writeSplatHeaderLimit( w: *Writer, header: []const u8, data: []const []const u8, splat: usize, limit: Limit, ) Error!usize
std.Io.Writer.flush	fn flush(w: *Writer) Error!void
std.Io.Writer.defaultFlush	fn defaultFlush(w: *Writer) Error!void
std.Io.Writer.noopFlush	fn noopFlush(w: *Writer) Error!void
std.Io.Writer.rebase	fn rebase(w: *Writer, preserve: usize, unused_capacity_len: usize) Error!void
std.Io.Writer.defaultRebase	fn defaultRebase(w: *Writer, preserve: usize, minimum_len: usize) Error!void
std.Io.Writer.unusedCapacitySlice	fn unusedCapacitySlice(w: *const Writer) []u8
std.Io.Writer.unusedCapacityLen	fn unusedCapacityLen(w: *const Writer) usize
std.Io.Writer.writableArray	fn writableArray(w: *Writer, comptime len: usize) Error!*[len]u8
std.Io.Writer.writableSlice	fn writableSlice(w: *Writer, len: usize) Error![]u8
std.Io.Writer.writableSliceGreedy	fn writableSliceGreedy(w: *Writer, minimum_len: usize) Error![]u8
std.Io.Writer.writableSliceGreedyPreserve	fn writableSliceGreedyPreserve(w: *Writer, preserve: usize, minimum_len: usize) Error![]u8
std.Io.Writer.writableSlicePreserve	fn writableSlicePreserve(w: *Writer, preserve: usize, len: usize) Error![]u8
std.Io.Writer.ensureUnusedCapacity	fn ensureUnusedCapacity(w: *Writer, n: usize) Error!void
std.Io.Writer.undo	fn undo(w: *Writer, n: usize) void
std.Io.Writer.advance	fn advance(w: *Writer, n: usize) void
std.Io.Writer.writeVecAll	fn writeVecAll(w: *Writer, data: [][]const u8) Error!void
std.Io.Writer.writeSplatAll	fn writeSplatAll(w: *Writer, data: [][]const u8, splat: usize) Error!void
std.Io.Writer.write	fn write(w: *Writer, bytes: []const u8) Error!usize
std.Io.Writer.writeAll	fn writeAll(w: *Writer, bytes: []const u8) Error!void
std.Io.Writer.print	fn print(w: *Writer, comptime fmt: []const u8, args: anytype) Error!void
std.Io.Writer.writeByte	fn writeByte(w: *Writer, byte: u8) Error!void
std.Io.Writer.writeBytePreserve	fn writeBytePreserve(w: *Writer, preserve: usize, byte: u8) Error!void
std.Io.Writer.splatByteAll	fn splatByteAll(w: *Writer, byte: u8, n: usize) Error!void
std.Io.Writer.splatBytePreserve	fn splatBytePreserve(w: *Writer, preserve: usize, byte: u8, n: usize) Error!void
std.Io.Writer.splatByte	fn splatByte(w: *Writer, byte: u8, n: usize) Error!usize
std.Io.Writer.splatBytesAll	fn splatBytesAll(w: *Writer, bytes: []const u8, splat: usize) Error!void
std.Io.Writer.splatBytes	fn splatBytes(w: *Writer, bytes: []const u8, n: usize) Error!usize
std.Io.Writer.writeInt	fn writeInt(w: *Writer, comptime T: type, value: T, endian: std.builtin.Endian) Error!void
std.Io.Writer.writeStruct	fn writeStruct(w: *Writer, value: anytype, endian: std.builtin.Endian) Error!void
std.Io.Writer.writeSliceEndian	fn writeSliceEndian( w: *Writer, Elem: type, slice: []const Elem, endian: std.builtin.Endian, ) Error!void
std.Io.Writer.writeSliceSwap	fn writeSliceSwap(w: *Writer, Elem: type, slice: []const Elem) Error!void
std.Io.Writer.sendFile	fn sendFile(w: *Writer, file_reader: *File.Reader, limit: Limit) FileError!usize
std.Io.Writer.sendFileHeader	fn sendFileHeader( w: *Writer, header: []const u8, file_reader: *File.Reader, limit: Limit, ) FileError!usize
std.Io.Writer.sendFileReading	fn sendFileReading(w: *Writer, file_reader: *File.Reader, limit: Limit) FileReadingError!usize
std.Io.Writer.sendFileAll	fn sendFileAll(w: *Writer, file_reader: *File.Reader, limit: Limit) FileAllError!usize
std.Io.Writer.sendFileReadingAll	fn sendFileReadingAll(w: *Writer, file_reader: *File.Reader, limit: Limit) FileAllError!usize
std.Io.Writer.alignBuffer	fn alignBuffer( w: *Writer, buffer: []const u8, width: usize, alignment: std.fmt.Alignment, fill: u8, ) Error!void
std.Io.Writer.alignBufferOptions	fn alignBufferOptions(w: *Writer, buffer: []const u8, options: std.fmt.Options) Error!void
std.Io.Writer.printAddress	fn printAddress(w: *Writer, value: anytype) Error!void
std.Io.Writer.printValue	fn printValue( w: *Writer, comptime fmt: []const u8, options: std.fmt.Options, value: anytype, max_depth: usize, ) Error!void
std.Io.Writer.printVector	fn printVector( w: *Writer, comptime fmt: []const u8, options: std.fmt.Options, value: anytype, max_depth: usize, ) Error!void
std.Io.Writer.printArray	fn printArray( w: *Writer, comptime fmt: []const u8, options: std.fmt.Options, ptr_to_array: anytype, max_depth: usize, ) Error!void
std.Io.Writer.printInt	fn printInt( w: *Writer, value: anytype, base: u8, case: std.fmt.Case, options: std.fmt.Options, ) Error!void
std.Io.Writer.printIntAny	fn printIntAny( w: *Writer, value: anytype, base: u8, case: std.fmt.Case, options: std.fmt.Options, ) Error!void
std.Io.Writer.printAsciiChar	fn printAsciiChar(w: *Writer, c: u8, options: std.fmt.Options) Error!void
std.Io.Writer.printAscii	fn printAscii(w: *Writer, bytes: []const u8, options: std.fmt.Options) Error!void
std.Io.Writer.printUnicodeCodepoint	fn printUnicodeCodepoint(w: *Writer, c: u21) Error!void
std.Io.Writer.printFloat	fn printFloat(w: *Writer, value: anytype, options: std.fmt.Number) Error!void
std.Io.Writer.printFloatHexOptions	fn printFloatHexOptions(w: *Writer, value: anytype, options: std.fmt.Number) Error!void
std.Io.Writer.printFloatHex	fn printFloatHex(w: *Writer, value: anytype, case: std.fmt.Case, opt_precision: ?usize) Error!void
std.Io.Writer.printByteSize	fn printByteSize( w: *Writer, value: u64, comptime units: ByteSizeUnits, options: std.fmt.Options, ) Error!void
std.Io.Writer.invalidFmtError	fn invalidFmtError(comptime fmt: []const u8, value: anytype) noreturn
std.Io.Writer.printHex	fn printHex(w: *Writer, bytes: []const u8, case: std.fmt.Case) Error!void
std.Io.Writer.printBase64	fn printBase64(w: *Writer, bytes: []const u8) Error!void
std.Io.Writer.writeUleb128	fn writeUleb128(w: *Writer, value: anytype) Error!void
std.Io.Writer.writeSleb128	fn writeSleb128(w: *Writer, value: anytype) Error!void
std.Io.Writer.writeLeb128	fn writeLeb128(w: *Writer, value: anytype) Error!void
std.Io.Writer.failingDrain	fn failingDrain(w: *Writer, data: []const []const u8, splat: usize) Error!usize
std.Io.Writer.failingSendFile	fn failingSendFile(w: *Writer, file_reader: *File.Reader, limit: Limit) FileError!usize
std.Io.Writer.failingRebase	fn failingRebase(w: *Writer, preserve: usize, capacity: usize) Error!void
std.Io.Writer.Discarding.init	fn init(buffer: []u8) Discarding
std.Io.Writer.Discarding.fullCount	fn fullCount(d: *const Discarding) u64
std.Io.Writer.Discarding.drain	fn drain(w: *Writer, data: []const []const u8, splat: usize) Error!usize
std.Io.Writer.Discarding.sendFile	fn sendFile(w: *Writer, file_reader: *File.Reader, limit: Limit) FileError!usize
std.Io.Writer.consume	fn consume(w: *Writer, n: usize) usize
std.Io.Writer.consumeAll	fn consumeAll(w: *Writer) usize
std.Io.Writer.unimplementedSendFile	fn unimplementedSendFile(w: *Writer, file_reader: *File.Reader, limit: Limit) FileError!usize
std.Io.Writer.fixedDrain	fn fixedDrain(w: *Writer, data: []const []const u8, splat: usize) Error!usize
std.Io.Writer.unreachableDrain	fn unreachableDrain(w: *Writer, data: []const []const u8, splat: usize) Error!usize
std.Io.Writer.unreachableRebase	fn unreachableRebase(w: *Writer, preserve: usize, capacity: usize) Error!void
std.Io.Writer.fromArrayList	fn fromArrayList(array_list: *ArrayList(u8)) Writer
std.Io.Writer.toArrayList	fn toArrayList(w: *Writer) ArrayList(u8)
std.Io.Writer.Hashed	fn Hashed(comptime Hasher: type) type
std.Io.Writer.Hashed().init	fn init(out: *Writer, buffer: []u8) @This()
std.Io.Writer.Hashed().initHasher	fn initHasher(out: *Writer, hasher: Hasher, buffer: []u8) @This()
std.Io.Writer.Hashing	fn Hashing(comptime Hasher: type) type
std.Io.Writer.Hashing().init	fn init(buffer: []u8) @This()
std.Io.Writer.Hashing().initHasher	fn initHasher(hasher: Hasher, buffer: []u8) @This()
std.Io.Writer.Allocating.init	fn init(allocator: Allocator) Allocating
std.Io.Writer.Allocating.initAligned	fn initAligned(allocator: Allocator, alignment: std.mem.Alignment) Allocating
std.Io.Writer.Allocating.initCapacity	fn initCapacity(allocator: Allocator, capacity: usize) error{OutOfMemory}!Allocating
std.Io.Writer.Allocating.initOwnedSlice	fn initOwnedSlice(allocator: Allocator, slice: []u8) Allocating
std.Io.Writer.Allocating.initOwnedSliceAligned	fn initOwnedSliceAligned( allocator: Allocator, comptime alignment: std.mem.Alignment, slice: []align(alignment.toByteUnits()) u8, ) Allocating
std.Io.Writer.Allocating.fromArrayList	fn fromArrayList(allocator: Allocator, array_list: *ArrayList(u8)) Allocating
std.Io.Writer.Allocating.fromArrayListAligned	fn fromArrayListAligned( allocator: Allocator, comptime alignment: std.mem.Alignment, array_list: *std.array_list.Aligned(u8, alignment), ) Allocating
std.Io.Writer.Allocating.deinit	fn deinit(a: *Allocating) void
std.Io.Writer.Allocating.toArrayList	fn toArrayList(a: *Allocating) ArrayList(u8)
std.Io.Writer.Allocating.toArrayListAligned	fn toArrayListAligned( a: *Allocating, comptime alignment: std.mem.Alignment, ) std.array_list.Aligned(u8, alignment)
std.Io.Writer.Allocating.ensureUnusedCapacity	fn ensureUnusedCapacity(a: *Allocating, additional_count: usize) Allocator.Error!void
std.Io.Writer.Allocating.ensureTotalCapacity	fn ensureTotalCapacity(a: *Allocating, new_capacity: usize) Allocator.Error!void
std.Io.Writer.Allocating.ensureTotalCapacityPrecise	fn ensureTotalCapacityPrecise(a: *Allocating, new_capacity: usize) Allocator.Error!void
std.Io.Writer.Allocating.toOwnedSlice	fn toOwnedSlice(a: *Allocating) Allocator.Error![]u8
std.Io.Writer.Allocating.toOwnedSliceSentinel	fn toOwnedSliceSentinel(a: *Allocating, comptime sentinel: u8) Allocator.Error![:sentinel]u8
std.Io.Writer.Allocating.written	fn written(a: *Allocating) []u8
std.Io.Writer.Allocating.shrinkRetainingCapacity	fn shrinkRetainingCapacity(a: *Allocating, new_len: usize) void
std.Io.Writer.Allocating.clearRetainingCapacity	fn clearRetainingCapacity(a: *Allocating) void
std.Io.net.HostName.validate	fn validate(bytes: []const u8) ValidateError!void
std.Io.net.HostName.init	fn init(bytes: []const u8) ValidateError!HostName
std.Io.net.HostName.sameParentDomain	fn sameParentDomain(parent_host: HostName, child_host: HostName) bool
std.Io.net.HostName.eql	fn eql(a: HostName, b: HostName) bool
std.Io.net.HostName.lookup	fn lookup( host_name: HostName, io: Io, resolved: *Io.Queue(LookupResult), options: LookupOptions, ) LookupError!void
std.Io.net.HostName.expand	fn expand(noalias packet: []const u8, start_i: usize, noalias dest_buffer: []u8) ExpandError!struct { usize, HostName }
std.Io.net.HostName.DnsResponse.init	fn init(r: []const u8) Error!DnsResponse
std.Io.net.HostName.DnsResponse.next	fn next(dr: *DnsResponse) Error!?Answer
std.Io.net.HostName.connect	fn connect( host_name: HostName, io: Io, port: u16, options: IpAddress.ConnectOptions, ) ConnectError!Stream
std.Io.net.HostName.connectMany	fn connectMany( host_name: HostName, io: Io, port: u16, results: *Io.Queue(IpAddress.ConnectError!Stream), options: IpAddress.ConnectOptions, ) LookupError!void
std.Io.net.HostName.ResolvConf.init	fn init(io: Io) !ResolvConf
std.Io.net.HostName.ResolvConf.parse	fn parse(rc: *ResolvConf, io: Io, reader: *Io.Reader) !void
std.Io.net.HostName.ResolvConf.nameservers	fn nameservers(rc: *const ResolvConf) []const IpAddress
std.Io.net.IpAddress.parseLiteral	fn parseLiteral(text: []const u8) ParseLiteralError!IpAddress
std.Io.net.IpAddress.parse	fn parse(text: []const u8, port: u16) !IpAddress
std.Io.net.IpAddress.parseIp4	fn parseIp4(text: []const u8, port: u16) Ip4Address.ParseError!IpAddress
std.Io.net.IpAddress.parseIp6	fn parseIp6(text: []const u8, port: u16) Ip6Address.ParseError!IpAddress
std.Io.net.IpAddress.resolve	fn resolve(io: Io, text: []const u8, port: u16) !IpAddress
std.Io.net.IpAddress.resolveIp6	fn resolveIp6(io: Io, text: []const u8, port: u16) Ip6Address.ResolveError!IpAddress
std.Io.net.IpAddress.getPort	fn getPort(a: IpAddress) u16
std.Io.net.IpAddress.setPort	fn setPort(a: *IpAddress, port: u16) void
std.Io.net.IpAddress.fromIp6	fn fromIp6(ip6: Ip6Address) IpAddress
std.Io.net.IpAddress.formatResolved	fn formatResolved(a: IpAddress, io: Io, w: *Io.Writer) Ip6Address.FormatError!void
std.Io.net.IpAddress.format	fn format(a: IpAddress, w: *Io.Writer) Io.Writer.Error!void
std.Io.net.IpAddress.eql	fn eql(a: *const IpAddress, b: *const IpAddress) bool
std.Io.net.IpAddress.listen	fn listen(address: *const IpAddress, io: Io, options: ListenOptions) ListenError!Server
std.Io.net.IpAddress.bind	fn bind(address: *const IpAddress, io: Io, options: BindOptions) BindError!Socket
std.Io.net.IpAddress.connect	fn connect(address: *const IpAddress, io: Io, options: ConnectOptions) ConnectError!Stream
std.Io.net.Ip4Address.loopback	fn loopback(port: u16) Ip4Address
std.Io.net.Ip4Address.unspecified	fn unspecified(port: u16) Ip4Address
std.Io.net.Ip4Address.fromIp6	fn fromIp6(ip6: Ip6Address) ?Ip4Address
std.Io.net.Ip4Address.fromAny	fn fromAny(addr: IpAddress) ?Ip6Address
std.Io.net.Ip4Address.parse	fn parse(buffer: []const u8, port: u16) ParseError!Ip4Address
std.Io.net.Ip4Address.format	fn format(a: Ip4Address, w: *Io.Writer) Io.Writer.Error!void
std.Io.net.Ip4Address.eql	fn eql(a: Ip4Address, b: Ip4Address) bool
std.Io.net.Ip6Address.loopback	fn loopback(port: u16) Ip6Address
std.Io.net.Ip6Address.unspecified	fn unspecified(port: u16) Ip6Address
std.Io.net.Ip6Address.fromIp4	fn fromIp4(ip4: Ip4Address) Ip6Address
std.Io.net.Ip6Address.fromAny	fn fromAny(addr: IpAddress) Ip6Address
std.Io.net.Ip6Address.Unresolved.parse	fn parse(text: []const u8) Parsed
std.Io.net.Ip6Address.Unresolved.format	fn format(u: *const Unresolved, w: *Io.Writer) Io.Writer.Error!void
std.Io.net.Ip6Address.parse	fn parse(buffer: []const u8, port: u16) ParseError!Ip6Address
std.Io.net.Ip6Address.resolve	fn resolve(io: Io, buffer: []const u8, port: u16) ResolveError!Ip6Address
std.Io.net.Ip6Address.formatResolved	fn formatResolved(a: *const Ip6Address, io: Io, w: *Io.Writer) FormatError!void
std.Io.net.Ip6Address.format	fn format(a: *const Ip6Address, w: *Io.Writer) Io.Writer.Error!void
std.Io.net.Ip6Address.eql	fn eql(a: Ip6Address, b: Ip6Address) bool
std.Io.net.Ip6Address.isMultiCast	fn isMultiCast(a: Ip6Address) bool
std.Io.net.Ip6Address.isLinkLocal	fn isLinkLocal(a: Ip6Address) bool
std.Io.net.Ip6Address.isLoopBack	fn isLoopBack(a: Ip6Address) bool
std.Io.net.Ip6Address.isSiteLocal	fn isSiteLocal(a: Ip6Address) bool
std.Io.net.Ip6Address.policy	fn policy(a: Ip6Address) *const Policy
std.Io.net.Ip6Address.scope	fn scope(a: Ip6Address) u8
std.Io.net.UnixAddress.init	fn init(p: []const u8) InitError!UnixAddress
std.Io.net.UnixAddress.isAbstract	fn isAbstract(ua: *const UnixAddress) bool
std.Io.net.UnixAddress.listen	fn listen(ua: *const UnixAddress, io: Io, options: ListenOptions) ListenError!Server
std.Io.net.UnixAddress.connect	fn connect(ua: *const UnixAddress, io: Io) ConnectError!Stream
std.Io.net.Interface.Name.toSlice	fn toSlice(n: *const Name) []const u8
std.Io.net.Interface.Name.fromSlice	fn fromSlice(bytes: []const u8) error{NameTooLong}!Name
std.Io.net.Interface.Name.fromSliceUnchecked	fn fromSliceUnchecked(bytes: []const u8) Name
std.Io.net.Interface.Name.resolve	fn resolve(n: *const Name, io: Io) ResolveError!Interface
std.Io.net.Interface.name	fn name(i: Interface, io: Io) NameError!Name
std.Io.net.Interface.isNone	fn isNone(i: Interface) bool
std.Io.net.Socket.close	fn close(s: *const Socket, io: Io) void
std.Io.net.Socket.closeMany	fn closeMany(io: Io, sockets: []const Socket) void
std.Io.net.Socket.send	fn send(s: *const Socket, io: Io, dest: *const IpAddress, data: []const u8) SendError!void
std.Io.net.Socket.sendMany	fn sendMany(s: *const Socket, io: Io, messages: []OutgoingMessage, flags: SendFlags) SendError!void
std.Io.net.Socket.receive	fn receive(s: *const Socket, io: Io, buffer: []u8) ReceiveError!IncomingMessage
std.Io.net.Socket.receiveTimeout	fn receiveTimeout( s: *const Socket, io: Io, buffer: []u8, timeout: Io.Timeout, ) ReceiveTimeoutError!IncomingMessage
std.Io.net.Socket.receiveManyTimeout	fn receiveManyTimeout( s: *const Socket, io: Io, /// Function assumes each element has initialized `control` field. /// Initializing with `IncomingMessage.init` may be helpful. message_buffer: []IncomingMessage, data_buffer: []u8, flags: ReceiveFlags, timeout: Io.Timeout, ) struct { ?ReceiveTimeoutError, usize }
std.Io.net.Socket.createPair	fn createPair(io: Io, options: CreatePairOptions) CreatePairError![2]Socket
std.Io.net.Stream.close	fn close(s: *const Stream, io: Io) void
std.Io.net.Stream.shutdown	fn shutdown(s: *const Stream, io: Io, how: ShutdownHow) ShutdownError!void
std.Io.net.Stream.Reader.init	fn init(stream: Stream, io: Io, buffer: []u8) Reader
std.Io.net.Stream.Writer.init	fn init(stream: Stream, io: Io, buffer: []u8) Writer
std.Io.net.Stream.reader	fn reader(stream: Stream, io: Io, buffer: []u8) Reader
std.Io.net.Stream.writer	fn writer(stream: Stream, io: Io, buffer: []u8) Writer
std.Io.net.Server.deinit	fn deinit(s: *Server, io: Io) void
std.Io.net.Server.accept	fn accept(s: *Server, io: Io) AcceptError!Stream
std.Io.Dir.cwd	fn cwd() Dir
std.Io.Dir.Reader.init	fn init(dir: Dir, buffer: []align(@alignOf(usize)) u8) Reader
std.Io.Dir.Reader.read	fn read(r: *Reader, io: Io, buffer: []Entry) Error!usize
std.Io.Dir.Reader.next	fn next(r: *Reader, io: Io) Error!?Entry
std.Io.Dir.Reader.reset	fn reset(r: *Reader) void
std.Io.Dir.Iterator.init	fn init(dir: Dir, reader_state: Reader.State) Iterator
std.Io.Dir.Iterator.next	fn next(it: *Iterator, io: Io) Error!?Entry
std.Io.Dir.iterate	fn iterate(dir: Dir) Iterator
std.Io.Dir.iterateAssumeFirstIteration	fn iterateAssumeFirstIteration(dir: Dir) Iterator
std.Io.Dir.SelectiveWalker.next	fn next(self: *SelectiveWalker, io: Io) Error!?Walker.Entry
std.Io.Dir.SelectiveWalker.enter	fn enter(self: *SelectiveWalker, io: Io, entry: Walker.Entry) !void
std.Io.Dir.SelectiveWalker.deinit	fn deinit(self: *SelectiveWalker) void
std.Io.Dir.SelectiveWalker.leave	fn leave(self: *SelectiveWalker, io: Io) void
std.Io.Dir.walkSelectively	fn walkSelectively(dir: Dir, allocator: Allocator) !SelectiveWalker
std.Io.Dir.Walker.Entry.depth	fn depth(self: Walker.Entry) usize
std.Io.Dir.Walker.next	fn next(self: *Walker, io: Io) !?Walker.Entry
std.Io.Dir.Walker.deinit	fn deinit(self: *Walker) void
std.Io.Dir.Walker.leave	fn leave(self: *Walker, io: Io) void
std.Io.Dir.walk	fn walk(dir: Dir, allocator: Allocator) Allocator.Error!Walker
std.Io.Dir.access	fn access(dir: Dir, io: Io, sub_path: []const u8, options: AccessOptions) AccessError!void
std.Io.Dir.accessAbsolute	fn accessAbsolute(io: Io, absolute_path: []const u8, options: AccessOptions) AccessError!void
std.Io.Dir.openDir	fn openDir(dir: Dir, io: Io, sub_path: []const u8, options: OpenOptions) OpenError!Dir
std.Io.Dir.openDirAbsolute	fn openDirAbsolute(io: Io, absolute_path: []const u8, options: OpenOptions) OpenError!Dir
std.Io.Dir.close	fn close(dir: Dir, io: Io) void
std.Io.Dir.closeMany	fn closeMany(io: Io, dirs: []const Dir) void
std.Io.Dir.OpenFileOptions.isRead	fn isRead(self: OpenFileOptions) bool
std.Io.Dir.OpenFileOptions.isWrite	fn isWrite(self: OpenFileOptions) bool
std.Io.Dir.openFile	fn openFile(dir: Dir, io: Io, sub_path: []const u8, options: OpenFileOptions) File.OpenError!File
std.Io.Dir.openFileAbsolute	fn openFileAbsolute(io: Io, absolute_path: []const u8, options: OpenFileOptions) File.OpenError!File
std.Io.Dir.createFile	fn createFile(dir: Dir, io: Io, sub_path: []const u8, flags: CreateFileOptions) File.OpenError!File
std.Io.Dir.createFileAbsolute	fn createFileAbsolute(io: Io, absolute_path: []const u8, flags: CreateFileOptions) File.OpenError!File
std.Io.Dir.writeFile	fn writeFile(dir: Dir, io: Io, options: WriteFileOptions) WriteFileError!void
std.Io.Dir.updateFile	fn updateFile( source_dir: Dir, io: Io, source_path: []const u8, dest_dir: Dir, /// If directories in this path do not exist, they are created. dest_path: []const u8, options: CopyFileOptions, ) !PrevStatus
std.Io.Dir.readFile	fn readFile(dir: Dir, io: Io, file_path: []const u8, buffer: []u8) ReadFileError![]u8
std.Io.Dir.createDir	fn createDir(dir: Dir, io: Io, sub_path: []const u8, permissions: Permissions) CreateDirError!void
std.Io.Dir.createDirAbsolute	fn createDirAbsolute(io: Io, absolute_path: []const u8, permissions: Permissions) CreateDirError!void
std.Io.Dir.createDirPath	fn createDirPath(dir: Dir, io: Io, sub_path: []const u8) CreateDirPathError!void
std.Io.Dir.createDirPathStatus	fn createDirPathStatus(dir: Dir, io: Io, sub_path: []const u8, permissions: Permissions) CreateDirPathError!CreatePathStatus
std.Io.Dir.createDirPathOpen	fn createDirPathOpen(dir: Dir, io: Io, sub_path: []const u8, options: CreateDirPathOpenOptions) CreateDirPathOpenError!Dir
std.Io.Dir.stat	fn stat(dir: Dir, io: Io) StatError!Stat
std.Io.Dir.statFile	fn statFile(dir: Dir, io: Io, sub_path: []const u8, options: StatFileOptions) StatFileError!Stat
std.Io.Dir.realPath	fn realPath(dir: Dir, io: Io, out_buffer: []u8) RealPathError!usize
std.Io.Dir.realPathFile	fn realPathFile(dir: Dir, io: Io, sub_path: []const u8, out_buffer: []u8) RealPathFileError!usize
std.Io.Dir.realPathFileAlloc	fn realPathFileAlloc(dir: Dir, io: Io, sub_path: []const u8, allocator: Allocator) RealPathFileAllocError![:0]u8
std.Io.Dir.realPathFileAbsolute	fn realPathFileAbsolute(io: Io, absolute_path: []const u8, out_buffer: []u8) RealPathFileError!usize
std.Io.Dir.realPathFileAbsoluteAlloc	fn realPathFileAbsoluteAlloc(io: Io, absolute_path: []const u8, allocator: Allocator) RealPathFileAllocError![:0]u8
std.Io.Dir.deleteFile	fn deleteFile(dir: Dir, io: Io, sub_path: []const u8) DeleteFileError!void
std.Io.Dir.deleteFileAbsolute	fn deleteFileAbsolute(io: Io, absolute_path: []const u8) DeleteFileError!void
std.Io.Dir.deleteDir	fn deleteDir(dir: Dir, io: Io, sub_path: []const u8) DeleteDirError!void
std.Io.Dir.deleteDirAbsolute	fn deleteDirAbsolute(io: Io, absolute_path: []const u8) DeleteDirError!void
std.Io.Dir.rename	fn rename( old_dir: Dir, old_sub_path: []const u8, new_dir: Dir, new_sub_path: []const u8, io: Io, ) RenameError!void
std.Io.Dir.renameAbsolute	fn renameAbsolute(old_path: []const u8, new_path: []const u8, io: Io) RenameError!void
std.Io.Dir.renamePreserve	fn renamePreserve( old_dir: Dir, old_sub_path: []const u8, new_dir: Dir, new_sub_path: []const u8, io: Io, ) RenamePreserveError!void
std.Io.Dir.hardLink	fn hardLink( old_dir: Dir, old_sub_path: []const u8, new_dir: Dir, new_sub_path: []const u8, io: Io, options: HardLinkOptions, ) HardLinkError!void
std.Io.Dir.symLink	fn symLink( dir: Dir, io: Io, target_path: []const u8, sym_link_path: []const u8, flags: SymLinkFlags, ) SymLinkError!void
std.Io.Dir.symLinkAbsolute	fn symLinkAbsolute( io: Io, target_path: []const u8, sym_link_path: []const u8, flags: SymLinkFlags, ) SymLinkError!void
std.Io.Dir.symLinkAtomic	fn symLinkAtomic( dir: Dir, io: Io, target_path: []const u8, sym_link_path: []const u8, flags: SymLinkFlags, ) !void
std.Io.Dir.readLink	fn readLink(dir: Dir, io: Io, sub_path: []const u8, buffer: []u8) ReadLinkError!usize
std.Io.Dir.readLinkAbsolute	fn readLinkAbsolute(io: Io, absolute_path: []const u8, buffer: []u8) ReadLinkError!usize
std.Io.Dir.readFileAlloc	fn readFileAlloc( dir: Dir, io: Io, /// On Windows, should be encoded as [WTF-8](https://wtf-8.codeberg.page/). /// On WASI, should be encoded as valid UTF-8. /// On other platforms, an opaque sequence of bytes with no particular encoding. sub_path: []const u8, /// Used to allocate the result. gpa: Allocator, /// If reached or exceeded, `error.StreamTooLong` is returned instead. limit: Io.Limit, ) ReadFileAllocError![]u8
std.Io.Dir.readFileAllocOptions	fn readFileAllocOptions( dir: Dir, io: Io, /// On Windows, should be encoded as [WTF-8](https://wtf-8.codeberg.page/). /// On WASI, should be encoded as valid UTF-8. /// On other platforms, an opaque sequence of bytes with no particular encoding. sub_path: []const u8, /// Used to allocate the result. gpa: Allocator, /// If reached or exceeded, `error.StreamTooLong` is returned instead. limit: Io.Limit, comptime alignment: std.mem.Alignment, comptime sentinel: ?u8, ) ReadFileAllocError!(if (sentinel) |s| [:s]align(alignment.toByteUnits()) u8 else []align(alignment.toByteUnits()) u8)
std.Io.Dir.deleteTree	fn deleteTree(dir: Dir, io: Io, sub_path: []const u8) DeleteTreeError!void
std.Io.Dir.deleteTreeMinStackSize	fn deleteTreeMinStackSize(dir: Dir, io: Io, sub_path: []const u8) DeleteTreeError!void
std.Io.Dir.copyFile	fn copyFile( source_dir: Dir, source_path: []const u8, dest_dir: Dir, dest_path: []const u8, io: Io, options: CopyFileOptions, ) CopyFileError!void
std.Io.Dir.copyFileAbsolute	fn copyFileAbsolute( source_path: []const u8, dest_path: []const u8, io: Io, options: CopyFileOptions, ) !void
std.Io.Dir.createFileAtomic	fn createFileAtomic( dir: Dir, io: Io, sub_path: []const u8, options: CreateFileAtomicOptions, ) CreateFileAtomicError!File.Atomic
std.Io.Dir.setPermissions	fn setPermissions(dir: Dir, io: Io, new_permissions: File.Permissions) SetPermissionsError!void
std.Io.Dir.setFilePermissions	fn setFilePermissions( dir: Dir, io: Io, sub_path: []const u8, new_permissions: File.Permissions, options: SetFilePermissionsOptions, ) SetFilePermissionsError!void
std.Io.Dir.setOwner	fn setOwner(dir: Dir, io: Io, owner: ?File.Uid, group: ?File.Gid) SetOwnerError!void
std.Io.Dir.setFileOwner	fn setFileOwner( dir: Dir, io: Io, sub_path: []const u8, owner: ?File.Uid, group: ?File.Gid, options: SetFileOwnerOptions, ) SetOwnerError!void
std.Io.Dir.setTimestamps	fn setTimestamps( dir: Dir, io: Io, sub_path: []const u8, options: SetTimestampsOptions, ) SetTimestampsError!void
std.Io.Dir.setTimestampsNow	fn setTimestampsNow( dir: Dir, io: Io, sub_path: []const u8, options: SetTimestampsNowOptions, ) SetTimestampsError!void
std.Io.File.Reader.Mode.toStreaming	fn toStreaming(m: @This()) @This()
std.Io.File.Reader.Mode.toSimple	fn toSimple(m: @This()) @This()
std.Io.File.Reader.initInterface	fn initInterface(buffer: []u8) Io.Reader
std.Io.File.Reader.init	fn init(file: File, io: Io, buffer: []u8) Reader
std.Io.File.Reader.initSize	fn initSize(file: File, io: Io, buffer: []u8, size: ?u64) Reader
std.Io.File.Reader.initStreaming	fn initStreaming(file: File, io: Io, buffer: []u8) Reader
std.Io.File.Reader.getSize	fn getSize(r: *Reader) SizeError!u64
std.Io.File.Reader.seekBy	fn seekBy(r: *Reader, offset: i64) SeekError!void
std.Io.File.Reader.seekTo	fn seekTo(r: *Reader, offset: u64) SeekError!void
std.Io.File.Reader.logicalPos	fn logicalPos(r: *const Reader) u64
std.Io.File.Reader.streamMode	fn streamMode(r: *Reader, w: *Io.Writer, limit: Io.Limit, mode: Mode) Io.Reader.StreamError!usize
std.Io.File.Reader.atEnd	fn atEnd(r: *Reader) bool
std.Io.File.Writer.init	fn init(file: File, io: Io, buffer: []u8) Writer
std.Io.File.Writer.initStreaming	fn initStreaming(file: File, io: Io, buffer: []u8) Writer
std.Io.File.Writer.initDetect	fn initDetect(file: File, io: Io, buffer: []u8) Io.Cancelable!Writer
std.Io.File.Writer.initInterface	fn initInterface(buffer: []u8) Io.Writer
std.Io.File.Writer.moveToReader	fn moveToReader(w: *Writer) File.Reader
std.Io.File.Writer.drain	fn drain(io_w: *Io.Writer, data: []const []const u8, splat: usize) Io.Writer.Error!usize
std.Io.File.Writer.sendFile	fn sendFile(io_w: *Io.Writer, file_reader: *Io.File.Reader, limit: Io.Limit) Io.Writer.FileError!usize
std.Io.File.Writer.seekTo	fn seekTo(w: *Writer, offset: u64) (SeekError || Io.Writer.Error)!void
std.Io.File.Writer.logicalPos	fn logicalPos(w: *const Writer) u64
std.Io.File.Writer.seekToUnbuffered	fn seekToUnbuffered(w: *Writer, offset: u64) SeekError!void
std.Io.File.Writer.end	fn end(w: *Writer) EndError!void
std.Io.File.Writer.flush	fn flush(w: *Writer) Error!void
std.Io.File.Atomic.deinit	fn deinit(af: *Atomic, io: Io) void
std.Io.File.Atomic.link	fn link(af: *Atomic, io: Io) LinkError!void
std.Io.File.Atomic.replace	fn replace(af: *Atomic, io: Io) ReplaceError!void
std.Io.File.MemoryMap.create	fn create(io: Io, file: File, options: CreateOptions) CreateError!MemoryMap
std.Io.File.MemoryMap.destroy	fn destroy(mm: *MemoryMap, io: Io) void
std.Io.File.MemoryMap.setLength	fn setLength(mm: *MemoryMap, io: Io, new_len: usize) SetLengthError!void
std.Io.File.MemoryMap.read	fn read(mm: *MemoryMap, io: Io) File.ReadPositionalError!void
std.Io.File.MemoryMap.write	fn write(mm: *MemoryMap, io: Io) File.WritePositionalError!void
std.Io.File.MultiReader.Streams.contexts	fn contexts(s: *Streams) []Context
std.Io.File.MultiReader.Streams.storage	fn storage(s: *Streams) []Io.Operation.Storage
std.Io.File.MultiReader.Buffer	fn Buffer(comptime n: usize) type
std.Io.File.MultiReader.Buffer().toStreams	fn toStreams(b: *@This()) *Streams
std.Io.File.MultiReader.init	fn init(mr: *MultiReader, gpa: Allocator, io: Io, streams: *Streams, files: []const File) void
std.Io.File.MultiReader.deinit	fn deinit(mr: *MultiReader) void
std.Io.File.MultiReader.fileReader	fn fileReader(mr: *MultiReader, index: usize) *File.Reader
std.Io.File.MultiReader.reader	fn reader(mr: *MultiReader, index: usize) *Io.Reader
std.Io.File.MultiReader.checkAnyError	fn checkAnyError(mr: *const MultiReader) UnendingError!void
std.Io.File.MultiReader.toOwnedSlice	fn toOwnedSlice(mr: *MultiReader, index: usize) Allocator.Error![]u8
std.Io.File.MultiReader.fill	fn fill(mr: *MultiReader, unused_capacity: usize, timeout: Io.Timeout) FillError!void
std.Io.File.MultiReader.fillRemaining	fn fillRemaining(mr: *MultiReader, timeout: Io.Timeout) Io.Batch.AwaitConcurrentError!void
std.Io.File.stdout	fn stdout() File
std.Io.File.stderr	fn stderr() File
std.Io.File.stdin	fn stdin() File
std.Io.File.stat	fn stat(file: File, io: Io) StatError!Stat
std.Io.File.close	fn close(file: File, io: Io) void
std.Io.File.closeMany	fn closeMany(io: Io, files: []const File) void
std.Io.File.sync	fn sync(file: File, io: Io) SyncError!void
std.Io.File.isTty	fn isTty(file: File, io: Io) Io.Cancelable!bool
std.Io.File.enableAnsiEscapeCodes	fn enableAnsiEscapeCodes(file: File, io: Io) EnableAnsiEscapeCodesError!void
std.Io.File.supportsAnsiEscapeCodes	fn supportsAnsiEscapeCodes(file: File, io: Io) Io.Cancelable!bool
std.Io.File.setLength	fn setLength(file: File, io: Io, new_length: u64) SetLengthError!void
std.Io.File.length	fn length(file: File, io: Io) LengthError!u64
std.Io.File.setPermissions	fn setPermissions(file: File, io: Io, new_permissions: Permissions) SetPermissionsError!void
std.Io.File.setOwner	fn setOwner(file: File, io: Io, owner: ?Uid, group: ?Gid) SetOwnerError!void
std.Io.File.SetTimestamp.init	fn init(optional: ?Io.Timestamp) SetTimestamp
std.Io.File.setTimestamps	fn setTimestamps(file: File, io: Io, options: SetTimestampsOptions) SetTimestampsError!void
std.Io.File.setTimestampsNow	fn setTimestampsNow(file: File, io: Io) SetTimestampsError!void
std.Io.File.readStreaming	fn readStreaming(file: File, io: Io, buffer: []const []u8) ReadStreamingError!usize
std.Io.File.readPositional	fn readPositional(file: File, io: Io, buffer: []const []u8, offset: u64) ReadPositionalError!usize
std.Io.File.writePositional	fn writePositional(file: File, io: Io, buffer: []const []const u8, offset: u64) WritePositionalError!usize
std.Io.File.writePositionalAll	fn writePositionalAll(file: File, io: Io, bytes: []const u8, offset: u64) WritePositionalError!void
std.Io.File.reader	fn reader(file: File, io: Io, buffer: []u8) Reader
std.Io.File.readPositionalAll	fn readPositionalAll(file: File, io: Io, buffer: []u8, offset: u64) ReadPositionalError!usize
std.Io.File.readerStreaming	fn readerStreaming(file: File, io: Io, buffer: []u8) Reader
std.Io.File.writer	fn writer(file: File, io: Io, buffer: []u8) Writer
std.Io.File.writerStreaming	fn writerStreaming(file: File, io: Io, buffer: []u8) Writer
std.Io.File.writeStreaming	fn writeStreaming(file: File, io: Io, header: []const u8, data: []const []const u8, splat: usize) Writer.Error!usize
std.Io.File.writeStreamingAll	fn writeStreamingAll(file: File, io: Io, bytes: []const u8) Writer.Error!void
std.Io.File.lock	fn lock(file: File, io: Io, l: Lock) LockError!void
std.Io.File.unlock	fn unlock(file: File, io: Io) void
std.Io.File.tryLock	fn tryLock(file: File, io: Io, l: Lock) LockError!bool
std.Io.File.downgradeLock	fn downgradeLock(file: File, io: Io) LockError!void
std.Io.File.realPath	fn realPath(file: File, io: Io, out_buffer: []u8) RealPathError!usize
std.Io.File.hardLink	fn hardLink( file: File, io: Io, new_dir: Dir, new_sub_path: []const u8, options: HardLinkOptions, ) HardLinkError!void
std.Io.File.createMemoryMap	fn createMemoryMap(file: File, io: Io, options: MemoryMap.CreateOptions) MemoryMap.CreateError!MemoryMap
std.Io.Terminal.Mode.detect	fn detect(io: Io, file: File, NO_COLOR: bool, CLICOLOR_FORCE: bool) Io.Cancelable!Mode
std.Io.Terminal.setColor	fn setColor(t: Terminal, color: Color) SetColorError!void
std.Io.RwLock.tryLock	fn tryLock(rl: *RwLock, io: Io) bool
std.Io.RwLock.lockUncancelable	fn lockUncancelable(rl: *RwLock, io: Io) void
std.Io.RwLock.lock	fn lock(rl: *RwLock, io: Io) Io.Cancelable!void
std.Io.RwLock.unlock	fn unlock(rl: *RwLock, io: Io) void
std.Io.RwLock.tryLockShared	fn tryLockShared(rl: *RwLock, io: Io) bool
std.Io.RwLock.lockSharedUncancelable	fn lockSharedUncancelable(rl: *RwLock, io: Io) void
std.Io.RwLock.lockShared	fn lockShared(rl: *RwLock, io: Io) Io.Cancelable!void
std.Io.RwLock.unlockShared	fn unlockShared(rl: *RwLock, io: Io) void
std.Io.Semaphore.wait	fn wait(s: *Semaphore, io: Io) Io.Cancelable!void
std.Io.Semaphore.waitUncancelable	fn waitUncancelable(s: *Semaphore, io: Io) void
std.Io.Semaphore.post	fn post(s: *Semaphore, io: Io) void
std.Io.Operation.OptionalIndex.fromIndex	fn fromIndex(i: usize) OptionalIndex
std.Io.Operation.OptionalIndex.toIndex	fn toIndex(oi: OptionalIndex) u32
std.Io.operate	fn operate(io: Io, operation: Operation) Cancelable!Operation.Result
std.Io.operateTimeout	fn operateTimeout(io: Io, operation: Operation, timeout: Timeout) OperateTimeoutError!Operation.Result
std.Io.Batch.init	fn init(storage: []Operation.Storage) Batch
std.Io.Batch.add	fn add(batch: *Batch, operation: Operation) u32
std.Io.Batch.addAt	fn addAt(batch: *Batch, index: u32, operation: Operation) void
std.Io.Batch.next	fn next(batch: *Batch) ?Completion
std.Io.Batch.awaitAsync	fn awaitAsync(batch: *Batch, io: Io) Cancelable!void
std.Io.Batch.awaitConcurrent	fn awaitConcurrent(batch: *Batch, io: Io, timeout: Timeout) AwaitConcurrentError!void
std.Io.Batch.cancel	fn cancel(batch: *Batch, io: Io) void
std.Io.Limit.limited	fn limited(n: usize) Limit
std.Io.Limit.limited64	fn limited64(n: u64) Limit
std.Io.Limit.countVec	fn countVec(data: []const []const u8) Limit
std.Io.Limit.min	fn min(a: Limit, b: Limit) Limit
std.Io.Limit.max	fn max(a: Limit, b: Limit) Limit
std.Io.Limit.minInt	fn minInt(l: Limit, n: usize) usize
std.Io.Limit.minInt64	fn minInt64(l: Limit, n: u64) usize
std.Io.Limit.slice	fn slice(l: Limit, s: []u8) []u8
std.Io.Limit.sliceConst	fn sliceConst(l: Limit, s: []const u8) []const u8
std.Io.Limit.toInt	fn toInt(l: Limit) ?usize
std.Io.Limit.slice1	fn slice1(l: Limit, non_empty_buffer: []u8) []u8
std.Io.Limit.nonzero	fn nonzero(l: Limit) bool
std.Io.Limit.subtract	fn subtract(l: Limit, amount: usize) ?Limit
std.Io.Clock.now	fn now(clock: Clock, io: Io) Io.Timestamp
std.Io.Clock.resolution	fn resolution(clock: Clock, io: Io) ResolutionError!Io.Duration
std.Io.Clock.Timestamp.now	fn now(io: Io, clock: Clock) Clock.Timestamp
std.Io.Clock.Timestamp.wait	fn wait(t: Clock.Timestamp, io: Io) Cancelable!void
std.Io.Clock.Timestamp.durationTo	fn durationTo(from: Clock.Timestamp, to: Clock.Timestamp) Clock.Duration
std.Io.Clock.Timestamp.addDuration	fn addDuration(from: Clock.Timestamp, duration: Clock.Duration) Clock.Timestamp
std.Io.Clock.Timestamp.subDuration	fn subDuration(from: Clock.Timestamp, duration: Clock.Duration) Clock.Timestamp
std.Io.Clock.Timestamp.fromNow	fn fromNow(io: Io, duration: Clock.Duration) Clock.Timestamp
std.Io.Clock.Timestamp.untilNow	fn untilNow(timestamp: Clock.Timestamp, io: Io) Clock.Duration
std.Io.Clock.Timestamp.durationFromNow	fn durationFromNow(timestamp: Clock.Timestamp, io: Io) Clock.Duration
std.Io.Clock.Timestamp.toClock	fn toClock(t: Clock.Timestamp, io: Io, clock: Clock) Clock.Timestamp
std.Io.Clock.Timestamp.compare	fn compare(lhs: Clock.Timestamp, op: math.CompareOperator, rhs: Clock.Timestamp) bool
std.Io.Clock.Duration.sleep	fn sleep(duration: Clock.Duration, io: Io) Cancelable!void
std.Io.Timestamp.now	fn now(io: Io, clock: Clock) Io.Timestamp
std.Io.Timestamp.durationTo	fn durationTo(from: Timestamp, to: Timestamp) Duration
std.Io.Timestamp.addDuration	fn addDuration(from: Timestamp, duration: Duration) Timestamp
std.Io.Timestamp.subDuration	fn subDuration(from: Timestamp, duration: Duration) Timestamp
std.Io.Timestamp.withClock	fn withClock(t: Timestamp, clock: Clock) Clock.Timestamp
std.Io.Timestamp.fromNanoseconds	fn fromNanoseconds(x: i96) Timestamp
std.Io.Timestamp.toMicroseconds	fn toMicroseconds(t: Timestamp) i64
std.Io.Timestamp.toMilliseconds	fn toMilliseconds(t: Timestamp) i64
std.Io.Timestamp.toSeconds	fn toSeconds(t: Timestamp) i64
std.Io.Timestamp.toNanoseconds	fn toNanoseconds(t: Timestamp) i96
std.Io.Timestamp.formatNumber	fn formatNumber(t: Timestamp, w: *std.Io.Writer, n: std.fmt.Number) std.Io.Writer.Error!void
std.Io.Timestamp.untilNow	fn untilNow(t: Timestamp, io: Io, clock: Clock) Duration
std.Io.Duration.fromNanoseconds	fn fromNanoseconds(x: i96) Duration
std.Io.Duration.fromMicroseconds	fn fromMicroseconds(x: i64) Duration
std.Io.Duration.fromMilliseconds	fn fromMilliseconds(x: i64) Duration
std.Io.Duration.fromSeconds	fn fromSeconds(x: i64) Duration
std.Io.Duration.toMicroseconds	fn toMicroseconds(d: Duration) i64
std.Io.Duration.toMilliseconds	fn toMilliseconds(d: Duration) i64
std.Io.Duration.toSeconds	fn toSeconds(d: Duration) i64
std.Io.Duration.toNanoseconds	fn toNanoseconds(d: Duration) i96
std.Io.Duration.format	fn format(duration: Duration, w: *Writer) Writer.Error!void
std.Io.Timeout.toTimestamp	fn toTimestamp(t: Timeout, io: Io) ?Clock.Timestamp
std.Io.Timeout.toDeadline	fn toDeadline(t: Timeout, io: Io) Timeout
std.Io.Timeout.toDurationFromNow	fn toDurationFromNow(t: Timeout, io: Io) ?Clock.Duration
std.Io.Timeout.sleep	fn sleep(timeout: Timeout, io: Io) Cancelable!void
std.Io.Future	fn Future(Result: type) type
std.Io.Future().cancel	fn cancel(f: *@This(), io: Io) Result
std.Io.Future().await	fn await(f: *@This(), io: Io) Result
std.Io.Group.async	fn async(g: *Group, io: Io, function: anytype, args: std.meta.ArgsTuple(@TypeOf(function))) void
std.Io.Group.concurrent	fn concurrent(g: *Group, io: Io, function: anytype, args: std.meta.ArgsTuple(@TypeOf(function))) ConcurrentError!void
std.Io.Group.await	fn await(g: *Group, io: Io) Cancelable!void
std.Io.Group.cancel	fn cancel(g: *Group, io: Io) void
std.Io.recancel	fn recancel(io: Io) void
std.Io.swapCancelProtection	fn swapCancelProtection(io: Io, new: CancelProtection) CancelProtection
std.Io.checkCancel	fn checkCancel(io: Io) Cancelable!void
std.Io.Select	fn Select(comptime U: type) type
std.Io.Select().init	fn init(io: Io, buffer: []U) S
std.Io.Select().async	fn async( s: *S, comptime field: Field, function: anytype, args: std.meta.ArgsTuple(@TypeOf(function)), ) void
std.Io.Select().concurrent	fn concurrent( s: *S, comptime field: Field, function: anytype, args: std.meta.ArgsTuple(@TypeOf(function)), ) ConcurrentError!void
std.Io.Select().await	fn await(s: *S) Cancelable!U
std.Io.Select().awaitMany	fn awaitMany(s: *S, buffer: []U, min: usize) Cancelable!usize
std.Io.Select().cancel	fn cancel(s: *S) ?U
std.Io.Select().cancelDiscard	fn cancelDiscard(s: *S) void
std.Io.futexWait	fn futexWait(io: Io, comptime T: type, ptr: *align(@alignOf(u32)) const T, expected: T) Cancelable!void
std.Io.futexWaitTimeout	fn futexWaitTimeout(io: Io, comptime T: type, ptr: *align(@alignOf(u32)) const T, expected: T, timeout: Timeout) Cancelable!void
std.Io.futexWaitUncancelable	fn futexWaitUncancelable(io: Io, comptime T: type, ptr: *align(@alignOf(u32)) const T, expected: T) void
std.Io.futexWake	fn futexWake(io: Io, comptime T: type, ptr: *align(@alignOf(u32)) const T, max_waiters: u32) void
std.Io.Mutex.tryLock	fn tryLock(m: *Mutex) bool
std.Io.Mutex.lock	fn lock(m: *Mutex, io: Io) Cancelable!void
std.Io.Mutex.lockUncancelable	fn lockUncancelable(m: *Mutex, io: Io) void
std.Io.Mutex.unlock	fn unlock(m: *Mutex, io: Io) void
std.Io.Condition.wait	fn wait(cond: *Condition, io: Io, mutex: *Mutex) Cancelable!void
std.Io.Condition.waitUncancelable	fn waitUncancelable(cond: *Condition, io: Io, mutex: *Mutex) void
std.Io.Condition.signal	fn signal(cond: *Condition, io: Io) void
std.Io.Condition.broadcast	fn broadcast(cond: *Condition, io: Io) void
std.Io.Event.isSet	fn isSet(event: *const Event) bool
std.Io.Event.wait	fn wait(event: *Event, io: Io) Cancelable!void
std.Io.Event.waitUncancelable	fn waitUncancelable(event: *Event, io: Io) void
std.Io.Event.waitTimeout	fn waitTimeout(event: *Event, io: Io, timeout: Timeout) WaitTimeoutError!void
std.Io.Event.set	fn set(e: *Event, io: Io) void
std.Io.Event.reset	fn reset(e: *Event) void
std.Io.TypeErasedQueue.init	fn init(buffer: []u8) TypeErasedQueue
std.Io.TypeErasedQueue.close	fn close(q: *TypeErasedQueue, io: Io) void
std.Io.TypeErasedQueue.put	fn put(q: *TypeErasedQueue, io: Io, elements: []const u8, min: usize) (QueueClosedError || Cancelable)!usize
std.Io.TypeErasedQueue.putUncancelable	fn putUncancelable(q: *TypeErasedQueue, io: Io, elements: []const u8, min: usize) QueueClosedError!usize
std.Io.TypeErasedQueue.get	fn get(q: *TypeErasedQueue, io: Io, buffer: []u8, min: usize) (QueueClosedError || Cancelable)!usize
std.Io.TypeErasedQueue.getUncancelable	fn getUncancelable(q: *TypeErasedQueue, io: Io, buffer: []u8, min: usize) QueueClosedError!usize
std.Io.Queue	fn Queue(Elem: type) type
std.Io.Queue().init	fn init(buffer: []Elem) @This()
std.Io.Queue().close	fn close(q: *@This(), io: Io) void
std.Io.Queue().put	fn put(q: *@This(), io: Io, elements: []const Elem, min: usize) (QueueClosedError || Cancelable)!usize
std.Io.Queue().putAll	fn putAll(q: *@This(), io: Io, elements: []const Elem) (QueueClosedError || Cancelable)!void
std.Io.Queue().putUncancelable	fn putUncancelable(q: *@This(), io: Io, elements: []const Elem, min: usize) QueueClosedError!usize
std.Io.Queue().putOne	fn putOne(q: *@This(), io: Io, item: Elem) (QueueClosedError || Cancelable)!void
std.Io.Queue().putOneUncancelable	fn putOneUncancelable(q: *@This(), io: Io, item: Elem) QueueClosedError!void
std.Io.Queue().get	fn get(q: *@This(), io: Io, buffer: []Elem, min: usize) (QueueClosedError || Cancelable)!usize
std.Io.Queue().getUncancelable	fn getUncancelable(q: *@This(), io: Io, buffer: []Elem, min: usize) QueueClosedError!usize
std.Io.Queue().getOne	fn getOne(q: *@This(), io: Io) (QueueClosedError || Cancelable)!Elem
std.Io.Queue().getOneUncancelable	fn getOneUncancelable(q: *@This(), io: Io) QueueClosedError!Elem
std.Io.Queue().capacity	fn capacity(q: *const @This()) usize
std.Io.async	fn async( io: Io, function: anytype, args: std.meta.ArgsTuple(@TypeOf(function)), ) Future(@typeInfo(@TypeOf(function)).@"fn".return_type.?)
std.Io.concurrent	fn concurrent( io: Io, function: anytype, args: std.meta.ArgsTuple(@TypeOf(function)), ) ConcurrentError!Future(@typeInfo(@TypeOf(function)).@"fn".return_type.?)
std.Io.sleep	fn sleep(io: Io, duration: Duration, clock: Clock) Cancelable!void
std.Io.LockedStderr.terminal	fn terminal(ls: LockedStderr) Terminal
std.Io.LockedStderr.clear	fn clear(ls: LockedStderr, buffer: []u8) Cancelable!void
std.Io.lockStderr	fn lockStderr(io: Io, buffer: []u8, terminal_mode: ?Terminal.Mode) Cancelable!LockedStderr
std.Io.tryLockStderr	fn tryLockStderr(io: Io, buffer: []u8, terminal_mode: ?Terminal.Mode) Cancelable!?LockedStderr
std.Io.unlockStderr	fn unlockStderr(io: Io) void
std.Io.random	fn random(io: Io, buffer: []u8) void
std.Io.randomSecure	fn randomSecure(io: Io, buffer: []u8) RandomSecureError!void
std.Io.noCrashHandler	fn noCrashHandler(userdata: ?*anyopaque) void
std.Io.noAsync	fn noAsync(userdata: ?*anyopaque, result: []u8, result_alignment: std.mem.Alignment, context: []const u8, context_alignment: std.mem.Alignment, start: *const fn (context: *const anyopaque, result: *anyopaque) void) ?*AnyFuture
std.Io.failingConcurrent	fn failingConcurrent( userdata: ?*anyopaque, result_len: usize, result_alignment: std.mem.Alignment, context: []const u8, context_alignment: std.mem.Alignment, start: *const fn (context: *const anyopaque, result: *anyopaque) void, ) ConcurrentError!*AnyFuture
std.Io.unreachableAwait	fn unreachableAwait( userdata: ?*anyopaque, any_future: *AnyFuture, result: []u8, result_alignment: std.mem.Alignment, ) void
std.Io.unreachableCancel	fn unreachableCancel( userdata: ?*anyopaque, any_future: *AnyFuture, result: []u8, result_alignment: std.mem.Alignment, ) void
std.Io.noGroupAsync	fn noGroupAsync( userdata: ?*anyopaque, group: *Group, context: []const u8, context_alignment: std.mem.Alignment, start: *const fn (context: *const anyopaque) void, ) void
std.Io.failingGroupConcurrent	fn failingGroupConcurrent( userdata: ?*anyopaque, group: *Group, context: []const u8, context_alignment: std.mem.Alignment, start: *const fn (context: *const anyopaque) void, ) ConcurrentError!void
std.Io.unreachableGroupAwait	fn unreachableGroupAwait(userdata: ?*anyopaque, group: *Group, token: *anyopaque) Cancelable!void
std.Io.unreachableGroupCancel	fn unreachableGroupCancel(userdata: ?*anyopaque, group: *Group, token: *anyopaque) void
std.Io.unreachableRecancel	fn unreachableRecancel(userdata: ?*anyopaque) void
std.Io.unreachableSwapCancelProtection	fn unreachableSwapCancelProtection(userdata: ?*anyopaque, new: CancelProtection) CancelProtection
std.Io.unreachableCheckCancel	fn unreachableCheckCancel(userdata: ?*anyopaque) Cancelable!void
std.Io.noFutexWait	fn noFutexWait(userdata: ?*anyopaque, ptr: *const u32, expected: u32, timeout: Timeout) Cancelable!void
std.Io.noFutexWaitUncancelable	fn noFutexWaitUncancelable(userdata: ?*anyopaque, ptr: *const u32, expected: u32) void
std.Io.noFutexWake	fn noFutexWake(userdata: ?*anyopaque, ptr: *const u32, max_waiters: u32) void
std.Io.failingOperate	fn failingOperate(userdata: ?*anyopaque, operation: Operation) Cancelable!Operation.Result
std.Io.unreachableBatchAwaitAsync	fn unreachableBatchAwaitAsync(userdata: ?*anyopaque, b: *Batch) Cancelable!void
std.Io.unreachableBatchAwaitConcurrent	fn unreachableBatchAwaitConcurrent(userdata: ?*anyopaque, b: *Batch, timeout: Timeout) Batch.AwaitConcurrentError!void
std.Io.unreachableBatchCancel	fn unreachableBatchCancel(userdata: ?*anyopaque, b: *Batch) void
std.Io.failingDirCreateDir	fn failingDirCreateDir(userdata: ?*anyopaque, dir: Dir, sub_path: []const u8, permissions: Dir.Permissions) Dir.CreateDirError!void
std.Io.failingDirCreateDirPath	fn failingDirCreateDirPath(userdata: ?*anyopaque, dir: Dir, sub_path: []const u8, permissions: Dir.Permissions) Dir.CreateDirPathError!Dir.CreatePathStatus
std.Io.failingDirCreateDirPathOpen	fn failingDirCreateDirPathOpen(userdata: ?*anyopaque, dir: Dir, sub_path: []const u8, permissions: Dir.Permissions, options: Dir.OpenOptions) Dir.CreateDirPathOpenError!Dir
std.Io.failingDirOpenDir	fn failingDirOpenDir(userdata: ?*anyopaque, dir: Dir, sub_path: []const u8, options: Dir.OpenOptions) Dir.OpenError!Dir
std.Io.failingDirStat	fn failingDirStat(userdata: ?*anyopaque, dir: Dir) Dir.StatError!Dir.Stat
std.Io.failingDirStatFile	fn failingDirStatFile(userdata: ?*anyopaque, dir: Dir, sub_path: []const u8, options: Dir.StatFileOptions) Dir.StatFileError!File.Stat
std.Io.failingDirAccess	fn failingDirAccess(userdata: ?*anyopaque, dir: Dir, sub_path: []const u8, options: Dir.AccessOptions) Dir.AccessError!void
std.Io.failingDirCreateFile	fn failingDirCreateFile(userdata: ?*anyopaque, dir: Dir, sub_path: []const u8, options: File.CreateFlags) File.OpenError!File
std.Io.failingDirCreateFileAtomic	fn failingDirCreateFileAtomic(userdata: ?*anyopaque, dir: Dir, sub_path: []const u8, options: Dir.CreateFileAtomicOptions) Dir.CreateFileAtomicError!File.Atomic
std.Io.failingDirOpenFile	fn failingDirOpenFile(userdata: ?*anyopaque, dir: Dir, sub_path: []const u8, flags: File.OpenFlags) File.OpenError!File
std.Io.unreachableDirClose	fn unreachableDirClose(userdata: ?*anyopaque, dirs: []const Dir) void
std.Io.noDirRead	fn noDirRead(userdata: ?*anyopaque, dir_reader: *Dir.Reader, buffer: []Dir.Entry) Dir.Reader.Error!usize
std.Io.failingDirRealPath	fn failingDirRealPath(userdata: ?*anyopaque, dir: Dir, out_buffer: []u8) Dir.RealPathError!usize
std.Io.failingDirRealPathFile	fn failingDirRealPathFile(userdata: ?*anyopaque, dir: Dir, path_name: []const u8, out_buffer: []u8) Dir.RealPathFileError!usize
std.Io.failingDirDeleteFile	fn failingDirDeleteFile(userdata: ?*anyopaque, dir: Dir, sub_path: []const u8) Dir.DeleteFileError!void
std.Io.failingDirDeleteDir	fn failingDirDeleteDir(userdata: ?*anyopaque, dir: Dir, sub_path: []const u8) Dir.DeleteDirError!void
std.Io.failingDirRename	fn failingDirRename(userdata: ?*anyopaque, old_dir: Dir, old_sub_path: []const u8, new_dir: Dir, new_sub_path: []const u8) Dir.RenameError!void
std.Io.failingDirRenamePreserve	fn failingDirRenamePreserve(userdata: ?*anyopaque, old_dir: Dir, old_sub_path: []const u8, new_dir: Dir, new_sub_path: []const u8) Dir.RenamePreserveError!void
std.Io.failingDirSymLink	fn failingDirSymLink(userdata: ?*anyopaque, dir: Dir, target_path: []const u8, sym_link_path: []const u8, flags: Dir.SymLinkFlags) Dir.SymLinkError!void
std.Io.failingDirReadLink	fn failingDirReadLink(userdata: ?*anyopaque, dir: Dir, sub_path: []const u8, buffer: []u8) Dir.ReadLinkError!usize
std.Io.failingDirSetOwner	fn failingDirSetOwner(userdata: ?*anyopaque, dir: Dir, owner: ?File.Uid, group: ?File.Gid) Dir.SetOwnerError!void
std.Io.failingDirSetFileOwner	fn failingDirSetFileOwner(userdata: ?*anyopaque, dir: std.Io.Dir, sub_path: []const u8, owner: ?File.Uid, group: ?File.Gid, options: Dir.SetFileOwnerOptions) Dir.SetFileOwnerError!void
std.Io.failingDirSetPermissions	fn failingDirSetPermissions(userdata: ?*anyopaque, dir: Dir, permissions: Dir.Permissions) Dir.SetPermissionsError!void
std.Io.failingDirSetFilePermissions	fn failingDirSetFilePermissions(userdata: ?*anyopaque, dir: Dir, sub_path: []const u8, permissions: File.Permissions, options: Dir.SetFilePermissionsOptions) Dir.SetFilePermissionsError!void
std.Io.noDirSetTimestamps	fn noDirSetTimestamps(userdata: ?*anyopaque, dir: Dir, sub_path: []const u8, options: Dir.SetTimestampsOptions) Dir.SetTimestampsError!void
std.Io.failingDirHardLink	fn failingDirHardLink(userdata: ?*anyopaque, old_dir: Dir, old_sub_path: []const u8, new_dir: Dir, new_sub_path: []const u8, options: Dir.HardLinkOptions) Dir.HardLinkError!void
std.Io.failingFileStat	fn failingFileStat(userdata: ?*anyopaque, file: File) File.StatError!File.Stat
std.Io.failingFileLength	fn failingFileLength(userdata: ?*anyopaque, file: File) File.LengthError!u64
std.Io.unreachableFileClose	fn unreachableFileClose(userdata: ?*anyopaque, files: []const File) void
std.Io.failingFileWritePositional	fn failingFileWritePositional(userdata: ?*anyopaque, file: File, header: []const u8, data: []const []const u8, splat: usize, offset: u64) File.WritePositionalError!usize
std.Io.noFileWriteFileStreaming	fn noFileWriteFileStreaming(userdata: ?*anyopaque, file: File, header: []const u8, file_reader: *Io.File.Reader, limit: Io.Limit) File.Writer.WriteFileError!usize
std.Io.noFileWriteFilePositional	fn noFileWriteFilePositional(userdata: ?*anyopaque, file: File, header: []const u8, file_reader: *Io.File.Reader, limit: Io.Limit, offset: u64) File.WriteFilePositionalError!usize
std.Io.failingFileReadPositional	fn failingFileReadPositional(userdata: ?*anyopaque, file: File, data: []const []u8, offset: u64) File.ReadPositionalError!usize
std.Io.failingFileSeekBy	fn failingFileSeekBy(userdata: ?*anyopaque, file: File, relative_offset: i64) File.SeekError!void
std.Io.failingFileSeekTo	fn failingFileSeekTo(userdata: ?*anyopaque, file: File, absolute_offset: u64) File.SeekError!void
std.Io.failingFileSync	fn failingFileSync(userdata: ?*anyopaque, file: File) File.SyncError!void
std.Io.unreachableFileIsTty	fn unreachableFileIsTty(userdata: ?*anyopaque, file: File) Cancelable!bool
std.Io.unreachableFileEnableAnsiEscapeCodes	fn unreachableFileEnableAnsiEscapeCodes(userdata: ?*anyopaque, file: File) File.EnableAnsiEscapeCodesError!void
std.Io.unreachableFileSupportsAnsiEscapeCodes	fn unreachableFileSupportsAnsiEscapeCodes(userdata: ?*anyopaque, file: File) Cancelable!bool
std.Io.failingFileSetLength	fn failingFileSetLength(userdata: ?*anyopaque, file: File, length: u64) File.SetLengthError!void
std.Io.failingFileSetOwner	fn failingFileSetOwner(userdata: ?*anyopaque, file: File, owner: ?File.Uid, group: ?File.Gid) File.SetOwnerError!void
std.Io.failingFileSetPermissions	fn failingFileSetPermissions(userdata: ?*anyopaque, file: File, permissions: File.Permissions) File.SetPermissionsError!void
std.Io.noFileSetTimestamps	fn noFileSetTimestamps(userdata: ?*anyopaque, file: File, options: File.SetTimestampsOptions) File.SetTimestampsError!void
std.Io.failingFileLock	fn failingFileLock(userdata: ?*anyopaque, file: File, lock: File.Lock) File.LockError!void
std.Io.failingFileTryLock	fn failingFileTryLock(userdata: ?*anyopaque, file: File, lock: File.Lock) File.LockError!bool
std.Io.unreachableFileUnlock	fn unreachableFileUnlock(userdata: ?*anyopaque, file: File) void
std.Io.failingFileDowngradeLock	fn failingFileDowngradeLock(userdata: ?*anyopaque, file: File) File.DowngradeLockError!void
std.Io.failingFileRealPath	fn failingFileRealPath(userdata: ?*anyopaque, file: File, out_buffer: []u8) File.RealPathError!usize
std.Io.failingFileHardLink	fn failingFileHardLink(userdata: ?*anyopaque, file: File, new_dir: Dir, new_sub_path: []const u8, options: File.HardLinkOptions) File.HardLinkError!void
std.Io.failingFileMemoryMapCreate	fn failingFileMemoryMapCreate(userdata: ?*anyopaque, file: File, options: File.MemoryMap.CreateOptions) File.MemoryMap.CreateError!File.MemoryMap
std.Io.unreachableFileMemoryMapDestroy	fn unreachableFileMemoryMapDestroy(userdata: ?*anyopaque, mm: *File.MemoryMap) void
std.Io.unreachableFileMemoryMapSetLength	fn unreachableFileMemoryMapSetLength(userdata: ?*anyopaque, mm: *File.MemoryMap, new_len: usize) File.MemoryMap.SetLengthError!void
std.Io.unreachableFileMemoryMapRead	fn unreachableFileMemoryMapRead(userdata: ?*anyopaque, mm: *File.MemoryMap) File.ReadPositionalError!void
std.Io.unreachableFileMemoryMapWrite	fn unreachableFileMemoryMapWrite(userdata: ?*anyopaque, mm: *File.MemoryMap) File.WritePositionalError!void
std.Io.failingProcessExecutableOpen	fn failingProcessExecutableOpen(userdata: ?*anyopaque, flags: File.OpenFlags) std.process.OpenExecutableError!File
std.Io.failingProcessExecutablePath	fn failingProcessExecutablePath(userdata: ?*anyopaque, buffer: []u8) std.process.ExecutablePathError!usize
std.Io.unreachableLockStderr	fn unreachableLockStderr(userdata: ?*anyopaque, terminal_mode: ?Terminal.Mode) Cancelable!LockedStderr
std.Io.noTryLockStderr	fn noTryLockStderr(userdata: ?*anyopaque, terminal_mode: ?Terminal.Mode) Cancelable!?LockedStderr
std.Io.unreachableUnlockStderr	fn unreachableUnlockStderr(userdata: ?*anyopaque) void
std.Io.failingProcessCurrentPath	fn failingProcessCurrentPath(userdata: ?*anyopaque, buffer: []u8) std.process.CurrentPathError!usize
std.Io.failingProcessSetCurrentDir	fn failingProcessSetCurrentDir(userdata: ?*anyopaque, dir: Dir) std.process.SetCurrentDirError!void
std.Io.failingProcessSetCurrentPath	fn failingProcessSetCurrentPath(userdata: ?*anyopaque, path: []const u8) std.process.SetCurrentPathError!void
std.Io.failingProcessReplace	fn failingProcessReplace(userdata: ?*anyopaque, options: std.process.ReplaceOptions) std.process.ReplaceError
std.Io.failingProcessReplacePath	fn failingProcessReplacePath(userdata: ?*anyopaque, dir: Dir, options: std.process.ReplaceOptions) std.process.ReplaceError
std.Io.failingProcessSpawn	fn failingProcessSpawn(userdata: ?*anyopaque, options: std.process.SpawnOptions) std.process.SpawnError!std.process.Child
std.Io.failingProcessSpawnPath	fn failingProcessSpawnPath(userdata: ?*anyopaque, dir: Dir, options: std.process.SpawnOptions) std.process.SpawnError!std.process.Child
std.Io.unreachableChildWait	fn unreachableChildWait(userdata: ?*anyopaque, child: *std.process.Child) std.process.Child.WaitError!std.process.Child.Term
std.Io.unreachableChildKill	fn unreachableChildKill(userdata: ?*anyopaque, child: *std.process.Child) void
std.Io.failingProgressParentFile	fn failingProgressParentFile(userdata: ?*anyopaque) std.Progress.ParentFileError!File
std.Io.noRandom	fn noRandom(userdata: ?*anyopaque, buffer: []u8) void
std.Io.failingRandomSecure	fn failingRandomSecure(userdata: ?*anyopaque, buffer: []u8) RandomSecureError!void
std.Io.noNow	fn noNow(userdata: ?*anyopaque, clock: Clock) Timestamp
std.Io.failingClockResolution	fn failingClockResolution(userdata: ?*anyopaque, clock: Clock) Clock.ResolutionError!Duration
std.Io.noSleep	fn noSleep(userdata: ?*anyopaque, clock: Timeout) Cancelable!void
std.Io.failingNetListenIp	fn failingNetListenIp(userdata: ?*anyopaque, address: *const net.IpAddress, options: net.IpAddress.ListenOptions) net.IpAddress.ListenError!net.Socket
std.Io.failingNetAccept	fn failingNetAccept(userdata: ?*anyopaque, listen_fd: net.Socket.Handle, options: net.Server.AcceptOptions) net.Server.AcceptError!net.Socket
std.Io.failingNetBindIp	fn failingNetBindIp(userdata: ?*anyopaque, address: *const net.IpAddress, options: net.IpAddress.BindOptions) net.IpAddress.BindError!net.Socket
std.Io.failingNetConnectIp	fn failingNetConnectIp(userdata: ?*anyopaque, address: *const net.IpAddress, options: net.IpAddress.ConnectOptions) net.IpAddress.ConnectError!net.Socket
std.Io.failingNetListenUnix	fn failingNetListenUnix(userdata: ?*anyopaque, address: *const net.UnixAddress, options: net.UnixAddress.ListenOptions) net.UnixAddress.ListenError!net.Socket.Handle
std.Io.failingNetConnectUnix	fn failingNetConnectUnix(userdata: ?*anyopaque, address: *const net.UnixAddress) net.UnixAddress.ConnectError!net.Socket.Handle
std.Io.failingNetSocketCreatePair	fn failingNetSocketCreatePair(userdata: ?*anyopaque, options: net.Socket.CreatePairOptions) net.Socket.CreatePairError![2]net.Socket
std.Io.failingNetSend	fn failingNetSend(userdata: ?*anyopaque, handle: net.Socket.Handle, messages: []net.OutgoingMessage, flags: net.SendFlags) struct { ?net.Socket.SendError, usize }
std.Io.failingNetRead	fn failingNetRead(userdata: ?*anyopaque, src: net.Socket.Handle, data: [][]u8) net.Stream.Reader.Error!usize
std.Io.failingNetWrite	fn failingNetWrite(userdata: ?*anyopaque, dest: net.Socket.Handle, header: []const u8, data: []const []const u8, splat: usize) net.Stream.Writer.Error!usize
std.Io.failingNetWriteFile	fn failingNetWriteFile(userdata: ?*anyopaque, handle: net.Socket.Handle, header: []const u8, file_reader: *Io.File.Reader, limit: Io.Limit) net.Stream.Writer.WriteFileError!usize
std.Io.unreachableNetClose	fn unreachableNetClose(userdata: ?*anyopaque, handle: []const net.Socket.Handle) void
std.Io.failingNetShutdown	fn failingNetShutdown(userdata: ?*anyopaque, handle: net.Socket.Handle, how: net.ShutdownHow) net.ShutdownError!void
std.Io.failingNetInterfaceNameResolve	fn failingNetInterfaceNameResolve(userdata: ?*anyopaque, name: *const net.Interface.Name) net.Interface.Name.ResolveError!net.Interface
std.Io.unreachableNetInterfaceName	fn unreachableNetInterfaceName(userdata: ?*anyopaque, interface: net.Interface) net.Interface.NameError!net.Interface.Name
std.Io.failingNetLookup	fn failingNetLookup(userdata: ?*anyopaque, host_name: net.HostName, resolved: *Queue(net.HostName.LookupResult), options: net.HostName.LookupOptions) net.HostName.LookupError!void
std.MultiArrayList	fn MultiArrayList(comptime T: type) type
std.PriorityQueue	fn PriorityQueue(comptime T: type, comptime Context: type, comptime compareFn: fn (context: Context, a: T, b: T) Order) type
std.PriorityDequeue	fn PriorityDequeue(comptime T: type, comptime Context: type, comptime compareFn: fn (context: Context, a: T, b: T) Order) type
std.Progress.Node.OptionalIndex.unwrap	fn unwrap(i: @This()) ?Index
std.Progress.Node.Index.toOptional	fn toOptional(i: @This()) OptionalIndex
std.Progress.Node.start	fn start(node: Node, name: []const u8, estimated_total_items: usize) Node
std.Progress.Node.startFmt	fn startFmt(node: Node, estimated_total_items: usize, comptime format: []const u8, args: anytype) Node
std.Progress.Node.completeOne	fn completeOne(n: Node) void
std.Progress.Node.setName	fn setName(n: Node, new_name: []const u8) void
std.Progress.Node.getName	fn getName(n: Node) [max_name_len]u8
std.Progress.Node.setCompletedItems	fn setCompletedItems(n: Node, completed_items: usize) void
std.Progress.Node.setEstimatedTotalItems	fn setEstimatedTotalItems(n: Node, count: usize) void
std.Progress.Node.increaseEstimatedTotalItems	fn increaseEstimatedTotalItems(n: Node, count: usize) void
std.Progress.Node.end	fn end(n: Node) void
std.Progress.Node.setIpcFile	fn setIpcFile(node: Node, expected_io_userdata: ?*anyopaque, file: Io.File) void
std.Progress.Node.setIpcIndex	fn setIpcIndex(node: Node, ipc_index: Ipc.Index) void
std.Progress.Node.takeIpcIndex	fn takeIpcIndex(node: Node) ?Ipc.Index
std.Progress.start	fn start(io: Io, options: Options) Node
std.Progress.setStatus	fn setStatus(new_status: Status) void
std.Progress.clearWrittenWithEscapeCodes	fn clearWrittenWithEscapeCodes(file_writer: *Io.File.Writer) Io.Writer.Error!void
std.Random.Ascon.init	fn init(secret_seed: [secret_seed_length]u8) Self
std.Random.Ascon.addEntropy	fn addEntropy(self: *Self, bytes: []const u8) void
std.Random.Ascon.random	fn random(self: *Self) std.Random
std.Random.Ascon.fill	fn fill(self: *Self, buf: []u8) void
std.Random.ChaCha.init	fn init(secret_seed: [secret_seed_length]u8) Self
std.Random.ChaCha.addEntropy	fn addEntropy(self: *Self, bytes: []const u8) void
std.Random.ChaCha.random	fn random(self: *Self) std.Random
std.Random.ChaCha.fill	fn fill(self: *Self, buf_: []u8) void
std.Random.Isaac64.init	fn init(init_s: u64) Isaac64
std.Random.Isaac64.random	fn random(self: *Isaac64) std.Random
std.Random.Isaac64.fill	fn fill(self: *Isaac64, buf: []u8) void
std.Random.Pcg.init	fn init(init_s: u64) Pcg
std.Random.Pcg.random	fn random(self: *Pcg) std.Random
std.Random.Pcg.fill	fn fill(self: *Pcg, buf: []u8) void
std.Random.Xoroshiro128.init	fn init(init_s: u64) Xoroshiro128
std.Random.Xoroshiro128.random	fn random(self: *Xoroshiro128) std.Random
std.Random.Xoroshiro128.next	fn next(self: *Xoroshiro128) u64
std.Random.Xoroshiro128.jump	fn jump(self: *Xoroshiro128) void
std.Random.Xoroshiro128.seed	fn seed(self: *Xoroshiro128, init_s: u64) void
std.Random.Xoroshiro128.fill	fn fill(self: *Xoroshiro128, buf: []u8) void
std.Random.Xoshiro256.init	fn init(init_s: u64) Xoshiro256
std.Random.Xoshiro256.random	fn random(self: *Xoshiro256) std.Random
std.Random.Xoshiro256.next	fn next(self: *Xoshiro256) u64
std.Random.Xoshiro256.jump	fn jump(self: *Xoshiro256) void
std.Random.Xoshiro256.seed	fn seed(self: *Xoshiro256, init_s: u64) void
std.Random.Xoshiro256.fill	fn fill(self: *Xoshiro256, buf: []u8) void
std.Random.Sfc64.init	fn init(init_s: u64) Sfc64
std.Random.Sfc64.random	fn random(self: *Sfc64) std.Random
std.Random.Sfc64.fill	fn fill(self: *Sfc64, buf: []u8) void
std.Random.RomuTrio.init	fn init(init_s: u64) RomuTrio
std.Random.RomuTrio.random	fn random(self: *RomuTrio) std.Random
std.Random.RomuTrio.seedWithBuf	fn seedWithBuf(self: *RomuTrio, buf: [24]u8) void
std.Random.RomuTrio.seed	fn seed(self: *RomuTrio, init_s: u64) void
std.Random.RomuTrio.fill	fn fill(self: *RomuTrio, buf: []u8) void
std.Random.SplitMix64.init	fn init(seed: u64) SplitMix64
std.Random.SplitMix64.next	fn next(self: *SplitMix64) u64
std.Random.ziggurat.next_f64	fn next_f64(random: Random, comptime tables: ZigTable) f64
std.Random.ziggurat.ZigTableGen	fn ZigTableGen( comptime is_symmetric: bool, comptime r: f64, comptime v: f64, comptime f: fn (f64) f64, comptime f_inv: fn (f64) f64, comptime zero_case: fn (Random, f64) f64, ) ZigTable
std.Random.ziggurat.norm_f	fn norm_f(x: f64) f64
std.Random.ziggurat.norm_f_inv	fn norm_f_inv(y: f64) f64
std.Random.ziggurat.norm_zero_case	fn norm_zero_case(random: Random, u: f64) f64
std.Random.ziggurat.exp_f	fn exp_f(x: f64) f64
std.Random.ziggurat.exp_f_inv	fn exp_f_inv(y: f64) f64
std.Random.ziggurat.exp_zero_case	fn exp_zero_case(random: Random, _: f64) f64
std.Random.lcg.Wrapping	fn Wrapping(comptime T: type) type
std.Random.lcg.Wrapping().init	fn init(xi: T, a: T, c: T) LcgSelf
std.Random.lcg.Wrapping().next	fn next(lcg: *LcgSelf) T
std.Random.IoSource.interface	fn interface(this: *const @This()) std.Random
std.Random.init	fn init(pointer: anytype, comptime fillFn: fn (ptr: @TypeOf(pointer), buf: []u8) void) Random
std.Random.bytes	fn bytes(r: Random, buf: []u8) void
std.Random.array	fn array(r: Random, comptime E: type, comptime N: usize) [N]E
std.Random.boolean	fn boolean(r: Random) bool
std.Random.enumValue	fn enumValue(r: Random, comptime EnumType: type) EnumType
std.Random.enumValueWithIndex	fn enumValueWithIndex(r: Random, comptime EnumType: type, comptime Index: type) EnumType
std.Random.int	fn int(r: Random, comptime T: type) T
std.Random.uintLessThanBiased	fn uintLessThanBiased(r: Random, comptime T: type, less_than: T) T
std.Random.uintLessThan	fn uintLessThan(r: Random, comptime T: type, less_than: T) T
std.Random.uintAtMostBiased	fn uintAtMostBiased(r: Random, comptime T: type, at_most: T) T
std.Random.uintAtMost	fn uintAtMost(r: Random, comptime T: type, at_most: T) T
std.Random.intRangeLessThanBiased	fn intRangeLessThanBiased(r: Random, comptime T: type, at_least: T, less_than: T) T
std.Random.intRangeLessThan	fn intRangeLessThan(r: Random, comptime T: type, at_least: T, less_than: T) T
std.Random.intRangeAtMostBiased	fn intRangeAtMostBiased(r: Random, comptime T: type, at_least: T, at_most: T) T
std.Random.intRangeAtMost	fn intRangeAtMost(r: Random, comptime T: type, at_least: T, at_most: T) T
std.Random.float	fn float(r: Random, comptime T: type) T
std.Random.floatNorm	fn floatNorm(r: Random, comptime T: type) T
std.Random.floatExp	fn floatExp(r: Random, comptime T: type) T
std.Random.shuffle	fn shuffle(r: Random, comptime T: type, buf: []T) void
std.Random.shuffleWithIndex	fn shuffleWithIndex(r: Random, comptime T: type, buf: []T, comptime Index: type) void
std.Random.weightedIndex	fn weightedIndex(r: Random, comptime T: type, proportions: []const T) usize
std.Random.limitRangeBiased	fn limitRangeBiased(comptime T: type, random_int: T, less_than: T) T
std.SemanticVersion.Range.includesVersion	fn includesVersion(self: Range, ver: Version) bool
std.SemanticVersion.Range.isAtLeast	fn isAtLeast(self: Range, ver: Version) ?bool
std.SemanticVersion.order	fn order(lhs: Version, rhs: Version) std.math.Order
std.SemanticVersion.parse	fn parse(text: []const u8) !Version
std.SemanticVersion.format	fn format(self: Version, w: *std.Io.Writer) std.Io.Writer.Error!void
std.SinglyLinkedList.Node.insertAfter	fn insertAfter(node: *Node, new_node: *Node) void
std.SinglyLinkedList.Node.removeNext	fn removeNext(node: *Node) ?*Node
std.SinglyLinkedList.Node.findLast	fn findLast(node: *Node) *Node
std.SinglyLinkedList.Node.countChildren	fn countChildren(node: *const Node) usize
std.SinglyLinkedList.Node.reverse	fn reverse(indirect: *?*Node) void
std.SinglyLinkedList.prepend	fn prepend(list: *SinglyLinkedList, new_node: *Node) void
std.SinglyLinkedList.remove	fn remove(list: *SinglyLinkedList, node: *Node) void
std.SinglyLinkedList.popFirst	fn popFirst(list: *SinglyLinkedList) ?*Node
std.SinglyLinkedList.len	fn len(list: SinglyLinkedList) usize
std.Target.Query.CpuModel.eql	fn eql(a: CpuModel, b: CpuModel) bool
std.Target.Query.OsVersion.eql	fn eql(a: OsVersion, b: OsVersion) bool
std.Target.Query.OsVersion.eqlOpt	fn eqlOpt(a: ?OsVersion, b: ?OsVersion) bool
std.Target.Query.fromTarget	fn fromTarget(target: *const Target) Query
std.Target.Query.parse	fn parse(args: ParseOptions) !Query
std.Target.Query.parseCpuArch	fn parseCpuArch(args: ParseOptions) ?Target.Cpu.Arch
std.Target.Query.parseVersion	fn parseVersion(ver: []const u8) error{ InvalidVersion, Overflow }!SemanticVersion
std.Target.Query.isNativeCpu	fn isNativeCpu(self: Query) bool
std.Target.Query.isNativeOs	fn isNativeOs(self: Query) bool
std.Target.Query.isNativeAbi	fn isNativeAbi(self: Query) bool
std.Target.Query.isNativeTriple	fn isNativeTriple(self: Query) bool
std.Target.Query.isNative	fn isNative(self: Query) bool
std.Target.Query.canDetectLibC	fn canDetectLibC(self: Query) bool
std.Target.Query.zigTriple	fn zigTriple(self: Query, gpa: Allocator) Allocator.Error![]u8
std.Target.Query.serializeCpu	fn serializeCpu(q: Query, buffer: *std.array_list.Managed(u8)) Allocator.Error!void
std.Target.Query.serializeCpuAlloc	fn serializeCpuAlloc(q: Query, ally: Allocator) Allocator.Error![]u8
std.Target.Query.allocDescription	fn allocDescription(self: Query, allocator: Allocator) ![]u8
std.Target.Query.setGnuLibCVersion	fn setGnuLibCVersion(self: *Query, major: u32, minor: u32, patch: u32) void
std.Target.Query.eql	fn eql(a: Query, b: Query) bool
std.Target.Os.Tag.isDarwin	fn isDarwin(tag: Tag) bool
std.Target.Os.Tag.isBSD	fn isBSD(tag: Tag) bool
std.Target.Os.Tag.exeFileExt	fn exeFileExt(tag: Tag, arch: Cpu.Arch) [:0]const u8
std.Target.Os.Tag.staticLibSuffix	fn staticLibSuffix(tag: Tag, abi: Abi) [:0]const u8
std.Target.Os.Tag.dynamicLibSuffix	fn dynamicLibSuffix(tag: Tag) [:0]const u8
std.Target.Os.Tag.libPrefix	fn libPrefix(tag: Os.Tag, abi: Abi) [:0]const u8
std.Target.Os.Tag.defaultVersionRange	fn defaultVersionRange(tag: Tag, arch: Cpu.Arch, abi: Abi) Os
std.Target.Os.Tag.versionRangeTag	fn versionRangeTag(tag: Tag) @typeInfo(TaggedVersionRange).@"union".tag_type.?
std.Target.Os.WindowsVersion.isAtLeast	fn isAtLeast(ver: WindowsVersion, min_ver: WindowsVersion) bool
std.Target.Os.WindowsVersion.Range.includesVersion	fn includesVersion(range: Range, ver: WindowsVersion) bool
std.Target.Os.WindowsVersion.Range.isAtLeast	fn isAtLeast(range: Range, min_ver: WindowsVersion) ?bool
std.Target.Os.WindowsVersion.parse	fn parse(str: []const u8) !WindowsVersion
std.Target.Os.WindowsVersion.format	fn format(wv: WindowsVersion, w: *std.Io.Writer) std.Io.Writer.Error!void
std.Target.Os.HurdVersionRange.includesVersion	fn includesVersion(range: HurdVersionRange, ver: std.SemanticVersion) bool
std.Target.Os.HurdVersionRange.isAtLeast	fn isAtLeast(range: HurdVersionRange, ver: std.SemanticVersion) ?bool
std.Target.Os.LinuxVersionRange.includesVersion	fn includesVersion(range: LinuxVersionRange, ver: std.SemanticVersion) bool
std.Target.Os.LinuxVersionRange.isAtLeast	fn isAtLeast(range: LinuxVersionRange, ver: std.SemanticVersion) ?bool
std.Target.Os.VersionRange.default	fn default(arch: Cpu.Arch, tag: Tag, abi: Abi) VersionRange
std.Target.Os.TaggedVersionRange.gnuLibCVersion	fn gnuLibCVersion(range: TaggedVersionRange) ?std.SemanticVersion
std.Target.Os.versionRange	fn versionRange(os: Os) TaggedVersionRange
std.Target.Os.isAtLeast	fn isAtLeast(os: Os, comptime tag: Tag, ver: switch (tag.versionRangeTag()) { .none => void, .semver, .hurd, .linux => std.SemanticVersion, .windows => WindowsVersion, }) ?bool
std.Target.Abi.default	fn default(arch: Cpu.Arch, os_tag: Os.Tag) Abi
std.Target.Abi.isGnu	fn isGnu(abi: Abi) bool
std.Target.Abi.isMusl	fn isMusl(abi: Abi) bool
std.Target.Abi.isOpenHarmony	fn isOpenHarmony(abi: Abi) bool
std.Target.Abi.isAndroid	fn isAndroid(abi: Abi) bool
std.Target.Abi.float	fn float(abi: Abi) Float
std.Target.ObjectFormat.fileExt	fn fileExt(of: ObjectFormat, arch: Cpu.Arch) [:0]const u8
std.Target.ObjectFormat.default	fn default(os_tag: Os.Tag, arch: Cpu.Arch) ObjectFormat
std.Target.toElfMachine	fn toElfMachine(target: *const Target) std.elf.EM
std.Target.toCoffMachine	fn toCoffMachine(target: *const Target) std.coff.IMAGE.FILE.MACHINE
std.Target.Cpu.Feature.Set.isEmpty	fn isEmpty(set: Set) bool
std.Target.Cpu.Feature.Set.count	fn count(set: Set) std.math.IntFittingRange(0, needed_bit_count)
std.Target.Cpu.Feature.Set.isEnabled	fn isEnabled(set: Set, arch_feature_index: Index) bool
std.Target.Cpu.Feature.Set.addFeature	fn addFeature(set: *Set, arch_feature_index: Index) void
std.Target.Cpu.Feature.Set.addFeatureSet	fn addFeatureSet(set: *Set, other_set: Set) void
std.Target.Cpu.Feature.Set.removeFeature	fn removeFeature(set: *Set, arch_feature_index: Index) void
std.Target.Cpu.Feature.Set.removeFeatureSet	fn removeFeatureSet(set: *Set, other_set: Set) void
std.Target.Cpu.Feature.Set.populateDependencies	fn populateDependencies(set: *Set, all_features_list: []const Cpu.Feature) void
std.Target.Cpu.Feature.Set.asBytes	fn asBytes(set: *const Set) *const [byte_count]u8
std.Target.Cpu.Feature.Set.eql	fn eql(set: Set, other_set: Set) bool
std.Target.Cpu.Feature.Set.isSuperSetOf	fn isSuperSetOf(set: Set, other_set: Set) bool
std.Target.Cpu.Feature.FeatureSetFns	fn FeatureSetFns(comptime F: type) type
std.Target.Cpu.Feature.FeatureSetFns().featureSet	fn featureSet(features: []const F) Set
std.Target.Cpu.Feature.FeatureSetFns().featureSetHas	fn featureSetHas(set: Set, feature: F) bool
std.Target.Cpu.Feature.FeatureSetFns().featureSetHasAny	fn featureSetHasAny(set: Set, features: anytype) bool
std.Target.Cpu.Feature.FeatureSetFns().featureSetHasAll	fn featureSetHasAll(set: Set, features: anytype) bool
std.Target.Cpu.Arch.family	fn family(arch: Arch) Family
std.Target.Cpu.Arch.isX86	fn isX86(arch: Arch) bool
std.Target.Cpu.Arch.isArm	fn isArm(arch: Arch) bool
std.Target.Cpu.Arch.isThumb	fn isThumb(arch: Arch) bool
std.Target.Cpu.Arch.isAARCH64	fn isAARCH64(arch: Arch) bool
std.Target.Cpu.Arch.isArc	fn isArc(arch: Arch) bool
std.Target.Cpu.Arch.isHppa	fn isHppa(arch: Arch) bool
std.Target.Cpu.Arch.isWasm	fn isWasm(arch: Arch) bool
std.Target.Cpu.Arch.isLoongArch	fn isLoongArch(arch: Arch) bool
std.Target.Cpu.Arch.isRISCV	fn isRISCV(arch: Arch) bool
std.Target.Cpu.Arch.isRiscv32	fn isRiscv32(arch: Arch) bool
std.Target.Cpu.Arch.isRiscv64	fn isRiscv64(arch: Arch) bool
std.Target.Cpu.Arch.isMicroblaze	fn isMicroblaze(arch: Arch) bool
std.Target.Cpu.Arch.isMIPS	fn isMIPS(arch: Arch) bool
std.Target.Cpu.Arch.isMIPS32	fn isMIPS32(arch: Arch) bool
std.Target.Cpu.Arch.isMIPS64	fn isMIPS64(arch: Arch) bool
std.Target.Cpu.Arch.isPowerPC	fn isPowerPC(arch: Arch) bool
std.Target.Cpu.Arch.isPowerPC32	fn isPowerPC32(arch: Arch) bool
std.Target.Cpu.Arch.isPowerPC64	fn isPowerPC64(arch: Arch) bool
std.Target.Cpu.Arch.isSPARC	fn isSPARC(arch: Arch) bool
std.Target.Cpu.Arch.isSpirV	fn isSpirV(arch: Arch) bool
std.Target.Cpu.Arch.isSh	fn isSh(arch: Arch) bool
std.Target.Cpu.Arch.isBpf	fn isBpf(arch: Arch) bool
std.Target.Cpu.Arch.isNvptx	fn isNvptx(arch: Arch) bool
std.Target.Cpu.Arch.isXtensa	fn isXtensa(arch: Arch) bool
std.Target.Cpu.Arch.parseCpuModel	fn parseCpuModel(arch: Arch, cpu_name: []const u8) !*const Cpu.Model
std.Target.Cpu.Arch.endian	fn endian(arch: Arch) std.builtin.Endian
std.Target.Cpu.Arch.allFeaturesList	fn allFeaturesList(arch: Arch) []const Cpu.Feature
std.Target.Cpu.Arch.allCpuModels	fn allCpuModels(arch: Arch) []const *const Cpu.Model
std.Target.Cpu.Arch.plan9Ext	fn plan9Ext(arch: Cpu.Arch) [:0]const u8
std.Target.Cpu.Arch.fromCallingConvention	fn fromCallingConvention(cc: std.builtin.CallingConvention.Tag) []const Arch
std.Target.Cpu.Model.toCpu	fn toCpu(model: *const Model, arch: Arch) Cpu
std.Target.Cpu.Model.generic	fn generic(arch: Arch) *const Model
std.Target.Cpu.Model.baseline	fn baseline(arch: Arch, os: Os) *const Model
std.Target.Cpu.baseline	fn baseline(arch: Arch, os: Os) Cpu
std.Target.Cpu.has	fn has(cpu: Cpu, comptime family: Arch.Family, feature: @field(Target, @tagName(family)).Feature) bool
std.Target.Cpu.hasAny	fn hasAny(cpu: Cpu, comptime family: Arch.Family, features: []const @field(Target, @tagName(family)).Feature) bool
std.Target.Cpu.hasAll	fn hasAll(cpu: Cpu, comptime family: Arch.Family, features: []const @field(Target, @tagName(family)).Feature) bool
std.Target.zigTriple	fn zigTriple(target: *const Target, allocator: Allocator) Allocator.Error![]u8
std.Target.hurdTupleSimple	fn hurdTupleSimple(allocator: Allocator, arch: Cpu.Arch, abi: Abi) ![]u8
std.Target.hurdTuple	fn hurdTuple(target: *const Target, allocator: Allocator) ![]u8
std.Target.linuxTripleSimple	fn linuxTripleSimple(allocator: Allocator, arch: Cpu.Arch, os_tag: Os.Tag, abi: Abi) ![]u8
std.Target.linuxTriple	fn linuxTriple(target: *const Target, allocator: Allocator) ![]u8
std.Target.exeFileExt	fn exeFileExt(target: *const Target) [:0]const u8
std.Target.staticLibSuffix	fn staticLibSuffix(target: *const Target) [:0]const u8
std.Target.dynamicLibSuffix	fn dynamicLibSuffix(target: *const Target) [:0]const u8
std.Target.libPrefix	fn libPrefix(target: *const Target) [:0]const u8
std.Target.isMinGW	fn isMinGW(target: *const Target) bool
std.Target.isGnuLibC	fn isGnuLibC(target: *const Target) bool
std.Target.isMuslLibC	fn isMuslLibC(target: *const Target) bool
std.Target.isBionicLibC	fn isBionicLibC(target: *const Target) bool
std.Target.isDarwinLibC	fn isDarwinLibC(target: *const Target) bool
std.Target.isFreeBSDLibC	fn isFreeBSDLibC(target: *const Target) bool
std.Target.isNetBSDLibC	fn isNetBSDLibC(target: *const Target) bool
std.Target.isOpenBSDLibC	fn isOpenBSDLibC(target: *const Target) bool
std.Target.isWasiLibC	fn isWasiLibC(target: *const Target) bool
std.Target.requiresLibC	fn requiresLibC(target: *const Target) bool
std.Target.supportsAddressSpace	fn supportsAddressSpace( target: Target, address_space: std.builtin.AddressSpace, context: ?AddressSpaceContext, ) bool
std.Target.DynamicLinker.init	fn init(maybe_path: ?[]const u8) DynamicLinker
std.Target.DynamicLinker.initFmt	fn initFmt(comptime fmt_str: []const u8, args: anytype) !DynamicLinker
std.Target.DynamicLinker.get	fn get(dl: *const DynamicLinker) ?[]const u8
std.Target.DynamicLinker.set	fn set(dl: *DynamicLinker, maybe_path: ?[]const u8) void
std.Target.DynamicLinker.setFmt	fn setFmt(dl: *DynamicLinker, comptime fmt_str: []const u8, args: anytype) !void
std.Target.DynamicLinker.eql	fn eql(lhs: DynamicLinker, rhs: DynamicLinker) bool
std.Target.DynamicLinker.kind	fn kind(os: Os.Tag) Kind
std.Target.DynamicLinker.standard	fn standard(cpu: Cpu, os: Os, abi: Abi) DynamicLinker
std.Target.standardDynamicLinkerPath	fn standardDynamicLinkerPath(target: *const Target) DynamicLinker
std.Target.ptrBitWidth_cpu_abi	fn ptrBitWidth_cpu_abi(cpu: Cpu, abi: Abi) u16
std.Target.ptrBitWidth_arch_abi	fn ptrBitWidth_arch_abi(cpu_arch: Cpu.Arch, abi: Abi) u16
std.Target.ptrBitWidth	fn ptrBitWidth(target: *const Target) u16
std.Target.stackAlignment	fn stackAlignment(target: *const Target) u16
std.Target.stackGrowth	fn stackGrowth(target: *const Target) StackGrowth
std.Target.cCharSignedness	fn cCharSignedness(target: *const Target) std.builtin.Signedness
std.Target.cTypeByteSize	fn cTypeByteSize(t: *const Target, c_type: CType) u16
std.Target.cTypeBitSize	fn cTypeBitSize(target: *const Target, c_type: CType) u16
std.Target.cTypeAlignment	fn cTypeAlignment(target: *const Target, c_type: CType) u16
std.Target.cTypePreferredAlignment	fn cTypePreferredAlignment(target: *const Target, c_type: CType) u16
std.Target.cMaxIntAlignment	fn cMaxIntAlignment(target: *const Target) u16
std.Target.cCallingConvention	fn cCallingConvention(target: *const Target) ?std.builtin.CallingConvention
std.Thread.setName	fn setName(self: Thread, io: Io, name: []const u8) SetNameError!void
std.Thread.getName	fn getName(self: Thread, buffer_ptr: *[max_name_len:0]u8) GetNameError!?[]const u8
std.Thread.getCurrentId	fn getCurrentId() Id
std.Thread.getCpuCount	fn getCpuCount() CpuCountError!usize
std.Thread.spawn	fn spawn(config: SpawnConfig, comptime function: anytype, args: anytype) SpawnError!Thread
std.Thread.getHandle	fn getHandle(self: Thread) Handle
std.Thread.detach	fn detach(self: Thread) void
std.Thread.join	fn join(self: Thread) void
std.Thread.yield	fn yield() YieldError!void
std.Thread.maybeAttachSignalStack	fn maybeAttachSignalStack() void
std.Treap	fn Treap(comptime Key: type, comptime compareFn: anytype) type
std.Uri.getHost	fn getHost(uri: Uri, buffer: *[HostName.max_len]u8) GetHostError!HostName
std.Uri.getHostAlloc	fn getHostAlloc(uri: Uri, arena: Allocator) GetHostAllocError!HostName
std.Uri.Component.isEmpty	fn isEmpty(component: Component) bool
std.Uri.Component.toRaw	fn toRaw(component: Component, buffer: []u8) error{NoSpaceLeft}![]const u8
std.Uri.Component.toRawMaybeAlloc	fn toRawMaybeAlloc(component: Component, arena: Allocator) Allocator.Error![]const u8
std.Uri.Component.formatRaw	fn formatRaw(component: Component, w: *Writer) Writer.Error!void
std.Uri.Component.formatEscaped	fn formatEscaped(component: Component, w: *Writer) Writer.Error!void
std.Uri.Component.formatUser	fn formatUser(component: Component, w: *Writer) Writer.Error!void
std.Uri.Component.formatPassword	fn formatPassword(component: Component, w: *Writer) Writer.Error!void
std.Uri.Component.formatHost	fn formatHost(component: Component, w: *Writer) Writer.Error!void
std.Uri.Component.formatPath	fn formatPath(component: Component, w: *Writer) Writer.Error!void
std.Uri.Component.formatQuery	fn formatQuery(component: Component, w: *Writer) Writer.Error!void
std.Uri.Component.formatFragment	fn formatFragment(component: Component, w: *Writer) Writer.Error!void
std.Uri.Component.percentEncode	fn percentEncode(w: *Writer, raw: []const u8, comptime isValidChar: fn (u8) bool) Writer.Error!void
std.Uri.percentDecodeBackwards	fn percentDecodeBackwards(output: []u8, input: []const u8) []u8
std.Uri.percentDecodeInPlace	fn percentDecodeInPlace(buffer: []u8) []u8
std.Uri.parseAfterScheme	fn parseAfterScheme(scheme: []const u8, text: []const u8) ParseError!Uri
std.Uri.format	fn format(uri: *const Uri, writer: *Writer) Writer.Error!void
std.Uri.writeToStream	fn writeToStream(uri: *const Uri, writer: *Writer, flags: Format.Flags) Writer.Error!void
std.Uri.Format.default	fn default(f: Format, writer: *Writer) Writer.Error!void
std.Uri.fmt	fn fmt(uri: *const Uri, flags: Format.Flags) std.fmt.Alt(Format, Format.default)
std.Uri.parse	fn parse(text: []const u8) ParseError!Uri
std.Uri.resolveInPlace	fn resolveInPlace(base: Uri, new_len: usize, aux_buf: *[]u8) ResolveInPlaceError!Uri
std.ArrayList	fn ArrayList(comptime T: type) type
std.array_list.Managed	fn Managed(comptime T: type) type
std.array_list.AlignedManaged	fn AlignedManaged(comptime T: type, comptime alignment: ?mem.Alignment) type
std.array_list.AlignedManaged().SentinelSlice	fn SentinelSlice(comptime s: T) type
std.array_list.AlignedManaged().init	fn init(gpa: Allocator) Self
std.array_list.AlignedManaged().initCapacity	fn initCapacity(gpa: Allocator, num: usize) Allocator.Error!Self
std.array_list.AlignedManaged().deinit	fn deinit(self: Self) void
std.array_list.AlignedManaged().fromOwnedSlice	fn fromOwnedSlice(gpa: Allocator, slice: Slice) Self
std.array_list.AlignedManaged().fromOwnedSliceSentinel	fn fromOwnedSliceSentinel(gpa: Allocator, comptime sentinel: T, slice: [:sentinel]T) Self
std.array_list.AlignedManaged().moveToUnmanaged	fn moveToUnmanaged(self: *Self) Aligned(T, alignment)
std.array_list.AlignedManaged().toOwnedSlice	fn toOwnedSlice(self: *Self) Allocator.Error!Slice
std.array_list.AlignedManaged().toOwnedSliceSentinel	fn toOwnedSliceSentinel(self: *Self, comptime sentinel: T) Allocator.Error!SentinelSlice(sentinel)
std.array_list.AlignedManaged().clone	fn clone(self: Self) Allocator.Error!Self
std.array_list.AlignedManaged().insert	fn insert(self: *Self, i: usize, item: T) Allocator.Error!void
std.array_list.AlignedManaged().insertAssumeCapacity	fn insertAssumeCapacity(self: *Self, i: usize, item: T) void
std.array_list.AlignedManaged().addManyAt	fn addManyAt(self: *Self, index: usize, count: usize) Allocator.Error![]T
std.array_list.AlignedManaged().addManyAtAssumeCapacity	fn addManyAtAssumeCapacity(self: *Self, index: usize, count: usize) []T
std.array_list.AlignedManaged().insertSlice	fn insertSlice( self: *Self, index: usize, items: []const T, ) Allocator.Error!void
std.array_list.AlignedManaged().replaceRange	fn replaceRange(self: *Self, start: usize, len: usize, new_items: []const T) Allocator.Error!void
std.array_list.AlignedManaged().replaceRangeAssumeCapacity	fn replaceRangeAssumeCapacity(self: *Self, start: usize, len: usize, new_items: []const T) void
std.array_list.AlignedManaged().append	fn append(self: *Self, item: T) Allocator.Error!void
std.array_list.AlignedManaged().appendAssumeCapacity	fn appendAssumeCapacity(self: *Self, item: T) void
std.array_list.AlignedManaged().orderedRemove	fn orderedRemove(self: *Self, i: usize) T
std.array_list.AlignedManaged().swapRemove	fn swapRemove(self: *Self, i: usize) T
std.array_list.AlignedManaged().appendSlice	fn appendSlice(self: *Self, items: []const T) Allocator.Error!void
std.array_list.AlignedManaged().appendSliceAssumeCapacity	fn appendSliceAssumeCapacity(self: *Self, items: []const T) void
std.array_list.AlignedManaged().appendUnalignedSlice	fn appendUnalignedSlice(self: *Self, items: []align(1) const T) Allocator.Error!void
std.array_list.AlignedManaged().appendUnalignedSliceAssumeCapacity	fn appendUnalignedSliceAssumeCapacity(self: *Self, items: []align(1) const T) void
std.array_list.AlignedManaged().print	fn print(self: *Self, comptime fmt: []const u8, args: anytype) error{OutOfMemory}!void
std.array_list.AlignedManaged().appendNTimes	fn appendNTimes(self: *Self, value: T, n: usize) Allocator.Error!void
std.array_list.AlignedManaged().appendNTimesAssumeCapacity	fn appendNTimesAssumeCapacity(self: *Self, value: T, n: usize) void
std.array_list.AlignedManaged().resize	fn resize(self: *Self, new_len: usize) Allocator.Error!void
std.array_list.AlignedManaged().shrinkAndFree	fn shrinkAndFree(self: *Self, new_len: usize) void
std.array_list.AlignedManaged().shrinkRetainingCapacity	fn shrinkRetainingCapacity(self: *Self, new_len: usize) void
std.array_list.AlignedManaged().clearRetainingCapacity	fn clearRetainingCapacity(self: *Self) void
std.array_list.AlignedManaged().clearAndFree	fn clearAndFree(self: *Self) void
std.array_list.AlignedManaged().ensureTotalCapacity	fn ensureTotalCapacity(self: *Self, new_capacity: usize) Allocator.Error!void
std.array_list.AlignedManaged().ensureTotalCapacityPrecise	fn ensureTotalCapacityPrecise(self: *Self, new_capacity: usize) Allocator.Error!void
std.array_list.AlignedManaged().ensureUnusedCapacity	fn ensureUnusedCapacity(self: *Self, additional_count: usize) Allocator.Error!void
std.array_list.AlignedManaged().expandToCapacity	fn expandToCapacity(self: *Self) void
std.array_list.AlignedManaged().addOne	fn addOne(self: *Self) Allocator.Error!*T
std.array_list.AlignedManaged().addOneAssumeCapacity	fn addOneAssumeCapacity(self: *Self) *T
std.array_list.AlignedManaged().addManyAsArray	fn addManyAsArray(self: *Self, comptime n: usize) Allocator.Error!*[n]T
std.array_list.AlignedManaged().addManyAsArrayAssumeCapacity	fn addManyAsArrayAssumeCapacity(self: *Self, comptime n: usize) *[n]T
std.array_list.AlignedManaged().addManyAsSlice	fn addManyAsSlice(self: *Self, n: usize) Allocator.Error![]T
std.array_list.AlignedManaged().addManyAsSliceAssumeCapacity	fn addManyAsSliceAssumeCapacity(self: *Self, n: usize) []T
std.array_list.AlignedManaged().pop	fn pop(self: *Self) ?T
std.array_list.AlignedManaged().allocatedSlice	fn allocatedSlice(self: Self) Slice
std.array_list.AlignedManaged().unusedCapacitySlice	fn unusedCapacitySlice(self: Self) []T
std.array_list.AlignedManaged().getLast	fn getLast(self: Self) T
std.array_list.AlignedManaged().getLastOrNull	fn getLastOrNull(self: Self) ?T
std.array_list.Aligned	fn Aligned(comptime T: type, comptime alignment: ?mem.Alignment) type
std.array_list.Aligned().SentinelSlice	fn SentinelSlice(comptime s: T) type
std.array_list.Aligned().initCapacity	fn initCapacity(gpa: Allocator, num: usize) Allocator.Error!Self
std.array_list.Aligned().initBuffer	fn initBuffer(buffer: Slice) Self
std.array_list.Aligned().deinit	fn deinit(self: *Self, gpa: Allocator) void
std.array_list.Aligned().toManaged	fn toManaged(self: *Self, gpa: Allocator) AlignedManaged(T, alignment)
std.array_list.Aligned().fromOwnedSlice	fn fromOwnedSlice(slice: Slice) Self
std.array_list.Aligned().fromOwnedSliceSentinel	fn fromOwnedSliceSentinel(comptime sentinel: T, slice: [:sentinel]T) Self
std.array_list.Aligned().toOwnedSlice	fn toOwnedSlice(self: *Self, gpa: Allocator) Allocator.Error!Slice
std.array_list.Aligned().toOwnedSliceSentinel	fn toOwnedSliceSentinel(self: *Self, gpa: Allocator, comptime sentinel: T) Allocator.Error!SentinelSlice(sentinel)
std.array_list.Aligned().toOwnedSliceAssert	fn toOwnedSliceAssert(self: *Self) Slice
std.array_list.Aligned().toOwnedSliceSentinelAssert	fn toOwnedSliceSentinelAssert(self: *Self, comptime sentinel: T) SentinelSlice(sentinel)
std.array_list.Aligned().clone	fn clone(self: Self, gpa: Allocator) Allocator.Error!Self
std.array_list.Aligned().insert	fn insert(self: *Self, gpa: Allocator, i: usize, item: T) Allocator.Error!void
std.array_list.Aligned().insertAssumeCapacity	fn insertAssumeCapacity(self: *Self, i: usize, item: T) void
std.array_list.Aligned().insertBounded	fn insertBounded(self: *Self, i: usize, item: T) error{OutOfMemory}!void
std.array_list.Aligned().addManyAt	fn addManyAt( self: *Self, gpa: Allocator, index: usize, count: usize, ) Allocator.Error![]T
std.array_list.Aligned().addManyAtAssumeCapacity	fn addManyAtAssumeCapacity(self: *Self, index: usize, count: usize) []T
std.array_list.Aligned().addManyAtBounded	fn addManyAtBounded(self: *Self, index: usize, count: usize) error{OutOfMemory}![]T
std.array_list.Aligned().insertSlice	fn insertSlice( self: *Self, gpa: Allocator, index: usize, items: []const T, ) Allocator.Error!void
std.array_list.Aligned().insertSliceAssumeCapacity	fn insertSliceAssumeCapacity( self: *Self, index: usize, items: []const T, ) void
std.array_list.Aligned().insertSliceBounded	fn insertSliceBounded( self: *Self, index: usize, items: []const T, ) error{OutOfMemory}!void
std.array_list.Aligned().replaceRange	fn replaceRange( self: *Self, gpa: Allocator, start: usize, len: usize, new_items: []const T, ) Allocator.Error!void
std.array_list.Aligned().replaceRangeAssumeCapacity	fn replaceRangeAssumeCapacity( self: *Self, start: usize, len: usize, new_items: []const T, ) void
std.array_list.Aligned().replaceRangeBounded	fn replaceRangeBounded( self: *Self, start: usize, len: usize, new_items: []const T, ) error{OutOfMemory}!void
std.array_list.Aligned().append	fn append(self: *Self, gpa: Allocator, item: T) Allocator.Error!void
std.array_list.Aligned().appendAssumeCapacity	fn appendAssumeCapacity(self: *Self, item: T) void
std.array_list.Aligned().appendBounded	fn appendBounded(self: *Self, item: T) error{OutOfMemory}!void
std.array_list.Aligned().orderedRemove	fn orderedRemove(self: *Self, i: usize) T
std.array_list.Aligned().orderedRemoveMany	fn orderedRemoveMany(self: *Self, sorted_indexes: []const usize) void
std.array_list.Aligned().swapRemove	fn swapRemove(self: *Self, i: usize) T
std.array_list.Aligned().appendSlice	fn appendSlice(self: *Self, gpa: Allocator, items: []const T) Allocator.Error!void
std.array_list.Aligned().appendSliceAssumeCapacity	fn appendSliceAssumeCapacity(self: *Self, items: []const T) void
std.array_list.Aligned().appendSliceBounded	fn appendSliceBounded(self: *Self, items: []const T) error{OutOfMemory}!void
std.array_list.Aligned().appendUnalignedSlice	fn appendUnalignedSlice(self: *Self, gpa: Allocator, items: []align(1) const T) Allocator.Error!void
std.array_list.Aligned().appendUnalignedSliceAssumeCapacity	fn appendUnalignedSliceAssumeCapacity(self: *Self, items: []align(1) const T) void
std.array_list.Aligned().appendUnalignedSliceBounded	fn appendUnalignedSliceBounded(self: *Self, items: []align(1) const T) error{OutOfMemory}!void
std.array_list.Aligned().print	fn print(self: *Self, gpa: Allocator, comptime fmt: []const u8, args: anytype) error{OutOfMemory}!void
std.array_list.Aligned().printAssumeCapacity	fn printAssumeCapacity(self: *Self, comptime fmt: []const u8, args: anytype) void
std.array_list.Aligned().printBounded	fn printBounded(self: *Self, comptime fmt: []const u8, args: anytype) error{OutOfMemory}!void
std.array_list.Aligned().appendNTimes	fn appendNTimes(self: *Self, gpa: Allocator, value: T, n: usize) Allocator.Error!void
std.array_list.Aligned().appendNTimesAssumeCapacity	fn appendNTimesAssumeCapacity(self: *Self, value: T, n: usize) void
std.array_list.Aligned().appendNTimesBounded	fn appendNTimesBounded(self: *Self, value: T, n: usize) error{OutOfMemory}!void
std.array_list.Aligned().resize	fn resize(self: *Self, gpa: Allocator, new_len: usize) Allocator.Error!void
std.array_list.Aligned().shrinkAndFree	fn shrinkAndFree(self: *Self, gpa: Allocator, new_len: usize) void
std.array_list.Aligned().shrinkAndFreePrecise	fn shrinkAndFreePrecise(self: *Self, gpa: Allocator, new_len: usize) Allocator.Error!void
std.array_list.Aligned().shrinkToLen	fn shrinkToLen(self: *Self, gpa: Allocator) Allocator.Error!void
std.array_list.Aligned().shrinkToLenSentinel	fn shrinkToLenSentinel(self: *Self, gpa: Allocator) Allocator.Error!void
std.array_list.Aligned().shrinkRetainingCapacity	fn shrinkRetainingCapacity(self: *Self, new_len: usize) void
std.array_list.Aligned().clearRetainingCapacity	fn clearRetainingCapacity(self: *Self) void
std.array_list.Aligned().clearAndFree	fn clearAndFree(self: *Self, gpa: Allocator) void
std.array_list.Aligned().ensureTotalCapacity	fn ensureTotalCapacity(self: *Self, gpa: Allocator, new_capacity: usize) Allocator.Error!void
std.array_list.Aligned().ensureTotalCapacityPrecise	fn ensureTotalCapacityPrecise(self: *Self, gpa: Allocator, new_capacity: usize) Allocator.Error!void
std.array_list.Aligned().ensureUnusedCapacity	fn ensureUnusedCapacity( self: *Self, gpa: Allocator, additional_count: usize, ) Allocator.Error!void
std.array_list.Aligned().expandToCapacity	fn expandToCapacity(self: *Self) void
std.array_list.Aligned().addOne	fn addOne(self: *Self, gpa: Allocator) Allocator.Error!*T
std.array_list.Aligned().addOneAssumeCapacity	fn addOneAssumeCapacity(self: *Self) *T
std.array_list.Aligned().addOneBounded	fn addOneBounded(self: *Self) error{OutOfMemory}!*T
std.array_list.Aligned().addManyAsArray	fn addManyAsArray(self: *Self, gpa: Allocator, comptime n: usize) Allocator.Error!*[n]T
std.array_list.Aligned().addManyAsArrayAssumeCapacity	fn addManyAsArrayAssumeCapacity(self: *Self, comptime n: usize) *[n]T
std.array_list.Aligned().addManyAsArrayBounded	fn addManyAsArrayBounded(self: *Self, comptime n: usize) error{OutOfMemory}!*[n]T
std.array_list.Aligned().addManyAsSlice	fn addManyAsSlice(self: *Self, gpa: Allocator, n: usize) Allocator.Error![]T
std.array_list.Aligned().addManyAsSliceAssumeCapacity	fn addManyAsSliceAssumeCapacity(self: *Self, n: usize) []T
std.array_list.Aligned().addManyAsSliceBounded	fn addManyAsSliceBounded(self: *Self, n: usize) error{OutOfMemory}![]T
std.array_list.Aligned().pop	fn pop(self: *Self) ?T
std.array_list.Aligned().allocatedSlice	fn allocatedSlice(self: Self) Slice
std.array_list.Aligned().unusedCapacitySlice	fn unusedCapacitySlice(self: Self) []T
std.array_list.Aligned().getLast	fn getLast(self: Self) T
std.array_list.Aligned().getLastOrNull	fn getLastOrNull(self: Self) ?T
std.array_list.Aligned().growCapacity	fn growCapacity(minimum: usize) usize
std.array_hash_map.Auto	fn Auto(comptime K: type, comptime V: type) type
std.array_hash_map.String	fn String(comptime V: type) type
std.array_hash_map.StringContext.hash	fn hash(self: @This(), s: []const u8) u32
std.array_hash_map.StringContext.eql	fn eql(self: @This(), a: []const u8, b: []const u8, b_index: usize) bool
std.array_hash_map.eqlString	fn eqlString(a: []const u8, b: []const u8) bool
std.array_hash_map.hashString	fn hashString(s: []const u8) u32
std.array_hash_map.Custom	fn Custom( comptime K: type, comptime V: type, /// A namespace that provides these two functions: /// * `pub fn hash(self, K) u32` /// * `pub fn eql(self, K, K, usize) bool` /// /// The final `usize` in the `eql` function represents the index of the key /// that's already inside the map. comptime Context: type, /// When `false`, this data structure is biased towards cheap `eql` /// functions and avoids storing each key's hash in the table. Setting /// `store_hash` to `true` incurs more memory cost but limits `eql` to /// being called only once per insertion/deletion (provided there are no /// hash collisions). comptime store_hash: bool, ) type
std.array_hash_map.Custom().init	fn init(gpa: Allocator, key_list: []const K, value_list: []const V) Oom!Self
std.array_hash_map.Custom().reinit	fn reinit(self: *Self, gpa: Allocator, key_list: []const K, value_list: []const V) Oom!void
std.array_hash_map.Custom().deinit	fn deinit(self: *Self, gpa: Allocator) void
std.array_hash_map.Custom().lockPointers	fn lockPointers(self: *Self) void
std.array_hash_map.Custom().unlockPointers	fn unlockPointers(self: *Self) void
std.array_hash_map.Custom().clearRetainingCapacity	fn clearRetainingCapacity(self: *Self) void
std.array_hash_map.Custom().clearAndFree	fn clearAndFree(self: *Self, gpa: Allocator) void
std.array_hash_map.Custom().count	fn count(self: Self) usize
std.array_hash_map.Custom().keys	fn keys(self: Self) []K
std.array_hash_map.Custom().values	fn values(self: Self) []V
std.array_hash_map.Custom().iterator	fn iterator(self: Self) Iterator
std.array_hash_map.Custom().Iterator.next	fn next(it: *Iterator) ?Entry
std.array_hash_map.Custom().Iterator.reset	fn reset(it: *Iterator) void
std.array_hash_map.Custom().getOrPut	fn getOrPut(self: *Self, gpa: Allocator, key: K) Oom!GetOrPutResult
std.array_hash_map.Custom().getOrPutContext	fn getOrPutContext(self: *Self, gpa: Allocator, key: K, ctx: Context) Oom!GetOrPutResult
std.array_hash_map.Custom().getOrPutAdapted	fn getOrPutAdapted(self: *Self, gpa: Allocator, key: anytype, key_ctx: anytype) Oom!GetOrPutResult
std.array_hash_map.Custom().getOrPutContextAdapted	fn getOrPutContextAdapted(self: *Self, gpa: Allocator, key: anytype, key_ctx: anytype, ctx: Context) Oom!GetOrPutResult
std.array_hash_map.Custom().getOrPutAssumeCapacity	fn getOrPutAssumeCapacity(self: *Self, key: K) GetOrPutResult
std.array_hash_map.Custom().getOrPutAssumeCapacityContext	fn getOrPutAssumeCapacityContext(self: *Self, key: K, ctx: Context) GetOrPutResult
std.array_hash_map.Custom().getOrPutAssumeCapacityAdapted	fn getOrPutAssumeCapacityAdapted(self: *Self, key: anytype, ctx: anytype) GetOrPutResult
std.array_hash_map.Custom().getOrPutValue	fn getOrPutValue(self: *Self, gpa: Allocator, key: K, value: V) Oom!GetOrPutResult
std.array_hash_map.Custom().getOrPutValueContext	fn getOrPutValueContext(self: *Self, gpa: Allocator, key: K, value: V, ctx: Context) Oom!GetOrPutResult
std.array_hash_map.Custom().ensureTotalCapacity	fn ensureTotalCapacity(self: *Self, gpa: Allocator, new_capacity: usize) Oom!void
std.array_hash_map.Custom().ensureTotalCapacityContext	fn ensureTotalCapacityContext(self: *Self, gpa: Allocator, new_capacity: usize, ctx: Context) Oom!void
std.array_hash_map.Custom().ensureUnusedCapacity	fn ensureUnusedCapacity( self: *Self, gpa: Allocator, additional_capacity: usize, ) Oom!void
std.array_hash_map.Custom().ensureUnusedCapacityContext	fn ensureUnusedCapacityContext( self: *Self, gpa: Allocator, additional_capacity: usize, ctx: Context, ) Oom!void
std.array_hash_map.Custom().capacity	fn capacity(self: Self) usize
std.array_hash_map.Custom().put	fn put(self: *Self, gpa: Allocator, key: K, value: V) Oom!void
std.array_hash_map.Custom().putContext	fn putContext(self: *Self, gpa: Allocator, key: K, value: V, ctx: Context) Oom!void
std.array_hash_map.Custom().putNoClobber	fn putNoClobber(self: *Self, gpa: Allocator, key: K, value: V) Oom!void
std.array_hash_map.Custom().putNoClobberContext	fn putNoClobberContext(self: *Self, gpa: Allocator, key: K, value: V, ctx: Context) Oom!void
std.array_hash_map.Custom().putAssumeCapacity	fn putAssumeCapacity(self: *Self, key: K, value: V) void
std.array_hash_map.Custom().putAssumeCapacityContext	fn putAssumeCapacityContext(self: *Self, key: K, value: V, ctx: Context) void
std.array_hash_map.Custom().putAssumeCapacityNoClobber	fn putAssumeCapacityNoClobber(self: *Self, key: K, value: V) void
std.array_hash_map.Custom().putAssumeCapacityNoClobberContext	fn putAssumeCapacityNoClobberContext(self: *Self, key: K, value: V, ctx: Context) void
std.array_hash_map.Custom().fetchPut	fn fetchPut(self: *Self, gpa: Allocator, key: K, value: V) Oom!?KV
std.array_hash_map.Custom().fetchPutContext	fn fetchPutContext(self: *Self, gpa: Allocator, key: K, value: V, ctx: Context) Oom!?KV
std.array_hash_map.Custom().fetchPutAssumeCapacity	fn fetchPutAssumeCapacity(self: *Self, key: K, value: V) ?KV
std.array_hash_map.Custom().fetchPutAssumeCapacityContext	fn fetchPutAssumeCapacityContext(self: *Self, key: K, value: V, ctx: Context) ?KV
std.array_hash_map.Custom().getEntry	fn getEntry(self: Self, key: K) ?Entry
std.array_hash_map.Custom().getEntryContext	fn getEntryContext(self: Self, key: K, ctx: Context) ?Entry
std.array_hash_map.Custom().getEntryAdapted	fn getEntryAdapted(self: Self, key: anytype, ctx: anytype) ?Entry
std.array_hash_map.Custom().getIndex	fn getIndex(self: Self, key: K) ?usize
std.array_hash_map.Custom().getIndexContext	fn getIndexContext(self: Self, key: K, ctx: Context) ?usize
std.array_hash_map.Custom().getIndexAdapted	fn getIndexAdapted(self: Self, key: anytype, ctx: anytype) ?usize
std.array_hash_map.Custom().get	fn get(self: Self, key: K) ?V
std.array_hash_map.Custom().getContext	fn getContext(self: Self, key: K, ctx: Context) ?V
std.array_hash_map.Custom().getAdapted	fn getAdapted(self: Self, key: anytype, ctx: anytype) ?V
std.array_hash_map.Custom().getPtr	fn getPtr(self: Self, key: K) ?*V
std.array_hash_map.Custom().getPtrContext	fn getPtrContext(self: Self, key: K, ctx: Context) ?*V
std.array_hash_map.Custom().getPtrAdapted	fn getPtrAdapted(self: Self, key: anytype, ctx: anytype) ?*V
std.array_hash_map.Custom().getKey	fn getKey(self: Self, key: K) ?K
std.array_hash_map.Custom().getKeyContext	fn getKeyContext(self: Self, key: K, ctx: Context) ?K
std.array_hash_map.Custom().getKeyAdapted	fn getKeyAdapted(self: Self, key: anytype, ctx: anytype) ?K
std.array_hash_map.Custom().getKeyPtr	fn getKeyPtr(self: Self, key: K) ?*K
std.array_hash_map.Custom().getKeyPtrContext	fn getKeyPtrContext(self: Self, key: K, ctx: Context) ?*K
std.array_hash_map.Custom().getKeyPtrAdapted	fn getKeyPtrAdapted(self: Self, key: anytype, ctx: anytype) ?*K
std.array_hash_map.Custom().contains	fn contains(self: Self, key: K) bool
std.array_hash_map.Custom().containsContext	fn containsContext(self: Self, key: K, ctx: Context) bool
std.array_hash_map.Custom().containsAdapted	fn containsAdapted(self: Self, key: anytype, ctx: anytype) bool
std.array_hash_map.Custom().fetchSwapRemove	fn fetchSwapRemove(self: *Self, key: K) ?KV
std.array_hash_map.Custom().fetchSwapRemoveContext	fn fetchSwapRemoveContext(self: *Self, key: K, ctx: Context) ?KV
std.array_hash_map.Custom().fetchSwapRemoveAdapted	fn fetchSwapRemoveAdapted(self: *Self, key: anytype, ctx: anytype) ?KV
std.array_hash_map.Custom().fetchSwapRemoveContextAdapted	fn fetchSwapRemoveContextAdapted(self: *Self, key: anytype, key_ctx: anytype, ctx: Context) ?KV
std.array_hash_map.Custom().fetchOrderedRemove	fn fetchOrderedRemove(self: *Self, key: K) ?KV
std.array_hash_map.Custom().fetchOrderedRemoveContext	fn fetchOrderedRemoveContext(self: *Self, key: K, ctx: Context) ?KV
std.array_hash_map.Custom().fetchOrderedRemoveAdapted	fn fetchOrderedRemoveAdapted(self: *Self, key: anytype, ctx: anytype) ?KV
std.array_hash_map.Custom().fetchOrderedRemoveContextAdapted	fn fetchOrderedRemoveContextAdapted(self: *Self, key: anytype, key_ctx: anytype, ctx: Context) ?KV
std.array_hash_map.Custom().swapRemove	fn swapRemove(self: *Self, key: K) bool
std.array_hash_map.Custom().swapRemoveContext	fn swapRemoveContext(self: *Self, key: K, ctx: Context) bool
std.array_hash_map.Custom().swapRemoveAdapted	fn swapRemoveAdapted(self: *Self, key: anytype, ctx: anytype) bool
std.array_hash_map.Custom().swapRemoveContextAdapted	fn swapRemoveContextAdapted(self: *Self, key: anytype, key_ctx: anytype, ctx: Context) bool
std.array_hash_map.Custom().orderedRemove	fn orderedRemove(self: *Self, key: K) bool
std.array_hash_map.Custom().orderedRemoveContext	fn orderedRemoveContext(self: *Self, key: K, ctx: Context) bool
std.array_hash_map.Custom().orderedRemoveAdapted	fn orderedRemoveAdapted(self: *Self, key: anytype, ctx: anytype) bool
std.array_hash_map.Custom().orderedRemoveContextAdapted	fn orderedRemoveContextAdapted(self: *Self, key: anytype, key_ctx: anytype, ctx: Context) bool
std.array_hash_map.Custom().swapRemoveAt	fn swapRemoveAt(self: *Self, index: usize) void
std.array_hash_map.Custom().swapRemoveAtContext	fn swapRemoveAtContext(self: *Self, index: usize, ctx: Context) void
std.array_hash_map.Custom().orderedRemoveAt	fn orderedRemoveAt(self: *Self, index: usize) void
std.array_hash_map.Custom().orderedRemoveAtContext	fn orderedRemoveAtContext(self: *Self, index: usize, ctx: Context) void
std.array_hash_map.Custom().orderedRemoveAtMany	fn orderedRemoveAtMany(self: *Self, gpa: Allocator, sorted_indexes: []const usize) Oom!void
std.array_hash_map.Custom().orderedRemoveAtManyContext	fn orderedRemoveAtManyContext( self: *Self, gpa: Allocator, sorted_indexes: []const usize, ctx: Context, ) Oom!void
std.array_hash_map.Custom().clone	fn clone(self: Self, gpa: Allocator) Oom!Self
std.array_hash_map.Custom().cloneContext	fn cloneContext(self: Self, gpa: Allocator, ctx: Context) Oom!Self
std.array_hash_map.Custom().move	fn move(self: *Self) Self
std.array_hash_map.Custom().reIndex	fn reIndex(self: *Self, gpa: Allocator) Oom!void
std.array_hash_map.Custom().reIndexContext	fn reIndexContext(self: *Self, gpa: Allocator, ctx: Context) Oom!void
std.array_hash_map.Custom().setKey	fn setKey(self: *Self, gpa: Allocator, index: usize, new_key: K) Oom!void
std.array_hash_map.Custom().setKeyContext	fn setKeyContext(self: *Self, gpa: Allocator, index: usize, new_key: K, ctx: Context) Oom!void
std.array_hash_map.Custom().sort	fn sort(self: *Self, sort_ctx: anytype) void
std.array_hash_map.Custom().sortUnstable	fn sortUnstable(self: *Self, sort_ctx: anytype) void
std.array_hash_map.Custom().sortContext	fn sortContext(self: *Self, sort_ctx: anytype, ctx: Context) void
std.array_hash_map.Custom().sortUnstableContext	fn sortUnstableContext(self: *Self, sort_ctx: anytype, ctx: Context) void
std.array_hash_map.Custom().shrinkRetainingCapacity	fn shrinkRetainingCapacity(self: *Self, new_len: usize) void
std.array_hash_map.Custom().shrinkRetainingCapacityContext	fn shrinkRetainingCapacityContext(self: *Self, new_len: usize, ctx: Context) void
std.array_hash_map.Custom().shrinkAndFree	fn shrinkAndFree(self: *Self, gpa: Allocator, new_len: usize) void
std.array_hash_map.Custom().shrinkAndFreeContext	fn shrinkAndFreeContext(self: *Self, gpa: Allocator, new_len: usize, ctx: Context) void
std.array_hash_map.Custom().pop	fn pop(self: *Self) ?KV
std.array_hash_map.Custom().popContext	fn popContext(self: *Self, ctx: Context) ?KV
std.array_hash_map.getHashPtrAddrFn	fn getHashPtrAddrFn(comptime K: type, comptime Context: type) (fn (Context, K) u32)
std.array_hash_map.getTrivialEqlFn	fn getTrivialEqlFn(comptime K: type, comptime Context: type) (fn (Context, K, K) bool)
std.array_hash_map.AutoContext	fn AutoContext(comptime K: type) type
std.array_hash_map.getAutoHashFn	fn getAutoHashFn(comptime K: type, comptime Context: type) (fn (Context, K) u32)
std.array_hash_map.getAutoEqlFn	fn getAutoEqlFn(comptime K: type, comptime Context: type) (fn (Context, K, K, usize) bool)
std.array_hash_map.autoEqlIsCheap	fn autoEqlIsCheap(comptime K: type) bool
std.array_hash_map.getAutoHashStratFn	fn getAutoHashStratFn(comptime K: type, comptime Context: type, comptime strategy: std.hash.Strategy) (fn (Context, K) u32)
std.atomic.Value	fn Value(comptime T: type) type
std.atomic.Value().init	fn init(value: T) Self
std.atomic.Value().load	fn load(self: *const Self, comptime order: AtomicOrder) T
std.atomic.Value().store	fn store(self: *Self, value: T, comptime order: AtomicOrder) void
std.atomic.Value().swap	fn swap(self: *Self, operand: T, comptime order: AtomicOrder) T
std.atomic.Value().cmpxchgWeak	fn cmpxchgWeak( self: *Self, expected_value: T, new_value: T, comptime success_order: AtomicOrder, comptime fail_order: AtomicOrder, ) ?T
std.atomic.Value().cmpxchgStrong	fn cmpxchgStrong( self: *Self, expected_value: T, new_value: T, comptime success_order: AtomicOrder, comptime fail_order: AtomicOrder, ) ?T
std.atomic.Value().fetchAdd	fn fetchAdd(self: *Self, operand: T, comptime order: AtomicOrder) T
std.atomic.Value().fetchSub	fn fetchSub(self: *Self, operand: T, comptime order: AtomicOrder) T
std.atomic.Value().fetchMin	fn fetchMin(self: *Self, operand: T, comptime order: AtomicOrder) T
std.atomic.Value().fetchMax	fn fetchMax(self: *Self, operand: T, comptime order: AtomicOrder) T
std.atomic.Value().fetchAnd	fn fetchAnd(self: *Self, operand: T, comptime order: AtomicOrder) T
std.atomic.Value().fetchNand	fn fetchNand(self: *Self, operand: T, comptime order: AtomicOrder) T
std.atomic.Value().fetchXor	fn fetchXor(self: *Self, operand: T, comptime order: AtomicOrder) T
std.atomic.Value().fetchOr	fn fetchOr(self: *Self, operand: T, comptime order: AtomicOrder) T
std.atomic.Value().rmw	fn rmw( self: *Self, comptime op: std.builtin.AtomicRmwOp, operand: T, comptime order: AtomicOrder, ) T
std.atomic.Value().bitSet	fn bitSet(self: *Self, bit: Bit, comptime order: AtomicOrder) u1
std.atomic.Value().bitReset	fn bitReset(self: *Self, bit: Bit, comptime order: AtomicOrder) u1
std.atomic.Value().bitToggle	fn bitToggle(self: *Self, bit: Bit, comptime order: AtomicOrder) u1
std.atomic.spinLoopHint	fn spinLoopHint() void
std.atomic.cacheLineForCpu	fn cacheLineForCpu(cpu: std.Target.Cpu) u16
std.atomic.Mutex.tryLock	fn tryLock(m: *Mutex) bool
std.atomic.Mutex.unlock	fn unlock(m: *Mutex) void
std.base64.Base64Encoder.init	fn init(alphabet_chars: [64]u8, pad_char: ?u8) Base64Encoder
std.base64.Base64Encoder.calcSize	fn calcSize(encoder: *const Base64Encoder, source_len: usize) usize
std.base64.Base64Encoder.encodeWriter	fn encodeWriter(encoder: *const Base64Encoder, dest: *std.Io.Writer, source: []const u8) !void
std.base64.Base64Encoder.encode	fn encode(encoder: *const Base64Encoder, dest: []u8, source: []const u8) []const u8
std.base64.Base64Decoder.init	fn init(alphabet_chars: [64]u8, pad_char: ?u8) Base64Decoder
std.base64.Base64Decoder.calcSizeUpperBound	fn calcSizeUpperBound(decoder: *const Base64Decoder, source_len: usize) Error!usize
std.base64.Base64Decoder.calcSizeForSlice	fn calcSizeForSlice(decoder: *const Base64Decoder, source: []const u8) Error!usize
std.base64.Base64Decoder.decode	fn decode(decoder: *const Base64Decoder, dest: []u8, source: []const u8) Error!void
std.base64.Base64DecoderWithIgnore.init	fn init(alphabet_chars: [64]u8, pad_char: ?u8, ignore_chars: []const u8) Base64DecoderWithIgnore
std.base64.Base64DecoderWithIgnore.calcSizeUpperBound	fn calcSizeUpperBound(decoder_with_ignore: *const Base64DecoderWithIgnore, source_len: usize) usize
std.base64.Base64DecoderWithIgnore.decode	fn decode(decoder_with_ignore: *const Base64DecoderWithIgnore, dest: []u8, source: []const u8) Error!usize
std.bit_set.StaticBitSet	fn StaticBitSet(comptime size: usize) type
std.bit_set.IntegerBitSet	fn IntegerBitSet(comptime size: u16) type
std.bit_set.IntegerBitSet().initEmpty	fn initEmpty() Self
std.bit_set.IntegerBitSet().initFull	fn initFull() Self
std.bit_set.IntegerBitSet().capacity	fn capacity(self: Self) usize
std.bit_set.IntegerBitSet().isSet	fn isSet(self: Self, index: usize) bool
std.bit_set.IntegerBitSet().count	fn count(self: Self) usize
std.bit_set.IntegerBitSet().setValue	fn setValue(self: *Self, index: usize, value: bool) void
std.bit_set.IntegerBitSet().set	fn set(self: *Self, index: usize) void
std.bit_set.IntegerBitSet().setRangeValue	fn setRangeValue(self: *Self, range: Range, value: bool) void
std.bit_set.IntegerBitSet().unset	fn unset(self: *Self, index: usize) void
std.bit_set.IntegerBitSet().toggle	fn toggle(self: *Self, index: usize) void
std.bit_set.IntegerBitSet().toggleSet	fn toggleSet(self: *Self, toggles: Self) void
std.bit_set.IntegerBitSet().toggleAll	fn toggleAll(self: *Self) void
std.bit_set.IntegerBitSet().setUnion	fn setUnion(self: *Self, other: Self) void
std.bit_set.IntegerBitSet().setIntersection	fn setIntersection(self: *Self, other: Self) void
std.bit_set.IntegerBitSet().findFirstSet	fn findFirstSet(self: Self) ?usize
std.bit_set.IntegerBitSet().findLastSet	fn findLastSet(self: Self) ?usize
std.bit_set.IntegerBitSet().toggleFirstSet	fn toggleFirstSet(self: *Self) ?usize
std.bit_set.IntegerBitSet().eql	fn eql(self: Self, other: Self) bool
std.bit_set.IntegerBitSet().subsetOf	fn subsetOf(self: Self, other: Self) bool
std.bit_set.IntegerBitSet().supersetOf	fn supersetOf(self: Self, other: Self) bool
std.bit_set.IntegerBitSet().complement	fn complement(self: Self) Self
std.bit_set.IntegerBitSet().unionWith	fn unionWith(self: Self, other: Self) Self
std.bit_set.IntegerBitSet().intersectWith	fn intersectWith(self: Self, other: Self) Self
std.bit_set.IntegerBitSet().xorWith	fn xorWith(self: Self, other: Self) Self
std.bit_set.IntegerBitSet().differenceWith	fn differenceWith(self: Self, other: Self) Self
std.bit_set.IntegerBitSet().iterator	fn iterator(self: *const Self, comptime options: IteratorOptions) Iterator(options)
std.bit_set.IntegerBitSet().Iterator	fn Iterator(comptime options: IteratorOptions) type
std.bit_set.ArrayBitSet	fn ArrayBitSet(comptime MaskIntType: type, comptime size: usize) type
std.bit_set.ArrayBitSet().initEmpty	fn initEmpty() Self
std.bit_set.ArrayBitSet().initFull	fn initFull() Self
std.bit_set.ArrayBitSet().capacity	fn capacity(self: Self) usize
std.bit_set.ArrayBitSet().isSet	fn isSet(self: Self, index: usize) bool
std.bit_set.ArrayBitSet().count	fn count(self: Self) usize
std.bit_set.ArrayBitSet().setValue	fn setValue(self: *Self, index: usize, value: bool) void
std.bit_set.ArrayBitSet().set	fn set(self: *Self, index: usize) void
std.bit_set.ArrayBitSet().setRangeValue	fn setRangeValue(self: *Self, range: Range, value: bool) void
std.bit_set.ArrayBitSet().unset	fn unset(self: *Self, index: usize) void
std.bit_set.ArrayBitSet().toggle	fn toggle(self: *Self, index: usize) void
std.bit_set.ArrayBitSet().toggleSet	fn toggleSet(self: *Self, toggles: Self) void
std.bit_set.ArrayBitSet().toggleAll	fn toggleAll(self: *Self) void
std.bit_set.ArrayBitSet().setUnion	fn setUnion(self: *Self, other: Self) void
std.bit_set.ArrayBitSet().setIntersection	fn setIntersection(self: *Self, other: Self) void
std.bit_set.ArrayBitSet().findFirstSet	fn findFirstSet(self: Self) ?usize
std.bit_set.ArrayBitSet().findLastSet	fn findLastSet(self: Self) ?usize
std.bit_set.ArrayBitSet().toggleFirstSet	fn toggleFirstSet(self: *Self) ?usize
std.bit_set.ArrayBitSet().eql	fn eql(self: Self, other: Self) bool
std.bit_set.ArrayBitSet().subsetOf	fn subsetOf(self: Self, other: Self) bool
std.bit_set.ArrayBitSet().supersetOf	fn supersetOf(self: Self, other: Self) bool
std.bit_set.ArrayBitSet().complement	fn complement(self: Self) Self
std.bit_set.ArrayBitSet().unionWith	fn unionWith(self: Self, other: Self) Self
std.bit_set.ArrayBitSet().intersectWith	fn intersectWith(self: Self, other: Self) Self
std.bit_set.ArrayBitSet().xorWith	fn xorWith(self: Self, other: Self) Self
std.bit_set.ArrayBitSet().differenceWith	fn differenceWith(self: Self, other: Self) Self
std.bit_set.ArrayBitSet().iterator	fn iterator(self: *const Self, comptime options: IteratorOptions) Iterator(options)
std.bit_set.ArrayBitSet().Iterator	fn Iterator(comptime options: IteratorOptions) type
std.bit_set.DynamicBitSetUnmanaged.initEmpty	fn initEmpty(allocator: Allocator, bit_length: usize) !Self
std.bit_set.DynamicBitSetUnmanaged.initFull	fn initFull(allocator: Allocator, bit_length: usize) !Self
std.bit_set.DynamicBitSetUnmanaged.resize	fn resize(self: *@This(), allocator: Allocator, new_len: usize, fill: bool) !void
std.bit_set.DynamicBitSetUnmanaged.deinit	fn deinit(self: *Self, allocator: Allocator) void
std.bit_set.DynamicBitSetUnmanaged.clone	fn clone(self: *const Self, new_allocator: Allocator) !Self
std.bit_set.DynamicBitSetUnmanaged.capacity	fn capacity(self: Self) usize
std.bit_set.DynamicBitSetUnmanaged.isSet	fn isSet(self: Self, index: usize) bool
std.bit_set.DynamicBitSetUnmanaged.count	fn count(self: Self) usize
std.bit_set.DynamicBitSetUnmanaged.setValue	fn setValue(self: *Self, index: usize, value: bool) void
std.bit_set.DynamicBitSetUnmanaged.set	fn set(self: *Self, index: usize) void
std.bit_set.DynamicBitSetUnmanaged.setRangeValue	fn setRangeValue(self: *Self, range: Range, value: bool) void
std.bit_set.DynamicBitSetUnmanaged.unset	fn unset(self: *Self, index: usize) void
std.bit_set.DynamicBitSetUnmanaged.unsetAll	fn unsetAll(self: *Self) void
std.bit_set.DynamicBitSetUnmanaged.setAll	fn setAll(self: *Self) void
std.bit_set.DynamicBitSetUnmanaged.toggle	fn toggle(self: *Self, index: usize) void
std.bit_set.DynamicBitSetUnmanaged.toggleSet	fn toggleSet(self: *Self, toggles: Self) void
std.bit_set.DynamicBitSetUnmanaged.toggleAll	fn toggleAll(self: *Self) void
std.bit_set.DynamicBitSetUnmanaged.setUnion	fn setUnion(self: *Self, other: Self) void
std.bit_set.DynamicBitSetUnmanaged.setIntersection	fn setIntersection(self: *Self, other: Self) void
std.bit_set.DynamicBitSetUnmanaged.findFirstSet	fn findFirstSet(self: Self) ?usize
std.bit_set.DynamicBitSetUnmanaged.findLastSet	fn findLastSet(self: Self) ?usize
std.bit_set.DynamicBitSetUnmanaged.toggleFirstSet	fn toggleFirstSet(self: *Self) ?usize
std.bit_set.DynamicBitSetUnmanaged.eql	fn eql(self: Self, other: Self) bool
std.bit_set.DynamicBitSetUnmanaged.subsetOf	fn subsetOf(self: Self, other: Self) bool
std.bit_set.DynamicBitSetUnmanaged.supersetOf	fn supersetOf(self: Self, other: Self) bool
std.bit_set.DynamicBitSetUnmanaged.iterator	fn iterator(self: *const Self, comptime options: IteratorOptions) Iterator(options)
std.bit_set.DynamicBitSetUnmanaged.Iterator	fn Iterator(comptime options: IteratorOptions) type
std.bit_set.DynamicBitSet.initEmpty	fn initEmpty(allocator: Allocator, bit_length: usize) !Self
std.bit_set.DynamicBitSet.initFull	fn initFull(allocator: Allocator, bit_length: usize) !Self
std.bit_set.DynamicBitSet.resize	fn resize(self: *@This(), new_len: usize, fill: bool) !void
std.bit_set.DynamicBitSet.deinit	fn deinit(self: *Self) void
std.bit_set.DynamicBitSet.clone	fn clone(self: *const Self, new_allocator: Allocator) !Self
std.bit_set.DynamicBitSet.capacity	fn capacity(self: Self) usize
std.bit_set.DynamicBitSet.isSet	fn isSet(self: Self, index: usize) bool
std.bit_set.DynamicBitSet.count	fn count(self: Self) usize
std.bit_set.DynamicBitSet.setValue	fn setValue(self: *Self, index: usize, value: bool) void
std.bit_set.DynamicBitSet.set	fn set(self: *Self, index: usize) void
std.bit_set.DynamicBitSet.setRangeValue	fn setRangeValue(self: *Self, range: Range, value: bool) void
std.bit_set.DynamicBitSet.unset	fn unset(self: *Self, index: usize) void
std.bit_set.DynamicBitSet.toggle	fn toggle(self: *Self, index: usize) void
std.bit_set.DynamicBitSet.toggleSet	fn toggleSet(self: *Self, toggles: Self) void
std.bit_set.DynamicBitSet.toggleAll	fn toggleAll(self: *Self) void
std.bit_set.DynamicBitSet.setUnion	fn setUnion(self: *Self, other: Self) void
std.bit_set.DynamicBitSet.setIntersection	fn setIntersection(self: *Self, other: Self) void
std.bit_set.DynamicBitSet.findFirstSet	fn findFirstSet(self: Self) ?usize
std.bit_set.DynamicBitSet.findLastSet	fn findLastSet(self: Self) ?usize
std.bit_set.DynamicBitSet.toggleFirstSet	fn toggleFirstSet(self: *Self) ?usize
std.bit_set.DynamicBitSet.eql	fn eql(self: Self, other: Self) bool
std.bit_set.DynamicBitSet.iterator	fn iterator(self: *const Self, comptime options: IteratorOptions) Iterator(options)
std.builtin.CallingConvention.archs	fn archs(cc: CallingConvention) []const std.Target.Cpu.Arch
std.builtin.CallingConvention.eql	fn eql(a: CallingConvention, b: CallingConvention) bool
std.builtin.CallingConvention.withStackAlign	fn withStackAlign(cc: CallingConvention, incoming_stack_alignment: u64) CallingConvention
std.builtin.Type.Pointer.sentinel	fn sentinel(comptime ptr: Pointer) ?ptr.child
std.builtin.Type.Array.sentinel	fn sentinel(comptime arr: Array) ?arr.child
std.builtin.Type.StructField.defaultValue	fn defaultValue(comptime sf: StructField) ?sf.type
std.builtin.returnError	fn returnError() void
std.c.versionCheck	fn versionCheck(comptime version: std.SemanticVersion) bool
std.c.errno	fn errno(rc: anytype) E
std.coff.ImportLookupEntry32.getImportByName	fn getImportByName(raw: u32) ?ByName
std.coff.ImportLookupEntry32.getImportByOrdinal	fn getImportByOrdinal(raw: u32) ?ByOrdinal
std.coff.ImportLookupEntry64.getImportByName	fn getImportByName(raw: u64) ?ByName
std.coff.ImportLookupEntry64.getImportByOrdinal	fn getImportByOrdinal(raw: u64) ?ByOrdinal
std.coff.SectionHeader.getName	fn getName(self: *align(1) const SectionHeader) ?[]const u8
std.coff.SectionHeader.getNameOffset	fn getNameOffset(self: SectionHeader) ?u32
std.coff.SectionHeader.getAlignment	fn getAlignment(self: SectionHeader) ?u16
std.coff.SectionHeader.setAlignment	fn setAlignment(self: *SectionHeader, new_alignment: u16) void
std.coff.SectionHeader.isCode	fn isCode(self: SectionHeader) bool
std.coff.SectionHeader.isComdat	fn isComdat(self: SectionHeader) bool
std.coff.SectionHeader.Flags.Align.toByteUnits	fn toByteUnits(a: Align) ?u16
std.coff.SectionHeader.Flags.Align.fromByteUnits	fn fromByteUnits(n: u16) Align
std.coff.Symbol.sizeOf	fn sizeOf() usize
std.coff.Symbol.getName	fn getName(self: *const Symbol) ?[]const u8
std.coff.Symbol.getNameOffset	fn getNameOffset(self: Symbol) ?u32
std.coff.FileDefinition.getFileName	fn getFileName(self: *const FileDefinition) []const u8
std.coff.WeakExternalDefinition.sizeOf	fn sizeOf() usize
std.coff.Coff.init	fn init(data: []const u8, is_loaded: bool) error{ EndOfStream, MissingPEHeader }!Coff
std.coff.Coff.getPdbPath	fn getPdbPath(self: *Coff) !?[]const u8
std.coff.Coff.getHeader	fn getHeader(self: Coff) Header
std.coff.Coff.getOptionalHeader	fn getOptionalHeader(self: Coff) OptionalHeader
std.coff.Coff.getOptionalHeader32	fn getOptionalHeader32(self: Coff) OptionalHeader.PE32
std.coff.Coff.getOptionalHeader64	fn getOptionalHeader64(self: Coff) OptionalHeader.@"PE32+"
std.coff.Coff.getImageBase	fn getImageBase(self: Coff) u64
std.coff.Coff.getNumberOfDataDirectories	fn getNumberOfDataDirectories(self: Coff) u32
std.coff.Coff.getDataDirectories	fn getDataDirectories(self: *const Coff) []align(1) const ImageDataDirectory
std.coff.Coff.getSymtab	fn getSymtab(self: *const Coff) ?Symtab
std.coff.Coff.getStrtab	fn getStrtab(self: *const Coff) error{InvalidStrtabSize}!?Strtab
std.coff.Coff.strtabRequired	fn strtabRequired(self: *const Coff) bool
std.coff.Coff.getSectionHeaders	fn getSectionHeaders(self: *const Coff) []align(1) const SectionHeader
std.coff.Coff.getSectionHeadersAlloc	fn getSectionHeadersAlloc(self: *const Coff, allocator: mem.Allocator) ![]SectionHeader
std.coff.Coff.getSectionName	fn getSectionName(self: *const Coff, sect_hdr: *align(1) const SectionHeader) error{InvalidStrtabSize}![]const u8
std.coff.Coff.getSectionByName	fn getSectionByName(self: *const Coff, comptime name: []const u8) ?*align(1) const SectionHeader
std.coff.Coff.getSectionData	fn getSectionData(self: *const Coff, sec: *align(1) const SectionHeader) []const u8
std.coff.Coff.getSectionDataAlloc	fn getSectionDataAlloc(self: *const Coff, sec: *align(1) const SectionHeader, allocator: mem.Allocator) ![]u8
std.coff.Symtab.len	fn len(self: Symtab) usize
std.coff.Symtab.at	fn at(self: Symtab, index: usize, tag: Tag) Record
std.coff.Symtab.Slice.next	fn next(self: *Slice) ?Symbol
std.coff.Symtab.slice	fn slice(self: Symtab, start: usize, end: ?usize) Slice
std.coff.Strtab.get	fn get(self: Strtab, off: u32) []const u8
std.compress.flate.Compress.init	fn init( output: *Writer, buffer: []u8, container: flate.Container, opts: Options, ) Writer.Error!Compress
std.compress.flate.Compress.finish	fn finish(c: *Compress) Writer.Error!void
std.compress.flate.Compress.Raw.init	fn init(output: *Writer, buffer: []u8, container: flate.Container) Writer.Error!Raw
std.compress.flate.Compress.Huffman.init	fn init(output: *Writer, buffer: []u8, container: flate.Container) Writer.Error!Huffman
std.compress.flate.Decompress.init	fn init(input: *Reader, container: Container, buffer: []u8) Decompress
std.compress.flate.Container.size	fn size(w: Container) usize
std.compress.flate.Container.headerSize	fn headerSize(w: Container) usize
std.compress.flate.Container.footerSize	fn footerSize(w: Container) usize
std.compress.flate.Container.header	fn header(container: Container) []const u8
std.compress.flate.Container.Hasher.init	fn init(containter: Container) Hasher
std.compress.flate.Container.Hasher.container	fn container(h: Hasher) Container
std.compress.flate.Container.Hasher.update	fn update(h: *Hasher, buf: []const u8) void
std.compress.flate.Container.Hasher.writeFooter	fn writeFooter(hasher: *Hasher, writer: *std.Io.Writer) std.Io.Writer.Error!void
std.compress.flate.Container.Metadata.init	fn init(containter: Container) Metadata
std.compress.flate.Container.Metadata.container	fn container(m: Metadata) Container
std.compress.lzma.RangeDecoder.init	fn init(reader: *Reader) !RangeDecoder
std.compress.lzma.RangeDecoder.initCounting	fn initCounting(reader: *Reader, n_read: *u64) !RangeDecoder
std.compress.lzma.RangeDecoder.isFinished	fn isFinished(self: RangeDecoder) bool
std.compress.lzma.RangeDecoder.get	fn get(self: *RangeDecoder, reader: *Reader, count: usize, n_read: *u64) !u32
std.compress.lzma.RangeDecoder.decodeBit	fn decodeBit(self: *RangeDecoder, reader: *Reader, prob: *u16, n_read: *u64) !bool
std.compress.lzma.RangeDecoder.parseReverseBitTree	fn parseReverseBitTree( self: *RangeDecoder, reader: *Reader, num_bits: u5, probs: []u16, offset: usize, n_read: *u64, ) !u32
std.compress.lzma.Decode.init	fn init(gpa: Allocator, properties: Properties) !Decode
std.compress.lzma.Decode.deinit	fn deinit(self: *Decode, gpa: Allocator) void
std.compress.lzma.Decode.resetState	fn resetState(self: *Decode, gpa: Allocator, new_props: Properties) !void
std.compress.lzma.Decode.process	fn process( self: *Decode, reader: *Reader, allocating: *Writer.Allocating, /// `CircularBuffer` or `std.compress.lzma2.AccumBuffer`. buffer: anytype, decoder: *RangeDecoder, n_read: *u64, ) !ProcessingStatus
std.compress.lzma.Decode.CircularBuffer.init	fn init(dict_size: usize, mem_limit: usize) CircularBuffer
std.compress.lzma.Decode.CircularBuffer.get	fn get(self: CircularBuffer, index: usize) u8
std.compress.lzma.Decode.CircularBuffer.set	fn set(self: *CircularBuffer, gpa: Allocator, index: usize, value: u8) !void
std.compress.lzma.Decode.CircularBuffer.lastOr	fn lastOr(self: CircularBuffer, lit: u8) u8
std.compress.lzma.Decode.CircularBuffer.lastN	fn lastN(self: CircularBuffer, dist: usize) !u8
std.compress.lzma.Decode.CircularBuffer.appendLiteral	fn appendLiteral( self: *CircularBuffer, gpa: Allocator, lit: u8, writer: *Writer, ) !void
std.compress.lzma.Decode.CircularBuffer.appendLz	fn appendLz( self: *CircularBuffer, gpa: Allocator, len: usize, dist: usize, writer: *Writer, ) !void
std.compress.lzma.Decode.CircularBuffer.finish	fn finish(self: *CircularBuffer, writer: *Writer) !void
std.compress.lzma.Decode.CircularBuffer.deinit	fn deinit(self: *CircularBuffer, gpa: Allocator) void
std.compress.lzma.Decode.BitTree	fn BitTree(comptime num_bits: usize) type
std.compress.lzma.Decode.BitTree().parse	fn parse(self: *@This(), reader: *Reader, decoder: *RangeDecoder, n_read: *u64) !u32
std.compress.lzma.Decode.BitTree().parseReverse	fn parseReverse( self: *@This(), reader: *Reader, decoder: *RangeDecoder, n_read: *u64, ) !u32
std.compress.lzma.Decode.BitTree().reset	fn reset(self: *@This()) void
std.compress.lzma.Decode.LenDecoder.decode	fn decode( self: *LenDecoder, reader: *Reader, decoder: *RangeDecoder, pos_state: usize, n_read: *u64, ) !usize
std.compress.lzma.Decode.LenDecoder.reset	fn reset(self: *LenDecoder) void
std.compress.lzma.Decode.Vec2d.init	fn init(gpa: Allocator, value: u16, w: usize, h: usize) !Vec2d
std.compress.lzma.Decode.Vec2d.deinit	fn deinit(v: *Vec2d, gpa: Allocator) void
std.compress.lzma.Decode.Vec2d.fill	fn fill(v: *Vec2d, value: u16) void
std.compress.lzma.Decode.Params.readHeader	fn readHeader(reader: *Reader, options: Options) !Params
std.compress.lzma.Decompress.initParams	fn initParams( input: *Reader, gpa: Allocator, buffer: []u8, params: Decode.Params, mem_limit: usize, ) !Decompress
std.compress.lzma.Decompress.initOptions	fn initOptions( input: *Reader, gpa: Allocator, buffer: []u8, options: Decode.Options, mem_limit: usize, ) !Decompress
std.compress.lzma.Decompress.takeBuffer	fn takeBuffer(d: *Decompress) []u8
std.compress.lzma.Decompress.deinit	fn deinit(d: *Decompress) void
std.compress.lzma2.AccumBuffer.init	fn init(memlimit: usize) AccumBuffer
std.compress.lzma2.AccumBuffer.appendByte	fn appendByte(self: *AccumBuffer, allocator: Allocator, byte: u8) !void
std.compress.lzma2.AccumBuffer.reset	fn reset(self: *AccumBuffer, writer: *Writer) !void
std.compress.lzma2.AccumBuffer.lastOr	fn lastOr(self: AccumBuffer, lit: u8) u8
std.compress.lzma2.AccumBuffer.lastN	fn lastN(self: AccumBuffer, dist: usize) !u8
std.compress.lzma2.AccumBuffer.appendLiteral	fn appendLiteral( self: *AccumBuffer, allocator: Allocator, lit: u8, writer: *Writer, ) !void
std.compress.lzma2.AccumBuffer.appendLz	fn appendLz( self: *AccumBuffer, allocator: Allocator, len: usize, dist: usize, writer: *Writer, ) !void
std.compress.lzma2.AccumBuffer.finish	fn finish(self: *AccumBuffer, writer: *Writer) !void
std.compress.lzma2.AccumBuffer.deinit	fn deinit(self: *AccumBuffer, allocator: Allocator) void
std.compress.lzma2.Decode.init	fn init(gpa: Allocator) !Decode
std.compress.lzma2.Decode.deinit	fn deinit(self: *Decode, gpa: Allocator) void
std.compress.lzma2.Decode.decompress	fn decompress(d: *Decode, reader: *Reader, allocating: *Writer.Allocating) !u64
std.compress.xz.Decompress.init	fn init( input: *Reader, gpa: Allocator, /// Decompress takes ownership of this buffer and resizes it with `gpa`. buffer: []u8, ) !Decompress
std.compress.xz.Decompress.takeBuffer	fn takeBuffer(d: *Decompress) []u8
std.compress.xz.Decompress.deinit	fn deinit(d: *Decompress) void
std.compress.zstd.Decompress.init	fn init(input: *Reader, buffer: []u8, options: Options) Decompress
std.compress.zstd.Decompress.Frame.Magic.kind	fn kind(m: Magic) ?Kind
std.compress.zstd.Decompress.Frame.Magic.isSkippable	fn isSkippable(m: Magic) bool
std.compress.zstd.Decompress.Frame.Zstandard.Header.decode	fn decode(in: *Reader) DecodeError!Header
std.compress.zstd.Decompress.Frame.Zstandard.Header.windowSize	fn windowSize(header: Header) ?u64
std.compress.zstd.Decompress.Frame.Zstandard.Decode.prepare	fn prepare( self: *Decode, in: *Reader, remaining: *Limit, literals: LiteralsSection, sequences_header: SequencesSection.Header, ) PrepareError!void
std.compress.zstd.Decompress.Frame.Zstandard.Decode.readInitialFseState	fn readInitialFseState(self: *Decode, bit_reader: *ReverseBitReader) error{EndOfStream}!void
std.compress.zstd.Decompress.Frame.init	fn init( frame_header: Frame.Zstandard.Header, window_size_max: usize, verify_checksum: bool, ) InitError!Frame
std.compress.zstd.Decompress.LiteralsSection.Header.decode	fn decode(in: *Reader, remaining: *Limit) !Header
std.compress.zstd.Decompress.LiteralsSection.HuffmanTree.query	fn query(self: HuffmanTree, index: usize, prefix: u16) error{HuffmanTreeIncomplete}!Result
std.compress.zstd.Decompress.LiteralsSection.HuffmanTree.weightToBitCount	fn weightToBitCount(weight: u4, max_bit_count: u4) u4
std.compress.zstd.Decompress.LiteralsSection.HuffmanTree.decode	fn decode(in: *Reader, remaining: *Limit) HuffmanTree.DecodeError!HuffmanTree
std.compress.zstd.Decompress.LiteralsSection.streamCount	fn streamCount(size_format: u2, block_type: BlockType) StreamCount
std.compress.zstd.Decompress.LiteralsSection.decode	fn decode(in: *Reader, remaining: *Limit, buffer: []u8) DecodeError!LiteralsSection
std.compress.zstd.Decompress.SequencesSection.Header.decode	fn decode(in: *Reader, remaining: *Limit) DecodeError!Header
std.compress.zstd.Decompress.Table.decode	fn decode( bit_reader: *BitReader, expected_symbol_count: usize, max_accuracy_log: u4, entries: []Table.Fse, ) !usize
std.compress.zstd.Decompress.Table.build	fn build(values: []const u16, entries: []Table.Fse) !void
std.static_string_map.StaticStringMap	fn StaticStringMap(comptime V: type) type
std.static_string_map.defaultEql	fn defaultEql(a: []const u8, b: []const u8) bool
std.static_string_map.eqlAsciiIgnoreCase	fn eqlAsciiIgnoreCase(a: []const u8, b: []const u8) bool
std.static_string_map.StaticStringMapWithEql	fn StaticStringMapWithEql( comptime V: type, comptime eql: fn (a: []const u8, b: []const u8) bool, ) type
std.static_string_map.StaticStringMapWithEql().initComptime	fn initComptime(comptime kvs_list: anytype) Self
std.static_string_map.StaticStringMapWithEql().init	fn init(kvs_list: anytype, allocator: mem.Allocator) !Self
std.static_string_map.StaticStringMapWithEql().deinit	fn deinit(self: Self, allocator: mem.Allocator) void
std.static_string_map.StaticStringMapWithEql().has	fn has(self: Self, str: []const u8) bool
std.static_string_map.StaticStringMapWithEql().get	fn get(self: Self, str: []const u8) ?V
std.static_string_map.StaticStringMapWithEql().getIndex	fn getIndex(self: Self, str: []const u8) ?usize
std.static_string_map.StaticStringMapWithEql().getLongestPrefix	fn getLongestPrefix(self: Self, str: []const u8) ?KV
std.static_string_map.StaticStringMapWithEql().getLongestPrefixIndex	fn getLongestPrefixIndex(self: Self, str: []const u8) ?usize
std.static_string_map.StaticStringMapWithEql().keys	fn keys(self: Self) []const []const u8
std.static_string_map.StaticStringMapWithEql().values	fn values(self: Self) []const V
std.crypto.timing_safe.eql	fn eql(comptime T: type, a: T, b: T) bool
std.crypto.timing_safe.compare	fn compare(comptime T: type, a: []const T, b: []const T, endian: Endian) Order
std.crypto.timing_safe.add	fn add(comptime T: type, a: []const T, b: []const T, result: []T, endian: Endian) bool
std.crypto.timing_safe.sub	fn sub(comptime T: type, a: []const T, b: []const T, result: []T, endian: Endian) bool
std.crypto.timing_safe.classify	fn classify(ptr: anytype) void
std.crypto.timing_safe.declassify	fn declassify(ptr: anytype) void
std.crypto.aead.ascon.AsconAead128.encrypt	fn encrypt(c: []u8, tag: *[tag_length]u8, m: []const u8, ad: []const u8, npub: [nonce_length]u8, k: [key_length]u8) void
std.crypto.aead.ascon.AsconAead128.decrypt	fn decrypt(m: []u8, c: []const u8, tag: [tag_length]u8, ad: []const u8, npub: [nonce_length]u8, k: [key_length]u8) AuthenticationError!void
std.crypto.aead.isap.IsapA128A.encrypt	fn encrypt(c: []u8, tag: *[tag_length]u8, m: []const u8, ad: []const u8, npub: [nonce_length]u8, key: [key_length]u8) void
std.crypto.aead.isap.IsapA128A.decrypt	fn decrypt(m: []u8, c: []const u8, tag: [tag_length]u8, ad: []const u8, npub: [nonce_length]u8, key: [key_length]u8) AuthenticationError!void
std.crypto.aead.salsa_poly.XSalsa20Poly1305.encrypt	fn encrypt(c: []u8, tag: *[tag_length]u8, m: []const u8, ad: []const u8, npub: [nonce_length]u8, k: [key_length]u8) void
std.crypto.aead.salsa_poly.XSalsa20Poly1305.decrypt	fn decrypt(m: []u8, c: []const u8, tag: [tag_length]u8, ad: []const u8, npub: [nonce_length]u8, k: [key_length]u8) AuthenticationError!void
std.crypto.auth.hmac.Hmac	fn Hmac(comptime Hash: type) type
std.crypto.auth.hmac.Hmac().create	fn create(out: *[mac_length]u8, msg: []const u8, key: []const u8) void
std.crypto.auth.hmac.Hmac().init	fn init(key: []const u8) Self
std.crypto.auth.hmac.Hmac().update	fn update(ctx: *Self, msg: []const u8) void
std.crypto.auth.hmac.Hmac().final	fn final(ctx: *Self, out: *[mac_length]u8) void
std.crypto.auth.siphash.SipHash64	fn SipHash64(comptime c_rounds: usize, comptime d_rounds: usize) type
std.crypto.auth.siphash.SipHash128	fn SipHash128(comptime c_rounds: usize, comptime d_rounds: usize) type
std.crypto.auth.cmac.Cmac	fn Cmac(comptime BlockCipher: type) type
std.crypto.auth.cmac.Cmac().create	fn create(out: *[mac_length]u8, msg: []const u8, key: *const [key_length]u8) void
std.crypto.auth.cmac.Cmac().init	fn init(key: *const [key_length]u8) Self
std.crypto.auth.cmac.Cmac().update	fn update(self: *Self, msg: []const u8) void
std.crypto.auth.cmac.Cmac().final	fn final(self: *Self, out: *[mac_length]u8) void
std.crypto.auth.cbc_mac.CbcMac	fn CbcMac(comptime BlockCipher: type) type
std.crypto.auth.cbc_mac.CbcMac().create	fn create(out: *[mac_length]u8, msg: []const u8, key: *const [key_length]u8) void
std.crypto.auth.cbc_mac.CbcMac().init	fn init(key: *const [key_length]u8) Self
std.crypto.auth.cbc_mac.CbcMac().update	fn update(self: *Self, msg: []const u8) void
std.crypto.auth.cbc_mac.CbcMac().final	fn final(self: *Self, out: *[mac_length]u8) void
std.crypto.core.keccak.KeccakF	fn KeccakF(comptime f: u11) type
std.crypto.core.keccak.KeccakF().init	fn init(bytes: [block_bytes]u8) Self
std.crypto.core.keccak.KeccakF().asBytes	fn asBytes(self: *Self) *[block_bytes]u8
std.crypto.core.keccak.KeccakF().endianSwap	fn endianSwap(self: *Self) void
std.crypto.core.keccak.KeccakF().setBytes	fn setBytes(self: *Self, bytes: []const u8) void
std.crypto.core.keccak.KeccakF().addByte	fn addByte(self: *Self, byte: u8, offset: usize) void
std.crypto.core.keccak.KeccakF().addBytes	fn addBytes(self: *Self, bytes: []const u8) void
std.crypto.core.keccak.KeccakF().extractBytes	fn extractBytes(self: *Self, out: []u8) void
std.crypto.core.keccak.KeccakF().xorBytes	fn xorBytes(self: *Self, out: []u8, in: []const u8) void
std.crypto.core.keccak.KeccakF().clear	fn clear(self: *Self, from: usize, to: usize) void
std.crypto.core.keccak.KeccakF().secureZero	fn secureZero(self: *Self) void
std.crypto.core.keccak.KeccakF().permuteR	fn permuteR(self: *Self, comptime rounds: u5) void
std.crypto.core.keccak.KeccakF().permute	fn permute(self: *Self) void
std.crypto.core.keccak.State	fn State(comptime f: u11, comptime capacity: u11, comptime rounds: u5) type
std.crypto.core.keccak.State().absorb	fn absorb(self: *Self, bytes: []const u8) void
std.crypto.core.keccak.State().init	fn init(bytes: [f / 8]u8, delim: u8) Self
std.crypto.core.keccak.State().permute	fn permute(self: *Self) void
std.crypto.core.keccak.State().fillBlock	fn fillBlock(self: *Self) void
std.crypto.core.keccak.State().pad	fn pad(self: *Self) void
std.crypto.core.keccak.State().squeeze	fn squeeze(self: *Self, out: []u8) void
std.crypto.core.Ascon	fn State(comptime endian: std.builtin.Endian) type
std.crypto.core.modes.ctr	fn ctr(comptime BlockCipher: anytype, block_cipher: BlockCipher, dst: []u8, src: []const u8, iv: [BlockCipher.block_length]u8, endian: std.builtin.Endian) void
std.crypto.core.modes.ctrSlice	fn ctrSlice( comptime BlockCipher: anytype, block_cipher: BlockCipher, dst: []u8, src: []const u8, iv: [BlockCipher.block_length]u8, endian: std.builtin.Endian, comptime counter_offset: usize, comptime counter_size: usize, ) void
std.crypto.dh.X25519.Curve.Fe.isZero	fn isZero(fe: Fe) bool
std.crypto.dh.X25519.Curve.Fe.equivalent	fn equivalent(a: Fe, b: Fe) bool
std.crypto.dh.X25519.Curve.Fe.fromBytes	fn fromBytes(s: [32]u8) Fe
std.crypto.dh.X25519.Curve.Fe.toBytes	fn toBytes(fe: Fe) [32]u8
std.crypto.dh.X25519.Curve.Fe.fromBytes64	fn fromBytes64(s: [64]u8) Fe
std.crypto.dh.X25519.Curve.Fe.rejectNonCanonical	fn rejectNonCanonical(s: [32]u8, comptime ignore_extra_bit: bool) NonCanonicalError!void
std.crypto.dh.X25519.Curve.Fe.add	fn add(a: Fe, b: Fe) Fe
std.crypto.dh.X25519.Curve.Fe.sub	fn sub(a: Fe, b: Fe) Fe
std.crypto.dh.X25519.Curve.Fe.neg	fn neg(a: Fe) Fe
std.crypto.dh.X25519.Curve.Fe.isNegative	fn isNegative(a: Fe) bool
std.crypto.dh.X25519.Curve.Fe.cMov	fn cMov(fe: *Fe, a: Fe, c: u64) void
std.crypto.dh.X25519.Curve.Fe.cSwap2	fn cSwap2(a0: *Fe, b0: *Fe, a1: *Fe, b1: *Fe, c: u64) void
std.crypto.dh.X25519.Curve.Fe.mul	fn mul(a: Fe, b: Fe) callconv(bloaty_inline) Fe
std.crypto.dh.X25519.Curve.Fe.sq	fn sq(a: Fe) Fe
std.crypto.dh.X25519.Curve.Fe.sq2	fn sq2(a: Fe) Fe
std.crypto.dh.X25519.Curve.Fe.mul32	fn mul32(a: Fe, comptime n: u32) Fe
std.crypto.dh.X25519.Curve.Fe.invert	fn invert(a: Fe) Fe
std.crypto.dh.X25519.Curve.Fe.pow2523	fn pow2523(a: Fe) Fe
std.crypto.dh.X25519.Curve.Fe.abs	fn abs(a: Fe) Fe
std.crypto.dh.X25519.Curve.Fe.isSquare	fn isSquare(a: Fe) bool
std.crypto.dh.X25519.Curve.Fe.sqrt	fn sqrt(x2: Fe) NotSquareError!Fe
std.crypto.dh.X25519.Curve.scalar.rejectNonCanonical	fn rejectNonCanonical(s: CompressedScalar) NonCanonicalError!void
std.crypto.dh.X25519.Curve.scalar.reduce	fn reduce(s: CompressedScalar) CompressedScalar
std.crypto.dh.X25519.Curve.scalar.reduce64	fn reduce64(s: [64]u8) CompressedScalar
std.crypto.dh.X25519.Curve.scalar.clamp	fn clamp(s: *CompressedScalar) void
std.crypto.dh.X25519.Curve.scalar.mul	fn mul(a: CompressedScalar, b: CompressedScalar) CompressedScalar
std.crypto.dh.X25519.Curve.scalar.mulAdd	fn mulAdd(a: CompressedScalar, b: CompressedScalar, c: CompressedScalar) CompressedScalar
std.crypto.dh.X25519.Curve.scalar.mul8	fn mul8(s: CompressedScalar) CompressedScalar
std.crypto.dh.X25519.Curve.scalar.add	fn add(a: CompressedScalar, b: CompressedScalar) CompressedScalar
std.crypto.dh.X25519.Curve.scalar.neg	fn neg(s: CompressedScalar) CompressedScalar
std.crypto.dh.X25519.Curve.scalar.sub	fn sub(a: CompressedScalar, b: CompressedScalar) CompressedScalar
std.crypto.dh.X25519.Curve.scalar.random	fn random(io: std.Io) CompressedScalar
std.crypto.dh.X25519.Curve.scalar.Scalar.fromBytes	fn fromBytes(bytes: CompressedScalar) Scalar
std.crypto.dh.X25519.Curve.scalar.Scalar.fromBytes64	fn fromBytes64(bytes: [64]u8) Scalar
std.crypto.dh.X25519.Curve.scalar.Scalar.toBytes	fn toBytes(expanded: *const Scalar) CompressedScalar
std.crypto.dh.X25519.Curve.scalar.Scalar.isZero	fn isZero(n: Scalar) bool
std.crypto.dh.X25519.Curve.scalar.Scalar.add	fn add(x: Scalar, y: Scalar) Scalar
std.crypto.dh.X25519.Curve.scalar.Scalar.mul	fn mul(x: Scalar, y: Scalar) Scalar
std.crypto.dh.X25519.Curve.scalar.Scalar.sq	fn sq(x: Scalar) Scalar
std.crypto.dh.X25519.Curve.scalar.Scalar.invert	fn invert(x: Scalar) Scalar
std.crypto.dh.X25519.Curve.scalar.Scalar.random	fn random(io: std.Io) Scalar
std.crypto.dh.X25519.Curve.fromBytes	fn fromBytes(s: [32]u8) Curve25519
std.crypto.dh.X25519.Curve.toBytes	fn toBytes(p: Curve25519) [32]u8
std.crypto.dh.X25519.Curve.rejectNonCanonical	fn rejectNonCanonical(s: [32]u8) NonCanonicalError!void
std.crypto.dh.X25519.Curve.rejectIdentity	fn rejectIdentity(p: Curve25519) IdentityElementError!void
std.crypto.dh.X25519.Curve.clearCofactor	fn clearCofactor(p: Curve25519) WeakPublicKeyError!Curve25519
std.crypto.dh.X25519.Curve.clampedMul	fn clampedMul(p: Curve25519, s: [32]u8) IdentityElementError!Curve25519
std.crypto.dh.X25519.Curve.mul	fn mul(p: Curve25519, s: [32]u8) (IdentityElementError || WeakPublicKeyError)!Curve25519
std.crypto.dh.X25519.Curve.elligator2	fn elligator2(r: Fe) Curve25519
std.crypto.dh.X25519.Curve.fromEdwards25519	fn fromEdwards25519(p: crypto.ecc.Edwards25519) IdentityElementError!Curve25519
std.crypto.dh.X25519.KeyPair.generateDeterministic	fn generateDeterministic(seed: [seed_length]u8) IdentityElementError!KeyPair
std.crypto.dh.X25519.KeyPair.generate	fn generate(io: std.Io) KeyPair
std.crypto.dh.X25519.KeyPair.fromEd25519	fn fromEd25519(ed25519_key_pair: crypto.sign.Ed25519.KeyPair) (IdentityElementError || EncodingError)!KeyPair
std.crypto.dh.X25519.recoverPublicKey	fn recoverPublicKey(secret_key: [secret_length]u8) IdentityElementError![public_length]u8
std.crypto.dh.X25519.publicKeyFromEd25519	fn publicKeyFromEd25519(ed25519_public_key: crypto.sign.Ed25519.PublicKey) (IdentityElementError || EncodingError)![public_length]u8
std.crypto.dh.X25519.scalarmult	fn scalarmult(secret_key: [secret_length]u8, public_key: [public_length]u8) IdentityElementError![shared_length]u8
std.crypto.kem.hybrid.HybridKem	fn HybridKem(comptime params: Params) type
std.crypto.kem.hybrid.HybridKem().PublicKey.toBytes	fn toBytes(self: PublicKey) [encoded_length]u8
std.crypto.kem.hybrid.HybridKem().PublicKey.fromBytes	fn fromBytes(buf: *const [encoded_length]u8) PublicKey
std.crypto.kem.hybrid.HybridKem().PublicKey.encaps	fn encaps(pk: PublicKey, io: std.Io) !EncapsulatedSecret
std.crypto.kem.hybrid.HybridKem().PublicKey.encapsDeterministic	fn encapsDeterministic(pk: PublicKey, seed: []const u8) !EncapsulatedSecret
std.crypto.kem.hybrid.HybridKem().SecretKey.toBytes	fn toBytes(self: SecretKey) [encoded_length]u8
std.crypto.kem.hybrid.HybridKem().SecretKey.fromBytes	fn fromBytes(buf: *const [encoded_length]u8) SecretKey
std.crypto.kem.hybrid.HybridKem().SecretKey.decaps	fn decaps(self: SecretKey, ct: *const [params.Nct]u8) ![params.Nss]u8
std.crypto.kem.hybrid.HybridKem().KeyPair.generateDeterministic	fn generateDeterministic(seed: [params.Nseed]u8) !KeyPair
std.crypto.kem.hybrid.HybridKem().KeyPair.generate	fn generate(io: std.Io) !KeyPair
std.crypto.ecc.Curve25519.Fe.isZero	fn isZero(fe: Fe) bool
std.crypto.ecc.Curve25519.Fe.equivalent	fn equivalent(a: Fe, b: Fe) bool
std.crypto.ecc.Curve25519.Fe.fromBytes	fn fromBytes(s: [32]u8) Fe
std.crypto.ecc.Curve25519.Fe.toBytes	fn toBytes(fe: Fe) [32]u8
std.crypto.ecc.Curve25519.Fe.fromBytes64	fn fromBytes64(s: [64]u8) Fe
std.crypto.ecc.Curve25519.Fe.rejectNonCanonical	fn rejectNonCanonical(s: [32]u8, comptime ignore_extra_bit: bool) NonCanonicalError!void
std.crypto.ecc.Curve25519.Fe.add	fn add(a: Fe, b: Fe) Fe
std.crypto.ecc.Curve25519.Fe.sub	fn sub(a: Fe, b: Fe) Fe
std.crypto.ecc.Curve25519.Fe.neg	fn neg(a: Fe) Fe
std.crypto.ecc.Curve25519.Fe.isNegative	fn isNegative(a: Fe) bool
std.crypto.ecc.Curve25519.Fe.cMov	fn cMov(fe: *Fe, a: Fe, c: u64) void
std.crypto.ecc.Curve25519.Fe.cSwap2	fn cSwap2(a0: *Fe, b0: *Fe, a1: *Fe, b1: *Fe, c: u64) void
std.crypto.ecc.Curve25519.Fe.mul	fn mul(a: Fe, b: Fe) callconv(bloaty_inline) Fe
std.crypto.ecc.Curve25519.Fe.sq	fn sq(a: Fe) Fe
std.crypto.ecc.Curve25519.Fe.sq2	fn sq2(a: Fe) Fe
std.crypto.ecc.Curve25519.Fe.mul32	fn mul32(a: Fe, comptime n: u32) Fe
std.crypto.ecc.Curve25519.Fe.invert	fn invert(a: Fe) Fe
std.crypto.ecc.Curve25519.Fe.pow2523	fn pow2523(a: Fe) Fe
std.crypto.ecc.Curve25519.Fe.abs	fn abs(a: Fe) Fe
std.crypto.ecc.Curve25519.Fe.isSquare	fn isSquare(a: Fe) bool
std.crypto.ecc.Curve25519.Fe.sqrt	fn sqrt(x2: Fe) NotSquareError!Fe
std.crypto.ecc.Curve25519.fromBytes	fn fromBytes(s: [32]u8) Curve25519
std.crypto.ecc.Curve25519.toBytes	fn toBytes(p: Curve25519) [32]u8
std.crypto.ecc.Curve25519.rejectNonCanonical	fn rejectNonCanonical(s: [32]u8) NonCanonicalError!void
std.crypto.ecc.Curve25519.rejectIdentity	fn rejectIdentity(p: Curve25519) IdentityElementError!void
std.crypto.ecc.Curve25519.clearCofactor	fn clearCofactor(p: Curve25519) WeakPublicKeyError!Curve25519
std.crypto.ecc.Curve25519.clampedMul	fn clampedMul(p: Curve25519, s: [32]u8) IdentityElementError!Curve25519
std.crypto.ecc.Curve25519.mul	fn mul(p: Curve25519, s: [32]u8) (IdentityElementError || WeakPublicKeyError)!Curve25519
std.crypto.ecc.Curve25519.elligator2	fn elligator2(r: Fe) Curve25519
std.crypto.ecc.Curve25519.fromEdwards25519	fn fromEdwards25519(p: crypto.ecc.Edwards25519) IdentityElementError!Curve25519
std.crypto.ecc.Edwards25519.Fe.isZero	fn isZero(fe: Fe) bool
std.crypto.ecc.Edwards25519.Fe.equivalent	fn equivalent(a: Fe, b: Fe) bool
std.crypto.ecc.Edwards25519.Fe.fromBytes	fn fromBytes(s: [32]u8) Fe
std.crypto.ecc.Edwards25519.Fe.toBytes	fn toBytes(fe: Fe) [32]u8
std.crypto.ecc.Edwards25519.Fe.fromBytes64	fn fromBytes64(s: [64]u8) Fe
std.crypto.ecc.Edwards25519.Fe.rejectNonCanonical	fn rejectNonCanonical(s: [32]u8, comptime ignore_extra_bit: bool) NonCanonicalError!void
std.crypto.ecc.Edwards25519.Fe.add	fn add(a: Fe, b: Fe) Fe
std.crypto.ecc.Edwards25519.Fe.sub	fn sub(a: Fe, b: Fe) Fe
std.crypto.ecc.Edwards25519.Fe.neg	fn neg(a: Fe) Fe
std.crypto.ecc.Edwards25519.Fe.isNegative	fn isNegative(a: Fe) bool
std.crypto.ecc.Edwards25519.Fe.cMov	fn cMov(fe: *Fe, a: Fe, c: u64) void
std.crypto.ecc.Edwards25519.Fe.cSwap2	fn cSwap2(a0: *Fe, b0: *Fe, a1: *Fe, b1: *Fe, c: u64) void
std.crypto.ecc.Edwards25519.Fe.mul	fn mul(a: Fe, b: Fe) callconv(bloaty_inline) Fe
std.crypto.ecc.Edwards25519.Fe.sq	fn sq(a: Fe) Fe
std.crypto.ecc.Edwards25519.Fe.sq2	fn sq2(a: Fe) Fe
std.crypto.ecc.Edwards25519.Fe.mul32	fn mul32(a: Fe, comptime n: u32) Fe
std.crypto.ecc.Edwards25519.Fe.invert	fn invert(a: Fe) Fe
std.crypto.ecc.Edwards25519.Fe.pow2523	fn pow2523(a: Fe) Fe
std.crypto.ecc.Edwards25519.Fe.abs	fn abs(a: Fe) Fe
std.crypto.ecc.Edwards25519.Fe.isSquare	fn isSquare(a: Fe) bool
std.crypto.ecc.Edwards25519.Fe.sqrt	fn sqrt(x2: Fe) NotSquareError!Fe
std.crypto.ecc.Edwards25519.fromBytes	fn fromBytes(s: [encoded_length]u8) EncodingError!Edwards25519
std.crypto.ecc.Edwards25519.toBytes	fn toBytes(p: Edwards25519) [encoded_length]u8
std.crypto.ecc.Edwards25519.rejectNonCanonical	fn rejectNonCanonical(s: [32]u8) NonCanonicalError!void
std.crypto.ecc.Edwards25519.rejectIdentity	fn rejectIdentity(p: Edwards25519) IdentityElementError!void
std.crypto.ecc.Edwards25519.rejectUnexpectedSubgroup	fn rejectUnexpectedSubgroup(p: Edwards25519) (WeakPublicKeyError || UnexpectedSubgroupError)!void
std.crypto.ecc.Edwards25519.clearCofactor	fn clearCofactor(p: Edwards25519) Edwards25519
std.crypto.ecc.Edwards25519.rejectLowOrder	fn rejectLowOrder(p: Edwards25519) WeakPublicKeyError!void
std.crypto.ecc.Edwards25519.neg	fn neg(p: Edwards25519) Edwards25519
std.crypto.ecc.Edwards25519.dbl	fn dbl(p: Edwards25519) Edwards25519
std.crypto.ecc.Edwards25519.add	fn add(p: Edwards25519, q: Edwards25519) Edwards25519
std.crypto.ecc.Edwards25519.sub	fn sub(p: Edwards25519, q: Edwards25519) Edwards25519
std.crypto.ecc.Edwards25519.mul	fn mul(p: Edwards25519, s: [32]u8) (IdentityElementError || WeakPublicKeyError)!Edwards25519
std.crypto.ecc.Edwards25519.mulPublic	fn mulPublic(p: Edwards25519, s: [32]u8) (IdentityElementError || WeakPublicKeyError)!Edwards25519
std.crypto.ecc.Edwards25519.mulDoubleBasePublic	fn mulDoubleBasePublic(p1: Edwards25519, s1: [32]u8, p2: Edwards25519, s2: [32]u8) WeakPublicKeyError!Edwards25519
std.crypto.ecc.Edwards25519.mulMulti	fn mulMulti(comptime count: usize, ps: [count]Edwards25519, ss: [count][32]u8) (IdentityElementError || WeakPublicKeyError)!Edwards25519
std.crypto.ecc.Edwards25519.clampedMul	fn clampedMul(p: Edwards25519, s: [32]u8) (IdentityElementError || WeakPublicKeyError)!Edwards25519
std.crypto.ecc.Edwards25519.elligator2	fn elligator2(r: Fe) struct { x: Fe, y: Fe, not_square: bool }
std.crypto.ecc.Edwards25519.fromHash	fn fromHash(h: [64]u8) Edwards25519
std.crypto.ecc.Edwards25519.fromString	fn fromString(comptime random_oracle: bool, ctx: []const u8, s: []const u8) Edwards25519
std.crypto.ecc.Edwards25519.fromUniform	fn fromUniform(r: [32]u8) Edwards25519
std.crypto.ecc.P256.scalar.rejectNonCanonical	fn rejectNonCanonical(s: CompressedScalar, endian: std.builtin.Endian) NonCanonicalError!void
std.crypto.ecc.P256.scalar.reduce48	fn reduce48(s: [48]u8, endian: std.builtin.Endian) CompressedScalar
std.crypto.ecc.P256.scalar.reduce64	fn reduce64(s: [64]u8, endian: std.builtin.Endian) CompressedScalar
std.crypto.ecc.P256.scalar.mul	fn mul(a: CompressedScalar, b: CompressedScalar, endian: std.builtin.Endian) NonCanonicalError!CompressedScalar
std.crypto.ecc.P256.scalar.mulAdd	fn mulAdd(a: CompressedScalar, b: CompressedScalar, c: CompressedScalar, endian: std.builtin.Endian) NonCanonicalError!CompressedScalar
std.crypto.ecc.P256.scalar.add	fn add(a: CompressedScalar, b: CompressedScalar, endian: std.builtin.Endian) NonCanonicalError!CompressedScalar
std.crypto.ecc.P256.scalar.neg	fn neg(s: CompressedScalar, endian: std.builtin.Endian) NonCanonicalError!CompressedScalar
std.crypto.ecc.P256.scalar.sub	fn sub(a: CompressedScalar, b: CompressedScalar, endian: std.builtin.Endian) NonCanonicalError!CompressedScalar
std.crypto.ecc.P256.scalar.random	fn random(io: std.Io, endian: std.builtin.Endian) CompressedScalar
std.crypto.ecc.P256.scalar.Scalar.fromBytes	fn fromBytes(s: CompressedScalar, endian: std.builtin.Endian) NonCanonicalError!Scalar
std.crypto.ecc.P256.scalar.Scalar.fromBytes48	fn fromBytes48(s: [48]u8, endian: std.builtin.Endian) Scalar
std.crypto.ecc.P256.scalar.Scalar.fromBytes64	fn fromBytes64(s: [64]u8, endian: std.builtin.Endian) Scalar
std.crypto.ecc.P256.scalar.Scalar.toBytes	fn toBytes(n: Scalar, endian: std.builtin.Endian) CompressedScalar
std.crypto.ecc.P256.scalar.Scalar.isZero	fn isZero(n: Scalar) bool
std.crypto.ecc.P256.scalar.Scalar.isOdd	fn isOdd(n: Scalar) bool
std.crypto.ecc.P256.scalar.Scalar.equivalent	fn equivalent(a: Scalar, b: Scalar) bool
std.crypto.ecc.P256.scalar.Scalar.add	fn add(x: Scalar, y: Scalar) Scalar
std.crypto.ecc.P256.scalar.Scalar.sub	fn sub(x: Scalar, y: Scalar) Scalar
std.crypto.ecc.P256.scalar.Scalar.dbl	fn dbl(n: Scalar) Scalar
std.crypto.ecc.P256.scalar.Scalar.mul	fn mul(x: Scalar, y: Scalar) Scalar
std.crypto.ecc.P256.scalar.Scalar.sq	fn sq(n: Scalar) Scalar
std.crypto.ecc.P256.scalar.Scalar.pow	fn pow(a: Scalar, comptime T: type, comptime n: T) Scalar
std.crypto.ecc.P256.scalar.Scalar.neg	fn neg(n: Scalar) Scalar
std.crypto.ecc.P256.scalar.Scalar.invert	fn invert(n: Scalar) Scalar
std.crypto.ecc.P256.scalar.Scalar.isSquare	fn isSquare(n: Scalar) bool
std.crypto.ecc.P256.scalar.Scalar.sqrt	fn sqrt(n: Scalar) NotSquareError!Scalar
std.crypto.ecc.P256.scalar.Scalar.random	fn random(io: std.Io) Scalar
std.crypto.ecc.P256.rejectIdentity	fn rejectIdentity(p: P256) IdentityElementError!void
std.crypto.ecc.P256.fromAffineCoordinates	fn fromAffineCoordinates(p: AffineCoordinates) EncodingError!P256
std.crypto.ecc.P256.fromSerializedAffineCoordinates	fn fromSerializedAffineCoordinates(xs: [32]u8, ys: [32]u8, endian: std.builtin.Endian) (NonCanonicalError || EncodingError)!P256
std.crypto.ecc.P256.recoverY	fn recoverY(x: Fe, is_odd: bool) NotSquareError!Fe
std.crypto.ecc.P256.fromSec1	fn fromSec1(s: []const u8) (EncodingError || NotSquareError || NonCanonicalError)!P256
std.crypto.ecc.P256.toCompressedSec1	fn toCompressedSec1(p: P256) [33]u8
std.crypto.ecc.P256.toUncompressedSec1	fn toUncompressedSec1(p: P256) [65]u8
std.crypto.ecc.P256.random	fn random(io: std.Io) P256
std.crypto.ecc.P256.neg	fn neg(p: P256) P256
std.crypto.ecc.P256.dbl	fn dbl(p: P256) P256
std.crypto.ecc.P256.addMixed	fn addMixed(p: P256, q: AffineCoordinates) P256
std.crypto.ecc.P256.add	fn add(p: P256, q: P256) P256
std.crypto.ecc.P256.sub	fn sub(p: P256, q: P256) P256
std.crypto.ecc.P256.subMixed	fn subMixed(p: P256, q: AffineCoordinates) P256
std.crypto.ecc.P256.affineCoordinates	fn affineCoordinates(p: P256) AffineCoordinates
std.crypto.ecc.P256.equivalent	fn equivalent(a: P256, b: P256) bool
std.crypto.ecc.P256.mul	fn mul(p: P256, s_: [32]u8, endian: std.builtin.Endian) IdentityElementError!P256
std.crypto.ecc.P256.mulPublic	fn mulPublic(p: P256, s_: [32]u8, endian: std.builtin.Endian) IdentityElementError!P256
std.crypto.ecc.P256.mulDoubleBasePublic	fn mulDoubleBasePublic(p1: P256, s1_: [32]u8, p2: P256, s2_: [32]u8, endian: std.builtin.Endian) IdentityElementError!P256
std.crypto.ecc.P384.scalar.rejectNonCanonical	fn rejectNonCanonical(s: CompressedScalar, endian: std.builtin.Endian) NonCanonicalError!void
std.crypto.ecc.P384.scalar.reduce64	fn reduce64(s: [64]u8, endian: std.builtin.Endian) CompressedScalar
std.crypto.ecc.P384.scalar.mul	fn mul(a: CompressedScalar, b: CompressedScalar, endian: std.builtin.Endian) NonCanonicalError!CompressedScalar
std.crypto.ecc.P384.scalar.mulAdd	fn mulAdd(a: CompressedScalar, b: CompressedScalar, c: CompressedScalar, endian: std.builtin.Endian) NonCanonicalError!CompressedScalar
std.crypto.ecc.P384.scalar.add	fn add(a: CompressedScalar, b: CompressedScalar, endian: std.builtin.Endian) NonCanonicalError!CompressedScalar
std.crypto.ecc.P384.scalar.neg	fn neg(s: CompressedScalar, endian: std.builtin.Endian) NonCanonicalError!CompressedScalar
std.crypto.ecc.P384.scalar.sub	fn sub(a: CompressedScalar, b: CompressedScalar, endian: std.builtin.Endian) NonCanonicalError!CompressedScalar
std.crypto.ecc.P384.scalar.random	fn random(io: std.Io, endian: std.builtin.Endian) CompressedScalar
std.crypto.ecc.P384.scalar.Scalar.fromBytes	fn fromBytes(s: CompressedScalar, endian: std.builtin.Endian) NonCanonicalError!Scalar
std.crypto.ecc.P384.scalar.Scalar.fromBytes64	fn fromBytes64(s: [64]u8, endian: std.builtin.Endian) Scalar
std.crypto.ecc.P384.scalar.Scalar.toBytes	fn toBytes(n: Scalar, endian: std.builtin.Endian) CompressedScalar
std.crypto.ecc.P384.scalar.Scalar.isZero	fn isZero(n: Scalar) bool
std.crypto.ecc.P384.scalar.Scalar.isOdd	fn isOdd(n: Scalar) bool
std.crypto.ecc.P384.scalar.Scalar.equivalent	fn equivalent(a: Scalar, b: Scalar) bool
std.crypto.ecc.P384.scalar.Scalar.add	fn add(x: Scalar, y: Scalar) Scalar
std.crypto.ecc.P384.scalar.Scalar.sub	fn sub(x: Scalar, y: Scalar) Scalar
std.crypto.ecc.P384.scalar.Scalar.dbl	fn dbl(n: Scalar) Scalar
std.crypto.ecc.P384.scalar.Scalar.mul	fn mul(x: Scalar, y: Scalar) Scalar
std.crypto.ecc.P384.scalar.Scalar.sq	fn sq(n: Scalar) Scalar
std.crypto.ecc.P384.scalar.Scalar.pow	fn pow(a: Scalar, comptime T: type, comptime n: T) Scalar
std.crypto.ecc.P384.scalar.Scalar.neg	fn neg(n: Scalar) Scalar
std.crypto.ecc.P384.scalar.Scalar.invert	fn invert(n: Scalar) Scalar
std.crypto.ecc.P384.scalar.Scalar.isSquare	fn isSquare(n: Scalar) bool
std.crypto.ecc.P384.scalar.Scalar.sqrt	fn sqrt(n: Scalar) NotSquareError!Scalar
std.crypto.ecc.P384.scalar.Scalar.random	fn random(io: std.Io) Scalar
std.crypto.ecc.P384.rejectIdentity	fn rejectIdentity(p: P384) IdentityElementError!void
std.crypto.ecc.P384.fromAffineCoordinates	fn fromAffineCoordinates(p: AffineCoordinates) EncodingError!P384
std.crypto.ecc.P384.fromSerializedAffineCoordinates	fn fromSerializedAffineCoordinates(xs: [48]u8, ys: [48]u8, endian: std.builtin.Endian) (NonCanonicalError || EncodingError)!P384
std.crypto.ecc.P384.recoverY	fn recoverY(x: Fe, is_odd: bool) NotSquareError!Fe
std.crypto.ecc.P384.fromSec1	fn fromSec1(s: []const u8) (EncodingError || NotSquareError || NonCanonicalError)!P384
std.crypto.ecc.P384.toCompressedSec1	fn toCompressedSec1(p: P384) [49]u8
std.crypto.ecc.P384.toUncompressedSec1	fn toUncompressedSec1(p: P384) [97]u8
std.crypto.ecc.P384.random	fn random(io: std.Io) P384
std.crypto.ecc.P384.neg	fn neg(p: P384) P384
std.crypto.ecc.P384.dbl	fn dbl(p: P384) P384
std.crypto.ecc.P384.addMixed	fn addMixed(p: P384, q: AffineCoordinates) P384
std.crypto.ecc.P384.add	fn add(p: P384, q: P384) P384
std.crypto.ecc.P384.sub	fn sub(p: P384, q: P384) P384
std.crypto.ecc.P384.subMixed	fn subMixed(p: P384, q: AffineCoordinates) P384
std.crypto.ecc.P384.affineCoordinates	fn affineCoordinates(p: P384) AffineCoordinates
std.crypto.ecc.P384.equivalent	fn equivalent(a: P384, b: P384) bool
std.crypto.ecc.P384.mul	fn mul(p: P384, s_: [48]u8, endian: std.builtin.Endian) IdentityElementError!P384
std.crypto.ecc.P384.mulPublic	fn mulPublic(p: P384, s_: [48]u8, endian: std.builtin.Endian) IdentityElementError!P384
std.crypto.ecc.P384.mulDoubleBasePublic	fn mulDoubleBasePublic(p1: P384, s1_: [48]u8, p2: P384, s2_: [48]u8, endian: std.builtin.Endian) IdentityElementError!P384
std.crypto.ecc.Ristretto255.Curve.Fe.isZero	fn isZero(fe: Fe) bool
std.crypto.ecc.Ristretto255.Curve.Fe.equivalent	fn equivalent(a: Fe, b: Fe) bool
std.crypto.ecc.Ristretto255.Curve.Fe.fromBytes	fn fromBytes(s: [32]u8) Fe
std.crypto.ecc.Ristretto255.Curve.Fe.toBytes	fn toBytes(fe: Fe) [32]u8
std.crypto.ecc.Ristretto255.Curve.Fe.fromBytes64	fn fromBytes64(s: [64]u8) Fe
std.crypto.ecc.Ristretto255.Curve.Fe.rejectNonCanonical	fn rejectNonCanonical(s: [32]u8, comptime ignore_extra_bit: bool) NonCanonicalError!void
std.crypto.ecc.Ristretto255.Curve.Fe.add	fn add(a: Fe, b: Fe) Fe
std.crypto.ecc.Ristretto255.Curve.Fe.sub	fn sub(a: Fe, b: Fe) Fe
std.crypto.ecc.Ristretto255.Curve.Fe.neg	fn neg(a: Fe) Fe
std.crypto.ecc.Ristretto255.Curve.Fe.isNegative	fn isNegative(a: Fe) bool
std.crypto.ecc.Ristretto255.Curve.Fe.cMov	fn cMov(fe: *Fe, a: Fe, c: u64) void
std.crypto.ecc.Ristretto255.Curve.Fe.cSwap2	fn cSwap2(a0: *Fe, b0: *Fe, a1: *Fe, b1: *Fe, c: u64) void
std.crypto.ecc.Ristretto255.Curve.Fe.mul	fn mul(a: Fe, b: Fe) callconv(bloaty_inline) Fe
std.crypto.ecc.Ristretto255.Curve.Fe.sq	fn sq(a: Fe) Fe
std.crypto.ecc.Ristretto255.Curve.Fe.sq2	fn sq2(a: Fe) Fe
std.crypto.ecc.Ristretto255.Curve.Fe.mul32	fn mul32(a: Fe, comptime n: u32) Fe
std.crypto.ecc.Ristretto255.Curve.Fe.invert	fn invert(a: Fe) Fe
std.crypto.ecc.Ristretto255.Curve.Fe.pow2523	fn pow2523(a: Fe) Fe
std.crypto.ecc.Ristretto255.Curve.Fe.abs	fn abs(a: Fe) Fe
std.crypto.ecc.Ristretto255.Curve.Fe.isSquare	fn isSquare(a: Fe) bool
std.crypto.ecc.Ristretto255.Curve.Fe.sqrt	fn sqrt(x2: Fe) NotSquareError!Fe
std.crypto.ecc.Ristretto255.Curve.fromBytes	fn fromBytes(s: [encoded_length]u8) EncodingError!Edwards25519
std.crypto.ecc.Ristretto255.Curve.toBytes	fn toBytes(p: Edwards25519) [encoded_length]u8
std.crypto.ecc.Ristretto255.Curve.rejectNonCanonical	fn rejectNonCanonical(s: [32]u8) NonCanonicalError!void
std.crypto.ecc.Ristretto255.Curve.rejectIdentity	fn rejectIdentity(p: Edwards25519) IdentityElementError!void
std.crypto.ecc.Ristretto255.Curve.rejectUnexpectedSubgroup	fn rejectUnexpectedSubgroup(p: Edwards25519) (WeakPublicKeyError || UnexpectedSubgroupError)!void
std.crypto.ecc.Ristretto255.Curve.clearCofactor	fn clearCofactor(p: Edwards25519) Edwards25519
std.crypto.ecc.Ristretto255.Curve.rejectLowOrder	fn rejectLowOrder(p: Edwards25519) WeakPublicKeyError!void
std.crypto.ecc.Ristretto255.Curve.neg	fn neg(p: Edwards25519) Edwards25519
std.crypto.ecc.Ristretto255.Curve.dbl	fn dbl(p: Edwards25519) Edwards25519
std.crypto.ecc.Ristretto255.Curve.add	fn add(p: Edwards25519, q: Edwards25519) Edwards25519
std.crypto.ecc.Ristretto255.Curve.sub	fn sub(p: Edwards25519, q: Edwards25519) Edwards25519
std.crypto.ecc.Ristretto255.Curve.mul	fn mul(p: Edwards25519, s: [32]u8) (IdentityElementError || WeakPublicKeyError)!Edwards25519
std.crypto.ecc.Ristretto255.Curve.mulPublic	fn mulPublic(p: Edwards25519, s: [32]u8) (IdentityElementError || WeakPublicKeyError)!Edwards25519
std.crypto.ecc.Ristretto255.Curve.mulDoubleBasePublic	fn mulDoubleBasePublic(p1: Edwards25519, s1: [32]u8, p2: Edwards25519, s2: [32]u8) WeakPublicKeyError!Edwards25519
std.crypto.ecc.Ristretto255.Curve.mulMulti	fn mulMulti(comptime count: usize, ps: [count]Edwards25519, ss: [count][32]u8) (IdentityElementError || WeakPublicKeyError)!Edwards25519
std.crypto.ecc.Ristretto255.Curve.clampedMul	fn clampedMul(p: Edwards25519, s: [32]u8) (IdentityElementError || WeakPublicKeyError)!Edwards25519
std.crypto.ecc.Ristretto255.Curve.elligator2	fn elligator2(r: Fe) struct { x: Fe, y: Fe, not_square: bool }
std.crypto.ecc.Ristretto255.Curve.fromHash	fn fromHash(h: [64]u8) Edwards25519
std.crypto.ecc.Ristretto255.Curve.fromString	fn fromString(comptime random_oracle: bool, ctx: []const u8, s: []const u8) Edwards25519
std.crypto.ecc.Ristretto255.Curve.fromUniform	fn fromUniform(r: [32]u8) Edwards25519
std.crypto.ecc.Ristretto255.rejectIdentity	fn rejectIdentity(p: Ristretto255) IdentityElementError!void
std.crypto.ecc.Ristretto255.fromBytes	fn fromBytes(s: [encoded_length]u8) (NonCanonicalError || EncodingError)!Ristretto255
std.crypto.ecc.Ristretto255.toBytes	fn toBytes(e: Ristretto255) [encoded_length]u8
std.crypto.ecc.Ristretto255.fromUniform	fn fromUniform(h: [64]u8) Ristretto255
std.crypto.ecc.Ristretto255.dbl	fn dbl(p: Ristretto255) Ristretto255
std.crypto.ecc.Ristretto255.add	fn add(p: Ristretto255, q: Ristretto255) Ristretto255
std.crypto.ecc.Ristretto255.sub	fn sub(p: Ristretto255, q: Ristretto255) Ristretto255
std.crypto.ecc.Ristretto255.mul	fn mul(p: Ristretto255, s: [encoded_length]u8) (IdentityElementError || WeakPublicKeyError)!Ristretto255
std.crypto.ecc.Ristretto255.equivalent	fn equivalent(p: Ristretto255, q: Ristretto255) bool
std.crypto.ecc.Secp256k1.scalar.rejectNonCanonical	fn rejectNonCanonical(s: CompressedScalar, endian: std.builtin.Endian) NonCanonicalError!void
std.crypto.ecc.Secp256k1.scalar.reduce48	fn reduce48(s: [48]u8, endian: std.builtin.Endian) CompressedScalar
std.crypto.ecc.Secp256k1.scalar.reduce64	fn reduce64(s: [64]u8, endian: std.builtin.Endian) CompressedScalar
std.crypto.ecc.Secp256k1.scalar.mul	fn mul(a: CompressedScalar, b: CompressedScalar, endian: std.builtin.Endian) NonCanonicalError!CompressedScalar
std.crypto.ecc.Secp256k1.scalar.mulAdd	fn mulAdd(a: CompressedScalar, b: CompressedScalar, c: CompressedScalar, endian: std.builtin.Endian) NonCanonicalError!CompressedScalar
std.crypto.ecc.Secp256k1.scalar.add	fn add(a: CompressedScalar, b: CompressedScalar, endian: std.builtin.Endian) NonCanonicalError!CompressedScalar
std.crypto.ecc.Secp256k1.scalar.neg	fn neg(s: CompressedScalar, endian: std.builtin.Endian) NonCanonicalError!CompressedScalar
std.crypto.ecc.Secp256k1.scalar.sub	fn sub(a: CompressedScalar, b: CompressedScalar, endian: std.builtin.Endian) NonCanonicalError!CompressedScalar
std.crypto.ecc.Secp256k1.scalar.random	fn random(io: std.Io, endian: std.builtin.Endian) CompressedScalar
std.crypto.ecc.Secp256k1.scalar.Scalar.fromBytes	fn fromBytes(s: CompressedScalar, endian: std.builtin.Endian) NonCanonicalError!Scalar
std.crypto.ecc.Secp256k1.scalar.Scalar.fromBytes48	fn fromBytes48(s: [48]u8, endian: std.builtin.Endian) Scalar
std.crypto.ecc.Secp256k1.scalar.Scalar.fromBytes64	fn fromBytes64(s: [64]u8, endian: std.builtin.Endian) Scalar
std.crypto.ecc.Secp256k1.scalar.Scalar.toBytes	fn toBytes(n: Scalar, endian: std.builtin.Endian) CompressedScalar
std.crypto.ecc.Secp256k1.scalar.Scalar.isZero	fn isZero(n: Scalar) bool
std.crypto.ecc.Secp256k1.scalar.Scalar.isOdd	fn isOdd(n: Scalar) bool
std.crypto.ecc.Secp256k1.scalar.Scalar.equivalent	fn equivalent(a: Scalar, b: Scalar) bool
std.crypto.ecc.Secp256k1.scalar.Scalar.add	fn add(x: Scalar, y: Scalar) Scalar
std.crypto.ecc.Secp256k1.scalar.Scalar.sub	fn sub(x: Scalar, y: Scalar) Scalar
std.crypto.ecc.Secp256k1.scalar.Scalar.dbl	fn dbl(n: Scalar) Scalar
std.crypto.ecc.Secp256k1.scalar.Scalar.mul	fn mul(x: Scalar, y: Scalar) Scalar
std.crypto.ecc.Secp256k1.scalar.Scalar.sq	fn sq(n: Scalar) Scalar
std.crypto.ecc.Secp256k1.scalar.Scalar.pow	fn pow(a: Scalar, comptime T: type, comptime n: T) Scalar
std.crypto.ecc.Secp256k1.scalar.Scalar.neg	fn neg(n: Scalar) Scalar
std.crypto.ecc.Secp256k1.scalar.Scalar.invert	fn invert(n: Scalar) Scalar
std.crypto.ecc.Secp256k1.scalar.Scalar.isSquare	fn isSquare(n: Scalar) bool
std.crypto.ecc.Secp256k1.scalar.Scalar.sqrt	fn sqrt(n: Scalar) NotSquareError!Scalar
std.crypto.ecc.Secp256k1.scalar.Scalar.random	fn random(io: std.Io) Scalar
std.crypto.ecc.Secp256k1.Endormorphism.splitScalar	fn splitScalar(s: [32]u8, endian: std.builtin.Endian) NonCanonicalError!SplitScalar
std.crypto.ecc.Secp256k1.rejectIdentity	fn rejectIdentity(p: Secp256k1) IdentityElementError!void
std.crypto.ecc.Secp256k1.fromAffineCoordinates	fn fromAffineCoordinates(p: AffineCoordinates) EncodingError!Secp256k1
std.crypto.ecc.Secp256k1.fromSerializedAffineCoordinates	fn fromSerializedAffineCoordinates(xs: [32]u8, ys: [32]u8, endian: std.builtin.Endian) (NonCanonicalError || EncodingError)!Secp256k1
std.crypto.ecc.Secp256k1.recoverY	fn recoverY(x: Fe, is_odd: bool) NotSquareError!Fe
std.crypto.ecc.Secp256k1.fromSec1	fn fromSec1(s: []const u8) (EncodingError || NotSquareError || NonCanonicalError)!Secp256k1
std.crypto.ecc.Secp256k1.toCompressedSec1	fn toCompressedSec1(p: Secp256k1) [33]u8
std.crypto.ecc.Secp256k1.toUncompressedSec1	fn toUncompressedSec1(p: Secp256k1) [65]u8
std.crypto.ecc.Secp256k1.random	fn random(io: std.Io) Secp256k1
std.crypto.ecc.Secp256k1.neg	fn neg(p: Secp256k1) Secp256k1
std.crypto.ecc.Secp256k1.dbl	fn dbl(p: Secp256k1) Secp256k1
std.crypto.ecc.Secp256k1.addMixed	fn addMixed(p: Secp256k1, q: AffineCoordinates) Secp256k1
std.crypto.ecc.Secp256k1.add	fn add(p: Secp256k1, q: Secp256k1) Secp256k1
std.crypto.ecc.Secp256k1.sub	fn sub(p: Secp256k1, q: Secp256k1) Secp256k1
std.crypto.ecc.Secp256k1.subMixed	fn subMixed(p: Secp256k1, q: AffineCoordinates) Secp256k1
std.crypto.ecc.Secp256k1.affineCoordinates	fn affineCoordinates(p: Secp256k1) AffineCoordinates
std.crypto.ecc.Secp256k1.equivalent	fn equivalent(a: Secp256k1, b: Secp256k1) bool
std.crypto.ecc.Secp256k1.mul	fn mul(p: Secp256k1, s_: [32]u8, endian: std.builtin.Endian) IdentityElementError!Secp256k1
std.crypto.ecc.Secp256k1.mulPublic	fn mulPublic(p: Secp256k1, s_: [32]u8, endian: std.builtin.Endian) (IdentityElementError || NonCanonicalError)!Secp256k1
std.crypto.ecc.Secp256k1.mulDoubleBasePublic	fn mulDoubleBasePublic(p1: Secp256k1, s1_: [32]u8, p2: Secp256k1, s2_: [32]u8, endian: std.builtin.Endian) IdentityElementError!Secp256k1
std.crypto.hash.blake2.Blake2s	fn Blake2s(comptime out_bits: usize) type
std.crypto.hash.blake2.Blake2s().init	fn init(options: Options) Self
std.crypto.hash.blake2.Blake2s().hash	fn hash(b: []const u8, out: *[digest_length]u8, options: Options) void
std.crypto.hash.blake2.Blake2s().update	fn update(d: *Self, b: []const u8) void
std.crypto.hash.blake2.Blake2s().final	fn final(d: *Self, out: *[digest_length]u8) void
std.crypto.hash.blake2.Blake2b	fn Blake2b(comptime out_bits: usize) type
std.crypto.hash.blake2.Blake2b().init	fn init(options: Options) Self
std.crypto.hash.blake2.Blake2b().hash	fn hash(b: []const u8, out: *[digest_length]u8, options: Options) void
std.crypto.hash.blake2.Blake2b().update	fn update(d: *Self, b: []const u8) void
std.crypto.hash.blake2.Blake2b().final	fn final(d: *Self, out: *[digest_length]u8) void
std.crypto.hash.Blake3.init	fn init(options: Options) Blake3
std.crypto.hash.Blake3.initKdf	fn initKdf(context: []const u8, options: KdfOptions) Blake3
std.crypto.hash.Blake3.hash	fn hash(b: []const u8, out: []u8, options: Options) void
std.crypto.hash.Blake3.hashParallel	fn hashParallel(b: []const u8, out: []u8, options: Options, allocator: Allocator, io: Io) error{ OutOfMemory, Canceled }!void
std.crypto.hash.Blake3.update	fn update(self: *Blake3, input: []const u8) void
std.crypto.hash.Blake3.final	fn final(self: *const Blake3, out: []u8) void
std.crypto.hash.Blake3.finalizeSeek	fn finalizeSeek(self: *const Blake3, seek: u64, out: []u8) void
std.crypto.hash.Blake3.reset	fn reset(self: *Blake3) void
std.crypto.hash.Md5.init	fn init(options: Options) Self
std.crypto.hash.Md5.hash	fn hash(data: []const u8, out: *[digest_length]u8, options: Options) void
std.crypto.hash.Md5.hashResult	fn hashResult(data: []const u8) [digest_length]u8
std.crypto.hash.Md5.update	fn update(d: *Self, b: []const u8) void
std.crypto.hash.Md5.final	fn final(d: *Self, out: *[digest_length]u8) void
std.crypto.hash.Sha1.init	fn init(options: Options) Sha1
std.crypto.hash.Sha1.hash	fn hash(b: []const u8, out: *[digest_length]u8, options: Options) void
std.crypto.hash.Sha1.update	fn update(d: *Sha1, b: []const u8) void
std.crypto.hash.Sha1.peek	fn peek(d: Sha1) [digest_length]u8
std.crypto.hash.Sha1.final	fn final(d: *Sha1, out: *[digest_length]u8) void
std.crypto.hash.Sha1.finalResult	fn finalResult(d: *Sha1) [digest_length]u8
std.crypto.hash.sha3.TurboShake128	fn TurboShake128(delim: ?u7) type
std.crypto.hash.sha3.TurboShake256	fn TurboShake256(comptime delim: ?u7) type
std.crypto.hash.sha3.Keccak	fn Keccak(comptime f: u11, comptime output_bits: u11, comptime default_delim: u8, comptime rounds: u5) type
std.crypto.hash.sha3.Keccak().init	fn init(options: Options) Self
std.crypto.hash.sha3.Keccak().hash	fn hash(bytes: []const u8, out: *[digest_length]u8, options: Options) void
std.crypto.hash.sha3.Keccak().update	fn update(self: *Self, bytes: []const u8) void
std.crypto.hash.sha3.Keccak().final	fn final(self: *Self, out: *[digest_length]u8) void
std.crypto.hash.sha3.Shake	fn Shake(comptime security_level: u11) type
std.crypto.hash.sha3.TurboShake	fn TurboShake(comptime security_level: u11, comptime delim: ?u7) type
std.crypto.hash.sha3.CShake	fn CShake(comptime security_level: u11, comptime fname: ?[]const u8) type
std.crypto.hash.sha3.KMac	fn KMac(comptime security_level: u11) type
std.crypto.hash.sha3.TupleHash	fn TupleHash(comptime security_level: u11) type
std.crypto.hash.sha3.NistLengthEncoding.Length.slice	fn slice(self: *const Length) []const u8
std.crypto.hash.sha3.NistLengthEncoding.encode	fn encode(comptime encoding: NistLengthEncoding, len: usize) Length
std.crypto.hash.composition.Composition	fn Composition(comptime H1: type, comptime H2: type) type
std.crypto.hash.composition.Composition().init	fn init(options: Options) Self
std.crypto.hash.composition.Composition().hash	fn hash(b: []const u8, out: *[digest_length]u8, options: Options) void
std.crypto.hash.composition.Composition().update	fn update(d: *Self, b: []const u8) void
std.crypto.hash.composition.Composition().final	fn final(d: *Self, out: *[digest_length]u8) void
std.crypto.kdf.hkdf.Hkdf	fn Hkdf(comptime Hmac: type) type
std.crypto.kdf.hkdf.Hkdf().extract	fn extract(salt: []const u8, ikm: []const u8) [prk_length]u8
std.crypto.kdf.hkdf.Hkdf().extractInit	fn extractInit(salt: []const u8) Hmac
std.crypto.kdf.hkdf.Hkdf().expand	fn expand(out: []u8, ctx: []const u8, prk: [prk_length]u8) void
std.crypto.onetimeauth.Poly1305.init	fn init(key: *const [key_length]u8) Poly1305
std.crypto.onetimeauth.Poly1305.update	fn update(st: *Poly1305, m: []const u8) void
std.crypto.onetimeauth.Poly1305.pad	fn pad(st: *Poly1305) void
std.crypto.onetimeauth.Poly1305.final	fn final(st: *Poly1305, out: *[mac_length]u8) void
std.crypto.onetimeauth.Poly1305.create	fn create(out: *[mac_length]u8, msg: []const u8, key: *const [key_length]u8) void
std.crypto.pwhash.argon2.Params.fromLimits	fn fromLimits(ops_limit: u32, mem_limit: usize) Self
std.crypto.pwhash.argon2.kdf	fn kdf( allocator: mem.Allocator, derived_key: []u8, password: []const u8, salt: []const u8, params: Params, mode: Mode, io: Io, ) KdfError!void
std.crypto.pwhash.argon2.strHash	fn strHash( password: []const u8, options: HashOptions, out: []u8, io: Io, ) Error![]const u8
std.crypto.pwhash.argon2.strVerify	fn strVerify( str: []const u8, password: []const u8, options: VerifyOptions, io: Io, ) Error!void
std.crypto.pwhash.bcrypt.bcrypt	fn bcrypt( password: []const u8, salt: *const [salt_length]u8, params: Params, ) [dk_length]u8
std.crypto.pwhash.bcrypt.pbkdf	fn pbkdf(pass: []const u8, salt: []const u8, key: []u8, rounds: u32) !void
std.crypto.pwhash.bcrypt.opensshKdf	fn opensshKdf(pass: []const u8, salt: []const u8, key: []u8, rounds: u32) !void
std.crypto.pwhash.bcrypt.strHash	fn strHash( password: []const u8, options: HashOptions, out: []u8, io: std.Io, ) Error![]const u8
std.crypto.pwhash.bcrypt.strHashWithSalt	fn strHashWithSalt( password: []const u8, options: HashOptions, out: []u8, salt: [salt_length]u8, ) Error![]const u8
std.crypto.pwhash.bcrypt.strVerify	fn strVerify( str: []const u8, password: []const u8, options: VerifyOptions, ) Error!void
std.crypto.pwhash.scrypt.Params.fromLimits	fn fromLimits(ops_limit: u64, mem_limit: usize) Self
std.crypto.pwhash.scrypt.kdf	fn kdf( allocator: mem.Allocator, derived_key: []u8, password: []const u8, salt: []const u8, params: Params, ) KdfError!void
std.crypto.pwhash.scrypt.strHash	fn strHash( password: []const u8, options: HashOptions, out: []u8, io: std.Io, ) Error![]const u8
std.crypto.pwhash.scrypt.strHashWithSalt	fn strHashWithSalt( password: []const u8, options: HashOptions, out: []u8, salt: *const [default_salt_len]u8, ) Error![]const u8
std.crypto.pwhash.scrypt.strVerify	fn strVerify( str: []const u8, password: []const u8, options: VerifyOptions, ) Error!void
std.crypto.pwhash.pbkdf2	fn pbkdf2(dk: []u8, password: []const u8, salt: []const u8, rounds: u32, comptime Prf: type) (WeakParametersError || OutputTooLongError)!void
std.crypto.pwhash.phc_format.BinValue	fn BinValue(comptime max_len: usize) type
std.crypto.pwhash.phc_format.BinValue().fromSlice	fn fromSlice(slice: []const u8) Error!Self
std.crypto.pwhash.phc_format.BinValue().constSlice	fn constSlice(self: *const Self) []const u8
std.crypto.pwhash.phc_format.deserialize	fn deserialize(comptime HashResult: type, str: []const u8) Error!HashResult
std.crypto.pwhash.phc_format.serialize	fn serialize(params: anytype, str: []u8) Error![]const u8
std.crypto.pwhash.phc_format.calcSize	fn calcSize(params: anytype) usize
std.crypto.sign.Ed25519.SecretKey.seed	fn seed(self: SecretKey) [KeyPair.seed_length]u8
std.crypto.sign.Ed25519.SecretKey.publicKeyBytes	fn publicKeyBytes(self: SecretKey) [PublicKey.encoded_length]u8
std.crypto.sign.Ed25519.SecretKey.fromBytes	fn fromBytes(bytes: [encoded_length]u8) !SecretKey
std.crypto.sign.Ed25519.SecretKey.toBytes	fn toBytes(sk: SecretKey) [encoded_length]u8
std.crypto.sign.Ed25519.Signer.update	fn update(self: *Signer, data: []const u8) void
std.crypto.sign.Ed25519.Signer.finalize	fn finalize(self: *Signer) Signature
std.crypto.sign.Ed25519.PublicKey.fromBytes	fn fromBytes(bytes: [encoded_length]u8) NonCanonicalError!PublicKey
std.crypto.sign.Ed25519.PublicKey.toBytes	fn toBytes(pk: PublicKey) [encoded_length]u8
std.crypto.sign.Ed25519.Verifier.update	fn update(self: *Verifier, msg: []const u8) void
std.crypto.sign.Ed25519.Verifier.verify	fn verify(self: *Verifier) VerifyError!void
std.crypto.sign.Ed25519.Verifier.verifyStrict	fn verifyStrict(self: *Verifier) VerifyError!void
std.crypto.sign.Ed25519.Signature.toBytes	fn toBytes(sig: Signature) [encoded_length]u8
std.crypto.sign.Ed25519.Signature.fromBytes	fn fromBytes(bytes: [encoded_length]u8) Signature
std.crypto.sign.Ed25519.Signature.verifier	fn verifier(sig: Signature, public_key: PublicKey) Verifier.InitError!Verifier
std.crypto.sign.Ed25519.Signature.verify	fn verify(sig: Signature, msg: []const u8, public_key: PublicKey) VerifyError!void
std.crypto.sign.Ed25519.Signature.verifyStrict	fn verifyStrict(sig: Signature, msg: []const u8, public_key: PublicKey) VerifyError!void
std.crypto.sign.Ed25519.KeyPair.generateDeterministic	fn generateDeterministic(seed: [seed_length]u8) IdentityElementError!KeyPair
std.crypto.sign.Ed25519.KeyPair.generate	fn generate(io: std.Io) KeyPair
std.crypto.sign.Ed25519.KeyPair.fromSecretKey	fn fromSecretKey(secret_key: SecretKey) (NonCanonicalError || EncodingError || IdentityElementError)!KeyPair
std.crypto.sign.Ed25519.KeyPair.sign	fn sign(key_pair: KeyPair, msg: []const u8, noise: ?[noise_length]u8) (IdentityElementError || NonCanonicalError || KeyMismatchError || WeakPublicKeyError)!Signature
std.crypto.sign.Ed25519.KeyPair.signerWithBaseNonce	fn signerWithBaseNonce( key_pair: KeyPair, base_nonce: [32]u8, /// If set, should be something unique for each message, such as a counter. noise: ?[noise_length]u8, ) (IdentityElementError || KeyMismatchError || NonCanonicalError || WeakPublicKeyError)!Signer
std.crypto.sign.Ed25519.KeyPair.signer	fn signer( key_pair: KeyPair, /// If set, should be something unique for each message, such as a /// random nonce, or a counter. noise: ?[noise_length]u8, io: std.Io, ) (IdentityElementError || KeyMismatchError || NonCanonicalError || WeakPublicKeyError)!Signer
std.crypto.sign.Ed25519.verifyBatch	fn verifyBatch(io: std.Io, comptime count: usize, signature_batch: [count]BatchElement) (SignatureVerificationError || IdentityElementError || WeakPublicKeyError || EncodingError || NonCanonicalError)!void
std.crypto.sign.Ed25519.key_blinding.BlindPublicKey.unblind	fn unblind(blind_public_key: BlindPublicKey, blind_seed: [blind_seed_length]u8, ctx: []const u8) (IdentityElementError || NonCanonicalError || EncodingError || WeakPublicKeyError)!PublicKey
std.crypto.sign.Ed25519.key_blinding.BlindKeyPair.init	fn init(key_pair: Ed25519.KeyPair, blind_seed: [blind_seed_length]u8, ctx: []const u8) (NonCanonicalError || IdentityElementError)!BlindKeyPair
std.crypto.sign.Ed25519.key_blinding.BlindKeyPair.sign	fn sign(key_pair: BlindKeyPair, msg: []const u8, noise: ?[noise_length]u8) (IdentityElementError || KeyMismatchError || NonCanonicalError || WeakPublicKeyError)!Signature
std.crypto.sign.ecdsa.Ecdsa	fn Ecdsa(comptime Curve: type, comptime Hash: type) type
std.crypto.sign.ecdsa.Ecdsa().SecretKey.fromBytes	fn fromBytes(bytes: [encoded_length]u8) !SecretKey
std.crypto.sign.ecdsa.Ecdsa().SecretKey.toBytes	fn toBytes(sk: SecretKey) [encoded_length]u8
std.crypto.sign.ecdsa.Ecdsa().PublicKey.fromSec1	fn fromSec1(sec1: []const u8) !PublicKey
std.crypto.sign.ecdsa.Ecdsa().PublicKey.toCompressedSec1	fn toCompressedSec1(pk: PublicKey) [compressed_sec1_encoded_length]u8
std.crypto.sign.ecdsa.Ecdsa().PublicKey.toUncompressedSec1	fn toUncompressedSec1(pk: PublicKey) [uncompressed_sec1_encoded_length]u8
std.crypto.sign.ecdsa.Ecdsa().Signature.verifier	fn verifier(sig: Signature, public_key: PublicKey) Verifier.InitError!Verifier
std.crypto.sign.ecdsa.Ecdsa().Signature.verify	fn verify(sig: Signature, msg: []const u8, public_key: PublicKey) VerifyError!void
std.crypto.sign.ecdsa.Ecdsa().Signature.verifyPrehashed	fn verifyPrehashed(sig: Signature, msg_hash: [Hash.digest_length]u8, public_key: PublicKey) VerifyError!void
std.crypto.sign.ecdsa.Ecdsa().Signature.toBytes	fn toBytes(sig: Signature) [encoded_length]u8
std.crypto.sign.ecdsa.Ecdsa().Signature.fromBytes	fn fromBytes(bytes: [encoded_length]u8) Signature
std.crypto.sign.ecdsa.Ecdsa().Signature.toDer	fn toDer(sig: Signature, buf: *[der_encoded_length_max]u8) []u8
std.crypto.sign.ecdsa.Ecdsa().Signature.fromDer	fn fromDer(der: []const u8) EncodingError!Signature
std.crypto.sign.ecdsa.Ecdsa().Signer.update	fn update(self: *Signer, data: []const u8) void
std.crypto.sign.ecdsa.Ecdsa().Signer.finalize	fn finalize(self: *Signer) (IdentityElementError || NonCanonicalError)!Signature
std.crypto.sign.ecdsa.Ecdsa().Verifier.update	fn update(self: *Verifier, data: []const u8) void
std.crypto.sign.ecdsa.Ecdsa().Verifier.verify	fn verify(self: *Verifier) VerifyError!void
std.crypto.sign.ecdsa.Ecdsa().KeyPair.generateDeterministic	fn generateDeterministic(seed: [seed_length]u8) IdentityElementError!KeyPair
std.crypto.sign.ecdsa.Ecdsa().KeyPair.generate	fn generate(io: std.Io) KeyPair
std.crypto.sign.ecdsa.Ecdsa().KeyPair.fromSecretKey	fn fromSecretKey(secret_key: SecretKey) IdentityElementError!KeyPair
std.crypto.sign.ecdsa.Ecdsa().KeyPair.sign	fn sign(key_pair: KeyPair, msg: []const u8, noise: ?[noise_length]u8) (IdentityElementError || NonCanonicalError)!Signature
std.crypto.sign.ecdsa.Ecdsa().KeyPair.signPrehashed	fn signPrehashed(key_pair: KeyPair, msg_hash: [Hash.digest_length]u8, noise: ?[noise_length]u8) (IdentityElementError || NonCanonicalError)!Signature
std.crypto.sign.ecdsa.Ecdsa().KeyPair.signer	fn signer(key_pair: KeyPair, noise: ?[noise_length]u8) !Signer
std.crypto.stream.salsa.Salsa	fn Salsa(comptime rounds: comptime_int) type
std.crypto.stream.salsa.XSalsa	fn XSalsa(comptime rounds: comptime_int) type
std.crypto.ff.Uint	fn Uint(comptime max_bits: comptime_int) type
std.crypto.ff.Uint().fromPrimitive	fn fromPrimitive(comptime T: type, init_value: T) OverflowError!Self
std.crypto.ff.Uint().toPrimitive	fn toPrimitive(self: Self, comptime T: type) OverflowError!T
std.crypto.ff.Uint().toBytes	fn toBytes(self: Self, bytes: []u8, comptime endian: Endian) OverflowError!void
std.crypto.ff.Uint().fromBytes	fn fromBytes(bytes: []const u8, comptime endian: Endian) OverflowError!Self
std.crypto.ff.Uint().eql	fn eql(x: Self, y: Self) bool
std.crypto.ff.Uint().compare	fn compare(x: Self, y: Self) math.Order
std.crypto.ff.Uint().isZero	fn isZero(x: Self) bool
std.crypto.ff.Uint().isOdd	fn isOdd(x: Self) bool
std.crypto.ff.Uint().addWithOverflow	fn addWithOverflow(x: *Self, y: Self) u1
std.crypto.ff.Uint().subWithOverflow	fn subWithOverflow(x: *Self, y: Self) u1
std.crypto.ff.Modulus	fn Modulus(comptime max_bits: comptime_int) type
std.crypto.ff.Modulus().bits	fn bits(self: Self) usize
std.crypto.ff.Modulus().one	fn one(self: Self) Fe
std.crypto.ff.Modulus().fromUint	fn fromUint(v_: FeUint) InvalidModulusError!Self
std.crypto.ff.Modulus().fromPrimitive	fn fromPrimitive(comptime T: type, x: T) (InvalidModulusError || OverflowError)!Self
std.crypto.ff.Modulus().fromBytes	fn fromBytes(bytes: []const u8, comptime endian: Endian) (InvalidModulusError || OverflowError)!Self
std.crypto.ff.Modulus().toBytes	fn toBytes(self: Self, bytes: []u8, comptime endian: Endian) OverflowError!void
std.crypto.ff.Modulus().rejectNonCanonical	fn rejectNonCanonical(self: Self, fe: Fe) error{NonCanonical}!void
std.crypto.ff.Modulus().add	fn add(self: Self, x: Fe, y: Fe) Fe
std.crypto.ff.Modulus().sub	fn sub(self: Self, x: Fe, y: Fe) Fe
std.crypto.ff.Modulus().toMontgomery	fn toMontgomery(self: Self, x: *Fe) RepresentationError!void
std.crypto.ff.Modulus().fromMontgomery	fn fromMontgomery(self: Self, x: *Fe) RepresentationError!void
std.crypto.ff.Modulus().reduce	fn reduce(self: Self, x: anytype) Fe
std.crypto.ff.Modulus().mul	fn mul(self: Self, x: Fe, y: Fe) Fe
std.crypto.ff.Modulus().sq	fn sq(self: Self, x: Fe) Fe
std.crypto.ff.Modulus().pow	fn pow(self: Self, x: Fe, e: Fe) (NullExponentError || RepresentationError)!Fe
std.crypto.ff.Modulus().powPublic	fn powPublic(self: Self, x: Fe, e: Fe) (NullExponentError || RepresentationError)!Fe
std.crypto.ff.Modulus().powWithEncodedExponent	fn powWithEncodedExponent(self: Self, x: Fe, e: []const u8, endian: Endian) NullExponentError!Fe
std.crypto.ff.Modulus().powWithEncodedPublicExponent	fn powWithEncodedPublicExponent(self: Self, x: Fe, e: []const u8, endian: Endian) NullExponentError!Fe
std.crypto.codecs.asn1.der.Decoder.any	fn any(self: *Decoder, comptime T: type) !T
std.crypto.codecs.asn1.der.Decoder.sequence	fn sequence(self: *Decoder) !Element
std.crypto.codecs.asn1.der.Decoder.element	fn element( self: *Decoder, expected: ExpectedTag, ) (error{ EndOfStream, UnexpectedElement } || Element.DecodeError)!Element
std.crypto.codecs.asn1.der.Decoder.view	fn view(self: Decoder, elem: Element) []const u8
std.crypto.codecs.asn1.der.Encoder.init	fn init(allocator: std.mem.Allocator) Encoder
std.crypto.codecs.asn1.der.Encoder.deinit	fn deinit(self: *Encoder) void
std.crypto.codecs.asn1.der.Encoder.any	fn any(self: *Encoder, val: anytype) !void
std.crypto.codecs.asn1.der.Encoder.tag	fn tag(self: *Encoder, tag_: Tag) !void
std.crypto.codecs.asn1.der.Encoder.length	fn length(self: *Encoder, len: usize) !void
std.crypto.codecs.asn1.der.Encoder.tagBytes	fn tagBytes(self: *Encoder, tag_: Tag, bytes: []const u8) !void
std.crypto.codecs.asn1.der.Encoder.writer	fn writer(self: *Encoder) ArrayListReverse.Writer
std.crypto.codecs.asn1.der.decode	fn decode(comptime T: type, encoded: []const u8) !T
std.crypto.codecs.asn1.der.encode	fn encode(allocator: std.mem.Allocator, value: anytype) ![]u8
std.crypto.codecs.asn1.Oid.fromDot	fn fromDot(dot_notation: []const u8, out: []u8) InitError!Oid
std.crypto.codecs.asn1.Oid.toDot	fn toDot(self: Oid, writer: anytype) @TypeOf(writer).Error!void
std.crypto.codecs.asn1.Oid.decodeDer	fn decodeDer(decoder: *der.Decoder) !Oid
std.crypto.codecs.asn1.Oid.encodeDer	fn encodeDer(self: Oid, encoder: *der.Encoder) !void
std.crypto.codecs.asn1.Oid.fromDotComptime	fn fromDotComptime(comptime dot_notation: []const u8) Oid
std.crypto.codecs.asn1.Oid.StaticMap	fn StaticMap(comptime Enum: type) type
std.crypto.codecs.asn1.Oid.StaticMap().initComptime	fn initComptime(comptime key_pairs: anytype) ReturnType
std.crypto.codecs.asn1.Tag.init	fn init(number: Tag.Number, constructed: bool, class: Tag.Class) Tag
std.crypto.codecs.asn1.Tag.universal	fn universal(number: Tag.Number, constructed: bool) Tag
std.crypto.codecs.asn1.Tag.decode	fn decode(reader: *std.Io.Reader) !Tag
std.crypto.codecs.asn1.Tag.encode	fn encode(self: Tag, writer: *std.Io.Writer) @TypeOf(writer).Error!void
std.crypto.codecs.asn1.Tag.toExpected	fn toExpected(self: Tag) ExpectedTag
std.crypto.codecs.asn1.Tag.fromZig	fn fromZig(comptime T: type) Tag
std.crypto.codecs.asn1.Element.Slice.len	fn len(self: Slice) Index
std.crypto.codecs.asn1.Element.Slice.view	fn view(self: Slice, bytes: []const u8) []const u8
std.crypto.codecs.asn1.Element.decode	fn decode(bytes: []const u8, index: Index) DecodeError!Element
std.crypto.codecs.asn1.ExpectedTag.init	fn init(number: ?Tag.Number, constructed: ?bool, class: ?Tag.Class) ExpectedTag
std.crypto.codecs.asn1.ExpectedTag.primitive	fn primitive(number: ?Tag.Number) ExpectedTag
std.crypto.codecs.asn1.ExpectedTag.match	fn match(self: ExpectedTag, tag: Tag) bool
std.crypto.codecs.asn1.FieldTag.initExplicit	fn initExplicit(number: std.meta.Tag(Tag.Number), class: Tag.Class) FieldTag
std.crypto.codecs.asn1.FieldTag.initImplicit	fn initImplicit(number: std.meta.Tag(Tag.Number), class: Tag.Class) FieldTag
std.crypto.codecs.asn1.FieldTag.fromContainer	fn fromContainer(comptime Container: type, comptime field_name: []const u8) ?FieldTag
std.crypto.codecs.asn1.FieldTag.toTag	fn toTag(self: FieldTag) Tag
std.crypto.codecs.asn1.BitString.bitLen	fn bitLen(self: BitString) usize
std.crypto.codecs.asn1.BitString.decodeDer	fn decodeDer(decoder: *der.Decoder) !BitString
std.crypto.codecs.asn1.BitString.encodeDer	fn encodeDer(self: BitString, encoder: *der.Encoder) !void
std.crypto.codecs.asn1.Opaque	fn Opaque(comptime tag: Tag) type
std.crypto.codecs.asn1.Opaque().decodeDer	fn decodeDer(decoder: *der.Decoder) !@This()
std.crypto.codecs.asn1.Opaque().encodeDer	fn encodeDer(self: @This(), encoder: *der.Encoder) !void
std.crypto.codecs.asn1.Any.decodeDer	fn decodeDer(decoder: *der.Decoder) !@This()
std.crypto.codecs.asn1.Any.encodeDer	fn encodeDer(self: @This(), encoder: *der.Encoder) !void
std.crypto.codecs.base64.encodedLen	fn encodedLen(bin_len: usize, variant: Variant) usize
std.crypto.codecs.base64.decodedLen	fn decodedLen(b64_len: usize, variant: Variant) !usize
std.crypto.codecs.base64.encode	fn encode(encoded: []u8, bin: []const u8, comptime variant: Variant) error{NoSpaceLeft}![]const u8
std.crypto.codecs.base64.decode	fn decode(bin: []u8, encoded: []const u8, comptime variant: Variant) error{ InvalidCharacter, InvalidPadding }![]const u8
std.crypto.codecs.base64.DecoderWithIgnore.decode	fn decode( self: DecoderWithIgnore, bin: []u8, encoded: []const u8, comptime variant: Variant, ) error{ NoSpaceLeft, InvalidCharacter, InvalidPadding }![]const u8
std.crypto.codecs.base64.DecoderWithIgnore.decodedLenForSlice	fn decodedLenForSlice(decoder: DecoderWithIgnore, encoded: []const u8, variant: Variant) !usize
std.crypto.codecs.base64.DecoderWithIgnore.decodedLenUpperBound	fn decodedLenUpperBound(b64_len: usize) usize
std.crypto.codecs.base64.decoderWithIgnore	fn decoderWithIgnore(ignore_chars: []const u8) error{InvalidCharacter}!DecoderWithIgnore
std.crypto.codecs.hex.encode	fn encode(encoded: []u8, bin: []const u8, comptime case: std.fmt.Case) error{SizeMismatch}!void
std.crypto.codecs.hex.decode	fn decode(bin: []u8, encoded: []const u8) error{ SizeMismatch, InvalidCharacter, InvalidPadding }!void
std.crypto.codecs.hex.DecoderWithIgnore.decode	fn decode( self: DecoderWithIgnore, bin: []u8, encoded: []const u8, ) error{ NoSpaceLeft, InvalidCharacter, InvalidPadding }![]const u8
std.crypto.codecs.hex.DecoderWithIgnore.decodedLenForSlice	fn decodedLenForSlice(decoder: DecoderWithIgnore, encoded: []const u8) !usize
std.crypto.codecs.hex.DecoderWithIgnore.decodedLenUpperBound	fn decodedLenUpperBound(hex_len: usize) usize
std.crypto.codecs.hex.decoderWithIgnore	fn decoderWithIgnore(ignore_chars: []const u8) error{InvalidCharacter}!DecoderWithIgnore
std.crypto.tls.Client.init	fn init(input: *Reader, output: *Writer, options: Options) InitError!Client
std.crypto.tls.Client.end	fn end(c: *Client) Writer.Error!void
std.crypto.tls.Client.eof	fn eof(c: Client) bool
std.crypto.tls.Alert.Description.toError	fn toError(description: Description) Error!void
std.crypto.tls.CipherSuite.with	fn with(cipher_suite: CipherSuite) With
std.crypto.tls.HandshakeCipherT	fn HandshakeCipherT(comptime AeadType: type, comptime HashType: type, comptime explicit_iv_length: comptime_int) type
std.crypto.tls.ApplicationCipherT	fn ApplicationCipherT(comptime AeadType: type, comptime HashType: type, comptime explicit_iv_length: comptime_int) type
std.crypto.tls.hmacExpandLabel	fn hmacExpandLabel( comptime Hmac: type, secret: []const u8, label_then_seed: []const []const u8, comptime len: usize, ) [len]u8
std.crypto.tls.hkdfExpandLabel	fn hkdfExpandLabel( comptime Hkdf: type, key: [Hkdf.prk_length]u8, label: []const u8, context: []const u8, comptime len: usize, ) [len]u8
std.crypto.tls.emptyHash	fn emptyHash(comptime Hash: type) [Hash.digest_length]u8
std.crypto.tls.hmac	fn hmac(comptime Hmac: type, message: []const u8, key: [Hmac.key_length]u8) [Hmac.mac_length]u8
std.crypto.tls.extension	fn extension(et: ExtensionType, bytes: anytype) [2 + 2 + bytes.len]u8
std.crypto.tls.array	fn array( comptime Len: type, comptime Elem: type, elems: anytype, ) [@divExact(@bitSizeOf(Len), 8) + @divExact(@bitSizeOf(Elem), 8) * elems.len]u8
std.crypto.tls.int	fn int(comptime Int: type, val: Int) [@divExact(@bitSizeOf(Int), 8)]u8
std.crypto.tls.Decoder.fromTheirSlice	fn fromTheirSlice(buf: []u8) Decoder
std.crypto.tls.Decoder.readAtLeast	fn readAtLeast(d: *Decoder, stream: *std.Io.Reader, their_amt: usize) !void
std.crypto.tls.Decoder.readAtLeastOurAmt	fn readAtLeastOurAmt(d: *Decoder, stream: *std.Io.Reader, our_amt: usize) !void
std.crypto.tls.Decoder.ensure	fn ensure(d: *Decoder, amt: usize) !void
std.crypto.tls.Decoder.decode	fn decode(d: *Decoder, comptime T: type) T
std.crypto.tls.Decoder.array	fn array(d: *Decoder, comptime len: usize) *[len]u8
std.crypto.tls.Decoder.slice	fn slice(d: *Decoder, len: usize) []u8
std.crypto.tls.Decoder.skip	fn skip(d: *Decoder, amt: usize) void
std.crypto.tls.Decoder.eof	fn eof(d: Decoder) bool
std.crypto.tls.Decoder.sub	fn sub(d: *Decoder, their_len: usize) !Decoder
std.crypto.tls.Decoder.rest	fn rest(d: Decoder) []u8
std.crypto.Certificate.Bundle.verify	fn verify(cb: Bundle, subject: Certificate.Parsed, now_sec: i64) VerifyError!void
std.crypto.Certificate.Bundle.find	fn find(cb: Bundle, subject_name: []const u8) ?u32
std.crypto.Certificate.Bundle.deinit	fn deinit(cb: *Bundle, gpa: Allocator) void
std.crypto.Certificate.Bundle.rescan	fn rescan(cb: *Bundle, gpa: Allocator, io: Io, now: Io.Timestamp) RescanError!void
std.crypto.Certificate.Bundle.addCertsFromDirPath	fn addCertsFromDirPath( cb: *Bundle, gpa: Allocator, io: Io, dir: Io.Dir, sub_dir_path: []const u8, ) AddCertsFromDirPathError!void
std.crypto.Certificate.Bundle.addCertsFromDirPathAbsolute	fn addCertsFromDirPathAbsolute( cb: *Bundle, gpa: Allocator, io: Io, now: Io.Timestamp, abs_dir_path: []const u8, ) AddCertsFromDirPathError!void
std.crypto.Certificate.Bundle.addCertsFromDir	fn addCertsFromDir(cb: *Bundle, gpa: Allocator, io: Io, now: Io.Timestamp, iterable_dir: Io.Dir) AddCertsFromDirError!void
std.crypto.Certificate.Bundle.addCertsFromFilePathAbsolute	fn addCertsFromFilePathAbsolute( cb: *Bundle, gpa: Allocator, io: Io, now: Io.Timestamp, abs_file_path: []const u8, ) AddCertsFromFilePathError!void
std.crypto.Certificate.Bundle.addCertsFromFilePath	fn addCertsFromFilePath( cb: *Bundle, gpa: Allocator, io: Io, now: Io.Timestamp, dir: Io.Dir, sub_file_path: []const u8, ) AddCertsFromFilePathError!void
std.crypto.Certificate.Bundle.addCertsFromFile	fn addCertsFromFile(cb: *Bundle, gpa: Allocator, file_reader: *Io.File.Reader, now_sec: i64) AddCertsFromFileError!void
std.crypto.Certificate.Bundle.parseCert	fn parseCert(cb: *Bundle, gpa: Allocator, decoded_start: u32, now_sec: i64) ParseCertError!void
std.crypto.Certificate.Algorithm.Hash	fn Hash(comptime algorithm: Algorithm) type
std.crypto.Certificate.NamedCurve.Curve	fn Curve(comptime curve: NamedCurve) type
std.crypto.Certificate.Parsed.slice	fn slice(p: Parsed, s: Slice) []const u8
std.crypto.Certificate.Parsed.issuer	fn issuer(p: Parsed) []const u8
std.crypto.Certificate.Parsed.subject	fn subject(p: Parsed) []const u8
std.crypto.Certificate.Parsed.commonName	fn commonName(p: Parsed) []const u8
std.crypto.Certificate.Parsed.signature	fn signature(p: Parsed) []const u8
std.crypto.Certificate.Parsed.pubKey	fn pubKey(p: Parsed) []const u8
std.crypto.Certificate.Parsed.message	fn message(p: Parsed) []const u8
std.crypto.Certificate.Parsed.subjectAltName	fn subjectAltName(p: Parsed) []const u8
std.crypto.Certificate.Parsed.verify	fn verify(parsed_subject: Parsed, parsed_issuer: Parsed, now_sec: i64) VerifyError!void
std.crypto.Certificate.Parsed.verifyHostName	fn verifyHostName(parsed_subject: Parsed, host_name: []const u8) VerifyHostNameError!void
std.crypto.Certificate.parse	fn parse(cert: Certificate) ParseError!Parsed
std.crypto.Certificate.verify	fn verify(subject: Certificate, issuer: Certificate, now_sec: i64) !void
std.crypto.Certificate.contents	fn contents(cert: Certificate, elem: der.Element) []const u8
std.crypto.Certificate.parseBitString	fn parseBitString(cert: Certificate, elem: der.Element) !der.Element.Slice
std.crypto.Certificate.parseTime	fn parseTime(cert: Certificate, elem: der.Element) ParseTimeError!u64
std.crypto.Certificate.parseTimeDigits	fn parseTimeDigits(text: *const [2]u8, min: u8, max: u8) !u8
std.crypto.Certificate.parseYear4	fn parseYear4(text: *const [4]u8) !u16
std.crypto.Certificate.parseAlgorithm	fn parseAlgorithm(bytes: []const u8, element: der.Element) ParseEnumError!Algorithm
std.crypto.Certificate.parseAlgorithmCategory	fn parseAlgorithmCategory(bytes: []const u8, element: der.Element) ParseEnumError!AlgorithmCategory
std.crypto.Certificate.parseAttribute	fn parseAttribute(bytes: []const u8, element: der.Element) ParseEnumError!Attribute
std.crypto.Certificate.parseNamedCurve	fn parseNamedCurve(bytes: []const u8, element: der.Element) ParseEnumError!NamedCurve
std.crypto.Certificate.parseExtensionId	fn parseExtensionId(bytes: []const u8, element: der.Element) ParseEnumError!ExtensionId
std.crypto.Certificate.parseVersion	fn parseVersion(bytes: []const u8, version_elem: der.Element) ParseVersionError!Version
std.crypto.Certificate.der.Element.parse	fn parse(bytes: []const u8, index: u32) Element.ParseError!Element
std.crypto.Certificate.rsa.PSSSignature.fromBytes	fn fromBytes(comptime modulus_len: usize, msg: []const u8) [modulus_len]u8
std.crypto.Certificate.rsa.PSSSignature.verify	fn verify( comptime modulus_len: usize, sig: [modulus_len]u8, msg: []const u8, public_key: PublicKey, comptime Hash: type, ) VerifyError!void
std.crypto.Certificate.rsa.PSSSignature.concatVerify	fn concatVerify( comptime modulus_len: usize, sig: [modulus_len]u8, msg: []const []const u8, public_key: PublicKey, comptime Hash: type, ) VerifyError!void
std.crypto.Certificate.rsa.PKCS1v1_5Signature.fromBytes	fn fromBytes(comptime modulus_len: usize, msg: []const u8) [modulus_len]u8
std.crypto.Certificate.rsa.PKCS1v1_5Signature.verify	fn verify( comptime modulus_len: usize, sig: [modulus_len]u8, msg: []const u8, public_key: PublicKey, comptime Hash: type, ) VerifyError!void
std.crypto.Certificate.rsa.PKCS1v1_5Signature.concatVerify	fn concatVerify( comptime modulus_len: usize, sig: [modulus_len]u8, msg: []const []const u8, public_key: PublicKey, comptime Hash: type, ) VerifyError!void
std.crypto.Certificate.rsa.PublicKey.fromBytes	fn fromBytes(pub_bytes: []const u8, modulus_bytes: []const u8) FromBytesError!PublicKey
std.crypto.Certificate.rsa.PublicKey.parseDer	fn parseDer(pub_key: []const u8) ParseDerError!struct { modulus: []const u8, exponent: []const u8 }
std.crypto.secureZero	fn secureZero(comptime T: type, s: []volatile T) void
std.debug.Dwarf.expression.StackMachine	fn StackMachine(comptime options: Options) type
std.debug.Dwarf.expression.StackMachine().reset	fn reset(self: *Self) void
std.debug.Dwarf.expression.StackMachine().deinit	fn deinit(self: *Self, allocator: std.mem.Allocator) void
std.debug.Dwarf.expression.StackMachine().readOperand	fn readOperand(reader: *std.Io.Reader, opcode: u8, context: Context) !?Operand
std.debug.Dwarf.expression.StackMachine().run	fn run( self: *Self, expression: []const u8, allocator: std.mem.Allocator, context: Context, initial_value: ?usize, ) Error!?Value
std.debug.Dwarf.expression.StackMachine().step	fn step( self: *Self, stream: *std.Io.Reader, allocator: std.mem.Allocator, context: Context, ) Error!bool
std.debug.Dwarf.expression.Builder	fn Builder(comptime options: Options) type
std.debug.Dwarf.expression.Builder().writeOpcode	fn writeOpcode(writer: *Writer, comptime opcode: u8) !void
std.debug.Dwarf.expression.Builder().writeLiteral	fn writeLiteral(writer: *Writer, literal: u8) !void
std.debug.Dwarf.expression.Builder().writeConst	fn writeConst(writer: *Writer, comptime T: type, value: T) !void
std.debug.Dwarf.expression.Builder().writeConstx	fn writeConstx(writer: *Writer, debug_addr_offset: anytype) !void
std.debug.Dwarf.expression.Builder().writeConstType	fn writeConstType(writer: *Writer, die_offset: anytype, value_bytes: []const u8) !void
std.debug.Dwarf.expression.Builder().writeAddr	fn writeAddr(writer: *Writer, value: addr_type) !void
std.debug.Dwarf.expression.Builder().writeAddrx	fn writeAddrx(writer: *Writer, debug_addr_offset: anytype) !void
std.debug.Dwarf.expression.Builder().writeFbreg	fn writeFbreg(writer: *Writer, offset: anytype) !void
std.debug.Dwarf.expression.Builder().writeBreg	fn writeBreg(writer: *Writer, register: u8, offset: anytype) !void
std.debug.Dwarf.expression.Builder().writeBregx	fn writeBregx(writer: *Writer, register: anytype, offset: anytype) !void
std.debug.Dwarf.expression.Builder().writeRegvalType	fn writeRegvalType(writer: *Writer, register: anytype, offset: anytype) !void
std.debug.Dwarf.expression.Builder().writePick	fn writePick(writer: *Writer, index: u8) !void
std.debug.Dwarf.expression.Builder().writeDerefSize	fn writeDerefSize(writer: *Writer, size: u8) !void
std.debug.Dwarf.expression.Builder().writeXDerefSize	fn writeXDerefSize(writer: *Writer, size: u8) !void
std.debug.Dwarf.expression.Builder().writeDerefType	fn writeDerefType(writer: *Writer, size: u8, die_offset: anytype) !void
std.debug.Dwarf.expression.Builder().writeXDerefType	fn writeXDerefType(writer: *Writer, size: u8, die_offset: anytype) !void
std.debug.Dwarf.expression.Builder().writePlusUconst	fn writePlusUconst(writer: *Writer, uint_value: anytype) !void
std.debug.Dwarf.expression.Builder().writeSkip	fn writeSkip(writer: *Writer, offset: i16) !void
std.debug.Dwarf.expression.Builder().writeBra	fn writeBra(writer: *Writer, offset: i16) !void
std.debug.Dwarf.expression.Builder().writeCall	fn writeCall(writer: *Writer, comptime T: type, offset: T) !void
std.debug.Dwarf.expression.Builder().writeCallRef	fn writeCallRef(writer: *Writer, comptime is_64: bool, value: if (is_64) u64 else u32) !void
std.debug.Dwarf.expression.Builder().writeConvert	fn writeConvert(writer: *Writer, die_offset: anytype) !void
std.debug.Dwarf.expression.Builder().writeReinterpret	fn writeReinterpret(writer: *Writer, die_offset: anytype) !void
std.debug.Dwarf.expression.Builder().writeEntryValue	fn writeEntryValue(writer: *Writer, expression: []const u8) !void
std.debug.Dwarf.expression.Builder().writeReg	fn writeReg(writer: *Writer, register: u8) !void
std.debug.Dwarf.expression.Builder().writeRegx	fn writeRegx(writer: *Writer, register: anytype) !void
std.debug.Dwarf.expression.Builder().writeImplicitValue	fn writeImplicitValue(writer: *Writer, value_bytes: []const u8) !void
std.debug.Dwarf.Unwind.VirtualMachine.deinit	fn deinit(self: *VirtualMachine, gpa: Allocator) void
std.debug.Dwarf.Unwind.VirtualMachine.reset	fn reset(self: *VirtualMachine) void
std.debug.Dwarf.Unwind.VirtualMachine.rowColumns	fn rowColumns(self: *const VirtualMachine, row: *const Row) []Column
std.debug.Dwarf.Unwind.VirtualMachine.populateCieLastRow	fn populateCieLastRow( gpa: Allocator, cie: *Unwind.CommonInformationEntry, addr_size_bytes: u8, endian: std.builtin.Endian, ) !void
std.debug.Dwarf.Unwind.VirtualMachine.runTo	fn runTo( vm: *VirtualMachine, gpa: Allocator, pc: u64, cie: *const Unwind.CommonInformationEntry, fde: *const Unwind.FrameDescriptionEntry, addr_size_bytes: u8, endian: std.builtin.Endian, ) !Row
std.debug.Dwarf.Unwind.VirtualMachine.Instruction.read	fn read( reader: *std.Io.Reader, addr_size_bytes: u8, endian: std.builtin.Endian, ) !Instruction
std.debug.Dwarf.Unwind.initEhFrameHdr	fn initEhFrameHdr(header: EhFrameHeader, section_vaddr: u64, section_bytes_ptr: [*]const u8) Unwind
std.debug.Dwarf.Unwind.initSection	fn initSection(section: Section, section_vaddr: u64, section_bytes: []const u8) Unwind
std.debug.Dwarf.Unwind.deinit	fn deinit(unwind: *Unwind, gpa: Allocator) void
std.debug.Dwarf.Unwind.EhFrameHeader.parse	fn parse( eh_frame_hdr_vaddr: u64, eh_frame_hdr_bytes: []const u8, addr_size_bytes: u8, endian: Endian, ) !EhFrameHeader
std.debug.Dwarf.Unwind.prepare	fn prepare( unwind: *Unwind, gpa: Allocator, addr_size_bytes: u8, endian: Endian, need_lookup: bool, /// The `__eh_frame` section in Mach-O binaries deviates from the standard `.eh_frame` section /// in one way which this function needs to be aware of. is_macho: bool, ) !void
std.debug.Dwarf.Unwind.lookupPc	fn lookupPc(unwind: *const Unwind, pc: u64, addr_size_bytes: u8, endian: Endian) !?u64
std.debug.Dwarf.Unwind.getFde	fn getFde(unwind: *const Unwind, fde_offset: u64, endian: Endian) !struct { *const CommonInformationEntry, FrameDescriptionEntry }
std.debug.Dwarf.SelfUnwinder.CacheEntry.find	fn find(entries: []const CacheEntry, pc: usize) ?*const CacheEntry
std.debug.Dwarf.SelfUnwinder.CacheEntry.populate	fn populate(entry: *const CacheEntry, entries: []CacheEntry) void
std.debug.Dwarf.SelfUnwinder.init	fn init(cpu_context: *const std.debug.cpu_context.Native) SelfUnwinder
std.debug.Dwarf.SelfUnwinder.deinit	fn deinit(unwinder: *SelfUnwinder) void
std.debug.Dwarf.SelfUnwinder.getFp	fn getFp(unwinder: *const SelfUnwinder) usize
std.debug.Dwarf.SelfUnwinder.computeRules	fn computeRules( unwinder: *SelfUnwinder, gpa: Allocator, unwind: *const Dwarf.Unwind, load_offset: usize, explicit_fde_offset: ?usize, ) !CacheEntry
std.debug.Dwarf.SelfUnwinder.next	fn next(unwinder: *SelfUnwinder, gpa: Allocator, cache_entry: *const CacheEntry) std.debug.SelfInfoError!usize
std.debug.Dwarf.SelfUnwinder.regNative	fn regNative(ctx: *std.debug.cpu_context.Native, num: u16) error{ InvalidRegister, UnsupportedRegister, IncompatibleRegisterSize, }!*align(1) usize
std.debug.Dwarf.CompileUnit.SrcLocCache.LineEntry.isInvalid	fn isInvalid(le: LineEntry) bool
std.debug.Dwarf.CompileUnit.SrcLocCache.findSource	fn findSource(slc: *const SrcLocCache, address: u64) !LineEntry
std.debug.Dwarf.Die.getAttrString	fn getAttrString( self: *const Die, di: *Dwarf, endian: Endian, id: u64, opt_str: ?[]const u8, compile_unit: *const CompileUnit, ) error{ InvalidDebugInfo, MissingDebugInfo }![]const u8
std.debug.Dwarf.open	fn open(d: *Dwarf, gpa: Allocator, endian: Endian) OpenError!void
std.debug.Dwarf.section	fn section(di: Dwarf, dwarf_section: Section.Id) ?[]const u8
std.debug.Dwarf.deinit	fn deinit(di: *Dwarf, gpa: Allocator) void
std.debug.Dwarf.getSymbolName	fn getSymbolName(di: *const Dwarf, address: u64) ?[]const u8
std.debug.Dwarf.populateRanges	fn populateRanges(d: *Dwarf, gpa: Allocator, endian: Endian) ScanError!void
std.debug.Dwarf.findCompileUnit	fn findCompileUnit(di: *const Dwarf, endian: Endian, target_address: u64) !*CompileUnit
std.debug.Dwarf.populateSrcLocCache	fn populateSrcLocCache(d: *Dwarf, gpa: Allocator, endian: Endian, cu: *CompileUnit) ScanError!void
std.debug.Dwarf.getLineNumberInfo	fn getLineNumberInfo( d: *Dwarf, gpa: Allocator, text_arena: Allocator, endian: Endian, compile_unit: *CompileUnit, target_address: u64, ) !std.debug.SourceLocation
std.debug.Dwarf.readUnitHeader	fn readUnitHeader(r: *Reader, endian: Endian) ScanError!UnitHeader
std.debug.Dwarf.compactUnwindToDwarfRegNumber	fn compactUnwindToDwarfRegNumber(unwind_reg_number: u3) !u16
std.debug.Dwarf.ipRegNum	fn ipRegNum(arch: std.Target.Cpu.Arch) ?u16
std.debug.Dwarf.fpRegNum	fn fpRegNum(arch: std.Target.Cpu.Arch) u16
std.debug.Dwarf.spRegNum	fn spRegNum(arch: std.Target.Cpu.Arch) u16
std.debug.Dwarf.supportsUnwinding	fn supportsUnwinding(target: *const std.Target) bool
std.debug.Dwarf.bad	fn bad() error{InvalidDebugInfo}
std.debug.Dwarf.invalidDebugInfoDetected	fn invalidDebugInfoDetected() void
std.debug.Dwarf.missing	fn missing() error{MissingDebugInfo}
std.debug.Dwarf.getSymbols	fn getSymbols( di: *Dwarf, symbol_allocator: Allocator, text_arena: Allocator, endian: Endian, address: u64, resolve_inline_callers: bool, symbols: *std.ArrayList(std.debug.Symbol), ) std.debug.SelfInfoError!void
std.debug.Pdb.Module.deinit	fn deinit(self: *Module, allocator: Allocator) void
std.debug.Pdb.init	fn init(gpa: Allocator, file_reader: *File.Reader) !Pdb
std.debug.Pdb.deinit	fn deinit(self: *Pdb) void
std.debug.Pdb.parseDbiStream	fn parseDbiStream(self: *Pdb) !void
std.debug.Pdb.parseIpiStream	fn parseIpiStream(self: *Pdb) !void
std.debug.Pdb.parseInfoStream	fn parseInfoStream(self: *Pdb) !void
std.debug.Pdb.getProcSym	fn getProcSym(self: *Pdb, module: *Module, address: u64) ?*align(1) pdb.ProcSym
std.debug.Pdb.InlineSiteSymIterator.next	fn next(iter: *InlineSiteSymIterator, module: *Module) ?*align(1) pdb.InlineSiteSym
std.debug.Pdb.BinaryAnnotation.RangeIterator.init	fn init(annotations: Iterator) RangeIterator
std.debug.Pdb.BinaryAnnotation.RangeIterator.Range.contains	fn contains(self: Range, offset_in_func: usize) bool
std.debug.Pdb.BinaryAnnotation.RangeIterator.next	fn next(self: *RangeIterator) error{InvalidDebugInfo}!?Range
std.debug.Pdb.BinaryAnnotation.Iterator.next	fn next(self: *Iterator) error{InvalidDebugInfo}!?BinaryAnnotation
std.debug.Pdb.BinaryAnnotation.take	fn take(reader: *Io.Reader) Io.Reader.Error!BinaryAnnotation
std.debug.Pdb.BinaryAnnotation.takePackedU32	fn takePackedU32(reader: *Io.Reader) Io.Reader.Error!u32
std.debug.Pdb.BinaryAnnotation.takePackedI32	fn takePackedI32(reader: *Io.Reader) Io.Reader.Error!i32
std.debug.Pdb.BinaryAnnotation.decodeI32	fn decodeI32(u: u32) i32
std.debug.Pdb.findInlineeName	fn findInlineeName(self: *const Pdb, inlinee: u32) ?[]const u8
std.debug.Pdb.getInlinees	fn getInlinees(self: *Pdb, module: *Module, proc_sym: *align(1) const pdb.ProcSym) InlineSiteSymIterator
std.debug.Pdb.getBinaryAnnotations	fn getBinaryAnnotations(self: *Pdb, module: *Module, site: *align(1) const pdb.InlineSiteSym) BinaryAnnotation.Iterator
std.debug.Pdb.getInlineSiteSourceLocation	fn getInlineSiteSourceLocation( self: *Pdb, gpa: Allocator, mod: *Module, site: *align(1) const pdb.InlineSiteSym, inlinee_src_line: *align(1) const pdb.InlineeSourceLine, offset_in_func: usize, ) !?std.debug.SourceLocation
std.debug.Pdb.getFileName	fn getFileName(self: *Pdb, gpa: Allocator, mod: *Module, file_id: u32) ![]const u8
std.debug.Pdb.getSymbolName	fn getSymbolName(self: *Pdb, proc_sym: *align(1) const pdb.ProcSym) []const u8
std.debug.Pdb.getInlineeSourceLines	fn getInlineeSourceLines( self: *Pdb, mod: *Module, inlinee: u32, ) []const InlineeSourceLine
std.debug.Pdb.getLineNumberInfo	fn getLineNumberInfo(self: *Pdb, gpa: Allocator, module: *Module, address: u64) !std.debug.SourceLocation
std.debug.Pdb.getModule	fn getModule(self: *Pdb, index: usize) !?*Module
std.debug.Pdb.getStreamById	fn getStreamById(self: *Pdb, id: u32) ?*MsfStream
std.debug.Pdb.getStream	fn getStream(self: *Pdb, stream: pdb.StreamType) ?*MsfStream
std.debug.ElfFile.DebugInfoSearchPaths.native	fn native(exe_path: []const u8) DebugInfoSearchPaths
std.debug.ElfFile.deinit	fn deinit(ef: *ElfFile, gpa: Allocator) void
std.debug.ElfFile.load	fn load( gpa: Allocator, io: Io, elf_file: Io.File, opt_build_id: ?[]const u8, di_search_paths: *const DebugInfoSearchPaths, ) LoadError!ElfFile
std.debug.ElfFile.searchSymtab	fn searchSymtab(ef: *ElfFile, gpa: Allocator, vaddr: u64) error{ NoSymtab, NoStrtab, BadSymtab, OutOfMemory, }!std.debug.Symbol
std.debug.MachOFile.deinit	fn deinit(mf: *MachOFile, gpa: Allocator) void
std.debug.MachOFile.load	fn load(gpa: Allocator, io: Io, path: []const u8, arch: std.Target.Cpu.Arch) Error!MachOFile
std.debug.MachOFile.getDwarfForAddress	fn getDwarfForAddress(mf: *MachOFile, gpa: Allocator, io: Io, vaddr: u64) !struct { *Dwarf, u64 }
std.debug.MachOFile.lookupSymbolName	fn lookupSymbolName(mf: *MachOFile, vaddr: u64) error{MissingDebugInfo}![]const u8
std.debug.Info.load	fn load( gpa: Allocator, io: Io, path: Path, coverage: *Coverage, format: std.Target.ObjectFormat, arch: std.Target.Cpu.Arch, ) LoadError!Info
std.debug.Info.deinit	fn deinit(info: *Info, gpa: Allocator) void
std.debug.Info.resolveAddresses	fn resolveAddresses( info: *Info, gpa: Allocator, io: Io, /// Asserts the addresses are in ascending order. sorted_pc_addrs: []const u64, /// Asserts its length equals length of `sorted_pc_addrs`. output: []SourceLocation, ) ResolveAddressesError!void
std.debug.Coverage.String.MapContext.eql	fn eql(self: @This(), a: String, b: String, b_index: usize) bool
std.debug.Coverage.String.MapContext.hash	fn hash(self: @This(), a: String) u32
std.debug.Coverage.String.SliceAdapter.eql	fn eql(self: @This(), a_slice: []const u8, b: String, b_index: usize) bool
std.debug.Coverage.String.SliceAdapter.hash	fn hash(self: @This(), a: []const u8) u32
std.debug.Coverage.File.MapContext.hash	fn hash(self: MapContext, a: File) u32
std.debug.Coverage.File.MapContext.eql	fn eql(self: MapContext, a: File, b: File, b_index: usize) bool
std.debug.Coverage.File.SliceAdapter.hash	fn hash(self: @This(), a: Entry) u32
std.debug.Coverage.File.SliceAdapter.eql	fn eql(self: @This(), a: Entry, b: File, b_index: usize) bool
std.debug.Coverage.deinit	fn deinit(cov: *Coverage, gpa: Allocator) void
std.debug.Coverage.fileAt	fn fileAt(cov: *Coverage, index: File.Index) *File
std.debug.Coverage.stringAt	fn stringAt(cov: *Coverage, index: String) [:0]const u8
std.debug.Coverage.resolveAddressesDwarf	fn resolveAddressesDwarf( cov: *Coverage, gpa: Allocator, io: Io, endian: std.builtin.Endian, /// Asserts the addresses are in ascending order. sorted_pc_addrs: []const u64, /// Asserts its length equals length of `sorted_pc_addrs`. output: []SourceLocation, d: *Dwarf, ) ResolveAddressesDwarfError!void
std.debug.Coverage.addStringAssumeCapacity	fn addStringAssumeCapacity(cov: *Coverage, s: []const u8) String
std.debug.cpu_context.fromPosixSignalContext	fn fromPosixSignalContext(ctx_ptr: ?*const anyopaque) ?Native
std.debug.cpu_context.fromWindowsContext	fn fromWindowsContext(ctx: *const std.os.windows.CONTEXT) Native
std.debug.simple_panic.call	fn call(msg: []const u8, ra: ?usize) noreturn
std.debug.simple_panic.sentinelMismatch	fn sentinelMismatch(expected: anytype, found: @TypeOf(expected)) noreturn
std.debug.simple_panic.unwrapError	fn unwrapError(err: anyerror) noreturn
std.debug.simple_panic.outOfBounds	fn outOfBounds(index: usize, len: usize) noreturn
std.debug.simple_panic.startGreaterThanEnd	fn startGreaterThanEnd(start: usize, end: usize) noreturn
std.debug.simple_panic.inactiveUnionField	fn inactiveUnionField(active: anytype, accessed: @TypeOf(active)) noreturn
std.debug.simple_panic.sliceCastLenRemainder	fn sliceCastLenRemainder(src_len: usize) noreturn
std.debug.simple_panic.reachedUnreachable	fn reachedUnreachable() noreturn
std.debug.simple_panic.unwrapNull	fn unwrapNull() noreturn
std.debug.simple_panic.castToNull	fn castToNull() noreturn
std.debug.simple_panic.incorrectAlignment	fn incorrectAlignment() noreturn
std.debug.simple_panic.invalidErrorCode	fn invalidErrorCode() noreturn
std.debug.simple_panic.integerOutOfBounds	fn integerOutOfBounds() noreturn
std.debug.simple_panic.integerOverflow	fn integerOverflow() noreturn
std.debug.simple_panic.shlOverflow	fn shlOverflow() noreturn
std.debug.simple_panic.shrOverflow	fn shrOverflow() noreturn
std.debug.simple_panic.divideByZero	fn divideByZero() noreturn
std.debug.simple_panic.exactDivisionRemainder	fn exactDivisionRemainder() noreturn
std.debug.simple_panic.integerPartOutOfBounds	fn integerPartOutOfBounds() noreturn
std.debug.simple_panic.corruptSwitch	fn corruptSwitch() noreturn
std.debug.simple_panic.shiftRhsTooBig	fn shiftRhsTooBig() noreturn
std.debug.simple_panic.invalidEnumValue	fn invalidEnumValue() noreturn
std.debug.simple_panic.forLenMismatch	fn forLenMismatch() noreturn
std.debug.simple_panic.copyLenMismatch	fn copyLenMismatch() noreturn
std.debug.simple_panic.memcpyAlias	fn memcpyAlias() noreturn
std.debug.simple_panic.noreturnReturned	fn noreturnReturned() noreturn
std.debug.no_panic.call	fn call(_: []const u8, _: ?usize) noreturn
std.debug.no_panic.sentinelMismatch	fn sentinelMismatch(_: anytype, _: anytype) noreturn
std.debug.no_panic.unwrapError	fn unwrapError(_: anyerror) noreturn
std.debug.no_panic.outOfBounds	fn outOfBounds(_: usize, _: usize) noreturn
std.debug.no_panic.startGreaterThanEnd	fn startGreaterThanEnd(_: usize, _: usize) noreturn
std.debug.no_panic.inactiveUnionField	fn inactiveUnionField(_: anytype, _: anytype) noreturn
std.debug.no_panic.sliceCastLenRemainder	fn sliceCastLenRemainder(_: usize) noreturn
std.debug.no_panic.reachedUnreachable	fn reachedUnreachable() noreturn
std.debug.no_panic.unwrapNull	fn unwrapNull() noreturn
std.debug.no_panic.castToNull	fn castToNull() noreturn
std.debug.no_panic.incorrectAlignment	fn incorrectAlignment() noreturn
std.debug.no_panic.invalidErrorCode	fn invalidErrorCode() noreturn
std.debug.no_panic.integerOutOfBounds	fn integerOutOfBounds() noreturn
std.debug.no_panic.integerOverflow	fn integerOverflow() noreturn
std.debug.no_panic.shlOverflow	fn shlOverflow() noreturn
std.debug.no_panic.shrOverflow	fn shrOverflow() noreturn
std.debug.no_panic.divideByZero	fn divideByZero() noreturn
std.debug.no_panic.exactDivisionRemainder	fn exactDivisionRemainder() noreturn
std.debug.no_panic.integerPartOutOfBounds	fn integerPartOutOfBounds() noreturn
std.debug.no_panic.corruptSwitch	fn corruptSwitch() noreturn
std.debug.no_panic.shiftRhsTooBig	fn shiftRhsTooBig() noreturn
std.debug.no_panic.invalidEnumValue	fn invalidEnumValue() noreturn
std.debug.no_panic.forLenMismatch	fn forLenMismatch() noreturn
std.debug.no_panic.copyLenMismatch	fn copyLenMismatch() noreturn
std.debug.no_panic.memcpyAlias	fn memcpyAlias() noreturn
std.debug.no_panic.noreturnReturned	fn noreturnReturned() noreturn
std.debug.FullPanic	fn FullPanic(comptime panicFn: fn ([]const u8, ?usize) noreturn) type
std.debug.FullPanic().sentinelMismatch	fn sentinelMismatch(expected: anytype, found: @TypeOf(expected)) noreturn
std.debug.FullPanic().unwrapError	fn unwrapError(err: anyerror) noreturn
std.debug.FullPanic().outOfBounds	fn outOfBounds(index: usize, len: usize) noreturn
std.debug.FullPanic().startGreaterThanEnd	fn startGreaterThanEnd(start: usize, end: usize) noreturn
std.debug.FullPanic().inactiveUnionField	fn inactiveUnionField(active: anytype, accessed: @TypeOf(active)) noreturn
std.debug.FullPanic().sliceCastLenRemainder	fn sliceCastLenRemainder(src_len: usize) noreturn
std.debug.FullPanic().reachedUnreachable	fn reachedUnreachable() noreturn
std.debug.FullPanic().unwrapNull	fn unwrapNull() noreturn
std.debug.FullPanic().castToNull	fn castToNull() noreturn
std.debug.FullPanic().incorrectAlignment	fn incorrectAlignment() noreturn
std.debug.FullPanic().invalidErrorCode	fn invalidErrorCode() noreturn
std.debug.FullPanic().integerOutOfBounds	fn integerOutOfBounds() noreturn
std.debug.FullPanic().integerOverflow	fn integerOverflow() noreturn
std.debug.FullPanic().shlOverflow	fn shlOverflow() noreturn
std.debug.FullPanic().shrOverflow	fn shrOverflow() noreturn
std.debug.FullPanic().divideByZero	fn divideByZero() noreturn
std.debug.FullPanic().exactDivisionRemainder	fn exactDivisionRemainder() noreturn
std.debug.FullPanic().integerPartOutOfBounds	fn integerPartOutOfBounds() noreturn
std.debug.FullPanic().corruptSwitch	fn corruptSwitch() noreturn
std.debug.FullPanic().shiftRhsTooBig	fn shiftRhsTooBig() noreturn
std.debug.FullPanic().invalidEnumValue	fn invalidEnumValue() noreturn
std.debug.FullPanic().forLenMismatch	fn forLenMismatch() noreturn
std.debug.FullPanic().copyLenMismatch	fn copyLenMismatch() noreturn
std.debug.FullPanic().memcpyAlias	fn memcpyAlias() noreturn
std.debug.FullPanic().noreturnReturned	fn noreturnReturned() noreturn
std.debug.lockStderr	fn lockStderr(buffer: []u8) Io.LockedStderr
std.debug.unlockStderr	fn unlockStderr() void
std.debug.print	fn print(comptime fmt: []const u8, args: anytype) void
std.debug.getSelfDebugInfo	fn getSelfDebugInfo() !*SelfInfo
std.debug.dumpHex	fn dumpHex(bytes: []const u8) void
std.debug.dumpHexFallible	fn dumpHexFallible(t: Io.Terminal, bytes: []const u8) !void
std.debug.assert	fn assert(ok: bool) void
std.debug.assertReadable	fn assertReadable(slice: []const volatile u8) void
std.debug.assertAligned	fn assertAligned(ptr: anytype, comptime alignment: std.mem.Alignment) void
std.debug.panic	fn panic(comptime format: []const u8, args: anytype) noreturn
std.debug.panicExtra	fn panicExtra( ret_addr: ?usize, comptime format: []const u8, args: anytype, ) noreturn
std.debug.defaultPanic	fn defaultPanic(msg: []const u8, first_trace_addr: ?usize) noreturn
std.debug.captureCurrentStackTrace	fn captureCurrentStackTrace(options: StackUnwindOptions, addr_buf: []usize) StackTrace
std.debug.writeCurrentStackTrace	fn writeCurrentStackTrace(options: StackUnwindOptions, t: Io.Terminal) Writer.Error!void
std.debug.dumpCurrentStackTrace	fn dumpCurrentStackTrace(options: StackUnwindOptions) void
std.debug.FormatStackTrace.format	fn format(fst: FormatStackTrace, writer: *Writer) Writer.Error!void
std.debug.writeErrorReturnTrace	fn writeErrorReturnTrace(et: *const std.builtin.StackTrace, t: Io.Terminal) Writer.Error!void
std.debug.writeStackTrace	fn writeStackTrace(st: *const StackTrace, t: Io.Terminal) Writer.Error!void
std.debug.dumpStackTrace	fn dumpStackTrace(st: *const StackTrace) void
std.debug.dumpErrorReturnTrace	fn dumpErrorReturnTrace(et: *const std.builtin.StackTrace) void
std.debug.stripInstructionPtrAuthCode	fn stripInstructionPtrAuthCode(ptr: usize) usize
std.debug.getDebugInfoAllocator	fn getDebugInfoAllocator() Allocator
std.debug.maybeEnableSegfaultHandler	fn maybeEnableSegfaultHandler() void
std.debug.updateSegfaultHandler	fn updateSegfaultHandler(act: ?*const posix.Sigaction) void
std.debug.attachSegfaultHandler	fn attachSegfaultHandler() void
std.debug.defaultHandleSegfault	fn defaultHandleSegfault(addr: ?usize, name: []const u8, opt_ctx: ?CpuContextPtr) noreturn
std.debug.dumpStackPointerAddr	fn dumpStackPointerAddr(prefix: []const u8) void
std.debug.ConfigurableTrace	fn ConfigurableTrace(comptime size: usize, comptime stack_frame_count: usize, comptime is_enabled: bool) type
std.debug.ConfigurableTrace().addNoInline	fn addNoInline(t: *@This(), note: []const u8) void
std.debug.ConfigurableTrace().addNoOp	fn addNoOp(t: *@This(), note: []const u8) void
std.debug.ConfigurableTrace().addAddr	fn addAddr(t: *@This(), addr: usize, note: []const u8) void
std.debug.ConfigurableTrace().dump	fn dump(t: @This()) void
std.debug.ConfigurableTrace().format	fn format( t: @This(), comptime fmt: []const u8, options: std.fmt.Options, writer: *Writer, ) !void
std.debug.SafetyLock.lock	fn lock(l: *SafetyLock) void
std.debug.SafetyLock.unlock	fn unlock(l: *SafetyLock) void
std.debug.SafetyLock.assertUnlocked	fn assertUnlocked(l: SafetyLock) void
std.debug.SafetyLock.assertLocked	fn assertLocked(l: SafetyLock) void
std.debug.inValgrind	fn inValgrind() bool
std.elf.Header.iterateProgramHeaders	fn iterateProgramHeaders(h: *const Header, file_reader: *Io.File.Reader) ProgramHeaderIterator
std.elf.Header.iterateProgramHeadersBuffer	fn iterateProgramHeadersBuffer(h: *const Header, buf: []const u8) ProgramHeaderBufferIterator
std.elf.Header.iterateSectionHeaders	fn iterateSectionHeaders(h: *const Header, file_reader: *Io.File.Reader) SectionHeaderIterator
std.elf.Header.iterateSectionHeadersBuffer	fn iterateSectionHeadersBuffer(h: *const Header, buf: []const u8) SectionHeaderBufferIterator
std.elf.Header.iterateDynamicSection	fn iterateDynamicSection( h: *const Header, file_reader: *Io.File.Reader, offset: u64, size: u64, ) DynamicSectionIterator
std.elf.Header.iterateDynamicSectionBuffer	fn iterateDynamicSectionBuffer( h: *const Header, buf: []const u8, offset: u64, size: u64, ) DynamicSectionBufferIterator
std.elf.Header.read	fn read(r: *Io.Reader) ReadError!Header
std.elf.Header.init	fn init(hdr: anytype, endian: Endian) Header
std.elf.ProgramHeaderIterator.next	fn next(it: *ProgramHeaderIterator) !?Elf64_Phdr
std.elf.ProgramHeaderBufferIterator.next	fn next(it: *ProgramHeaderBufferIterator) !?Elf64_Phdr
std.elf.takeProgramHeader	fn takeProgramHeader(reader: *Io.Reader, is_64: bool, endian: Endian) !Elf64_Phdr
std.elf.SectionHeaderIterator.next	fn next(it: *SectionHeaderIterator) !?Elf64_Shdr
std.elf.SectionHeaderBufferIterator.next	fn next(it: *SectionHeaderBufferIterator) !?Elf64_Shdr
std.elf.takeSectionHeader	fn takeSectionHeader(reader: *Io.Reader, is_64: bool, endian: Endian) !Elf64_Shdr
std.elf.DynamicSectionIterator.next	fn next(it: *DynamicSectionIterator) !?Elf64_Dyn
std.elf.DynamicSectionBufferIterator.next	fn next(it: *DynamicSectionBufferIterator) !?Elf64_Dyn
std.elf.takeDynamicSection	fn takeDynamicSection(reader: *Io.Reader, is_64: bool, endian: Endian) !Elf64_Dyn
std.elf.Elf32_Sym.st_type	fn st_type(self: @This()) u4
std.elf.Elf32_Sym.st_bind	fn st_bind(self: @This()) u4
std.elf.Elf64_Sym.st_type	fn st_type(self: @This()) u4
std.elf.Elf64_Sym.st_bind	fn st_bind(self: @This()) u4
std.elf.Elf32_Rel.r_sym	fn r_sym(self: @This()) u24
std.elf.Elf32_Rel.r_type	fn r_type(self: @This()) u8
std.elf.Elf64_Rel.r_sym	fn r_sym(self: @This()) u32
std.elf.Elf64_Rel.r_type	fn r_type(self: @This()) u32
std.elf.Elf32_Rela.r_sym	fn r_sym(self: @This()) u24
std.elf.Elf32_Rela.r_type	fn r_type(self: @This()) u8
std.elf.Elf64_Rela.r_sym	fn r_sym(self: @This()) u32
std.elf.Elf64_Rela.r_type	fn r_type(self: @This()) u32
std.elf.CLASS.ElfN	fn ElfN(comptime class: CLASS) type
std.elf.ar_hdr.date	fn date(self: ar_hdr) std.fmt.ParseIntError!u64
std.elf.ar_hdr.size	fn size(self: ar_hdr) std.fmt.ParseIntError!u32
std.elf.ar_hdr.isStrtab	fn isStrtab(self: ar_hdr) bool
std.elf.ar_hdr.isSymtab	fn isSymtab(self: ar_hdr) bool
std.elf.ar_hdr.isSymtab64	fn isSymtab64(self: ar_hdr) bool
std.elf.ar_hdr.isSymdef	fn isSymdef(self: ar_hdr) bool
std.elf.ar_hdr.isSymdefSorted	fn isSymdefSorted(self: ar_hdr) bool
std.elf.ar_hdr.name	fn name(self: *const ar_hdr) ?[]const u8
std.elf.ar_hdr.nameOffset	fn nameOffset(self: ar_hdr) std.fmt.ParseIntError!?u32
std.elf.gnu_hash.calculate	fn calculate(name: []const u8) u32
std.enums.fromInt	fn fromInt(comptime E: type, integer: anytype) ?E
std.enums.EnumFieldStruct	fn EnumFieldStruct(comptime E: type, comptime Data: type, comptime field_default: ?Data) type
std.enums.valuesFromFields	fn valuesFromFields(comptime E: type, comptime fields: []const EnumField) []const E
std.enums.values	fn values(comptime E: type) []const E
std.enums.tagName	fn tagName(comptime E: type, e: E) ?[:0]const u8
std.enums.directEnumArrayLen	fn directEnumArrayLen(comptime E: type, comptime max_unused_slots: comptime_int) comptime_int
std.enums.directEnumArray	fn directEnumArray( comptime E: type, comptime Data: type, comptime max_unused_slots: comptime_int, init_values: EnumFieldStruct(E, Data, null), ) [directEnumArrayLen(E, max_unused_slots)]Data
std.enums.directEnumArrayDefault	fn directEnumArrayDefault( comptime E: type, comptime Data: type, comptime default: ?Data, comptime max_unused_slots: comptime_int, init_values: EnumFieldStruct(E, Data, default), ) [directEnumArrayLen(E, max_unused_slots)]Data
std.enums.EnumSet	fn EnumSet(comptime E: type) type
std.enums.EnumSet().init	fn init(init_values: EnumFieldStruct(E, bool, false)) Self
std.enums.EnumSet().initEmpty	fn initEmpty() Self
std.enums.EnumSet().initFull	fn initFull() Self
std.enums.EnumSet().initMany	fn initMany(keys: []const Key) Self
std.enums.EnumSet().initOne	fn initOne(key: Key) Self
std.enums.EnumSet().count	fn count(self: Self) usize
std.enums.EnumSet().contains	fn contains(self: Self, key: Key) bool
std.enums.EnumSet().insert	fn insert(self: *Self, key: Key) void
std.enums.EnumSet().remove	fn remove(self: *Self, key: Key) void
std.enums.EnumSet().setPresent	fn setPresent(self: *Self, key: Key, present: bool) void
std.enums.EnumSet().toggle	fn toggle(self: *Self, key: Key) void
std.enums.EnumSet().toggleSet	fn toggleSet(self: *Self, other: Self) void
std.enums.EnumSet().toggleAll	fn toggleAll(self: *Self) void
std.enums.EnumSet().setUnion	fn setUnion(self: *Self, other: Self) void
std.enums.EnumSet().setIntersection	fn setIntersection(self: *Self, other: Self) void
std.enums.EnumSet().eql	fn eql(self: Self, other: Self) bool
std.enums.EnumSet().subsetOf	fn subsetOf(self: Self, other: Self) bool
std.enums.EnumSet().supersetOf	fn supersetOf(self: Self, other: Self) bool
std.enums.EnumSet().complement	fn complement(self: Self) Self
std.enums.EnumSet().unionWith	fn unionWith(self: Self, other: Self) Self
std.enums.EnumSet().intersectWith	fn intersectWith(self: Self, other: Self) Self
std.enums.EnumSet().xorWith	fn xorWith(self: Self, other: Self) Self
std.enums.EnumSet().differenceWith	fn differenceWith(self: Self, other: Self) Self
std.enums.EnumSet().iterator	fn iterator(self: *const Self) Iterator
std.enums.EnumSet().Iterator.next	fn next(self: *Iterator) ?Key
std.enums.EnumMap	fn EnumMap(comptime E: type, comptime V: type) type
std.enums.EnumMap().init	fn init(init_values: EnumFieldStruct(E, ?Value, @as(?Value, null))) Self
std.enums.EnumMap().initFull	fn initFull(value: Value) Self
std.enums.EnumMap().initFullWith	fn initFullWith(init_values: EnumFieldStruct(E, Value, null)) Self
std.enums.EnumMap().initFullWithDefault	fn initFullWithDefault(comptime default: ?Value, init_values: EnumFieldStruct(E, Value, default)) Self
std.enums.EnumMap().count	fn count(self: *const Self) usize
std.enums.EnumMap().contains	fn contains(self: *const Self, key: Key) bool
std.enums.EnumMap().get	fn get(self: *const Self, key: Key) ?Value
std.enums.EnumMap().getAssertContains	fn getAssertContains(self: *const Self, key: Key) Value
std.enums.EnumMap().getPtr	fn getPtr(self: *Self, key: Key) ?*Value
std.enums.EnumMap().getPtrConst	fn getPtrConst(self: *const Self, key: Key) ?*const Value
std.enums.EnumMap().getPtrAssertContains	fn getPtrAssertContains(self: *Self, key: Key) *Value
std.enums.EnumMap().getPtrConstAssertContains	fn getPtrConstAssertContains(self: *const Self, key: Key) *const Value
std.enums.EnumMap().put	fn put(self: *Self, key: Key, value: Value) void
std.enums.EnumMap().putUninitialized	fn putUninitialized(self: *Self, key: Key) *Value
std.enums.EnumMap().fetchPut	fn fetchPut(self: *Self, key: Key, value: Value) ?Value
std.enums.EnumMap().remove	fn remove(self: *Self, key: Key) void
std.enums.EnumMap().fetchRemove	fn fetchRemove(self: *Self, key: Key) ?Value
std.enums.EnumMap().iterator	fn iterator(self: *Self) Iterator
std.enums.EnumMap().Iterator.next	fn next(self: *Iterator) ?Entry
std.enums.EnumMultiset	fn EnumMultiset(comptime E: type) type
std.enums.BoundedEnumMultiset	fn BoundedEnumMultiset(comptime E: type, comptime CountSize: type) type
std.enums.BoundedEnumMultiset().init	fn init(init_counts: EnumFieldStruct(E, CountSize, 0)) Self
std.enums.BoundedEnumMultiset().initWithCount	fn initWithCount(comptime c: CountSize) Self
std.enums.BoundedEnumMultiset().count	fn count(self: Self) usize
std.enums.BoundedEnumMultiset().contains	fn contains(self: Self, key: E) bool
std.enums.BoundedEnumMultiset().removeAll	fn removeAll(self: *Self, key: E) void
std.enums.BoundedEnumMultiset().addAssertSafe	fn addAssertSafe(self: *Self, key: E, c: CountSize) void
std.enums.BoundedEnumMultiset().add	fn add(self: *Self, key: E, c: CountSize) error{Overflow}!void
std.enums.BoundedEnumMultiset().remove	fn remove(self: *Self, key: E, c: CountSize) void
std.enums.BoundedEnumMultiset().getCount	fn getCount(self: Self, key: E) CountSize
std.enums.BoundedEnumMultiset().setCount	fn setCount(self: *Self, key: E, c: CountSize) void
std.enums.BoundedEnumMultiset().addSetAssertSafe	fn addSetAssertSafe(self: *Self, other: Self) void
std.enums.BoundedEnumMultiset().addSet	fn addSet(self: *Self, other: Self) error{Overflow}!void
std.enums.BoundedEnumMultiset().removeSet	fn removeSet(self: *Self, other: Self) void
std.enums.BoundedEnumMultiset().eql	fn eql(self: Self, other: Self) bool
std.enums.BoundedEnumMultiset().subsetOf	fn subsetOf(self: Self, other: Self) bool
std.enums.BoundedEnumMultiset().supersetOf	fn supersetOf(self: Self, other: Self) bool
std.enums.BoundedEnumMultiset().plusAssertSafe	fn plusAssertSafe(self: Self, other: Self) Self
std.enums.BoundedEnumMultiset().plus	fn plus(self: Self, other: Self) error{Overflow}!Self
std.enums.BoundedEnumMultiset().minus	fn minus(self: Self, other: Self) Self
std.enums.BoundedEnumMultiset().iterator	fn iterator(self: *Self) Iterator
std.enums.EnumArray	fn EnumArray(comptime E: type, comptime V: type) type
std.enums.EnumArray().init	fn init(init_values: EnumFieldStruct(E, Value, null)) Self
std.enums.EnumArray().initDefault	fn initDefault(comptime default: ?Value, init_values: EnumFieldStruct(E, Value, default)) Self
std.enums.EnumArray().initUndefined	fn initUndefined() Self
std.enums.EnumArray().initFill	fn initFill(v: Value) Self
std.enums.EnumArray().get	fn get(self: Self, key: Key) Value
std.enums.EnumArray().getPtr	fn getPtr(self: *Self, key: Key) *Value
std.enums.EnumArray().getPtrConst	fn getPtrConst(self: *const Self, key: Key) *const Value
std.enums.EnumArray().set	fn set(self: *Self, key: Key, value: Value) void
std.enums.EnumArray().iterator	fn iterator(self: *Self) Iterator
std.enums.EnumArray().Iterator.next	fn next(self: *Iterator) ?Entry
std.enums.EnumIndexer	fn EnumIndexer(comptime E: type) type
std.enums.EnumIndexer().indexOf	fn indexOf(e: E) usize
std.enums.EnumIndexer().keyForIndex	fn keyForIndex(i: usize) E
std.fmt.float.bufferSize	fn bufferSize(comptime mode: Mode, comptime T: type) comptime_int
std.fmt.float.render	fn render(buf: []u8, value: anytype, options: Options) Error![]const u8
std.fmt.float.FloatDecimal	fn FloatDecimal(comptime T: type) type
std.fmt.float.formatScientific	fn formatScientific(comptime T: type, buf: []u8, f_: FloatDecimal(T), precision: ?usize) Error![]const u8
std.fmt.float.formatDecimal	fn formatDecimal(comptime T: type, buf: []u8, f_: FloatDecimal(T), precision: ?usize) Error![]const u8
std.fmt.float.binaryToDecimal	fn binaryToDecimal(comptime T: type, bits: T, mantissa_bits: std.math.Log2Int(T), exponent_bits: u5, explicit_leading_bit: bool, comptime tables: anytype) FloatDecimal(T)
std.fmt.Options.toNumber	fn toNumber(o: Options, mode: Number.Mode, case: Case) Number
std.fmt.Number.Mode.base	fn base(mode: Mode) ?u8
std.fmt.Placeholder.parse	fn parse(comptime bytes: []const u8) Placeholder
std.fmt.Parser.number	fn number(self: *@This()) ?usize
std.fmt.Parser.until	fn until(self: *@This(), delimiter: u8) []const u8
std.fmt.Parser.char	fn char(self: *@This()) ?u8
std.fmt.Parser.maybe	fn maybe(self: *@This(), byte: u8) bool
std.fmt.Parser.specifier	fn specifier(self: *@This()) !Specifier
std.fmt.Parser.peek	fn peek(self: *@This(), i: usize) ?u8
std.fmt.ArgState.hasUnusedArgs	fn hasUnusedArgs(self: *@This()) bool
std.fmt.ArgState.nextArg	fn nextArg(self: *@This(), arg_index: ?usize) ?usize
std.fmt.printInt	fn printInt(buffer: []u8, value: anytype, base: u8, case: Case, options: Options) usize
std.fmt.digits2	fn digits2(value: u8) [2]u8
std.fmt.Alt	fn Alt( comptime Data: type, comptime formatFn: fn (data: Data, writer: *Writer) Writer.Error!void, ) type
std.fmt.Alt().format	fn format(self: @This(), writer: *Writer) Writer.Error!void
std.fmt.alt	fn alt( context: anytype, comptime func_name: @EnumLiteral(), ) Alt(@TypeOf(context), @field(@TypeOf(context), @tagName(func_name)))
std.fmt.parseInt	fn parseInt(comptime T: type, buf: []const u8, base: u8) ParseIntError!T
std.fmt.parseIntWithGenericCharacter	fn parseIntWithGenericCharacter( comptime Result: type, comptime Character: type, buf: []const Character, base: u8, ) ParseIntError!Result
std.fmt.parseUnsigned	fn parseUnsigned(comptime T: type, buf: []const u8, base: u8) ParseIntError!T
std.fmt.parseIntSizeSuffix	fn parseIntSizeSuffix(buf: []const u8, digit_base: u8) ParseIntError!usize
std.fmt.parseFloat	fn parseFloat(comptime T: type, s: []const u8) ParseFloatError!T
std.fmt.charToDigit	fn charToDigit(c: u8, base: u8) (error{InvalidCharacter}!u8)
std.fmt.digitToChar	fn digitToChar(digit: u8, case: Case) u8
std.fmt.bufPrint	fn bufPrint(buf: []u8, comptime fmt: []const u8, args: anytype) BufPrintError![]u8
std.fmt.bufPrintZ	fn bufPrintZ(buf: []u8, comptime fmt: []const u8, args: anytype) BufPrintError![:0]u8
std.fmt.bufPrintSentinel	fn bufPrintSentinel( buf: []u8, comptime fmt: []const u8, args: anytype, comptime sentinel: u8, ) BufPrintError![:sentinel]u8
std.fmt.count	fn count(comptime fmt: []const u8, args: anytype) usize
std.fmt.allocPrint	fn allocPrint(gpa: Allocator, comptime fmt: []const u8, args: anytype) Allocator.Error![]u8
std.fmt.allocPrintSentinel	fn allocPrintSentinel( gpa: Allocator, comptime fmt: []const u8, args: anytype, comptime sentinel: u8, ) Allocator.Error![:sentinel]u8
std.fmt.comptimePrint	fn comptimePrint(comptime fmt: []const u8, args: anytype) *const [count(fmt, args):0]u8
std.fmt.bytesToHex	fn bytesToHex(input: anytype, case: Case) [input.len * 2]u8
std.fmt.hexToBytes	fn hexToBytes(out: []u8, input: []const u8) ![]u8
std.fmt.hex	fn hex(x: anytype) [@sizeOf(@TypeOf(x)) * 2]u8
std.fs.path.isSep	fn isSep(byte: u8) bool
std.fs.path.PathType.isSep	fn isSep(comptime path_type: PathType, comptime T: type, c: T) bool
std.fs.path.join	fn join(allocator: Allocator, paths: []const []const u8) ![]u8
std.fs.path.joinZ	fn joinZ(allocator: Allocator, paths: []const []const u8) ![:0]u8
std.fs.path.fmtJoin	fn fmtJoin(paths: []const []const u8) std.fmt.Alt([]const []const u8, formatJoin)
std.fs.path.isAbsoluteZ	fn isAbsoluteZ(path_c: [*:0]const u8) bool
std.fs.path.isAbsolute	fn isAbsolute(path: []const u8) bool
std.fs.path.isAbsoluteWindows	fn isAbsoluteWindows(path: []const u8) bool
std.fs.path.isAbsoluteWindowsW	fn isAbsoluteWindowsW(path_w: [*:0]const u16) bool
std.fs.path.isAbsoluteWindowsWtf16	fn isAbsoluteWindowsWtf16(path: []const u16) bool
std.fs.path.isAbsoluteWindowsZ	fn isAbsoluteWindowsZ(path_c: [*:0]const u8) bool
std.fs.path.isAbsolutePosix	fn isAbsolutePosix(path: []const u8) bool
std.fs.path.isAbsolutePosixZ	fn isAbsolutePosixZ(path_c: [*:0]const u8) bool
std.fs.path.windowsParsePath	fn windowsParsePath(path: []const u8) WindowsPath
std.fs.path.parsePath	fn parsePath(path: []const u8) switch (native_os) { .windows => WindowsPath2(u8), else => PosixPath, }
std.fs.path.parsePathPosix	fn parsePathPosix(path: []const u8) PosixPath
std.fs.path.WindowsPath2	fn WindowsPath2(comptime T: type) type
std.fs.path.parsePathWindows	fn parsePathWindows(comptime T: type, path: []const T) WindowsPath2(T)
std.fs.path.diskDesignator	fn diskDesignator(path: []const u8) []const u8
std.fs.path.diskDesignatorWindows	fn diskDesignatorWindows(path: []const u8) []const u8
std.fs.path.resolve	fn resolve(allocator: Allocator, paths: []const []const u8) Allocator.Error![]u8
std.fs.path.resolveWindows	fn resolveWindows(allocator: Allocator, paths: []const []const u8) Allocator.Error![]u8
std.fs.path.resolvePosix	fn resolvePosix(allocator: Allocator, paths: []const []const u8) Allocator.Error![]u8
std.fs.path.dirname	fn dirname(path: []const u8) ?[]const u8
std.fs.path.dirnameWindows	fn dirnameWindows(path: []const u8) ?[]const u8
std.fs.path.dirnamePosix	fn dirnamePosix(path: []const u8) ?[]const u8
std.fs.path.basename	fn basename(path: []const u8) []const u8
std.fs.path.basenamePosix	fn basenamePosix(path: []const u8) []const u8
std.fs.path.basenameWindows	fn basenameWindows(path: []const u8) []const u8
std.fs.path.relative	fn relative( gpa: Allocator, cwd: []const u8, environ_map: ?*const std.process.Environ.Map, from: []const u8, to: []const u8, ) Allocator.Error![]u8
std.fs.path.relativeWindows	fn relativeWindows( gpa: Allocator, cwd: []const u8, environ_map: ?*const std.process.Environ.Map, from: []const u8, to: []const u8, ) Allocator.Error![]u8
std.fs.path.relativePosix	fn relativePosix(allocator: Allocator, cwd: []const u8, from: []const u8, to: []const u8) Allocator.Error![]u8
std.fs.path.extension	fn extension(path: []const u8) []const u8
std.fs.path.stem	fn stem(path: []const u8) []const u8
std.fs.path.ComponentIterator	fn ComponentIterator(comptime path_type: PathType, comptime T: type) type
std.fs.path.ComponentIterator().init	fn init(path: []const T) Self
std.fs.path.ComponentIterator().root	fn root(self: Self) ?[]const T
std.fs.path.ComponentIterator().first	fn first(self: *Self) ?Component
std.fs.path.ComponentIterator().last	fn last(self: *Self) ?Component
std.fs.path.ComponentIterator().next	fn next(self: *Self) ?Component
std.fs.path.ComponentIterator().peekNext	fn peekNext(self: Self) ?Component
std.fs.path.ComponentIterator().previous	fn previous(self: *Self) ?Component
std.fs.path.ComponentIterator().peekPrevious	fn peekPrevious(self: Self) ?Component
std.fs.path.componentIterator	fn componentIterator(path: []const u8) NativeComponentIterator
std.fs.path.getWin32PathType	fn getWin32PathType(comptime T: type, path: []const T) Win32PathType
std.gpu.executionMode	fn executionMode(comptime entry_point: anytype, comptime mode: ExecutionMode) void
std.hash.Adler32.permute	fn permute(state: u32, input: []const u8) u32
std.hash.Adler32.update	fn update(a: *Adler32, input: []const u8) void
std.hash.Adler32.hash	fn hash(input: []const u8) u32
std.hash.murmur.Murmur2_32.hash	fn hash(str: []const u8) u32
std.hash.murmur.Murmur2_32.hashWithSeed	fn hashWithSeed(str: []const u8, seed: u32) u32
std.hash.murmur.Murmur2_32.hashUint32	fn hashUint32(v: u32) u32
std.hash.murmur.Murmur2_32.hashUint32WithSeed	fn hashUint32WithSeed(v: u32, seed: u32) u32
std.hash.murmur.Murmur2_32.hashUint64	fn hashUint64(v: u64) u32
std.hash.murmur.Murmur2_32.hashUint64WithSeed	fn hashUint64WithSeed(v: u64, seed: u32) u32
std.hash.murmur.Murmur2_64.hash	fn hash(str: []const u8) u64
std.hash.murmur.Murmur2_64.hashWithSeed	fn hashWithSeed(str: []const u8, seed: u64) u64
std.hash.murmur.Murmur2_64.hashUint32	fn hashUint32(v: u32) u64
std.hash.murmur.Murmur2_64.hashUint32WithSeed	fn hashUint32WithSeed(v: u32, seed: u64) u64
std.hash.murmur.Murmur2_64.hashUint64	fn hashUint64(v: u64) u64
std.hash.murmur.Murmur2_64.hashUint64WithSeed	fn hashUint64WithSeed(v: u64, seed: u64) u64
std.hash.murmur.Murmur3_32.hash	fn hash(str: []const u8) u32
std.hash.murmur.Murmur3_32.hashWithSeed	fn hashWithSeed(str: []const u8, seed: u32) u32
std.hash.murmur.Murmur3_32.hashUint32	fn hashUint32(v: u32) u32
std.hash.murmur.Murmur3_32.hashUint32WithSeed	fn hashUint32WithSeed(v: u32, seed: u32) u32
std.hash.murmur.Murmur3_32.hashUint64	fn hashUint64(v: u64) u32
std.hash.murmur.Murmur3_32.hashUint64WithSeed	fn hashUint64WithSeed(v: u64, seed: u32) u32
std.hash.cityhash.CityHash32.hash	fn hash(str: []const u8) u32
std.hash.cityhash.CityHash64.hash	fn hash(str: []const u8) u64
std.hash.cityhash.CityHash64.hashWithSeed	fn hashWithSeed(str: []const u8, seed: u64) u64
std.hash.cityhash.CityHash64.hashWithSeeds	fn hashWithSeeds(str: []const u8, seed0: u64, seed1: u64) u64
std.hash.int	fn int(input: anytype) @TypeOf(input)
std.hash_map.getAutoHashFn	fn getAutoHashFn(comptime K: type, comptime Context: type) (fn (Context, K) u64)
std.hash_map.getAutoEqlFn	fn getAutoEqlFn(comptime K: type, comptime Context: type) (fn (Context, K, K) bool)
std.hash_map.AutoHashMap	fn AutoHashMap(comptime K: type, comptime V: type) type
std.hash_map.AutoHashMapUnmanaged	fn AutoHashMapUnmanaged(comptime K: type, comptime V: type) type
std.hash_map.AutoContext	fn AutoContext(comptime K: type) type
std.hash_map.StringHashMap	fn StringHashMap(comptime V: type) type
std.hash_map.StringHashMapUnmanaged	fn StringHashMapUnmanaged(comptime V: type) type
std.hash_map.StringContext.hash	fn hash(self: @This(), s: []const u8) u64
std.hash_map.StringContext.eql	fn eql(self: @This(), a: []const u8, b: []const u8) bool
std.hash_map.eqlString	fn eqlString(a: []const u8, b: []const u8) bool
std.hash_map.hashString	fn hashString(s: []const u8) u64
std.hash_map.StringIndexContext.eql	fn eql(_: @This(), a: u32, b: u32) bool
std.hash_map.StringIndexContext.hash	fn hash(ctx: @This(), key: u32) u64
std.hash_map.StringIndexAdapter.eql	fn eql(ctx: @This(), a: []const u8, b: u32) bool
std.hash_map.StringIndexAdapter.hash	fn hash(_: @This(), adapted_key: []const u8) u64
std.hash_map.HashMap	fn HashMap( comptime K: type, comptime V: type, comptime Context: type, comptime max_load_percentage: u64, ) type
std.hash_map.HashMap().init	fn init(allocator: Allocator) Self
std.hash_map.HashMap().initContext	fn initContext(allocator: Allocator, ctx: Context) Self
std.hash_map.HashMap().lockPointers	fn lockPointers(self: *Self) void
std.hash_map.HashMap().unlockPointers	fn unlockPointers(self: *Self) void
std.hash_map.HashMap().deinit	fn deinit(self: *Self) void
std.hash_map.HashMap().clearRetainingCapacity	fn clearRetainingCapacity(self: *Self) void
std.hash_map.HashMap().clearAndFree	fn clearAndFree(self: *Self) void
std.hash_map.HashMap().count	fn count(self: Self) Size
std.hash_map.HashMap().iterator	fn iterator(self: *const Self) Iterator
std.hash_map.HashMap().keyIterator	fn keyIterator(self: Self) KeyIterator
std.hash_map.HashMap().valueIterator	fn valueIterator(self: Self) ValueIterator
std.hash_map.HashMap().getOrPut	fn getOrPut(self: *Self, key: K) Allocator.Error!GetOrPutResult
std.hash_map.HashMap().getOrPutAdapted	fn getOrPutAdapted(self: *Self, key: anytype, ctx: anytype) Allocator.Error!GetOrPutResult
std.hash_map.HashMap().getOrPutAssumeCapacity	fn getOrPutAssumeCapacity(self: *Self, key: K) GetOrPutResult
std.hash_map.HashMap().getOrPutAssumeCapacityAdapted	fn getOrPutAssumeCapacityAdapted(self: *Self, key: anytype, ctx: anytype) GetOrPutResult
std.hash_map.HashMap().getOrPutValue	fn getOrPutValue(self: *Self, key: K, value: V) Allocator.Error!Entry
std.hash_map.HashMap().ensureTotalCapacity	fn ensureTotalCapacity(self: *Self, expected_count: Size) Allocator.Error!void
std.hash_map.HashMap().ensureUnusedCapacity	fn ensureUnusedCapacity(self: *Self, additional_count: Size) Allocator.Error!void
std.hash_map.HashMap().capacity	fn capacity(self: Self) Size
std.hash_map.HashMap().put	fn put(self: *Self, key: K, value: V) Allocator.Error!void
std.hash_map.HashMap().putNoClobber	fn putNoClobber(self: *Self, key: K, value: V) Allocator.Error!void
std.hash_map.HashMap().putAssumeCapacity	fn putAssumeCapacity(self: *Self, key: K, value: V) void
std.hash_map.HashMap().putAssumeCapacityNoClobber	fn putAssumeCapacityNoClobber(self: *Self, key: K, value: V) void
std.hash_map.HashMap().fetchPut	fn fetchPut(self: *Self, key: K, value: V) Allocator.Error!?KV
std.hash_map.HashMap().fetchPutAssumeCapacity	fn fetchPutAssumeCapacity(self: *Self, key: K, value: V) ?KV
std.hash_map.HashMap().fetchRemove	fn fetchRemove(self: *Self, key: K) ?KV
std.hash_map.HashMap().fetchRemoveAdapted	fn fetchRemoveAdapted(self: *Self, key: anytype, ctx: anytype) ?KV
std.hash_map.HashMap().get	fn get(self: Self, key: K) ?V
std.hash_map.HashMap().getAdapted	fn getAdapted(self: Self, key: anytype, ctx: anytype) ?V
std.hash_map.HashMap().getPtr	fn getPtr(self: Self, key: K) ?*V
std.hash_map.HashMap().getPtrAdapted	fn getPtrAdapted(self: Self, key: anytype, ctx: anytype) ?*V
std.hash_map.HashMap().getKey	fn getKey(self: Self, key: K) ?K
std.hash_map.HashMap().getKeyAdapted	fn getKeyAdapted(self: Self, key: anytype, ctx: anytype) ?K
std.hash_map.HashMap().getKeyPtr	fn getKeyPtr(self: Self, key: K) ?*K
std.hash_map.HashMap().getKeyPtrAdapted	fn getKeyPtrAdapted(self: Self, key: anytype, ctx: anytype) ?*K
std.hash_map.HashMap().getEntry	fn getEntry(self: Self, key: K) ?Entry
std.hash_map.HashMap().getEntryAdapted	fn getEntryAdapted(self: Self, key: anytype, ctx: anytype) ?Entry
std.hash_map.HashMap().contains	fn contains(self: Self, key: K) bool
std.hash_map.HashMap().containsAdapted	fn containsAdapted(self: Self, key: anytype, ctx: anytype) bool
std.hash_map.HashMap().remove	fn remove(self: *Self, key: K) bool
std.hash_map.HashMap().removeAdapted	fn removeAdapted(self: *Self, key: anytype, ctx: anytype) bool
std.hash_map.HashMap().removeByPtr	fn removeByPtr(self: *Self, key_ptr: *K) void
std.hash_map.HashMap().clone	fn clone(self: Self) Allocator.Error!Self
std.hash_map.HashMap().cloneWithAllocator	fn cloneWithAllocator(self: Self, new_allocator: Allocator) Allocator.Error!Self
std.hash_map.HashMap().cloneWithContext	fn cloneWithContext(self: Self, new_ctx: anytype) Allocator.Error!HashMap(K, V, @TypeOf(new_ctx), max_load_percentage)
std.hash_map.HashMap().cloneWithAllocatorAndContext	fn cloneWithAllocatorAndContext( self: Self, new_allocator: Allocator, new_ctx: anytype, ) Allocator.Error!HashMap(K, V, @TypeOf(new_ctx), max_load_percentage)
std.hash_map.HashMap().move	fn move(self: *Self) Self
std.hash_map.HashMap().rehash	fn rehash(self: *Self) void
std.hash_map.HashMapUnmanaged	fn HashMapUnmanaged( comptime K: type, comptime V: type, comptime Context: type, comptime max_load_percentage: u64, ) type
std.hash_map.HashMapUnmanaged().Iterator.next	fn next(it: *Iterator) ?Entry
std.hash_map.HashMapUnmanaged().promote	fn promote(self: Self, allocator: Allocator) Managed
std.hash_map.HashMapUnmanaged().promoteContext	fn promoteContext(self: Self, allocator: Allocator, ctx: Context) Managed
std.hash_map.HashMapUnmanaged().lockPointers	fn lockPointers(self: *Self) void
std.hash_map.HashMapUnmanaged().unlockPointers	fn unlockPointers(self: *Self) void
std.hash_map.HashMapUnmanaged().deinit	fn deinit(self: *Self, allocator: Allocator) void
std.hash_map.HashMapUnmanaged().ensureTotalCapacity	fn ensureTotalCapacity(self: *Self, allocator: Allocator, new_size: Size) Allocator.Error!void
std.hash_map.HashMapUnmanaged().ensureTotalCapacityContext	fn ensureTotalCapacityContext(self: *Self, allocator: Allocator, new_size: Size, ctx: Context) Allocator.Error!void
std.hash_map.HashMapUnmanaged().ensureUnusedCapacity	fn ensureUnusedCapacity(self: *Self, allocator: Allocator, additional_size: Size) Allocator.Error!void
std.hash_map.HashMapUnmanaged().ensureUnusedCapacityContext	fn ensureUnusedCapacityContext(self: *Self, allocator: Allocator, additional_size: Size, ctx: Context) Allocator.Error!void
std.hash_map.HashMapUnmanaged().clearRetainingCapacity	fn clearRetainingCapacity(self: *Self) void
std.hash_map.HashMapUnmanaged().clearAndFree	fn clearAndFree(self: *Self, allocator: Allocator) void
std.hash_map.HashMapUnmanaged().count	fn count(self: Self) Size
std.hash_map.HashMapUnmanaged().capacity	fn capacity(self: Self) Size
std.hash_map.HashMapUnmanaged().iterator	fn iterator(self: *const Self) Iterator
std.hash_map.HashMapUnmanaged().keyIterator	fn keyIterator(self: Self) KeyIterator
std.hash_map.HashMapUnmanaged().valueIterator	fn valueIterator(self: Self) ValueIterator
std.hash_map.HashMapUnmanaged().putNoClobber	fn putNoClobber(self: *Self, allocator: Allocator, key: K, value: V) Allocator.Error!void
std.hash_map.HashMapUnmanaged().putNoClobberContext	fn putNoClobberContext(self: *Self, allocator: Allocator, key: K, value: V, ctx: Context) Allocator.Error!void
std.hash_map.HashMapUnmanaged().putAssumeCapacity	fn putAssumeCapacity(self: *Self, key: K, value: V) void
std.hash_map.HashMapUnmanaged().putAssumeCapacityContext	fn putAssumeCapacityContext(self: *Self, key: K, value: V, ctx: Context) void
std.hash_map.HashMapUnmanaged().putAssumeCapacityNoClobber	fn putAssumeCapacityNoClobber(self: *Self, key: K, value: V) void
std.hash_map.HashMapUnmanaged().putAssumeCapacityNoClobberContext	fn putAssumeCapacityNoClobberContext(self: *Self, key: K, value: V, ctx: Context) void
std.hash_map.HashMapUnmanaged().fetchPut	fn fetchPut(self: *Self, allocator: Allocator, key: K, value: V) Allocator.Error!?KV
std.hash_map.HashMapUnmanaged().fetchPutContext	fn fetchPutContext(self: *Self, allocator: Allocator, key: K, value: V, ctx: Context) Allocator.Error!?KV
std.hash_map.HashMapUnmanaged().fetchPutAssumeCapacity	fn fetchPutAssumeCapacity(self: *Self, key: K, value: V) ?KV
std.hash_map.HashMapUnmanaged().fetchPutAssumeCapacityContext	fn fetchPutAssumeCapacityContext(self: *Self, key: K, value: V, ctx: Context) ?KV
std.hash_map.HashMapUnmanaged().fetchRemove	fn fetchRemove(self: *Self, key: K) ?KV
std.hash_map.HashMapUnmanaged().fetchRemoveContext	fn fetchRemoveContext(self: *Self, key: K, ctx: Context) ?KV
std.hash_map.HashMapUnmanaged().fetchRemoveAdapted	fn fetchRemoveAdapted(self: *Self, key: anytype, ctx: anytype) ?KV
std.hash_map.HashMapUnmanaged().getEntry	fn getEntry(self: Self, key: K) ?Entry
std.hash_map.HashMapUnmanaged().getEntryContext	fn getEntryContext(self: Self, key: K, ctx: Context) ?Entry
std.hash_map.HashMapUnmanaged().getEntryAdapted	fn getEntryAdapted(self: Self, key: anytype, ctx: anytype) ?Entry
std.hash_map.HashMapUnmanaged().put	fn put(self: *Self, allocator: Allocator, key: K, value: V) Allocator.Error!void
std.hash_map.HashMapUnmanaged().putContext	fn putContext(self: *Self, allocator: Allocator, key: K, value: V, ctx: Context) Allocator.Error!void
std.hash_map.HashMapUnmanaged().getKeyPtr	fn getKeyPtr(self: Self, key: K) ?*K
std.hash_map.HashMapUnmanaged().getKeyPtrContext	fn getKeyPtrContext(self: Self, key: K, ctx: Context) ?*K
std.hash_map.HashMapUnmanaged().getKeyPtrAdapted	fn getKeyPtrAdapted(self: Self, key: anytype, ctx: anytype) ?*K
std.hash_map.HashMapUnmanaged().getKey	fn getKey(self: Self, key: K) ?K
std.hash_map.HashMapUnmanaged().getKeyContext	fn getKeyContext(self: Self, key: K, ctx: Context) ?K
std.hash_map.HashMapUnmanaged().getKeyAdapted	fn getKeyAdapted(self: Self, key: anytype, ctx: anytype) ?K
std.hash_map.HashMapUnmanaged().getPtr	fn getPtr(self: Self, key: K) ?*V
std.hash_map.HashMapUnmanaged().getPtrContext	fn getPtrContext(self: Self, key: K, ctx: Context) ?*V
std.hash_map.HashMapUnmanaged().getPtrAdapted	fn getPtrAdapted(self: Self, key: anytype, ctx: anytype) ?*V
std.hash_map.HashMapUnmanaged().get	fn get(self: Self, key: K) ?V
std.hash_map.HashMapUnmanaged().getContext	fn getContext(self: Self, key: K, ctx: Context) ?V
std.hash_map.HashMapUnmanaged().getAdapted	fn getAdapted(self: Self, key: anytype, ctx: anytype) ?V
std.hash_map.HashMapUnmanaged().getOrPut	fn getOrPut(self: *Self, allocator: Allocator, key: K) Allocator.Error!GetOrPutResult
std.hash_map.HashMapUnmanaged().getOrPutContext	fn getOrPutContext(self: *Self, allocator: Allocator, key: K, ctx: Context) Allocator.Error!GetOrPutResult
std.hash_map.HashMapUnmanaged().getOrPutAdapted	fn getOrPutAdapted(self: *Self, allocator: Allocator, key: anytype, key_ctx: anytype) Allocator.Error!GetOrPutResult
std.hash_map.HashMapUnmanaged().getOrPutContextAdapted	fn getOrPutContextAdapted(self: *Self, allocator: Allocator, key: anytype, key_ctx: anytype, ctx: Context) Allocator.Error!GetOrPutResult
std.hash_map.HashMapUnmanaged().getOrPutAssumeCapacity	fn getOrPutAssumeCapacity(self: *Self, key: K) GetOrPutResult
std.hash_map.HashMapUnmanaged().getOrPutAssumeCapacityContext	fn getOrPutAssumeCapacityContext(self: *Self, key: K, ctx: Context) GetOrPutResult
std.hash_map.HashMapUnmanaged().getOrPutAssumeCapacityAdapted	fn getOrPutAssumeCapacityAdapted(self: *Self, key: anytype, ctx: anytype) GetOrPutResult
std.hash_map.HashMapUnmanaged().getOrPutValue	fn getOrPutValue(self: *Self, allocator: Allocator, key: K, value: V) Allocator.Error!Entry
std.hash_map.HashMapUnmanaged().getOrPutValueContext	fn getOrPutValueContext(self: *Self, allocator: Allocator, key: K, value: V, ctx: Context) Allocator.Error!Entry
std.hash_map.HashMapUnmanaged().contains	fn contains(self: Self, key: K) bool
std.hash_map.HashMapUnmanaged().containsContext	fn containsContext(self: Self, key: K, ctx: Context) bool
std.hash_map.HashMapUnmanaged().containsAdapted	fn containsAdapted(self: Self, key: anytype, ctx: anytype) bool
std.hash_map.HashMapUnmanaged().remove	fn remove(self: *Self, key: K) bool
std.hash_map.HashMapUnmanaged().removeContext	fn removeContext(self: *Self, key: K, ctx: Context) bool
std.hash_map.HashMapUnmanaged().removeAdapted	fn removeAdapted(self: *Self, key: anytype, ctx: anytype) bool
std.hash_map.HashMapUnmanaged().removeByPtr	fn removeByPtr(self: *Self, key_ptr: *K) void
std.hash_map.HashMapUnmanaged().clone	fn clone(self: Self, allocator: Allocator) Allocator.Error!Self
std.hash_map.HashMapUnmanaged().cloneContext	fn cloneContext(self: Self, allocator: Allocator, new_ctx: anytype) Allocator.Error!HashMapUnmanaged(K, V, @TypeOf(new_ctx), max_load_percentage)
std.hash_map.HashMapUnmanaged().move	fn move(self: *Self) Self
std.hash_map.HashMapUnmanaged().rehash	fn rehash(self: *Self, ctx: anytype) void
std.heap.ArenaAllocator.State.promote	fn promote(state: State, child_allocator: Allocator) ArenaAllocator
std.heap.ArenaAllocator.allocator	fn allocator(arena: *ArenaAllocator) Allocator
std.heap.ArenaAllocator.init	fn init(child_allocator: Allocator) ArenaAllocator
std.heap.ArenaAllocator.deinit	fn deinit(arena: ArenaAllocator) void
std.heap.ArenaAllocator.queryCapacity	fn queryCapacity(arena: ArenaAllocator) usize
std.heap.ArenaAllocator.reset	fn reset(arena: *ArenaAllocator, mode: ResetMode) bool
std.heap.FixedBufferAllocator.init	fn init(buffer: []u8) FixedBufferAllocator
std.heap.FixedBufferAllocator.allocator	fn allocator(self: *FixedBufferAllocator) Allocator
std.heap.FixedBufferAllocator.threadSafeAllocator	fn threadSafeAllocator(self: *FixedBufferAllocator) Allocator
std.heap.FixedBufferAllocator.ownsPtr	fn ownsPtr(self: *FixedBufferAllocator, ptr: [*]u8) bool
std.heap.FixedBufferAllocator.ownsSlice	fn ownsSlice(self: *FixedBufferAllocator, slice: []u8) bool
std.heap.FixedBufferAllocator.isLastAllocation	fn isLastAllocation(self: *FixedBufferAllocator, buf: []u8) bool
std.heap.FixedBufferAllocator.alloc	fn alloc(ctx: *anyopaque, n: usize, alignment: mem.Alignment, ra: usize) ?[*]u8
std.heap.FixedBufferAllocator.resize	fn resize( ctx: *anyopaque, buf: []u8, alignment: mem.Alignment, new_size: usize, return_address: usize, ) bool
std.heap.FixedBufferAllocator.remap	fn remap( context: *anyopaque, memory: []u8, alignment: mem.Alignment, new_len: usize, return_address: usize, ) ?[*]u8
std.heap.FixedBufferAllocator.free	fn free( ctx: *anyopaque, buf: []u8, alignment: mem.Alignment, return_address: usize, ) void
std.heap.FixedBufferAllocator.reset	fn reset(self: *FixedBufferAllocator) void
std.heap.PageAllocator.map	fn map(n: usize, alignment: Alignment) ?[*]u8
std.heap.PageAllocator.unmap	fn unmap(memory: []align(page_size_min) u8) void
std.heap.PageAllocator.realloc	fn realloc(uncasted_memory: []u8, alignment: Alignment, new_len: usize, may_move: bool) ?[*]u8
std.heap.DebugAllocator	fn DebugAllocator(comptime config: Config) type
std.heap.MemoryPool	fn MemoryPool(comptime Item: type) type
std.heap.memory_pool.Managed	fn Managed(comptime Item: type) type
std.heap.memory_pool.Aligned	fn Aligned(comptime Item: type, comptime alignment: Alignment) type
std.heap.memory_pool.AlignedManaged	fn AlignedManaged(comptime Item: type, comptime alignment: Alignment) type
std.heap.memory_pool.Extra	fn Extra(comptime Item: type, comptime pool_options: Options) type
std.heap.memory_pool.Extra().initCapacity	fn initCapacity(allocator: Allocator, num: usize) Allocator.Error!Pool
std.heap.memory_pool.Extra().deinit	fn deinit(pool: *Pool, allocator: Allocator) void
std.heap.memory_pool.Extra().toManaged	fn toManaged(pool: Pool, allocator: Allocator) ExtraManaged(Item, pool_options)
std.heap.memory_pool.Extra().addCapacity	fn addCapacity(pool: *Pool, allocator: Allocator, num: usize) Allocator.Error!void
std.heap.memory_pool.Extra().reset	fn reset(pool: *Pool, allocator: Allocator, mode: ResetMode) bool
std.heap.memory_pool.Extra().create	fn create(pool: *Pool, allocator: Allocator) Allocator.Error!ItemPtr
std.heap.memory_pool.Extra().destroy	fn destroy(pool: *Pool, ptr: ItemPtr) void
std.heap.memory_pool.ExtraManaged	fn ExtraManaged(comptime Item: type, comptime pool_options: Options) type
std.heap.memory_pool.ExtraManaged().init	fn init(allocator: Allocator) Pool
std.heap.memory_pool.ExtraManaged().initCapacity	fn initCapacity(allocator: Allocator, num: usize) Allocator.Error!Pool
std.heap.memory_pool.ExtraManaged().deinit	fn deinit(pool: *Pool) void
std.heap.memory_pool.ExtraManaged().addCapacity	fn addCapacity(pool: *Pool, num: usize) Allocator.Error!void
std.heap.memory_pool.ExtraManaged().reset	fn reset(pool: *Pool, mode: ResetMode) bool
std.heap.memory_pool.ExtraManaged().create	fn create(pool: *Pool) Allocator.Error!ItemPtr
std.heap.memory_pool.ExtraManaged().destroy	fn destroy(pool: *Pool, ptr: ItemPtr) void
std.heap.pageSize	fn pageSize() usize
std.heap.defaultQueryPageSize	fn defaultQueryPageSize() usize
std.heap.stackFallback	fn stackFallback(comptime size: usize, fallback_allocator: Allocator) StackFallbackAllocator(size)
std.heap.StackFallbackAllocator	fn StackFallbackAllocator(comptime size: usize) type
std.heap.StackFallbackAllocator().get	fn get(self: *Self) Allocator
std.heap.testAllocator	fn testAllocator(base_allocator: mem.Allocator) !void
std.heap.testAllocatorAligned	fn testAllocatorAligned(base_allocator: mem.Allocator) !void
std.heap.testAllocatorLargeAlignment	fn testAllocatorLargeAlignment(base_allocator: mem.Allocator) !void
std.heap.testAllocatorAlignedShrink	fn testAllocatorAlignedShrink(base_allocator: mem.Allocator) !void
std.http.Client.ConnectionPool.findConnection	fn findConnection(pool: *ConnectionPool, io: Io, criteria: Criteria) ?*Connection
std.http.Client.ConnectionPool.acquireUnsafe	fn acquireUnsafe(pool: *ConnectionPool, connection: *Connection) void
std.http.Client.ConnectionPool.acquire	fn acquire(pool: *ConnectionPool, io: Io, connection: *Connection) void
std.http.Client.ConnectionPool.release	fn release(pool: *ConnectionPool, connection: *Connection, io: Io) void
std.http.Client.ConnectionPool.addUsed	fn addUsed(pool: *ConnectionPool, io: Io, connection: *Connection) void
std.http.Client.ConnectionPool.resize	fn resize(pool: *ConnectionPool, io: Io, allocator: Allocator, new_size: usize) void
std.http.Client.ConnectionPool.deinit	fn deinit(pool: *ConnectionPool, io: Io) void
std.http.Client.Protocol.fromScheme	fn fromScheme(scheme: []const u8) ?Protocol
std.http.Client.Protocol.fromUri	fn fromUri(uri: Uri) ?Protocol
std.http.Client.Connection.getReadError	fn getReadError(c: *const Connection) ?ReadError
std.http.Client.Connection.host	fn host(c: *Connection) HostName
std.http.Client.Connection.destroy	fn destroy(c: *Connection, io: Io) void
std.http.Client.Connection.writer	fn writer(c: *Connection) *Writer
std.http.Client.Connection.reader	fn reader(c: *Connection) *Reader
std.http.Client.Connection.flush	fn flush(c: *Connection) Writer.Error!void
std.http.Client.Connection.end	fn end(c: *Connection) Writer.Error!void
std.http.Client.Response.Head.parse	fn parse(bytes: []const u8) ParseError!Head
std.http.Client.Response.Head.iterateHeaders	fn iterateHeaders(h: Head) http.HeaderIterator
std.http.Client.Response.reader	fn reader(response: *Response, transfer_buffer: []u8) *Reader
std.http.Client.Response.readerDecompressing	fn readerDecompressing( response: *Response, transfer_buffer: []u8, decompress: *http.Decompress, decompress_buffer: []u8, ) *Reader
std.http.Client.Response.bodyErr	fn bodyErr(response: *const Response) ?http.Reader.BodyError
std.http.Client.Response.iterateTrailers	fn iterateTrailers(response: *const Response) http.HeaderIterator
std.http.Client.Request.RedirectBehavior.init	fn init(n: u16) RedirectBehavior
std.http.Client.Request.RedirectBehavior.subtractOne	fn subtractOne(rb: *RedirectBehavior) void
std.http.Client.Request.RedirectBehavior.remaining	fn remaining(rb: RedirectBehavior) u16
std.http.Client.Request.deinit	fn deinit(r: *Request) void
std.http.Client.Request.sendBodiless	fn sendBodiless(r: *Request) Writer.Error!void
std.http.Client.Request.sendBodilessUnflushed	fn sendBodilessUnflushed(r: *Request) Writer.Error!void
std.http.Client.Request.sendBody	fn sendBody(r: *Request, buffer: []u8) Writer.Error!http.BodyWriter
std.http.Client.Request.sendBodyComplete	fn sendBodyComplete(r: *Request, body: []u8) Writer.Error!void
std.http.Client.Request.sendBodyUnflushed	fn sendBodyUnflushed(r: *Request, buffer: []u8) Writer.Error!http.BodyWriter
std.http.Client.Request.receiveHead	fn receiveHead(r: *Request, redirect_buffer: []u8) ReceiveHeadError!Response
std.http.Client.deinit	fn deinit(client: *Client) void
std.http.Client.initDefaultProxies	fn initDefaultProxies(client: *Client, arena: Allocator, environ_map: *const std.process.Environ.Map) !void
std.http.Client.basic_authorization.valueLength	fn valueLength(user_len: usize, password_len: usize) usize
std.http.Client.basic_authorization.valueLengthFromUri	fn valueLengthFromUri(uri: Uri) usize
std.http.Client.basic_authorization.value	fn value(uri: Uri, out: []u8) []u8
std.http.Client.basic_authorization.write	fn write(uri: Uri, out: *Writer) Writer.Error!void
std.http.Client.connectTcp	fn connectTcp( client: *Client, host: HostName, port: u16, protocol: Protocol, ) ConnectTcpError!*Connection
std.http.Client.connectTcpOptions	fn connectTcpOptions(client: *Client, options: ConnectTcpOptions) ConnectTcpError!*Connection
std.http.Client.connectUnix	fn connectUnix(client: *Client, path: []const u8) ConnectUnixError!*Connection
std.http.Client.connectProxied	fn connectProxied( client: *Client, proxy: *Proxy, proxied_host: HostName, proxied_port: u16, ) !*Connection
std.http.Client.connect	fn connect( client: *Client, host: HostName, port: u16, protocol: Protocol, ) ConnectError!*Connection
std.http.Client.request	fn request( client: *Client, method: http.Method, uri: Uri, options: RequestOptions, ) RequestError!Request
std.http.Client.fetch	fn fetch(client: *Client, options: FetchOptions) FetchError!FetchResult
std.http.Server.init	fn init(in: *Reader, out: *Writer) Server
std.http.Server.receiveHead	fn receiveHead(s: *Server) ReceiveHeadError!Request
std.http.Server.Request.Head.parse	fn parse(bytes: []const u8) ParseError!Head
std.http.Server.Request.iterateHeaders	fn iterateHeaders(r: *const Request) http.HeaderIterator
std.http.Server.Request.respond	fn respond( request: *Request, content: []const u8, options: RespondOptions, ) ExpectContinueError!void
std.http.Server.Request.respondUnflushed	fn respondUnflushed( request: *Request, content: []const u8, options: RespondOptions, ) ExpectContinueError!void
std.http.Server.Request.respondStreaming	fn respondStreaming( request: *Request, buffer: []u8, options: RespondStreamingOptions, ) ExpectContinueError!http.BodyWriter
std.http.Server.Request.upgradeRequested	fn upgradeRequested(request: *const Request) UpgradeRequest
std.http.Server.Request.respondWebSocket	fn respondWebSocket(request: *Request, options: WebSocketOptions) ExpectContinueError!WebSocket
std.http.Server.Request.readerExpectContinue	fn readerExpectContinue(request: *Request, buffer: []u8) ExpectContinueError!*Reader
std.http.Server.Request.readerExpectNone	fn readerExpectNone(request: *Request, buffer: []u8) *Reader
std.http.Server.Request.writeExpectContinue	fn writeExpectContinue(request: *Request) ExpectContinueError!void
std.http.Server.WebSocket.readSmallMessage	fn readSmallMessage(ws: *WebSocket) ReadSmallTextMessageError!SmallMessage
std.http.Server.WebSocket.writeMessage	fn writeMessage(ws: *WebSocket, data: []const u8, op: Opcode) Writer.Error!void
std.http.Server.WebSocket.writeMessageUnflushed	fn writeMessageUnflushed(ws: *WebSocket, data: []const u8, op: Opcode) Writer.Error!void
std.http.Server.WebSocket.writeMessageVec	fn writeMessageVec(ws: *WebSocket, data: [][]const u8, op: Opcode) Writer.Error!void
std.http.Server.WebSocket.writeMessageVecUnflushed	fn writeMessageVecUnflushed(ws: *WebSocket, data: [][]const u8, op: Opcode) Writer.Error!void
std.http.Server.WebSocket.flush	fn flush(ws: *WebSocket) Writer.Error!void
std.http.HeadParser.feed	fn feed(p: *HeadParser, bytes: []const u8) usize
std.http.ChunkParser.feed	fn feed(p: *ChunkParser, bytes: []const u8) usize
std.http.HeaderIterator.init	fn init(bytes: []const u8) HeaderIterator
std.http.HeaderIterator.next	fn next(it: *HeaderIterator) ?std.http.Header
std.http.Method.requestHasBody	fn requestHasBody(m: Method) bool
std.http.Method.responseHasBody	fn responseHasBody(m: Method) bool
std.http.Method.safe	fn safe(m: Method) bool
std.http.Method.idempotent	fn idempotent(m: Method) bool
std.http.Method.cacheable	fn cacheable(m: Method) bool
std.http.Status.phrase	fn phrase(self: Status) ?[]const u8
std.http.Status.class	fn class(self: Status) Class
std.http.ContentEncoding.fromString	fn fromString(s: []const u8) ?ContentEncoding
std.http.ContentEncoding.minBufferCapacity	fn minBufferCapacity(ce: ContentEncoding) usize
std.http.Reader.RemainingChunkLen.init	fn init(integer: u64) RemainingChunkLen
std.http.Reader.RemainingChunkLen.int	fn int(rcl: RemainingChunkLen) u64
std.http.Reader.receiveHead	fn receiveHead(reader: *Reader) HeadError![]const u8
std.http.Reader.bodyReader	fn bodyReader( reader: *Reader, transfer_buffer: []u8, transfer_encoding: TransferEncoding, content_length: ?u64, ) *std.Io.Reader
std.http.Reader.bodyReaderDecompressing	fn bodyReaderDecompressing( reader: *Reader, transfer_buffer: []u8, transfer_encoding: TransferEncoding, content_length: ?u64, content_encoding: ContentEncoding, decompress: *Decompress, decompress_buffer: []u8, ) *std.Io.Reader
std.http.Decompress.init	fn init( decompress: *Decompress, transfer_reader: *std.Io.Reader, buffer: []u8, content_encoding: ContentEncoding, ) *std.Io.Reader
std.http.BodyWriter.isEliding	fn isEliding(w: *const BodyWriter) bool
std.http.BodyWriter.flush	fn flush(w: *BodyWriter) Error!void
std.http.BodyWriter.end	fn end(w: *BodyWriter) Error!void
std.http.BodyWriter.endUnflushed	fn endUnflushed(w: *BodyWriter) Error!void
std.http.BodyWriter.endChunked	fn endChunked(w: *BodyWriter, options: EndChunkedOptions) Error!void
std.http.BodyWriter.endChunkedUnflushed	fn endChunkedUnflushed(w: *BodyWriter, options: EndChunkedOptions) Error!void
std.http.BodyWriter.contentLengthDrain	fn contentLengthDrain(w: *Writer, data: []const []const u8, splat: usize) Error!usize
std.http.BodyWriter.noneDrain	fn noneDrain(w: *Writer, data: []const []const u8, splat: usize) Error!usize
std.http.BodyWriter.elidingDrain	fn elidingDrain(w: *Writer, data: []const []const u8, splat: usize) Error!usize
std.http.BodyWriter.elidingSendFile	fn elidingSendFile(w: *Writer, file_reader: *File.Reader, limit: std.Io.Limit) Writer.FileError!usize
std.http.BodyWriter.noneSendFile	fn noneSendFile(w: *Writer, file_reader: *File.Reader, limit: std.Io.Limit) Writer.FileError!usize
std.http.BodyWriter.contentLengthSendFile	fn contentLengthSendFile(w: *Writer, file_reader: *File.Reader, limit: std.Io.Limit) Writer.FileError!usize
std.http.BodyWriter.chunkedSendFile	fn chunkedSendFile(w: *Writer, file_reader: *File.Reader, limit: std.Io.Limit) Writer.FileError!usize
std.http.BodyWriter.chunkedDrain	fn chunkedDrain(w: *Writer, data: []const []const u8, splat: usize) Error!usize
std.json.Value.parseFromNumberSlice	fn parseFromNumberSlice(s: []const u8) Value
std.json.Value.dump	fn dump(v: Value) void
std.json.Value.jsonStringify	fn jsonStringify(value: @This(), jws: anytype) !void
std.json.Value.jsonParse	fn jsonParse(allocator: Allocator, source: anytype, options: ParseOptions) ParseError(@TypeOf(source.*))!@This()
std.json.Value.jsonParseFromValue	fn jsonParseFromValue(allocator: Allocator, source: Value, options: ParseOptions) !@This()
std.json.ArrayHashMap	fn ArrayHashMap(comptime T: type) type
std.json.Scanner.initStreaming	fn initStreaming(allocator: Allocator) @This()
std.json.Scanner.initCompleteInput	fn initCompleteInput(allocator: Allocator, complete_input: []const u8) @This()
std.json.Scanner.deinit	fn deinit(self: *@This()) void
std.json.Scanner.enableDiagnostics	fn enableDiagnostics(self: *@This(), diagnostics: *Diagnostics) void
std.json.Scanner.feedInput	fn feedInput(self: *@This(), input: []const u8) void
std.json.Scanner.endInput	fn endInput(self: *@This()) void
std.json.Scanner.nextAlloc	fn nextAlloc(self: *@This(), allocator: Allocator, when: AllocWhen) AllocError!Token
std.json.Scanner.nextAllocMax	fn nextAllocMax(self: *@This(), allocator: Allocator, when: AllocWhen, max_value_len: usize) AllocError!Token
std.json.Scanner.allocNextIntoArrayList	fn allocNextIntoArrayList(self: *@This(), value_list: *std.array_list.Managed(u8), when: AllocWhen) AllocIntoArrayListError!?[]const u8
std.json.Scanner.allocNextIntoArrayListMax	fn allocNextIntoArrayListMax(self: *@This(), value_list: *std.array_list.Managed(u8), when: AllocWhen, max_value_len: usize) AllocIntoArrayListError!?[]const u8
std.json.Scanner.skipValue	fn skipValue(self: *@This()) SkipError!void
std.json.Scanner.skipUntilStackHeight	fn skipUntilStackHeight(self: *@This(), terminal_stack_height: usize) NextError!void
std.json.Scanner.stackHeight	fn stackHeight(self: *const @This()) usize
std.json.Scanner.ensureTotalStackCapacity	fn ensureTotalStackCapacity(self: *@This(), height: usize) Allocator.Error!void
std.json.Scanner.next	fn next(self: *@This()) NextError!Token
std.json.Scanner.peekNextTokenType	fn peekNextTokenType(self: *@This()) PeekError!TokenType
std.json.Scanner.validate	fn validate(allocator: Allocator, s: []const u8) Allocator.Error!bool
std.json.Scanner.Diagnostics.getLine	fn getLine(self: *const @This()) u64
std.json.Scanner.Diagnostics.getColumn	fn getColumn(self: *const @This()) u64
std.json.Scanner.Diagnostics.getByteOffset	fn getByteOffset(self: *const @This()) u64
std.json.Scanner.Reader.init	fn init(allocator: Allocator, io_reader: *std.Io.Reader) @This()
std.json.Scanner.Reader.deinit	fn deinit(self: *@This()) void
std.json.Scanner.Reader.enableDiagnostics	fn enableDiagnostics(self: *@This(), diagnostics: *Diagnostics) void
std.json.Scanner.Reader.nextAlloc	fn nextAlloc(self: *@This(), allocator: Allocator, when: AllocWhen) Reader.AllocError!Token
std.json.Scanner.Reader.nextAllocMax	fn nextAllocMax(self: *@This(), allocator: Allocator, when: AllocWhen, max_value_len: usize) Reader.AllocError!Token
std.json.Scanner.Reader.allocNextIntoArrayList	fn allocNextIntoArrayList(self: *@This(), value_list: *std.array_list.Managed(u8), when: AllocWhen) Reader.AllocError!?[]const u8
std.json.Scanner.Reader.allocNextIntoArrayListMax	fn allocNextIntoArrayListMax(self: *@This(), value_list: *std.array_list.Managed(u8), when: AllocWhen, max_value_len: usize) Reader.AllocError!?[]const u8
std.json.Scanner.Reader.skipValue	fn skipValue(self: *@This()) Reader.SkipError!void
std.json.Scanner.Reader.skipUntilStackHeight	fn skipUntilStackHeight(self: *@This(), terminal_stack_height: usize) Reader.NextError!void
std.json.Scanner.Reader.stackHeight	fn stackHeight(self: *const @This()) usize
std.json.Scanner.Reader.ensureTotalStackCapacity	fn ensureTotalStackCapacity(self: *@This(), height: usize) Allocator.Error!void
std.json.Scanner.Reader.next	fn next(self: *@This()) Reader.NextError!Token
std.json.Scanner.Reader.peekNextTokenType	fn peekNextTokenType(self: *@This()) Reader.PeekError!TokenType
std.json.Scanner.isNumberFormattedLikeAnInteger	fn isNumberFormattedLikeAnInteger(value: []const u8) bool
std.json.Parsed	fn Parsed(comptime T: type) type
std.json.parseFromSlice	fn parseFromSlice( comptime T: type, allocator: Allocator, s: []const u8, options: ParseOptions, ) ParseError(Scanner)!Parsed(T)
std.json.parseFromSliceLeaky	fn parseFromSliceLeaky( comptime T: type, allocator: Allocator, s: []const u8, options: ParseOptions, ) ParseError(Scanner)!T
std.json.parseFromTokenSource	fn parseFromTokenSource( comptime T: type, allocator: Allocator, scanner_or_reader: anytype, options: ParseOptions, ) ParseError(@TypeOf(scanner_or_reader.*))!Parsed(T)
std.json.parseFromTokenSourceLeaky	fn parseFromTokenSourceLeaky( comptime T: type, allocator: Allocator, scanner_or_reader: anytype, options: ParseOptions, ) ParseError(@TypeOf(scanner_or_reader.*))!T
std.json.innerParse	fn innerParse( comptime T: type, allocator: Allocator, source: anytype, options: ParseOptions, ) ParseError(@TypeOf(source.*))!T
std.json.parseFromValue	fn parseFromValue( comptime T: type, allocator: Allocator, source: Value, options: ParseOptions, ) ParseFromValueError!Parsed(T)
std.json.parseFromValueLeaky	fn parseFromValueLeaky( comptime T: type, allocator: Allocator, source: Value, options: ParseOptions, ) ParseFromValueError!T
std.json.innerParseFromValue	fn innerParseFromValue( comptime T: type, allocator: Allocator, source: Value, options: ParseOptions, ) ParseFromValueError!T
std.json.ParseError	fn ParseError(comptime Source: type) type
std.json.Stringify.beginArray	fn beginArray(self: *Stringify) Error!void
std.json.Stringify.beginObject	fn beginObject(self: *Stringify) Error!void
std.json.Stringify.endArray	fn endArray(self: *Stringify) Error!void
std.json.Stringify.endObject	fn endObject(self: *Stringify) Error!void
std.json.Stringify.print	fn print(self: *Stringify, comptime fmt: []const u8, args: anytype) Error!void
std.json.Stringify.beginWriteRaw	fn beginWriteRaw(self: *Stringify) !void
std.json.Stringify.endWriteRaw	fn endWriteRaw(self: *Stringify) void
std.json.Stringify.objectField	fn objectField(self: *Stringify, key: []const u8) Error!void
std.json.Stringify.objectFieldRaw	fn objectFieldRaw(self: *Stringify, quoted_key: []const u8) Error!void
std.json.Stringify.beginObjectFieldRaw	fn beginObjectFieldRaw(self: *Stringify) !void
std.json.Stringify.endObjectFieldRaw	fn endObjectFieldRaw(self: *Stringify) void
std.json.Stringify.write	fn write(self: *Stringify, v: anytype) Error!void
std.json.Stringify.value	fn value(v: anytype, options: Options, writer: *Writer) Error!void
std.json.Stringify.valueAlloc	fn valueAlloc(gpa: Allocator, v: anytype, options: Options) error{OutOfMemory}![]u8
std.json.Stringify.encodeJsonString	fn encodeJsonString(string: []const u8, options: Options, writer: *Writer) Error!void
std.json.Stringify.encodeJsonStringChars	fn encodeJsonStringChars(chars: []const u8, options: Options, writer: *Writer) Error!void
std.json.fmt	fn fmt(value: anytype, options: Stringify.Options) Formatter(@TypeOf(value))
std.json.Formatter	fn Formatter(comptime T: type) type
std.json.Formatter().format	fn format(self: @This(), writer: *std.Io.Writer) std.Io.Writer.Error!void
std.leb.writeUnsignedFixed	fn writeUnsignedFixed(comptime l: usize, ptr: *[l]u8, int: std.meta.Int(.unsigned, l * 7)) void
std.leb.writeUnsignedExtended	fn writeUnsignedExtended(slice: []u8, arg: anytype) void
std.leb.writeSignedFixed	fn writeSignedFixed(comptime l: usize, ptr: *[l]u8, int: std.meta.Int(.signed, l * 7)) void
std.log.Level.asText	fn asText(comptime self: Level) []const u8
std.log.logEnabled	fn logEnabled(comptime level: Level, comptime scope: @EnumLiteral()) bool
std.log.defaultTerminalMode	fn defaultTerminalMode() std.Io.Terminal.Mode
std.log.defaultLog	fn defaultLog( comptime level: Level, comptime scope: @EnumLiteral(), comptime format: []const u8, args: anytype, ) void
std.log.defaultLogFileTerminal	fn defaultLogFileTerminal( comptime level: Level, comptime scope: @EnumLiteral(), comptime format: []const u8, args: anytype, t: std.Io.Terminal, ) std.Io.Writer.Error!void
std.log.scoped	fn scoped(comptime scope: @EnumLiteral()) type
std.log.scoped().err	fn err( comptime format: []const u8, args: anytype, ) void
std.log.scoped().warn	fn warn( comptime format: []const u8, args: anytype, ) void
std.log.scoped().info	fn info( comptime format: []const u8, args: anytype, ) void
std.log.scoped().debug	fn debug( comptime format: []const u8, args: anytype, ) void
std.macho.segment_command_64.segName	fn segName(seg: *const segment_command_64) []const u8
std.macho.segment_command_64.isWriteable	fn isWriteable(seg: segment_command_64) bool
std.macho.section_64.sectName	fn sectName(sect: *const section_64) []const u8
std.macho.section_64.segName	fn segName(sect: *const section_64) []const u8
std.macho.section_64.@"type"	fn @"type"(sect: section_64) u8
std.macho.section_64.attrs	fn attrs(sect: section_64) u32
std.macho.section_64.isCode	fn isCode(sect: section_64) bool
std.macho.section_64.isZerofill	fn isZerofill(sect: section_64) bool
std.macho.section_64.isSymbolStubs	fn isSymbolStubs(sect: section_64) bool
std.macho.section_64.isDebug	fn isDebug(sect: section_64) bool
std.macho.section_64.isDontDeadStrip	fn isDontDeadStrip(sect: section_64) bool
std.macho.section_64.isDontDeadStripIfReferencesLive	fn isDontDeadStripIfReferencesLive(sect: section_64) bool
std.macho.nlist_64.tentative	fn tentative(sym: nlist_64) bool
std.macho.LoadCommandIterator.LoadCommand.cast	fn cast(lc: LoadCommand, comptime Cmd: type) ?Cmd
std.macho.LoadCommandIterator.LoadCommand.getSections	fn getSections(lc: LoadCommand) []align(1) const section_64
std.macho.LoadCommandIterator.LoadCommand.getDylibPathName	fn getDylibPathName(lc: LoadCommand) []const u8
std.macho.LoadCommandIterator.LoadCommand.getRpathPathName	fn getRpathPathName(lc: LoadCommand) []const u8
std.macho.LoadCommandIterator.LoadCommand.getBuildVersionTools	fn getBuildVersionTools(lc: LoadCommand) []align(1) const build_tool_version
std.macho.LoadCommandIterator.next	fn next(it: *LoadCommandIterator) error{InvalidMachO}!?LoadCommand
std.macho.LoadCommandIterator.init	fn init(hdr: *const mach_header_64, cmds_buf_overlong: []const u8) error{InvalidMachO}!LoadCommandIterator
std.math.approxEqAbs	fn approxEqAbs(comptime T: type, x: T, y: T, tolerance: T) bool
std.math.approxEqRel	fn approxEqRel(comptime T: type, x: T, y: T, tolerance: T) bool
std.math.raiseInvalid	fn raiseInvalid() void
std.math.raiseUnderflow	fn raiseUnderflow() void
std.math.raiseOverflow	fn raiseOverflow() void
std.math.raiseInexact	fn raiseInexact() void
std.math.raiseDivByZero	fn raiseDivByZero() void
std.math.isNan	fn isNan(x: anytype) bool
std.math.isSignalNan	fn isSignalNan(x: anytype) bool
std.math.frexp	fn frexp(x: anytype) Frexp(@TypeOf(x))
std.math.Frexp	fn Frexp(comptime T: type) type
std.math.modf	fn modf(x: anytype) Modf(@TypeOf(x))
std.math.Modf	fn Modf(comptime T: type) type
std.math.copysign	fn copysign(magnitude: anytype, sign: @TypeOf(magnitude)) @TypeOf(magnitude)
std.math.isFinite	fn isFinite(x: anytype) bool
std.math.isInf	fn isInf(x: anytype) bool
std.math.isPositiveInf	fn isPositiveInf(x: anytype) bool
std.math.isNegativeInf	fn isNegativeInf(x: anytype) bool
std.math.isPositiveZero	fn isPositiveZero(x: anytype) bool
std.math.isNegativeZero	fn isNegativeZero(x: anytype) bool
std.math.isNormal	fn isNormal(x: anytype) bool
std.math.nextAfter	fn nextAfter(comptime T: type, x: T, y: T) T
std.math.signbit	fn signbit(x: anytype) bool
std.math.scalbn	fn ldexp(x: anytype, n: i32) @TypeOf(x)
std.math.ldexp	fn ldexp(x: anytype, n: i32) @TypeOf(x)
std.math.pow	fn pow(comptime T: type, x: T, y: T) T
std.math.powi	fn powi(comptime T: type, x: T, y: T) (error{ Overflow, Underflow, }!T)
std.math.sqrt	fn sqrt(x: anytype) Sqrt(@TypeOf(x))
std.math.cbrt	fn cbrt(x: anytype) @TypeOf(x)
std.math.acos	fn acos(x: anytype) @TypeOf(x)
std.math.asin	fn asin(x: anytype) @TypeOf(x)
std.math.atan	fn atan(x: anytype) @TypeOf(x)
std.math.atan2	fn atan2(y: anytype, x: anytype) @TypeOf(x, y)
std.math.hypot	fn hypot(x: anytype, y: anytype) @TypeOf(x, y)
std.math.expm1	fn expm1(x: anytype) @TypeOf(x)
std.math.ilogb	fn ilogb(x: anytype) i32
std.math.log	fn log(comptime T: type, base: T, x: T) T
std.math.log2	fn log2(x: anytype) @TypeOf(x)
std.math.log10	fn log10(x: anytype) @TypeOf(x)
std.math.log10_int	fn log10_int(x: anytype) std.math.Log2Int(@TypeOf(x))
std.math.log_int	fn log_int(comptime T: type, base: T, x: T) Log2Int(T)
std.math.log1p	fn log1p(x: anytype) @TypeOf(x)
std.math.asinh	fn asinh(x: anytype) @TypeOf(x)
std.math.acosh	fn acosh(x: anytype) @TypeOf(x)
std.math.atanh	fn atanh(x: anytype) @TypeOf(x)
std.math.sinh	fn sinh(x: anytype) @TypeOf(x)
std.math.cosh	fn cosh(x: anytype) @TypeOf(x)
std.math.tanh	fn tanh(x: anytype) @TypeOf(x)
std.math.gcd	fn gcd(a: anytype, b: anytype) @TypeOf(a, b)
std.math.lcm	fn lcm(a: anytype, b: anytype) @TypeOf(a, b)
std.math.gamma	fn gamma(comptime T: type, x: T) T
std.math.lgamma	fn lgamma(comptime T: type, x: T) T
std.math.sin	fn sin(value: anytype) @TypeOf(value)
std.math.cos	fn cos(value: anytype) @TypeOf(value)
std.math.tan	fn tan(value: anytype) @TypeOf(value)
std.math.radiansToDegrees	fn radiansToDegrees(ang: anytype) if (@TypeOf(ang) == comptime_int) comptime_float else @TypeOf(ang)
std.math.degreesToRadians	fn degreesToRadians(ang: anytype) if (@TypeOf(ang) == comptime_int) comptime_float else @TypeOf(ang)
std.math.exp	fn exp(value: anytype) @TypeOf(value)
std.math.exp2	fn exp2(value: anytype) @TypeOf(value)
std.math.complex.abs	fn abs(z: anytype) @TypeOf(z.re, z.im)
std.math.complex.acosh	fn acosh(z: anytype) Complex(@TypeOf(z.re, z.im))
std.math.complex.acos	fn acos(z: anytype) Complex(@TypeOf(z.re, z.im))
std.math.complex.arg	fn arg(z: anytype) @TypeOf(z.re, z.im)
std.math.complex.asinh	fn asinh(z: anytype) Complex(@TypeOf(z.re, z.im))
std.math.complex.asin	fn asin(z: anytype) Complex(@TypeOf(z.re, z.im))
std.math.complex.atanh	fn atanh(z: anytype) Complex(@TypeOf(z.re, z.im))
std.math.complex.atan	fn atan(z: anytype) Complex(@TypeOf(z.re, z.im))
std.math.complex.conj	fn conj(z: anytype) Complex(@TypeOf(z.re, z.im))
std.math.complex.cosh	fn cosh(z: anytype) Complex(@TypeOf(z.re, z.im))
std.math.complex.cos	fn cos(z: anytype) Complex(@TypeOf(z.re, z.im))
std.math.complex.exp	fn exp(z: anytype) Complex(@TypeOf(z.re, z.im))
std.math.complex.log	fn log(z: anytype) Complex(@TypeOf(z.re, z.im))
std.math.complex.pow	fn pow(z: anytype, s: anytype) Complex(@TypeOf(z.re, z.im, s.re, s.im))
std.math.complex.proj	fn proj(z: anytype) Complex(@TypeOf(z.re, z.im))
std.math.complex.sinh	fn sinh(z: anytype) Complex(@TypeOf(z.re, z.im))
std.math.complex.sin	fn sin(z: anytype) Complex(@TypeOf(z.re, z.im))
std.math.complex.sqrt	fn sqrt(z: anytype) Complex(@TypeOf(z.re, z.im))
std.math.complex.tanh	fn tanh(z: anytype) Complex(@TypeOf(z.re, z.im))
std.math.complex.tan	fn tan(z: anytype) Complex(@TypeOf(z.re, z.im))
std.math.complex.Complex	fn Complex(comptime T: type) type
std.math.complex.Complex().init	fn init(re: T, im: T) Self
std.math.complex.Complex().add	fn add(self: Self, other: Self) Self
std.math.complex.Complex().sub	fn sub(self: Self, other: Self) Self
std.math.complex.Complex().mul	fn mul(self: Self, other: Self) Self
std.math.complex.Complex().div	fn div(self: Self, other: Self) Self
std.math.complex.Complex().conjugate	fn conjugate(self: Self) Self
std.math.complex.Complex().neg	fn neg(self: Self) Self
std.math.complex.Complex().mulbyi	fn mulbyi(self: Self) Self
std.math.complex.Complex().reciprocal	fn reciprocal(self: Self) Self
std.math.complex.Complex().magnitude	fn magnitude(self: Self) T
std.math.complex.Complex().squaredMagnitude	fn squaredMagnitude(self: Self) T
std.math.big.int.calcLimbLen	fn calcLimbLen(scalar: anytype) usize
std.math.big.int.calcLog10LimbsBufferLen	fn calcLog10LimbsBufferLen(a_len: usize) usize
std.math.big.int.calcToStringLimbsBufferLen	fn calcToStringLimbsBufferLen(a_len: usize, base: u8) usize
std.math.big.int.calcDivLimbsBufferLen	fn calcDivLimbsBufferLen(a_len: usize, b_len: usize) usize
std.math.big.int.calcMulLimbsBufferLen	fn calcMulLimbsBufferLen(a_len: usize, b_len: usize, aliases: usize) usize
std.math.big.int.calcMulWrapLimbsBufferLen	fn calcMulWrapLimbsBufferLen(bit_count: usize, a_len: usize, b_len: usize, aliases: usize) usize
std.math.big.int.calcSetStringLimbsBufferLen	fn calcSetStringLimbsBufferLen(base: u8, string_len: usize) usize
std.math.big.int.calcSetStringLimbCount	fn calcSetStringLimbCount(base: u8, string_len: usize) usize
std.math.big.int.calcPowLimbsBufferLen	fn calcPowLimbsBufferLen(a_bit_count: usize, y: usize) usize
std.math.big.int.calcSqrtLimbsBufferLen	fn calcSqrtLimbsBufferLen(a_bit_count: usize) usize
std.math.big.int.calcNonZeroTwosCompLimbCount	fn calcNonZeroTwosCompLimbCount(bit_count: usize) usize
std.math.big.int.calcTwosCompLimbCount	fn calcTwosCompLimbCount(bit_count: usize) usize
std.math.big.int.addMulLimbWithCarry	fn addMulLimbWithCarry(a: Limb, b: Limb, c: Limb, carry: *Limb) Limb
std.math.big.int.Mutable.toConst	fn toConst(self: Mutable) Const
std.math.big.int.Mutable.toInt	fn toInt(self: Mutable, comptime Int: type) ConvertError!Int
std.math.big.int.Mutable.toFloat	fn toFloat(self: Mutable, comptime Float: type, round: Round) struct { Float, Exactness }
std.math.big.int.Mutable.eqlZero	fn eqlZero(self: Mutable) bool
std.math.big.int.Mutable.toManaged	fn toManaged(self: Mutable, allocator: Allocator) Managed
std.math.big.int.Mutable.init	fn init(limbs_buffer: []Limb, value: anytype) Mutable
std.math.big.int.Mutable.copy	fn copy(self: *Mutable, other: Const) void
std.math.big.int.Mutable.swap	fn swap(self: *Mutable, other: *Mutable) void
std.math.big.int.Mutable.dump	fn dump(self: Mutable) void
std.math.big.int.Mutable.clone	fn clone(other: Mutable, limbs: []Limb) Mutable
std.math.big.int.Mutable.negate	fn negate(self: *Mutable) void
std.math.big.int.Mutable.abs	fn abs(self: *Mutable) void
std.math.big.int.Mutable.set	fn set(self: *Mutable, value: anytype) void
std.math.big.int.Mutable.setString	fn setString( self: *Mutable, base: u8, value: []const u8, ) error{InvalidCharacter}!void
std.math.big.int.Mutable.setTwosCompIntLimit	fn setTwosCompIntLimit( r: *Mutable, limit: TwosCompIntLimit, signedness: Signedness, bit_count: usize, ) void
std.math.big.int.Mutable.setFloat	fn setFloat(self: *Mutable, value: anytype, round: Round) Exactness
std.math.big.int.Mutable.addScalar	fn addScalar(r: *Mutable, a: Const, scalar: anytype) void
std.math.big.int.Mutable.add	fn add(r: *Mutable, a: Const, b: Const) void
std.math.big.int.Mutable.addWrap	fn addWrap(r: *Mutable, a: Const, b: Const, signedness: Signedness, bit_count: usize) bool
std.math.big.int.Mutable.addSat	fn addSat(r: *Mutable, a: Const, b: Const, signedness: Signedness, bit_count: usize) void
std.math.big.int.Mutable.sub	fn sub(r: *Mutable, a: Const, b: Const) void
std.math.big.int.Mutable.subWrap	fn subWrap(r: *Mutable, a: Const, b: Const, signedness: Signedness, bit_count: usize) bool
std.math.big.int.Mutable.subSat	fn subSat(r: *Mutable, a: Const, b: Const, signedness: Signedness, bit_count: usize) void
std.math.big.int.Mutable.mul	fn mul(rma: *Mutable, a: Const, b: Const, limbs_buffer: []Limb, allocator: ?Allocator) void
std.math.big.int.Mutable.mulNoAlias	fn mulNoAlias(rma: *Mutable, a: Const, b: Const, allocator: ?Allocator) void
std.math.big.int.Mutable.mulWrap	fn mulWrap( rma: *Mutable, a: Const, b: Const, signedness: Signedness, bit_count: usize, limbs_buffer: []Limb, allocator: ?Allocator, ) void
std.math.big.int.Mutable.mulWrapNoAlias	fn mulWrapNoAlias( rma: *Mutable, a: Const, b: Const, signedness: Signedness, bit_count: usize, allocator: ?Allocator, ) void
std.math.big.int.Mutable.bitReverse	fn bitReverse(r: *Mutable, a: Const, signedness: Signedness, bit_count: usize) void
std.math.big.int.Mutable.byteSwap	fn byteSwap(r: *Mutable, a: Const, signedness: Signedness, byte_count: usize) void
std.math.big.int.Mutable.popCount	fn popCount(r: *Mutable, a: Const, bit_count: usize) void
std.math.big.int.Mutable.sqrNoAlias	fn sqrNoAlias(rma: *Mutable, a: Const, opt_allocator: ?Allocator) void
std.math.big.int.Mutable.divFloor	fn divFloor( q: *Mutable, r: *Mutable, a: Const, b: Const, limbs_buffer: []Limb, ) void
std.math.big.int.Mutable.divTrunc	fn divTrunc( q: *Mutable, r: *Mutable, a: Const, b: Const, limbs_buffer: []Limb, ) void
std.math.big.int.Mutable.shiftLeft	fn shiftLeft(r: *Mutable, a: Const, shift: usize) void
std.math.big.int.Mutable.shiftLeftSat	fn shiftLeftSat(r: *Mutable, a: Const, shift: usize, signedness: Signedness, bit_count: usize) void
std.math.big.int.Mutable.shiftRight	fn shiftRight(r: *Mutable, a: Const, shift: usize) void
std.math.big.int.Mutable.bitNotWrap	fn bitNotWrap(r: *Mutable, a: Const, signedness: Signedness, bit_count: usize) void
std.math.big.int.Mutable.bitOr	fn bitOr(r: *Mutable, a: Const, b: Const) void
std.math.big.int.Mutable.bitAnd	fn bitAnd(r: *Mutable, a: Const, b: Const) void
std.math.big.int.Mutable.bitXor	fn bitXor(r: *Mutable, a: Const, b: Const) void
std.math.big.int.Mutable.gcd	fn gcd(rma: *Mutable, x: Const, y: Const, limbs_buffer: *std.array_list.Managed(Limb)) !void
std.math.big.int.Mutable.pow	fn pow(r: *Mutable, a: Const, b: u32, limbs_buffer: []Limb) void
std.math.big.int.Mutable.sqrt	fn sqrt( r: *Mutable, a: Const, limbs_buffer: []Limb, ) void
std.math.big.int.Mutable.gcdNoAlias	fn gcdNoAlias(rma: *Mutable, x: Const, y: Const, limbs_buffer: *std.array_list.Managed(Limb)) !void
std.math.big.int.Mutable.truncate	fn truncate(r: *Mutable, a: Const, signedness: Signedness, bit_count: usize) void
std.math.big.int.Mutable.saturate	fn saturate(r: *Mutable, a: Const, signedness: Signedness, bit_count: usize) void
std.math.big.int.Mutable.readTwosComplement	fn readTwosComplement( x: *Mutable, buffer: []const u8, bit_count: usize, endian: Endian, signedness: Signedness, ) void
std.math.big.int.Mutable.readPackedTwosComplement	fn readPackedTwosComplement( x: *Mutable, buffer: []const u8, bit_offset: usize, bit_count: usize, endian: Endian, signedness: Signedness, ) void
std.math.big.int.Mutable.normalize	fn normalize(r: *Mutable, length: usize) void
std.math.big.int.Mutable.format	fn format(self: Mutable, w: *std.Io.Writer) std.Io.Writer.Error!void
std.math.big.int.Mutable.formatNumber	fn formatNumber(self: Mutable, w: *std.Io.Writer, n: std.fmt.Number) std.Io.Writer.Error!void
std.math.big.int.Const.toManaged	fn toManaged(self: Const, allocator: Allocator) Allocator.Error!Managed
std.math.big.int.Const.toMutable	fn toMutable(self: Const, limbs: []Limb) Mutable
std.math.big.int.Const.dump	fn dump(self: Const) void
std.math.big.int.Const.abs	fn abs(self: Const) Const
std.math.big.int.Const.negate	fn negate(self: Const) Const
std.math.big.int.Const.isOdd	fn isOdd(self: Const) bool
std.math.big.int.Const.isEven	fn isEven(self: Const) bool
std.math.big.int.Const.bitCountAbs	fn bitCountAbs(self: Const) usize
std.math.big.int.Const.bitCountTwosComp	fn bitCountTwosComp(self: Const) usize
std.math.big.int.Const.bitCountTwosCompForSignedness	fn bitCountTwosCompForSignedness(self: Const, signedness: std.builtin.Signedness) usize
std.math.big.int.Const.popCount	fn popCount(self: Const, bit_count: usize) usize
std.math.big.int.Const.fitsInTwosComp	fn fitsInTwosComp(self: Const, signedness: Signedness, bit_count: usize) bool
std.math.big.int.Const.fits	fn fits(self: Const, comptime T: type) bool
std.math.big.int.Const.sizeInBaseUpperBound	fn sizeInBaseUpperBound(self: Const, base: usize) usize
std.math.big.int.Const.toInt	fn toInt(self: Const, comptime Int: type) ConvertError!Int
std.math.big.int.Const.toFloat	fn toFloat(self: Const, comptime Float: type, round: Round) struct { Float, Exactness }
std.math.big.int.Const.format	fn format(self: Const, w: *std.Io.Writer) std.Io.Writer.Error!void
std.math.big.int.Const.formatNumber	fn formatNumber(self: Const, w: *std.Io.Writer, number: std.fmt.Number) std.Io.Writer.Error!void
std.math.big.int.Const.toStringAlloc	fn toStringAlloc(self: Const, allocator: Allocator, base: u8, case: std.fmt.Case) Allocator.Error![]u8
std.math.big.int.Const.toString	fn toString(self: Const, string: []u8, base: u8, case: std.fmt.Case, limbs_buffer: []Limb) usize
std.math.big.int.Const.writeTwosComplement	fn writeTwosComplement(x: Const, buffer: []u8, endian: Endian) void
std.math.big.int.Const.writePackedTwosComplement	fn writePackedTwosComplement(x: Const, buffer: []u8, bit_offset: usize, bit_count: usize, endian: Endian) void
std.math.big.int.Const.orderAbs	fn orderAbs(a: Const, b: Const) math.Order
std.math.big.int.Const.order	fn order(a: Const, b: Const) math.Order
std.math.big.int.Const.orderAgainstScalar	fn orderAgainstScalar(lhs: Const, scalar: anytype) math.Order
std.math.big.int.Const.eqlZero	fn eqlZero(a: Const) bool
std.math.big.int.Const.eqlAbs	fn eqlAbs(a: Const, b: Const) bool
std.math.big.int.Const.eql	fn eql(a: Const, b: Const) bool
std.math.big.int.Const.clz	fn clz(a: Const, bits: Limb) Limb
std.math.big.int.Const.ctz	fn ctz(a: Const, bits: Limb) Limb
std.math.big.int.Const.log2	fn log2(a: Const) Limb
std.math.big.int.Const.log10Alloc	fn log10Alloc(a: Const, allocator: Allocator) Allocator.Error!Limb
std.math.big.int.Const.log10	fn log10(a: Const, limbs_buffer: []Limb) Limb
std.math.big.int.Managed.init	fn init(allocator: Allocator) !Managed
std.math.big.int.Managed.toMutable	fn toMutable(self: Managed) Mutable
std.math.big.int.Managed.toConst	fn toConst(self: Managed) Const
std.math.big.int.Managed.initSet	fn initSet(allocator: Allocator, value: anytype) !Managed
std.math.big.int.Managed.initCapacity	fn initCapacity(allocator: Allocator, capacity: usize) !Managed
std.math.big.int.Managed.len	fn len(self: Managed) usize
std.math.big.int.Managed.isPositive	fn isPositive(self: Managed) bool
std.math.big.int.Managed.setSign	fn setSign(self: *Managed, positive: bool) void
std.math.big.int.Managed.setLen	fn setLen(self: *Managed, new_len: usize) void
std.math.big.int.Managed.setMetadata	fn setMetadata(self: *Managed, positive: bool, length: usize) void
std.math.big.int.Managed.ensureCapacity	fn ensureCapacity(self: *Managed, capacity: usize) !void
std.math.big.int.Managed.deinit	fn deinit(self: *Managed) void
std.math.big.int.Managed.clone	fn clone(other: Managed) !Managed
std.math.big.int.Managed.cloneWithDifferentAllocator	fn cloneWithDifferentAllocator(other: Managed, allocator: Allocator) !Managed
std.math.big.int.Managed.copy	fn copy(self: *Managed, other: Const) !void
std.math.big.int.Managed.swap	fn swap(self: *Managed, other: *Managed) void
std.math.big.int.Managed.dump	fn dump(self: Managed) void
std.math.big.int.Managed.negate	fn negate(self: *Managed) void
std.math.big.int.Managed.abs	fn abs(self: *Managed) void
std.math.big.int.Managed.isOdd	fn isOdd(self: Managed) bool
std.math.big.int.Managed.isEven	fn isEven(self: Managed) bool
std.math.big.int.Managed.bitCountAbs	fn bitCountAbs(self: Managed) usize
std.math.big.int.Managed.bitCountTwosComp	fn bitCountTwosComp(self: Managed) usize
std.math.big.int.Managed.fitsInTwosComp	fn fitsInTwosComp(self: Managed, signedness: Signedness, bit_count: usize) bool
std.math.big.int.Managed.fits	fn fits(self: Managed, comptime T: type) bool
std.math.big.int.Managed.sizeInBaseUpperBound	fn sizeInBaseUpperBound(self: Managed, base: usize) usize
std.math.big.int.Managed.set	fn set(self: *Managed, value: anytype) Allocator.Error!void
std.math.big.int.Managed.toInt	fn toInt(self: Managed, comptime Int: type) ConvertError!Int
std.math.big.int.Managed.toFloat	fn toFloat(self: Managed, comptime Float: type, round: Round) struct { Float, Exactness }
std.math.big.int.Managed.setString	fn setString(self: *Managed, base: u8, value: []const u8) !void
std.math.big.int.Managed.setTwosCompIntLimit	fn setTwosCompIntLimit( r: *Managed, limit: TwosCompIntLimit, signedness: Signedness, bit_count: usize, ) !void
std.math.big.int.Managed.toString	fn toString(self: Managed, allocator: Allocator, base: u8, case: std.fmt.Case) ![]u8
std.math.big.int.Managed.format	fn format(self: Managed, w: *std.Io.Writer) std.Io.Writer.Error!void
std.math.big.int.Managed.formatNumber	fn formatNumber(self: Managed, w: *std.Io.Writer, n: std.fmt.Number) std.Io.Writer.Error!void
std.math.big.int.Managed.orderAbs	fn orderAbs(a: Managed, b: Managed) math.Order
std.math.big.int.Managed.order	fn order(a: Managed, b: Managed) math.Order
std.math.big.int.Managed.eqlZero	fn eqlZero(a: Managed) bool
std.math.big.int.Managed.eqlAbs	fn eqlAbs(a: Managed, b: Managed) bool
std.math.big.int.Managed.eql	fn eql(a: Managed, b: Managed) bool
std.math.big.int.Managed.normalize	fn normalize(r: *Managed, length: usize) void
std.math.big.int.Managed.addScalar	fn addScalar(r: *Managed, a: *const Managed, scalar: anytype) Allocator.Error!void
std.math.big.int.Managed.add	fn add(r: *Managed, a: *const Managed, b: *const Managed) Allocator.Error!void
std.math.big.int.Managed.addWrap	fn addWrap( r: *Managed, a: *const Managed, b: *const Managed, signedness: Signedness, bit_count: usize, ) Allocator.Error!bool
std.math.big.int.Managed.addSat	fn addSat(r: *Managed, a: *const Managed, b: *const Managed, signedness: Signedness, bit_count: usize) Allocator.Error!void
std.math.big.int.Managed.sub	fn sub(r: *Managed, a: *const Managed, b: *const Managed) !void
std.math.big.int.Managed.subWrap	fn subWrap( r: *Managed, a: *const Managed, b: *const Managed, signedness: Signedness, bit_count: usize, ) Allocator.Error!bool
std.math.big.int.Managed.subSat	fn subSat( r: *Managed, a: *const Managed, b: *const Managed, signedness: Signedness, bit_count: usize, ) Allocator.Error!void
std.math.big.int.Managed.mul	fn mul(rma: *Managed, a: *const Managed, b: *const Managed) !void
std.math.big.int.Managed.mulWrap	fn mulWrap( rma: *Managed, a: *const Managed, b: *const Managed, signedness: Signedness, bit_count: usize, ) !void
std.math.big.int.Managed.ensureTwosCompCapacity	fn ensureTwosCompCapacity(r: *Managed, bit_count: usize) !void
std.math.big.int.Managed.ensureAddScalarCapacity	fn ensureAddScalarCapacity(r: *Managed, a: *const Managed, scalar: anytype) !void
std.math.big.int.Managed.ensureAddCapacity	fn ensureAddCapacity(r: *Managed, a: *const Managed, b: *const Managed) !void
std.math.big.int.Managed.ensureMulCapacity	fn ensureMulCapacity(rma: *Managed, a: *const Managed, b: *const Managed) !void
std.math.big.int.Managed.divFloor	fn divFloor(q: *Managed, r: *Managed, a: *const Managed, b: *const Managed) !void
std.math.big.int.Managed.divTrunc	fn divTrunc(q: *Managed, r: *Managed, a: *const Managed, b: *const Managed) !void
std.math.big.int.Managed.shiftLeft	fn shiftLeft(r: *Managed, a: *const Managed, shift: usize) !void
std.math.big.int.Managed.shiftLeftSat	fn shiftLeftSat(r: *Managed, a: *const Managed, shift: usize, signedness: Signedness, bit_count: usize) !void
std.math.big.int.Managed.shiftRight	fn shiftRight(r: *Managed, a: *const Managed, shift: usize) !void
std.math.big.int.Managed.bitNotWrap	fn bitNotWrap(r: *Managed, a: *const Managed, signedness: Signedness, bit_count: usize) !void
std.math.big.int.Managed.bitOr	fn bitOr(r: *Managed, a: *const Managed, b: *const Managed) !void
std.math.big.int.Managed.bitAnd	fn bitAnd(r: *Managed, a: *const Managed, b: *const Managed) !void
std.math.big.int.Managed.bitXor	fn bitXor(r: *Managed, a: *const Managed, b: *const Managed) !void
std.math.big.int.Managed.gcd	fn gcd(rma: *Managed, x: *const Managed, y: *const Managed) !void
std.math.big.int.Managed.sqr	fn sqr(rma: *Managed, a: *const Managed) !void
std.math.big.int.Managed.pow	fn pow(rma: *Managed, a: *const Managed, b: u32) !void
std.math.big.int.Managed.sqrt	fn sqrt(rma: *Managed, a: *const Managed) !void
std.math.big.int.Managed.truncate	fn truncate(r: *Managed, a: *const Managed, signedness: Signedness, bit_count: usize) !void
std.math.big.int.Managed.saturate	fn saturate(r: *Managed, a: *const Managed, signedness: Signedness, bit_count: usize) !void
std.math.big.int.Managed.popCount	fn popCount(r: *Managed, a: *const Managed, bit_count: usize) !void
std.math.big.int.llcmp	fn llcmp(a: []const Limb, b: []const Limb) i8
std.math.Min	fn Min(comptime A: type, comptime B: type) type
std.math.wrap	fn wrap(x: anytype, r: anytype) @TypeOf(x)
std.math.clamp	fn clamp(val: anytype, lower: anytype, upper: anytype) @TypeOf(val, lower, upper)
std.math.mul	fn mul(comptime T: type, a: T, b: T) (error{Overflow}!T)
std.math.add	fn add(comptime T: type, a: T, b: T) (error{Overflow}!T)
std.math.sub	fn sub(comptime T: type, a: T, b: T) (error{Overflow}!T)
std.math.negate	fn negate(x: anytype) !@TypeOf(x)
std.math.shlExact	fn shlExact(comptime T: type, a: T, shift_amt: Log2Int(T)) !T
std.math.shl	fn shl(comptime T: type, a: T, shift_amt: anytype) T
std.math.shr	fn shr(comptime T: type, a: T, shift_amt: anytype) T
std.math.rotr	fn rotr(comptime T: type, x: T, r: anytype) T
std.math.rotl	fn rotl(comptime T: type, x: T, r: anytype) T
std.math.Log2Int	fn Log2Int(comptime T: type) type
std.math.Log2IntCeil	fn Log2IntCeil(comptime T: type) type
std.math.IntFittingRange	fn IntFittingRange(comptime from: comptime_int, comptime to: comptime_int) type
std.math.divTrunc	fn divTrunc(comptime T: type, numerator: T, denominator: T) !T
std.math.divFloor	fn divFloor(comptime T: type, numerator: T, denominator: T) !T
std.math.divCeil	fn divCeil(comptime T: type, numerator: T, denominator: T) !T
std.math.divExact	fn divExact(comptime T: type, numerator: T, denominator: T) !T
std.math.mod	fn mod(comptime T: type, numerator: T, denominator: T) !T
std.math.rem	fn rem(comptime T: type, numerator: T, denominator: T) !T
std.math.negateCast	fn negateCast(x: anytype) !std.meta.Int(.signed, @bitSizeOf(@TypeOf(x)))
std.math.cast	fn cast(comptime T: type, x: anytype) ?T
std.math.alignCast	fn alignCast(comptime alignment: Alignment, ptr: anytype) AlignCastError!AlignCastResult(alignment, @TypeOf(ptr))
std.math.isPowerOfTwo	fn isPowerOfTwo(int: anytype) bool
std.math.ByteAlignedInt	fn ByteAlignedInt(comptime T: type) type
std.math.round	fn round(value: anytype) @TypeOf(value)
std.math.trunc	fn trunc(value: anytype) @TypeOf(value)
std.math.floor	fn floor(value: anytype) @TypeOf(value)
std.math.floorPowerOfTwo	fn floorPowerOfTwo(comptime T: type, value: T) T
std.math.ceil	fn ceil(value: anytype) @TypeOf(value)
std.math.ceilPowerOfTwoPromote	fn ceilPowerOfTwoPromote(comptime T: type, value: T) std.meta.Int(@typeInfo(T).int.signedness, @typeInfo(T).int.bits + 1)
std.math.ceilPowerOfTwo	fn ceilPowerOfTwo(comptime T: type, value: T) (error{Overflow}!T)
std.math.ceilPowerOfTwoAssert	fn ceilPowerOfTwoAssert(comptime T: type, value: T) T
std.math.log2_int	fn log2_int(comptime T: type, x: T) Log2Int(T)
std.math.log2_int_ceil	fn log2_int_ceil(comptime T: type, x: T) Log2IntCeil(T)
std.math.lossyCast	fn lossyCast(comptime T: type, value: anytype) T
std.math.lerp	fn lerp(a: anytype, b: anytype, t: anytype) @TypeOf(a, b, t)
std.math.maxInt	fn maxInt(comptime T: type) comptime_int
std.math.minInt	fn minInt(comptime T: type) comptime_int
std.math.mulWide	fn mulWide(comptime T: type, a: T, b: T) std.meta.Int( @typeInfo(T).int.signedness, @typeInfo(T).int.bits * 2, )
std.math.Order.invert	fn invert(self: Order) Order
std.math.Order.differ	fn differ(self: Order) ?Order
std.math.Order.compare	fn compare(self: Order, op: CompareOperator) bool
std.math.order	fn order(a: anytype, b: anytype) Order
std.math.CompareOperator.reverse	fn reverse(op: CompareOperator) CompareOperator
std.math.compare	fn compare(a: anytype, op: CompareOperator, b: anytype) bool
std.math.boolMask	fn boolMask(comptime MaskInt: type, value: bool) MaskInt
std.math.comptimeMod	fn comptimeMod(num: anytype, comptime denom: comptime_int) IntFittingRange(0, denom - 1)
std.math.F80.toFloat	fn toFloat(self: F80) f80
std.math.F80.fromFloat	fn fromFloat(x: f80) F80
std.math.sign	fn sign(n: anytype) SignOf(@TypeOf(n))
std.mem.Allocator.noAlloc	fn noAlloc( self: *anyopaque, len: usize, alignment: Alignment, ret_addr: usize, ) ?[*]u8
std.mem.Allocator.noResize	fn noResize( self: *anyopaque, memory: []u8, alignment: Alignment, new_len: usize, ret_addr: usize, ) bool
std.mem.Allocator.noRemap	fn noRemap( self: *anyopaque, memory: []u8, alignment: Alignment, new_len: usize, ret_addr: usize, ) ?[*]u8
std.mem.Allocator.noFree	fn noFree( self: *anyopaque, memory: []u8, alignment: Alignment, ret_addr: usize, ) void
std.mem.Allocator.rawAlloc	fn rawAlloc(a: Allocator, len: usize, alignment: Alignment, ret_addr: usize) ?[*]u8
std.mem.Allocator.rawResize	fn rawResize(a: Allocator, memory: []u8, alignment: Alignment, new_len: usize, ret_addr: usize) bool
std.mem.Allocator.rawRemap	fn rawRemap(a: Allocator, memory: []u8, alignment: Alignment, new_len: usize, ret_addr: usize) ?[*]u8
std.mem.Allocator.rawFree	fn rawFree(a: Allocator, memory: []u8, alignment: Alignment, ret_addr: usize) void
std.mem.Allocator.create	fn create(a: Allocator, comptime T: type) Error!*T
std.mem.Allocator.destroy	fn destroy(self: Allocator, ptr: anytype) void
std.mem.Allocator.alloc	fn alloc(self: Allocator, comptime T: type, n: usize) Error![]T
std.mem.Allocator.allocWithOptions	fn allocWithOptions( self: Allocator, comptime Elem: type, n: usize, /// null means naturally aligned comptime optional_alignment: ?Alignment, comptime optional_sentinel: ?Elem, ) Error!AllocWithOptionsPayload(Elem, optional_alignment, optional_sentinel)
std.mem.Allocator.allocWithOptionsRetAddr	fn allocWithOptionsRetAddr( self: Allocator, comptime Elem: type, n: usize, /// null means naturally aligned comptime optional_alignment: ?Alignment, comptime optional_sentinel: ?Elem, return_address: usize, ) Error!AllocWithOptionsPayload(Elem, optional_alignment, optional_sentinel)
std.mem.Allocator.allocSentinel	fn allocSentinel( self: Allocator, comptime Elem: type, n: usize, comptime sentinel: Elem, ) Error![:sentinel]Elem
std.mem.Allocator.alignedAlloc	fn alignedAlloc( self: Allocator, comptime T: type, /// null means naturally aligned comptime alignment: ?Alignment, n: usize, ) Error![]align(if (alignment) |a| a.toByteUnits() else @alignOf(T)) T
std.mem.Allocator.allocAdvancedWithRetAddr	fn allocAdvancedWithRetAddr( self: Allocator, comptime T: type, /// null means naturally aligned comptime alignment: ?Alignment, n: usize, return_address: usize, ) Error![]align(if (alignment) |a| a.toByteUnits() else @alignOf(T)) T
std.mem.Allocator.resize	fn resize(self: Allocator, allocation: anytype, new_len: usize) bool
std.mem.Allocator.remap	fn remap(self: Allocator, allocation: anytype, new_len: usize) ?@TypeOf(allocation)
std.mem.Allocator.realloc	fn realloc(self: Allocator, old_mem: anytype, new_n: usize) Error!@TypeOf(old_mem)
std.mem.Allocator.reallocAdvanced	fn reallocAdvanced( self: Allocator, old_mem: anytype, new_n: usize, return_address: usize, ) Error!@TypeOf(old_mem)
std.mem.Allocator.free	fn free(self: Allocator, memory: anytype) void
std.mem.Allocator.dupe	fn dupe(allocator: Allocator, comptime T: type, m: []const T) Error![]T
std.mem.Allocator.dupeZ	fn dupeZ(allocator: Allocator, comptime T: type, m: []const T) Error![:0]T
std.mem.Allocator.dupeSentinel	fn dupeSentinel( allocator: Allocator, comptime T: type, m: []const T, comptime sentinel: T, ) Error![:sentinel]T
std.mem.Alignment.toByteUnits	fn toByteUnits(a: Alignment) usize
std.mem.Alignment.fromByteUnits	fn fromByteUnits(n: usize) Alignment
std.mem.Alignment.fromByteUnitsOptional	fn fromByteUnitsOptional(maybe_n: ?usize) ?Alignment
std.mem.Alignment.of	fn of(comptime T: type) Alignment
std.mem.Alignment.order	fn order(lhs: Alignment, rhs: Alignment) std.math.Order
std.mem.Alignment.compare	fn compare(lhs: Alignment, op: std.math.CompareOperator, rhs: Alignment) bool
std.mem.Alignment.max	fn max(lhs: Alignment, rhs: Alignment) Alignment
std.mem.Alignment.min	fn min(lhs: Alignment, rhs: Alignment) Alignment
std.mem.Alignment.forward	fn forward(a: Alignment, address: usize) usize
std.mem.Alignment.backward	fn backward(a: Alignment, address: usize) usize
std.mem.Alignment.check	fn check(a: Alignment, address: usize) bool
std.mem.ValidationAllocator	fn ValidationAllocator(comptime T: type) type
std.mem.ValidationAllocator().init	fn init(underlying_allocator: T) @This()
std.mem.ValidationAllocator().allocator	fn allocator(self: *Self) Allocator
std.mem.ValidationAllocator().alloc	fn alloc( ctx: *anyopaque, n: usize, alignment: mem.Alignment, ret_addr: usize, ) ?[*]u8
std.mem.ValidationAllocator().resize	fn resize( ctx: *anyopaque, buf: []u8, alignment: Alignment, new_len: usize, ret_addr: usize, ) bool
std.mem.ValidationAllocator().remap	fn remap( ctx: *anyopaque, buf: []u8, alignment: Alignment, new_len: usize, ret_addr: usize, ) ?[*]u8
std.mem.ValidationAllocator().free	fn free( ctx: *anyopaque, buf: []u8, alignment: Alignment, ret_addr: usize, ) void
std.mem.ValidationAllocator().reset	fn reset(self: *Self) void
std.mem.validationWrap	fn validationWrap(allocator: anytype) ValidationAllocator(@TypeOf(allocator))
std.mem.copyForwards	fn copyForwards(comptime T: type, dest: []T, source: []const T) void
std.mem.copyBackwards	fn copyBackwards(comptime T: type, dest: []T, source: []const T) void
std.mem.zeroes	fn zeroes(comptime T: type) T
std.mem.zeroInit	fn zeroInit(comptime T: type, init: anytype) T
std.mem.sort	fn sort( comptime T: type, items: []T, context: anytype, comptime lessThanFn: fn (@TypeOf(context), lhs: T, rhs: T) bool, ) void
std.mem.sortUnstable	fn sortUnstable( comptime T: type, items: []T, context: anytype, comptime lessThanFn: fn (@TypeOf(context), lhs: T, rhs: T) bool, ) void
std.mem.sortContext	fn sortContext(a: usize, b: usize, context: anytype) void
std.mem.sortUnstableContext	fn sortUnstableContext(a: usize, b: usize, context: anytype) void
std.mem.order	fn order(comptime T: type, lhs: []const T, rhs: []const T) math.Order
std.mem.orderZ	fn orderZ(comptime T: type, lhs: [*:0]const T, rhs: [*:0]const T) math.Order
std.mem.boundedOrderZ	fn boundedOrderZ(comptime T: type, lhs: [*:0]const T, rhs: [*:0]const T, bound: usize) math.Order
std.mem.lessThan	fn lessThan(comptime T: type, lhs: []const T, rhs: []const T) bool
std.mem.eql	fn eql(comptime T: type, a: []const T, b: []const T) bool
std.mem.findDiff	fn findDiff(comptime T: type, a: []const T, b: []const T) ?usize
std.mem.span	fn span(ptr: anytype) Span(@TypeOf(ptr))
std.mem.sliceTo	fn sliceTo(ptr: anytype, comptime end: std.meta.Elem(@TypeOf(ptr))) SliceTo(@TypeOf(ptr), end)
std.mem.len	fn len(value: anytype) usize
std.mem.findSentinel	fn findSentinel(comptime T: type, comptime sentinel: T, p: [*:sentinel]const T) usize
std.mem.allEqual	fn allEqual(comptime T: type, slice: []const T, scalar: T) bool
std.mem.trimStart	fn trimStart(comptime T: type, slice: []const T, values_to_strip: []const T) []const T
std.mem.trimEnd	fn trimEnd(comptime T: type, slice: []const T, values_to_strip: []const T) []const T
std.mem.trim	fn trim(comptime T: type, slice: []const T, values_to_strip: []const T) []const T
std.mem.findScalar	fn findScalar(comptime T: type, slice: []const T, value: T) ?usize
std.mem.findScalarLast	fn findScalarLast(comptime T: type, slice: []const T, value: T) ?usize
std.mem.findScalarPos	fn findScalarPos(comptime T: type, slice: []const T, start_index: usize, value: T) ?usize
std.mem.findAny	fn findAny(comptime T: type, slice: []const T, values: []const T) ?usize
std.mem.findLastAny	fn findLastAny(comptime T: type, slice: []const T, values: []const T) ?usize
std.mem.findAnyPos	fn findAnyPos(comptime T: type, slice: []const T, start_index: usize, values: []const T) ?usize
std.mem.findNone	fn findNone(comptime T: type, slice: []const T, values: []const T) ?usize
std.mem.findLastNone	fn findLastNone(comptime T: type, slice: []const T, values: []const T) ?usize
std.mem.findNonePos	fn findNonePos(comptime T: type, slice: []const T, start_index: usize, values: []const T) ?usize
std.mem.find	fn find(comptime T: type, haystack: []const T, needle: []const T) ?usize
std.mem.findLastLinear	fn findLastLinear(comptime T: type, haystack: []const T, needle: []const T) ?usize
std.mem.findPosLinear	fn findPosLinear(comptime T: type, haystack: []const T, start_index: usize, needle: []const T) ?usize
std.mem.findLast	fn findLast(comptime T: type, haystack: []const T, needle: []const T) ?usize
std.mem.findPos	fn findPos(comptime T: type, haystack: []const T, start_index: usize, needle: []const T) ?usize
std.mem.count	fn count(comptime T: type, haystack: []const T, needle: []const T) usize
std.mem.countScalar	fn countScalar(comptime T: type, list: []const T, element: T) usize
std.mem.containsAtLeast	fn containsAtLeast(comptime T: type, haystack: []const T, expected_count: usize, needle: []const T) bool
std.mem.containsAtLeastScalar	fn containsAtLeastScalar(comptime T: type, list: []const T, minimum: usize, element: T) bool
std.mem.containsAtLeastScalar2	fn containsAtLeastScalar2(comptime T: type, list: []const T, element: T, minimum: usize) bool
std.mem.readVarInt	fn readVarInt(comptime ReturnType: type, bytes: []const u8, endian: Endian) ReturnType
std.mem.readVarPackedInt	fn readVarPackedInt( comptime T: type, bytes: []const u8, bit_offset: usize, bit_count: usize, endian: std.builtin.Endian, signedness: std.builtin.Signedness, ) T
std.mem.readInt	fn readInt(comptime T: type, buffer: *const [@divExact(@typeInfo(T).int.bits, 8)]u8, endian: Endian) T
std.mem.readPackedInt	fn readPackedInt(comptime T: type, bytes: []const u8, bit_offset: usize, endian: Endian) T
std.mem.writeInt	fn writeInt(comptime T: type, buffer: *[@divExact(@typeInfo(T).int.bits, 8)]u8, value: T, endian: Endian) void
std.mem.writePackedInt	fn writePackedInt(comptime T: type, bytes: []u8, bit_offset: usize, value: T, endian: Endian) void
std.mem.writeVarPackedInt	fn writeVarPackedInt(bytes: []u8, bit_offset: usize, bit_count: usize, value: anytype, endian: std.builtin.Endian) void
std.mem.byteSwapAllFields	fn byteSwapAllFields(comptime S: type, ptr: *S) void
std.mem.byteSwapAllFieldsAligned	fn byteSwapAllFieldsAligned(comptime S: type, comptime a: Alignment, ptr: *align(a.toByteUnits()) S) void
std.mem.byteSwapAllElements	fn byteSwapAllElements(comptime Elem: type, slice: []Elem) void
std.mem.tokenizeAny	fn tokenizeAny(comptime T: type, buffer: []const T, delimiters: []const T) TokenIterator(T, .any)
std.mem.tokenizeSequence	fn tokenizeSequence(comptime T: type, buffer: []const T, delimiter: []const T) TokenIterator(T, .sequence)
std.mem.tokenizeScalar	fn tokenizeScalar(comptime T: type, buffer: []const T, delimiter: T) TokenIterator(T, .scalar)
std.mem.splitSequence	fn splitSequence(comptime T: type, buffer: []const T, delimiter: []const T) SplitIterator(T, .sequence)
std.mem.splitAny	fn splitAny(comptime T: type, buffer: []const T, delimiters: []const T) SplitIterator(T, .any)
std.mem.splitScalar	fn splitScalar(comptime T: type, buffer: []const T, delimiter: T) SplitIterator(T, .scalar)
std.mem.splitBackwardsSequence	fn splitBackwardsSequence(comptime T: type, buffer: []const T, delimiter: []const T) SplitBackwardsIterator(T, .sequence)
std.mem.splitBackwardsAny	fn splitBackwardsAny(comptime T: type, buffer: []const T, delimiters: []const T) SplitBackwardsIterator(T, .any)
std.mem.splitBackwardsScalar	fn splitBackwardsScalar(comptime T: type, buffer: []const T, delimiter: T) SplitBackwardsIterator(T, .scalar)
std.mem.window	fn window(comptime T: type, buffer: []const T, size: usize, advance: usize) WindowIterator(T)
std.mem.WindowIterator	fn WindowIterator(comptime T: type) type
std.mem.WindowIterator().next	fn next(self: *Self) ?[]const T
std.mem.WindowIterator().reset	fn reset(self: *Self) void
std.mem.startsWith	fn startsWith(comptime T: type, haystack: []const T, needle: []const T) bool
std.mem.endsWith	fn endsWith(comptime T: type, haystack: []const T, needle: []const T) bool
std.mem.cutPrefix	fn cutPrefix(comptime T: type, slice: []const T, prefix: []const T) ?[]const T
std.mem.cutSuffix	fn cutSuffix(comptime T: type, slice: []const T, suffix: []const T) ?[]const T
std.mem.cut	fn cut(comptime T: type, haystack: []const T, needle: []const T) ?struct { []const T, []const T }
std.mem.cutLast	fn cutLast(comptime T: type, haystack: []const T, needle: []const T) ?struct { []const T, []const T }
std.mem.cutScalar	fn cutScalar(comptime T: type, haystack: []const T, needle: T) ?struct { []const T, []const T }
std.mem.cutScalarLast	fn cutScalarLast(comptime T: type, haystack: []const T, needle: T) ?struct { []const T, []const T }
std.mem.TokenIterator	fn TokenIterator(comptime T: type, comptime delimiter_type: DelimiterType) type
std.mem.TokenIterator().next	fn next(self: *Self) ?[]const T
std.mem.TokenIterator().peek	fn peek(self: *Self) ?[]const T
std.mem.TokenIterator().rest	fn rest(self: Self) []const T
std.mem.TokenIterator().reset	fn reset(self: *Self) void
std.mem.SplitIterator	fn SplitIterator(comptime T: type, comptime delimiter_type: DelimiterType) type
std.mem.SplitIterator().first	fn first(self: *Self) []const T
std.mem.SplitIterator().next	fn next(self: *Self) ?[]const T
std.mem.SplitIterator().peek	fn peek(self: *const Self) ?[]const T
std.mem.SplitIterator().rest	fn rest(self: Self) []const T
std.mem.SplitIterator().reset	fn reset(self: *Self) void
std.mem.SplitBackwardsIterator	fn SplitBackwardsIterator(comptime T: type, comptime delimiter_type: DelimiterType) type
std.mem.SplitBackwardsIterator().first	fn first(self: *Self) []const T
std.mem.SplitBackwardsIterator().next	fn next(self: *Self) ?[]const T
std.mem.SplitBackwardsIterator().rest	fn rest(self: Self) []const T
std.mem.SplitBackwardsIterator().reset	fn reset(self: *Self) void
std.mem.join	fn join(allocator: Allocator, separator: []const u8, slices: []const []const u8) Allocator.Error![]u8
std.mem.joinZ	fn joinZ(allocator: Allocator, separator: []const u8, slices: []const []const u8) Allocator.Error![:0]u8
std.mem.concat	fn concat(allocator: Allocator, comptime T: type, slices: []const []const T) Allocator.Error![]T
std.mem.concatWithSentinel	fn concatWithSentinel(allocator: Allocator, comptime T: type, slices: []const []const T, comptime s: T) Allocator.Error![:s]T
std.mem.concatMaybeSentinel	fn concatMaybeSentinel(allocator: Allocator, comptime T: type, slices: []const []const T, comptime s: ?T) Allocator.Error![]T
std.mem.min	fn min(comptime T: type, slice: []const T) T
std.mem.max	fn max(comptime T: type, slice: []const T) T
std.mem.minMax	fn minMax(comptime T: type, slice: []const T) struct { T, T }
std.mem.findMin	fn findMin(comptime T: type, slice: []const T) usize
std.mem.findMax	fn findMax(comptime T: type, slice: []const T) usize
std.mem.findMinMax	fn findMinMax(comptime T: type, slice: []const T) struct { usize, usize }
std.mem.swap	fn swap(comptime T: type, noalias a: *T, noalias b: *T) void
std.mem.reverse	fn reverse(comptime T: type, items: []T) void
std.mem.ReverseIterator	fn ReverseIterator(comptime T: type) type
std.mem.ReverseIterator().next	fn next(self: *@This()) ?Element
std.mem.ReverseIterator().nextPtr	fn nextPtr(self: *@This()) ?ElementPointer
std.mem.reverseIterator	fn reverseIterator(slice: anytype) ReverseIterator(@TypeOf(slice))
std.mem.rotate	fn rotate(comptime T: type, items: []T, amount: usize) void
std.mem.replace	fn replace(comptime T: type, input: []const T, needle: []const T, replacement: []const T, output: []T) usize
std.mem.replaceScalar	fn replaceScalar(comptime T: type, slice: []T, match: T, replacement: T) void
std.mem.collapseRepeatsLen	fn collapseRepeatsLen(comptime T: type, slice: []T, elem: T) usize
std.mem.collapseRepeats	fn collapseRepeats(comptime T: type, slice: []T, elem: T) []T
std.mem.replacementSize	fn replacementSize(comptime T: type, input: []const T, needle: []const T, replacement: []const T) usize
std.mem.replaceOwned	fn replaceOwned(comptime T: type, allocator: Allocator, input: []const T, needle: []const T, replacement: []const T) Allocator.Error![]T
std.mem.littleToNative	fn littleToNative(comptime T: type, x: T) T
std.mem.bigToNative	fn bigToNative(comptime T: type, x: T) T
std.mem.toNative	fn toNative(comptime T: type, x: T, endianness_of_x: Endian) T
std.mem.nativeTo	fn nativeTo(comptime T: type, x: T, desired_endianness: Endian) T
std.mem.nativeToLittle	fn nativeToLittle(comptime T: type, x: T) T
std.mem.nativeToBig	fn nativeToBig(comptime T: type, x: T) T
std.mem.alignPointerOffset	fn alignPointerOffset(ptr: anytype, align_to: usize) ?usize
std.mem.alignPointer	fn alignPointer(ptr: anytype, align_to: usize) ?@TypeOf(ptr)
std.mem.asBytes	fn asBytes(ptr: anytype) AsBytesReturnType(@TypeOf(ptr))
std.mem.toBytes	fn toBytes(value: anytype) [@sizeOf(@TypeOf(value))]u8
std.mem.bytesAsValue	fn bytesAsValue(comptime T: type, bytes: anytype) BytesAsValueReturnType(T, @TypeOf(bytes))
std.mem.bytesToValue	fn bytesToValue(comptime T: type, bytes: anytype) T
std.mem.bytesAsSlice	fn bytesAsSlice(comptime T: type, bytes: anytype) BytesAsSliceReturnType(T, @TypeOf(bytes))
std.mem.sliceAsBytes	fn sliceAsBytes(slice: anytype) SliceAsBytesReturnType(@TypeOf(slice))
std.mem.absorbSentinel	fn absorbSentinel(slice: anytype) AbsorbSentinelReturnType(@TypeOf(slice))
std.mem.alignForwardAnyAlign	fn alignForwardAnyAlign(comptime T: type, addr: T, alignment: T) T
std.mem.alignForward	fn alignForward(comptime T: type, addr: T, alignment: T) T
std.mem.alignForwardLog2	fn alignForwardLog2(addr: usize, log2_alignment: u8) usize
std.mem.doNotOptimizeAway	fn doNotOptimizeAway(val: anytype) void
std.mem.alignBackwardAnyAlign	fn alignBackwardAnyAlign(comptime T: type, addr: T, alignment: T) T
std.mem.alignBackward	fn alignBackward(comptime T: type, addr: T, alignment: T) T
std.mem.isValidAlign	fn isValidAlign(alignment: usize) bool
std.mem.isValidAlignGeneric	fn isValidAlignGeneric(comptime T: type, alignment: T) bool
std.mem.isAlignedAnyAlign	fn isAlignedAnyAlign(i: usize, alignment: usize) bool
std.mem.isAlignedLog2	fn isAlignedLog2(addr: usize, log2_alignment: u8) bool
std.mem.isAligned	fn isAligned(addr: usize, alignment: usize) bool
std.mem.isAlignedGeneric	fn isAlignedGeneric(comptime T: type, addr: T, alignment: T) bool
std.mem.alignInBytes	fn alignInBytes(bytes: []u8, comptime new_alignment: usize) ?[]align(new_alignment) u8
std.mem.alignInSlice	fn alignInSlice(slice: anytype, comptime new_alignment: usize) ?AlignedSlice(@TypeOf(slice), new_alignment)
std.meta.TrailerFlags	fn TrailerFlags(comptime Fields: type) type
std.meta.stringToEnum	fn stringToEnum(comptime T: type, str: []const u8) ?T
std.meta.alignment	fn alignment(comptime T: type) comptime_int
std.meta.Child	fn Child(comptime T: type) type
std.meta.Elem	fn Elem(comptime T: type) type
std.meta.sentinel	fn sentinel(comptime T: type) ?Elem(T)
std.meta.Sentinel	fn Sentinel(comptime T: type, comptime sentinel_val: Elem(T)) type
std.meta.containerLayout	fn containerLayout(comptime T: type) Type.ContainerLayout
std.meta.declarations	fn declarations(comptime T: type) []const Type.Declaration
std.meta.declarationInfo	fn declarationInfo(comptime T: type, comptime decl_name: []const u8) Type.Declaration
std.meta.fields	fn fields(comptime T: type) switch (@typeInfo(T)) { .@"struct" => []const Type.StructField, .@"union" => []const Type.UnionField, .@"enum" => []const Type.EnumField, .error_set => []const Type.Error, else => @compileError("Expected struct, union, error set or enum type, found '" ++ @typeName(T) ++ "'"), }
std.meta.fieldInfo	fn fieldInfo(comptime T: type, comptime field: FieldEnum(T)) switch (@typeInfo(T)) { .@"struct" => Type.StructField, .@"union" => Type.UnionField, .@"enum" => Type.EnumField, .error_set => Type.Error, else => @compileError("Expected struct, union, error set or enum type, found '" ++ @typeName(T) ++ "'"), }
std.meta.fieldNames	fn fieldNames(comptime T: type) *const [fields(T).len][:0]const u8
std.meta.tags	fn tags(comptime T: type) *const [fields(T).len]T
std.meta.FieldEnum	fn FieldEnum(comptime T: type) type
std.meta.DeclEnum	fn DeclEnum(comptime T: type) type
std.meta.Tag	fn Tag(comptime T: type) type
std.meta.activeTag	fn activeTag(u: anytype) Tag(@TypeOf(u))
std.meta.eql	fn eql(a: anytype, b: @TypeOf(a)) bool
std.meta.fieldIndex	fn fieldIndex(comptime T: type, comptime name: []const u8) ?comptime_int
std.meta.Int	fn Int(comptime signedness: std.builtin.Signedness, comptime bit_count: u16) type
std.meta.Float	fn Float(comptime bit_count: u8) type
std.meta.ArgsTuple	fn ArgsTuple(comptime Function: type) type
std.meta.Tuple	fn Tuple(comptime types: []const type) type
std.meta.isError	fn isError(error_union: anytype) bool
std.meta.hasFn	fn hasFn(comptime T: type, comptime name: []const u8) bool
std.meta.hasMethod	fn hasMethod(comptime T: type, comptime name: []const u8) bool
std.meta.hasUniqueRepresentation	fn hasUniqueRepresentation(comptime T: type) bool
std.os.linux.clone	fn clone( func: *const fn (arg: usize) callconv(.c) u8, stack: usize, flags: u32, arg: usize, ptid: ?*i32, tp: usize, // aka tls ctid: ?*i32, ) usize
std.os.linux.tls.setThreadPointer	fn setThreadPointer(addr: usize) void
std.os.linux.tls.prepareArea	fn prepareArea(area: []u8) usize
std.os.linux.tls.initStatic	fn initStatic(phdrs: []elf.Phdr) void
std.os.linux.BPF.Insn.alu	fn alu(comptime width: comptime_int, op: AluOp, dst: Reg, src: anytype) Insn
std.os.linux.BPF.Insn.mov	fn mov(dst: Reg, src: anytype) Insn
std.os.linux.BPF.Insn.add	fn add(dst: Reg, src: anytype) Insn
std.os.linux.BPF.Insn.sub	fn sub(dst: Reg, src: anytype) Insn
std.os.linux.BPF.Insn.mul	fn mul(dst: Reg, src: anytype) Insn
std.os.linux.BPF.Insn.div	fn div(dst: Reg, src: anytype) Insn
std.os.linux.BPF.Insn.alu_or	fn alu_or(dst: Reg, src: anytype) Insn
std.os.linux.BPF.Insn.alu_and	fn alu_and(dst: Reg, src: anytype) Insn
std.os.linux.BPF.Insn.lsh	fn lsh(dst: Reg, src: anytype) Insn
std.os.linux.BPF.Insn.rsh	fn rsh(dst: Reg, src: anytype) Insn
std.os.linux.BPF.Insn.neg	fn neg(dst: Reg) Insn
std.os.linux.BPF.Insn.mod	fn mod(dst: Reg, src: anytype) Insn
std.os.linux.BPF.Insn.xor	fn xor(dst: Reg, src: anytype) Insn
std.os.linux.BPF.Insn.arsh	fn arsh(dst: Reg, src: anytype) Insn
std.os.linux.BPF.Insn.jmp	fn jmp(op: JmpOp, dst: Reg, src: anytype, off: i16) Insn
std.os.linux.BPF.Insn.ja	fn ja(off: i16) Insn
std.os.linux.BPF.Insn.jeq	fn jeq(dst: Reg, src: anytype, off: i16) Insn
std.os.linux.BPF.Insn.jgt	fn jgt(dst: Reg, src: anytype, off: i16) Insn
std.os.linux.BPF.Insn.jge	fn jge(dst: Reg, src: anytype, off: i16) Insn
std.os.linux.BPF.Insn.jlt	fn jlt(dst: Reg, src: anytype, off: i16) Insn
std.os.linux.BPF.Insn.jle	fn jle(dst: Reg, src: anytype, off: i16) Insn
std.os.linux.BPF.Insn.jset	fn jset(dst: Reg, src: anytype, off: i16) Insn
std.os.linux.BPF.Insn.jne	fn jne(dst: Reg, src: anytype, off: i16) Insn
std.os.linux.BPF.Insn.jsgt	fn jsgt(dst: Reg, src: anytype, off: i16) Insn
std.os.linux.BPF.Insn.jsge	fn jsge(dst: Reg, src: anytype, off: i16) Insn
std.os.linux.BPF.Insn.jslt	fn jslt(dst: Reg, src: anytype, off: i16) Insn
std.os.linux.BPF.Insn.jsle	fn jsle(dst: Reg, src: anytype, off: i16) Insn
std.os.linux.BPF.Insn.xadd	fn xadd(dst: Reg, src: Reg) Insn
std.os.linux.BPF.Insn.ld_abs	fn ld_abs(size: Size, dst: Reg, src: Reg, imm: i32) Insn
std.os.linux.BPF.Insn.ld_ind	fn ld_ind(size: Size, dst: Reg, src: Reg, imm: i32) Insn
std.os.linux.BPF.Insn.ldx	fn ldx(size: Size, dst: Reg, src: Reg, off: i16) Insn
std.os.linux.BPF.Insn.ld_dw1	fn ld_dw1(dst: Reg, imm: u64) Insn
std.os.linux.BPF.Insn.ld_dw2	fn ld_dw2(imm: u64) Insn
std.os.linux.BPF.Insn.ld_map_fd1	fn ld_map_fd1(dst: Reg, map_fd: fd_t) Insn
std.os.linux.BPF.Insn.ld_map_fd2	fn ld_map_fd2(map_fd: fd_t) Insn
std.os.linux.BPF.Insn.st	fn st(size: Size, dst: Reg, off: i16, imm: i32) Insn
std.os.linux.BPF.Insn.stx	fn stx(size: Size, dst: Reg, off: i16, src: Reg) Insn
std.os.linux.BPF.Insn.le	fn le(comptime size: Size, dst: Reg) Insn
std.os.linux.BPF.Insn.be	fn be(comptime size: Size, dst: Reg) Insn
std.os.linux.BPF.Insn.call	fn call(helper: Helper) Insn
std.os.linux.BPF.Insn.exit	fn exit() Insn
std.os.linux.BPF.map_create	fn map_create(map_type: MapType, key_size: u32, value_size: u32, max_entries: u32) !fd_t
std.os.linux.BPF.map_lookup_elem	fn map_lookup_elem(fd: fd_t, key: []const u8, value: []u8) !void
std.os.linux.BPF.map_update_elem	fn map_update_elem(fd: fd_t, key: []const u8, value: []const u8, flags: u64) !void
std.os.linux.BPF.map_delete_elem	fn map_delete_elem(fd: fd_t, key: []const u8) !void
std.os.linux.BPF.map_get_next_key	fn map_get_next_key(fd: fd_t, key: []const u8, next_key: []u8) !bool
std.os.linux.BPF.prog_load	fn prog_load( prog_type: ProgType, insns: []const Insn, log: ?*Log, license: []const u8, kern_version: u32, flags: u32, ) !fd_t
std.os.linux.IOCTL.IO	fn IO(io_type: u8, nr: u8) u32
std.os.linux.IOCTL.IOR	fn IOR(io_type: u8, nr: u8, comptime T: type) u32
std.os.linux.IOCTL.IOW	fn IOW(io_type: u8, nr: u8, comptime T: type) u32
std.os.linux.IOCTL.IOWR	fn IOWR(io_type: u8, nr: u8, comptime T: type) u32
std.os.linux.errno	fn errno(r: usize) E
std.os.linux.brk	fn brk(addr: usize) usize
std.os.linux.dup	fn dup(old: i32) usize
std.os.linux.dup2	fn dup2(old: i32, new: i32) usize
std.os.linux.dup3	fn dup3(old: i32, new: i32, flags: u32) usize
std.os.linux.chdir	fn chdir(path: [*:0]const u8) usize
std.os.linux.fchdir	fn fchdir(fd: fd_t) usize
std.os.linux.chroot	fn chroot(path: [*:0]const u8) usize
std.os.linux.execve	fn execve(path: [*:0]const u8, argv: [*:null]const ?[*:0]const u8, envp: [*:null]const ?[*:0]const u8) usize
std.os.linux.execveat	fn execveat(dirfd: fd_t, path: [*:0]const u8, argv: [*:null]const ?[*:0]const u8, envp: [*:null]const ?[*:0]const u8, flags: EXECVEAT) usize
std.os.linux.fork	fn fork() usize
std.os.linux.vfork	fn vfork() usize
std.os.linux.futimens	fn futimens(fd: i32, times: ?*const [2]timespec) usize
std.os.linux.utimensat	fn utimensat(dirfd: i32, path: ?[*:0]const u8, times: ?*const [2]timespec, flags: u32) usize
std.os.linux.fallocate	fn fallocate(fd: i32, mode: i32, offset: i64, length: i64) usize
std.os.linux.futex	fn futex(uaddr: *const anyopaque, futex_op: FUTEX_OP, val: u32, val2timeout: futex_param4, uaddr2: ?*const anyopaque, val3: u32) usize
std.os.linux.futex_3arg	fn futex_3arg(uaddr: *const anyopaque, futex_op: FUTEX_OP, val: u32) usize
std.os.linux.futex_4arg	fn futex_4arg(uaddr: *const anyopaque, futex_op: FUTEX_OP, val: u32, timeout: ?*const timespec) usize
std.os.linux.futex2_waitv	fn futex2_waitv( futexes: [*]const futex2_waitone, /// Length of `futexes`. Max of FUTEX2_WAITONE_MAX. nr_futexes: u32, flags: FUTEX2_FLAGS_WAITV, /// Optional absolute timeout. Always 64-bit, even on 32-bit platforms. timeout: ?*const kernel_timespec, /// Clock to be used for the timeout, realtime or monotonic. clockid: clockid_t, ) usize
std.os.linux.futex2_wait	fn futex2_wait( /// Address of the futex to wait on. uaddr: *const anyopaque, /// Value of `uaddr`. val: usize, /// Bitmask to match against incoming wakeup masks. Must not be zero. mask: usize, flags: FUTEX2_FLAGS, /// Optional absolute timeout. Always 64-bit, even on 32-bit platforms. timeout: ?*const kernel_timespec, /// Clock to be used for the timeout, realtime or monotonic. clockid: clockid_t, ) usize
std.os.linux.futex2_wake	fn futex2_wake( /// Futex to wake uaddr: *const anyopaque, /// Bitmask to match against waiters. mask: usize, /// Maximum number of waiters on the futex to wake. nr_wake: i32, flags: FUTEX2_FLAGS, ) usize
std.os.linux.futex2_requeue	fn futex2_requeue( /// The source and destination futexes. Must be a 2-element array. waiters: [*]const futex2_waitone, /// Currently unused. flags: FUTEX2_FLAGS_REQUEUE, /// Maximum number of waiters to wake on the source futex. nr_wake: i32, /// Maximum number of waiters to transfer to the destination futex. nr_requeue: i32, ) usize
std.os.linux.getcwd	fn getcwd(buf: [*]u8, size: usize) usize
std.os.linux.getdents	fn getdents(fd: i32, dirp: [*]u8, len: usize) usize
std.os.linux.getdents64	fn getdents64(fd: i32, dirp: [*]u8, len: usize) usize
std.os.linux.inotify_init1	fn inotify_init1(flags: u32) usize
std.os.linux.inotify_add_watch	fn inotify_add_watch(fd: i32, pathname: [*:0]const u8, mask: u32) usize
std.os.linux.inotify_rm_watch	fn inotify_rm_watch(fd: i32, wd: i32) usize
std.os.linux.fanotify_init	fn fanotify_init(flags: fanotify.InitFlags, event_f_flags: u32) usize
std.os.linux.fanotify_mark	fn fanotify_mark( fd: fd_t, flags: fanotify.MarkFlags, mask: fanotify.MarkMask, dirfd: fd_t, pathname: ?[*:0]const u8, ) usize
std.os.linux.name_to_handle_at	fn name_to_handle_at( dirfd: fd_t, pathname: [*:0]const u8, handle: *std.os.linux.file_handle, mount_id: *i32, flags: u32, ) usize
std.os.linux.readlink	fn readlink(noalias path: [*:0]const u8, noalias buf_ptr: [*]u8, buf_len: usize) usize
std.os.linux.readlinkat	fn readlinkat(dirfd: i32, noalias path: [*:0]const u8, noalias buf_ptr: [*]u8, buf_len: usize) usize
std.os.linux.mkdir	fn mkdir(path: [*:0]const u8, mode: mode_t) usize
std.os.linux.mkdirat	fn mkdirat(dirfd: i32, path: [*:0]const u8, mode: mode_t) usize
std.os.linux.mknod	fn mknod(path: [*:0]const u8, mode: u32, dev: u32) usize
std.os.linux.mknodat	fn mknodat(dirfd: i32, path: [*:0]const u8, mode: u32, dev: u32) usize
std.os.linux.mount	fn mount(special: ?[*:0]const u8, dir: [*:0]const u8, fstype: ?[*:0]const u8, flags: u32, data: usize) usize
std.os.linux.umount	fn umount(special: [*:0]const u8) usize
std.os.linux.umount2	fn umount2(special: [*:0]const u8, flags: u32) usize
std.os.linux.move_mount	fn move_mount(from_dirfd: fd_t, from_path: [*:0]const u8, to_dirfd: fd_t, to_path: [*:0]const u8, flags: MOVE_MOUNT) usize
std.os.linux.mount_setattr	fn mount_setattr(dirfd: fd_t, path: [*:0]const u8, flags: MOUNT_ATTR) usize
std.os.linux.fsopen	fn fsopen(fsname: [*:0]const u8, flags: FSOPEN) usize
std.os.linux.fsconfig	fn fsconfig(fd: fd_t, cmd: FSCONFIG_CMD, key: ?[*:0]const u8, value: ?[*:0]const u8, aux: u32) usize
std.os.linux.fsmount	fn fsmount(fsfd: fd_t, flags: FSMOUNT, attr_flags: MOUNT_ATTR) usize
std.os.linux.fspick	fn fspick(dirfd: fd_t, path: [*:0]const u8, flags: FSPICK) usize
std.os.linux.pivot_root	fn pivot_root(new_root: [*:0]const u8, put_old: [*:0]const u8) usize
std.os.linux.mmap	fn mmap(address: ?[*]u8, length: usize, prot: PROT, flags: MAP, fd: i32, offset: i64) usize
std.os.linux.mprotect	fn mprotect(address: [*]const u8, length: usize, protection: PROT) usize
std.os.linux.mremap	fn mremap(old_addr: ?[*]const u8, old_len: usize, new_len: usize, flags: MREMAP, new_addr: ?[*]const u8) usize
std.os.linux.mseal	fn mseal(address: [*]const u8, length: usize, flags: usize) usize
std.os.linux.msync	fn msync(address: [*]const u8, length: usize, flags: i32) usize
std.os.linux.munmap	fn munmap(address: [*]const u8, length: usize) usize
std.os.linux.mlock	fn mlock(address: [*]const u8, length: usize) usize
std.os.linux.munlock	fn munlock(address: [*]const u8, length: usize) usize
std.os.linux.mlock2	fn mlock2(address: [*]const u8, length: usize, flags: MLOCK) usize
std.os.linux.mlockall	fn mlockall(flags: MCL) usize
std.os.linux.munlockall	fn munlockall() usize
std.os.linux.poll	fn poll(fds: [*]pollfd, n: nfds_t, timeout: i32) usize
std.os.linux.ppoll	fn ppoll(fds: [*]pollfd, n: nfds_t, timeout: ?*timespec, sigmask: ?*const sigset_t) usize
std.os.linux.read	fn read(fd: i32, buf: [*]u8, count: usize) usize
std.os.linux.preadv	fn preadv(fd: i32, iov: [*]const iovec, count: usize, offset: i64) usize
std.os.linux.preadv2	fn preadv2(fd: i32, iov: [*]const iovec, count: usize, offset: i64, flags: kernel_rwf) usize
std.os.linux.readv	fn readv(fd: i32, iov: [*]const iovec, count: usize) usize
std.os.linux.writev	fn writev(fd: i32, iov: [*]const iovec_const, count: usize) usize
std.os.linux.pwritev	fn pwritev(fd: i32, iov: [*]const iovec_const, count: usize, offset: i64) usize
std.os.linux.pwritev2	fn pwritev2(fd: i32, iov: [*]const iovec_const, count: usize, offset: i64, flags: kernel_rwf) usize
std.os.linux.rmdir	fn rmdir(path: [*:0]const u8) usize
std.os.linux.symlink	fn symlink(existing: [*:0]const u8, new: [*:0]const u8) usize
std.os.linux.symlinkat	fn symlinkat(existing: [*:0]const u8, newfd: i32, newpath: [*:0]const u8) usize
std.os.linux.pread	fn pread(fd: i32, buf: [*]u8, count: usize, offset: i64) usize
std.os.linux.access	fn access(path: [*:0]const u8, mode: u32) usize
std.os.linux.faccessat	fn faccessat(dirfd: i32, path: [*:0]const u8, mode: u32, flags: u32) usize
std.os.linux.acct	fn acct(path: [*:0]const u8) usize
std.os.linux.pipe	fn pipe(fd: *[2]i32) usize
std.os.linux.pipe2	fn pipe2(fd: *[2]i32, flags: O) usize
std.os.linux.write	fn write(fd: i32, buf: [*]const u8, count: usize) usize
std.os.linux.ftruncate	fn ftruncate(fd: i32, length: i64) usize
std.os.linux.pwrite	fn pwrite(fd: i32, buf: [*]const u8, count: usize, offset: i64) usize
std.os.linux.rename	fn rename(old: [*:0]const u8, new: [*:0]const u8) usize
std.os.linux.renameat	fn renameat(oldfd: i32, oldpath: [*:0]const u8, newfd: i32, newpath: [*:0]const u8) usize
std.os.linux.renameat2	fn renameat2(oldfd: i32, oldpath: [*:0]const u8, newfd: i32, newpath: [*:0]const u8, flags: RENAME) usize
std.os.linux.open	fn open(path: [*:0]const u8, flags: O, perm: mode_t) usize
std.os.linux.create	fn create(path: [*:0]const u8, perm: mode_t) usize
std.os.linux.openat	fn openat(dirfd: i32, path: [*:0]const u8, flags: O, mode: mode_t) usize
std.os.linux.clone5	fn clone5(flags: usize, child_stack_ptr: usize, parent_tid: *i32, child_tid: *i32, newtls: usize) usize
std.os.linux.clone2	fn clone2(flags: u32, child_stack_ptr: usize) usize
std.os.linux.set_tid_address	fn set_tid_address(tidptr: ?*pid_t) pid_t
std.os.linux.close	fn close(fd: fd_t) usize
std.os.linux.close_range	fn close_range(first: fd_t, last: fd_t, flags: CLOSE_RANGE) usize
std.os.linux.fchmod	fn fchmod(fd: i32, mode: mode_t) usize
std.os.linux.chmod	fn chmod(path: [*:0]const u8, mode: mode_t) usize
std.os.linux.fchown	fn fchown(fd: i32, owner: uid_t, group: gid_t) usize
std.os.linux.fchownat	fn fchownat(fd: i32, path: [*:0]const u8, owner: uid_t, group: gid_t, flags: u32) usize
std.os.linux.chown	fn chown(path: [*:0]const u8, owner: uid_t, group: gid_t) usize
std.os.linux.lchown	fn lchown(path: [*:0]const u8, owner: uid_t, group: gid_t) usize
std.os.linux.fchmodat	fn fchmodat(fd: i32, path: [*:0]const u8, mode: mode_t) usize
std.os.linux.fchmodat2	fn fchmodat2(fd: i32, path: [*:0]const u8, mode: mode_t, flags: u32) usize
std.os.linux.llseek	fn llseek(fd: i32, offset: u64, result: ?*u64, whence: usize) usize
std.os.linux.lseek	fn lseek(fd: i32, offset: i64, whence: usize) usize
std.os.linux.exit	fn exit(status: i32) noreturn
std.os.linux.exit_group	fn exit_group(status: i32) noreturn
std.os.linux.reboot	fn reboot(magic: LINUX_REBOOT.MAGIC1, magic2: LINUX_REBOOT.MAGIC2, cmd: LINUX_REBOOT.CMD, arg: ?*const anyopaque) usize
std.os.linux.getrandom	fn getrandom(buf: [*]u8, count: usize, flags: u32) usize
std.os.linux.kill	fn kill(pid: pid_t, sig: SIG) usize
std.os.linux.tkill	fn tkill(tid: pid_t, sig: SIG) usize
std.os.linux.tgkill	fn tgkill(tgid: pid_t, tid: pid_t, sig: SIG) usize
std.os.linux.link	fn link(oldpath: [*:0]const u8, newpath: [*:0]const u8) usize
std.os.linux.linkat	fn linkat(oldfd: fd_t, oldpath: [*:0]const u8, newfd: fd_t, newpath: [*:0]const u8, flags: u32) usize
std.os.linux.unlink	fn unlink(path: [*:0]const u8) usize
std.os.linux.unlinkat	fn unlinkat(dirfd: i32, path: [*:0]const u8, flags: u32) usize
std.os.linux.waitpid	fn waitpid(pid: pid_t, status: *u32, flags: u32) usize
std.os.linux.wait4	fn wait4(pid: pid_t, status: *u32, flags: u32, usage: ?*rusage) usize
std.os.linux.waitid	fn waitid(id_type: P, id: i32, infop: *siginfo_t, flags: u32, usage: ?*rusage) usize
std.os.linux.fcntl	fn fcntl(fd: fd_t, cmd: i32, arg: usize) usize
std.os.linux.flock	fn flock(fd: fd_t, operation: i32) usize
std.os.linux.clock_gettime	fn clock_gettime(clk_id: clockid_t, tp: *timespec) usize
std.os.linux.clock_getres	fn clock_getres(clk_id: clockid_t, tp: *timespec) usize
std.os.linux.clock_settime	fn clock_settime(clk_id: clockid_t, tp: *const timespec) usize
std.os.linux.clock_nanosleep	fn clock_nanosleep(clockid: clockid_t, flags: TIMER, request: *const timespec, remain: ?*timespec) usize
std.os.linux.gettimeofday	fn gettimeofday(tv: ?*timeval, tz: ?*timezone) usize
std.os.linux.settimeofday	fn settimeofday(tv: *const timeval, tz: *const timezone) usize
std.os.linux.nanosleep	fn nanosleep(req: *const timespec, rem: ?*timespec) usize
std.os.linux.pause	fn pause() usize
std.os.linux.setuid	fn setuid(uid: uid_t) usize
std.os.linux.setgid	fn setgid(gid: gid_t) usize
std.os.linux.setreuid	fn setreuid(ruid: uid_t, euid: uid_t) usize
std.os.linux.setregid	fn setregid(rgid: gid_t, egid: gid_t) usize
std.os.linux.getuid	fn getuid() uid_t
std.os.linux.getgid	fn getgid() gid_t
std.os.linux.geteuid	fn geteuid() uid_t
std.os.linux.getegid	fn getegid() gid_t
std.os.linux.seteuid	fn seteuid(euid: uid_t) usize
std.os.linux.setegid	fn setegid(egid: gid_t) usize
std.os.linux.getresuid	fn getresuid(ruid: *uid_t, euid: *uid_t, suid: *uid_t) usize
std.os.linux.getresgid	fn getresgid(rgid: *gid_t, egid: *gid_t, sgid: *gid_t) usize
std.os.linux.setresuid	fn setresuid(ruid: uid_t, euid: uid_t, suid: uid_t) usize
std.os.linux.setresgid	fn setresgid(rgid: gid_t, egid: gid_t, sgid: gid_t) usize
std.os.linux.setpgid	fn setpgid(pid: pid_t, pgid: pid_t) usize
std.os.linux.getpgid	fn getpgid(pid: pid_t) usize
std.os.linux.getgroups	fn getgroups(size: usize, list: ?[*]gid_t) usize
std.os.linux.setgroups	fn setgroups(size: usize, list: [*]const gid_t) usize
std.os.linux.setsid	fn setsid() usize
std.os.linux.getsid	fn getsid(pid: pid_t) usize
std.os.linux.getpid	fn getpid() pid_t
std.os.linux.getppid	fn getppid() pid_t
std.os.linux.gettid	fn gettid() pid_t
std.os.linux.sigprocmask	fn sigprocmask(flags: u32, noalias set: ?*const sigset_t, noalias oldset: ?*sigset_t) usize
std.os.linux.sigaction	fn sigaction(sig: SIG, noalias act: ?*const Sigaction, noalias oact: ?*Sigaction) usize
std.os.linux.sigrtmin	fn sigrtmin() u8
std.os.linux.sigrtmax	fn sigrtmax() u8
std.os.linux.sigemptyset	fn sigemptyset() sigset_t
std.os.linux.sigfillset	fn sigfillset() sigset_t
std.os.linux.sigaddset	fn sigaddset(set: *sigset_t, sig: SIG) void
std.os.linux.sigdelset	fn sigdelset(set: *sigset_t, sig: SIG) void
std.os.linux.sigismember	fn sigismember(set: *const sigset_t, sig: SIG) bool
std.os.linux.getsockname	fn getsockname(fd: i32, noalias addr: *sockaddr, noalias len: *socklen_t) usize
std.os.linux.getpeername	fn getpeername(fd: i32, noalias addr: *sockaddr, noalias len: *socklen_t) usize
std.os.linux.socket	fn socket(domain: u32, socket_type: u32, protocol: u32) usize
std.os.linux.setsockopt	fn setsockopt(fd: i32, level: i32, optname: u32, optval: [*]const u8, optlen: socklen_t) usize
std.os.linux.getsockopt	fn getsockopt(fd: i32, level: i32, optname: u32, noalias optval: [*]u8, noalias optlen: *socklen_t) usize
std.os.linux.sendmsg	fn sendmsg(fd: i32, msg: *const msghdr_const, flags: u32) usize
std.os.linux.sendmmsg	fn sendmmsg(fd: i32, msgvec: [*]mmsghdr, vlen: u32, flags: u32) usize
std.os.linux.connect	fn connect(fd: i32, addr: *const anyopaque, len: socklen_t) usize
std.os.linux.recvmsg	fn recvmsg(fd: i32, msg: *msghdr, flags: u32) usize
std.os.linux.recvmmsg	fn recvmmsg(fd: i32, msgvec: ?[*]mmsghdr, vlen: u32, flags: u32, timeout: ?*timespec) usize
std.os.linux.recvfrom	fn recvfrom( fd: i32, noalias buf: [*]u8, len: usize, flags: u32, noalias addr: ?*sockaddr, noalias alen: ?*socklen_t, ) usize
std.os.linux.shutdown	fn shutdown(fd: i32, how: i32) usize
std.os.linux.bind	fn bind(fd: i32, addr: *const sockaddr, len: socklen_t) usize
std.os.linux.listen	fn listen(fd: i32, backlog: u32) usize
std.os.linux.sendto	fn sendto(fd: i32, buf: [*]const u8, len: usize, flags: u32, addr: ?*const sockaddr, alen: socklen_t) usize
std.os.linux.sendfile	fn sendfile(outfd: i32, infd: i32, offset: ?*i64, count: usize) usize
std.os.linux.socketpair	fn socketpair(domain: u32, socket_type: u32, protocol: u32, fd: *[2]i32) usize
std.os.linux.accept	fn accept(fd: i32, noalias addr: ?*sockaddr, noalias len: ?*socklen_t) usize
std.os.linux.accept4	fn accept4(fd: i32, noalias addr: ?*sockaddr, noalias len: ?*socklen_t, flags: u32) usize
std.os.linux.statx	fn statx(dirfd: i32, path: [*:0]const u8, flags: u32, mask: STATX, statx_buf: *Statx) usize
std.os.linux.listxattr	fn listxattr(path: [*:0]const u8, list: [*]u8, size: usize) usize
std.os.linux.llistxattr	fn llistxattr(path: [*:0]const u8, list: [*]u8, size: usize) usize
std.os.linux.flistxattr	fn flistxattr(fd: fd_t, list: [*]u8, size: usize) usize
std.os.linux.getxattr	fn getxattr(path: [*:0]const u8, name: [*:0]const u8, value: [*]u8, size: usize) usize
std.os.linux.lgetxattr	fn lgetxattr(path: [*:0]const u8, name: [*:0]const u8, value: [*]u8, size: usize) usize
std.os.linux.fgetxattr	fn fgetxattr(fd: fd_t, name: [*:0]const u8, value: [*]u8, size: usize) usize
std.os.linux.setxattr	fn setxattr(path: [*:0]const u8, name: [*:0]const u8, value: [*]const u8, size: usize, flags: usize) usize
std.os.linux.lsetxattr	fn lsetxattr(path: [*:0]const u8, name: [*:0]const u8, value: [*]const u8, size: usize, flags: usize) usize
std.os.linux.fsetxattr	fn fsetxattr(fd: fd_t, name: [*:0]const u8, value: [*]const u8, size: usize, flags: usize) usize
std.os.linux.removexattr	fn removexattr(path: [*:0]const u8, name: [*:0]const u8) usize
std.os.linux.lremovexattr	fn lremovexattr(path: [*:0]const u8, name: [*:0]const u8) usize
std.os.linux.fremovexattr	fn fremovexattr(fd: usize, name: [*:0]const u8) usize
std.os.linux.sched_setparam	fn sched_setparam(pid: pid_t, param: *const sched_param) usize
std.os.linux.sched_getparam	fn sched_getparam(pid: pid_t, param: *sched_param) usize
std.os.linux.sched_setscheduler	fn sched_setscheduler(pid: pid_t, policy: SCHED, param: *const sched_param) usize
std.os.linux.sched_getscheduler	fn sched_getscheduler(pid: pid_t) usize
std.os.linux.sched_get_priority_max	fn sched_get_priority_max(policy: SCHED) usize
std.os.linux.sched_get_priority_min	fn sched_get_priority_min(policy: SCHED) usize
std.os.linux.getcpu	fn getcpu(cpu: ?*usize, node: ?*usize) usize
std.os.linux.sched_setattr	fn sched_setattr(pid: pid_t, attr: *const sched_attr, flags: usize) usize
std.os.linux.sched_getattr	fn sched_getattr(pid: pid_t, attr: *sched_attr, size: usize, flags: usize) usize
std.os.linux.sched_rr_get_interval	fn sched_rr_get_interval(pid: pid_t, tp: *timespec) usize
std.os.linux.sched_yield	fn sched_yield() usize
std.os.linux.sched_getaffinity	fn sched_getaffinity(pid: pid_t, size: usize, set: *cpu_set_t) usize
std.os.linux.sched_setaffinity	fn sched_setaffinity(pid: pid_t, set: *const cpu_set_t) !void
std.os.linux.epoll_create	fn epoll_create() usize
std.os.linux.epoll_create1	fn epoll_create1(flags: usize) usize
std.os.linux.epoll_ctl	fn epoll_ctl(epoll_fd: i32, op: u32, fd: i32, ev: ?*epoll_event) usize
std.os.linux.epoll_wait	fn epoll_wait(epoll_fd: i32, events: [*]epoll_event, maxevents: u32, timeout: i32) usize
std.os.linux.epoll_pwait	fn epoll_pwait(epoll_fd: i32, events: [*]epoll_event, maxevents: u32, timeout: i32, sigmask: ?*const sigset_t) usize
std.os.linux.eventfd	fn eventfd(count: u32, flags: u32) usize
std.os.linux.timerfd_create	fn timerfd_create(clockid: timerfd_clockid_t, flags: TFD) usize
std.os.linux.timerfd_gettime	fn timerfd_gettime(fd: i32, curr_value: *itimerspec) usize
std.os.linux.timerfd_settime	fn timerfd_settime(fd: i32, flags: TFD.TIMER, new_value: *const itimerspec, old_value: ?*itimerspec) usize
std.os.linux.getitimer	fn getitimer(which: i32, curr_value: *itimerspec) usize
std.os.linux.setitimer	fn setitimer(which: i32, new_value: *const itimerspec, old_value: ?*itimerspec) usize
std.os.linux.unshare	fn unshare(flags: usize) usize
std.os.linux.setns	fn setns(fd: fd_t, flags: u32) usize
std.os.linux.capget	fn capget(hdrp: *cap_user_header_t, datap: *cap_user_data_t) usize
std.os.linux.capset	fn capset(hdrp: *cap_user_header_t, datap: *const cap_user_data_t) usize
std.os.linux.sigaltstack	fn sigaltstack(ss: ?*const stack_t, old_ss: ?*stack_t) usize
std.os.linux.uname	fn uname(uts: *utsname) usize
std.os.linux.io_uring_setup	fn io_uring_setup(entries: u32, p: *io_uring_params) usize
std.os.linux.io_uring_enter	fn io_uring_enter(fd: i32, to_submit: u32, min_complete: u32, flags: u32, sig: ?*sigset_t) usize
std.os.linux.io_uring_register	fn io_uring_register(fd: i32, opcode: IORING_REGISTER, arg: ?*const anyopaque, nr_args: u32) usize
std.os.linux.memfd_create	fn memfd_create(name: [*:0]const u8, flags: u32) usize
std.os.linux.getrusage	fn getrusage(who: i32, usage: *rusage) usize
std.os.linux.tcgetattr	fn tcgetattr(fd: fd_t, termios_p: *termios) usize
std.os.linux.tcsetattr	fn tcsetattr(fd: fd_t, optional_action: TCSA, termios_p: *const termios) usize
std.os.linux.tcgetpgrp	fn tcgetpgrp(fd: fd_t, pgrp: *pid_t) usize
std.os.linux.tcsetpgrp	fn tcsetpgrp(fd: fd_t, pgrp: *const pid_t) usize
std.os.linux.tcdrain	fn tcdrain(fd: fd_t) usize
std.os.linux.ioctl	fn ioctl(fd: fd_t, request: u32, arg: usize) usize
std.os.linux.signalfd	fn signalfd(fd: fd_t, mask: *const sigset_t, flags: u32) usize
std.os.linux.copy_file_range	fn copy_file_range(fd_in: fd_t, off_in: ?*i64, fd_out: fd_t, off_out: ?*i64, len: usize, flags: u32) usize
std.os.linux.bpf	fn bpf(cmd: BPF.Cmd, attr: *BPF.Attr, size: u32) usize
std.os.linux.sync	fn sync() void
std.os.linux.syncfs	fn syncfs(fd: fd_t) usize
std.os.linux.fsync	fn fsync(fd: fd_t) usize
std.os.linux.fdatasync	fn fdatasync(fd: fd_t) usize
std.os.linux.prctl	fn prctl(option: i32, arg2: usize, arg3: usize, arg4: usize, arg5: usize) usize
std.os.linux.getrlimit	fn getrlimit(resource: rlimit_resource, rlim: *rlimit) usize
std.os.linux.setrlimit	fn setrlimit(resource: rlimit_resource, rlim: *const rlimit) usize
std.os.linux.prlimit	fn prlimit(pid: pid_t, resource: rlimit_resource, new_limit: ?*const rlimit, old_limit: ?*rlimit) usize
std.os.linux.mincore	fn mincore(address: [*]u8, len: usize, vec: [*]u8) usize
std.os.linux.madvise	fn madvise(address: [*]u8, len: usize, advice: u32) usize
std.os.linux.pidfd_open	fn pidfd_open(pid: pid_t, flags: u32) usize
std.os.linux.pidfd_getfd	fn pidfd_getfd(pidfd: fd_t, targetfd: fd_t, flags: u32) usize
std.os.linux.pidfd_send_signal	fn pidfd_send_signal(pidfd: fd_t, sig: SIG, info: ?*siginfo_t, flags: u32) usize
std.os.linux.process_vm_readv	fn process_vm_readv(pid: pid_t, local: []const iovec, remote: []const iovec_const, flags: usize) usize
std.os.linux.process_vm_writev	fn process_vm_writev(pid: pid_t, local: []const iovec_const, remote: []const iovec_const, flags: usize) usize
std.os.linux.fadvise	fn fadvise(fd: fd_t, offset: i64, len: i64, advice: usize) usize
std.os.linux.perf_event_open	fn perf_event_open( attr: *perf_event_attr, pid: pid_t, cpu: i32, group_fd: fd_t, flags: usize, ) usize
std.os.linux.seccomp	fn seccomp(operation: u32, flags: u32, args: ?*const anyopaque) usize
std.os.linux.ptrace	fn ptrace( req: u32, pid: pid_t, addr: usize, data: usize, addr2: usize, ) usize
std.os.linux.cachestat	fn cachestat( /// The open file descriptor to retrieve statistics from. fd: fd_t, /// The byte range in `fd` to query. /// When `len > 0`, the range is `[off..off + len]`. /// When `len` == 0, the range is from `off` to the end of `fd`. cstat_range: *const cache_stat_range, /// The structure where page cache statistics are stored. cstat: *cache_stat, /// Currently unused, and must be set to `0`. flags: u32, ) usize
std.os.linux.map_shadow_stack	fn map_shadow_stack(addr: u64, size: u64, flags: u32) usize
std.os.linux.sysinfo	fn sysinfo(info: *Sysinfo) usize
std.os.linux.W.EXITSTATUS	fn EXITSTATUS(s: u32) u8
std.os.linux.W.TERMSIG	fn TERMSIG(s: u32) SIG
std.os.linux.W.STOPSIG	fn STOPSIG(s: u32) SIG
std.os.linux.W.IFEXITED	fn IFEXITED(s: u32) bool
std.os.linux.W.IFSTOPPED	fn IFSTOPPED(s: u32) bool
std.os.linux.W.IFSIGNALED	fn IFSIGNALED(s: u32) bool
std.os.linux.IPTOS.TOS	fn TOS(t: anytype) @TypeOf(t)
std.os.linux.IPTOS.PREC	fn PREC(t: anytype) @TypeOf(t)
std.os.linux.SER.ISO7816.T	fn T(t: anytype) @TypeOf(t)
std.os.linux.S.ISREG	fn ISREG(m: mode_t) bool
std.os.linux.S.ISDIR	fn ISDIR(m: mode_t) bool
std.os.linux.S.ISCHR	fn ISCHR(m: mode_t) bool
std.os.linux.S.ISBLK	fn ISBLK(m: mode_t) bool
std.os.linux.S.ISFIFO	fn ISFIFO(m: mode_t) bool
std.os.linux.S.ISLNK	fn ISLNK(m: mode_t) bool
std.os.linux.S.ISSOCK	fn ISSOCK(m: mode_t) bool
std.os.linux.CAP.valid	fn valid(x: u8) bool
std.os.linux.CAP.TO_MASK	fn TO_MASK(cap: u8) u32
std.os.linux.CAP.TO_INDEX	fn TO_INDEX(cap: u8) u8
std.os.linux.inotify_event.getName	fn getName(self: *const inotify_event) ?[:0]const u8
std.os.linux.CPU_COUNT	fn CPU_COUNT(set: cpu_set_t) cpu_count_t
std.os.linux.io_uring_sqe.prep_nop	fn prep_nop(sqe: *linux.io_uring_sqe) void
std.os.linux.io_uring_sqe.prep_fsync	fn prep_fsync(sqe: *linux.io_uring_sqe, fd: linux.fd_t, flags: u32) void
std.os.linux.io_uring_sqe.prep_rw	fn prep_rw( sqe: *linux.io_uring_sqe, op: linux.IORING_OP, fd: linux.fd_t, addr: u64, len: usize, offset: u64, ) void
std.os.linux.io_uring_sqe.prep_read	fn prep_read(sqe: *linux.io_uring_sqe, fd: linux.fd_t, buffer: []u8, offset: u64) void
std.os.linux.io_uring_sqe.prep_write	fn prep_write(sqe: *linux.io_uring_sqe, fd: linux.fd_t, buffer: []const u8, offset: u64) void
std.os.linux.io_uring_sqe.prep_splice	fn prep_splice(sqe: *linux.io_uring_sqe, fd_in: linux.fd_t, off_in: u64, fd_out: linux.fd_t, off_out: u64, len: usize) void
std.os.linux.io_uring_sqe.prep_readv	fn prep_readv( sqe: *linux.io_uring_sqe, fd: linux.fd_t, iovecs: []const std.posix.iovec, offset: u64, ) void
std.os.linux.io_uring_sqe.prep_writev	fn prep_writev( sqe: *linux.io_uring_sqe, fd: linux.fd_t, iovecs: []const std.posix.iovec_const, offset: u64, ) void
std.os.linux.io_uring_sqe.prep_read_fixed	fn prep_read_fixed(sqe: *linux.io_uring_sqe, fd: linux.fd_t, buffer: *std.posix.iovec, offset: u64, buffer_index: u16) void
std.os.linux.io_uring_sqe.prep_write_fixed	fn prep_write_fixed(sqe: *linux.io_uring_sqe, fd: linux.fd_t, buffer: *std.posix.iovec, offset: u64, buffer_index: u16) void
std.os.linux.io_uring_sqe.prep_accept	fn prep_accept( sqe: *linux.io_uring_sqe, fd: linux.fd_t, addr: ?*linux.sockaddr, addrlen: ?*linux.socklen_t, flags: u32, ) void
std.os.linux.io_uring_sqe.prep_accept_direct	fn prep_accept_direct( sqe: *linux.io_uring_sqe, fd: linux.fd_t, addr: ?*linux.sockaddr, addrlen: ?*linux.socklen_t, flags: u32, file_index: u32, ) void
std.os.linux.io_uring_sqe.prep_multishot_accept_direct	fn prep_multishot_accept_direct( sqe: *linux.io_uring_sqe, fd: linux.fd_t, addr: ?*linux.sockaddr, addrlen: ?*linux.socklen_t, flags: u32, ) void
std.os.linux.io_uring_sqe.prep_connect	fn prep_connect( sqe: *linux.io_uring_sqe, fd: linux.fd_t, addr: *const linux.sockaddr, addrlen: linux.socklen_t, ) void
std.os.linux.io_uring_sqe.prep_epoll_ctl	fn prep_epoll_ctl( sqe: *linux.io_uring_sqe, epfd: linux.fd_t, fd: linux.fd_t, op: u32, ev: ?*linux.epoll_event, ) void
std.os.linux.io_uring_sqe.prep_recv	fn prep_recv(sqe: *linux.io_uring_sqe, fd: linux.fd_t, buffer: []u8, flags: u32) void
std.os.linux.io_uring_sqe.prep_recv_multishot	fn prep_recv_multishot( sqe: *linux.io_uring_sqe, fd: linux.fd_t, buffer: []u8, flags: u32, ) void
std.os.linux.io_uring_sqe.prep_recvmsg	fn prep_recvmsg( sqe: *linux.io_uring_sqe, fd: linux.fd_t, msg: *linux.msghdr, flags: u32, ) void
std.os.linux.io_uring_sqe.prep_recvmsg_multishot	fn prep_recvmsg_multishot( sqe: *linux.io_uring_sqe, fd: linux.fd_t, msg: *linux.msghdr, flags: u32, ) void
std.os.linux.io_uring_sqe.prep_send	fn prep_send(sqe: *linux.io_uring_sqe, fd: linux.fd_t, buffer: []const u8, flags: u32) void
std.os.linux.io_uring_sqe.prep_send_zc	fn prep_send_zc(sqe: *linux.io_uring_sqe, fd: linux.fd_t, buffer: []const u8, flags: u32, zc_flags: u16) void
std.os.linux.io_uring_sqe.prep_send_zc_fixed	fn prep_send_zc_fixed(sqe: *linux.io_uring_sqe, fd: linux.fd_t, buffer: []const u8, flags: u32, zc_flags: u16, buf_index: u16) void
std.os.linux.io_uring_sqe.prep_sendmsg_zc	fn prep_sendmsg_zc( sqe: *linux.io_uring_sqe, fd: linux.fd_t, msg: *const linux.msghdr_const, flags: u32, ) void
std.os.linux.io_uring_sqe.prep_sendmsg	fn prep_sendmsg( sqe: *linux.io_uring_sqe, fd: linux.fd_t, msg: *const linux.msghdr_const, flags: u32, ) void
std.os.linux.io_uring_sqe.prep_openat	fn prep_openat( sqe: *linux.io_uring_sqe, fd: linux.fd_t, path: [*:0]const u8, flags: linux.O, mode: linux.mode_t, ) void
std.os.linux.io_uring_sqe.prep_openat_direct	fn prep_openat_direct( sqe: *linux.io_uring_sqe, fd: linux.fd_t, path: [*:0]const u8, flags: linux.O, mode: linux.mode_t, file_index: u32, ) void
std.os.linux.io_uring_sqe.prep_close	fn prep_close(sqe: *linux.io_uring_sqe, fd: linux.fd_t) void
std.os.linux.io_uring_sqe.prep_close_direct	fn prep_close_direct(sqe: *linux.io_uring_sqe, file_index: u32) void
std.os.linux.io_uring_sqe.prep_timeout	fn prep_timeout( sqe: *linux.io_uring_sqe, ts: *const linux.kernel_timespec, count: u32, flags: u32, ) void
std.os.linux.io_uring_sqe.prep_timeout_remove	fn prep_timeout_remove(sqe: *linux.io_uring_sqe, timeout_user_data: u64, flags: u32) void
std.os.linux.io_uring_sqe.prep_link_timeout	fn prep_link_timeout( sqe: *linux.io_uring_sqe, ts: *const linux.kernel_timespec, flags: u32, ) void
std.os.linux.io_uring_sqe.prep_poll_add	fn prep_poll_add( sqe: *linux.io_uring_sqe, fd: linux.fd_t, poll_mask: u32, ) void
std.os.linux.io_uring_sqe.prep_poll_remove	fn prep_poll_remove( sqe: *linux.io_uring_sqe, target_user_data: u64, ) void
std.os.linux.io_uring_sqe.prep_poll_update	fn prep_poll_update( sqe: *linux.io_uring_sqe, old_user_data: u64, new_user_data: u64, poll_mask: u32, flags: u32, ) void
std.os.linux.io_uring_sqe.prep_fallocate	fn prep_fallocate( sqe: *linux.io_uring_sqe, fd: linux.fd_t, mode: i32, offset: u64, len: u64, ) void
std.os.linux.io_uring_sqe.prep_statx	fn prep_statx( sqe: *linux.io_uring_sqe, fd: linux.fd_t, path: [*:0]const u8, flags: u32, mask: linux.STATX, buf: *linux.Statx, ) void
std.os.linux.io_uring_sqe.prep_cancel	fn prep_cancel( sqe: *linux.io_uring_sqe, cancel_user_data: u64, flags: u32, ) void
std.os.linux.io_uring_sqe.prep_cancel_fd	fn prep_cancel_fd( sqe: *linux.io_uring_sqe, fd: linux.fd_t, flags: u32, ) void
std.os.linux.io_uring_sqe.prep_shutdown	fn prep_shutdown( sqe: *linux.io_uring_sqe, sockfd: linux.socket_t, how: u32, ) void
std.os.linux.io_uring_sqe.prep_renameat	fn prep_renameat( sqe: *linux.io_uring_sqe, old_dir_fd: linux.fd_t, old_path: [*:0]const u8, new_dir_fd: linux.fd_t, new_path: [*:0]const u8, flags: u32, ) void
std.os.linux.io_uring_sqe.prep_unlinkat	fn prep_unlinkat( sqe: *linux.io_uring_sqe, dir_fd: linux.fd_t, path: [*:0]const u8, flags: u32, ) void
std.os.linux.io_uring_sqe.prep_mkdirat	fn prep_mkdirat( sqe: *linux.io_uring_sqe, dir_fd: linux.fd_t, path: [*:0]const u8, mode: linux.mode_t, ) void
std.os.linux.io_uring_sqe.prep_symlinkat	fn prep_symlinkat( sqe: *linux.io_uring_sqe, target: [*:0]const u8, new_dir_fd: linux.fd_t, link_path: [*:0]const u8, ) void
std.os.linux.io_uring_sqe.prep_linkat	fn prep_linkat( sqe: *linux.io_uring_sqe, old_dir_fd: linux.fd_t, old_path: [*:0]const u8, new_dir_fd: linux.fd_t, new_path: [*:0]const u8, flags: u32, ) void
std.os.linux.io_uring_sqe.prep_files_update	fn prep_files_update( sqe: *linux.io_uring_sqe, fds: []const linux.fd_t, offset: u32, ) void
std.os.linux.io_uring_sqe.prep_files_update_alloc	fn prep_files_update_alloc( sqe: *linux.io_uring_sqe, fds: []linux.fd_t, ) void
std.os.linux.io_uring_sqe.prep_provide_buffers	fn prep_provide_buffers( sqe: *linux.io_uring_sqe, buffers: [*]u8, buffer_len: usize, num: usize, group_id: usize, buffer_id: usize, ) void
std.os.linux.io_uring_sqe.prep_remove_buffers	fn prep_remove_buffers( sqe: *linux.io_uring_sqe, num: usize, group_id: usize, ) void
std.os.linux.io_uring_sqe.prep_multishot_accept	fn prep_multishot_accept( sqe: *linux.io_uring_sqe, fd: linux.fd_t, addr: ?*linux.sockaddr, addrlen: ?*linux.socklen_t, flags: u32, ) void
std.os.linux.io_uring_sqe.prep_socket	fn prep_socket( sqe: *linux.io_uring_sqe, domain: u32, socket_type: u32, protocol: u32, flags: u32, ) void
std.os.linux.io_uring_sqe.prep_socket_direct	fn prep_socket_direct( sqe: *linux.io_uring_sqe, domain: u32, socket_type: u32, protocol: u32, flags: u32, file_index: u32, ) void
std.os.linux.io_uring_sqe.prep_socket_direct_alloc	fn prep_socket_direct_alloc( sqe: *linux.io_uring_sqe, domain: u32, socket_type: u32, protocol: u32, flags: u32, ) void
std.os.linux.io_uring_sqe.prep_waitid	fn prep_waitid( sqe: *linux.io_uring_sqe, id_type: linux.P, id: i32, infop: *linux.siginfo_t, options: u32, flags: u32, ) void
std.os.linux.io_uring_sqe.prep_bind	fn prep_bind( sqe: *linux.io_uring_sqe, fd: linux.fd_t, addr: *const linux.sockaddr, addrlen: linux.socklen_t, flags: u32, ) void
std.os.linux.io_uring_sqe.prep_listen	fn prep_listen( sqe: *linux.io_uring_sqe, fd: linux.fd_t, backlog: usize, flags: u32, ) void
std.os.linux.io_uring_sqe.prep_cmd_sock	fn prep_cmd_sock( sqe: *linux.io_uring_sqe, cmd_op: linux.IO_URING_SOCKET_OP, fd: linux.fd_t, level: u32, optname: u32, optval: u64, optlen: u32, ) void
std.os.linux.io_uring_sqe.set_flags	fn set_flags(sqe: *linux.io_uring_sqe, flags: u8) void
std.os.linux.io_uring_sqe.link_next	fn link_next(sqe: *linux.io_uring_sqe) void
std.os.linux.IoUring.init	fn init(entries: u16, flags: u32) !IoUring
std.os.linux.IoUring.init_params	fn init_params(entries: u16, p: *linux.io_uring_params) !IoUring
std.os.linux.IoUring.deinit	fn deinit(self: *IoUring) void
std.os.linux.IoUring.get_sqe	fn get_sqe(self: *IoUring) !*linux.io_uring_sqe
std.os.linux.IoUring.submit	fn submit(self: *IoUring) !u32
std.os.linux.IoUring.submit_and_wait	fn submit_and_wait(self: *IoUring, wait_nr: u32) !u32
std.os.linux.IoUring.enter	fn enter(self: *IoUring, to_submit: u32, min_complete: u32, flags: u32) !u32
std.os.linux.IoUring.flush_sq	fn flush_sq(self: *IoUring) u32
std.os.linux.IoUring.sq_ring_needs_enter	fn sq_ring_needs_enter(self: *IoUring, flags: *u32) bool
std.os.linux.IoUring.sq_ready	fn sq_ready(self: *IoUring) u32
std.os.linux.IoUring.cq_ready	fn cq_ready(self: *IoUring) u32
std.os.linux.IoUring.copy_cqes	fn copy_cqes(self: *IoUring, cqes: []linux.io_uring_cqe, wait_nr: u32) !u32
std.os.linux.IoUring.copy_cqe	fn copy_cqe(ring: *IoUring) !linux.io_uring_cqe
std.os.linux.IoUring.cq_ring_needs_flush	fn cq_ring_needs_flush(self: *IoUring) bool
std.os.linux.IoUring.cqe_seen	fn cqe_seen(self: *IoUring, cqe: *linux.io_uring_cqe) void
std.os.linux.IoUring.cq_advance	fn cq_advance(self: *IoUring, count: u32) void
std.os.linux.IoUring.fsync	fn fsync(self: *IoUring, user_data: u64, fd: linux.fd_t, flags: u32) !*linux.io_uring_sqe
std.os.linux.IoUring.nop	fn nop(self: *IoUring, user_data: u64) !*linux.io_uring_sqe
std.os.linux.IoUring.read	fn read( self: *IoUring, user_data: u64, fd: linux.fd_t, buffer: ReadBuffer, offset: u64, ) !*linux.io_uring_sqe
std.os.linux.IoUring.write	fn write( self: *IoUring, user_data: u64, fd: linux.fd_t, buffer: []const u8, offset: u64, ) !*linux.io_uring_sqe
std.os.linux.IoUring.splice	fn splice(self: *IoUring, user_data: u64, fd_in: linux.fd_t, off_in: u64, fd_out: linux.fd_t, off_out: u64, len: usize) !*linux.io_uring_sqe
std.os.linux.IoUring.read_fixed	fn read_fixed( self: *IoUring, user_data: u64, fd: linux.fd_t, buffer: *posix.iovec, offset: u64, buffer_index: u16, ) !*linux.io_uring_sqe
std.os.linux.IoUring.writev	fn writev( self: *IoUring, user_data: u64, fd: linux.fd_t, iovecs: []const posix.iovec_const, offset: u64, ) !*linux.io_uring_sqe
std.os.linux.IoUring.write_fixed	fn write_fixed( self: *IoUring, user_data: u64, fd: linux.fd_t, buffer: *posix.iovec, offset: u64, buffer_index: u16, ) !*linux.io_uring_sqe
std.os.linux.IoUring.accept	fn accept( self: *IoUring, user_data: u64, fd: linux.fd_t, addr: ?*posix.sockaddr, addrlen: ?*posix.socklen_t, flags: u32, ) !*linux.io_uring_sqe
std.os.linux.IoUring.accept_multishot	fn accept_multishot( self: *IoUring, user_data: u64, fd: linux.fd_t, addr: ?*posix.sockaddr, addrlen: ?*posix.socklen_t, flags: u32, ) !*linux.io_uring_sqe
std.os.linux.IoUring.accept_direct	fn accept_direct( self: *IoUring, user_data: u64, fd: linux.fd_t, addr: ?*posix.sockaddr, addrlen: ?*posix.socklen_t, flags: u32, ) !*linux.io_uring_sqe
std.os.linux.IoUring.accept_multishot_direct	fn accept_multishot_direct( self: *IoUring, user_data: u64, fd: linux.fd_t, addr: ?*posix.sockaddr, addrlen: ?*posix.socklen_t, flags: u32, ) !*linux.io_uring_sqe
std.os.linux.IoUring.connect	fn connect( self: *IoUring, user_data: u64, fd: linux.fd_t, addr: *const posix.sockaddr, addrlen: posix.socklen_t, ) !*linux.io_uring_sqe
std.os.linux.IoUring.epoll_ctl	fn epoll_ctl( self: *IoUring, user_data: u64, epfd: linux.fd_t, fd: linux.fd_t, op: u32, ev: ?*linux.epoll_event, ) !*linux.io_uring_sqe
std.os.linux.IoUring.recv	fn recv( self: *IoUring, user_data: u64, fd: linux.fd_t, buffer: RecvBuffer, flags: u32, ) !*linux.io_uring_sqe
std.os.linux.IoUring.send	fn send( self: *IoUring, user_data: u64, fd: linux.fd_t, buffer: []const u8, flags: u32, ) !*linux.io_uring_sqe
std.os.linux.IoUring.send_zc	fn send_zc( self: *IoUring, user_data: u64, fd: linux.fd_t, buffer: []const u8, send_flags: u32, zc_flags: u16, ) !*linux.io_uring_sqe
std.os.linux.IoUring.send_zc_fixed	fn send_zc_fixed( self: *IoUring, user_data: u64, fd: linux.fd_t, buffer: []const u8, send_flags: u32, zc_flags: u16, buf_index: u16, ) !*linux.io_uring_sqe
std.os.linux.IoUring.recvmsg	fn recvmsg( self: *IoUring, user_data: u64, fd: linux.fd_t, msg: *linux.msghdr, flags: u32, ) !*linux.io_uring_sqe
std.os.linux.IoUring.sendmsg	fn sendmsg( self: *IoUring, user_data: u64, fd: linux.fd_t, msg: *const linux.msghdr_const, flags: u32, ) !*linux.io_uring_sqe
std.os.linux.IoUring.sendmsg_zc	fn sendmsg_zc( self: *IoUring, user_data: u64, fd: linux.fd_t, msg: *const linux.msghdr_const, flags: u32, ) !*linux.io_uring_sqe
std.os.linux.IoUring.openat	fn openat( self: *IoUring, user_data: u64, fd: linux.fd_t, path: [*:0]const u8, flags: linux.O, mode: posix.mode_t, ) !*linux.io_uring_sqe
std.os.linux.IoUring.openat_direct	fn openat_direct( self: *IoUring, user_data: u64, fd: linux.fd_t, path: [*:0]const u8, flags: linux.O, mode: posix.mode_t, file_index: u32, ) !*linux.io_uring_sqe
std.os.linux.IoUring.close	fn close(self: *IoUring, user_data: u64, fd: linux.fd_t) !*linux.io_uring_sqe
std.os.linux.IoUring.close_direct	fn close_direct(self: *IoUring, user_data: u64, file_index: u32) !*linux.io_uring_sqe
std.os.linux.IoUring.timeout	fn timeout( self: *IoUring, user_data: u64, ts: *const linux.kernel_timespec, count: u32, flags: u32, ) !*linux.io_uring_sqe
std.os.linux.IoUring.timeout_remove	fn timeout_remove( self: *IoUring, user_data: u64, timeout_user_data: u64, flags: u32, ) !*linux.io_uring_sqe
std.os.linux.IoUring.link_timeout	fn link_timeout( self: *IoUring, user_data: u64, ts: *const linux.kernel_timespec, flags: u32, ) !*linux.io_uring_sqe
std.os.linux.IoUring.poll_add	fn poll_add( self: *IoUring, user_data: u64, fd: linux.fd_t, poll_mask: u32, ) !*linux.io_uring_sqe
std.os.linux.IoUring.poll_remove	fn poll_remove( self: *IoUring, user_data: u64, target_user_data: u64, ) !*linux.io_uring_sqe
std.os.linux.IoUring.poll_update	fn poll_update( self: *IoUring, user_data: u64, old_user_data: u64, new_user_data: u64, poll_mask: u32, flags: u32, ) !*linux.io_uring_sqe
std.os.linux.IoUring.fallocate	fn fallocate( self: *IoUring, user_data: u64, fd: linux.fd_t, mode: i32, offset: u64, len: u64, ) !*linux.io_uring_sqe
std.os.linux.IoUring.statx	fn statx( self: *IoUring, user_data: u64, fd: linux.fd_t, path: [:0]const u8, flags: u32, mask: linux.STATX, buf: *linux.Statx, ) !*linux.io_uring_sqe
std.os.linux.IoUring.cancel	fn cancel( self: *IoUring, user_data: u64, cancel_user_data: u64, flags: u32, ) !*linux.io_uring_sqe
std.os.linux.IoUring.shutdown	fn shutdown( self: *IoUring, user_data: u64, sockfd: posix.socket_t, how: u32, ) !*linux.io_uring_sqe
std.os.linux.IoUring.renameat	fn renameat( self: *IoUring, user_data: u64, old_dir_fd: linux.fd_t, old_path: [*:0]const u8, new_dir_fd: linux.fd_t, new_path: [*:0]const u8, flags: u32, ) !*linux.io_uring_sqe
std.os.linux.IoUring.unlinkat	fn unlinkat( self: *IoUring, user_data: u64, dir_fd: linux.fd_t, path: [*:0]const u8, flags: u32, ) !*linux.io_uring_sqe
std.os.linux.IoUring.mkdirat	fn mkdirat( self: *IoUring, user_data: u64, dir_fd: linux.fd_t, path: [*:0]const u8, mode: posix.mode_t, ) !*linux.io_uring_sqe
std.os.linux.IoUring.symlinkat	fn symlinkat( self: *IoUring, user_data: u64, target: [*:0]const u8, new_dir_fd: linux.fd_t, link_path: [*:0]const u8, ) !*linux.io_uring_sqe
std.os.linux.IoUring.linkat	fn linkat( self: *IoUring, user_data: u64, old_dir_fd: linux.fd_t, old_path: [*:0]const u8, new_dir_fd: linux.fd_t, new_path: [*:0]const u8, flags: u32, ) !*linux.io_uring_sqe
std.os.linux.IoUring.provide_buffers	fn provide_buffers( self: *IoUring, user_data: u64, buffers: [*]u8, buffer_size: usize, buffers_count: usize, group_id: usize, buffer_id: usize, ) !*linux.io_uring_sqe
std.os.linux.IoUring.remove_buffers	fn remove_buffers( self: *IoUring, user_data: u64, buffers_count: usize, group_id: usize, ) !*linux.io_uring_sqe
std.os.linux.IoUring.waitid	fn waitid( self: *IoUring, user_data: u64, id_type: linux.P, id: i32, infop: *linux.siginfo_t, options: u32, flags: u32, ) !*linux.io_uring_sqe
std.os.linux.IoUring.register_files	fn register_files(self: *IoUring, fds: []const linux.fd_t) !void
std.os.linux.IoUring.register_files_update	fn register_files_update(self: *IoUring, offset: u32, fds: []const linux.fd_t) !void
std.os.linux.IoUring.register_files_sparse	fn register_files_sparse(self: *IoUring, nr_files: u32) !void
std.os.linux.IoUring.register_file_alloc_range	fn register_file_alloc_range(self: *IoUring, offset: u32, len: u32) !void
std.os.linux.IoUring.register_eventfd	fn register_eventfd(self: *IoUring, fd: linux.fd_t) !void
std.os.linux.IoUring.register_eventfd_async	fn register_eventfd_async(self: *IoUring, fd: linux.fd_t) !void
std.os.linux.IoUring.unregister_eventfd	fn unregister_eventfd(self: *IoUring) !void
std.os.linux.IoUring.register_napi	fn register_napi(self: *IoUring, napi: *linux.io_uring_napi) !void
std.os.linux.IoUring.unregister_napi	fn unregister_napi(self: *IoUring, napi: *linux.io_uring_napi) !void
std.os.linux.IoUring.register_buffers	fn register_buffers(self: *IoUring, buffers: []const posix.iovec) !void
std.os.linux.IoUring.unregister_buffers	fn unregister_buffers(self: *IoUring) !void
std.os.linux.IoUring.get_probe	fn get_probe(self: *IoUring) !linux.io_uring_probe
std.os.linux.IoUring.unregister_files	fn unregister_files(self: *IoUring) !void
std.os.linux.IoUring.socket	fn socket( self: *IoUring, user_data: u64, domain: u32, socket_type: u32, protocol: u32, flags: u32, ) !*linux.io_uring_sqe
std.os.linux.IoUring.socket_direct	fn socket_direct( self: *IoUring, user_data: u64, domain: u32, socket_type: u32, protocol: u32, flags: u32, file_index: u32, ) !*linux.io_uring_sqe
std.os.linux.IoUring.socket_direct_alloc	fn socket_direct_alloc( self: *IoUring, user_data: u64, domain: u32, socket_type: u32, protocol: u32, flags: u32, ) !*linux.io_uring_sqe
std.os.linux.IoUring.bind	fn bind( self: *IoUring, user_data: u64, fd: linux.fd_t, addr: *const posix.sockaddr, addrlen: posix.socklen_t, flags: u32, ) !*linux.io_uring_sqe
std.os.linux.IoUring.listen	fn listen( self: *IoUring, user_data: u64, fd: linux.fd_t, backlog: usize, flags: u32, ) !*linux.io_uring_sqe
std.os.linux.IoUring.cmd_sock	fn cmd_sock( self: *IoUring, user_data: u64, cmd_op: linux.IO_URING_SOCKET_OP, fd: linux.fd_t, level: u32, // linux.SOL optname: u32, // linux.SO optval: u64, // pointer to the option value optlen: u32, // size of the option value ) !*linux.io_uring_sqe
std.os.linux.IoUring.setsockopt	fn setsockopt( self: *IoUring, user_data: u64, fd: linux.fd_t, level: u32, // linux.SOL optname: u32, // linux.SO opt: []const u8, ) !*linux.io_uring_sqe
std.os.linux.IoUring.getsockopt	fn getsockopt( self: *IoUring, user_data: u64, fd: linux.fd_t, level: u32, // linux.SOL optname: u32, // linux.SO opt: []u8, ) !*linux.io_uring_sqe
std.os.linux.IoUring.SubmissionQueue.init	fn init(fd: linux.fd_t, p: linux.io_uring_params) !SubmissionQueue
std.os.linux.IoUring.SubmissionQueue.deinit	fn deinit(self: *SubmissionQueue) void
std.os.linux.IoUring.CompletionQueue.init	fn init(fd: linux.fd_t, p: linux.io_uring_params, sq: SubmissionQueue) !CompletionQueue
std.os.linux.IoUring.CompletionQueue.deinit	fn deinit(self: *CompletionQueue) void
std.os.linux.IoUring.BufferGroup.init	fn init( ring: *IoUring, allocator: Allocator, group_id: u16, buffer_size: u32, buffers_count: u16, ) !BufferGroup
std.os.linux.IoUring.BufferGroup.deinit	fn deinit(self: *BufferGroup, allocator: Allocator) void
std.os.linux.IoUring.BufferGroup.recv	fn recv(self: *BufferGroup, user_data: u64, fd: linux.fd_t, flags: u32) !*linux.io_uring_sqe
std.os.linux.IoUring.BufferGroup.recv_multishot	fn recv_multishot(self: *BufferGroup, user_data: u64, fd: linux.fd_t, flags: u32) !*linux.io_uring_sqe
std.os.linux.IoUring.BufferGroup.get_by_id	fn get_by_id(self: *BufferGroup, buffer_id: u16) []u8
std.os.linux.IoUring.BufferGroup.get	fn get(self: *BufferGroup, cqe: linux.io_uring_cqe) ![]u8
std.os.linux.IoUring.BufferGroup.put	fn put(self: *BufferGroup, cqe: linux.io_uring_cqe) !void
std.os.linux.IoUring.setup_buf_ring	fn setup_buf_ring( fd: linux.fd_t, entries: u16, group_id: u16, flags: linux.io_uring_buf_reg.Flags, ) !*align(page_size_min) linux.io_uring_buf_ring
std.os.linux.IoUring.free_buf_ring	fn free_buf_ring(fd: linux.fd_t, br: *align(page_size_min) linux.io_uring_buf_ring, entries: u32, group_id: u16) void
std.os.linux.IoUring.buf_ring_init	fn buf_ring_init(br: *linux.io_uring_buf_ring) void
std.os.linux.IoUring.buf_ring_mask	fn buf_ring_mask(entries: u16) u16
std.os.linux.IoUring.buf_ring_add	fn buf_ring_add( br: *linux.io_uring_buf_ring, buffer: []u8, buffer_id: u16, mask: u16, buffer_offset: u16, ) void
std.os.linux.IoUring.buf_ring_advance	fn buf_ring_advance(br: *linux.io_uring_buf_ring, count: u16) void
std.os.linux.io_uring_cqe.err	fn err(self: io_uring_cqe) E
std.os.linux.io_uring_cqe.buffer_id	fn buffer_id(self: io_uring_cqe) !u16
std.os.linux.io_uring_probe_op.is_supported	fn is_supported(self: @This()) bool
std.os.linux.io_uring_probe.is_supported	fn is_supported(self: @This(), op: IORING_OP) bool
std.os.plan9.errno	fn errno(r: usize) E
std.os.plan9.errstr	fn errstr() []const u8
std.os.plan9.getpid	fn getpid() u32
std.os.plan9.sigemptyset	fn sigemptyset() sigset_t
std.os.plan9.sigaction	fn sigaction(sig: u6, noalias act: ?*const Sigaction, noalias oact: ?*Sigaction) usize
std.os.plan9.write	fn write(fd: i32, buf: [*]const u8, count: usize) usize
std.os.plan9.pwrite	fn pwrite(fd: i32, buf: [*]const u8, count: usize, offset: isize) usize
std.os.plan9.read	fn read(fd: i32, buf: [*]const u8, count: usize) usize
std.os.plan9.pread	fn pread(fd: i32, buf: [*]const u8, count: usize, offset: isize) usize
std.os.plan9.open	fn open(path: [*:0]const u8, flags: u32) usize
std.os.plan9.openat	fn openat(dirfd: i32, path: [*:0]const u8, flags: u32, _: mode_t) usize
std.os.plan9.fd2path	fn fd2path(fd: i32, buf: [*]u8, nbuf: usize) usize
std.os.plan9.create	fn create(path: [*:0]const u8, omode: mode_t, perms: usize) usize
std.os.plan9.exit	fn exit(status: u8) noreturn
std.os.plan9.exits	fn exits(status: ?[*:0]const u8) noreturn
std.os.plan9.close	fn close(fd: i32) usize
std.os.plan9.brk_	fn brk_(addr: usize) i32
std.os.plan9.sbrk	fn sbrk(n: usize) usize
std.os.uefi.protocol.ServiceBinding	fn ServiceBinding(service_guid: Guid) type
std.os.uefi.protocol.LoadedImage.unload	fn unload(self: *LoadedImage, handle: Handle) UnloadError!void
std.os.uefi.protocol.DevicePath.next	fn next(self: *const DevicePath) ?*const DevicePath
std.os.uefi.protocol.DevicePath.size	fn size(self: *const DevicePath) usize
std.os.uefi.protocol.DevicePath.createFileDevicePath	fn createFileDevicePath( self: *const DevicePath, allocator: Allocator, path: []const u16, ) CreateFileDevicePathError!*const DevicePath
std.os.uefi.protocol.DevicePath.getDevicePath	fn getDevicePath(self: *const DevicePath) ?uefi.DevicePath
std.os.uefi.protocol.DevicePath.initSubtype	fn initSubtype(self: *const DevicePath, comptime TUnion: type) ?TUnion
std.os.uefi.protocol.Rng.getInfo	fn getInfo(self: *const Rng, list: []align(8) Guid) GetInfoError![]align(8) Guid
std.os.uefi.protocol.Rng.getRNG	fn getRNG(self: *const Rng, algo: ?*align(8) const Guid, value: []u8) GetRNGError!void
std.os.uefi.protocol.SimpleFileSystem.openVolume	fn openVolume(self: *const SimpleFileSystem) OpenVolumeError!*File
std.os.uefi.protocol.File.open	fn open( self: *const File, file_name: [*:0]const u16, mode: OpenMode, create_attributes: Attributes, ) OpenError!*File
std.os.uefi.protocol.File.close	fn close(self: *File) CloseError!void
std.os.uefi.protocol.File.delete	fn delete(self: *File) uefi.UnexpectedError!bool
std.os.uefi.protocol.File.read	fn read(self: *File, buffer: []u8) ReadError!usize
std.os.uefi.protocol.File.write	fn write(self: *File, buffer: []const u8) WriteError!usize
std.os.uefi.protocol.File.getPosition	fn getPosition(self: *const File) SeekError!u64
std.os.uefi.protocol.File.setPosition	fn setPosition(self: *File, position: u64) SeekError!void
std.os.uefi.protocol.File.getInfoSize	fn getInfoSize(self: *const File, comptime info: std.meta.Tag(Info)) GetInfoError!usize
std.os.uefi.protocol.File.getInfo	fn getInfo( self: *const File, comptime info: std.meta.Tag(Info), buffer: []align(@alignOf(@FieldType(Info, @tagName(info)))) u8, ) GetInfoError!*@FieldType(Info, @tagName(info))
std.os.uefi.protocol.File.setInfo	fn setInfo( self: *File, comptime info: std.meta.Tag(Info), data: *const @FieldType(Info, @tagName(info)), ) SetInfoError!void
std.os.uefi.protocol.File.flush	fn flush(self: *File) FlushError!void
std.os.uefi.protocol.File.Info.File.getFileName	fn getFileName(self: *const Info.File) [*:0]const u16
std.os.uefi.protocol.File.Info.FileSystem.getVolumeLabel	fn getVolumeLabel(self: *const FileSystem) [*:0]const u16
std.os.uefi.protocol.File.Info.VolumeLabel.getVolumeLabel	fn getVolumeLabel(self: *const VolumeLabel) [*:0]const u16
std.os.uefi.protocol.BlockIo.reset	fn reset(self: *Self, extended_verification: bool) ResetError!void
std.os.uefi.protocol.BlockIo.readBlocks	fn readBlocks(self: *Self, media_id: u32, lba: u64, buf: []u8) ReadBlocksError!void
std.os.uefi.protocol.BlockIo.writeBlocks	fn writeBlocks(self: *Self, media_id: u32, lba: u64, buf: []const u8) WriteBlocksError!void
std.os.uefi.protocol.BlockIo.flushBlocks	fn flushBlocks(self: *Self) FlushBlocksError!void
std.os.uefi.protocol.SimpleTextInput.reset	fn reset(self: *SimpleTextInput, verify: bool) ResetError!void
std.os.uefi.protocol.SimpleTextInput.readKeyStroke	fn readKeyStroke(self: *SimpleTextInput) ReadKeyStrokeError!Key.Input
std.os.uefi.protocol.SimpleTextInputEx.reset	fn reset(self: *SimpleTextInputEx, verify: bool) ResetError!void
std.os.uefi.protocol.SimpleTextInputEx.readKeyStroke	fn readKeyStroke(self: *SimpleTextInputEx) ReadKeyStrokeError!Key
std.os.uefi.protocol.SimpleTextInputEx.setState	fn setState(self: *SimpleTextInputEx, state: *const Key.State.Toggle) SetStateError!void
std.os.uefi.protocol.SimpleTextInputEx.registerKeyNotify	fn registerKeyNotify( self: *SimpleTextInputEx, key_data: *const Key, notify: *const fn (*const Key) callconv(cc) Status, ) RegisterKeyNotifyError!uefi.Handle
std.os.uefi.protocol.SimpleTextInputEx.unregisterKeyNotify	fn unregisterKeyNotify( self: *SimpleTextInputEx, handle: uefi.Handle, ) UnregisterKeyNotifyError!void
std.os.uefi.protocol.SimpleTextOutput.reset	fn reset(self: *SimpleTextOutput, verify: bool) ResetError!void
std.os.uefi.protocol.SimpleTextOutput.outputString	fn outputString(self: *SimpleTextOutput, msg: [*:0]const u16) OutputStringError!bool
std.os.uefi.protocol.SimpleTextOutput.testString	fn testString(self: *const SimpleTextOutput, msg: [*:0]const u16) uefi.UnexpectedError!bool
std.os.uefi.protocol.SimpleTextOutput.queryMode	fn queryMode(self: *const SimpleTextOutput, mode_number: usize) QueryModeError!Geometry
std.os.uefi.protocol.SimpleTextOutput.setMode	fn setMode(self: *SimpleTextOutput, mode_number: usize) SetModeError!void
std.os.uefi.protocol.SimpleTextOutput.setAttribute	fn setAttribute(self: *SimpleTextOutput, attribute: Attribute) SetAttributeError!void
std.os.uefi.protocol.SimpleTextOutput.clearScreen	fn clearScreen(self: *SimpleTextOutput) ClearScreenError!void
std.os.uefi.protocol.SimpleTextOutput.setCursorPosition	fn setCursorPosition( self: *SimpleTextOutput, column: usize, row: usize, ) SetCursorPositionError!void
std.os.uefi.protocol.SimpleTextOutput.enableCursor	fn enableCursor(self: *SimpleTextOutput, visible: bool) EnableCursorError!void
std.os.uefi.protocol.SimplePointer.reset	fn reset(self: *SimplePointer, verify: bool) ResetError!void
std.os.uefi.protocol.SimplePointer.getState	fn getState(self: *const SimplePointer) GetStateError!State
std.os.uefi.protocol.AbsolutePointer.reset	fn reset(self: *AbsolutePointer, verify: bool) ResetError!void
std.os.uefi.protocol.AbsolutePointer.getState	fn getState(self: *const AbsolutePointer) GetStateError!State
std.os.uefi.protocol.SerialIo.reset	fn reset(self: *SerialIo) ResetError!void
std.os.uefi.protocol.SerialIo.setAttribute	fn setAttribute( self: *SerialIo, baud_rate: u64, receiver_fifo_depth: u32, timeout: u32, parity: ParityType, data_bits: u8, stop_bits: StopBitsType, ) SetAttributeError!void
std.os.uefi.protocol.SerialIo.setControl	fn setControl(self: *SerialIo, control: u32) SetControlError!void
std.os.uefi.protocol.SerialIo.getControl	fn getControl(self: *SerialIo) GetControlError!u32
std.os.uefi.protocol.SerialIo.write	fn write(self: *SerialIo, buffer: []const u8) WriteError!usize
std.os.uefi.protocol.SerialIo.read	fn read(self: *SerialIo, buffer: []u8) ReadError!usize
std.os.uefi.protocol.GraphicsOutput.queryMode	fn queryMode(self: *const GraphicsOutput, mode_id: u32) QueryModeError!*Mode.Info
std.os.uefi.protocol.GraphicsOutput.setMode	fn setMode(self: *GraphicsOutput, mode_id: u32) SetModeError!void
std.os.uefi.protocol.GraphicsOutput.blt	fn blt( self: *GraphicsOutput, blt_buffer: ?[*]BltPixel, blt_operation: BltOperation, source_x: usize, source_y: usize, destination_x: usize, destination_y: usize, width: usize, height: usize, delta: usize, ) BltError!void
std.os.uefi.protocol.edid.Override.getEdid	fn getEdid(self: *const Override, handle: Handle) GetEdidError!Edid
std.os.uefi.protocol.SimpleNetwork.start	fn start(self: *SimpleNetwork) StartError!void
std.os.uefi.protocol.SimpleNetwork.stop	fn stop(self: *SimpleNetwork) StopError!void
std.os.uefi.protocol.SimpleNetwork.initialize	fn initialize( self: *SimpleNetwork, extra_rx_buffer_size: usize, extra_tx_buffer_size: usize, ) InitializeError!void
std.os.uefi.protocol.SimpleNetwork.reset	fn reset(self: *SimpleNetwork, extended_verification: bool) ResetError!void
std.os.uefi.protocol.SimpleNetwork.shutdown	fn shutdown(self: *SimpleNetwork) ShutdownError!void
std.os.uefi.protocol.SimpleNetwork.receiveFilters	fn receiveFilters( self: *SimpleNetwork, enable: ReceiveFilter, disable: ReceiveFilter, reset_mcast_filter: bool, mcast_filter: ?[]const MacAddress, ) ReceiveFiltersError!void
std.os.uefi.protocol.SimpleNetwork.stationAddress	fn stationAddress( self: *SimpleNetwork, reset_flag: bool, new: ?*const MacAddress, ) StationAddressError!void
std.os.uefi.protocol.SimpleNetwork.resetStatistics	fn resetStatistics(self: *SimpleNetwork) StatisticsError!void
std.os.uefi.protocol.SimpleNetwork.statistics	fn statistics(self: *SimpleNetwork, reset_flag: bool) StatisticsError!Statistics
std.os.uefi.protocol.SimpleNetwork.mcastIpToMac	fn mcastIpToMac( self: *SimpleNetwork, ipv6: bool, ip: *const anyopaque, ) McastIpToMacError!MacAddress
std.os.uefi.protocol.SimpleNetwork.nvData	fn nvData( self: *SimpleNetwork, read_write: NvDataOperation, offset: usize, buffer: []u8, ) NvDataError!void
std.os.uefi.protocol.SimpleNetwork.getStatus	fn getStatus( self: *SimpleNetwork, interrupt_status: ?*InterruptStatus, recycled_tx_buf: ?*?[*]u8, ) GetStatusError!void
std.os.uefi.protocol.SimpleNetwork.transmit	fn transmit( self: *SimpleNetwork, header_size: usize, buffer: []const u8, src_addr: ?*const MacAddress, dest_addr: ?*const MacAddress, protocol: ?*const u16, ) TransmitError!void
std.os.uefi.protocol.SimpleNetwork.receive	fn receive(self: *SimpleNetwork, buffer: []u8) ReceiveError!Packet
std.os.uefi.protocol.ManagedNetwork.getModeData	fn getModeData(self: *const ManagedNetwork) GetModeDataError!GetModeDataData
std.os.uefi.protocol.ManagedNetwork.configure	fn configure(self: *ManagedNetwork, mnp_config_data: ?*const Config) ConfigureError!void
std.os.uefi.protocol.ManagedNetwork.mcastIpToMac	fn mcastIpToMac( self: *ManagedNetwork, ipv6flag: bool, ipaddress: *const uefi.IpAddress, ) McastIpToMacError!MacAddress
std.os.uefi.protocol.ManagedNetwork.groups	fn groups( self: *ManagedNetwork, join_flag: bool, mac_address: ?*const MacAddress, ) GroupsError!void
std.os.uefi.protocol.ManagedNetwork.transmit	fn transmit(self: *ManagedNetwork, token: *CompletionToken) TransmitError!void
std.os.uefi.protocol.ManagedNetwork.receive	fn receive(self: *ManagedNetwork, token: *CompletionToken) TransmitError!void
std.os.uefi.protocol.ManagedNetwork.cancel	fn cancel(self: *ManagedNetwork, token: ?*const CompletionToken) CancelError!void
std.os.uefi.protocol.ManagedNetwork.poll	fn poll(self: *ManagedNetwork) PollError!void
std.os.uefi.protocol.ManagedNetwork.ServiceBinding.createChild	fn createChild(self: *const ServiceBinding, handle: *?Handle) Status
std.os.uefi.protocol.ManagedNetwork.ServiceBinding.destroyChild	fn destroyChild(self: *const ServiceBinding, handle: Handle) Status
std.os.uefi.protocol.ManagedNetwork.TransmitData.getFragments	fn getFragments(self: *TransmitData) []Fragment
std.os.uefi.protocol.Ip6.getModeData	fn getModeData(self: *const Ip6) GetModeDataError!ModeData
std.os.uefi.protocol.Ip6.configure	fn configure(self: *Ip6, ip6_config_data: *const Config) ConfigureError!void
std.os.uefi.protocol.Ip6.disable	fn disable(self: *Ip6) ConfigureError!void
std.os.uefi.protocol.Ip6.leaveAllGroups	fn leaveAllGroups(self: *Ip6) GroupsError!void
std.os.uefi.protocol.Ip6.groups	fn groups( self: *Ip6, join_flag: JoinFlag, group_address: *const Address, ) GroupsError!void
std.os.uefi.protocol.Ip6.routes	fn routes( self: *Ip6, delete_route: DeleteFlag, destination: ?*const Address, prefix_length: u8, gateway_address: ?*const Address, ) RoutesError!void
std.os.uefi.protocol.Ip6.neighbors	fn neighbors( self: *Ip6, delete_flag: DeleteFlag, target_ip6_address: *const Address, target_link_address: ?*const MacAddress, timeout: u32, override: bool, ) NeighborsError!void
std.os.uefi.protocol.Ip6.transmit	fn transmit(self: *Ip6, token: *CompletionToken) TransmitError!void
std.os.uefi.protocol.Ip6.receive	fn receive(self: *Ip6, token: *CompletionToken) ReceiveError!void
std.os.uefi.protocol.Ip6.cancel	fn cancel(self: *Ip6, token: ?*CompletionToken) CancelError!void
std.os.uefi.protocol.Ip6.poll	fn poll(self: *Ip6) PollError!bool
std.os.uefi.protocol.Ip6Config.setData	fn setData( self: *const Ip6Config, comptime data_type: std.meta.Tag(DataType), payload: *const @FieldType(DataType, @tagName(data_type)), ) SetDataError!void
std.os.uefi.protocol.Ip6Config.getData	fn getData( self: *const Ip6Config, comptime data_type: std.meta.Tag(DataType), ) GetDataError!@FieldType(DataType, @tagName(data_type))
std.os.uefi.protocol.Ip6Config.registerDataNotify	fn registerDataNotify( self: *const Ip6Config, data_type: DataType, event: Event, ) RegisterDataNotifyError!void
std.os.uefi.protocol.Ip6Config.unregisterDataNotify	fn unregisterDataNotify( self: *const Ip6Config, data_type: DataType, event: Event, ) UnregisterDataNotifyError!void
std.os.uefi.protocol.Udp6.getModeData	fn getModeData(self: *const Udp6) GetModeDataError!ModeData
std.os.uefi.protocol.Udp6.configure	fn configure(self: *Udp6, udp6_config_data: ?*const Config) ConfigureError!void
std.os.uefi.protocol.Udp6.groups	fn groups( self: *Udp6, join_flag: JoinFlag, multicast_address: ?*const Ip6.Address, ) GroupsError!void
std.os.uefi.protocol.Udp6.transmit	fn transmit(self: *Udp6, token: *CompletionToken) TransmitError!void
std.os.uefi.protocol.Udp6.receive	fn receive(self: *Udp6, token: *CompletionToken) ReceiveError!void
std.os.uefi.protocol.Udp6.cancel	fn cancel(self: *Udp6, token: ?*CompletionToken) CancelError!void
std.os.uefi.protocol.Udp6.poll	fn poll(self: *Udp6) PollError!void
std.os.uefi.protocol.Udp6.ReceiveData.getFragments	fn getFragments(self: *ReceiveData) []Fragment
std.os.uefi.protocol.Udp6.TransmitData.getFragments	fn getFragments(self: *TransmitData) []Fragment
std.os.uefi.protocol.HiiDatabase.removePackageList	fn removePackageList(self: *HiiDatabase, handle: hii.Handle) RemovePackageListError!void
std.os.uefi.protocol.HiiDatabase.updatePackageList	fn updatePackageList( self: *HiiDatabase, handle: hii.Handle, buffer: *const hii.PackageList, ) UpdatePackageListError!void
std.os.uefi.protocol.HiiDatabase.listPackageLists	fn listPackageLists( self: *const HiiDatabase, package_type: u8, package_guid: ?*const Guid, handles: []hii.Handle, ) ListPackageListsError![]hii.Handle
std.os.uefi.protocol.HiiDatabase.exportPackageLists	fn exportPackageLists( self: *const HiiDatabase, handle: ?hii.Handle, buffer: []hii.PackageList, ) ExportPackageListError![]hii.PackageList
std.os.uefi.protocol.HiiPopup.createPopup	fn createPopup( self: *const HiiPopup, style: PopupStyle, popup_type: PopupType, handle: hii.Handle, msg: u16, ) CreatePopupError!PopupSelection
std.os.uefi.DevicePath.Acpi.AdrDevicePath.adrs	fn adrs(self: *const AdrDevicePath) []align(1) const u32
std.os.uefi.DevicePath.Messaging.UsbWwidDevicePath.serial_number	fn serial_number(self: *const UsbWwidDevicePath) []align(1) const u16
std.os.uefi.DevicePath.Media.FilePathDevicePath.getPath	fn getPath(self: *const FilePathDevicePath) [*:0]align(1) const u16
std.os.uefi.DevicePath.BiosBootSpecification.BBS101DevicePath.getDescription	fn getDescription(self: *const BBS101DevicePath) [*:0]const u8
std.os.uefi.hii.SimplifiedFontPackage.getNarrowGlyphs	fn getNarrowGlyphs(self: *SimplifiedFontPackage) []NarrowGlyph
std.os.uefi.Status.err	fn err(self: Status) Error!void
std.os.uefi.Status.fromError	fn fromError(e: Error) Status
std.os.uefi.tables.BootServices.allocatePages	fn allocatePages( self: *BootServices, location: AllocateLocation, mem_type: MemoryType, pages: usize, ) AllocatePagesError![]align(4096) Page
std.os.uefi.tables.BootServices.freePages	fn freePages(self: *BootServices, pages: []align(4096) Page) FreePagesError!void
std.os.uefi.tables.BootServices.getMemoryMapInfo	fn getMemoryMapInfo(self: *const BootServices) uefi.UnexpectedError!MemoryMapInfo
std.os.uefi.tables.BootServices.getMemoryMap	fn getMemoryMap( self: *const BootServices, buffer: []align(@alignOf(MemoryDescriptor)) u8, ) GetMemoryMapError!MemoryMapSlice
std.os.uefi.tables.BootServices.allocatePool	fn allocatePool( self: *BootServices, pool_type: MemoryType, size: usize, ) AllocatePoolError![]align(8) u8
std.os.uefi.tables.BootServices.freePool	fn freePool(self: *BootServices, ptr: [*]align(8) u8) FreePoolError!void
std.os.uefi.tables.BootServices.createEvent	fn createEvent( self: *BootServices, event_type: uefi.EventType, notify_opts: NotifyOpts, ) CreateEventError!Event
std.os.uefi.tables.BootServices.setTimer	fn setTimer( self: *BootServices, event: Event, @"type": TimerDelay, trigger_time: u64, ) SetTimerError!void
std.os.uefi.tables.BootServices.waitForEvent	fn waitForEvent( self: *BootServices, events: []const Event, ) WaitForEventError!struct { *const Event, usize }
std.os.uefi.tables.BootServices.signalEvent	fn signalEvent(self: *BootServices, event: Event) uefi.UnexpectedError!void
std.os.uefi.tables.BootServices.closeEvent	fn closeEvent(self: *BootServices, event: Event) uefi.UnexpectedError!void
std.os.uefi.tables.BootServices.checkEvent	fn checkEvent(self: *BootServices, event: Event) CheckEventError!bool
std.os.uefi.tables.BootServices.installProtocolInterface	fn installProtocolInterface( self: *BootServices, handle: ?Handle, interface: anytype, ) InstallProtocolInterfacesError!Handle
std.os.uefi.tables.BootServices.reinstallProtocolInterface	fn reinstallProtocolInterface( self: *BootServices, handle: Handle, Protocol: type, old: ?*const Protocol, new: ?*const Protocol, ) ReinstallProtocolInterfaceError!void
std.os.uefi.tables.BootServices.uninstallProtocolInterface	fn uninstallProtocolInterface( self: *BootServices, handle: Handle, interface: anytype, ) UninstallProtocolInterfacesError!void
std.os.uefi.tables.BootServices.handleProtocol	fn handleProtocol( self: *BootServices, Protocol: type, handle: Handle, ) HandleProtocolError!?*Protocol
std.os.uefi.tables.BootServices.registerProtocolNotify	fn registerProtocolNotify( self: *BootServices, Protocol: type, event: Event, ) RegisterProtocolNotifyError!EventRegistration
std.os.uefi.tables.BootServices.locateHandleLen	fn locateHandleLen(self: *const BootServices, search: LocateSearch) NumHandlesError!usize
std.os.uefi.tables.BootServices.locateHandle	fn locateHandle( self: *BootServices, search: LocateSearch, buffer: []Handle, ) LocateHandleError![]Handle
std.os.uefi.tables.BootServices.locateDevicePath	fn locateDevicePath( self: *const BootServices, device_path: *const DevicePathProtocol, Protocol: type, ) LocateHandleError!?struct { *const DevicePathProtocol, Handle }
std.os.uefi.tables.BootServices.installConfigurationTable	fn installConfigurationTable( self: *BootServices, guid: *const Guid, table: *anyopaque, ) InstallConfigurationTableError!void
std.os.uefi.tables.BootServices.uninstallConfigurationTable	fn uninstallConfigurationTable( self: *BootServices, guid: *const Guid, ) UninstallConfigurationTableError!void
std.os.uefi.tables.BootServices.loadImage	fn loadImage( self: *BootServices, boot_policy: bool, parent_image: Handle, source: LoadImageSource, ) LoadImageError!Handle
std.os.uefi.tables.BootServices.startImage	fn startImage(self: *BootServices, image: Handle) StartImageError!ImageExitData
std.os.uefi.tables.BootServices.exit	fn exit( self: *BootServices, handle: Handle, status: Status, message: ?[:0]const u16, ) ExitError!void
std.os.uefi.tables.BootServices.exitWithData	fn exitWithData( self: *BootServices, handle: Handle, status: Status, data: []align(2) const u8, ) ExitError!void
std.os.uefi.tables.BootServices.unloadImage	fn unloadImage( self: *BootServices, image: Handle, ) Status.Error!Status
std.os.uefi.tables.BootServices.exitBootServices	fn exitBootServices( self: *BootServices, image: Handle, map_key: MemoryMapKey, ) ExitBootServicesError!void
std.os.uefi.tables.BootServices.getNextMonotonicCount	fn getNextMonotonicCount( self: *const BootServices, count: *u64, ) GetNextMonotonicCountError!void
std.os.uefi.tables.BootServices.stall	fn stall(self: *const BootServices, microseconds: usize) uefi.UnexpectedError!void
std.os.uefi.tables.BootServices.setWatchdogTimer	fn setWatchdogTimer( self: *BootServices, timeout: usize, watchdog_code: u64, data: ?[]const u16, ) SetWatchdogTimerError!void
std.os.uefi.tables.BootServices.connectController	fn connectController( self: *BootServices, controller: Handle, driver_image: ?[*:null]?Handle, remaining_device_path: ?*const DevicePathProtocol, recursive: bool, ) ConnectControllerError!void
std.os.uefi.tables.BootServices.disconnectController	fn disconnectController( self: *BootServices, controller: Handle, driver_image: ?Handle, child: ?Handle, ) DisconnectControllerError!void
std.os.uefi.tables.BootServices.openProtocol	fn openProtocol( self: *BootServices, Protocol: type, handle: Handle, attributes: OpenProtocolArgs, ) OpenProtocolError!?*Protocol
std.os.uefi.tables.BootServices.closeProtocol	fn closeProtocol( self: *BootServices, handle: Handle, Protocol: type, agent: Handle, controller: ?Handle, ) CloseProtocolError!void
std.os.uefi.tables.BootServices.openProtocolInformation	fn openProtocolInformation( self: *const BootServices, handle: Handle, Protocol: type, ) OpenProtocolInformationError!?[]ProtocolInformationEntry
std.os.uefi.tables.BootServices.protocolsPerHandle	fn protocolsPerHandle( self: *const BootServices, handle: Handle, ) ProtocolsPerHandleError![]*const Guid
std.os.uefi.tables.BootServices.locateHandleBuffer	fn locateHandleBuffer( self: *const BootServices, search: LocateSearch, ) LocateHandleBufferError!?[]Handle
std.os.uefi.tables.BootServices.locateProtocol	fn locateProtocol( self: *const BootServices, Protocol: type, registration: ?EventRegistration, ) LocateProtocolError!?*Protocol
std.os.uefi.tables.BootServices.installProtocolInterfaces	fn installProtocolInterfaces( self: *BootServices, handle: ?Handle, interfaces: anytype, ) InstallProtocolInterfacesError!Handle
std.os.uefi.tables.BootServices.uninstallProtocolInterfaces	fn uninstallProtocolInterfaces( self: *BootServices, handle: Handle, interfaces: anytype, ) UninstallProtocolInterfacesError!void
std.os.uefi.tables.BootServices.calculateCrc32	fn calculateCrc32( self: *const BootServices, data: []const u8, ) CalculateCrc32Error!u32
std.os.uefi.tables.RuntimeServices.getTime	fn getTime( self: *const RuntimeServices, ) GetTimeError!struct { Time, TimeCapabilities }
std.os.uefi.tables.RuntimeServices.setTime	fn setTime(self: *RuntimeServices, time: *const Time) SetTimeError!void
std.os.uefi.tables.RuntimeServices.getWakeupTime	fn getWakeupTime( self: *const RuntimeServices, ) GetWakeupTimeError!GetWakeupTime
std.os.uefi.tables.RuntimeServices.setWakeupTime	fn setWakeupTime( self: *RuntimeServices, set: SetWakeupTime, ) SetWakeupTimeError!void
std.os.uefi.tables.RuntimeServices.setVirtualAddressMap	fn setVirtualAddressMap( self: *RuntimeServices, map: MemoryMapSlice, ) SetVirtualAddressMapError!void
std.os.uefi.tables.RuntimeServices.convertPointer	fn convertPointer( self: *const RuntimeServices, comptime disposition: DebugDisposition, cvt: @FieldType(PointerConversion, @tagName(disposition)), ) ConvertPointerError!?@FieldType(PointerConversion, @tagName(disposition))
std.os.uefi.tables.RuntimeServices.getVariableSize	fn getVariableSize( self: *const RuntimeServices, name: [*:0]const u16, guid: *const Guid, ) GetVariableSizeError!?struct { usize, VariableAttributes }
std.os.uefi.tables.RuntimeServices.getVariable	fn getVariable( self: *const RuntimeServices, name: [*:0]const u16, guid: *const Guid, buffer: []u8, ) GetVariableError!?struct { []u8, VariableAttributes }
std.os.uefi.tables.RuntimeServices.variableNameIterator	fn variableNameIterator( self: *const RuntimeServices, buffer: []u16, ) VariableNameIterator
std.os.uefi.tables.RuntimeServices.setVariable	fn setVariable( self: *RuntimeServices, name: [*:0]const u16, guid: *const Guid, attributes: VariableAttributes, data: []const u8, ) SetVariableError!void
std.os.uefi.tables.RuntimeServices.getNextHighMonotonicCount	fn getNextHighMonotonicCount(self: *const RuntimeServices) GetNextHighMonotonicCountError!u32
std.os.uefi.tables.RuntimeServices.resetSystem	fn resetSystem( self: *RuntimeServices, reset_type: ResetType, reset_status: Status, data: ?[]align(2) const u8, ) noreturn
std.os.uefi.tables.RuntimeServices.updateCapsule	fn updateCapsule( self: *RuntimeServices, capsules: []*const CapsuleHeader, scatter_gather_list: PhysicalAddress, ) UpdateCapsuleError!void
std.os.uefi.tables.RuntimeServices.queryCapsuleCapabilities	fn queryCapsuleCapabilities( self: *const RuntimeServices, capsules: []*const CapsuleHeader, ) QueryCapsuleCapabilitiesError!struct { u64, ResetType }
std.os.uefi.tables.RuntimeServices.queryVariableInfo	fn queryVariableInfo( self: *const RuntimeServices, // Note: .append_write is ignored attributes: VariableAttributes, ) QueryVariableInfoError!VariableInfo
std.os.uefi.tables.RuntimeServices.VariableAuthentication3.payloadConst	fn payloadConst(self: *const VariableAuthentication3) []const u8
std.os.uefi.tables.RuntimeServices.VariableAuthentication3.payload	fn payload(self: *VariableAuthentication3) []u8
std.os.uefi.tables.RuntimeServices.VariableNameIterator.nextSize	fn nextSize(self: *VariableNameIterator) NextSizeError!?usize
std.os.uefi.tables.RuntimeServices.VariableNameIterator.next	fn next( self: *VariableNameIterator, ) IterateVariableNameError!?[:0]const u16
std.os.uefi.tables.MemoryType.fromOem	fn fromOem(value: Oem) MemoryType
std.os.uefi.tables.MemoryType.toOem	fn toOem(memtype: MemoryType) ?Oem
std.os.uefi.tables.MemoryType.fromVendor	fn fromVendor(value: Vendor) MemoryType
std.os.uefi.tables.MemoryType.toVendor	fn toVendor(memtype: MemoryType) ?Vendor
std.os.uefi.tables.MemoryType.format	fn format(self: MemoryType, w: *std.Io.Writer) std.Io.Writer.Error!void
std.os.uefi.tables.MemoryMapSlice.iterator	fn iterator(self: MemoryMapSlice) MemoryDescriptorIterator
std.os.uefi.tables.MemoryMapSlice.get	fn get(self: MemoryMapSlice, index: usize) ?*MemoryDescriptor
std.os.uefi.tables.MemoryMapSlice.getUnchecked	fn getUnchecked(self: MemoryMapSlice, index: usize) *MemoryDescriptor
std.os.uefi.tables.MemoryDescriptorIterator.next	fn next(self: *MemoryDescriptorIterator) ?*MemoryDescriptor
std.os.uefi.tables.OpenProtocolAttributes.fromBits	fn fromBits(bits: Bits) OpenProtocolAttributes
std.os.uefi.tables.OpenProtocolAttributes.toBits	fn toBits(self: OpenProtocolAttributes) Bits
std.os.uefi.Guid.format	fn format(self: Guid, writer: *std.Io.Writer) std.Io.Writer.Error!void
std.os.uefi.Guid.eql	fn eql(a: Guid, b: Guid) bool
std.os.uefi.Time.toEpoch	fn toEpoch(self: std.os.uefi.Time) u64
std.os.uefi.unexpectedStatus	fn unexpectedStatus(status: Status) UnexpectedError
std.os.emscripten.CPU_COUNT	fn CPU_COUNT(set: cpu_set_t) cpu_count_t
std.os.emscripten.W.EXITSTATUS	fn EXITSTATUS(s: u32) u8
std.os.emscripten.W.TERMSIG	fn TERMSIG(s: u32) SIG
std.os.emscripten.W.STOPSIG	fn STOPSIG(s: u32) u32
std.os.emscripten.W.IFEXITED	fn IFEXITED(s: u32) bool
std.os.emscripten.W.IFSTOPPED	fn IFSTOPPED(s: u32) bool
std.os.emscripten.W.IFSIGNALED	fn IFSIGNALED(s: u32) bool
std.os.emscripten.S.ISREG	fn ISREG(m: mode_t) bool
std.os.emscripten.S.ISDIR	fn ISDIR(m: mode_t) bool
std.os.emscripten.S.ISCHR	fn ISCHR(m: mode_t) bool
std.os.emscripten.S.ISBLK	fn ISBLK(m: mode_t) bool
std.os.emscripten.S.ISFIFO	fn ISFIFO(m: mode_t) bool
std.os.emscripten.S.ISLNK	fn ISLNK(m: mode_t) bool
std.os.emscripten.S.ISSOCK	fn ISSOCK(m: mode_t) bool
std.os.emscripten.sigemptyset	fn sigemptyset() sigset_t
std.os.emscripten.Stat.atime	fn atime(self: @This()) timespec
std.os.emscripten.Stat.mtime	fn mtime(self: @This()) timespec
std.os.emscripten.Stat.ctime	fn ctime(self: @This()) timespec
std.os.windows.crypt32.CERT_STORE.PROV.fromString	fn fromString(str: LPCSTR) PROV
std.os.windows.crypt32.HCERTCHAINENGINE.fromHandle	fn fromHandle(handle: HANDLE) HCERTCHAINENGINE
std.os.windows.crypt32.CERT_CHAIN.POLICY.fromString	fn fromString(str: LPCSTR) POLICY
std.os.windows.nls.upcaseW	fn upcaseW(c: u16) u16
std.os.windows.PS.ATTRIBUTE.Type.construct	fn construct(num: NUM, thread: bool, input: bool, additive: bool) ULONG_PTR
std.os.windows.FILE.FS_VOLUME_INFORMATION.getVolumeLabel	fn getVolumeLabel(fvi: *const FS_VOLUME_INFORMATION) []const WCHAR
std.os.windows.FILE.NOTIFY.INFORMATION.fileName	fn fileName(info: *INFORMATION) []WCHAR
std.os.windows.FILE.NOTIFY.EXTENDED_INFORMATION.fileName	fn fileName(info: *INFORMATION) []WCHAR
std.os.windows.FILE.NOTIFY.FULL_INFORMATION.fileName	fn fileName(info: *INFORMATION) []WCHAR
std.os.windows.FILE.PIPE.WAIT_FOR_BUFFER.init	fn init(opts: struct { Timeout: ?LARGE_INTEGER = null, Name: []const WCHAR, }) WAIT_FOR_BUFFER
std.os.windows.FILE.PIPE.WAIT_FOR_BUFFER.getName	fn getName(fpwfb: *const WAIT_FOR_BUFFER) []const WCHAR
std.os.windows.FILE.PIPE.WAIT_FOR_BUFFER.toBuffer	fn toBuffer(fpwfb: *const WAIT_FOR_BUFFER) []const u8
std.os.windows.FILE.RENAME_INFORMATION.init	fn init(opts: struct { Flags: FLAGS = .{}, RootDirectory: ?HANDLE = null, FileName: []const WCHAR, }) RENAME_INFORMATION
std.os.windows.FILE.RENAME_INFORMATION.getFileName	fn getFileName(ri: *const RENAME_INFORMATION) []const WCHAR
std.os.windows.FILE.RENAME_INFORMATION.toBuffer	fn toBuffer(fri: *RENAME_INFORMATION) []u8
std.os.windows.CONSOLE.USER_IO.GET_CP	fn GET_CP(mode: INFO.CP.MODE) Header.With(INFO.CP)
std.os.windows.CONSOLE.USER_IO.SET_MODE	fn SET_MODE(mode: DWORD) Header.With(DWORD)
std.os.windows.CONSOLE.USER_IO.WRITE	fn WRITE(mode: INFO.WRITE.MODE) Header.With(INFO.WRITE)
std.os.windows.CONSOLE.USER_IO.FILL	fn FILL(with: INFO.FILL.WITH, len: DWORD, coord: COORD) Header.With(INFO.FILL)
std.os.windows.CONSOLE.USER_IO.SET_CP	fn SET_CP(mode: INFO.CP.MODE, cp: UINT) Header.With(INFO.CP)
std.os.windows.CONSOLE.USER_IO.SET_CURSOR_POSITION	fn SET_CURSOR_POSITION(coord: COORD) Header.With(COORD)
std.os.windows.CONSOLE.USER_IO.SET_TEXT_ATTRIBUTE	fn SET_TEXT_ATTRIBUTE(attribute: WORD) Header.With(WORD)
std.os.windows.CONSOLE.USER_IO.READ_OUTPUT_CHARACTER	fn READ_OUTPUT_CHARACTER( coord: COORD, mode: INFO.READ_OUTPUT_CHARACTER.MODE, ) Header.With(INFO.READ_OUTPUT_CHARACTER)
std.os.windows.CONSOLE.USER_IO.Request	fn Request(comptime in_len: u32, comptime out_len: u32) type
std.os.windows.CONSOLE.USER_IO.Request().init	fn init( handle: ?HANDLE, in: [in_len]InputBuffer, out: [out_len]OutputBuffer, ) @This()
std.os.windows.CONSOLE.USER_IO.Header.With	fn With(comptime Data: type) type
std.os.windows.CONSOLE.USER_IO.Header.With().init	fn init(operation: Operation, data: Data) @This()
std.os.windows.CONSOLE.USER_IO.Header.With().request	fn request( with: *@This(), file: ?Io.File, comptime in_len: u32, in: [in_len]InputBuffer, comptime out_len: u32, out: [out_len]OutputBuffer, ) Request(1 + in_len, 1 + out_len)
std.os.windows.CONSOLE.USER_IO.Header.With().operate	fn operate(with: *@This(), io: Io, file: ?Io.File) Io.Cancelable!NTSTATUS
std.os.windows.AFD.WSABUF	fn WSABUF(comptime mutability: Mutability) type
std.os.windows.IO_REPARSE_TAG.WCI	fn WCI(index: u1) IO_REPARSE_TAG
std.os.windows.IO_REPARSE_TAG.CLOUD	fn CLOUD(index: u4) IO_REPARSE_TAG
std.os.windows.IO_REPARSE_TAG.WCI_LINK	fn WCI_LINK(index: u1) IO_REPARSE_TAG
std.os.windows.PAGE.fromProtection	fn fromProtection(protection: std.process.MemoryProtection) ?PAGE
std.os.windows.GetProcessHeap	fn GetProcessHeap() ?*HEAP
std.os.windows.GetCurrentProcess	fn GetCurrentProcess() HANDLE
std.os.windows.GetCurrentProcessId	fn GetCurrentProcessId() DWORD
std.os.windows.GetCurrentThread	fn GetCurrentThread() HANDLE
std.os.windows.GetCurrentThreadId	fn GetCurrentThreadId() DWORD
std.os.windows.GetLastError	fn GetLastError() Win32Error
std.os.windows.CloseHandle	fn CloseHandle(hObject: HANDLE) void
std.os.windows.teb	fn teb() *TEB
std.os.windows.peb	fn peb() *PEB
std.os.windows.fromSysTime	fn fromSysTime(hns: i64) Io.Timestamp
std.os.windows.toSysTime	fn toSysTime(ns: Io.Timestamp) i64
std.os.windows.toUpperWtf16	fn toUpperWtf16(c: u16) u16
std.os.windows.eqlIgnoreCaseWtf16	fn eqlIgnoreCaseWtf16(a: []const u16, b: []const u16) bool
std.os.windows.eqlIgnoreCaseWtf8	fn eqlIgnoreCaseWtf8(a: []const u8, b: []const u8) bool
std.os.windows.removeDotDirsSanitized	fn removeDotDirsSanitized(comptime T: type, path: []T) RemoveDotDirsError!usize
std.os.windows.normalizePath	fn normalizePath(comptime T: type, path: []T) RemoveDotDirsError!usize
std.os.windows.hasCommonNtPrefix	fn hasCommonNtPrefix(comptime T: type, path: []const T) bool
std.os.windows.ntToWin32Namespace	fn ntToWin32Namespace(path: []const u16, out: []u16) error{ NameTooLong, NotNtPath }![]u16
std.os.windows.unexpectedError	fn unexpectedError(err: Win32Error) UnexpectedError
std.os.windows.unexpectedStatus	fn unexpectedStatus(status: NTSTATUS) UnexpectedError
std.os.windows.statusBug	fn statusBug(status: NTSTATUS) UnexpectedError
std.os.windows.errorBug	fn errorBug(err: Win32Error) UnexpectedError
std.os.windows.GUID.parse	fn parse(s: []const u8) GUID
std.os.windows.GUID.parseNoBraces	fn parseNoBraces(s: []const u8) !GUID
std.os.windows.GUID.format	fn format(self: GUID, w: *std.Io.Writer) std.Io.Writer.Error!void
std.os.windows.KEY.VALUE.PARTIAL_INFORMATION.data	fn data(info: *const PARTIAL_INFORMATION) []const UCHAR
std.os.windows.FileInformationIterator	fn FileInformationIterator(comptime FileInformationType: type) type
std.os.windows.FileInformationIterator().next	fn next(self: *@This()) ?*FileInformationType
std.os.windows.IsProcessorFeaturePresent	fn IsProcessorFeaturePresent(feature: PF) bool
std.os.windows.wtf8ToWtf16Le	fn wtf8ToWtf16Le(wtf16le: []u16, wtf8: []const u8) error{ BadPathName, NameTooLong }!usize
std.os.windows.getSystemDirectoryWtf16Le	fn getSystemDirectoryWtf16Le() [:0]const u16
std.pie.relocate	fn relocate(phdrs: []const elf.Phdr) void
std.posix.reboot	fn reboot(cmd: RebootCommand) RebootError!void
std.posix.raise	fn raise(sig: SIG) RaiseError!void
std.posix.kill	fn kill(pid: pid_t, sig: SIG) KillError!void
std.posix.read	fn read(fd: fd_t, buf: []u8) ReadError!usize
std.posix.openat	fn openat(dir_fd: fd_t, file_path: []const u8, flags: O, mode: mode_t) OpenError!fd_t
std.posix.openatZ	fn openatZ(dir_fd: fd_t, file_path: [*:0]const u8, flags: O, mode: mode_t) OpenError!fd_t
std.posix.getppid	fn getppid() pid_t
std.posix.getpeername	fn getpeername(sock: socket_t, addr: *sockaddr, addrlen: *socklen_t) GetSockNameError!void
std.posix.fanotify_init	fn fanotify_init(flags: std.os.linux.fanotify.InitFlags, event_f_flags: u32) FanotifyInitError!i32
std.posix.fanotify_mark	fn fanotify_mark( fanotify_fd: fd_t, flags: std.os.linux.fanotify.MarkFlags, mask: std.os.linux.fanotify.MarkMask, dirfd: fd_t, pathname: ?[]const u8, ) FanotifyMarkError!void
std.posix.fanotify_markZ	fn fanotify_markZ( fanotify_fd: fd_t, flags: std.os.linux.fanotify.MarkFlags, mask: std.os.linux.fanotify.MarkMask, dirfd: fd_t, pathname: ?[*:0]const u8, ) FanotifyMarkError!void
std.posix.mmap	fn mmap( ptr: ?[*]align(page_size_min) u8, length: usize, prot: PROT, flags: MAP, fd: fd_t, offset: u64, ) MMapError![]align(page_size_min) u8
std.posix.munmap	fn munmap(memory: []align(page_size_min) const u8) void
std.posix.mremap	fn mremap( old_address: ?[*]align(page_size_min) u8, old_len: usize, new_len: usize, flags: system.MREMAP, new_address: ?[*]align(page_size_min) u8, ) MRemapError![]align(page_size_min) u8
std.posix.msync	fn msync(memory: []align(page_size_min) u8, flags: i32) MSyncError!void
std.posix.sysctl	fn sysctl( name: []const c_int, oldp: ?*anyopaque, oldlenp: ?*usize, newp: ?*anyopaque, newlen: usize, ) SysCtlError!void
std.posix.getSelfPhdrs	fn getSelfPhdrs() []std.elf.ElfN.Phdr
std.posix.dl_iterate_phdr	fn dl_iterate_phdr( context: anytype, comptime Error: type, comptime callback: fn (info: *dl_phdr_info, size: usize, context: @TypeOf(context)) Error!void, ) Error!void
std.posix.sched_getaffinity	fn sched_getaffinity(pid: pid_t) SchedGetAffinityError!cpu_set_t
std.posix.sigaltstack	fn sigaltstack(ss: ?*const stack_t, old_ss: ?*stack_t) SigaltstackError!void
std.posix.sigfillset	fn sigfillset() sigset_t
std.posix.sigemptyset	fn sigemptyset() sigset_t
std.posix.sigaddset	fn sigaddset(set: *sigset_t, sig: SIG) void
std.posix.sigdelset	fn sigdelset(set: *sigset_t, sig: SIG) void
std.posix.sigismember	fn sigismember(set: *const sigset_t, sig: SIG) bool
std.posix.sigaction	fn sigaction(sig: SIG, noalias act: ?*const Sigaction, noalias oact: ?*Sigaction) void
std.posix.sigprocmask	fn sigprocmask(flags: u32, noalias set: ?*const sigset_t, noalias oldset: ?*sigset_t) void
std.posix.gethostname	fn gethostname(name_buffer: *[HOST_NAME_MAX]u8) GetHostNameError![]u8
std.posix.uname	fn uname() utsname
std.posix.poll	fn poll(fds: []pollfd, timeout: i32) PollError!usize
std.posix.ppoll	fn ppoll(fds: []pollfd, timeout: ?*const timespec, mask: ?*const sigset_t) PPollError!usize
std.posix.setsockopt	fn setsockopt(fd: socket_t, level: i32, optname: u32, opt: []const u8) SetSockOptError!void
std.posix.memfd_createZ	fn memfd_createZ(name: [*:0]const u8, flags: u32) MemFdCreateError!fd_t
std.posix.memfd_create	fn memfd_create(name: []const u8, flags: u32) MemFdCreateError!fd_t
std.posix.getrusage	fn getrusage(who: i32) rusage
std.posix.tcgetattr	fn tcgetattr(handle: fd_t) TermiosGetError!termios
std.posix.tcsetattr	fn tcsetattr(handle: fd_t, optional_action: TCSA, termios_p: termios) TermiosSetError!void
std.posix.tcgetpgrp	fn tcgetpgrp(handle: fd_t) TermioGetPgrpError!pid_t
std.posix.tcsetpgrp	fn tcsetpgrp(handle: fd_t, pgrp: pid_t) TermioSetPgrpError!void
std.posix.signalfd	fn signalfd(fd: fd_t, mask: *const sigset_t, flags: u32) !fd_t
std.posix.sync	fn sync() void
std.posix.syncfs	fn syncfs(fd: fd_t) SyncError!void
std.posix.fdatasync	fn fdatasync(fd: fd_t) SyncError!void
std.posix.prctl	fn prctl(option: PR, args: anytype) PrctlError!u31
std.posix.getrlimit	fn getrlimit(resource: rlimit_resource) GetrlimitError!rlimit
std.posix.setrlimit	fn setrlimit(resource: rlimit_resource, limits: rlimit) SetrlimitError!void
std.posix.mincore	fn mincore(ptr: [*]align(page_size_min) u8, length: usize, vec: [*]u8) MincoreError!void
std.posix.madvise	fn madvise(ptr: [*]align(page_size_min) u8, length: usize, advice: u32) MadviseError!void
std.posix.perf_event_open	fn perf_event_open( attr: *system.perf_event_attr, pid: pid_t, cpu: i32, group_fd: fd_t, flags: usize, ) PerfEventOpenError!fd_t
std.posix.ptrace	fn ptrace(request: u32, pid: pid_t, addr: usize, data: usize) PtraceError!void
std.posix.name_to_handle_at	fn name_to_handle_at( dirfd: fd_t, pathname: []const u8, handle: *std.os.linux.file_handle, mount_id: *i32, flags: u32, ) NameToFileHandleAtError!void
std.posix.name_to_handle_atZ	fn name_to_handle_atZ( dirfd: fd_t, pathname_z: [*:0]const u8, handle: *std.os.linux.file_handle, mount_id: *i32, flags: u32, ) NameToFileHandleAtError!void
std.posix.unexpectedErrno	fn unexpectedErrno(err: E) UnexpectedError
std.posix.toPosixPath	fn toPosixPath(file_path: []const u8) error{NameTooLong}![PATH_MAX - 1:0]u8
std.process.Child.ResourceUsageStatistics.getMaxRss	fn getMaxRss(rus: ResourceUsageStatistics) ?usize
std.process.Child.kill	fn kill(child: *Child, io: Io) void
std.process.Child.wait	fn wait(child: *Child, io: Io) WaitError!Term
std.process.Args.Iterator.init	fn init(a: Args) Iterator
std.process.Args.Iterator.initAllocator	fn initAllocator(a: Args, gpa: Allocator) InitError!Iterator
std.process.Args.Iterator.next	fn next(it: *Iterator) ?[:0]const u8
std.process.Args.Iterator.skip	fn skip(it: *Iterator) bool
std.process.Args.Iterator.deinit	fn deinit(it: *Iterator) void
std.process.Args.Iterator.Windows.init	fn init(gpa: Allocator, cmd_line_w: []const u16) Windows.InitError!Windows
std.process.Args.Iterator.Windows.next	fn next(self: *Windows) ?[:0]const u8
std.process.Args.Iterator.Windows.skip	fn skip(self: *Windows) bool
std.process.Args.Iterator.Windows.deinit	fn deinit(self: *Windows) void
std.process.Args.Iterator.Posix.init	fn init(a: Args) Posix
std.process.Args.Iterator.Posix.next	fn next(it: *Posix) ?[:0]const u8
std.process.Args.Iterator.Posix.skip	fn skip(it: *Posix) bool
std.process.Args.Iterator.Wasi.init	fn init(allocator: Allocator) Wasi.InitError!Wasi
std.process.Args.Iterator.Wasi.next	fn next(self: *Wasi) ?[:0]const u8
std.process.Args.Iterator.Wasi.skip	fn skip(self: *Wasi) bool
std.process.Args.Iterator.Wasi.deinit	fn deinit(self: *Wasi) void
std.process.Args.iterate	fn iterate(a: Args) Iterator
std.process.Args.iterateAllocator	fn iterateAllocator(a: Args, gpa: Allocator) Iterator.InitError!Iterator
std.process.Args.toSlice	fn toSlice(a: Args, arena: Allocator) ToSliceError![]const [:0]const u8
std.process.Args.IteratorGeneral	fn IteratorGeneral(comptime options: IteratorGeneralOptions) type
std.process.Args.IteratorGeneral().init	fn init(allocator: Allocator, cmd_line_utf8: []const u8) InitError!Self
std.process.Args.IteratorGeneral().initTakeOwnership	fn initTakeOwnership(allocator: Allocator, cmd_line_utf8: []const u8) InitError!Self
std.process.Args.IteratorGeneral().skip	fn skip(self: *Self) bool
std.process.Args.IteratorGeneral().next	fn next(self: *Self) ?[:0]const u8
std.process.Args.IteratorGeneral().deinit	fn deinit(self: *Self) void
std.process.Environ.GlobalBlock.deinit	fn deinit(_: GlobalBlock, _: Allocator) void
std.process.Environ.GlobalBlock.isEmpty	fn isEmpty(block: GlobalBlock) bool
std.process.Environ.PosixBlock.deinit	fn deinit(block: PosixBlock, gpa: Allocator) void
std.process.Environ.PosixBlock.isEmpty	fn isEmpty(block: PosixBlock) bool
std.process.Environ.PosixBlock.View.isEmpty	fn isEmpty(v: View) bool
std.process.Environ.PosixBlock.view	fn view(block: PosixBlock) View
std.process.Environ.WindowsBlock.deinit	fn deinit(block: WindowsBlock, gpa: Allocator) void
std.process.Environ.WindowsBlock.isEmpty	fn isEmpty(block: WindowsBlock) bool
std.process.Environ.WindowsBlock.View.isEmpty	fn isEmpty(v: View) bool
std.process.Environ.WindowsBlock.view	fn view(block: WindowsBlock) View
std.process.Environ.Map.EnvNameHashContext.hash	fn hash(self: @This(), s: []const u8) u32
std.process.Environ.Map.EnvNameHashContext.eql	fn eql(self: @This(), a: []const u8, b: []const u8, b_index: usize) bool
std.process.Environ.Map.validateKeyForPut	fn validateKeyForPut(key: []const u8) bool
std.process.Environ.Map.validateKeyForFetch	fn validateKeyForFetch(key: []const u8) bool
std.process.Environ.Map.init	fn init(allocator: Allocator) Map
std.process.Environ.Map.deinit	fn deinit(self: *Map) void
std.process.Environ.Map.keys	fn keys(map: *const Map) [][]const u8
std.process.Environ.Map.values	fn values(map: *const Map) [][]const u8
std.process.Environ.Map.putPosixBlock	fn putPosixBlock(map: *Map, view: PosixBlock.View) Allocator.Error!void
std.process.Environ.Map.putWindowsBlock	fn putWindowsBlock(map: *Map, view: WindowsBlock.View) Allocator.Error!void
std.process.Environ.Map.putMove	fn putMove(self: *Map, key: []u8, value: []u8) Allocator.Error!void
std.process.Environ.Map.put	fn put(self: *Map, key: []const u8, value: []const u8) Allocator.Error!void
std.process.Environ.Map.getPtr	fn getPtr(self: Map, key: []const u8) ?*[]const u8
std.process.Environ.Map.get	fn get(self: Map, key: []const u8) ?[]const u8
std.process.Environ.Map.contains	fn contains(m: *const Map, key: []const u8) bool
std.process.Environ.Map.swapRemove	fn swapRemove(self: *Map, key: []const u8) bool
std.process.Environ.Map.orderedRemove	fn orderedRemove(self: *Map, key: []const u8) bool
std.process.Environ.Map.count	fn count(self: Map) Size
std.process.Environ.Map.iterator	fn iterator(self: *const Map) ArrayHashMap.Iterator
std.process.Environ.Map.clone	fn clone(m: *const Map, gpa: Allocator) Allocator.Error!Map
std.process.Environ.Map.createPosixBlock	fn createPosixBlock( map: *const Map, gpa: Allocator, options: CreatePosixBlockOptions, ) Allocator.Error!PosixBlock
std.process.Environ.Map.createWindowsBlock	fn createWindowsBlock( map: *const Map, gpa: Allocator, options: CreateWindowsBlockOptions, ) error{ OutOfMemory, InvalidWtf8 }!WindowsBlock
std.process.Environ.createMap	fn createMap(env: Environ, allocator: Allocator) CreateMapError!Map
std.process.Environ.contains	fn contains(environ: Environ, gpa: Allocator, key: []const u8) ContainsError!bool
std.process.Environ.containsUnempty	fn containsUnempty(environ: Environ, gpa: Allocator, key: []const u8) ContainsError!bool
std.process.Environ.containsConstant	fn containsConstant(environ: Environ, comptime key: []const u8) bool
std.process.Environ.containsUnemptyConstant	fn containsUnemptyConstant(environ: Environ, comptime key: []const u8) bool
std.process.Environ.getPosix	fn getPosix(environ: Environ, key: []const u8) ?[:0]const u8
std.process.Environ.getWindows	fn getWindows(environ: Environ, key: [*:0]const u16) ?[:0]const u16
std.process.Environ.getAlloc	fn getAlloc(environ: Environ, gpa: Allocator, key: []const u8) GetAllocError![]u8
std.process.Environ.createPosixBlock	fn createPosixBlock( existing: Environ, gpa: Allocator, options: CreatePosixBlockOptions, ) Allocator.Error!PosixBlock
std.process.Environ.createWindowsBlock	fn createWindowsBlock( existing: Environ, gpa: Allocator, options: CreateWindowsBlockOptions, ) Allocator.Error!WindowsBlock
std.process.Preopens.get	fn get(p: *const Preopens, name: []const u8) ?Resource
std.process.Preopens.init	fn init(arena: Allocator) InitError!Preopens
std.process.currentPath	fn currentPath(io: Io, buffer: []u8) CurrentPathError!usize
std.process.currentPathAlloc	fn currentPathAlloc(io: Io, allocator: Allocator) CurrentPathAllocError![:0]u8
std.process.getUserInfo	fn getUserInfo(name: []const u8) !UserInfo
std.process.posixGetUserInfo	fn posixGetUserInfo(io: Io, name: []const u8) !UserInfo
std.process.getBaseAddress	fn getBaseAddress() usize
std.process.replace	fn replace(io: Io, options: ReplaceOptions) ReplaceError
std.process.replacePath	fn replacePath(io: Io, dir: Io.Dir, options: ReplaceOptions) ReplaceError
std.process.spawn	fn spawn(io: Io, options: SpawnOptions) SpawnError!Child
std.process.spawnPath	fn spawnPath(io: Io, dir: Io.Dir, options: SpawnOptions) SpawnError!Child
std.process.run	fn run(gpa: Allocator, io: Io, options: RunOptions) RunError!RunResult
std.process.totalSystemMemory	fn totalSystemMemory() TotalSystemMemoryError!u64
std.process.cleanExit	fn cleanExit(io: Io) void
std.process.raiseFileDescriptorLimit	fn raiseFileDescriptorLimit() void
std.process.fatal	fn fatal(comptime format: []const u8, format_arguments: anytype) noreturn
std.process.executablePathAlloc	fn executablePathAlloc(io: Io, allocator: Allocator) ExecutablePathAllocError![:0]u8
std.process.executablePath	fn executablePath(io: Io, out_buffer: []u8) ExecutablePathError!usize
std.process.executableDirPath	fn executableDirPath(io: Io, out_buffer: []u8) ExecutablePathError!usize
std.process.executableDirPathAlloc	fn executableDirPathAlloc(io: Io, allocator: Allocator) ExecutablePathAllocError![]u8
std.process.openExecutable	fn openExecutable(io: Io, flags: File.OpenFlags) OpenExecutableError!File
std.process.abort	fn abort() noreturn
std.process.exit	fn exit(status: u8) noreturn
std.process.setCurrentDir	fn setCurrentDir(io: Io, dir: Io.Dir) !void
std.process.setCurrentPath	fn setCurrentPath(io: Io, path: []const u8) !void
std.process.lockMemory	fn lockMemory(memory: []align(std.heap.page_size_min) const u8, options: LockMemoryOptions) LockMemoryError!void
std.process.unlockMemory	fn unlockMemory(memory: []align(std.heap.page_size_min) const u8) UnlockMemoryError!void
std.process.lockMemoryAll	fn lockMemoryAll(options: LockMemoryAllOptions) LockMemoryError!void
std.process.unlockMemoryAll	fn unlockMemoryAll() UnlockMemoryError!void
std.process.protectMemory	fn protectMemory(memory: []align(std.heap.page_size_min) u8, protection: MemoryProtection) ProtectMemoryError!void
std.sort.block	fn block( comptime T: type, items: []T, context: anytype, comptime lessThanFn: fn (@TypeOf(context), lhs: T, rhs: T) bool, ) void
std.sort.pdq	fn pdq( comptime T: type, items: []T, context: anytype, comptime lessThanFn: fn (context: @TypeOf(context), lhs: T, rhs: T) bool, ) void
std.sort.pdqContext	fn pdqContext(a: usize, b: usize, context: anytype) void
std.sort.insertion	fn insertion( comptime T: type, items: []T, context: anytype, comptime lessThanFn: fn (@TypeOf(context), lhs: T, rhs: T) bool, ) void
std.sort.insertionContext	fn insertionContext(a: usize, b: usize, context: anytype) void
std.sort.heap	fn heap( comptime T: type, items: []T, context: anytype, comptime lessThanFn: fn (@TypeOf(context), lhs: T, rhs: T) bool, ) void
std.sort.heapContext	fn heapContext(a: usize, b: usize, context: anytype) void
std.sort.asc	fn asc(comptime T: type) fn (void, T, T) bool
std.sort.desc	fn desc(comptime T: type) fn (void, T, T) bool
std.sort.binarySearch	fn binarySearch( comptime T: type, items: []const T, context: anytype, comptime compareFn: fn (@TypeOf(context), T) std.math.Order, ) ?usize
std.sort.lowerBound	fn lowerBound( comptime T: type, items: []const T, context: anytype, comptime compareFn: fn (@TypeOf(context), T) std.math.Order, ) usize
std.sort.upperBound	fn upperBound( comptime T: type, items: []const T, context: anytype, comptime compareFn: fn (@TypeOf(context), T) std.math.Order, ) usize
std.sort.partitionPoint	fn partitionPoint( comptime T: type, items: []const T, context: anytype, comptime predicate: fn (@TypeOf(context), T) bool, ) usize
std.sort.equalRange	fn equalRange( comptime T: type, items: []const T, context: anytype, comptime compareFn: fn (@TypeOf(context), T) std.math.Order, ) struct { usize, usize }
std.sort.argMin	fn argMin( comptime T: type, items: []const T, context: anytype, comptime lessThan: fn (@TypeOf(context), lhs: T, rhs: T) bool, ) ?usize
std.sort.min	fn min( comptime T: type, items: []const T, context: anytype, comptime lessThan: fn (context: @TypeOf(context), lhs: T, rhs: T) bool, ) ?T
std.sort.argMax	fn argMax( comptime T: type, items: []const T, context: anytype, comptime lessThan: fn (context: @TypeOf(context), lhs: T, rhs: T) bool, ) ?usize
std.sort.max	fn max( comptime T: type, items: []const T, context: anytype, comptime lessThan: fn (context: @TypeOf(context), lhs: T, rhs: T) bool, ) ?T
std.sort.isSorted	fn isSorted( comptime T: type, items: []const T, context: anytype, comptime lessThan: fn (context: @TypeOf(context), lhs: T, rhs: T) bool, ) bool
std.simd.suggestVectorLengthForCpu	fn suggestVectorLengthForCpu(comptime T: type, comptime cpu: std.Target.Cpu) ?comptime_int
std.simd.suggestVectorLength	fn suggestVectorLength(comptime T: type) ?comptime_int
std.simd.VectorIndex	fn VectorIndex(comptime VectorType: type) type
std.simd.VectorCount	fn VectorCount(comptime VectorType: type) type
std.simd.iota	fn iota(comptime T: type, comptime len: usize) @Vector(len, T)
std.simd.repeat	fn repeat(comptime len: usize, vec: anytype) @Vector(len, std.meta.Child(@TypeOf(vec)))
std.simd.join	fn join(a: anytype, b: anytype) @Vector(vectorLength(@TypeOf(a)) + vectorLength(@TypeOf(b)), std.meta.Child(@TypeOf(a)))
std.simd.interlace	fn interlace(vecs: anytype) @Vector(vectorLength(@TypeOf(vecs[0])) * vecs.len, std.meta.Child(@TypeOf(vecs[0])))
std.simd.deinterlace	fn deinterlace( comptime vec_count: usize, interlaced: anytype, ) [vec_count]@Vector( vectorLength(@TypeOf(interlaced)) / vec_count, std.meta.Child(@TypeOf(interlaced)), )
std.simd.extract	fn extract( vec: anytype, comptime first: VectorIndex(@TypeOf(vec)), comptime count: VectorCount(@TypeOf(vec)), ) @Vector(count, std.meta.Child(@TypeOf(vec)))
std.simd.mergeShift	fn mergeShift(a: anytype, b: anytype, comptime shift: VectorCount(@TypeOf(a, b))) @TypeOf(a, b)
std.simd.shiftElementsRight	fn shiftElementsRight(vec: anytype, comptime amount: VectorCount(@TypeOf(vec)), shift_in: std.meta.Child(@TypeOf(vec))) @TypeOf(vec)
std.simd.shiftElementsLeft	fn shiftElementsLeft(vec: anytype, comptime amount: VectorCount(@TypeOf(vec)), shift_in: std.meta.Child(@TypeOf(vec))) @TypeOf(vec)
std.simd.rotateElementsLeft	fn rotateElementsLeft(vec: anytype, comptime amount: VectorCount(@TypeOf(vec))) @TypeOf(vec)
std.simd.rotateElementsRight	fn rotateElementsRight(vec: anytype, comptime amount: VectorCount(@TypeOf(vec))) @TypeOf(vec)
std.simd.reverseOrder	fn reverseOrder(vec: anytype) @TypeOf(vec)
std.simd.firstTrue	fn firstTrue(vec: anytype) ?VectorIndex(@TypeOf(vec))
std.simd.lastTrue	fn lastTrue(vec: anytype) ?VectorIndex(@TypeOf(vec))
std.simd.countTrues	fn countTrues(vec: anytype) VectorCount(@TypeOf(vec))
std.simd.firstIndexOfValue	fn firstIndexOfValue(vec: anytype, value: std.meta.Child(@TypeOf(vec))) ?VectorIndex(@TypeOf(vec))
std.simd.lastIndexOfValue	fn lastIndexOfValue(vec: anytype, value: std.meta.Child(@TypeOf(vec))) ?VectorIndex(@TypeOf(vec))
std.simd.countElementsWithValue	fn countElementsWithValue(vec: anytype, value: std.meta.Child(@TypeOf(vec))) VectorCount(@TypeOf(vec))
std.simd.prefixScanWithFunc	fn prefixScanWithFunc( comptime hop: isize, vec: anytype, /// The error type that `func` might return. Set this to `void` if `func` doesn't return an error union. comptime ErrorType: type, comptime func: fn (@TypeOf(vec), @TypeOf(vec)) if (ErrorType == void) @TypeOf(vec) else ErrorType!@TypeOf(vec), /// When one operand of the operation performed by `func` is this value, the result must equal the other operand. /// For example, this should be 0 for addition or 1 for multiplication. comptime identity: std.meta.Child(@TypeOf(vec)), ) if (ErrorType == void) @TypeOf(vec) else ErrorType!@TypeOf(vec)
std.simd.prefixScan	fn prefixScan(comptime op: std.builtin.ReduceOp, comptime hop: isize, vec: anytype) @TypeOf(vec)
std.ascii.isAlphanumeric	fn isAlphanumeric(c: u8) bool
std.ascii.isAlphabetic	fn isAlphabetic(c: u8) bool
std.ascii.isControl	fn isControl(c: u8) bool
std.ascii.isDigit	fn isDigit(c: u8) bool
std.ascii.isLower	fn isLower(c: u8) bool
std.ascii.isPrint	fn isPrint(c: u8) bool
std.ascii.isGraphical	fn isGraphical(c: u8) bool
std.ascii.isPunctuation	fn isPunctuation(c: u8) bool
std.ascii.isWhitespace	fn isWhitespace(c: u8) bool
std.ascii.isUpper	fn isUpper(c: u8) bool
std.ascii.isHex	fn isHex(c: u8) bool
std.ascii.isAscii	fn isAscii(c: u8) bool
std.ascii.toUpper	fn toUpper(c: u8) u8
std.ascii.toLower	fn toLower(c: u8) u8
std.ascii.lowerString	fn lowerString(output: []u8, ascii_string: []const u8) []u8
std.ascii.allocLowerString	fn allocLowerString(allocator: std.mem.Allocator, ascii_string: []const u8) ![]u8
std.ascii.upperString	fn upperString(output: []u8, ascii_string: []const u8) []u8
std.ascii.allocUpperString	fn allocUpperString(allocator: std.mem.Allocator, ascii_string: []const u8) ![]u8
std.ascii.eqlIgnoreCase	fn eqlIgnoreCase(a: []const u8, b: []const u8) bool
std.ascii.startsWithIgnoreCase	fn startsWithIgnoreCase(haystack: []const u8, needle: []const u8) bool
std.ascii.endsWithIgnoreCase	fn endsWithIgnoreCase(haystack: []const u8, needle: []const u8) bool
std.ascii.findIgnoreCase	fn findIgnoreCase(haystack: []const u8, needle: []const u8) ?usize
std.ascii.findIgnoreCasePos	fn findIgnoreCasePos(haystack: []const u8, start_index: usize, needle: []const u8) ?usize
std.ascii.findIgnoreCasePosLinear	fn findIgnoreCasePosLinear(haystack: []const u8, start_index: usize, needle: []const u8) ?usize
std.ascii.orderIgnoreCase	fn orderIgnoreCase(lhs: []const u8, rhs: []const u8) std.math.Order
std.ascii.orderIgnoreCaseZ	fn orderIgnoreCaseZ(lhs: [*:0]const u8, rhs: [*:0]const u8) std.math.Order
std.ascii.boundedOrderIgnoreCaseZ	fn boundedOrderIgnoreCaseZ(lhs: [*:0]const u8, rhs: [*:0]const u8, bound: usize) std.math.Order
std.ascii.lessThanIgnoreCase	fn lessThanIgnoreCase(lhs: []const u8, rhs: []const u8) bool
std.ascii.HexEscape.format	fn format(se: HexEscape, w: *std.Io.Writer) std.Io.Writer.Error!void
std.ascii.hexEscape	fn hexEscape(bytes: []const u8, case: std.fmt.Case) std.fmt.Alt(HexEscape, HexEscape.format)
std.tar.Writer.setRoot	fn setRoot(w: *Writer, root: []const u8) Error!void
std.tar.Writer.writeDir	fn writeDir(w: *Writer, sub_path: []const u8, options: Options) Error!void
std.tar.Writer.writeFileTimestamp	fn writeFileTimestamp( w: *Writer, /// Assumed to use `/` for any path separators. sub_path: []const u8, file_reader: *Io.File.Reader, mtime: Io.Timestamp, ) WriteFileError!void
std.tar.Writer.writeFile	fn writeFile( w: *Writer, /// Assumed to use `/` for any path separators. sub_path: []const u8, file_reader: *Io.File.Reader, /// If you want to match the file format's expectations, it wants number of /// seconds since POSIX epoch. Zero is also a great option here to make /// generated tarballs more reproducible. mtime: u64, ) WriteFileError!void
std.tar.Writer.writeFileStream	fn writeFileStream( w: *Writer, /// Assumed to use `/` for any path separators. sub_path: []const u8, size: u64, reader: *Io.Reader, options: Options, ) WriteFileStreamError!void
std.tar.Writer.writeFileBytes	fn writeFileBytes( w: *Writer, /// Assumed to use `/` for all path separators. sub_path: []const u8, content: []const u8, options: Options, ) Error!void
std.tar.Writer.writeLink	fn writeLink(w: *Writer, sub_path: []const u8, link_name: []const u8, options: Options) Error!void
std.tar.Writer.finishPedantically	fn finishPedantically(w: *Writer) Io.Writer.Error!void
std.tar.Writer.Header.init	fn init(typeflag: FileType) Header
std.tar.Writer.Header.setSize	fn setSize(w: *Header, size: u64) error{OctalOverflow}!void
std.tar.Writer.Header.setMode	fn setMode(w: *Header, mode: u32) error{OctalOverflow}!void
std.tar.Writer.Header.setMtime	fn setMtime(w: *Header, mtime: u64) error{OctalOverflow}!void
std.tar.Writer.Header.updateChecksum	fn updateChecksum(w: *Header) !void
std.tar.Writer.Header.write	fn write(h: *Header, bw: *Io.Writer) error{ OctalOverflow, WriteFailed }!void
std.tar.Writer.Header.setLinkname	fn setLinkname(w: *Header, link: []const u8) !void
std.tar.Writer.Header.setPath	fn setPath(w: *Header, prefix: []const u8, sub_path: []const u8) !void
std.tar.Diagnostics.deinit	fn deinit(d: *Diagnostics) void
std.tar.Iterator.init	fn init(reader: *Io.Reader, options: Options) Iterator
std.tar.Iterator.next	fn next(self: *Iterator) !?File
std.tar.Iterator.streamRemaining	fn streamRemaining(it: *Iterator, file: File, w: *Io.Writer) Io.Reader.StreamError!void
std.tar.PaxIterator.next	fn next(self: *Self) !?Attribute
std.tar.extract	fn extract(io: Io, dir: Io.Dir, reader: *Io.Reader, options: ExtractOptions) !void
std.testing.FailingAllocator.init	fn init(internal_allocator: mem.Allocator, config: Config) FailingAllocator
std.testing.FailingAllocator.allocator	fn allocator(self: *FailingAllocator) mem.Allocator
std.testing.FailingAllocator.getStackTrace	fn getStackTrace(self: *FailingAllocator) std.debug.StackTrace
std.testing.expectError	fn expectError(expected_error: anyerror, actual_error_union: anytype) !void
std.testing.expectEqual	fn expectEqual(expected: anytype, actual: anytype) !void
std.testing.expectFmt	fn expectFmt(expected: []const u8, comptime template: []const u8, args: anytype) !void
std.testing.expectApproxEqAbs	fn expectApproxEqAbs(expected: anytype, actual: anytype, tolerance: anytype) !void
std.testing.expectApproxEqRel	fn expectApproxEqRel(expected: anytype, actual: anytype, tolerance: anytype) !void
std.testing.expectEqualSlices	fn expectEqualSlices(comptime T: type, expected: []const T, actual: []const T) !void
std.testing.expectEqualSentinel	fn expectEqualSentinel(comptime T: type, comptime sentinel: T, expected: [:sentinel]const T, actual: [:sentinel]const T) !void
std.testing.expect	fn expect(ok: bool) !void
std.testing.TmpDir.cleanup	fn cleanup(self: *TmpDir) void
std.testing.tmpDir	fn tmpDir(opts: Io.Dir.OpenOptions) TmpDir
std.testing.expectEqualStrings	fn expectEqualStrings(expected: []const u8, actual: []const u8) !void
std.testing.expectStringStartsWith	fn expectStringStartsWith(actual: []const u8, expected_starts_with: []const u8) !void
std.testing.expectStringEndsWith	fn expectStringEndsWith(actual: []const u8, expected_ends_with: []const u8) !void
std.testing.expectEqualDeep	fn expectEqualDeep(expected: anytype, actual: anytype) error{TestExpectedEqual}!void
std.testing.checkAllAllocationFailures	fn checkAllAllocationFailures( backing_allocator: std.mem.Allocator, comptime test_fn: anytype, extra_args: CheckAllAllocationFailuresExtraArgs(@TypeOf(test_fn)), ) !void
std.testing.refAllDecls	fn refAllDecls(comptime T: type) void
std.testing.Smith.baselineWeights	fn baselineWeights(T: type) []const Weight
std.testing.Smith.value	fn value(s: *Smith, T: type) T
std.testing.Smith.valueWeighted	fn valueWeighted(s: *Smith, T: type, weights: []const Weight) T
std.testing.Smith.valueRangeAtMost	fn valueRangeAtMost(s: *Smith, T: type, at_least: T, at_most: T) T
std.testing.Smith.valueRangeLessThan	fn valueRangeLessThan(s: *Smith, T: type, at_least: T, less_than: T) T
std.testing.Smith.index	fn index(s: *Smith, len: usize) usize
std.testing.Smith.boolWeighted	fn boolWeighted(s: *Smith, false_weight: u64, true_weight: u64) bool
std.testing.Smith.eos	fn eos(s: *Smith) bool
std.testing.Smith.eosWeighted	fn eosWeighted(s: *Smith, weights: []const Weight) bool
std.testing.Smith.eosWeightedSimple	fn eosWeightedSimple(s: *Smith, false_weight: u64, true_weight: u64) bool
std.testing.Smith.bytes	fn bytes(s: *Smith, out: []u8) void
std.testing.Smith.bytesWeighted	fn bytesWeighted(s: *Smith, out: []u8, weights: []const Weight) void
std.testing.Smith.slice	fn slice(s: *Smith, buf: []u8) u32
std.testing.Smith.sliceWeightedBytes	fn sliceWeightedBytes(s: *Smith, buf: []u8, byte_weights: []const Weight) u32
std.testing.Smith.sliceWeighted	fn sliceWeighted( s: *Smith, buf: []u8, len_weights: []const Weight, byte_weights: []const Weight, ) u32
std.testing.Smith.valueWithHash	fn valueWithHash(s: *Smith, T: type, hash: u32) T
std.testing.Smith.valueWeightedWithHash	fn valueWeightedWithHash(s: *Smith, T: type, weights: []const Weight, hash: u32) T
std.testing.Smith.valueRangeAtMostWithHash	fn valueRangeAtMostWithHash(s: *Smith, T: type, at_least: T, at_most: T, hash: u32) T
std.testing.Smith.valueRangeLessThanWithHash	fn valueRangeLessThanWithHash(s: *Smith, T: type, at_least: T, less_than: T, hash: u32) T
std.testing.Smith.indexWithHash	fn indexWithHash(s: *Smith, len: usize, hash: u32) usize
std.testing.Smith.boolWeightedWithHash	fn boolWeightedWithHash(s: *Smith, false_weight: u64, true_weight: u64, hash: u32) bool
std.testing.Smith.eosWithHash	fn eosWithHash(s: *Smith, hash: u32) bool
std.testing.Smith.eosWeightedWithHash	fn eosWeightedWithHash(s: *Smith, weights: []const Weight, hash: u32) bool
std.testing.Smith.eosWeightedSimpleWithHash	fn eosWeightedSimpleWithHash(s: *Smith, false_weight: u64, true_weight: u64, hash: u32) bool
std.testing.Smith.bytesWithHash	fn bytesWithHash(s: *Smith, out: []u8, hash: u32) void
std.testing.Smith.bytesWeightedWithHash	fn bytesWeightedWithHash(s: *Smith, out: []u8, weights: []const Weight, hash: u32) void
std.testing.Smith.sliceWithHash	fn sliceWithHash(s: *Smith, buf: []u8, hash: u32) u32
std.testing.Smith.sliceWeightedBytesWithHash	fn sliceWeightedBytesWithHash( s: *Smith, buf: []u8, byte_weights: []const Weight, hash: u32, ) u32
std.testing.Smith.sliceWeightedWithHash	fn sliceWeightedWithHash( s: *Smith, buf: []u8, len_weights: []const Weight, byte_weights: []const Weight, hash: u32, ) u32
std.testing.fuzz	fn fuzz( context: anytype, comptime testOne: fn (context: @TypeOf(context), smith: *Smith) anyerror!void, options: FuzzInputOptions, ) anyerror!void
std.testing.Reader.init	fn init(buffer: []u8, calls: []const Call) Reader
std.testing.ReaderIndirect.init	fn init(in: *Io.Reader, buffer: []u8) ReaderIndirect
std.time.epoch.isLeapYear	fn isLeapYear(year: Year) bool
std.time.epoch.getDaysInYear	fn getDaysInYear(year: Year) u9
std.time.epoch.Month.numeric	fn numeric(self: Month) u4
std.time.epoch.getDaysInMonth	fn getDaysInMonth(year: Year, month: Month) u5
std.time.epoch.YearAndDay.calculateMonthDay	fn calculateMonthDay(self: YearAndDay) MonthAndDay
std.time.epoch.EpochDay.calculateYearDay	fn calculateYearDay(self: EpochDay) YearAndDay
std.time.epoch.DaySeconds.getHoursIntoDay	fn getHoursIntoDay(self: DaySeconds) u5
std.time.epoch.DaySeconds.getMinutesIntoHour	fn getMinutesIntoHour(self: DaySeconds) u6
std.time.epoch.DaySeconds.getSecondsIntoMinute	fn getSecondsIntoMinute(self: DaySeconds) u6
std.time.epoch.EpochSeconds.getEpochDay	fn getEpochDay(self: EpochSeconds) EpochDay
std.time.epoch.EpochSeconds.getDaySeconds	fn getDaySeconds(self: EpochSeconds) DaySeconds
std.tz.Timetype.name	fn name(self: *const Timetype) [:0]const u8
std.tz.Timetype.isDst	fn isDst(self: Timetype) bool
std.tz.Timetype.standardTimeIndicator	fn standardTimeIndicator(self: Timetype) bool
std.tz.Timetype.utIndicator	fn utIndicator(self: Timetype) bool
std.tz.Tz.parse	fn parse(allocator: Allocator, reader: *Reader) !Tz
std.tz.Tz.deinit	fn deinit(self: *Tz) void
std.unicode.utf8CodepointSequenceLength	fn utf8CodepointSequenceLength(c: u21) !u3
std.unicode.utf8ByteSequenceLength	fn utf8ByteSequenceLength(first_byte: u8) !u3
std.unicode.utf8Encode	fn utf8Encode(c: u21, out: []u8) error{ Utf8CannotEncodeSurrogateHalf, CodepointTooLarge }!u3
std.unicode.utf8EncodeComptime	fn utf8EncodeComptime(comptime c: u21) [ utf8CodepointSequenceLength(c) catch |err| @compileError(@errorName(err)) ]u8
std.unicode.utf8Decode	fn utf8Decode(bytes: []const u8) Utf8DecodeError!u21
std.unicode.utf8Decode2	fn utf8Decode2(bytes: [2]u8) Utf8Decode2Error!u21
std.unicode.utf8Decode3	fn utf8Decode3(bytes: [3]u8) Utf8Decode3Error!u21
std.unicode.utf8Decode3AllowSurrogateHalf	fn utf8Decode3AllowSurrogateHalf(bytes: [3]u8) Utf8Decode3AllowSurrogateHalfError!u21
std.unicode.utf8Decode4	fn utf8Decode4(bytes: [4]u8) Utf8Decode4Error!u21
std.unicode.utf8ValidCodepoint	fn utf8ValidCodepoint(value: u21) bool
std.unicode.utf8CountCodepoints	fn utf8CountCodepoints(s: []const u8) !usize
std.unicode.utf8ValidateSlice	fn utf8ValidateSlice(input: []const u8) bool
std.unicode.Utf8View.init	fn init(s: []const u8) !Utf8View
std.unicode.Utf8View.initUnchecked	fn initUnchecked(s: []const u8) Utf8View
std.unicode.Utf8View.initComptime	fn initComptime(comptime s: []const u8) Utf8View
std.unicode.Utf8View.iterator	fn iterator(s: Utf8View) Utf8Iterator
std.unicode.Utf8Iterator.nextCodepointSlice	fn nextCodepointSlice(it: *Utf8Iterator) ?[]const u8
std.unicode.Utf8Iterator.nextCodepoint	fn nextCodepoint(it: *Utf8Iterator) ?u21
std.unicode.Utf8Iterator.peek	fn peek(it: *Utf8Iterator, n: usize) []const u8
std.unicode.utf16IsHighSurrogate	fn utf16IsHighSurrogate(c: u16) bool
std.unicode.utf16IsLowSurrogate	fn utf16IsLowSurrogate(c: u16) bool
std.unicode.utf16CodepointSequenceLength	fn utf16CodepointSequenceLength(c: u21) !u2
std.unicode.utf16CodeUnitSequenceLength	fn utf16CodeUnitSequenceLength(first_code_unit: u16) !u2
std.unicode.utf16DecodeSurrogatePair	fn utf16DecodeSurrogatePair(surrogate_pair: []const u16) !u21
std.unicode.Utf16LeIterator.init	fn init(s: []const u16) Utf16LeIterator
std.unicode.Utf16LeIterator.nextCodepoint	fn nextCodepoint(it: *Utf16LeIterator) NextCodepointError!?u21
std.unicode.utf16CountCodepoints	fn utf16CountCodepoints(utf16le: []const u16) !usize
std.unicode.fmtUtf8	fn fmtUtf8(utf8: []const u8) std.fmt.Alt([]const u8, formatUtf8)
std.unicode.utf16LeToUtf8ArrayList	fn utf16LeToUtf8ArrayList(result: *std.array_list.Managed(u8), utf16le: []const u16) Utf16LeToUtf8AllocError!void
std.unicode.utf16LeToUtf8Alloc	fn utf16LeToUtf8Alloc(allocator: Allocator, utf16le: []const u16) Utf16LeToUtf8AllocError![]u8
std.unicode.utf16LeToUtf8AllocZ	fn utf16LeToUtf8AllocZ(allocator: Allocator, utf16le: []const u16) Utf16LeToUtf8AllocError![:0]u8
std.unicode.utf16LeToUtf8	fn utf16LeToUtf8(utf8: []u8, utf16le: []const u16) Utf16LeToUtf8Error!usize
std.unicode.utf8ToUtf16LeArrayList	fn utf8ToUtf16LeArrayList(result: *std.array_list.Managed(u16), utf8: []const u8) error{ InvalidUtf8, OutOfMemory }!void
std.unicode.utf8ToUtf16LeAlloc	fn utf8ToUtf16LeAlloc(allocator: Allocator, utf8: []const u8) error{ InvalidUtf8, OutOfMemory }![]u16
std.unicode.utf8ToUtf16LeAllocZ	fn utf8ToUtf16LeAllocZ(allocator: Allocator, utf8: []const u8) error{ InvalidUtf8, OutOfMemory }![:0]u16
std.unicode.utf8ToUtf16Le	fn utf8ToUtf16Le(utf16le: []u16, utf8: []const u8) error{InvalidUtf8}!usize
std.unicode.utf8ToUtf16LeImpl	fn utf8ToUtf16LeImpl(utf16le: []u16, utf8: []const u8, comptime surrogates: Surrogates) !usize
std.unicode.utf8ToUtf16LeStringLiteral	fn utf8ToUtf16LeStringLiteral(comptime utf8: []const u8) *const [calcUtf16LeLen(utf8) catch |err| @compileError(err):0]u16
std.unicode.wtf8ToWtf16LeStringLiteral	fn wtf8ToWtf16LeStringLiteral(comptime wtf8: []const u8) *const [calcWtf16LeLen(wtf8) catch |err| @compileError(err):0]u16
std.unicode.calcUtf16LeLenImpl	fn calcUtf16LeLenImpl(utf8: []const u8, comptime surrogates: Surrogates) !usize
std.unicode.calcUtf16LeLen	fn calcUtf16LeLen(utf8: []const u8) CalcUtf16LeLenError!usize
std.unicode.calcWtf16LeLen	fn calcWtf16LeLen(wtf8: []const u8) CalcWtf16LeLenError!usize
std.unicode.fmtUtf16Le	fn fmtUtf16Le(utf16le: []const u16) std.fmt.Alt([]const u16, formatUtf16Le)
std.unicode.isSurrogateCodepoint	fn isSurrogateCodepoint(c: u21) bool
std.unicode.wtf8Encode	fn wtf8Encode(c: u21, out: []u8) error{CodepointTooLarge}!u3
std.unicode.wtf8Decode	fn wtf8Decode(bytes: []const u8) Wtf8DecodeError!u21
std.unicode.wtf8ValidateSlice	fn wtf8ValidateSlice(input: []const u8) bool
std.unicode.Wtf8View.init	fn init(s: []const u8) error{InvalidWtf8}!Wtf8View
std.unicode.Wtf8View.initUnchecked	fn initUnchecked(s: []const u8) Wtf8View
std.unicode.Wtf8View.initComptime	fn initComptime(comptime s: []const u8) Wtf8View
std.unicode.Wtf8View.iterator	fn iterator(s: Wtf8View) Wtf8Iterator
std.unicode.Wtf8Iterator.nextCodepointSlice	fn nextCodepointSlice(it: *Wtf8Iterator) ?[]const u8
std.unicode.Wtf8Iterator.nextCodepoint	fn nextCodepoint(it: *Wtf8Iterator) ?u21
std.unicode.Wtf8Iterator.peek	fn peek(it: *Wtf8Iterator, n: usize) []const u8
std.unicode.wtf16LeToWtf8ArrayList	fn wtf16LeToWtf8ArrayList(result: *std.array_list.Managed(u8), utf16le: []const u16) Allocator.Error!void
std.unicode.wtf16LeToWtf8Alloc	fn wtf16LeToWtf8Alloc(allocator: Allocator, wtf16le: []const u16) Allocator.Error![]u8
std.unicode.wtf16LeToWtf8AllocZ	fn wtf16LeToWtf8AllocZ(allocator: Allocator, wtf16le: []const u16) Allocator.Error![:0]u8
std.unicode.wtf16LeToWtf8	fn wtf16LeToWtf8(wtf8: []u8, wtf16le: []const u16) usize
std.unicode.wtf8ToWtf16LeArrayList	fn wtf8ToWtf16LeArrayList(result: *std.array_list.Managed(u16), wtf8: []const u8) error{ InvalidWtf8, OutOfMemory }!void
std.unicode.wtf8ToWtf16LeAlloc	fn wtf8ToWtf16LeAlloc(allocator: Allocator, wtf8: []const u8) error{ InvalidWtf8, OutOfMemory }![]u16
std.unicode.wtf8ToWtf16LeAllocZ	fn wtf8ToWtf16LeAllocZ(allocator: Allocator, wtf8: []const u8) error{ InvalidWtf8, OutOfMemory }![:0]u16
std.unicode.wtf8ToWtf16Le	fn wtf8ToWtf16Le(wtf16le: []u16, wtf8: []const u8) error{InvalidWtf8}!usize
std.unicode.wtf8ToUtf8Lossy	fn wtf8ToUtf8Lossy(utf8: []u8, wtf8: []const u8) error{InvalidWtf8}!void
std.unicode.wtf8ToUtf8LossyAlloc	fn wtf8ToUtf8LossyAlloc(allocator: Allocator, wtf8: []const u8) error{ InvalidWtf8, OutOfMemory }![]u8
std.unicode.wtf8ToUtf8LossyAllocZ	fn wtf8ToUtf8LossyAllocZ(allocator: Allocator, wtf8: []const u8) error{ InvalidWtf8, OutOfMemory }![:0]u8
std.unicode.Wtf16LeIterator.init	fn init(s: []const u16) Wtf16LeIterator
std.unicode.Wtf16LeIterator.nextCodepoint	fn nextCodepoint(it: *Wtf16LeIterator) ?u21
std.unicode.calcWtf8Len	fn calcWtf8Len(wtf16le: []const u16) usize
std.valgrind.doClientRequest	fn doClientRequest(default: usize, request: usize, a1: usize, a2: usize, a3: usize, a4: usize, a5: usize) usize
std.valgrind.ToolBase	fn ToolBase(base: [2]u8) u32
std.valgrind.IsTool	fn IsTool(base: [2]u8, code: usize) bool
std.valgrind.runningOnValgrind	fn runningOnValgrind() usize
std.valgrind.discardTranslations	fn discardTranslations(qzz: []const u8) void
std.valgrind.innerThreads	fn innerThreads(qzz: [*]u8) void
std.valgrind.nonSimdCall0	fn nonSimdCall0(func: fn (usize) usize) usize
std.valgrind.nonSimdCall1	fn nonSimdCall1(func: fn (usize, usize) usize, a1: usize) usize
std.valgrind.nonSimdCall2	fn nonSimdCall2(func: fn (usize, usize, usize) usize, a1: usize, a2: usize) usize
std.valgrind.nonSimdCall3	fn nonSimdCall3(func: fn (usize, usize, usize, usize) usize, a1: usize, a2: usize, a3: usize) usize
std.valgrind.countErrors	fn countErrors() usize
std.valgrind.mallocLikeBlock	fn mallocLikeBlock(mem: []u8, rzB: usize, is_zeroed: bool) void
std.valgrind.resizeInPlaceBlock	fn resizeInPlaceBlock(oldmem: []u8, newsize: usize, rzB: usize) void
std.valgrind.freeLikeBlock	fn freeLikeBlock(addr: [*]u8, rzB: usize) void
std.valgrind.createMempool	fn createMempool(pool: [*]u8, rzB: usize, is_zeroed: bool, flags: usize) void
std.valgrind.destroyMempool	fn destroyMempool(pool: [*]u8) void
std.valgrind.mempoolAlloc	fn mempoolAlloc(pool: [*]u8, mem: []u8) void
std.valgrind.mempoolFree	fn mempoolFree(pool: [*]u8, addr: [*]u8) void
std.valgrind.mempoolTrim	fn mempoolTrim(pool: [*]u8, mem: []u8) void
std.valgrind.moveMempool	fn moveMempool(poolA: [*]u8, poolB: [*]u8) void
std.valgrind.mempoolChange	fn mempoolChange(pool: [*]u8, addrA: [*]u8, mem: []u8) void
std.valgrind.mempoolExists	fn mempoolExists(pool: [*]u8) bool
std.valgrind.stackRegister	fn stackRegister(stack: []u8) usize
std.valgrind.stackDeregister	fn stackDeregister(id: usize) void
std.valgrind.stackChange	fn stackChange(id: usize, newstack: []u8) void
std.valgrind.mapIpToSrcloc	fn mapIpToSrcloc(addr: *const u8, buf64: [64]u8) usize
std.valgrind.disableErrorReporting	fn disableErrorReporting() void
std.valgrind.enableErrorReporting	fn enableErrorReporting() void
std.valgrind.monitorCommand	fn monitorCommand(command: [*]u8) bool
std.valgrind.memcheck.makeMemNoAccess	fn makeMemNoAccess(qzz: []const u8) void
std.valgrind.memcheck.makeMemUndefined	fn makeMemUndefined(qzz: []const u8) void
std.valgrind.memcheck.makeMemDefined	fn makeMemDefined(qzz: []const u8) void
std.valgrind.memcheck.makeMemDefinedIfAddressable	fn makeMemDefinedIfAddressable(qzz: []const u8) void
std.valgrind.memcheck.createBlock	fn createBlock(qzz: []const u8, desc: [*:0]const u8) usize
std.valgrind.memcheck.discard	fn discard(blkindex: usize) bool
std.valgrind.memcheck.checkMemIsAddressable	fn checkMemIsAddressable(qzz: []const u8) usize
std.valgrind.memcheck.checkMemIsDefined	fn checkMemIsDefined(qzz: []const u8) usize
std.valgrind.memcheck.doLeakCheck	fn doLeakCheck() void
std.valgrind.memcheck.doAddedLeakCheck	fn doAddedLeakCheck() void
std.valgrind.memcheck.doChangedLeakCheck	fn doChangedLeakCheck() void
std.valgrind.memcheck.doQuickLeakCheck	fn doQuickLeakCheck() void
std.valgrind.memcheck.countLeaks	fn countLeaks() CountResult
std.valgrind.memcheck.countLeakBlocks	fn countLeakBlocks() CountResult
std.valgrind.memcheck.getVbits	fn getVbits(zza: []u8, zzvbits: []u8) u2
std.valgrind.memcheck.setVbits	fn setVbits(zzvbits: []u8, zza: []u8) u2
std.valgrind.memcheck.disableAddrErrorReportingInRange	fn disableAddrErrorReportingInRange(qzz: []u8) usize
std.valgrind.memcheck.enableAddrErrorReportingInRange	fn enableAddrErrorReportingInRange(qzz: []u8) usize
std.valgrind.callgrind.dumpStats	fn dumpStats() void
std.valgrind.callgrind.dumpStatsAt	fn dumpStatsAt(pos_str: [*:0]const u8) void
std.valgrind.callgrind.zeroStats	fn zeroStats() void
std.valgrind.callgrind.toggleCollect	fn toggleCollect() void
std.valgrind.callgrind.startInstrumentation	fn startInstrumentation() void
std.valgrind.callgrind.stopInstrumentation	fn stopInstrumentation() void
std.valgrind.cachegrind.startInstrumentation	fn startInstrumentation() void
std.valgrind.cachegrind.stopInstrumentation	fn stopInstrumentation() void
std.wasm.BlockType.fromValtype	fn fromValtype(valtype: Valtype) BlockType
std.zig.ErrorBundle.deinit	fn deinit(eb: *ErrorBundle, gpa: Allocator) void
std.zig.ErrorBundle.errorMessageCount	fn errorMessageCount(eb: ErrorBundle) u32
std.zig.ErrorBundle.getErrorMessageList	fn getErrorMessageList(eb: ErrorBundle) ErrorMessageList
std.zig.ErrorBundle.getMessages	fn getMessages(eb: ErrorBundle) []const MessageIndex
std.zig.ErrorBundle.getErrorMessage	fn getErrorMessage(eb: ErrorBundle, index: MessageIndex) ErrorMessage
std.zig.ErrorBundle.getSourceLocation	fn getSourceLocation(eb: ErrorBundle, index: SourceLocationIndex) SourceLocation
std.zig.ErrorBundle.getNotes	fn getNotes(eb: ErrorBundle, index: MessageIndex) []const MessageIndex
std.zig.ErrorBundle.getCompileLogOutput	fn getCompileLogOutput(eb: ErrorBundle) [:0]const u8
std.zig.ErrorBundle.nullTerminatedString	fn nullTerminatedString(eb: ErrorBundle, index: String) [:0]const u8
std.zig.ErrorBundle.renderToStderr	fn renderToStderr(eb: ErrorBundle, io: Io, options: RenderOptions, color: std.zig.Color) RenderToStderrError!void
std.zig.ErrorBundle.renderToWriter	fn renderToWriter(eb: ErrorBundle, options: RenderOptions, w: *Writer) Writer.Error!void
std.zig.ErrorBundle.renderToTerminal	fn renderToTerminal(eb: ErrorBundle, options: RenderOptions, t: Io.Terminal) Io.Terminal.SetColorError!void
std.zig.ErrorBundle.Wip.init	fn init(wip: *Wip, gpa: Allocator) !void
std.zig.ErrorBundle.Wip.deinit	fn deinit(wip: *Wip) void
std.zig.ErrorBundle.Wip.toOwnedBundle	fn toOwnedBundle(wip: *Wip, compile_log_text: []const u8) !ErrorBundle
std.zig.ErrorBundle.Wip.tmpBundle	fn tmpBundle(wip: Wip) ErrorBundle
std.zig.ErrorBundle.Wip.addString	fn addString(wip: *Wip, s: []const u8) Allocator.Error!String
std.zig.ErrorBundle.Wip.printString	fn printString(wip: *Wip, comptime fmt: []const u8, args: anytype) Allocator.Error!String
std.zig.ErrorBundle.Wip.addRootErrorMessage	fn addRootErrorMessage(wip: *Wip, em: ErrorMessage) Allocator.Error!void
std.zig.ErrorBundle.Wip.addRootErrorMessageWithNotes	fn addRootErrorMessageWithNotes( wip: *Wip, msg: ErrorMessage, notes: []const ErrorMessage, ) !void
std.zig.ErrorBundle.Wip.addErrorMessage	fn addErrorMessage(wip: *Wip, em: ErrorMessage) Allocator.Error!MessageIndex
std.zig.ErrorBundle.Wip.addErrorMessageAssumeCapacity	fn addErrorMessageAssumeCapacity(wip: *Wip, em: ErrorMessage) MessageIndex
std.zig.ErrorBundle.Wip.addSourceLocation	fn addSourceLocation(wip: *Wip, sl: SourceLocation) Allocator.Error!SourceLocationIndex
std.zig.ErrorBundle.Wip.addReferenceTrace	fn addReferenceTrace(wip: *Wip, rt: ReferenceTrace) Allocator.Error!void
std.zig.ErrorBundle.Wip.addBundleAsNotes	fn addBundleAsNotes(wip: *Wip, other: ErrorBundle) Allocator.Error!void
std.zig.ErrorBundle.Wip.addBundleAsRoots	fn addBundleAsRoots(wip: *Wip, other: ErrorBundle) !void
std.zig.ErrorBundle.Wip.reserveNotes	fn reserveNotes(wip: *Wip, notes_len: u32) !u32
std.zig.ErrorBundle.Wip.addZirErrorMessages	fn addZirErrorMessages( eb: *ErrorBundle.Wip, zir: std.zig.Zir, tree: std.zig.Ast, source: [:0]const u8, src_path: []const u8, ) !void
std.zig.ErrorBundle.Wip.addZoirErrorMessages	fn addZoirErrorMessages( eb: *ErrorBundle.Wip, zoir: std.zig.Zoir, tree: std.zig.Ast, source: [:0]const u8, src_path: []const u8, ) !void
std.zig.Server.init	fn init(options: Options) !Server
std.zig.Server.receiveMessage	fn receiveMessage(s: *Server) !InMessage.Header
std.zig.Server.receiveBody_u8	fn receiveBody_u8(s: *Server) !u8
std.zig.Server.receiveBody_u32	fn receiveBody_u32(s: *Server) !u32
std.zig.Server.receiveBody_u64	fn receiveBody_u64(s: *Server) !u64
std.zig.Server.serveStringMessage	fn serveStringMessage(s: *Server, tag: OutMessage.Tag, msg: []const u8) !void
std.zig.Server.serveMessageHeader	fn serveMessageHeader(s: *const Server, header: OutMessage.Header) !void
std.zig.Server.serveU32Message	fn serveU32Message(s: *const Server, tag: OutMessage.Tag, int: u32) !void
std.zig.Server.serveU64Message	fn serveU64Message(s: *const Server, tag: OutMessage.Tag, int: u64) !void
std.zig.Server.serveCoverageIdMessage	fn serveCoverageIdMessage(s: *const Server, id: u64, runs: u64, unique: u64, cov: u64) !void
std.zig.Server.serveBroadcastFuzzInputMessage	fn serveBroadcastFuzzInputMessage(s: *const Server, test_i: u32, bytes: []const u8) !void
std.zig.Server.serveEmitDigest	fn serveEmitDigest( s: *Server, digest: *const [Cache.bin_digest_len]u8, header: OutMessage.EmitDigest, ) !void
std.zig.Server.serveTestResults	fn serveTestResults(s: *Server, msg: OutMessage.TestResults) !void
std.zig.Server.serveErrorBundle	fn serveErrorBundle(s: *Server, error_bundle: std.zig.ErrorBundle) !void
std.zig.Server.allocErrorBundle	fn allocErrorBundle(gpa: std.mem.Allocator, body: []const u8) error{ OutOfMemory, EndOfStream }!std.zig.ErrorBundle
std.zig.Server.serveTestMetadata	fn serveTestMetadata(s: *Server, test_metadata: TestMetadata) !void
std.zig.TokenSmith.gen	fn gen(smith: *Smith) TokenSmith
std.zig.TokenSmith.source	fn source(t: *TokenSmith) [:0]u8
std.zig.TokenSmith.list	fn list(t: *TokenSmith) TokenList.Slice
std.zig.string_literal.Error.fmt	fn fmt(self: @This(), raw_string: []const u8) std.fmt.Alt(FormatMessage, formatMessage)
std.zig.string_literal.Error.offset	fn offset(err: Error) usize
std.zig.string_literal.parseCharLiteral	fn parseCharLiteral(slice: []const u8) ParsedCharLiteral
std.zig.string_literal.parseEscapeSequence	fn parseEscapeSequence(slice: []const u8, offset: *usize) ParsedCharLiteral
std.zig.string_literal.parseWrite	fn parseWrite(writer: *Writer, bytes: []const u8) Writer.Error!Result
std.zig.string_literal.parseAlloc	fn parseAlloc(allocator: std.mem.Allocator, bytes: []const u8) ParseError![]u8
std.zig.number_literal.parseNumberLiteral	fn parseNumberLiteral(bytes: []const u8) Result
std.zig.primitives.isPrimitive	fn isPrimitive(name: []const u8) bool
std.zig.Ast.OptionalTokenIndex.unwrap	fn unwrap(oti: OptionalTokenIndex) ?TokenIndex
std.zig.Ast.OptionalTokenIndex.fromToken	fn fromToken(ti: TokenIndex) OptionalTokenIndex
std.zig.Ast.OptionalTokenIndex.fromOptional	fn fromOptional(oti: ?TokenIndex) OptionalTokenIndex
std.zig.Ast.TokenOffset.init	fn init(base: TokenIndex, destination: TokenIndex) TokenOffset
std.zig.Ast.TokenOffset.toOptional	fn toOptional(to: TokenOffset) OptionalTokenOffset
std.zig.Ast.TokenOffset.toAbsolute	fn toAbsolute(offset: TokenOffset, base: TokenIndex) TokenIndex
std.zig.Ast.OptionalTokenOffset.unwrap	fn unwrap(oto: OptionalTokenOffset) ?TokenOffset
std.zig.Ast.tokenTag	fn tokenTag(tree: *const Ast, token_index: TokenIndex) Token.Tag
std.zig.Ast.tokenStart	fn tokenStart(tree: *const Ast, token_index: TokenIndex) ByteOffset
std.zig.Ast.nodeTag	fn nodeTag(tree: *const Ast, node: Node.Index) Node.Tag
std.zig.Ast.nodeMainToken	fn nodeMainToken(tree: *const Ast, node: Node.Index) TokenIndex
std.zig.Ast.nodeData	fn nodeData(tree: *const Ast, node: Node.Index) Node.Data
std.zig.Ast.isTokenPrecededByTags	fn isTokenPrecededByTags( tree: *const Ast, ti: TokenIndex, expected_token_tags: []const Token.Tag, ) bool
std.zig.Ast.deinit	fn deinit(tree: *Ast, gpa: Allocator) void
std.zig.Ast.parse	fn parse(gpa: Allocator, source: [:0]const u8, mode: Mode) Allocator.Error!Ast
std.zig.Ast.parseTokens	fn parseTokens( gpa: Allocator, source: [:0]const u8, tokens: Ast.TokenList.Slice, mode: Mode, ) Allocator.Error!Ast
std.zig.Ast.renderAlloc	fn renderAlloc(tree: Ast, gpa: Allocator) error{OutOfMemory}![]u8
std.zig.Ast.Render.Fixups.count	fn count(f: Fixups) usize
std.zig.Ast.Render.Fixups.clearRetainingCapacity	fn clearRetainingCapacity(f: *Fixups) void
std.zig.Ast.Render.Fixups.deinit	fn deinit(f: *Fixups, gpa: Allocator) void
std.zig.Ast.Render.renderTree	fn renderTree(gpa: Allocator, w: *Writer, tree: Ast, fixups: Fixups) Error!void
std.zig.Ast.render	fn render(tree: Ast, gpa: Allocator, w: *Writer, fixups: Render.Fixups) Render.Error!void
std.zig.Ast.errorOffset	fn errorOffset(tree: Ast, parse_error: Error) u32
std.zig.Ast.tokenLocation	fn tokenLocation(self: Ast, start_offset: ByteOffset, token_index: TokenIndex) Location
std.zig.Ast.tokenSlice	fn tokenSlice(tree: Ast, token_index: TokenIndex) []const u8
std.zig.Ast.extraDataSlice	fn extraDataSlice(tree: Ast, range: Node.SubRange, comptime T: type) []const T
std.zig.Ast.extraDataSliceWithLen	fn extraDataSliceWithLen(tree: Ast, start: ExtraIndex, len: u32, comptime T: type) []const T
std.zig.Ast.extraData	fn extraData(tree: Ast, index: ExtraIndex, comptime T: type) T
std.zig.Ast.rootDecls	fn rootDecls(tree: Ast) []const Node.Index
std.zig.Ast.renderError	fn renderError(tree: Ast, parse_error: Error, w: *Writer) Writer.Error!void
std.zig.Ast.firstToken	fn firstToken(tree: Ast, node: Node.Index) TokenIndex
std.zig.Ast.lastToken	fn lastToken(tree: Ast, node: Node.Index) TokenIndex
std.zig.Ast.tokensOnSameLine	fn tokensOnSameLine(tree: Ast, token1: TokenIndex, token2: TokenIndex) bool
std.zig.Ast.getNodeSource	fn getNodeSource(tree: Ast, node: Node.Index) []const u8
std.zig.Ast.globalVarDecl	fn globalVarDecl(tree: Ast, node: Node.Index) full.VarDecl
std.zig.Ast.localVarDecl	fn localVarDecl(tree: Ast, node: Node.Index) full.VarDecl
std.zig.Ast.simpleVarDecl	fn simpleVarDecl(tree: Ast, node: Node.Index) full.VarDecl
std.zig.Ast.alignedVarDecl	fn alignedVarDecl(tree: Ast, node: Node.Index) full.VarDecl
std.zig.Ast.assignDestructure	fn assignDestructure(tree: Ast, node: Node.Index) full.AssignDestructure
std.zig.Ast.ifSimple	fn ifSimple(tree: Ast, node: Node.Index) full.If
std.zig.Ast.ifFull	fn ifFull(tree: Ast, node: Node.Index) full.If
std.zig.Ast.containerField	fn containerField(tree: Ast, node: Node.Index) full.ContainerField
std.zig.Ast.containerFieldInit	fn containerFieldInit(tree: Ast, node: Node.Index) full.ContainerField
std.zig.Ast.containerFieldAlign	fn containerFieldAlign(tree: Ast, node: Node.Index) full.ContainerField
std.zig.Ast.fnProtoSimple	fn fnProtoSimple(tree: Ast, buffer: *[1]Node.Index, node: Node.Index) full.FnProto
std.zig.Ast.fnProtoMulti	fn fnProtoMulti(tree: Ast, node: Node.Index) full.FnProto
std.zig.Ast.fnProtoOne	fn fnProtoOne(tree: Ast, buffer: *[1]Node.Index, node: Node.Index) full.FnProto
std.zig.Ast.fnProto	fn fnProto(tree: Ast, node: Node.Index) full.FnProto
std.zig.Ast.structInitOne	fn structInitOne(tree: Ast, buffer: *[1]Node.Index, node: Node.Index) full.StructInit
std.zig.Ast.structInitDotTwo	fn structInitDotTwo(tree: Ast, buffer: *[2]Node.Index, node: Node.Index) full.StructInit
std.zig.Ast.structInitDot	fn structInitDot(tree: Ast, node: Node.Index) full.StructInit
std.zig.Ast.structInit	fn structInit(tree: Ast, node: Node.Index) full.StructInit
std.zig.Ast.arrayInitOne	fn arrayInitOne(tree: Ast, buffer: *[1]Node.Index, node: Node.Index) full.ArrayInit
std.zig.Ast.arrayInitDotTwo	fn arrayInitDotTwo(tree: Ast, buffer: *[2]Node.Index, node: Node.Index) full.ArrayInit
std.zig.Ast.arrayInitDot	fn arrayInitDot(tree: Ast, node: Node.Index) full.ArrayInit
std.zig.Ast.arrayInit	fn arrayInit(tree: Ast, node: Node.Index) full.ArrayInit
std.zig.Ast.arrayType	fn arrayType(tree: Ast, node: Node.Index) full.ArrayType
std.zig.Ast.arrayTypeSentinel	fn arrayTypeSentinel(tree: Ast, node: Node.Index) full.ArrayType
std.zig.Ast.ptrTypeAligned	fn ptrTypeAligned(tree: Ast, node: Node.Index) full.PtrType
std.zig.Ast.ptrTypeSentinel	fn ptrTypeSentinel(tree: Ast, node: Node.Index) full.PtrType
std.zig.Ast.ptrType	fn ptrType(tree: Ast, node: Node.Index) full.PtrType
std.zig.Ast.ptrTypeBitRange	fn ptrTypeBitRange(tree: Ast, node: Node.Index) full.PtrType
std.zig.Ast.sliceOpen	fn sliceOpen(tree: Ast, node: Node.Index) full.Slice
std.zig.Ast.slice	fn slice(tree: Ast, node: Node.Index) full.Slice
std.zig.Ast.sliceSentinel	fn sliceSentinel(tree: Ast, node: Node.Index) full.Slice
std.zig.Ast.containerDeclTwo	fn containerDeclTwo(tree: Ast, buffer: *[2]Node.Index, node: Node.Index) full.ContainerDecl
std.zig.Ast.containerDecl	fn containerDecl(tree: Ast, node: Node.Index) full.ContainerDecl
std.zig.Ast.containerDeclArg	fn containerDeclArg(tree: Ast, node: Node.Index) full.ContainerDecl
std.zig.Ast.containerDeclRoot	fn containerDeclRoot(tree: Ast) full.ContainerDecl
std.zig.Ast.taggedUnionTwo	fn taggedUnionTwo(tree: Ast, buffer: *[2]Node.Index, node: Node.Index) full.ContainerDecl
std.zig.Ast.taggedUnion	fn taggedUnion(tree: Ast, node: Node.Index) full.ContainerDecl
std.zig.Ast.taggedUnionEnumTag	fn taggedUnionEnumTag(tree: Ast, node: Node.Index) full.ContainerDecl
std.zig.Ast.switchFull	fn switchFull(tree: Ast, node: Node.Index) full.Switch
std.zig.Ast.switchCaseOne	fn switchCaseOne(tree: Ast, node: Node.Index) full.SwitchCase
std.zig.Ast.switchCase	fn switchCase(tree: Ast, node: Node.Index) full.SwitchCase
std.zig.Ast.asmSimple	fn asmSimple(tree: Ast, node: Node.Index) full.Asm
std.zig.Ast.asmFull	fn asmFull(tree: Ast, node: Node.Index) full.Asm
std.zig.Ast.whileSimple	fn whileSimple(tree: Ast, node: Node.Index) full.While
std.zig.Ast.whileCont	fn whileCont(tree: Ast, node: Node.Index) full.While
std.zig.Ast.whileFull	fn whileFull(tree: Ast, node: Node.Index) full.While
std.zig.Ast.forSimple	fn forSimple(tree: Ast, node: Node.Index) full.For
std.zig.Ast.forFull	fn forFull(tree: Ast, node: Node.Index) full.For
std.zig.Ast.callOne	fn callOne(tree: Ast, buffer: *[1]Node.Index, node: Node.Index) full.Call
std.zig.Ast.callFull	fn callFull(tree: Ast, node: Node.Index) full.Call
std.zig.Ast.fullVarDecl	fn fullVarDecl(tree: Ast, node: Node.Index) ?full.VarDecl
std.zig.Ast.fullIf	fn fullIf(tree: Ast, node: Node.Index) ?full.If
std.zig.Ast.fullWhile	fn fullWhile(tree: Ast, node: Node.Index) ?full.While
std.zig.Ast.fullFor	fn fullFor(tree: Ast, node: Node.Index) ?full.For
std.zig.Ast.fullContainerField	fn fullContainerField(tree: Ast, node: Node.Index) ?full.ContainerField
std.zig.Ast.fullFnProto	fn fullFnProto(tree: Ast, buffer: *[1]Ast.Node.Index, node: Node.Index) ?full.FnProto
std.zig.Ast.fullStructInit	fn fullStructInit(tree: Ast, buffer: *[2]Ast.Node.Index, node: Node.Index) ?full.StructInit
std.zig.Ast.fullArrayInit	fn fullArrayInit(tree: Ast, buffer: *[2]Node.Index, node: Node.Index) ?full.ArrayInit
std.zig.Ast.fullArrayType	fn fullArrayType(tree: Ast, node: Node.Index) ?full.ArrayType
std.zig.Ast.fullPtrType	fn fullPtrType(tree: Ast, node: Node.Index) ?full.PtrType
std.zig.Ast.fullSlice	fn fullSlice(tree: Ast, node: Node.Index) ?full.Slice
std.zig.Ast.fullContainerDecl	fn fullContainerDecl(tree: Ast, buffer: *[2]Ast.Node.Index, node: Node.Index) ?full.ContainerDecl
std.zig.Ast.fullSwitch	fn fullSwitch(tree: Ast, node: Node.Index) ?full.Switch
std.zig.Ast.fullSwitchCase	fn fullSwitchCase(tree: Ast, node: Node.Index) ?full.SwitchCase
std.zig.Ast.fullAsm	fn fullAsm(tree: Ast, node: Node.Index) ?full.Asm
std.zig.Ast.fullCall	fn fullCall(tree: Ast, buffer: *[1]Ast.Node.Index, node: Node.Index) ?full.Call
std.zig.Ast.builtinCallParams	fn builtinCallParams(tree: Ast, buffer: *[2]Ast.Node.Index, node: Ast.Node.Index) ?[]const Node.Index
std.zig.Ast.blockStatements	fn blockStatements(tree: Ast, buffer: *[2]Ast.Node.Index, node: Ast.Node.Index) ?[]const Node.Index
std.zig.Ast.full.VarDecl.firstToken	fn firstToken(var_decl: VarDecl) TokenIndex
std.zig.Ast.full.ContainerField.firstToken	fn firstToken(cf: ContainerField) TokenIndex
std.zig.Ast.full.ContainerField.convertToNonTupleLike	fn convertToNonTupleLike(cf: *ContainerField, tree: *const Ast) void
std.zig.Ast.full.FnProto.firstToken	fn firstToken(fn_proto: FnProto) TokenIndex
std.zig.Ast.full.FnProto.Iterator.next	fn next(it: *Iterator) ?Param
std.zig.Ast.full.FnProto.iterate	fn iterate(fn_proto: *const FnProto, tree: *const Ast) Iterator
std.zig.Ast.Node.Index.toOptional	fn toOptional(i: Index) OptionalIndex
std.zig.Ast.Node.Index.toOffset	fn toOffset(base: Index, destination: Index) Offset
std.zig.Ast.Node.OptionalIndex.unwrap	fn unwrap(oi: OptionalIndex) ?Index
std.zig.Ast.Node.OptionalIndex.fromOptional	fn fromOptional(oi: ?Index) OptionalIndex
std.zig.Ast.Node.Offset.toOptional	fn toOptional(o: Offset) OptionalOffset
std.zig.Ast.Node.Offset.toAbsolute	fn toAbsolute(offset: Offset, base: Index) Index
std.zig.Ast.Node.OptionalOffset.unwrap	fn unwrap(oo: OptionalOffset) ?Offset
std.zig.Ast.Node.Tag.isContainerField	fn isContainerField(tag: Tag) bool
std.zig.Ast.nodeToSpan	fn nodeToSpan(tree: *const Ast, node: Ast.Node.Index) Span
std.zig.Ast.tokenToSpan	fn tokenToSpan(tree: *const Ast, token: Ast.TokenIndex) Span
std.zig.Ast.tokensToSpan	fn tokensToSpan(tree: *const Ast, start: Ast.TokenIndex, end: Ast.TokenIndex, main: Ast.TokenIndex) Span
std.zig.AstGen.generate	fn generate(gpa: Allocator, tree: Ast) Allocator.Error!Zir
std.zig.AstSmith.init	fn init(smith: *Smith) AstSmith
std.zig.AstSmith.source	fn source(t: *AstSmith) [:0]u8
std.zig.AstSmith.tokens	fn tokens(t: *AstSmith) std.zig.Ast.TokenList.Slice
std.zig.AstSmith.generate	fn generate(a: *AstSmith, gpa: std.mem.Allocator) Error!std.zig.Ast
std.zig.AstSmith.generateSource	fn generateSource(a: *AstSmith) SourceError!void
std.zig.AstSmith.logSource	fn logSource(a: *AstSmith) void
std.zig.Zir.extraData	fn extraData(code: Zir, comptime T: type, index: usize) ExtraData(T)
std.zig.Zir.nullTerminatedString	fn nullTerminatedString(code: Zir, index: NullTerminatedString) [:0]const u8
std.zig.Zir.refSlice	fn refSlice(code: Zir, start: usize, len: usize) []Inst.Ref
std.zig.Zir.bodySlice	fn bodySlice(zir: Zir, start: usize, len: usize) []Inst.Index
std.zig.Zir.hasCompileErrors	fn hasCompileErrors(code: Zir) bool
std.zig.Zir.loweringFailed	fn loweringFailed(code: Zir) bool
std.zig.Zir.deinit	fn deinit(code: *Zir, gpa: Allocator) void
std.zig.Zir.Inst.Tag.isNoReturn	fn isNoReturn(tag: Tag) bool
std.zig.Zir.Inst.Tag.isAlwaysVoid	fn isAlwaysVoid(tag: Tag, data: Data) bool
std.zig.Zir.Inst.Index.toRef	fn toRef(i: Index) Inst.Ref
std.zig.Zir.Inst.Index.toOptional	fn toOptional(i: Index) OptionalIndex
std.zig.Zir.Inst.OptionalIndex.unwrap	fn unwrap(oi: OptionalIndex) ?Index
std.zig.Zir.Inst.Ref.toIndex	fn toIndex(inst: Ref) ?Index
std.zig.Zir.Inst.Ref.toIndexAllowNone	fn toIndexAllowNone(inst: Ref) ?Index
std.zig.Zir.Inst.Declaration.Flags.Id.hasName	fn hasName(id: Id) bool
std.zig.Zir.Inst.Declaration.Flags.Id.hasLibName	fn hasLibName(id: Id) bool
std.zig.Zir.Inst.Declaration.Flags.Id.hasTypeBody	fn hasTypeBody(id: Id) bool
std.zig.Zir.Inst.Declaration.Flags.Id.hasValueBody	fn hasValueBody(id: Id) bool
std.zig.Zir.Inst.Declaration.Flags.Id.hasSpecialBodies	fn hasSpecialBodies(id: Id) bool
std.zig.Zir.Inst.Declaration.Flags.Id.linkage	fn linkage(id: Id) Declaration.Unwrapped.Linkage
std.zig.Zir.Inst.Declaration.Flags.Id.kind	fn kind(id: Id) Declaration.Unwrapped.Kind
std.zig.Zir.Inst.Declaration.Flags.Id.isPub	fn isPub(id: Id) bool
std.zig.Zir.Inst.Declaration.Flags.Id.isThreadlocal	fn isThreadlocal(id: Id) bool
std.zig.Zir.Inst.Declaration.Name.isNamedTest	fn isNamedTest(name: Name, zir: Zir) bool
std.zig.Zir.Inst.Declaration.Name.toString	fn toString(name: Name, zir: Zir) ?NullTerminatedString
std.zig.Zir.Inst.Declaration.getBodies	fn getBodies(declaration: Declaration, extra_end: u32, zir: Zir) Bodies
std.zig.Zir.Inst.SwitchBlock.ItemInfo.wrap	fn wrap(unwrapped: ItemInfo.Unwrapped) ItemInfo
std.zig.Zir.Inst.SwitchBlock.ItemInfo.unwrap	fn unwrap(item_info: ItemInfo) ItemInfo.Unwrapped
std.zig.Zir.Inst.SwitchBlock.ItemInfo.bodyLen	fn bodyLen(item_info: ItemInfo) ?u32
std.zig.Zir.Inst.Capture.wrap	fn wrap(cap: Unwrapped) Capture
std.zig.Zir.Inst.Capture.unwrap	fn unwrap(cap: Capture) Unwrapped
std.zig.Zir.Inst.FullPtrCastFlags.needResultTypeBuiltinName	fn needResultTypeBuiltinName(flags: FullPtrCastFlags) []const u8
std.zig.Zir.Inst.UnionDecl.Kind.hasArgType	fn hasArgType(k: Kind) bool
std.zig.Zir.Inst.UnionDecl.Kind.layout	fn layout(k: Kind) std.builtin.Type.ContainerLayout
std.zig.Zir.Inst.Float128.get	fn get(self: Float128) f128
std.zig.Zir.Inst.CompileErrors.Item.notesLen	fn notesLen(item: Item, zir: Zir) u32
std.zig.Zir.DeclContents.clear	fn clear(contents: *DeclContents) void
std.zig.Zir.DeclContents.deinit	fn deinit(contents: *DeclContents, gpa: Allocator) void
std.zig.Zir.findTrackable	fn findTrackable(zir: Zir, gpa: Allocator, contents: *DeclContents, decl_inst: Zir.Inst.Index) !void
std.zig.Zir.findTrackableRoot	fn findTrackableRoot(zir: Zir, gpa: Allocator, contents: *DeclContents) !void
std.zig.Zir.getParamBody	fn getParamBody(zir: Zir, fn_inst: Inst.Index) []const Zir.Inst.Index
std.zig.Zir.getParamName	fn getParamName(zir: Zir, param_inst: Inst.Index) ?NullTerminatedString
std.zig.Zir.getFnInfo	fn getFnInfo(zir: Zir, fn_inst: Inst.Index) FnInfo
std.zig.Zir.getDeclaration	fn getDeclaration(zir: Zir, inst: Zir.Inst.Index) Inst.Declaration.Unwrapped
std.zig.Zir.getAssociatedSrcHash	fn getAssociatedSrcHash(zir: Zir, inst: Zir.Inst.Index) ?std.zig.SrcHash
std.zig.Zir.getSwitchBlock	fn getSwitchBlock(zir: *const Zir, switch_inst: Inst.Index) UnwrappedSwitchBlock
std.zig.Zir.UnwrappedSwitchBlock.anyRanges	fn anyRanges(unwrapped: *const UnwrappedSwitchBlock) bool
std.zig.Zir.UnwrappedSwitchBlock.scalarCasesLen	fn scalarCasesLen(unwrapped: *const UnwrappedSwitchBlock) u32
std.zig.Zir.UnwrappedSwitchBlock.multiCasesLen	fn multiCasesLen(unwrapped: *const UnwrappedSwitchBlock) u32
std.zig.Zir.UnwrappedSwitchBlock.totalItemsLen	fn totalItemsLen(unwrapped: *const UnwrappedSwitchBlock) u32
std.zig.Zir.UnwrappedSwitchBlock.Case.Iterator.next	fn next(it: *Iterator) ?Case
std.zig.Zir.UnwrappedSwitchBlock.iterateCases	fn iterateCases(unwrapped: UnwrappedSwitchBlock) Case.Iterator
std.zig.Zir.assertTrackable	fn assertTrackable(zir: Zir, inst_idx: Zir.Inst.Index) void
std.zig.Zir.typeDecls	fn typeDecls(zir: Zir, type_decl: Inst.Index) []const Zir.Inst.Index
std.zig.Zir.getStructDecl	fn getStructDecl(zir: *const Zir, struct_decl: Inst.Index) UnwrappedStructDecl
std.zig.Zir.UnwrappedStructDecl.iterateFields	fn iterateFields(struct_decl: UnwrappedStructDecl) FieldIterator
std.zig.Zir.UnwrappedStructDecl.FieldIterator.next	fn next(it: *FieldIterator) ?Field
std.zig.Zir.getUnionDecl	fn getUnionDecl(zir: *const Zir, union_decl: Inst.Index) UnwrappedUnionDecl
std.zig.Zir.UnwrappedUnionDecl.iterateFields	fn iterateFields(union_decl: UnwrappedUnionDecl) FieldIterator
std.zig.Zir.UnwrappedUnionDecl.FieldIterator.next	fn next(it: *FieldIterator) ?Field
std.zig.Zir.getEnumDecl	fn getEnumDecl(zir: *const Zir, enum_decl: Inst.Index) UnwrappedEnumDecl
std.zig.Zir.UnwrappedEnumDecl.iterateFields	fn iterateFields(enum_decl: UnwrappedEnumDecl) FieldIterator
std.zig.Zir.UnwrappedEnumDecl.FieldIterator.next	fn next(it: *FieldIterator) ?Field
std.zig.Zir.getOpaqueDecl	fn getOpaqueDecl(zir: *const Zir, opaque_decl: Inst.Index) UnwrappedOpaqueDecl
std.zig.Zoir.hasCompileErrors	fn hasCompileErrors(zoir: Zoir) bool
std.zig.Zoir.deinit	fn deinit(zoir: Zoir, gpa: Allocator) void
std.zig.Zoir.Node.Index.get	fn get(idx: Index, zoir: Zoir) Node
std.zig.Zoir.Node.Index.getAstNode	fn getAstNode(idx: Index, zoir: Zoir) std.zig.Ast.Node.Index
std.zig.Zoir.Node.Index.Range.at	fn at(r: Range, i: u32) Index
std.zig.Zoir.NullTerminatedString.get	fn get(nts: NullTerminatedString, zoir: Zoir) [:0]const u8
std.zig.Zoir.CompileError.getNotes	fn getNotes(err: CompileError, zoir: Zoir) []const Note
std.zig.ZonGen.generate	fn generate(gpa: Allocator, tree: Ast, options: Options) Allocator.Error!Zoir
std.zig.ZonGen.strLitSizeHint	fn strLitSizeHint(tree: Ast, node: Ast.Node.Index) usize
std.zig.ZonGen.parseStrLit	fn parseStrLit( tree: Ast, node: Ast.Node.Index, writer: *Writer, ) Writer.Error!std.zig.string_literal.Result
std.zig.system.NativePaths.detect	fn detect( arena: Allocator, io: Io, native_target: *const std.Target, environ_map: *const process.Environ.Map, ) !NativePaths
std.zig.system.NativePaths.addIncludeDir	fn addIncludeDir(self: *NativePaths, s: []const u8) !void
std.zig.system.NativePaths.addIncludeDirFmt	fn addIncludeDirFmt(self: *NativePaths, comptime fmt: []const u8, args: anytype) !void
std.zig.system.NativePaths.addLibDir	fn addLibDir(self: *NativePaths, s: []const u8) !void
std.zig.system.NativePaths.addLibDirFmt	fn addLibDirFmt(self: *NativePaths, comptime fmt: []const u8, args: anytype) !void
std.zig.system.NativePaths.addWarning	fn addWarning(self: *NativePaths, s: []const u8) !void
std.zig.system.NativePaths.addFrameworkDir	fn addFrameworkDir(self: *NativePaths, s: []const u8) !void
std.zig.system.NativePaths.addFrameworkDirFmt	fn addFrameworkDirFmt(self: *NativePaths, comptime fmt: []const u8, args: anytype) !void
std.zig.system.NativePaths.addWarningFmt	fn addWarningFmt(self: *NativePaths, comptime fmt: []const u8, args: anytype) !void
std.zig.system.NativePaths.addRPath	fn addRPath(self: *NativePaths, s: []const u8) !void
std.zig.system.windows.detectRuntimeVersion	fn detectRuntimeVersion() WindowsVersion
std.zig.system.windows.detectNativeCpuAndFeatures	fn detectNativeCpuAndFeatures() ?Target.Cpu
std.zig.system.darwin.macos.detect	fn detect(io: Io, target_os: *Target.Os) !void
std.zig.system.darwin.macos.detectNativeCpuAndFeatures	fn detectNativeCpuAndFeatures() ?Target.Cpu
std.zig.system.darwin.isSdkInstalled	fn isSdkInstalled(gpa: Allocator, io: Io) bool
std.zig.system.darwin.getSdk	fn getSdk(gpa: Allocator, io: Io, target: *const Target) ?[]const u8
std.zig.system.linux.detectNativeCpuAndFeatures	fn detectNativeCpuAndFeatures(io: Io) ?Target.Cpu
std.zig.system.getExternalExecutor	fn getExternalExecutor( io: Io, host: *const std.Target, candidate: *const std.Target, options: GetExternalExecutorOptions, ) Executor
std.zig.system.resolveTargetQuery	fn resolveTargetQuery(io: Io, query: Target.Query) DetectError!Target
std.zig.AstRlAnnotate.annotate	fn annotate(gpa: Allocator, arena: Allocator, tree: Ast) Allocator.Error!RlNeededSet
std.zig.LibCInstallation.parse	fn parse(allocator: Allocator, io: Io, libc_file: []const u8, target: *const std.Target) !LibCInstallation
std.zig.LibCInstallation.render	fn render(self: LibCInstallation, out: *std.Io.Writer) !void
std.zig.LibCInstallation.findNative	fn findNative(gpa: Allocator, io: Io, args: FindNativeOptions) FindError!LibCInstallation
std.zig.LibCInstallation.deinit	fn deinit(self: *LibCInstallation, allocator: Allocator) void
std.zig.LibCInstallation.CrtBasenames.get	fn get(args: GetArgs) CrtBasenames
std.zig.LibCInstallation.resolveCrtPaths	fn resolveCrtPaths( lci: LibCInstallation, arena: Allocator, crt_basenames: CrtBasenames, target: *const std.Target, ) error{ OutOfMemory, LibCInstallationMissingCrtDir }!CrtPaths
std.zig.WindowsSdk.find	fn find( gpa: Allocator, io: Io, arch: std.Target.Cpu.Arch, environ_map: *const Environ.Map, ) error{ OutOfMemory, NotFound, PathTooLong }!WindowsSdk
std.zig.WindowsSdk.free	fn free(sdk: WindowsSdk, gpa: Allocator) void
std.zig.LibCDirs.detect	fn detect( arena: Allocator, io: Io, zig_lib_dir: []const u8, target: *const std.Target, is_native_abi: bool, link_libc: bool, libc_installation: ?*const LibCInstallation, environ_map: *const std.process.Environ.Map, ) LibCInstallation.FindError!LibCDirs
std.zig.LibCDirs.detectFromBuilding	fn detectFromBuilding( arena: Allocator, zig_lib_dir: []const u8, target: *const std.Target, ) !LibCDirs
std.zig.target.canBuildLibC	fn canBuildLibC(target: *const std.Target) bool
std.zig.target.glibcRuntimeTriple	fn glibcRuntimeTriple( allocator: Allocator, arch: std.Target.Cpu.Arch, os: std.Target.Os.Tag, abi: std.Target.Abi, ) Allocator.Error![]const u8
std.zig.target.muslRuntimeTriple	fn muslRuntimeTriple( allocator: Allocator, arch: std.Target.Cpu.Arch, abi: std.Target.Abi, ) Allocator.Error![]const u8
std.zig.target.osArchName	fn osArchName(target: *const std.Target) [:0]const u8
std.zig.target.muslArchName	fn muslArchName(arch: std.Target.Cpu.Arch, abi: std.Target.Abi) [:0]const u8
std.zig.target.muslArchNameHeaders	fn muslArchNameHeaders(arch: std.Target.Cpu.Arch) [:0]const u8
std.zig.target.muslAbiNameHeaders	fn muslAbiNameHeaders(abi: std.Target.Abi) [:0]const u8
std.zig.target.glibcArchNameHeaders	fn glibcArchNameHeaders(arch: std.Target.Cpu.Arch) [:0]const u8
std.zig.target.glibcAbiNameHeaders	fn glibcAbiNameHeaders(abi: std.Target.Abi) [:0]const u8
std.zig.target.freebsdArchNameHeaders	fn freebsdArchNameHeaders(arch: std.Target.Cpu.Arch) [:0]const u8
std.zig.target.netbsdArchNameHeaders	fn netbsdArchNameHeaders(arch: std.Target.Cpu.Arch) [:0]const u8
std.zig.target.netbsdAbiNameHeaders	fn netbsdAbiNameHeaders(abi: std.Target.Abi) [:0]const u8
std.zig.target.openbsdArchNameHeaders	fn openbsdArchNameHeaders(arch: std.Target.Cpu.Arch) [:0]const u8
std.zig.target.isLibCLibName	fn isLibCLibName(target: *const std.Target, name: []const u8) bool
std.zig.target.isLibCxxLibName	fn isLibCxxLibName(target: *const std.Target, name: []const u8) bool
std.zig.target.intByteSize	fn intByteSize(target: *const std.Target, bits: u16) u16
std.zig.target.intAlignment	fn intAlignment(target: *const std.Target, bits: u16) u16
std.zig.llvm.BitcodeReader.init	fn init(allocator: std.mem.Allocator, options: InitOptions) BitcodeReader
std.zig.llvm.BitcodeReader.deinit	fn deinit(bc: *BitcodeReader) void
std.zig.llvm.BitcodeReader.checkMagic	fn checkMagic(bc: *BitcodeReader, magic: *const [4]u8) !void
std.zig.llvm.BitcodeReader.next	fn next(bc: *BitcodeReader) !?Item
std.zig.llvm.BitcodeReader.skipBlock	fn skipBlock(bc: *BitcodeReader, block: Block) !void
std.zig.llvm.bitcode_writer.BitcodeWriter	fn BitcodeWriter(comptime types: []const type) type
std.zig.llvm.bitcode_writer.BitcodeWriter().getTypeWidth	fn getTypeWidth(self: BcWriter, comptime Type: type) u16
std.zig.llvm.bitcode_writer.BitcodeWriter().init	fn init(allocator: std.mem.Allocator, widths: [types.len]u16) BcWriter
std.zig.llvm.bitcode_writer.BitcodeWriter().deinit	fn deinit(self: BcWriter) void
std.zig.llvm.bitcode_writer.BitcodeWriter().toOwnedSlice	fn toOwnedSlice(self: *BcWriter) Error![]const u32
std.zig.llvm.bitcode_writer.BitcodeWriter().length	fn length(self: BcWriter) usize
std.zig.llvm.bitcode_writer.BitcodeWriter().writeBits	fn writeBits(self: *BcWriter, value: anytype, bits: u16) Error!void
std.zig.llvm.bitcode_writer.BitcodeWriter().writeVbr	fn writeVbr(self: *BcWriter, value: anytype, comptime vbr_bits: usize) Error!void
std.zig.llvm.bitcode_writer.BitcodeWriter().bitsVbr	fn bitsVbr(value: anytype, comptime vbr_bits: usize) u16
std.zig.llvm.bitcode_writer.BitcodeWriter().write6BitChar	fn write6BitChar(self: *BcWriter, c: u8) Error!void
std.zig.llvm.bitcode_writer.BitcodeWriter().writeBlob	fn writeBlob(self: *BcWriter, blob: []const u8) Error!void
std.zig.llvm.bitcode_writer.BitcodeWriter().alignTo32	fn alignTo32(self: *BcWriter) Error!void
std.zig.llvm.bitcode_writer.BitcodeWriter().enterTopBlock	fn enterTopBlock(self: *BcWriter, comptime SubBlock: type) Error!BlockWriter(SubBlock)
std.zig.llvm.Builder.String.isAnon	fn isAnon(self: String) bool
std.zig.llvm.Builder.String.slice	fn slice(self: String, builder: *const Builder) ?[]const u8
std.zig.llvm.Builder.String.fmt	fn fmt(self: String, builder: *const Builder) std.fmt.Alt(FormatData, format)
std.zig.llvm.Builder.String.fmtQ	fn fmtQ(self: String, builder: *const Builder) std.fmt.Alt(FormatData, format)
std.zig.llvm.Builder.String.fmtRaw	fn fmtRaw(self: String, builder: *const Builder) std.fmt.Alt(FormatData, format)
std.zig.llvm.Builder.Type.tag	fn tag(self: Type, builder: *const Builder) Tag
std.zig.llvm.Builder.Type.unnamedTag	fn unnamedTag(self: Type, builder: *const Builder) Tag
std.zig.llvm.Builder.Type.scalarTag	fn scalarTag(self: Type, builder: *const Builder) Tag
std.zig.llvm.Builder.Type.isFloatingPoint	fn isFloatingPoint(self: Type) bool
std.zig.llvm.Builder.Type.isInteger	fn isInteger(self: Type, builder: *const Builder) bool
std.zig.llvm.Builder.Type.isPointer	fn isPointer(self: Type, builder: *const Builder) bool
std.zig.llvm.Builder.Type.pointerAddrSpace	fn pointerAddrSpace(self: Type, builder: *const Builder) AddrSpace
std.zig.llvm.Builder.Type.isFunction	fn isFunction(self: Type, builder: *const Builder) bool
std.zig.llvm.Builder.Type.functionKind	fn functionKind(self: Type, builder: *const Builder) Type.Function.Kind
std.zig.llvm.Builder.Type.functionParameters	fn functionParameters(self: Type, builder: *const Builder) []const Type
std.zig.llvm.Builder.Type.functionReturn	fn functionReturn(self: Type, builder: *const Builder) Type
std.zig.llvm.Builder.Type.isVector	fn isVector(self: Type, builder: *const Builder) bool
std.zig.llvm.Builder.Type.vectorKind	fn vectorKind(self: Type, builder: *const Builder) Type.Vector.Kind
std.zig.llvm.Builder.Type.isStruct	fn isStruct(self: Type, builder: *const Builder) bool
std.zig.llvm.Builder.Type.structKind	fn structKind(self: Type, builder: *const Builder) Type.Structure.Kind
std.zig.llvm.Builder.Type.isAggregate	fn isAggregate(self: Type, builder: *const Builder) bool
std.zig.llvm.Builder.Type.scalarBits	fn scalarBits(self: Type, builder: *const Builder) u24
std.zig.llvm.Builder.Type.childType	fn childType(self: Type, builder: *const Builder) Type
std.zig.llvm.Builder.Type.scalarType	fn scalarType(self: Type, builder: *const Builder) Type
std.zig.llvm.Builder.Type.changeScalar	fn changeScalar(self: Type, scalar: Type, builder: *Builder) Allocator.Error!Type
std.zig.llvm.Builder.Type.changeScalarAssumeCapacity	fn changeScalarAssumeCapacity(self: Type, scalar: Type, builder: *Builder) Type
std.zig.llvm.Builder.Type.vectorLen	fn vectorLen(self: Type, builder: *const Builder) u32
std.zig.llvm.Builder.Type.changeLength	fn changeLength(self: Type, len: u32, builder: *Builder) Allocator.Error!Type
std.zig.llvm.Builder.Type.changeLengthAssumeCapacity	fn changeLengthAssumeCapacity(self: Type, len: u32, builder: *Builder) Type
std.zig.llvm.Builder.Type.aggregateLen	fn aggregateLen(self: Type, builder: *const Builder) usize
std.zig.llvm.Builder.Type.structFields	fn structFields(self: Type, builder: *const Builder) []const Type
std.zig.llvm.Builder.Type.childTypeAt	fn childTypeAt(self: Type, indices: []const u32, builder: *const Builder) Type
std.zig.llvm.Builder.Type.targetLayoutType	fn targetLayoutType(self: Type, builder: *const Builder) Type
std.zig.llvm.Builder.Type.isSized	fn isSized(self: Type, builder: *const Builder) Allocator.Error!bool
std.zig.llvm.Builder.Type.fmt	fn fmt(self: Type, builder: *const Builder, mode: FormatData.Mode) std.fmt.Alt(FormatData, format)
std.zig.llvm.Builder.Attribute.Index.getKind	fn getKind(self: Index, builder: *const Builder) Kind
std.zig.llvm.Builder.Attribute.Index.toAttribute	fn toAttribute(self: Index, builder: *const Builder) Attribute
std.zig.llvm.Builder.Attribute.Index.fmt	fn fmt(self: Index, builder: *const Builder, flags: FormatData.Flags) std.fmt.Alt(FormatData, format)
std.zig.llvm.Builder.Attribute.Kind.fromString	fn fromString(str: String) Kind
std.zig.llvm.Builder.Attribute.getKind	fn getKind(self: Attribute) Kind
std.zig.llvm.Builder.Attributes.slice	fn slice(self: Attributes, builder: *const Builder) []const Attribute.Index
std.zig.llvm.Builder.Attributes.fmt	fn fmt(self: Attributes, builder: *const Builder, flags: FormatData.Flags) std.fmt.Alt(FormatData, format)
std.zig.llvm.Builder.FunctionAttributes.Wip.deinit	fn deinit(self: *Wip, builder: *const Builder) void
std.zig.llvm.Builder.FunctionAttributes.Wip.addFnAttr	fn addFnAttr(self: *Wip, attribute: Attribute, builder: *Builder) Allocator.Error!void
std.zig.llvm.Builder.FunctionAttributes.Wip.addFnAttrIndex	fn addFnAttrIndex( self: *Wip, attribute_index: Attribute.Index, builder: *const Builder, ) Allocator.Error!void
std.zig.llvm.Builder.FunctionAttributes.Wip.removeFnAttr	fn removeFnAttr(self: *Wip, attribute_kind: Attribute.Kind) Allocator.Error!bool
std.zig.llvm.Builder.FunctionAttributes.Wip.addRetAttr	fn addRetAttr(self: *Wip, attribute: Attribute, builder: *Builder) Allocator.Error!void
std.zig.llvm.Builder.FunctionAttributes.Wip.addRetAttrIndex	fn addRetAttrIndex( self: *Wip, attribute_index: Attribute.Index, builder: *const Builder, ) Allocator.Error!void
std.zig.llvm.Builder.FunctionAttributes.Wip.removeRetAttr	fn removeRetAttr(self: *Wip, attribute_kind: Attribute.Kind) Allocator.Error!bool
std.zig.llvm.Builder.FunctionAttributes.Wip.addParamAttr	fn addParamAttr( self: *Wip, param_index: usize, attribute: Attribute, builder: *Builder, ) Allocator.Error!void
std.zig.llvm.Builder.FunctionAttributes.Wip.addParamAttrIndex	fn addParamAttrIndex( self: *Wip, param_index: usize, attribute_index: Attribute.Index, builder: *const Builder, ) Allocator.Error!void
std.zig.llvm.Builder.FunctionAttributes.Wip.removeParamAttr	fn removeParamAttr( self: *Wip, param_index: usize, attribute_kind: Attribute.Kind, ) Allocator.Error!bool
std.zig.llvm.Builder.FunctionAttributes.Wip.finish	fn finish(self: *const Wip, builder: *Builder) Allocator.Error!FunctionAttributes
std.zig.llvm.Builder.FunctionAttributes.func	fn func(self: FunctionAttributes, builder: *const Builder) Attributes
std.zig.llvm.Builder.FunctionAttributes.ret	fn ret(self: FunctionAttributes, builder: *const Builder) Attributes
std.zig.llvm.Builder.FunctionAttributes.param	fn param(self: FunctionAttributes, param_index: usize, builder: *const Builder) Attributes
std.zig.llvm.Builder.FunctionAttributes.toWip	fn toWip(self: FunctionAttributes, builder: *const Builder) Allocator.Error!Wip
std.zig.llvm.Builder.Linkage.format	fn format(self: Linkage, w: *Writer) Writer.Error!void
std.zig.llvm.Builder.Linkage.fmtOptional	fn fmtOptional(self: ?Linkage) std.fmt.Alt(?Linkage, formatOptional)
std.zig.llvm.Builder.Preemption.format	fn format(self: Preemption, w: *Writer) Writer.Error!void
std.zig.llvm.Builder.Visibility.fromSymbolVisibility	fn fromSymbolVisibility(sv: std.builtin.SymbolVisibility) Visibility
std.zig.llvm.Builder.Visibility.format	fn format(self: Visibility, writer: *Writer) Writer.Error!void
std.zig.llvm.Builder.DllStorageClass.format	fn format(self: DllStorageClass, w: *Writer) Writer.Error!void
std.zig.llvm.Builder.ThreadLocal.format	fn format(tl: ThreadLocal, w: *Writer) Writer.Error!void
std.zig.llvm.Builder.ThreadLocal.Prefixed.format	fn format(p: Prefixed, w: *Writer) Writer.Error!void
std.zig.llvm.Builder.ThreadLocal.fmt	fn fmt(tl: ThreadLocal, prefix: []const u8) Prefixed
std.zig.llvm.Builder.UnnamedAddr.format	fn format(self: UnnamedAddr, w: *Writer) Writer.Error!void
std.zig.llvm.Builder.AddrSpace.format	fn format(addr_space: AddrSpace, w: *Writer) Writer.Error!void
std.zig.llvm.Builder.AddrSpace.Prefixed.format	fn format(p: Prefixed, w: *Writer) Writer.Error!void
std.zig.llvm.Builder.AddrSpace.fmt	fn fmt(addr_space: AddrSpace, prefix: []const u8) Prefixed
std.zig.llvm.Builder.ExternallyInitialized.format	fn format(self: ExternallyInitialized, w: *Writer) Writer.Error!void
std.zig.llvm.Builder.Alignment.Lazy.wrap	fn wrap(a: Alignment) Lazy
std.zig.llvm.Builder.Alignment.Lazy.resolve	fn resolve(l: Lazy, b: *const Builder) Alignment
std.zig.llvm.Builder.Alignment.fromByteUnits	fn fromByteUnits(bytes: u64) Alignment
std.zig.llvm.Builder.Alignment.toByteUnits	fn toByteUnits(self: Alignment) ?u64
std.zig.llvm.Builder.Alignment.toLlvm	fn toLlvm(self: Alignment) u6
std.zig.llvm.Builder.Alignment.Prefixed.format	fn format(p: Prefixed, w: *Writer) Writer.Error!void
std.zig.llvm.Builder.Alignment.fmt	fn fmt(alignment: Alignment, prefix: []const u8) Prefixed
std.zig.llvm.Builder.CallConv.format	fn format(self: CallConv, w: *Writer) Writer.Error!void
std.zig.llvm.Builder.StrtabString.isAnon	fn isAnon(self: StrtabString) bool
std.zig.llvm.Builder.StrtabString.slice	fn slice(self: StrtabString, builder: *const Builder) ?[]const u8
std.zig.llvm.Builder.StrtabString.fmt	fn fmt( self: StrtabString, builder: *const Builder, quote_behavior: ?QuoteBehavior, ) std.fmt.Alt(FormatData, format)
std.zig.llvm.Builder.strtabString	fn strtabString(self: *Builder, bytes: []const u8) Allocator.Error!StrtabString
std.zig.llvm.Builder.strtabStringIfExists	fn strtabStringIfExists(self: *const Builder, bytes: []const u8) ?StrtabString
std.zig.llvm.Builder.strtabStringFmt	fn strtabStringFmt(self: *Builder, comptime fmt_str: []const u8, fmt_args: anytype) Allocator.Error!StrtabString
std.zig.llvm.Builder.strtabStringFmtAssumeCapacity	fn strtabStringFmtAssumeCapacity(self: *Builder, comptime fmt_str: []const u8, fmt_args: anytype) StrtabString
std.zig.llvm.Builder.trailingStrtabString	fn trailingStrtabString(self: *Builder) Allocator.Error!StrtabString
std.zig.llvm.Builder.trailingStrtabStringAssumeCapacity	fn trailingStrtabStringAssumeCapacity(self: *Builder) StrtabString
std.zig.llvm.Builder.Global.Index.unwrap	fn unwrap(orig_index: Index, builder: *const Builder) Index
std.zig.llvm.Builder.Global.Index.eql	fn eql(self: Index, other: Index, builder: *const Builder) bool
std.zig.llvm.Builder.Global.Index.ptr	fn ptr(self: Index, builder: *Builder) *Global
std.zig.llvm.Builder.Global.Index.ptrConst	fn ptrConst(self: Index, builder: *const Builder) *const Global
std.zig.llvm.Builder.Global.Index.name	fn name(self: Index, builder: *const Builder) StrtabString
std.zig.llvm.Builder.Global.Index.strtab	fn strtab(self: Index, builder: *const Builder) struct { offset: u32, size: u32, }
std.zig.llvm.Builder.Global.Index.typeOf	fn typeOf(self: Index, builder: *const Builder) Type
std.zig.llvm.Builder.Global.Index.toConst	fn toConst(global: Index) Constant
std.zig.llvm.Builder.Global.Index.toValue	fn toValue(global: Index) Value
std.zig.llvm.Builder.Global.Index.setLinkage	fn setLinkage(self: Index, linkage: Linkage, builder: *Builder) void
std.zig.llvm.Builder.Global.Index.setVisibility	fn setVisibility(self: Index, visibility: Visibility, builder: *Builder) void
std.zig.llvm.Builder.Global.Index.setDllStorageClass	fn setDllStorageClass(self: Index, class: DllStorageClass, builder: *Builder) void
std.zig.llvm.Builder.Global.Index.setUnnamedAddr	fn setUnnamedAddr(self: Index, unnamed_addr: UnnamedAddr, builder: *Builder) void
std.zig.llvm.Builder.Global.Index.setDebugMetadata	fn setDebugMetadata(self: Index, dbg: Metadata, builder: *Builder) void
std.zig.llvm.Builder.Global.Index.getDebugMetadata	fn getDebugMetadata(self: Index, builder: *const Builder) Metadata.Optional
std.zig.llvm.Builder.Global.Index.fmt	fn fmt(self: Index, builder: *const Builder) std.fmt.Alt(FormatData, format)
std.zig.llvm.Builder.Global.Index.rename	fn rename(self: Index, new_name: StrtabString, builder: *Builder) Allocator.Error!void
std.zig.llvm.Builder.Global.Index.takeName	fn takeName(self: Index, other: Index, builder: *Builder) Allocator.Error!void
std.zig.llvm.Builder.Global.Index.replace	fn replace(self: Index, other: Index, builder: *Builder) Allocator.Error!void
std.zig.llvm.Builder.Global.Index.delete	fn delete(self: Index, builder: *Builder) void
std.zig.llvm.Builder.Global.Index.toNewFunction	fn toNewFunction(global: Index, builder: *Builder) Allocator.Error!Function.Index
std.zig.llvm.Builder.Global.Index.toNewVariable	fn toNewVariable(global: Index, builder: *Builder) Allocator.Error!Variable.Index
std.zig.llvm.Builder.Global.Index.toNewAlias	fn toNewAlias(global: Index, builder: *Builder) Allocator.Error!Alias.Index
std.zig.llvm.Builder.Alias.Index.ptr	fn ptr(self: Index, builder: *Builder) *Alias
std.zig.llvm.Builder.Alias.Index.ptrConst	fn ptrConst(self: Index, builder: *const Builder) *const Alias
std.zig.llvm.Builder.Alias.Index.name	fn name(self: Index, builder: *const Builder) StrtabString
std.zig.llvm.Builder.Alias.Index.rename	fn rename(self: Index, new_name: StrtabString, builder: *Builder) Allocator.Error!void
std.zig.llvm.Builder.Alias.Index.typeOf	fn typeOf(self: Index, builder: *const Builder) Type
std.zig.llvm.Builder.Alias.Index.toConst	fn toConst(self: Index, builder: *const Builder) Constant
std.zig.llvm.Builder.Alias.Index.toValue	fn toValue(self: Index, builder: *const Builder) Value
std.zig.llvm.Builder.Alias.Index.getAliasee	fn getAliasee(self: Index, builder: *const Builder) Global.Index
std.zig.llvm.Builder.Alias.Index.setAliasee	fn setAliasee(self: Index, aliasee: Constant, builder: *Builder) void
std.zig.llvm.Builder.Variable.Index.ptr	fn ptr(self: Index, builder: *Builder) *Variable
std.zig.llvm.Builder.Variable.Index.ptrConst	fn ptrConst(self: Index, builder: *const Builder) *const Variable
std.zig.llvm.Builder.Variable.Index.name	fn name(self: Index, builder: *const Builder) StrtabString
std.zig.llvm.Builder.Variable.Index.rename	fn rename(self: Index, new_name: StrtabString, builder: *Builder) Allocator.Error!void
std.zig.llvm.Builder.Variable.Index.typeOf	fn typeOf(self: Index, builder: *const Builder) Type
std.zig.llvm.Builder.Variable.Index.toConst	fn toConst(self: Index, builder: *const Builder) Constant
std.zig.llvm.Builder.Variable.Index.toValue	fn toValue(self: Index, builder: *const Builder) Value
std.zig.llvm.Builder.Variable.Index.setThreadLocal	fn setThreadLocal(self: Index, thread_local: ThreadLocal, builder: *Builder) void
std.zig.llvm.Builder.Variable.Index.setMutability	fn setMutability(self: Index, mutability: Mutability, builder: *Builder) void
std.zig.llvm.Builder.Variable.Index.setInitializer	fn setInitializer( self: Index, initializer: Constant, builder: *Builder, ) Allocator.Error!void
std.zig.llvm.Builder.Variable.Index.setSection	fn setSection(self: Index, section: String, builder: *Builder) void
std.zig.llvm.Builder.Variable.Index.setAlignment	fn setAlignment(self: Index, alignment: Alignment, builder: *Builder) void
std.zig.llvm.Builder.Variable.Index.getAlignment	fn getAlignment(self: Index, builder: *Builder) Alignment
std.zig.llvm.Builder.Variable.Index.setGlobalVariableExpression	fn setGlobalVariableExpression(self: Index, expression: Metadata, builder: *Builder) void
std.zig.llvm.Builder.Variable.Index.getGlobalVariableExpression	fn getGlobalVariableExpression(self: Index, builder: *Builder) Metadata.Optional
std.zig.llvm.Builder.Function.Index.ptr	fn ptr(self: Index, builder: *Builder) *Function
std.zig.llvm.Builder.Function.Index.ptrConst	fn ptrConst(self: Index, builder: *const Builder) *const Function
std.zig.llvm.Builder.Function.Index.name	fn name(self: Index, builder: *const Builder) StrtabString
std.zig.llvm.Builder.Function.Index.rename	fn rename(self: Index, new_name: StrtabString, builder: *Builder) Allocator.Error!void
std.zig.llvm.Builder.Function.Index.typeOf	fn typeOf(self: Index, builder: *const Builder) Type
std.zig.llvm.Builder.Function.Index.toConst	fn toConst(self: Index, builder: *const Builder) Constant
std.zig.llvm.Builder.Function.Index.toValue	fn toValue(self: Index, builder: *const Builder) Value
std.zig.llvm.Builder.Function.Index.setLinkage	fn setLinkage(self: Index, linkage: Linkage, builder: *Builder) void
std.zig.llvm.Builder.Function.Index.setUnnamedAddr	fn setUnnamedAddr(self: Index, unnamed_addr: UnnamedAddr, builder: *Builder) void
std.zig.llvm.Builder.Function.Index.setCallConv	fn setCallConv(self: Index, call_conv: CallConv, builder: *Builder) void
std.zig.llvm.Builder.Function.Index.setAttributes	fn setAttributes( self: Index, new_function_attributes: FunctionAttributes, builder: *Builder, ) void
std.zig.llvm.Builder.Function.Index.setSection	fn setSection(self: Index, section: String, builder: *Builder) void
std.zig.llvm.Builder.Function.Index.setAlignment	fn setAlignment(self: Index, alignment: Alignment, builder: *Builder) void
std.zig.llvm.Builder.Function.Index.setSubprogram	fn setSubprogram(self: Index, subprogram: Metadata, builder: *Builder) void
std.zig.llvm.Builder.Function.Index.getSubprogram	fn getSubprogram(self: Index, builder: *const Builder) Metadata.Optional
std.zig.llvm.Builder.Function.Instruction.Tag.toBinaryOpcode	fn toBinaryOpcode(self: Tag) BinaryOpcode
std.zig.llvm.Builder.Function.Instruction.Tag.toCastOpcode	fn toCastOpcode(self: Tag) CastOpcode
std.zig.llvm.Builder.Function.Instruction.Tag.toCmpPredicate	fn toCmpPredicate(self: Tag) CmpPredicate
std.zig.llvm.Builder.Function.Instruction.Index.name	fn name(self: Instruction.Index, function: *const Function) String
std.zig.llvm.Builder.Function.Instruction.Index.valueIndex	fn valueIndex(self: Instruction.Index, function: *const Function) u32
std.zig.llvm.Builder.Function.Instruction.Index.toValue	fn toValue(self: Instruction.Index) Value
std.zig.llvm.Builder.Function.Instruction.Index.isTerminatorWip	fn isTerminatorWip(self: Instruction.Index, wip: *const WipFunction) bool
std.zig.llvm.Builder.Function.Instruction.Index.hasResultWip	fn hasResultWip(self: Instruction.Index, wip: *const WipFunction) bool
std.zig.llvm.Builder.Function.Instruction.Index.typeOfWip	fn typeOfWip(self: Instruction.Index, wip: *const WipFunction) Type
std.zig.llvm.Builder.Function.Instruction.Index.typeOf	fn typeOf( self: Instruction.Index, function_index: Function.Index, builder: *Builder, ) Type
std.zig.llvm.Builder.Function.Instruction.Index.fmt	fn fmt( self: Instruction.Index, function: Function.Index, builder: *Builder, flags: FormatFlags, ) std.fmt.Alt(FormatData, format)
std.zig.llvm.Builder.Function.Instruction.BrCond.Weights.fromMetadata	fn fromMetadata(metadata: Metadata) Weights
std.zig.llvm.Builder.Function.Instruction.BrCond.Weights.toMetadata	fn toMetadata(weights: Weights) Metadata
std.zig.llvm.Builder.Function.deinit	fn deinit(self: *Function, gpa: Allocator) void
std.zig.llvm.Builder.Function.arg	fn arg(self: *const Function, index: u32) Value
std.zig.llvm.Builder.DebugLocation.toMetadata	fn toMetadata(self: DebugLocation, builder: *Builder) Allocator.Error!Metadata.Optional
std.zig.llvm.Builder.WipFunction.init	fn init(builder: *Builder, options: struct { function: Function.Index, strip: bool, }) Allocator.Error!WipFunction
std.zig.llvm.Builder.WipFunction.arg	fn arg(self: *const WipFunction, index: u32) Value
std.zig.llvm.Builder.WipFunction.block	fn block(self: *WipFunction, incoming: u32, name: []const u8) Allocator.Error!Block.Index
std.zig.llvm.Builder.WipFunction.ret	fn ret(self: *WipFunction, val: Value) Allocator.Error!Instruction.Index
std.zig.llvm.Builder.WipFunction.retVoid	fn retVoid(self: *WipFunction) Allocator.Error!Instruction.Index
std.zig.llvm.Builder.WipFunction.br	fn br(self: *WipFunction, dest: Block.Index) Allocator.Error!Instruction.Index
std.zig.llvm.Builder.WipFunction.brCond	fn brCond( self: *WipFunction, cond: Value, then: Block.Index, @"else": Block.Index, weights: enum { none, unpredictable, then_likely, else_likely }, ) Allocator.Error!Instruction.Index
std.zig.llvm.Builder.WipFunction.WipSwitch.addCase	fn addCase( self: *WipSwitch, val: Constant, dest: Block.Index, wip: *WipFunction, ) Allocator.Error!void
std.zig.llvm.Builder.WipFunction.WipSwitch.finish	fn finish(self: WipSwitch, wip: *WipFunction) void
std.zig.llvm.Builder.WipFunction.@"switch"	fn @"switch"( self: *WipFunction, val: Value, default: Block.Index, cases_len: u32, weights: Instruction.BrCond.Weights, ) Allocator.Error!WipSwitch
std.zig.llvm.Builder.WipFunction.indirectbr	fn indirectbr( self: *WipFunction, addr: Value, targets: []const Block.Index, ) Allocator.Error!Instruction.Index
std.zig.llvm.Builder.WipFunction.@"unreachable"	fn @"unreachable"(self: *WipFunction) Allocator.Error!Instruction.Index
std.zig.llvm.Builder.WipFunction.un	fn un( self: *WipFunction, tag: Instruction.Tag, val: Value, name: []const u8, ) Allocator.Error!Value
std.zig.llvm.Builder.WipFunction.not	fn not(self: *WipFunction, val: Value, name: []const u8) Allocator.Error!Value
std.zig.llvm.Builder.WipFunction.neg	fn neg(self: *WipFunction, val: Value, name: []const u8) Allocator.Error!Value
std.zig.llvm.Builder.WipFunction.bin	fn bin( self: *WipFunction, tag: Instruction.Tag, lhs: Value, rhs: Value, name: []const u8, ) Allocator.Error!Value
std.zig.llvm.Builder.WipFunction.extractElement	fn extractElement( self: *WipFunction, val: Value, index: Value, name: []const u8, ) Allocator.Error!Value
std.zig.llvm.Builder.WipFunction.insertElement	fn insertElement( self: *WipFunction, val: Value, elem: Value, index: Value, name: []const u8, ) Allocator.Error!Value
std.zig.llvm.Builder.WipFunction.shuffleVector	fn shuffleVector( self: *WipFunction, lhs: Value, rhs: Value, mask: Value, name: []const u8, ) Allocator.Error!Value
std.zig.llvm.Builder.WipFunction.splatVector	fn splatVector( self: *WipFunction, ty: Type, elem: Value, name: []const u8, ) Allocator.Error!Value
std.zig.llvm.Builder.WipFunction.extractValue	fn extractValue( self: *WipFunction, val: Value, indices: []const u32, name: []const u8, ) Allocator.Error!Value
std.zig.llvm.Builder.WipFunction.insertValue	fn insertValue( self: *WipFunction, val: Value, elem: Value, indices: []const u32, name: []const u8, ) Allocator.Error!Value
std.zig.llvm.Builder.WipFunction.buildAggregate	fn buildAggregate( self: *WipFunction, ty: Type, elems: []const Value, name: []const u8, ) Allocator.Error!Value
std.zig.llvm.Builder.WipFunction.alloca	fn alloca( self: *WipFunction, kind: Instruction.Alloca.Kind, ty: Type, len: Value, alignment: Alignment, addr_space: AddrSpace, name: []const u8, ) Allocator.Error!Value
std.zig.llvm.Builder.WipFunction.load	fn load( self: *WipFunction, access_kind: MemoryAccessKind, ty: Type, ptr: Value, alignment: Alignment, name: []const u8, ) Allocator.Error!Value
std.zig.llvm.Builder.WipFunction.loadAtomic	fn loadAtomic( self: *WipFunction, access_kind: MemoryAccessKind, ty: Type, ptr: Value, sync_scope: SyncScope, ordering: AtomicOrdering, alignment: Alignment, name: []const u8, ) Allocator.Error!Value
std.zig.llvm.Builder.WipFunction.store	fn store( self: *WipFunction, kind: MemoryAccessKind, val: Value, ptr: Value, alignment: Alignment, ) Allocator.Error!Instruction.Index
std.zig.llvm.Builder.WipFunction.storeAtomic	fn storeAtomic( self: *WipFunction, access_kind: MemoryAccessKind, val: Value, ptr: Value, sync_scope: SyncScope, ordering: AtomicOrdering, alignment: Alignment, ) Allocator.Error!Instruction.Index
std.zig.llvm.Builder.WipFunction.fence	fn fence( self: *WipFunction, sync_scope: SyncScope, ordering: AtomicOrdering, ) Allocator.Error!Instruction.Index
std.zig.llvm.Builder.WipFunction.cmpxchg	fn cmpxchg( self: *WipFunction, kind: Instruction.CmpXchg.Kind, access_kind: MemoryAccessKind, ptr: Value, cmp: Value, new: Value, sync_scope: SyncScope, success_ordering: AtomicOrdering, failure_ordering: AtomicOrdering, alignment: Alignment, name: []const u8, ) Allocator.Error!Value
std.zig.llvm.Builder.WipFunction.atomicrmw	fn atomicrmw( self: *WipFunction, access_kind: MemoryAccessKind, operation: Instruction.AtomicRmw.Operation, ptr: Value, val: Value, sync_scope: SyncScope, ordering: AtomicOrdering, alignment: Alignment, name: []const u8, ) Allocator.Error!Value
std.zig.llvm.Builder.WipFunction.gep	fn gep( self: *WipFunction, kind: Instruction.GetElementPtr.Kind, ty: Type, base: Value, indices: []const Value, name: []const u8, ) Allocator.Error!Value
std.zig.llvm.Builder.WipFunction.gepStruct	fn gepStruct( self: *WipFunction, ty: Type, base: Value, index: usize, name: []const u8, ) Allocator.Error!Value
std.zig.llvm.Builder.WipFunction.conv	fn conv( self: *WipFunction, signedness: Instruction.Cast.Signedness, val: Value, ty: Type, name: []const u8, ) Allocator.Error!Value
std.zig.llvm.Builder.WipFunction.cast	fn cast( self: *WipFunction, tag: Instruction.Tag, val: Value, ty: Type, name: []const u8, ) Allocator.Error!Value
std.zig.llvm.Builder.WipFunction.icmp	fn icmp( self: *WipFunction, cond: IntegerCondition, lhs: Value, rhs: Value, name: []const u8, ) Allocator.Error!Value
std.zig.llvm.Builder.WipFunction.fcmp	fn fcmp( self: *WipFunction, fast: FastMathKind, cond: FloatCondition, lhs: Value, rhs: Value, name: []const u8, ) Allocator.Error!Value
std.zig.llvm.Builder.WipFunction.WipPhi.toValue	fn toValue(self: WipPhi) Value
std.zig.llvm.Builder.WipFunction.WipPhi.finish	fn finish( self: WipPhi, vals: []const Value, blocks: []const Block.Index, wip: *WipFunction, ) void
std.zig.llvm.Builder.WipFunction.phi	fn phi(self: *WipFunction, ty: Type, name: []const u8) Allocator.Error!WipPhi
std.zig.llvm.Builder.WipFunction.phiFast	fn phiFast(self: *WipFunction, ty: Type, name: []const u8) Allocator.Error!WipPhi
std.zig.llvm.Builder.WipFunction.select	fn select( self: *WipFunction, fast: FastMathKind, cond: Value, lhs: Value, rhs: Value, name: []const u8, ) Allocator.Error!Value
std.zig.llvm.Builder.WipFunction.call	fn call( self: *WipFunction, kind: Instruction.Call.Kind, call_conv: CallConv, function_attributes: FunctionAttributes, ty: Type, callee: Value, args: []const Value, name: []const u8, ) Allocator.Error!Value
std.zig.llvm.Builder.WipFunction.callAsm	fn callAsm( self: *WipFunction, function_attributes: FunctionAttributes, ty: Type, kind: Constant.Assembly.Info, assembly: String, constraints: String, args: []const Value, name: []const u8, ) Allocator.Error!Value
std.zig.llvm.Builder.WipFunction.callIntrinsic	fn callIntrinsic( self: *WipFunction, fast: FastMathKind, function_attributes: FunctionAttributes, id: Intrinsic, overload: []const Type, args: []const Value, name: []const u8, ) Allocator.Error!Value
std.zig.llvm.Builder.WipFunction.callIntrinsicAssumeCold	fn callIntrinsicAssumeCold(self: *WipFunction) Allocator.Error!Value
std.zig.llvm.Builder.WipFunction.callMemCpy	fn callMemCpy( self: *WipFunction, dst: Value, dst_align: Alignment, src: Value, src_align: Alignment, len: Value, kind: MemoryAccessKind, @"inline": bool, ) Allocator.Error!Instruction.Index
std.zig.llvm.Builder.WipFunction.callMemMove	fn callMemMove( self: *WipFunction, dst: Value, dst_align: Alignment, src: Value, src_align: Alignment, len: Value, kind: MemoryAccessKind, ) Allocator.Error!Instruction.Index
std.zig.llvm.Builder.WipFunction.callMemSet	fn callMemSet( self: *WipFunction, dst: Value, dst_align: Alignment, val: Value, len: Value, kind: MemoryAccessKind, @"inline": bool, ) Allocator.Error!Instruction.Index
std.zig.llvm.Builder.WipFunction.vaArg	fn vaArg(self: *WipFunction, list: Value, ty: Type, name: []const u8) Allocator.Error!Value
std.zig.llvm.Builder.WipFunction.debugValue	fn debugValue(self: *WipFunction, value: Value) Allocator.Error!Metadata.Optional
std.zig.llvm.Builder.WipFunction.finish	fn finish(self: *WipFunction) Allocator.Error!void
std.zig.llvm.Builder.WipFunction.deinit	fn deinit(self: *WipFunction) void
std.zig.llvm.Builder.MemoryAccessKind.format	fn format(memory_access_kind: MemoryAccessKind, w: *Writer) Writer.Error!void
std.zig.llvm.Builder.MemoryAccessKind.Prefixed.format	fn format(p: Prefixed, w: *Writer) Writer.Error!void
std.zig.llvm.Builder.MemoryAccessKind.fmt	fn fmt(memory_access_kind: MemoryAccessKind, prefix: []const u8) Prefixed
std.zig.llvm.Builder.SyncScope.format	fn format(sync_scope: SyncScope, w: *Writer) Writer.Error!void
std.zig.llvm.Builder.SyncScope.Prefixed.format	fn format(p: Prefixed, w: *Writer) Writer.Error!void
std.zig.llvm.Builder.SyncScope.fmt	fn fmt(sync_scope: SyncScope, prefix: []const u8) Prefixed
std.zig.llvm.Builder.AtomicOrdering.format	fn format(atomic_ordering: AtomicOrdering, w: *Writer) Writer.Error!void
std.zig.llvm.Builder.AtomicOrdering.Prefixed.format	fn format(p: Prefixed, w: *Writer) Writer.Error!void
std.zig.llvm.Builder.AtomicOrdering.fmt	fn fmt(atomic_ordering: AtomicOrdering, prefix: []const u8) Prefixed
std.zig.llvm.Builder.FastMathKind.toCallKind	fn toCallKind(self: FastMathKind) Function.Instruction.Call.Kind
std.zig.llvm.Builder.Constant.Tag.toBinaryOpcode	fn toBinaryOpcode(self: Tag) BinaryOpcode
std.zig.llvm.Builder.Constant.Tag.toCastOpcode	fn toCastOpcode(self: Tag) CastOpcode
std.zig.llvm.Builder.Constant.unwrap	fn unwrap(self: Constant) union(enum) { constant: u30, global: Global.Index, }
std.zig.llvm.Builder.Constant.toValue	fn toValue(self: Constant) Value
std.zig.llvm.Builder.Constant.typeOf	fn typeOf(self: Constant, builder: *Builder) Type
std.zig.llvm.Builder.Constant.isZeroInit	fn isZeroInit(self: Constant, builder: *const Builder) bool
std.zig.llvm.Builder.Constant.getBase	fn getBase(self: Constant, builder: *const Builder) Global.Index
std.zig.llvm.Builder.Constant.fmt	fn fmt(self: Constant, builder: *Builder, flags: FormatFlags) std.fmt.Alt(FormatData, format)
std.zig.llvm.Builder.Value.unwrap	fn unwrap(self: Value) union(enum) { instruction: Function.Instruction.Index, constant: Constant, metadata: Metadata, }
std.zig.llvm.Builder.Value.typeOfWip	fn typeOfWip(self: Value, wip: *const WipFunction) Type
std.zig.llvm.Builder.Value.typeOf	fn typeOf(self: Value, function: Function.Index, builder: *Builder) Type
std.zig.llvm.Builder.Value.toConst	fn toConst(self: Value) ?Constant
std.zig.llvm.Builder.Value.fmt	fn fmt(self: Value, function: Function.Index, builder: *Builder, flags: FormatFlags) std.fmt.Alt(FormatData, format)
std.zig.llvm.Builder.Metadata.Optional.wrap	fn wrap(metadata: ?Metadata) Metadata.Optional
std.zig.llvm.Builder.Metadata.Optional.unwrap	fn unwrap(metadata: Metadata.Optional) ?Metadata
std.zig.llvm.Builder.Metadata.Optional.toValue	fn toValue(metadata: Metadata.Optional) Value
std.zig.llvm.Builder.Metadata.Optional.toString	fn toString(metadata: Metadata.Optional) Metadata.String.Optional
std.zig.llvm.Builder.Metadata.toOptional	fn toOptional(metadata: Metadata) Metadata.Optional
std.zig.llvm.Builder.Metadata.toValue	fn toValue(metadata: Metadata) Value
std.zig.llvm.Builder.Metadata.String.Optional.wrap	fn wrap(metadata: ?Metadata.String) Metadata.String.Optional
std.zig.llvm.Builder.Metadata.String.Optional.unwrap	fn unwrap(metadata: Metadata.String.Optional) ?Metadata.String
std.zig.llvm.Builder.Metadata.String.Optional.toMetadata	fn toMetadata(metadata: Metadata.String.Optional) Metadata.Optional
std.zig.llvm.Builder.Metadata.String.toOptional	fn toOptional(metadata: Metadata.String) Metadata.String.Optional
std.zig.llvm.Builder.Metadata.String.toMetadata	fn toMetadata(metadata: Metadata.String) Metadata
std.zig.llvm.Builder.Metadata.String.slice	fn slice(metadata: Metadata.String, builder: *const Builder) []const u8
std.zig.llvm.Builder.Metadata.toString	fn toString(metadata: Metadata) Metadata.String
std.zig.llvm.Builder.Metadata.Tag.isInline	fn isInline(metadata_tag: Metadata.Tag) bool
std.zig.llvm.Builder.Metadata.tag	fn tag(metadata: Metadata, builder: *const Builder) Tag
std.zig.llvm.Builder.Metadata.item	fn item(metadata: Metadata, builder: *const Builder) Item
std.zig.llvm.Builder.Metadata.isInline	fn isInline(metadata: Metadata, builder: *const Builder) bool
std.zig.llvm.Builder.Metadata.unwrap	fn unwrap(metadata: Metadata, builder: *const Builder) Metadata
std.zig.llvm.Builder.Metadata.DIFlags.format	fn format(self: DIFlags, w: *Writer) Writer.Error!void
std.zig.llvm.Builder.Metadata.Subprogram.DISPFlags.format	fn format(self: DISPFlags, w: *Writer) Writer.Error!void
std.zig.llvm.Builder.Metadata.getSubprogram	fn getSubprogram(metadata: Metadata, builder: *const Builder) Subprogram
std.zig.llvm.Builder.Metadata.BasicType.bitSize	fn bitSize(self: BasicType) u64
std.zig.llvm.Builder.Metadata.CompositeType.bitSize	fn bitSize(self: CompositeType) u64
std.zig.llvm.Builder.Metadata.CompositeType.bitAlign	fn bitAlign(self: CompositeType) u64
std.zig.llvm.Builder.Metadata.DerivedType.bitSize	fn bitSize(self: DerivedType) u64
std.zig.llvm.Builder.Metadata.DerivedType.bitAlign	fn bitAlign(self: DerivedType) u64
std.zig.llvm.Builder.Metadata.DerivedType.bitOffset	fn bitOffset(self: DerivedType) u64
std.zig.llvm.Builder.init	fn init(options: Options) Allocator.Error!Builder
std.zig.llvm.Builder.clearAndFree	fn clearAndFree(self: *Builder) void
std.zig.llvm.Builder.deinit	fn deinit(self: *Builder) void
std.zig.llvm.Builder.finishModuleAsm	fn finishModuleAsm(self: *Builder, aw: *Writer.Allocating) Allocator.Error!void
std.zig.llvm.Builder.string	fn string(self: *Builder, bytes: []const u8) Allocator.Error!String
std.zig.llvm.Builder.stringNull	fn stringNull(self: *Builder, bytes: [:0]const u8) Allocator.Error!String
std.zig.llvm.Builder.stringIfExists	fn stringIfExists(self: *const Builder, bytes: []const u8) ?String
std.zig.llvm.Builder.fmt	fn fmt(self: *Builder, comptime fmt_str: []const u8, fmt_args: anytype) Allocator.Error!String
std.zig.llvm.Builder.fmtAssumeCapacity	fn fmtAssumeCapacity(self: *Builder, comptime fmt_str: []const u8, fmt_args: anytype) String
std.zig.llvm.Builder.trailingString	fn trailingString(self: *Builder) Allocator.Error!String
std.zig.llvm.Builder.trailingStringAssumeCapacity	fn trailingStringAssumeCapacity(self: *Builder) String
std.zig.llvm.Builder.fnType	fn fnType( self: *Builder, ret: Type, params: []const Type, kind: Type.Function.Kind, ) Allocator.Error!Type
std.zig.llvm.Builder.intType	fn intType(self: *Builder, bits: u24) Allocator.Error!Type
std.zig.llvm.Builder.ptrType	fn ptrType(self: *Builder, addr_space: AddrSpace) Allocator.Error!Type
std.zig.llvm.Builder.vectorType	fn vectorType( self: *Builder, kind: Type.Vector.Kind, len: u32, child: Type, ) Allocator.Error!Type
std.zig.llvm.Builder.arrayType	fn arrayType(self: *Builder, len: u64, child: Type) Allocator.Error!Type
std.zig.llvm.Builder.structType	fn structType( self: *Builder, kind: Type.Structure.Kind, fields: []const Type, ) Allocator.Error!Type
std.zig.llvm.Builder.opaqueType	fn opaqueType(self: *Builder, name: String) Allocator.Error!Type
std.zig.llvm.Builder.namedTypeSetBody	fn namedTypeSetBody( self: *Builder, named_type: Type, body_type: Type, ) void
std.zig.llvm.Builder.attr	fn attr(self: *Builder, attribute: Attribute) Allocator.Error!Attribute.Index
std.zig.llvm.Builder.attrs	fn attrs(self: *Builder, attributes: []Attribute.Index) Allocator.Error!Attributes
std.zig.llvm.Builder.fnAttrs	fn fnAttrs(self: *Builder, fn_attributes: []const Attributes) Allocator.Error!FunctionAttributes
std.zig.llvm.Builder.addGlobal	fn addGlobal(self: *Builder, name: StrtabString, global: Global) Allocator.Error!Global.Index
std.zig.llvm.Builder.addGlobalAssumeCapacity	fn addGlobalAssumeCapacity(self: *Builder, name: StrtabString, global: Global) Global.Index
std.zig.llvm.Builder.getGlobal	fn getGlobal(self: *const Builder, name: StrtabString) ?Global.Index
std.zig.llvm.Builder.addAlias	fn addAlias( self: *Builder, name: StrtabString, ty: Type, addr_space: AddrSpace, aliasee: Constant, ) Allocator.Error!Alias.Index
std.zig.llvm.Builder.addAliasAssumeCapacity	fn addAliasAssumeCapacity( self: *Builder, name: StrtabString, ty: Type, addr_space: AddrSpace, aliasee: Constant, ) Alias.Index
std.zig.llvm.Builder.addVariable	fn addVariable( self: *Builder, name: StrtabString, ty: Type, addr_space: AddrSpace, ) Allocator.Error!Variable.Index
std.zig.llvm.Builder.addVariableAssumeCapacity	fn addVariableAssumeCapacity( self: *Builder, ty: Type, name: StrtabString, addr_space: AddrSpace, ) Variable.Index
std.zig.llvm.Builder.addFunction	fn addFunction( self: *Builder, ty: Type, name: StrtabString, addr_space: AddrSpace, ) Allocator.Error!Function.Index
std.zig.llvm.Builder.addFunctionAssumeCapacity	fn addFunctionAssumeCapacity( self: *Builder, ty: Type, name: StrtabString, addr_space: AddrSpace, ) Function.Index
std.zig.llvm.Builder.getIntrinsic	fn getIntrinsic( self: *Builder, id: Intrinsic, overload: []const Type, ) Allocator.Error!Function.Index
std.zig.llvm.Builder.intConst	fn intConst(self: *Builder, ty: Type, value: anytype) Allocator.Error!Constant
std.zig.llvm.Builder.intValue	fn intValue(self: *Builder, ty: Type, value: anytype) Allocator.Error!Value
std.zig.llvm.Builder.bigIntConst	fn bigIntConst(self: *Builder, ty: Type, value: std.math.big.int.Const) Allocator.Error!Constant
std.zig.llvm.Builder.bigIntValue	fn bigIntValue(self: *Builder, ty: Type, value: std.math.big.int.Const) Allocator.Error!Value
std.zig.llvm.Builder.fpConst	fn fpConst(self: *Builder, ty: Type, comptime val: comptime_float) Allocator.Error!Constant
std.zig.llvm.Builder.fpValue	fn fpValue(self: *Builder, ty: Type, comptime value: comptime_float) Allocator.Error!Value
std.zig.llvm.Builder.nanConst	fn nanConst(self: *Builder, ty: Type) Allocator.Error!Constant
std.zig.llvm.Builder.nanValue	fn nanValue(self: *Builder, ty: Type) Allocator.Error!Value
std.zig.llvm.Builder.halfConst	fn halfConst(self: *Builder, val: f16) Allocator.Error!Constant
std.zig.llvm.Builder.halfValue	fn halfValue(self: *Builder, value: f16) Allocator.Error!Value
std.zig.llvm.Builder.bfloatConst	fn bfloatConst(self: *Builder, val: f32) Allocator.Error!Constant
std.zig.llvm.Builder.bfloatValue	fn bfloatValue(self: *Builder, value: f32) Allocator.Error!Value
std.zig.llvm.Builder.floatConst	fn floatConst(self: *Builder, val: f32) Allocator.Error!Constant
std.zig.llvm.Builder.floatValue	fn floatValue(self: *Builder, value: f32) Allocator.Error!Value
std.zig.llvm.Builder.doubleConst	fn doubleConst(self: *Builder, val: f64) Allocator.Error!Constant
std.zig.llvm.Builder.doubleValue	fn doubleValue(self: *Builder, value: f64) Allocator.Error!Value
std.zig.llvm.Builder.fp128Const	fn fp128Const(self: *Builder, val: f128) Allocator.Error!Constant
std.zig.llvm.Builder.fp128Value	fn fp128Value(self: *Builder, value: f128) Allocator.Error!Value
std.zig.llvm.Builder.x86_fp80Const	fn x86_fp80Const(self: *Builder, val: f80) Allocator.Error!Constant
std.zig.llvm.Builder.x86_fp80Value	fn x86_fp80Value(self: *Builder, value: f80) Allocator.Error!Value
std.zig.llvm.Builder.ppc_fp128Const	fn ppc_fp128Const(self: *Builder, val: [2]f64) Allocator.Error!Constant
std.zig.llvm.Builder.ppc_fp128Value	fn ppc_fp128Value(self: *Builder, value: [2]f64) Allocator.Error!Value
std.zig.llvm.Builder.nullConst	fn nullConst(self: *Builder, ty: Type) Allocator.Error!Constant
std.zig.llvm.Builder.nullValue	fn nullValue(self: *Builder, ty: Type) Allocator.Error!Value
std.zig.llvm.Builder.noneConst	fn noneConst(self: *Builder, ty: Type) Allocator.Error!Constant
std.zig.llvm.Builder.noneValue	fn noneValue(self: *Builder, ty: Type) Allocator.Error!Value
std.zig.llvm.Builder.structConst	fn structConst(self: *Builder, ty: Type, vals: []const Constant) Allocator.Error!Constant
std.zig.llvm.Builder.structValue	fn structValue(self: *Builder, ty: Type, vals: []const Constant) Allocator.Error!Value
std.zig.llvm.Builder.arrayConst	fn arrayConst(self: *Builder, ty: Type, vals: []const Constant) Allocator.Error!Constant
std.zig.llvm.Builder.arrayValue	fn arrayValue(self: *Builder, ty: Type, vals: []const Constant) Allocator.Error!Value
std.zig.llvm.Builder.stringConst	fn stringConst(self: *Builder, val: String) Allocator.Error!Constant
std.zig.llvm.Builder.stringValue	fn stringValue(self: *Builder, val: String) Allocator.Error!Value
std.zig.llvm.Builder.vectorConst	fn vectorConst(self: *Builder, ty: Type, vals: []const Constant) Allocator.Error!Constant
std.zig.llvm.Builder.vectorValue	fn vectorValue(self: *Builder, ty: Type, vals: []const Constant) Allocator.Error!Value
std.zig.llvm.Builder.splatConst	fn splatConst(self: *Builder, ty: Type, val: Constant) Allocator.Error!Constant
std.zig.llvm.Builder.splatValue	fn splatValue(self: *Builder, ty: Type, val: Constant) Allocator.Error!Value
std.zig.llvm.Builder.zeroInitConst	fn zeroInitConst(self: *Builder, ty: Type) Allocator.Error!Constant
std.zig.llvm.Builder.zeroInitValue	fn zeroInitValue(self: *Builder, ty: Type) Allocator.Error!Value
std.zig.llvm.Builder.undefConst	fn undefConst(self: *Builder, ty: Type) Allocator.Error!Constant
std.zig.llvm.Builder.undefValue	fn undefValue(self: *Builder, ty: Type) Allocator.Error!Value
std.zig.llvm.Builder.poisonConst	fn poisonConst(self: *Builder, ty: Type) Allocator.Error!Constant
std.zig.llvm.Builder.poisonValue	fn poisonValue(self: *Builder, ty: Type) Allocator.Error!Value
std.zig.llvm.Builder.blockAddrConst	fn blockAddrConst( self: *Builder, function: Function.Index, block: Function.Block.Index, ) Allocator.Error!Constant
std.zig.llvm.Builder.blockAddrValue	fn blockAddrValue( self: *Builder, function: Function.Index, block: Function.Block.Index, ) Allocator.Error!Value
std.zig.llvm.Builder.dsoLocalEquivalentConst	fn dsoLocalEquivalentConst(self: *Builder, function: Function.Index) Allocator.Error!Constant
std.zig.llvm.Builder.dsoLocalEquivalentValue	fn dsoLocalEquivalentValue(self: *Builder, function: Function.Index) Allocator.Error!Value
std.zig.llvm.Builder.noCfiConst	fn noCfiConst(self: *Builder, function: Function.Index) Allocator.Error!Constant
std.zig.llvm.Builder.noCfiValue	fn noCfiValue(self: *Builder, function: Function.Index) Allocator.Error!Value
std.zig.llvm.Builder.convConst	fn convConst( self: *Builder, val: Constant, ty: Type, ) Allocator.Error!Constant
std.zig.llvm.Builder.convValue	fn convValue( self: *Builder, val: Constant, ty: Type, ) Allocator.Error!Value
std.zig.llvm.Builder.castConst	fn castConst(self: *Builder, tag: Constant.Tag, val: Constant, ty: Type) Allocator.Error!Constant
std.zig.llvm.Builder.castValue	fn castValue(self: *Builder, tag: Constant.Tag, val: Constant, ty: Type) Allocator.Error!Value
std.zig.llvm.Builder.gepConst	fn gepConst( self: *Builder, comptime kind: Constant.GetElementPtr.Kind, ty: Type, base: Constant, inrange: ?u16, indices: []const Constant, ) Allocator.Error!Constant
std.zig.llvm.Builder.gepValue	fn gepValue( self: *Builder, comptime kind: Constant.GetElementPtr.Kind, ty: Type, base: Constant, inrange: ?u16, indices: []const Constant, ) Allocator.Error!Value
std.zig.llvm.Builder.binConst	fn binConst( self: *Builder, tag: Constant.Tag, lhs: Constant, rhs: Constant, ) Allocator.Error!Constant
std.zig.llvm.Builder.binValue	fn binValue(self: *Builder, tag: Constant.Tag, lhs: Constant, rhs: Constant) Allocator.Error!Value
std.zig.llvm.Builder.asmConst	fn asmConst( self: *Builder, ty: Type, info: Constant.Assembly.Info, assembly: String, constraints: String, ) Allocator.Error!Constant
std.zig.llvm.Builder.asmValue	fn asmValue( self: *Builder, ty: Type, info: Constant.Assembly.Info, assembly: String, constraints: String, ) Allocator.Error!Value
std.zig.llvm.Builder.alignmentForwardReference	fn alignmentForwardReference(b: *Builder) Allocator.Error!Alignment.Lazy
std.zig.llvm.Builder.resolveAlignmentForwardReference	fn resolveAlignmentForwardReference(b: *Builder, fwd_ref: Alignment.Lazy, value: Alignment) void
std.zig.llvm.Builder.dump	fn dump(b: *Builder, io: Io) void
std.zig.llvm.Builder.printToFilePath	fn printToFilePath(b: *Builder, io: Io, dir: Io.Dir, path: []const u8) !void
std.zig.llvm.Builder.printToFile	fn printToFile(b: *Builder, io: Io, file: Io.File, buffer: []u8) !void
std.zig.llvm.Builder.print	fn print(self: *Builder, w: *Writer) (Writer.Error || Allocator.Error)!void
std.zig.llvm.Builder.metadataString	fn metadataString(self: *Builder, bytes: []const u8) Allocator.Error!Metadata.String
std.zig.llvm.Builder.metadataStringFromStrtabString	fn metadataStringFromStrtabString( self: *Builder, str: StrtabString, ) Allocator.Error!Metadata.String
std.zig.llvm.Builder.metadataStringFmt	fn metadataStringFmt( self: *Builder, comptime fmt_str: []const u8, fmt_args: anytype, ) Allocator.Error!Metadata.String
std.zig.llvm.Builder.metadataStringFmtAssumeCapacity	fn metadataStringFmtAssumeCapacity( self: *Builder, comptime fmt_str: []const u8, fmt_args: anytype, ) Metadata.String
std.zig.llvm.Builder.trailingMetadataString	fn trailingMetadataString(self: *Builder) Allocator.Error!Metadata.String
std.zig.llvm.Builder.trailingMetadataStringAssumeCapacity	fn trailingMetadataStringAssumeCapacity(self: *Builder) Metadata.String
std.zig.llvm.Builder.addNamedMetadata	fn addNamedMetadata(self: *Builder, name: String, operands: []const Metadata) Allocator.Error!void
std.zig.llvm.Builder.debugFile	fn debugFile( self: *Builder, filename: ?Metadata.String, directory: ?Metadata.String, ) Allocator.Error!Metadata
std.zig.llvm.Builder.debugCompileUnit	fn debugCompileUnit( self: *Builder, file: ?Metadata, producer: ?Metadata.String, enums: ?Metadata, globals: ?Metadata, options: Metadata.CompileUnit.Options, ) Allocator.Error!Metadata
std.zig.llvm.Builder.debugSubprogram	fn debugSubprogram( self: *Builder, file: ?Metadata, name: ?Metadata.String, linkage_name: ?Metadata.String, line: u32, scope_line: u32, ty: ?Metadata, options: Metadata.Subprogram.Options, compile_unit: ?Metadata, ) Allocator.Error!Metadata
std.zig.llvm.Builder.debugLexicalBlock	fn debugLexicalBlock( self: *Builder, scope: ?Metadata, file: ?Metadata, line: u32, column: u32, ) Allocator.Error!Metadata
std.zig.llvm.Builder.debugLocation	fn debugLocation( self: *Builder, line: u32, column: u32, scope: Metadata, inlined_at: ?Metadata, ) Allocator.Error!Metadata
std.zig.llvm.Builder.debugBoolType	fn debugBoolType( self: *Builder, name: ?Metadata.String, size_in_bits: u64, ) Allocator.Error!Metadata
std.zig.llvm.Builder.debugUnsignedType	fn debugUnsignedType( self: *Builder, name: ?Metadata.String, size_in_bits: u64, ) Allocator.Error!Metadata
std.zig.llvm.Builder.debugSignedType	fn debugSignedType( self: *Builder, name: ?Metadata.String, size_in_bits: u64, ) Allocator.Error!Metadata
std.zig.llvm.Builder.debugFloatType	fn debugFloatType( self: *Builder, name: ?Metadata.String, size_in_bits: u64, ) Allocator.Error!Metadata
std.zig.llvm.Builder.debugForwardReference	fn debugForwardReference(self: *Builder) Allocator.Error!Metadata
std.zig.llvm.Builder.debugStructType	fn debugStructType( self: *Builder, name: ?Metadata.String, file: ?Metadata, scope: ?Metadata, line: u32, underlying_type: ?Metadata, size_in_bits: u64, align_in_bits: u64, fields_tuple: ?Metadata, ) Allocator.Error!Metadata
std.zig.llvm.Builder.debugUnionType	fn debugUnionType( self: *Builder, name: ?Metadata.String, file: ?Metadata, scope: ?Metadata, line: u32, underlying_type: ?Metadata, size_in_bits: u64, align_in_bits: u64, fields_tuple: ?Metadata, ) Allocator.Error!Metadata
std.zig.llvm.Builder.debugEnumerationType	fn debugEnumerationType( self: *Builder, name: ?Metadata.String, file: ?Metadata, scope: ?Metadata, line: u32, underlying_type: ?Metadata, size_in_bits: u64, align_in_bits: u64, fields_tuple: ?Metadata, ) Allocator.Error!Metadata
std.zig.llvm.Builder.debugArrayType	fn debugArrayType( self: *Builder, name: ?Metadata.String, file: ?Metadata, scope: ?Metadata, line: u32, underlying_type: ?Metadata, size_in_bits: u64, align_in_bits: u64, fields_tuple: ?Metadata, ) Allocator.Error!Metadata
std.zig.llvm.Builder.debugVectorType	fn debugVectorType( self: *Builder, name: ?Metadata.String, file: ?Metadata, scope: ?Metadata, line: u32, underlying_type: ?Metadata, size_in_bits: u64, align_in_bits: u64, fields_tuple: ?Metadata, ) Allocator.Error!Metadata
std.zig.llvm.Builder.debugPointerType	fn debugPointerType( self: *Builder, name: ?Metadata.String, file: ?Metadata, scope: ?Metadata, line: u32, underlying_type: ?Metadata, size_in_bits: u64, align_in_bits: u64, offset_in_bits: u64, ) Allocator.Error!Metadata
std.zig.llvm.Builder.debugMemberType	fn debugMemberType( self: *Builder, name: ?Metadata.String, file: ?Metadata, scope: ?Metadata, line: u32, underlying_type: ?Metadata, size_in_bits: u64, align_in_bits: u64, offset_in_bits: u64, ) Allocator.Error!Metadata
std.zig.llvm.Builder.debugTypedefType	fn debugTypedefType( self: *Builder, name: ?Metadata.String, file: ?Metadata, scope: ?Metadata, line: u32, underlying_type: ?Metadata, size_in_bits: u64, align_in_bits: u64, offset_in_bits: u64, ) Allocator.Error!Metadata
std.zig.llvm.Builder.debugSubroutineType	fn debugSubroutineType(self: *Builder, types_tuple: ?Metadata) Allocator.Error!Metadata
std.zig.llvm.Builder.debugEnumerator	fn debugEnumerator( self: *Builder, name: ?Metadata.String, unsigned: bool, bit_width: u32, value: std.math.big.int.Const, ) Allocator.Error!Metadata
std.zig.llvm.Builder.debugSubrange	fn debugSubrange( self: *Builder, lower_bound: ?Metadata, count: ?Metadata, ) Allocator.Error!Metadata
std.zig.llvm.Builder.debugExpression	fn debugExpression(self: *Builder, elements: []const u32) Allocator.Error!Metadata
std.zig.llvm.Builder.metadataTuple	fn metadataTuple(self: *Builder, elements: []const Metadata) Allocator.Error!Metadata
std.zig.llvm.Builder.metadataTupleOptionals	fn metadataTupleOptionals( self: *Builder, elements: []const Metadata.Optional, ) Allocator.Error!Metadata
std.zig.llvm.Builder.debugLocalVar	fn debugLocalVar( self: *Builder, name: ?Metadata.String, file: ?Metadata, scope: ?Metadata, line: u32, ty: ?Metadata, ) Allocator.Error!Metadata
std.zig.llvm.Builder.debugParameter	fn debugParameter( self: *Builder, name: ?Metadata.String, file: ?Metadata, scope: ?Metadata, line: u32, ty: ?Metadata, arg_no: u32, ) Allocator.Error!Metadata
std.zig.llvm.Builder.debugGlobalVar	fn debugGlobalVar( self: *Builder, name: ?Metadata.String, linkage_name: ?Metadata.String, file: ?Metadata, scope: ?Metadata, line: u32, ty: ?Metadata, variable: Variable.Index, options: Metadata.GlobalVar.Options, ) Allocator.Error!Metadata
std.zig.llvm.Builder.debugGlobalVarExpression	fn debugGlobalVarExpression( self: *Builder, variable: ?Metadata, expression: ?Metadata, ) Allocator.Error!Metadata
std.zig.llvm.Builder.metadataConstant	fn metadataConstant(self: *Builder, value: Constant) Allocator.Error!Metadata
std.zig.llvm.Builder.resolveDebugForwardReference	fn resolveDebugForwardReference(self: *Builder, fwd_ref: Metadata, value: Metadata) void
std.zig.llvm.Builder.debugCompileUnitAssumeCapacity	fn debugCompileUnitAssumeCapacity( self: *Builder, file: ?Metadata, producer: ?Metadata.String, enums: ?Metadata, globals: ?Metadata, options: Metadata.CompileUnit.Options, ) Metadata
std.zig.llvm.Builder.toBitcode	fn toBitcode(self: *Builder, allocator: Allocator, producer: Producer) bitcode_writer.Error![]const u32
std.zig.c_translation.builtins.abs	fn abs(val: c_int) c_int
std.zig.c_translation.builtins.assume	fn assume(cond: bool) void
std.zig.c_translation.builtins.bswap16	fn bswap16(val: u16) u16
std.zig.c_translation.builtins.bswap32	fn bswap32(val: u32) u32
std.zig.c_translation.builtins.bswap64	fn bswap64(val: u64) u64
std.zig.c_translation.builtins.ceilf	fn ceilf(val: f32) f32
std.zig.c_translation.builtins.ceil	fn ceil(val: f64) f64
std.zig.c_translation.builtins.clz	fn clz(val: c_uint) c_int
std.zig.c_translation.builtins.constant_p	fn constant_p(expr: anytype) c_int
std.zig.c_translation.builtins.cosf	fn cosf(val: f32) f32
std.zig.c_translation.builtins.cos	fn cos(val: f64) f64
std.zig.c_translation.builtins.ctz	fn ctz(val: c_uint) c_int
std.zig.c_translation.builtins.exp2f	fn exp2f(val: f32) f32
std.zig.c_translation.builtins.exp2	fn exp2(val: f64) f64
std.zig.c_translation.builtins.expf	fn expf(val: f32) f32
std.zig.c_translation.builtins.exp	fn exp(val: f64) f64
std.zig.c_translation.builtins.expect	fn expect(expr: c_long, c: c_long) c_long
std.zig.c_translation.builtins.fabsf	fn fabsf(val: f32) f32
std.zig.c_translation.builtins.fabs	fn fabs(val: f64) f64
std.zig.c_translation.builtins.floorf	fn floorf(val: f32) f32
std.zig.c_translation.builtins.floor	fn floor(val: f64) f64
std.zig.c_translation.builtins.has_builtin	fn has_builtin(func: anytype) c_int
std.zig.c_translation.builtins.huge_valf	fn huge_valf() f32
std.zig.c_translation.builtins.inff	fn inff() f32
std.zig.c_translation.builtins.isinf_sign	fn isinf_sign(x: anytype) c_int
std.zig.c_translation.builtins.isinf	fn isinf(x: anytype) c_int
std.zig.c_translation.builtins.isnan	fn isnan(x: anytype) c_int
std.zig.c_translation.builtins.labs	fn labs(val: c_long) c_long
std.zig.c_translation.builtins.llabs	fn llabs(val: c_longlong) c_longlong
std.zig.c_translation.builtins.log10f	fn log10f(val: f32) f32
std.zig.c_translation.builtins.log10	fn log10(val: f64) f64
std.zig.c_translation.builtins.log2f	fn log2f(val: f32) f32
std.zig.c_translation.builtins.log2	fn log2(val: f64) f64
std.zig.c_translation.builtins.logf	fn logf(val: f32) f32
std.zig.c_translation.builtins.log	fn log(val: f64) f64
std.zig.c_translation.builtins.memcpy_chk	fn memcpy_chk( noalias dst: ?*anyopaque, noalias src: ?*const anyopaque, len: usize, remaining: usize, ) ?*anyopaque
std.zig.c_translation.builtins.memcpy	fn memcpy( noalias dst: ?*anyopaque, noalias src: ?*const anyopaque, len: usize, ) ?*anyopaque
std.zig.c_translation.builtins.memset_chk	fn memset_chk( dst: ?*anyopaque, val: c_int, len: usize, remaining: usize, ) ?*anyopaque
std.zig.c_translation.builtins.memset	fn memset(dst: ?*anyopaque, val: c_int, len: usize) ?*anyopaque
std.zig.c_translation.builtins.mul_overflow	fn mul_overflow(a: anytype, b: anytype, result: *@TypeOf(a, b)) c_int
std.zig.c_translation.builtins.nanf	fn nanf(tagp: []const u8) f32
std.zig.c_translation.builtins.object_size	fn object_size(ptr: ?*const anyopaque, ty: c_int) usize
std.zig.c_translation.builtins.popcount	fn popcount(val: c_uint) c_int
std.zig.c_translation.builtins.roundf	fn roundf(val: f32) f32
std.zig.c_translation.builtins.round	fn round(val: f64) f64
std.zig.c_translation.builtins.signbitf	fn signbitf(val: f32) c_int
std.zig.c_translation.builtins.signbit	fn signbit(val: f64) c_int
std.zig.c_translation.builtins.sinf	fn sinf(val: f32) f32
std.zig.c_translation.builtins.sin	fn sin(val: f64) f64
std.zig.c_translation.builtins.sqrtf	fn sqrtf(val: f32) f32
std.zig.c_translation.builtins.sqrt	fn sqrt(val: f64) f64
std.zig.c_translation.builtins.strcmp	fn strcmp(s1: [*c]const u8, s2: [*c]const u8) c_int
std.zig.c_translation.builtins.strlen	fn strlen(s: [*c]const u8) usize
std.zig.c_translation.builtins.truncf	fn truncf(val: f32) f32
std.zig.c_translation.builtins.trunc	fn trunc(val: f64) f64
std.zig.c_translation.builtins.@"unreachable"	fn @"unreachable"() noreturn
std.zig.c_translation.helpers.ArithmeticConversion	fn ArithmeticConversion(comptime A: type, comptime B: type) type
std.zig.c_translation.helpers.FlexibleArrayType	fn FlexibleArrayType(comptime SelfType: type, comptime ElementType: type) type
std.zig.c_translation.helpers.promoteIntLiteral	fn promoteIntLiteral( comptime SuffixType: type, comptime number: comptime_int, comptime base: CIntLiteralBase, ) PromoteIntLiteralReturnType(SuffixType, number, base)
std.zig.c_translation.helpers.shuffleVectorIndex	fn shuffleVectorIndex(comptime this_index: c_int, comptime source_vector_len: usize) i32
std.zig.c_translation.helpers.signedRemainder	fn signedRemainder(numerator: anytype, denominator: anytype) @TypeOf(numerator, denominator)
std.zig.c_translation.helpers.cast	fn cast(comptime DestType: type, target: anytype) DestType
std.zig.c_translation.helpers.sizeof	fn sizeof(target: anytype) usize
std.zig.c_translation.helpers.div	fn div(a: anytype, b: anytype) ArithmeticConversion(@TypeOf(a), @TypeOf(b))
std.zig.c_translation.helpers.rem	fn rem(a: anytype, b: anytype) ArithmeticConversion(@TypeOf(a), @TypeOf(b))
std.zig.c_translation.helpers.CAST_OR_CALL	fn CAST_OR_CALL(a: anytype, b: anytype) switch (@typeInfo(@TypeOf(a))) { .type => a, .@"fn" => |fn_info| fn_info.return_type orelse void, else => |info| @compileError("Unexpected argument type: " ++ @tagName(info)), }
std.zig.c_translation.helpers.DISCARD	fn DISCARD(x: anytype) void
std.zig.c_translation.helpers.F_SUFFIX	fn F_SUFFIX(comptime f: comptime_float) f32
std.zig.c_translation.helpers.L_SUFFIX	fn L_SUFFIX(comptime number: anytype) L_SUFFIX_ReturnType(number)
std.zig.c_translation.helpers.LL_SUFFIX	fn LL_SUFFIX(comptime n: comptime_int) @TypeOf(promoteIntLiteral(c_longlong, n, .decimal))
std.zig.c_translation.helpers.U_SUFFIX	fn U_SUFFIX(comptime n: comptime_int) @TypeOf(promoteIntLiteral(c_uint, n, .decimal))
std.zig.c_translation.helpers.UL_SUFFIX	fn UL_SUFFIX(comptime n: comptime_int) @TypeOf(promoteIntLiteral(c_ulong, n, .decimal))
std.zig.c_translation.helpers.ULL_SUFFIX	fn ULL_SUFFIX(comptime n: comptime_int) @TypeOf(promoteIntLiteral(c_ulonglong, n, .decimal))
std.zig.c_translation.helpers.WL_CONTAINER_OF	fn WL_CONTAINER_OF(ptr: anytype, sample: anytype, comptime member: []const u8) @TypeOf(sample)
std.zig.Color.terminalMode	fn terminalMode(color: Color) ?Io.Terminal.Mode
std.zig.hashSrc	fn hashSrc(src: []const u8) SrcHash
std.zig.srcHashEql	fn srcHashEql(a: SrcHash, b: SrcHash) bool
std.zig.hashName	fn hashName(parent_hash: SrcHash, sep: []const u8, name: []const u8) SrcHash
std.zig.Loc.eql	fn eql(a: Loc, b: Loc) bool
std.zig.findLineColumn	fn findLineColumn(source: []const u8, byte_offset: usize) Loc
std.zig.lineDelta	fn lineDelta(source: []const u8, start: usize, end: usize) isize
std.zig.binNameAlloc	fn binNameAlloc(allocator: Allocator, options: BinNameOptions) error{OutOfMemory}![]u8
std.zig.BuildId.eql	fn eql(a: BuildId, b: BuildId) bool
std.zig.BuildId.HexString.toSlice	fn toSlice(hs: *const HexString) []const u8
std.zig.BuildId.initHexString	fn initHexString(bytes: []const u8) BuildId
std.zig.BuildId.parse	fn parse(text: []const u8) !BuildId
std.zig.BuildId.format	fn format(id: BuildId, writer: *Writer) Writer.Error!void
std.zig.serializeCpu	fn serializeCpu(buffer: *std.array_list.Managed(u8), cpu: std.Target.Cpu) Allocator.Error!void
std.zig.serializeCpuAlloc	fn serializeCpuAlloc(ally: Allocator, cpu: std.Target.Cpu) Allocator.Error![]u8
std.zig.fmtId	fn fmtId(bytes: []const u8) FormatId
std.zig.fmtIdFlags	fn fmtIdFlags(bytes: []const u8, flags: FormatId.Flags) FormatId
std.zig.fmtIdPU	fn fmtIdPU(bytes: []const u8) FormatId
std.zig.fmtIdP	fn fmtIdP(bytes: []const u8) FormatId
std.zig.FormatId.format	fn format(ctx: FormatId, writer: *Writer) Writer.Error!void
std.zig.fmtString	fn fmtString(bytes: []const u8) std.fmt.Alt([]const u8, stringEscape)
std.zig.fmtChar	fn fmtChar(c: u21) std.fmt.Alt(u21, charEscape)
std.zig.stringEscape	fn stringEscape(bytes: []const u8, w: *Writer) Writer.Error!void
std.zig.charEscape	fn charEscape(codepoint: u21, w: *Writer) Writer.Error!void
std.zig.isValidId	fn isValidId(bytes: []const u8) bool
std.zig.isUnderscore	fn isUnderscore(bytes: []const u8) bool
std.zig.readSourceFileToEndAlloc	fn readSourceFileToEndAlloc(gpa: Allocator, file_reader: *Io.File.Reader) ![:0]u8
std.zig.printAstErrorsToStderr	fn printAstErrorsToStderr(gpa: Allocator, io: Io, tree: Ast, path: []const u8, color: Color) !void
std.zig.putAstErrorsIntoBundle	fn putAstErrorsIntoBundle( gpa: Allocator, tree: Ast, path: []const u8, wip_errors: *std.zig.ErrorBundle.Wip, ) Allocator.Error!void
std.zig.resolveTargetQueryOrFatal	fn resolveTargetQueryOrFatal(io: Io, target_query: std.Target.Query) std.Target
std.zig.parseTargetQueryOrReportFatalError	fn parseTargetQueryOrReportFatalError( allocator: Allocator, opts: std.Target.Query.ParseOptions, ) std.Target.Query
std.zig.EnvVar.isSet	fn isSet(ev: EnvVar, map: *const std.process.Environ.Map) bool
std.zig.EnvVar.get	fn get(ev: EnvVar, map: *const std.process.Environ.Map) ?[]const u8
std.zig.SimpleComptimeReason.message	fn message(r: SimpleComptimeReason) []const u8
std.zig.EmitArtifact.cacheName	fn cacheName(ea: EmitArtifact, gpa: Allocator, opts: BinNameOptions) Allocator.Error![]const u8
std.zig.ClangCliParam.matchEql	fn matchEql(self: @This(), arg: []const u8) u2
std.zig.ClangCliParam.matchStartsWith	fn matchStartsWith(self: @This(), arg: []const u8) usize
std.zip.EndRecord.need_zip64	fn need_zip64(self: EndRecord) bool
std.zip.EndRecord.findBuffer	fn findBuffer(buffer: []const u8) FindBufferError!EndRecord
std.zip.EndRecord.findFile	fn findFile(fr: *File.Reader) FindFileError!EndRecord
std.zip.Decompress.init	fn init(reader: *Reader, method: CompressionMethod, buffer: []u8) Reader
std.zip.Iterator.init	fn init(input: *File.Reader) !Iterator
std.zip.Iterator.next	fn next(self: *Iterator) !?Entry
std.zip.Iterator.Entry.extract	fn extract( self: Entry, stream: *File.Reader, options: ExtractOptions, filename_buf: []u8, dest: Io.Dir, ) !void
std.zip.Diagnostics.deinit	fn deinit(self: *Diagnostics) void
std.zip.Diagnostics.nextFilename	fn nextFilename(self: *Diagnostics, name: []const u8) error{OutOfMemory}!void
std.zip.extract	fn extract(dest: Io.Dir, fr: *File.Reader, options: ExtractOptions) !void
std.zon.parse.Error.Note.Iterator.next	fn next(self: *@This()) ?Note
std.zon.parse.Error.Note.fmtMessage	fn fmtMessage(self: Note, diag: *const Diagnostics) std.fmt.Alt([]const u8, Note.formatMessage)
std.zon.parse.Error.Note.getLocation	fn getLocation(self: Note, diag: *const Diagnostics) Ast.Location
std.zon.parse.Error.Iterator.next	fn next(self: *@This()) ?Error
std.zon.parse.Error.fmtMessage	fn fmtMessage(self: @This(), diag: *const Diagnostics) std.fmt.Alt(FormatMessage, formatMessage)
std.zon.parse.Error.getLocation	fn getLocation(self: @This(), diag: *const Diagnostics) Ast.Location
std.zon.parse.Error.iterateNotes	fn iterateNotes(self: @This(), diag: *const Diagnostics) Note.Iterator
std.zon.parse.Diagnostics.deinit	fn deinit(self: *Diagnostics, gpa: Allocator) void
std.zon.parse.Diagnostics.iterateErrors	fn iterateErrors(self: *const Diagnostics) Error.Iterator
std.zon.parse.Diagnostics.format	fn format(self: *const @This(), w: *std.Io.Writer) std.Io.Writer.Error!void
std.zon.parse.fromSlice	fn fromSlice( T: type, gpa: Allocator, source: [:0]const u8, diag: ?*Diagnostics, options: Options, ) error{ OutOfMemory, ParseZon }!T
std.zon.parse.fromSliceAlloc	fn fromSliceAlloc( /// The type to deserialize into. May not be or contain any of the following types: /// * Any comptime-only type, except in a comptime field /// * `type` /// * `void`, except as a union payload /// * `noreturn` /// * An error set/error union /// * A many-pointer or C-pointer /// * An opaque type, including `anyopaque` /// * An async frame type, including `anyframe` and `anyframe->T` /// * A function /// /// All other types are valid. Unsupported types will fail at compile time. T: type, gpa: Allocator, source: [:0]const u8, diag: ?*Diagnostics, options: Options, ) error{ OutOfMemory, ParseZon }!T
std.zon.parse.fromZoir	fn fromZoir( T: type, ast: Ast, zoir: Zoir, diag: ?*Diagnostics, options: Options, ) error{ParseZon}!T
std.zon.parse.fromZoirAlloc	fn fromZoirAlloc( T: type, gpa: Allocator, ast: Ast, zoir: Zoir, diag: ?*Diagnostics, options: Options, ) error{ OutOfMemory, ParseZon }!T
std.zon.parse.fromZoirNode	fn fromZoirNode( T: type, ast: Ast, zoir: Zoir, node: Zoir.Node.Index, diag: ?*Diagnostics, options: Options, ) error{ParseZon}!T
std.zon.parse.fromZoirNodeAlloc	fn fromZoirNodeAlloc( T: type, gpa: Allocator, ast: Ast, zoir: Zoir, node: Zoir.Node.Index, diag: ?*Diagnostics, options: Options, ) error{ OutOfMemory, ParseZon }!T
std.zon.parse.free	fn free(gpa: Allocator, value: anytype) void
std.zon.stringify.serialize	fn serialize(val: anytype, options: SerializeOptions, writer: *Writer) Writer.Error!void
std.zon.stringify.serializeMaxDepth	fn serializeMaxDepth( val: anytype, options: SerializeOptions, writer: *Writer, depth: usize, ) Serializer.DepthError!void
std.zon.stringify.serializeArbitraryDepth	fn serializeArbitraryDepth( val: anytype, options: SerializeOptions, writer: *Writer, ) Serializer.Error!void
std.zon.Serializer.value	fn value(self: *Serializer, val: anytype, options: ValueOptions) Error!void
std.zon.Serializer.valueMaxDepth	fn valueMaxDepth(self: *Serializer, val: anytype, options: ValueOptions, depth: usize) DepthError!void
std.zon.Serializer.valueArbitraryDepth	fn valueArbitraryDepth(self: *Serializer, val: anytype, options: ValueOptions) Error!void
std.zon.Serializer.int	fn int(self: *Serializer, val: anytype) Error!void
std.zon.Serializer.float	fn float(self: *Serializer, val: anytype) Error!void
std.zon.Serializer.ident	fn ident(self: *Serializer, name: []const u8) Error!void
std.zon.Serializer.codePoint	fn codePoint(self: *Serializer, val: u21) CodePointError!void
std.zon.Serializer.tuple	fn tuple(self: *Serializer, val: anytype, options: ValueOptions) Error!void
std.zon.Serializer.tupleMaxDepth	fn tupleMaxDepth( self: *Serializer, val: anytype, options: ValueOptions, depth: usize, ) DepthError!void
std.zon.Serializer.tupleArbitraryDepth	fn tupleArbitraryDepth( self: *Serializer, val: anytype, options: ValueOptions, ) Error!void
std.zon.Serializer.string	fn string(self: *Serializer, val: []const u8) Error!void
std.zon.Serializer.multilineString	fn multilineString( self: *Serializer, val: []const u8, options: MultilineStringOptions, ) MultilineStringError!void
std.zon.Serializer.beginStruct	fn beginStruct(self: *Serializer, options: ContainerOptions) Error!Struct
std.zon.Serializer.beginTuple	fn beginTuple(self: *Serializer, options: ContainerOptions) Error!Tuple
std.zon.Serializer.Tuple.end	fn end(self: *Tuple) Error!void
std.zon.Serializer.Tuple.field	fn field( self: *Tuple, val: anytype, options: ValueOptions, ) Error!void
std.zon.Serializer.Tuple.fieldMaxDepth	fn fieldMaxDepth( self: *Tuple, val: anytype, options: ValueOptions, depth: usize, ) DepthError!void
std.zon.Serializer.Tuple.fieldArbitraryDepth	fn fieldArbitraryDepth( self: *Tuple, val: anytype, options: ValueOptions, ) Error!void
std.zon.Serializer.Tuple.beginStructField	fn beginStructField( self: *Tuple, options: ContainerOptions, ) Error!Struct
std.zon.Serializer.Tuple.beginTupleField	fn beginTupleField( self: *Tuple, options: ContainerOptions, ) Error!Tuple
std.zon.Serializer.Tuple.fieldPrefix	fn fieldPrefix(self: *Tuple) Error!void
std.zon.Serializer.Struct.end	fn end(self: *Struct) Error!void
std.zon.Serializer.Struct.field	fn field( self: *Struct, name: []const u8, val: anytype, options: ValueOptions, ) Error!void
std.zon.Serializer.Struct.fieldMaxDepth	fn fieldMaxDepth( self: *Struct, name: []const u8, val: anytype, options: ValueOptions, depth: usize, ) DepthError!void
std.zon.Serializer.Struct.fieldArbitraryDepth	fn fieldArbitraryDepth( self: *Struct, name: []const u8, val: anytype, options: ValueOptions, ) Error!void
std.zon.Serializer.Struct.beginStructField	fn beginStructField( self: *Struct, name: []const u8, options: ContainerOptions, ) Error!Struct
std.zon.Serializer.Struct.beginTupleField	fn beginTupleField( self: *Struct, name: []const u8, options: ContainerOptions, ) Error!Tuple
std.zon.Serializer.Struct.fieldPrefix	fn fieldPrefix(self: *Struct, name: []const u8) Error!void
