path	status	n_rows
std	resolved	147
std.BitStack	resolved	9
std.Build	resolved	98
std.Build.Cache	resolved	29
std.Build.Cache.Path	poison	0
std.Build.Cache.Path.TableAdapter	resolved	7
std.Build.Cache.Directory	resolved	7
std.Build.Cache.DepTokenizer	resolved	2
std.Build.Cache.DepTokenizer.State	poison	0
std.Build.Cache.DepTokenizer.Token	resolved	4
std.Build.Cache.DepTokenizer.Token.IndexAndChar	resolved	0
std.Build.Cache.DepTokenizer.Token.IndexAndBytes	resolved	0
std.Build.Cache.PrefixedPath	poison	0
std.Build.Cache.File	resolved	4
std.Build.Cache.File.Stat	resolved	1
std.Build.Cache.HashHelper	resolved	10
std.Build.Cache.Lock	resolved	1
std.Build.Cache.Manifest	resolved	129
std.Build.Cache.Manifest.Diagnostic	resolved	1
std.Build.Cache.Manifest.Diagnostic.FileOp	resolved	0
std.Build.Cache.Manifest.FilesContext	resolved	2
std.Build.Cache.Manifest.FilesAdapter	poison	0
std.Build.Step	resolved	51
std.Build.Step.TestResults	resolved	2
std.Build.Step.MakeOptions	resolved	0
std.Build.Step.State	resolved	0
std.Build.Step.Id	resolved	1
std.Build.Step.CheckFile	resolved	4
std.Build.Step.CheckFile.Options	resolved	0
std.Build.Step.CheckObject	resolved	23
std.Build.Step.CheckObject.SearchPhrase	poison	0
std.Build.Step.CheckObject.Action	poison	0
std.Build.Step.CheckObject.ComputeCompareExpected	poison	0
std.Build.Step.CheckObject.Check	poison	0
std.Build.Step.CheckObject.Check.Kind	poison	0
std.Build.Step.CheckObject.Check.Payload	poison	0
std.Build.Step.CheckObject.MachODumper	poison	0
std.Build.Step.CheckObject.MachODumper.ObjectContext	poison	0
std.Build.Step.CheckObject.MachODumper.ObjectContext.Binding	poison	0
std.Build.Step.CheckObject.MachODumper.ObjectContext.Binding.Tag	poison	0
std.Build.Step.CheckObject.MachODumper.ObjectContext.TrieIterator	poison	0
std.Build.Step.CheckObject.MachODumper.ObjectContext.Export	poison	0
std.Build.Step.CheckObject.ElfDumper	poison	0
std.Build.Step.CheckObject.ElfDumper.ArchiveContext	poison	0
std.Build.Step.CheckObject.ElfDumper.ArchiveContext.ArSymtabEntry	poison	0
std.Build.Step.CheckObject.ElfDumper.ObjectContext	poison	0
std.Build.Step.CheckObject.ElfDumper.Symtab	poison	0
std.Build.Step.CheckObject.WasmDumper	poison	0
std.Build.Step.ConfigHeader	resolved	10
std.Build.Step.ConfigHeader.Style	resolved	1
std.Build.Step.ConfigHeader.Value	resolved	0
std.Build.Step.ConfigHeader.Options	resolved	0
std.Build.Step.Fail	resolved	2
std.Build.Step.Fmt	resolved	3
std.Build.Step.Fmt.Options	resolved	0
std.Build.Step.InstallArtifact	resolved	3
std.Build.Step.InstallArtifact.DylibSymlinkInfo	poison	0
std.Build.Step.InstallArtifact.Options	resolved	1
std.Build.Step.InstallArtifact.Options.Dir	resolved	0
std.Build.Step.InstallDir	resolved	3
std.Build.Step.InstallDir.Options	resolved	0
std.Build.Step.InstallFile	resolved	2
std.Build.Step.ObjCopy	resolved	11
std.Build.Step.ObjCopy.RawFormat	resolved	0
std.Build.Step.ObjCopy.Strip	resolved	0
std.Build.Step.ObjCopy.SectionFlags	resolved	0
std.Build.Step.ObjCopy.AddSection	resolved	0
std.Build.Step.ObjCopy.SetSectionAlignment	resolved	0
std.Build.Step.ObjCopy.SetSectionFlags	resolved	0
std.Build.Step.ObjCopy.Options	resolved	0
std.Build.Step.Compile	resolved	44
std.Build.Step.Compile.ExpectedCompileErrors	resolved	0
std.Build.Step.Compile.Entry	resolved	0
std.Build.Step.Compile.Options	resolved	0
std.Build.Step.Compile.Kind	resolved	1
std.Build.Step.Compile.HeaderInstallation	resolved	4
std.Build.Step.Compile.HeaderInstallation.File	resolved	1
std.Build.Step.Compile.HeaderInstallation.Directory	resolved	2
std.Build.Step.Compile.HeaderInstallation.Directory.Options	resolved	1
std.Build.Step.Compile.TestRunner	resolved	0
std.Build.Step.Compile.PkgConfigResult	poison	0
std.Build.Step.Compile.CliNamedModules	poison	0
std.Build.Step.Options	resolved	6
std.Build.Step.Options.Arg	poison	0
std.Build.Step.Run	resolved	49
std.Build.Step.Run.Color	resolved	0
std.Build.Step.Run.StdIn	resolved	0
std.Build.Step.Run.StdIo	resolved	1
std.Build.Step.Run.StdIo.Check	resolved	0
std.Build.Step.Run.Arg	resolved	0
std.Build.Step.Run.PrefixedArtifact	resolved	0
std.Build.Step.Run.PrefixedLazyPath	resolved	0
std.Build.Step.Run.DecoratedLazyPath	resolved	0
std.Build.Step.Run.Output	resolved	0
std.Build.Step.Run.CapturedStdIo	resolved	2
std.Build.Step.Run.CapturedStdIo.Options	resolved	0
std.Build.Step.Run.CapturedStdIo.TrimWhitespace	resolved	0
std.Build.Step.Run.IndexedOutput	poison	0
std.Build.Step.Run.FuzzContext	poison	0
std.Build.Step.Run.EvalGenericResult	poison	0
std.Build.Step.Run.StdioPollEnum	poison	0
std.Build.Step.Run.FuzzTestRunner	poison	0
std.Build.Step.Run.FuzzTestRunner.Instance	poison	0
std.Build.Step.Run.FuzzTestRunner.PendingBroadcastFooter	poison	0
std.Build.Step.Run.TestMetadata	poison	0
std.Build.Step.Run.CachedTestMetadata	resolved	1
std.Build.Step.TranslateC	resolved	17
std.Build.Step.TranslateC.Options	resolved	0
std.Build.Step.TranslateC.AddExecutableOptions	resolved	0
std.Build.Step.WriteFile	resolved	10
std.Build.Step.WriteFile.Mode	resolved	0
std.Build.Step.WriteFile.File	resolved	0
std.Build.Step.WriteFile.Directory	resolved	1
std.Build.Step.WriteFile.Directory.Options	resolved	2
std.Build.Step.WriteFile.Contents	resolved	0
std.Build.Step.UpdateSourceFiles	resolved	6
std.Build.Step.UpdateSourceFiles.OutputSourceFile	resolved	0
std.Build.Step.UpdateSourceFiles.Contents	resolved	0
std.Build.Step.Inputs	resolved	181
std.Build.Step.StepOptions	resolved	0
std.Build.Step.ZigProcess	resolved	3
std.Build.Step.ZigProcess.StreamEnum	resolved	0
std.Build.Module	resolved	41
std.Build.Module.RPath	resolved	0
std.Build.Module.LinkObject	resolved	0
std.Build.Module.SystemLib	resolved	2
std.Build.Module.SystemLib.UsePkgConfig	resolved	0
std.Build.Module.SystemLib.SearchStrategy	resolved	0
std.Build.Module.CSourceLanguage	resolved	1
std.Build.Module.CSourceFiles	resolved	0
std.Build.Module.CSourceFile	resolved	1
std.Build.Module.RcSourceFile	resolved	1
std.Build.Module.IncludeDir	resolved	1
std.Build.Module.LinkFrameworkOptions	resolved	0
std.Build.Module.CreateOptions	resolved	0
std.Build.Module.Import	resolved	0
std.Build.Module.LinkSystemLibraryOptions	resolved	0
std.Build.Module.AddCSourceFilesOptions	resolved	0
std.Build.Module.Graph	resolved	0
std.Build.Watch	resolved	7
std.Build.Watch.FsEvents	poison	0
std.Build.Watch.FsEvents.ResolvedSymbols	poison	0
std.Build.Watch.FsEvents.cf_alloc_callbacks	poison	0
std.Build.Watch.FsEvents.EventCallbackCtx	poison	0
std.Build.Watch.FsEvents.CFOptionFlags	poison	0
std.Build.Watch.FsEvents.CFAllocatorContext	poison	0
std.Build.Watch.FsEvents.CFStringEncoding	poison	0
std.Build.Watch.FsEvents.FSEventStreamContext	poison	0
std.Build.Watch.FsEvents.FSEventStreamEventId	poison	0
std.Build.Watch.FsEvents.FSEventStreamCreateFlags	poison	0
std.Build.Watch.FsEvents.FSEventStreamEventFlags	poison	0
std.Build.Watch.Match	resolved	1
std.Build.Watch.Match.Context	resolved	2
std.Build.Watch.Timeout	resolved	2
std.Build.Watch.WaitResult	resolved	0
std.Build.Fuzz	resolved	8
std.Build.Fuzz.Mode	resolved	1
std.Build.Fuzz.Mode.Limited	resolved	0
std.Build.Fuzz.Msg	poison	0
std.Build.Fuzz.CoverageMap	poison	0
std.Build.Fuzz.Previous	resolved	1
std.Build.WebServer	resolved	17
std.Build.WebServer.Options	resolved	0
std.Build.WebServer.RunnerRequest	poison	0
std.Build.abi	resolved	9
std.Build.abi.ToClientTag	resolved	0
std.Build.abi.ToServerTag	resolved	0
std.Build.abi.BuildStatus	resolved	0
std.Build.abi.Hello	resolved	1
std.Build.abi.Hello.Flags	resolved	0
std.Build.abi.StatusUpdate	resolved	0
std.Build.abi.StepUpdate	resolved	1
std.Build.abi.StepUpdate.Status	resolved	0
std.Build.abi.Rebuild	resolved	0
std.Build.abi.fuzz	poison	0
std.Build.abi.fuzz.Uid	resolved	1
std.Build.abi.fuzz.Uid.hashmap_ctx	resolved	2
std.Build.abi.fuzz.Slice	resolved	2
std.Build.abi.fuzz.MutSlice	resolved	2
std.Build.abi.fuzz.Weights	resolved	2
std.Build.abi.fuzz.Weight	resolved	3
std.Build.abi.fuzz.LimitKind	resolved	0
std.Build.abi.fuzz.SeenPcsHeader	resolved	5
std.Build.abi.fuzz.MmapInputHeader	resolved	0
std.Build.abi.fuzz.SourceIndexHeader	resolved	0
std.Build.abi.fuzz.CoverageUpdateHeader	resolved	1
std.Build.abi.fuzz.EntryPointHeader	resolved	2
std.Build.abi.fuzz.Coverage	resolved	0
std.Build.abi.time_report	resolved	3
std.Build.abi.time_report.GenericResult	resolved	0
std.Build.abi.time_report.CompileResult	resolved	2
std.Build.abi.time_report.CompileResult.Flags	resolved	0
std.Build.abi.time_report.CompileResult.Stats	resolved	1
std.Build.abi.time_report.RunTestResult	resolved	0
std.Build.ReleaseMode	resolved	0
std.Build.Graph	resolved	0
std.Build.SystemLibraryMode	poison	0
std.Build.InitializedDepKey	poison	0
std.Build.InitializedDepContext	poison	0
std.Build.PkgConfigPkg	resolved	0
std.Build.AvailableOption	poison	0
std.Build.UserInputOption	poison	0
std.Build.UserValue	poison	0
std.Build.TypeId	poison	0
std.Build.TopLevelStep	poison	0
std.Build.DirList	resolved	0
std.Build.OrderedUserValue	poison	0
std.Build.OrderedUserValue.Pair	poison	0
std.Build.OrderedUserInputOption	poison	0
std.Build.ExecutableOptions	resolved	0
std.Build.ObjectOptions	resolved	0
std.Build.LibraryOptions	resolved	0
std.Build.TestOptions	resolved	0
std.Build.AssemblyOptions	resolved	0
std.Build.StandardOptimizeOptionOptions	resolved	0
std.Build.StandardTargetOptionsArgs	resolved	0
std.Build.Dependency	resolved	5
std.Build.GeneratedFile	resolved	3
std.Build.LazyPath	resolved	11
std.Build.InstallDir	resolved	1
std.Build.ResolvedTarget	resolved	0
std.Build.SystemIntegrationOptionConfig	resolved	0
std.BufMap	resolved	9
std.BufSet	resolved	12
std.Deque	resolved	1
std.Deque()	skipped	0
std.Deque().Iterator	skipped	0
std.DoublyLinkedList	resolved	10
std.DoublyLinkedList.Node	resolved	0
std.DynLib	resolved	5
std.Io	poison	0
std.Io.Threaded	resolved	75
std.Io.Threaded.Csprng	resolved	3
std.Io.Threaded.Environ	resolved	5
std.Io.Threaded.Environ.Exist	resolved	0
std.Io.Threaded.Runnable	poison	0
std.Io.Threaded.Group	poison	0
std.Io.Threaded.Group.Status	poison	0
std.Io.Threaded.Group.Task	poison	0
std.Io.Threaded.Future	poison	0
std.Io.Threaded.Future.Status	poison	0
std.Io.Threaded.AwaitableId	poison	0
std.Io.Threaded.AwaitableId.Split	poison	0
std.Io.Threaded.Thread	poison	0
std.Io.Threaded.Thread.Status	poison	0
std.Io.Threaded.Thread.PackedPtr	poison	0
std.Io.Threaded.Thread.PackedPtr.Split	poison	0
std.Io.Threaded.Syscall	poison	0
std.Io.Threaded.AlertableSyscall	poison	0
std.Io.Threaded.InitOptions	resolved	0
std.Io.Threaded.WindowsBatchOperationUserdata	poison	0
std.Io.Threaded.GetFinalPathNameByHandleFormat	resolved	0
std.Io.Threaded.Wtf16ToPrefixedFileWOptions	poison	0
std.Io.Threaded.LocalDevicePathType	poison	0
std.Io.Threaded.WindowsPathSpace	resolved	2
std.Io.Threaded.PosixAddress	resolved	0
std.Io.Threaded.UnixAddress	poison	0
std.Io.Threaded.LookupDnsWindows	poison	0
std.Io.Threaded.WindowsEnvironStrings	poison	0
std.Io.Threaded.Spawned	poison	0
std.Io.Threaded.WindowsCommandLineCache	poison	0
std.Io.Threaded.CreatePipeOptions	resolved	1
std.Io.Threaded.CreatePipeOptions.End	resolved	0
std.Io.Threaded.parking_futex	poison	0
std.Io.Threaded.parking_futex.Bucket	poison	0
std.Io.Threaded.parking_futex.Waiter	poison	0
std.Io.Threaded.parking_sleep	poison	0
std.Io.Threaded.ParkingMutex	poison	0
std.Io.Threaded.ParkingMutex.State	poison	0
std.Io.Threaded.ParkingMutex.Waiter	poison	0
std.Io.Threaded.WaitGroup	poison	0
std.Io.Threaded.OpenFileOptions	poison	0
std.Io.Threaded.OpenFileOptions.Filter	poison	0
std.Io.fiber	resolved	4
std.Io.fiber.Switch	resolved	0
std.Io.Dispatch	poison	0
std.Io.Dispatch.Thread	poison	0
std.Io.Dispatch.Thread.List	poison	0
std.Io.Dispatch.Fiber	poison	0
std.Io.Dispatch.Fiber.CancelStatus	poison	0
std.Io.Dispatch.Fiber.CancelStatus.Awaiting	poison	0
std.Io.Dispatch.Fiber.CancelProtection	poison	0
std.Io.Dispatch.Fiber.Queue	poison	0
std.Io.Dispatch.Fiber.PackedPtr	poison	0
std.Io.Dispatch.Fiber.PackedPtr.Split	poison	0
std.Io.Dispatch.InitOptions	poison	0
std.Io.Dispatch.SwitchMessage	poison	0
std.Io.Dispatch.SwitchMessage.PendingTask	poison	0
std.Io.Dispatch.Cancelable	poison	0
std.Io.Dispatch.Sleeper	poison	0
std.Io.Dispatch.Mutex	poison	0
std.Io.Dispatch.Mutex.State	poison	0
std.Io.Dispatch.Mutex.Waiter	poison	0
std.Io.Dispatch.AsyncClosure	poison	0
std.Io.Dispatch.Group	poison	0
std.Io.Dispatch.Group.List	poison	0
std.Io.Dispatch.Group.Mutex	poison	0
std.Io.Dispatch.Group.Awaiter	poison	0
std.Io.Dispatch.Group.AsyncClosure	poison	0
std.Io.Dispatch.Futex	poison	0
std.Io.Dispatch.Futex.Waiter	poison	0
std.Io.Dispatch.Futex.Waker	poison	0
std.Io.Dispatch.BatchWaiter	poison	0
std.Io.Dispatch.BatchOperationUserdata	poison	0
std.Io.Dispatch.Spawned	poison	0
std.Io.Dispatch.SleepWaiter	poison	0
std.Io.Dispatch.Random	poison	0
std.Io.Kqueue	poison	0
std.Io.Kqueue.Thread	poison	0
std.Io.Kqueue.Thread.WaitQueueKey	poison	0
std.Io.Kqueue.Thread.List	poison	0
std.Io.Kqueue.Fiber	poison	0
std.Io.Kqueue.Fiber.Queue	poison	0
std.Io.Kqueue.InitOptions	resolved	0
std.Io.Kqueue.Completion	poison	0
std.Io.Kqueue.Completion.UserData	poison	0
std.Io.Kqueue.SwitchMessage	poison	0
std.Io.Kqueue.SwitchMessage.PendingTask	poison	0
std.Io.Kqueue.AsyncClosure	poison	0
std.Io.Uring	resolved	10
std.Io.Uring.Thread	poison	0
std.Io.Uring.Thread.List	poison	0
std.Io.Uring.Fiber	poison	0
std.Io.Uring.Fiber.CancelStatus	poison	0
std.Io.Uring.Fiber.CancelStatus.Awaiting	poison	0
std.Io.Uring.Fiber.CancelProtection	poison	0
std.Io.Uring.Fiber.Queue	poison	0
std.Io.Uring.Fiber.PackedPtr	poison	0
std.Io.Uring.Fiber.PackedPtr.Split	poison	0
std.Io.Uring.CancelRegion	poison	0
std.Io.Uring.CancelRegion.Sync	poison	0
std.Io.Uring.CancelRegion.Sync.Maybe	poison	0
std.Io.Uring.CachedFd	poison	0
std.Io.Uring.CachedFd.Once	poison	0
std.Io.Uring.InitOptions	resolved	0
std.Io.Uring.Completion	poison	0
std.Io.Uring.Completion.Userdata	poison	0
std.Io.Uring.SwitchMessage	poison	0
std.Io.Uring.SwitchMessage.PendingTask	poison	0
std.Io.Uring.AsyncClosure	poison	0
std.Io.Uring.Group	poison	0
std.Io.Uring.Group.List	poison	0
std.Io.Uring.Group.Mutex	poison	0
std.Io.Uring.Group.Awaiter	poison	0
std.Io.Uring.Group.AsyncClosure	poison	0
std.Io.Uring.Spawned	poison	0
std.Io.Reader	resolved	90
std.Io.Reader.Limited	resolved	1
std.Io.Reader.VTable	resolved	0
std.Io.Reader.Hashed	resolved	1
std.Io.Reader.Hashed()	skipped	0
std.Io.Writer	resolved	88
std.Io.Writer.VTable	resolved	0
std.Io.Writer.ByteSizeUnits	resolved	0
std.Io.Writer.Discarding	resolved	4
std.Io.Writer.Hashed	resolved	1
std.Io.Writer.Hashed()	skipped	0
std.Io.Writer.Hashing	resolved	1
std.Io.Writer.Hashing()	skipped	0
std.Io.Writer.Allocating	resolved	18
std.Io.net	resolved	18
std.Io.net.HostName	resolved	18
std.Io.net.HostName.LookupOptions	resolved	0
std.Io.net.HostName.LookupResult	resolved	0
std.Io.net.HostName.DnsRecord	resolved	0
std.Io.net.HostName.DnsResponse	resolved	4
std.Io.net.HostName.DnsResponse.Answer	resolved	0
std.Io.net.HostName.ResolvConf	resolved	4
std.Io.net.HostName.ResolvConf.Directive	poison	0
std.Io.net.HostName.ResolvConf.Option	poison	0
std.Io.net.Protocol	resolved	0
std.Io.net.IpAddress	resolved	23
std.Io.net.IpAddress.ListenOptions	resolved	0
std.Io.net.IpAddress.BindOptions	resolved	0
std.Io.net.IpAddress.ConnectOptions	resolved	0
std.Io.net.Ip4Address	resolved	8
std.Io.net.Ip6Address	resolved	20
std.Io.net.Ip6Address.Policy	resolved	0
std.Io.net.Ip6Address.Unresolved	resolved	3
std.Io.net.Ip6Address.Unresolved.Parsed	resolved	0
std.Io.net.UnixAddress	resolved	9
std.Io.net.UnixAddress.ListenOptions	resolved	0
std.Io.net.ReceiveFlags	resolved	0
std.Io.net.IncomingMessage	resolved	2
std.Io.net.IncomingMessage.Flags	resolved	0
std.Io.net.OutgoingMessage	resolved	0
std.Io.net.SendFlags	resolved	0
std.Io.net.ShutdownHow	resolved	0
std.Io.net.Interface	resolved	5
std.Io.net.Interface.Name	resolved	6
std.Io.net.Socket	resolved	15
std.Io.net.Socket.Mode	resolved	0
std.Io.net.Socket.CreatePairOptions	resolved	0
std.Io.net.Stream	resolved	6
std.Io.net.Stream.Reader	resolved	2
std.Io.net.Stream.Writer	resolved	3
std.Io.net.Server	resolved	4
std.Io.Dir	resolved	171
std.Io.Dir.Entry	resolved	0
std.Io.Dir.Reader	resolved	7
std.Io.Dir.Reader.State	resolved	0
std.Io.Dir.Iterator	resolved	4
std.Io.Dir.SelectiveWalker	resolved	5
std.Io.Dir.SelectiveWalker.StackItem	poison	0
std.Io.Dir.Walker	resolved	4
std.Io.Dir.Walker.Entry	resolved	1
std.Io.Dir.AccessOptions	resolved	0
std.Io.Dir.OpenOptions	resolved	0
std.Io.Dir.OpenFileOptions	resolved	3
std.Io.Dir.OpenFileOptions.Mode	resolved	0
std.Io.Dir.CreateFileOptions	resolved	0
std.Io.Dir.WriteFileOptions	resolved	0
std.Io.Dir.PrevStatus	resolved	0
std.Io.Dir.CreatePathStatus	resolved	0
std.Io.Dir.CreateDirPathOpenOptions	resolved	0
std.Io.Dir.StatFileOptions	resolved	0
std.Io.Dir.SymLinkFlags	resolved	0
std.Io.Dir.CopyFileOptions	resolved	0
std.Io.Dir.CreateFileAtomicOptions	resolved	0
std.Io.Dir.SetFilePermissionsOptions	resolved	0
std.Io.Dir.SetFileOwnerOptions	resolved	0
std.Io.Dir.SetTimestampsOptions	resolved	0
std.Io.Dir.SetTimestampsNowOptions	resolved	0
std.Io.File	resolved	83
std.Io.File.Flags	resolved	0
std.Io.File.Reader	resolved	14
std.Io.File.Reader.Mode	resolved	2
std.Io.File.Writer	resolved	19
std.Io.File.Atomic	resolved	6
std.Io.File.MemoryMap	resolved	9
std.Io.File.MemoryMap.CreateOptions	resolved	0
std.Io.File.MultiReader	resolved	14
std.Io.File.MultiReader.Context	resolved	0
std.Io.File.MultiReader.Streams	resolved	2
std.Io.File.MultiReader.Buffer	resolved	1
std.Io.File.MultiReader.Buffer()	skipped	0
std.Io.File.Kind	resolved	0
std.Io.File.Stat	resolved	0
std.Io.File.Lock	resolved	0
std.Io.File.SetTimestampsOptions	resolved	0
std.Io.File.SetTimestamp	resolved	1
std.Io.File.HardLinkOptions	resolved	0
std.Io.Terminal	resolved	4
std.Io.Terminal.Color	resolved	0
std.Io.Terminal.Mode	resolved	2
std.Io.RwLock	resolved	9
std.Io.Semaphore	resolved	3
std.Io.VTable	resolved	0
std.Io.Operation	resolved	10
std.Io.Operation.FileReadStreaming	resolved	3
std.Io.Operation.FileWriteStreaming	resolved	2
std.Io.Operation.NetReceive	resolved	2
std.Io.Operation.NetReceive.Result	resolved	0
std.Io.Operation.Storage	resolved	3
std.Io.Operation.Storage.Submission	resolved	0
std.Io.Operation.Storage.Pending	resolved	1
std.Io.Operation.Storage.Completion	resolved	0
std.Io.Operation.OptionalIndex	resolved	2
std.Io.Operation.List	resolved	3
std.Io.Operation.List.SingleNode	resolved	0
std.Io.Operation.List.DoubleNode	resolved	0
std.Io.Batch	resolved	9
std.Io.Batch.Completion	resolved	0
std.Io.Limit	resolved	13
std.Io.Clock	resolved	5
std.Io.Clock.Timestamp	resolved	10
std.Io.Clock.Duration	resolved	1
std.Io.Timestamp	resolved	13
std.Io.Duration	resolved	11
std.Io.Timeout	resolved	5
std.Io.Future	resolved	1
std.Io.Future()	skipped	0
std.Io.Group	resolved	5
std.Io.CancelProtection	resolved	0
std.Io.Select	resolved	1
std.Io.Select()	skipped	0
std.Io.Mutex	resolved	6
std.Io.Mutex.State	resolved	0
std.Io.Condition	resolved	5
std.Io.Condition.State	poison	0
std.Io.Event	resolved	7
std.Io.TypeErasedQueue	resolved	6
std.Io.TypeErasedQueue.Put	poison	0
std.Io.TypeErasedQueue.Get	poison	0
std.Io.Queue	resolved	1
std.Io.Queue()	skipped	0
std.Io.LockedStderr	resolved	2
std.MultiArrayList	resolved	1
std.MultiArrayList()	skipped	0
std.MultiArrayList().Slice	skipped	0
std.PriorityQueue	resolved	1
std.PriorityQueue()	skipped	0
std.PriorityQueue().Iterator	skipped	0
std.PriorityDequeue	resolved	1
std.PriorityDequeue()	skipped	0
std.PriorityDequeue().StartIndexAndLayer	skipped	0
std.PriorityDequeue().ItemAndIndex	skipped	0
std.PriorityDequeue().Iterator	skipped	0
std.Progress	resolved	12
std.Progress.Status	resolved	0
std.Progress.Freelist	poison	0
std.Progress.Ipc	resolved	3
std.Progress.Ipc.Index	resolved	0
std.Progress.Ipc.Data	poison	0
std.Progress.Ipc.Data.State	poison	0
std.Progress.TerminalMode	resolved	1
std.Progress.TerminalMode.WindowsApi	resolved	0
std.Progress.Options	resolved	0
std.Progress.Node	resolved	16
std.Progress.Node.Storage	poison	0
std.Progress.Node.Parent	poison	0
std.Progress.Node.OptionalIndex	resolved	1
std.Progress.Node.Index	resolved	1
std.Progress.StartFailure	resolved	0
std.Progress.TreeSymbol	poison	0
std.Progress.TreeSymbol.Encoding	poison	0
std.Progress.Children	poison	0
std.Progress.Serialized	poison	0
std.Progress.Serialized.Buffer	poison	0
std.Random	resolved	47
std.Random.Ascon	resolved	5
std.Random.ChaCha	resolved	5
std.Random.Isaac64	resolved	3
std.Random.Pcg	resolved	3
std.Random.Xoroshiro128	resolved	6
std.Random.Xoshiro256	resolved	6
std.Random.Sfc64	resolved	3
std.Random.RomuTrio	resolved	5
std.Random.SplitMix64	resolved	2
std.Random.ziggurat	resolved	15
std.Random.ziggurat.ZigTable	resolved	0
std.Random.lcg	resolved	1
std.Random.lcg.Wrapping	resolved	1
std.Random.lcg.Wrapping()	skipped	0
std.Random.IoSource	resolved	1
std.SemanticVersion	resolved	4
std.SemanticVersion.Range	resolved	2
std.SinglyLinkedList	resolved	5
std.SinglyLinkedList.Node	resolved	5
std.Target	resolved	106
std.Target.Query	resolved	24
std.Target.Query.CpuModel	resolved	1
std.Target.Query.OsVersion	resolved	2
std.Target.Query.ParseOptions	resolved	1
std.Target.Query.ParseOptions.Diagnostics	resolved	0
std.Target.Os	resolved	8
std.Target.Os.Tag	resolved	8
std.Target.Os.WindowsVersion	resolved	6
std.Target.Os.WindowsVersion.Range	resolved	2
std.Target.Os.HurdVersionRange	resolved	2
std.Target.Os.LinuxVersionRange	resolved	2
std.Target.Os.VersionRange	resolved	1
std.Target.Os.TaggedVersionRange	resolved	1
std.Target.aarch64	resolved	7
std.Target.aarch64.Feature	resolved	0
std.Target.aarch64.cpu	resolved	95
std.Target.alpha	resolved	7
std.Target.alpha.Feature	resolved	0
std.Target.alpha.cpu	resolved	7
std.Target.amdgcn	resolved	7
std.Target.amdgcn.Feature	resolved	0
std.Target.amdgcn.cpu	resolved	72
std.Target.arc	resolved	7
std.Target.arc.Feature	resolved	0
std.Target.arc.cpu	resolved	1
std.Target.arm	resolved	7
std.Target.arm.Feature	resolved	0
std.Target.arm.cpu	resolved	98
std.Target.avr	resolved	7
std.Target.avr.Feature	resolved	0
std.Target.avr.cpu	resolved	380
std.Target.bpf	resolved	7
std.Target.bpf.Feature	resolved	0
std.Target.bpf.cpu	resolved	6
std.Target.csky	resolved	7
std.Target.csky.Feature	resolved	0
std.Target.csky.cpu	resolved	152
std.Target.hexagon	resolved	7
std.Target.hexagon.Feature	resolved	0
std.Target.hexagon.cpu	resolved	16
std.Target.hppa	resolved	7
std.Target.hppa.Feature	resolved	0
std.Target.hppa.cpu	resolved	17
std.Target.kalimba	resolved	7
std.Target.kalimba.cpu	resolved	1
std.Target.kvx	resolved	7
std.Target.kvx.Feature	resolved	0
std.Target.kvx.cpu	resolved	2
std.Target.lanai	resolved	7
std.Target.lanai.cpu	resolved	2
std.Target.loongarch	resolved	7
std.Target.loongarch.Feature	resolved	0
std.Target.loongarch.cpu	resolved	6
std.Target.m68k	resolved	7
std.Target.m68k.Feature	resolved	0
std.Target.m68k.cpu	resolved	7
std.Target.mips	resolved	7
std.Target.mips.Feature	resolved	0
std.Target.mips.cpu	resolved	22
std.Target.msp430	resolved	7
std.Target.msp430.Feature	resolved	0
std.Target.msp430.cpu	resolved	3
std.Target.nvptx	resolved	7
std.Target.nvptx.Feature	resolved	0
std.Target.nvptx.cpu	resolved	36
std.Target.powerpc	resolved	7
std.Target.powerpc.Feature	resolved	0
std.Target.powerpc.cpu	resolved	38
std.Target.propeller	resolved	7
std.Target.propeller.Feature	resolved	0
std.Target.propeller.cpu	resolved	2
std.Target.riscv	resolved	7
std.Target.riscv.Feature	resolved	0
std.Target.riscv.cpu	resolved	53
std.Target.s390x	resolved	7
std.Target.s390x.Feature	resolved	0
std.Target.s390x.cpu	resolved	17
std.Target.sparc	resolved	7
std.Target.sparc.Feature	resolved	0
std.Target.sparc.cpu	resolved	40
std.Target.spirv	resolved	7
std.Target.spirv.Feature	resolved	0
std.Target.spirv.cpu	resolved	3
std.Target.ve	resolved	7
std.Target.ve.Feature	resolved	0
std.Target.ve.cpu	resolved	1
std.Target.wasm	resolved	7
std.Target.wasm.Feature	resolved	0
std.Target.wasm.cpu	resolved	4
std.Target.x86	resolved	7
std.Target.x86.Feature	resolved	0
std.Target.x86.cpu	resolved	100
std.Target.xcore	resolved	7
std.Target.xcore.cpu	resolved	2
std.Target.xtensa	resolved	7
std.Target.xtensa.Feature	resolved	0
std.Target.xtensa.cpu	resolved	1
std.Target.Abi	resolved	7
std.Target.Abi.Float	resolved	0
std.Target.ObjectFormat	resolved	2
std.Target.Cpu	resolved	7
std.Target.Cpu.Feature	resolved	2
std.Target.Cpu.Feature.Set	resolved	17
std.Target.Cpu.Feature.FeatureSetFns	resolved	1
std.Target.Cpu.Feature.FeatureSetFns()	skipped	0
std.Target.Cpu.Arch	resolved	32
std.Target.Cpu.Arch.Family	resolved	0
std.Target.Cpu.Model	resolved	3
std.Target.AddressSpaceContext	resolved	0
std.Target.DynamicLinker	resolved	10
std.Target.DynamicLinker.Kind	resolved	0
std.Target.StackGrowth	resolved	0
std.Target.CType	resolved	0
std.Thread	resolved	20
std.Thread.SpawnConfig	resolved	1
std.Thread.UnsupportedImpl	poison	0
std.Thread.WindowsThreadImpl	poison	0
std.Thread.WindowsThreadImpl.ThreadCompletion	poison	0
std.Thread.PosixThreadImpl	poison	0
std.Thread.WasiThreadImpl	poison	0
std.Thread.WasiThreadImpl.WasiThread	poison	0
std.Thread.WasiThreadImpl.Instance	poison	0
std.Thread.LinuxThreadImpl	poison	0
std.Thread.LinuxThreadImpl.ThreadCompletion	poison	0
std.Treap	resolved	1
std.Treap()	skipped	0
std.Treap().Prng	skipped	0
std.Treap().Node	skipped	0
std.Treap().Entry	skipped	0
std.Treap().InorderIterator	skipped	0
std.Uri	resolved	16
std.Uri.Component	resolved	13
std.Uri.Format	resolved	2
std.Uri.Format.Flags	resolved	1
std.array_list	resolved	3
std.array_list.AlignedManaged	resolved	1
std.array_list.AlignedManaged()	skipped	0
std.array_list.Aligned	resolved	1
std.array_list.Aligned()	skipped	0
std.array_list.Item	poison	0
std.array_list.ItemUnmanaged	poison	0
std.array_hash_map	resolved	14
std.array_hash_map.StringContext	resolved	2
std.array_hash_map.Custom	resolved	1
std.array_hash_map.Custom()	skipped	0
std.array_hash_map.Custom().Entry	skipped	0
std.array_hash_map.Custom().KV	skipped	0
std.array_hash_map.Custom().Data	skipped	0
std.array_hash_map.Custom().GetOrPutResult	skipped	0
std.array_hash_map.Custom().RemovalType	skipped	0
std.array_hash_map.Custom().Iterator	skipped	0
std.array_hash_map.CapacityIndexType	poison	0
std.array_hash_map.Index	poison	0
std.array_hash_map.Index()	skipped	0
std.array_hash_map.IndexHeader	poison	0
std.array_hash_map.AutoContext	resolved	1
std.array_hash_map.AutoContext()	skipped	0
std.atomic	resolved	5
std.atomic.Value	resolved	1
std.atomic.Value()	skipped	0
std.atomic.Mutex	resolved	2
std.base64	resolved	11
std.base64.Codecs	resolved	0
std.base64.Base64Encoder	resolved	4
std.base64.Base64Decoder	resolved	4
std.base64.Base64DecoderWithIgnore	resolved	3
std.bit_set	resolved	7
std.bit_set.IntegerBitSet	resolved	1
std.bit_set.IntegerBitSet()	skipped	0
std.bit_set.IntegerBitSet().SingleWordIterator	skipped	0
std.bit_set.IntegerBitSet().SingleWordIterator()	skipped	0
std.bit_set.ArrayBitSet	resolved	1
std.bit_set.ArrayBitSet()	skipped	0
std.bit_set.DynamicBitSetUnmanaged	resolved	29
std.bit_set.DynamicBitSet	resolved	25
std.bit_set.IteratorOptions	resolved	2
std.bit_set.IteratorOptions.Type	resolved	0
std.bit_set.IteratorOptions.Direction	resolved	0
std.bit_set.BitSetIterator	poison	0
std.bit_set.BitSetIterator()	skipped	0
std.bit_set.Range	resolved	0
std.builtin	resolved	66
std.builtin.assembly	resolved	1
std.builtin.StackTrace	resolved	0
std.builtin.GlobalLinkage	resolved	0
std.builtin.SymbolVisibility	resolved	0
std.builtin.AtomicOrder	resolved	0
std.builtin.ReduceOp	resolved	0
std.builtin.AtomicRmwOp	resolved	0
std.builtin.CodeModel	resolved	0
std.builtin.OptimizeMode	resolved	0
std.builtin.CallingConvention	poison	0
std.builtin.CallingConvention.CommonOptions	resolved	0
std.builtin.CallingConvention.X86RegparmOptions	resolved	0
std.builtin.CallingConvention.ArcInterruptOptions	resolved	1
std.builtin.CallingConvention.ArcInterruptOptions.InterruptType	resolved	0
std.builtin.CallingConvention.ArmInterruptOptions	resolved	1
std.builtin.CallingConvention.ArmInterruptOptions.InterruptType	resolved	0
std.builtin.CallingConvention.MicroblazeInterruptOptions	resolved	1
std.builtin.CallingConvention.MicroblazeInterruptOptions.InterruptType	resolved	0
std.builtin.CallingConvention.MipsInterruptOptions	resolved	1
std.builtin.CallingConvention.MipsInterruptOptions.InterruptMode	resolved	0
std.builtin.CallingConvention.RiscvInterruptOptions	resolved	1
std.builtin.CallingConvention.RiscvInterruptOptions.PrivilegeMode	resolved	0
std.builtin.CallingConvention.ShInterruptOptions	resolved	1
std.builtin.CallingConvention.ShInterruptOptions.SaveBehavior	resolved	0
std.builtin.AddressSpace	resolved	0
std.builtin.SourceLocation	resolved	0
std.builtin.Type	resolved	21
std.builtin.Type.Int	resolved	0
std.builtin.Type.Float	resolved	0
std.builtin.Type.Pointer	resolved	3
std.builtin.Type.Pointer.Size	resolved	0
std.builtin.Type.Pointer.Attributes	resolved	0
std.builtin.Type.Array	resolved	1
std.builtin.Type.ContainerLayout	resolved	0
std.builtin.Type.StructField	resolved	2
std.builtin.Type.StructField.Attributes	resolved	0
std.builtin.Type.Struct	resolved	0
std.builtin.Type.Optional	resolved	0
std.builtin.Type.ErrorUnion	resolved	0
std.builtin.Type.Error	resolved	0
std.builtin.Type.EnumField	resolved	0
std.builtin.Type.Enum	resolved	1
std.builtin.Type.Enum.Mode	resolved	0
std.builtin.Type.UnionField	resolved	1
std.builtin.Type.UnionField.Attributes	resolved	0
std.builtin.Type.Union	resolved	0
std.builtin.Type.Fn	resolved	2
std.builtin.Type.Fn.Param	resolved	1
std.builtin.Type.Fn.Param.Attributes	resolved	0
std.builtin.Type.Fn.Attributes	resolved	0
std.builtin.Type.Opaque	resolved	0
std.builtin.Type.Frame	resolved	0
std.builtin.Type.AnyFrame	resolved	0
std.builtin.Type.Vector	resolved	0
std.builtin.Type.Declaration	resolved	0
std.builtin.FloatMode	resolved	0
std.builtin.Endian	resolved	2
std.builtin.Signedness	resolved	0
std.builtin.OutputMode	resolved	0
std.builtin.LinkMode	resolved	0
std.builtin.UnwindTables	resolved	0
std.builtin.WasiExecModel	resolved	0
std.builtin.CallModifier	resolved	0
std.builtin.VaListAarch64	resolved	0
std.builtin.VaListAlpha	resolved	0
std.builtin.VaListArm	resolved	0
std.builtin.VaListHexagon	resolved	0
std.builtin.VaListPowerPc	resolved	0
std.builtin.VaListS390x	resolved	0
std.builtin.VaListSh	resolved	0
std.builtin.VaListX86_64	resolved	0
std.builtin.VaListXtensa	resolved	0
std.builtin.PrefetchOptions	resolved	2
std.builtin.PrefetchOptions.Rw	resolved	0
std.builtin.PrefetchOptions.Cache	resolved	0
std.builtin.ExportOptions	resolved	0
std.builtin.ExternOptions	resolved	2
std.builtin.ExternOptions.Decoration	resolved	1
std.builtin.ExternOptions.Decoration.Descriptor	resolved	0
std.builtin.ExternOptions.Relocation	resolved	0
std.builtin.BranchHint	resolved	0
std.builtin.CompilerBackend	resolved	0
std.builtin.TestFn	resolved	0
std.c	poison	0
std.c.darwin	poison	0
std.c.darwin.dispatch	poison	0
std.c.darwin.dispatch._os_object_s	poison	0
std.c.darwin.dispatch.once_t	poison	0
std.c.darwin.dispatch.queue_priority_t	poison	0
std.c.darwin.dispatch.queue_s	poison	0
std.c.darwin.dispatch.queue_attr_s	poison	0
std.c.darwin.dispatch.semaphore_s	poison	0
std.c.darwin.dispatch.source_mach_send_flags_t	poison	0
std.c.darwin.dispatch.source_mach_recv_flags_t	poison	0
std.c.darwin.dispatch.source_memorypressure_flags_t	poison	0
std.c.darwin.dispatch.source_proc_flags_t	poison	0
std.c.darwin.dispatch.source_vnode_flags_t	poison	0
std.c.darwin.dispatch.source_timer_flags_t	poison	0
std.c.darwin.dispatch.source_flags_t	poison	0
std.c.darwin.dispatch.source_s	poison	0
std.c.darwin.dispatch.source_type_s	poison	0
std.c.darwin.dispatch.time_t	poison	0
std.c.darwin.EXC	poison	0
std.c.darwin.EXC.MASK	poison	0
std.c.darwin.EXCEPTION	poison	0
std.c.darwin.KEVENT	poison	0
std.c.darwin.KEVENT.FLAG	poison	0
std.c.darwin.MACH	poison	0
std.c.darwin.MACH.EXCEPTION	poison	0
std.c.darwin.MACH.MSG	poison	0
std.c.darwin.MACH.PORT	poison	0
std.c.darwin.MACH.RCV	poison	0
std.c.darwin.MACH.SEND	poison	0
std.c.darwin.MACH.TASK	poison	0
std.c.darwin.MACH.TASK.BASIC	poison	0
std.c.darwin.MATTR	poison	0
std.c.darwin.OS	poison	0
std.c.darwin.OS.LOG_CATEGORY	poison	0
std.c.darwin.TASK	poison	0
std.c.darwin.TASK.VM	poison	0
std.c.darwin.THREAD	poison	0
std.c.darwin.THREAD.BASIC	poison	0
std.c.darwin.THREAD.IDENTIFIER	poison	0
std.c.darwin.THREAD.STATE	poison	0
std.c.darwin.VM	poison	0
std.c.darwin.VM.INHERIT	poison	0
std.c.darwin.VM.BEHAVIOR	poison	0
std.c.darwin.VM.REGION	poison	0
std.c.darwin.dl_info	poison	0
std.c.darwin.COPYFILE	poison	0
std.c.darwin.mach_msg_option_t	poison	0
std.c.darwin.mach_msg_timeout_t	poison	0
std.c.darwin.mach_msg_type_name_t	poison	0
std.c.darwin.mach_port_right_t	poison	0
std.c.darwin.mach_msg_header_t	poison	0
std.c.darwin.vm_region_basic_info_64	poison	0
std.c.darwin.vm_region_extended_info	poison	0
std.c.darwin.vm_region_top_info	poison	0
std.c.darwin.vm_region_submap_info_64	poison	0
std.c.darwin.vm_region_submap_short_info_64	poison	0
std.c.darwin.time_value	poison	0
std.c.darwin.thread_basic_info	poison	0
std.c.darwin.thread_identifier_info	poison	0
std.c.darwin.task_vm_info	poison	0
std.c.darwin.mach_task_basic_info	poison	0
std.c.darwin.qos_class_t	poison	0
std.c.darwin.UL	poison	0
std.c.darwin.UL.Op	poison	0
std.c.darwin.os_unfair_lock	poison	0
std.c.darwin.os_signpost_id_t	poison	0
std.c.darwin.os_log_type_t	poison	0
std.c.darwin.mach_timebase_info_data	poison	0
std.c.darwin.kevent64_s	poison	0
std.c.darwin.mach_timespec_t	poison	0
std.c.darwin.mach_msg_return_t	poison	0
std.c.darwin.CPUFAMILY	poison	0
std.c.darwin.PT	poison	0
std.c.darwin.POSIX_SPAWN	poison	0
std.c.darwin.E	poison	0
std.c.darwin.DB_RECORDTYPE	poison	0
std.c.darwin.TCP	poison	0
std.c.darwin.MSG	poison	0
std.c.darwin.IP	poison	0
std.c.darwin.IPV6	poison	0
std.c.darwin.IPTOS	poison	0
std.c.freebsd	poison	0
std.c.freebsd.UMTX_OP	poison	0
std.c.freebsd._umtx_time	poison	0
std.c.freebsd.Stat	poison	0
std.c.freebsd.cap_rights	poison	0
std.c.freebsd.kinfo_file	poison	0
std.c.freebsd.MFD	poison	0
std.c.freebsd.E	poison	0
std.c.freebsd.IP	poison	0
std.c.freebsd.IPV6	poison	0
std.c.freebsd.IPTOS	poison	0
std.c.illumos	poison	0
std.c.illumos.POSIX_FADV	poison	0
std.c.illumos.priority	poison	0
std.c.illumos.AT_SUN	poison	0
std.c.illumos.AF_SUN	poison	0
std.c.illumos.procfs	poison	0
std.c.illumos.procfs.misc_header	poison	0
std.c.illumos.procfs.fdinfo	poison	0
std.c.illumos.SFD	poison	0
std.c.illumos.signalfd_siginfo	poison	0
std.c.illumos.PORT_SOURCE	poison	0
std.c.illumos.PORT_ALERT	poison	0
std.c.illumos.FILE_EVENT	poison	0
std.c.illumos.port_notify	poison	0
std.c.illumos.file_obj	poison	0
std.c.illumos.lif_nd_req	poison	0
std.c.illumos.lif_ifinfo_req	poison	0
std.c.illumos.lifreq	poison	0
std.c.illumos.IoCtlCommand	poison	0
std.c.illumos.IP	poison	0
std.c.illumos.IPV6	poison	0
std.c.illumos.IPTOS	poison	0
std.c.netbsd	poison	0
std.c.netbsd._ksiginfo	poison	0
std.c.netbsd.E	poison	0
std.c.netbsd.IP	poison	0
std.c.netbsd.IPV6	poison	0
std.c.netbsd.IPTOS	poison	0
std.c.dragonfly	poison	0
std.c.dragonfly.E	poison	0
std.c.dragonfly.cmsgcred	poison	0
std.c.dragonfly.sf_hdtr	poison	0
std.c.dragonfly.IP	poison	0
std.c.dragonfly.IPV6	poison	0
std.c.dragonfly.IPTOS	poison	0
std.c.haiku	poison	0
std.c.haiku.area_info	poison	0
std.c.haiku.image_info	poison	0
std.c.haiku.system_info	poison	0
std.c.haiku.team_info	poison	0
std.c.haiku.directory_which	poison	0
std.c.haiku.E	poison	0
std.c.haiku.DirEnt	poison	0
std.c.haiku.IP	poison	0
std.c.haiku.IPV6	poison	0
std.c.haiku.IPTOS	poison	0
std.c.openbsd	poison	0
std.c.openbsd.pthread_spinlock_t	poison	0
std.c.openbsd.FUTEX	poison	0
std.c.openbsd.login_cap_t	poison	0
std.c.openbsd.auth_item_t	poison	0
std.c.openbsd.BI	poison	0
std.c.openbsd.AUTH	poison	0
std.c.openbsd.TCFLUSH	poison	0
std.c.openbsd.TCIO	poison	0
std.c.openbsd.E	poison	0
std.c.openbsd.HW	poison	0
std.c.openbsd.IP	poison	0
std.c.openbsd.IPV6	poison	0
std.c.openbsd.IPTOS	poison	0
std.c.serenity	poison	0
std.c.serenity.FUTEX	poison	0
std.c.serenity.PERF_EVENT	poison	0
std.c.serenity.IP	poison	0
std.c.serenity.IPV6	poison	0
std.c.serenity.IPTOS	poison	0
std.c.common_linux_Sigaction	poison	0
std.c.posix_msghdr	poison	0
std.c.posix_msghdr_const	poison	0
std.c.posix_cmsghdr	poison	0
std.c.sigrt_private	poison	0
std.c.LC	resolved	0
std.c.div_t	resolved	0
std.c.ldiv_t	resolved	0
std.c.lldiv_t	resolved	0
std.c.imaxdiv_t	resolved	0
std.c.private	poison	0
std.coff	resolved	40
std.coff.Header	resolved	1
std.coff.Header.Flags	resolved	0
std.coff.DllFlags	resolved	0
std.coff.Subsystem	resolved	0
std.coff.OptionalHeader	poison	0
std.coff.OptionalHeader.Magic	resolved	0
std.coff.OptionalHeader.PE32	resolved	0
std.coff.OptionalHeader.@"PE32+"	poison	0
std.coff.ImageDataDirectory	resolved	0
std.coff.BaseRelocationDirectoryEntry	resolved	0
std.coff.BaseRelocation	resolved	0
std.coff.BaseRelocationType	resolved	0
std.coff.DebugDirectoryEntry	resolved	0
std.coff.DebugType	resolved	0
std.coff.ImportDirectoryEntry	resolved	0
std.coff.ImportLookupEntry32	resolved	4
std.coff.ImportLookupEntry32.ByName	resolved	0
std.coff.ImportLookupEntry32.ByOrdinal	resolved	0
std.coff.ImportLookupEntry64	resolved	4
std.coff.ImportLookupEntry64.ByName	resolved	0
std.coff.ImportLookupEntry64.ByOrdinal	resolved	0
std.coff.ImportHintNameEntry	resolved	0
std.coff.SectionHeader	resolved	7
std.coff.SectionHeader.Flags	resolved	1
std.coff.SectionHeader.Flags.Align	resolved	2
std.coff.Symbol	resolved	3
std.coff.SectionNumber	resolved	0
std.coff.SymType	resolved	0
std.coff.BaseType	resolved	0
std.coff.ComplexType	resolved	0
std.coff.StorageClass	resolved	0
std.coff.FunctionDefinition	resolved	0
std.coff.SectionDefinition	resolved	0
std.coff.FileDefinition	resolved	1
std.coff.WeakExternalDefinition	resolved	1
std.coff.WeakExternalFlag	resolved	0
std.coff.ComdatSelection	resolved	0
std.coff.DebugInfoDefinition	resolved	0
std.coff.Coff	resolved	18
std.coff.Symtab	resolved	6
std.coff.Symtab.Tag	resolved	0
std.coff.Symtab.Record	resolved	0
std.coff.Symtab.Slice	resolved	1
std.coff.Strtab	resolved	1
std.coff.ImportHeader	resolved	0
std.coff.ImportType	resolved	0
std.coff.ImportNameType	resolved	0
std.coff.Relocation	resolved	0
std.coff.IMAGE	resolved	3
std.coff.IMAGE.DIRECTORY_ENTRY	resolved	1
std.coff.IMAGE.FILE	resolved	1
std.coff.IMAGE.FILE.MACHINE	resolved	1
std.coff.IMAGE.REL	resolved	9
std.coff.IMAGE.REL.AMD64	resolved	0
std.coff.IMAGE.REL.ARM	resolved	0
std.coff.IMAGE.REL.ARM64	resolved	0
std.coff.IMAGE.REL.SH	resolved	0
std.coff.IMAGE.REL.PPC	resolved	0
std.coff.IMAGE.REL.I386	resolved	0
std.coff.IMAGE.REL.IA64	resolved	0
std.coff.IMAGE.REL.MIPS	resolved	0
std.coff.IMAGE.REL.M32R	resolved	0
std.compress	resolved	5
std.compress.flate	resolved	5
std.compress.flate.Compress	resolved	7
std.compress.flate.Compress.token	poison	0
std.compress.flate.Compress.token.ShortCode	poison	0
std.compress.flate.Compress.token.ShortCode()	skipped	0
std.compress.flate.Compress.token.LookupLenCode	poison	0
std.compress.flate.Compress.token.LookupDistCode	poison	0
std.compress.flate.Compress.PackedOptionalU15	poison	0
std.compress.flate.Compress.BitWriter	poison	0
std.compress.flate.Compress.TokenBufferEntryHeader	poison	0
std.compress.flate.Compress.BlockHeader	poison	0
std.compress.flate.Compress.BlockHeader.Dynamic	poison	0
std.compress.flate.Compress.Options	resolved	12
std.compress.flate.Compress.huffman	poison	0
std.compress.flate.Compress.huffman.Node	poison	0
std.compress.flate.Compress.FreqBufIndex	poison	0
std.compress.flate.Compress.PackedContainer	poison	0
std.compress.flate.Compress.Raw	resolved	1
std.compress.flate.Compress.Huffman	resolved	1
std.compress.flate.Compress.Huffman.CodesBuf	poison	0
std.compress.flate.Decompress	resolved	12
std.compress.flate.Decompress.BlockType	poison	0
std.compress.flate.Decompress.State	poison	0
std.compress.flate.Decompress.Symbol	resolved	0
std.compress.flate.Decompress.HuffmanDecoder	poison	0
std.compress.flate.Decompress.HuffmanDecoder()	skipped	0
std.compress.flate.Container	resolved	8
std.compress.flate.Container.Hasher	resolved	4
std.compress.flate.Container.Metadata	resolved	2
std.compress.lzma	resolved	3
std.compress.lzma.RangeDecoder	resolved	6
std.compress.lzma.Decode	resolved	12
std.compress.lzma.Decode.CircularBuffer	resolved	9
std.compress.lzma.Decode.BitTree	resolved	1
std.compress.lzma.Decode.BitTree()	skipped	0
std.compress.lzma.Decode.LenDecoder	resolved	2
std.compress.lzma.Decode.Vec2d	resolved	3
std.compress.lzma.Decode.Options	resolved	0
std.compress.lzma.Decode.UnpackedSize	resolved	0
std.compress.lzma.Decode.ProcessingStatus	poison	0
std.compress.lzma.Decode.Properties	resolved	0
std.compress.lzma.Decode.Params	resolved	1
std.compress.lzma.Decompress	resolved	5
std.compress.lzma2	resolved	2
std.compress.lzma2.AccumBuffer	resolved	9
std.compress.lzma2.Decode	resolved	3
std.compress.xz	resolved	1
std.compress.xz.Decompress	resolved	7
std.compress.xz.Decompress.Check	resolved	0
std.compress.xz.Decompress.StreamFlags	resolved	0
std.compress.zstd	resolved	15
std.compress.zstd.Decompress	resolved	7
std.compress.zstd.Decompress.State	poison	0
std.compress.zstd.Decompress.State.InFrame	poison	0
std.compress.zstd.Decompress.Options	resolved	0
std.compress.zstd.Decompress.Frame	resolved	5
std.compress.zstd.Decompress.Frame.Magic	resolved	2
std.compress.zstd.Decompress.Frame.Kind	resolved	0
std.compress.zstd.Decompress.Frame.Zstandard	resolved	4
std.compress.zstd.Decompress.Frame.Zstandard.Header	resolved	4
std.compress.zstd.Decompress.Frame.Zstandard.Header.Descriptor	resolved	0
std.compress.zstd.Decompress.Frame.Zstandard.Block	resolved	2
std.compress.zstd.Decompress.Frame.Zstandard.Block.Header	resolved	0
std.compress.zstd.Decompress.Frame.Zstandard.Block.Type	resolved	0
std.compress.zstd.Decompress.Frame.Zstandard.Decode	resolved	3
std.compress.zstd.Decompress.Frame.Zstandard.Decode.StateData	poison	0
std.compress.zstd.Decompress.Frame.Zstandard.Decode.StateData()	skipped	0
std.compress.zstd.Decompress.Frame.Zstandard.Decode.WhichFse	poison	0
std.compress.zstd.Decompress.Frame.Zstandard.Decode.Sequence	poison	0
std.compress.zstd.Decompress.Frame.Skippable	resolved	3
std.compress.zstd.Decompress.Frame.Skippable.Header	resolved	0
std.compress.zstd.Decompress.LiteralsSection	resolved	8
std.compress.zstd.Decompress.LiteralsSection.Streams	resolved	0
std.compress.zstd.Decompress.LiteralsSection.Header	resolved	1
std.compress.zstd.Decompress.LiteralsSection.BlockType	resolved	0
std.compress.zstd.Decompress.LiteralsSection.HuffmanTree	resolved	6
std.compress.zstd.Decompress.LiteralsSection.HuffmanTree.PrefixedSymbol	resolved	0
std.compress.zstd.Decompress.LiteralsSection.HuffmanTree.Result	resolved	0
std.compress.zstd.Decompress.LiteralsSection.StreamCount	resolved	0
std.compress.zstd.Decompress.SequencesSection	resolved	1
std.compress.zstd.Decompress.SequencesSection.Header	resolved	3
std.compress.zstd.Decompress.SequencesSection.Header.Mode	resolved	0
std.compress.zstd.Decompress.Table	resolved	6
std.compress.zstd.Decompress.Table.Fse	resolved	0
std.compress.zstd.Decompress.Bits	poison	0
std.compress.zstd.Decompress.Bits()	skipped	0
std.compress.zstd.Decompress.ReverseBitReader	poison	0
std.compress.zstd.Decompress.BitReader	poison	0
std.compress.zstd.table_accuracy_log_max	resolved	3
std.compress.zstd.table_symbol_count_max	resolved	3
std.compress.zstd.default_accuracy_log	resolved	3
std.compress.zstd.table_size_max	resolved	3
std.static_string_map	resolved	4
std.static_string_map.StaticStringMapWithEql	resolved	1
std.static_string_map.StaticStringMapWithEql()	skipped	0
std.static_string_map.StaticStringMapWithEql().KV	skipped	0
std.static_string_map.StaticStringMapWithEql().KVs	skipped	0
std.static_string_map.StaticStringMapWithEql().SortContext	skipped	0
std.static_string_map.TestEnum	poison	0
std.static_string_map.TestKV	poison	0
std.static_string_map.TestKVVoid	poison	0
std.crypto	resolved	22
std.crypto.timing_safe	resolved	6
std.crypto.aead	resolved	10
std.crypto.aead.aegis	resolved	84
std.crypto.aead.aegis.variants	poison	0
std.crypto.aead.aegis.variants.State128X	poison	0
std.crypto.aead.aegis.variants.State128X()	skipped	0
std.crypto.aead.aegis.variants.Aegis128XGeneric	poison	0
std.crypto.aead.aegis.variants.Aegis128XGeneric()	skipped	0
std.crypto.aead.aegis.variants.State256X	poison	0
std.crypto.aead.aegis.variants.State256X()	skipped	0
std.crypto.aead.aegis.variants.Aegis256XGeneric	poison	0
std.crypto.aead.aegis.variants.Aegis256XGeneric()	skipped	0
std.crypto.aead.aegis.variants.AegisMac	poison	0
std.crypto.aead.aegis.variants.AegisMac()	skipped	0
std.crypto.aead.aes_gcm	resolved	12
std.crypto.aead.aes_gcm_siv	resolved	12
std.crypto.aead.aes_siv	resolved	14
std.crypto.aead.aes_ocb	resolved	12
std.crypto.aead.aes_ccm	resolved	36
std.crypto.aead.aes_ccm.cbc_mac	poison	0
std.crypto.aead.aes_ccm.cbc_mac.CbcMac	poison	0
std.crypto.aead.aes_ccm.cbc_mac.CbcMac()	skipped	0
std.crypto.aead.aes_ccm.AesCcm	poison	0
std.crypto.aead.aes_ccm.AesCcm()	skipped	0
std.crypto.aead.ascon	resolved	1
std.crypto.aead.ascon.AsconAead128	resolved	6
std.crypto.aead.ascon.AsconAead128.AeadState	poison	0
std.crypto.aead.chacha_poly	resolved	36
std.crypto.aead.isap	resolved	1
std.crypto.aead.isap.IsapA128A	resolved	5
std.crypto.aead.salsa_poly	resolved	1
std.crypto.aead.salsa_poly.XSalsa20Poly1305	resolved	5
std.crypto.auth	resolved	7
std.crypto.auth.hmac	resolved	18
std.crypto.auth.hmac.sha2	resolved	32
std.crypto.auth.hmac.Hmac	resolved	1
std.crypto.auth.hmac.Hmac()	skipped	0
std.crypto.auth.siphash	resolved	2
std.crypto.auth.siphash.SipHashStateless	poison	0
std.crypto.auth.siphash.SipHashStateless()	skipped	0
std.crypto.auth.siphash.SipHash	poison	0
std.crypto.auth.siphash.SipHash()	skipped	0
std.crypto.auth.aegis	resolved	132
std.crypto.auth.cmac	resolved	9
std.crypto.auth.cmac.Cmac	resolved	1
std.crypto.auth.cmac.Cmac()	skipped	0
std.crypto.core	resolved	4
std.crypto.core.aes	resolved	30
std.crypto.core.keccak	resolved	2
std.crypto.core.keccak.KeccakF	resolved	1
std.crypto.core.keccak.KeccakF()	skipped	0
std.crypto.core.keccak.State	resolved	1
std.crypto.core.keccak.State()	skipped	0
std.crypto.core.Ascon	resolved	1
std.crypto.core.Ascon()	skipped	0
std.crypto.core.modes	resolved	2
std.crypto.dh	resolved	1
std.crypto.dh.X25519	resolved	9
std.crypto.dh.X25519.Curve	resolved	12
std.crypto.dh.X25519.Curve.Fe	resolved	34
std.crypto.dh.X25519.Curve.scalar	resolved	15
std.crypto.dh.X25519.Curve.scalar.Scalar	resolved	9
std.crypto.dh.X25519.Curve.scalar.ScalarDouble	poison	0
std.crypto.dh.X25519.KeyPair	resolved	3
std.crypto.kem	resolved	3
std.crypto.kem.hybrid	resolved	17
std.crypto.kem.hybrid.Params	resolved	0
std.crypto.kem.hybrid.HybridKem	resolved	1
std.crypto.kem.hybrid.HybridKem()	skipped	0
std.crypto.kem.hybrid.HybridKem().PublicKey	skipped	0
std.crypto.kem.hybrid.HybridKem().SecretKey	skipped	0
std.crypto.kem.hybrid.HybridKem().KeyPair	skipped	0
std.crypto.kem.hybrid.HybridKem().EncapsulatedSecret	skipped	0
std.crypto.kem.hybrid.NistCurveGroup	poison	0
std.crypto.kem.hybrid.NistCurveGroup()	skipped	0
std.crypto.kem.hybrid.X25519Group	poison	0
std.crypto.kem.kyber_d00	resolved	30
std.crypto.kem.ml_kem	resolved	30
std.crypto.ecc	resolved	6
std.crypto.ecc.Curve25519	resolved	27
std.crypto.ecc.Curve25519.Fe	resolved	34
std.crypto.ecc.Edwards25519	resolved	40
std.crypto.ecc.Edwards25519.Fe	resolved	34
std.crypto.ecc.P256	resolved	51
std.crypto.ecc.P256.scalar	resolved	13
std.crypto.ecc.P256.scalar.common	poison	0
std.crypto.ecc.P256.scalar.common.FieldParams	poison	0
std.crypto.ecc.P256.scalar.common.Field	poison	0
std.crypto.ecc.P256.scalar.common.Field()	skipped	0
std.crypto.ecc.P256.scalar.Scalar	resolved	20
std.crypto.ecc.P256.scalar.ScalarDouble	poison	0
std.crypto.ecc.P384	resolved	51
std.crypto.ecc.P384.scalar	resolved	12
std.crypto.ecc.P384.scalar.Scalar	resolved	19
std.crypto.ecc.P384.scalar.ScalarDouble	poison	0
std.crypto.ecc.Ristretto255	resolved	63
std.crypto.ecc.Ristretto255.Curve	resolved	40
std.crypto.ecc.Ristretto255.Curve.Fe	resolved	34
std.crypto.ecc.Secp256k1	resolved	52
std.crypto.ecc.Secp256k1.scalar	resolved	13
std.crypto.ecc.Secp256k1.scalar.Scalar	resolved	20
std.crypto.ecc.Secp256k1.scalar.ScalarDouble	poison	0
std.crypto.ecc.Secp256k1.Endormorphism	resolved	2
std.crypto.ecc.Secp256k1.Endormorphism.SplitScalar	resolved	0
std.crypto.hash	resolved	8
std.crypto.hash.ascon	resolved	23
std.crypto.hash.ascon.variants	poison	0
std.crypto.hash.ascon.variants.State	poison	0
std.crypto.hash.ascon.variants.State()	skipped	0
std.crypto.hash.ascon.variants.AsconAead128	poison	0
std.crypto.hash.ascon.variants.AsconAead128.AeadState	poison	0
std.crypto.hash.ascon.variants.AsconHash256	poison	0
std.crypto.hash.ascon.variants.AsconXof128	poison	0
std.crypto.hash.ascon.variants.AsconCxof128	poison	0
std.crypto.hash.ascon.variants.AsconCxof128.Options	poison	0
std.crypto.hash.blake2	resolved	101
std.crypto.hash.blake2.RoundParam	poison	0
std.crypto.hash.blake2.Blake2s	resolved	1
std.crypto.hash.blake2.Blake2s()	skipped	0
std.crypto.hash.blake2.Blake2s().Options	skipped	0
std.crypto.hash.blake2.Blake2b	resolved	1
std.crypto.hash.blake2.Blake2b()	skipped	0
std.crypto.hash.blake2.Blake2b().Options	skipped	0
std.crypto.hash.Blake3	resolved	13
std.crypto.hash.Blake3.Options	resolved	0
std.crypto.hash.Md5	resolved	8
std.crypto.hash.Sha1	resolved	9
std.crypto.hash.Sha1.RoundParam	poison	0
std.crypto.hash.sha2	resolved	90
std.crypto.hash.sha2.Sha2x32	poison	0
std.crypto.hash.sha2.Sha2x32()	skipped	0
std.crypto.hash.sha2.RoundParam256	poison	0
std.crypto.hash.sha2.Sha2x64	poison	0
std.crypto.hash.sha2.Sha2x64()	skipped	0
std.crypto.hash.sha2.RoundParam512	poison	0
std.crypto.hash.sha3	resolved	163
std.crypto.hash.sha3.kangarootwelve	poison	0
std.crypto.hash.sha3.kangarootwelve.KangarooVariant	poison	0
std.crypto.hash.sha3.kangarootwelve.KangarooVariant()	skipped	0
std.crypto.hash.sha3.kangarootwelve.RightEncoded	poison	0
std.crypto.hash.sha3.kangarootwelve.MultiSliceView	poison	0
std.crypto.hash.sha3.kangarootwelve.LeafBatchContext	poison	0
std.crypto.hash.sha3.kangarootwelve.BatchResult	poison	0
std.crypto.hash.sha3.kangarootwelve.BatchResult()	skipped	0
std.crypto.hash.sha3.kangarootwelve.SelectLeafContext	poison	0
std.crypto.hash.sha3.kangarootwelve.SelectLeafContext()	skipped	0
std.crypto.hash.sha3.kangarootwelve.FinalLeafContext	poison	0
std.crypto.hash.sha3.kangarootwelve.FinalLeafContext()	skipped	0
std.crypto.hash.sha3.kangarootwelve.KTHash	poison	0
std.crypto.hash.sha3.kangarootwelve.KTHash()	skipped	0
std.crypto.hash.sha3.kangarootwelve.KTHash().Options	skipped	0
std.crypto.hash.sha3.Keccak	resolved	1
std.crypto.hash.sha3.Keccak()	skipped	0
std.crypto.hash.sha3.Keccak().Options	skipped	0
std.crypto.hash.sha3.ShakeLike	poison	0
std.crypto.hash.sha3.ShakeLike()	skipped	0
std.crypto.hash.sha3.ShakeLike().Options	skipped	0
std.crypto.hash.sha3.CShakeLike	poison	0
std.crypto.hash.sha3.CShakeLike()	skipped	0
std.crypto.hash.sha3.CShakeLike().Options	skipped	0
std.crypto.hash.sha3.KMacLike	poison	0
std.crypto.hash.sha3.KMacLike()	skipped	0
std.crypto.hash.sha3.KMacLike().Options	skipped	0
std.crypto.hash.sha3.TupleHashLike	poison	0
std.crypto.hash.sha3.TupleHashLike()	skipped	0
std.crypto.hash.sha3.TupleHashLike().Options	skipped	0
std.crypto.hash.sha3.NistLengthEncoding	resolved	2
std.crypto.hash.sha3.NistLengthEncoding.Length	resolved	1
std.crypto.hash.composition	resolved	25
std.crypto.hash.composition.Composition	resolved	1
std.crypto.hash.composition.Composition()	skipped	0
std.crypto.hash.composition.Composition().Options	skipped	0
std.crypto.kdf	resolved	1
std.crypto.kdf.hkdf	resolved	11
std.crypto.kdf.hkdf.Hkdf	resolved	1
std.crypto.kdf.hkdf.Hkdf()	skipped	0
std.crypto.onetimeauth	resolved	21
std.crypto.onetimeauth.Poly1305	resolved	8
std.crypto.pwhash	resolved	14
std.crypto.pwhash.Encoding	resolved	0
std.crypto.pwhash.argon2	resolved	7
std.crypto.pwhash.argon2.Mode	resolved	0
std.crypto.pwhash.argon2.Params	resolved	8
std.crypto.pwhash.argon2.QuarterRound	poison	0
std.crypto.pwhash.argon2.PhcFormatHasher	poison	0
std.crypto.pwhash.argon2.PhcFormatHasher.HashResult	poison	0
std.crypto.pwhash.argon2.HashOptions	resolved	0
std.crypto.pwhash.argon2.VerifyOptions	resolved	0
std.crypto.pwhash.bcrypt	resolved	12
std.crypto.pwhash.bcrypt.phc_format	poison	0
std.crypto.pwhash.bcrypt.phc_format.BinValue	poison	0
std.crypto.pwhash.bcrypt.phc_format.BinValue()	skipped	0
std.crypto.pwhash.bcrypt.State	resolved	0
std.crypto.pwhash.bcrypt.State.Halves	poison	0
std.crypto.pwhash.bcrypt.Params	resolved	1
std.crypto.pwhash.bcrypt.pbkdf_prf	poison	0
std.crypto.pwhash.bcrypt.crypt_format	poison	0
std.crypto.pwhash.bcrypt.PhcFormatHasher	poison	0
std.crypto.pwhash.bcrypt.PhcFormatHasher.HashResult	poison	0
std.crypto.pwhash.bcrypt.CryptFormatHasher	poison	0
std.crypto.pwhash.bcrypt.HashOptions	resolved	0
std.crypto.pwhash.bcrypt.VerifyOptions	resolved	0
std.crypto.pwhash.scrypt	resolved	8
std.crypto.pwhash.scrypt.QuarterRound	poison	0
std.crypto.pwhash.scrypt.Params	resolved	4
std.crypto.pwhash.scrypt.crypt_format	poison	0
std.crypto.pwhash.scrypt.crypt_format.HashResult	poison	0
std.crypto.pwhash.scrypt.crypt_format.HashResult()	skipped	0
std.crypto.pwhash.scrypt.crypt_format.BinValue	poison	0
std.crypto.pwhash.scrypt.crypt_format.BinValue()	skipped	0
std.crypto.pwhash.scrypt.crypt_format.CustomB64Codec	poison	0
std.crypto.pwhash.scrypt.crypt_format.CustomB64Codec()	skipped	0
std.crypto.pwhash.scrypt.PhcFormatHasher	poison	0
std.crypto.pwhash.scrypt.PhcFormatHasher.HashResult	poison	0
std.crypto.pwhash.scrypt.CryptFormatHasher	poison	0
std.crypto.pwhash.scrypt.HashOptions	resolved	0
std.crypto.pwhash.scrypt.VerifyOptions	resolved	0
std.crypto.sign	resolved	3
std.crypto.sign.Ed25519	resolved	36
std.crypto.sign.Ed25519.SecretKey	resolved	5
std.crypto.sign.Ed25519.Signer	resolved	2
std.crypto.sign.Ed25519.PublicKey	resolved	3
std.crypto.sign.Ed25519.Verifier	resolved	5
std.crypto.sign.Ed25519.Signature	resolved	7
std.crypto.sign.Ed25519.KeyPair	resolved	7
std.crypto.sign.Ed25519.BatchElement	resolved	0
std.crypto.sign.Ed25519.key_blinding	resolved	4
std.crypto.sign.Ed25519.key_blinding.BlindSecretKey	resolved	0
std.crypto.sign.Ed25519.key_blinding.BlindPublicKey	resolved	1
std.crypto.sign.Ed25519.key_blinding.BlindKeyPair	resolved	2
std.crypto.sign.ecdsa	resolved	49
std.crypto.sign.ecdsa.Ecdsa	resolved	1
std.crypto.sign.ecdsa.Ecdsa()	skipped	0
std.crypto.sign.ecdsa.Ecdsa().SecretKey	skipped	0
std.crypto.sign.ecdsa.Ecdsa().PublicKey	skipped	0
std.crypto.sign.ecdsa.Ecdsa().Signature	skipped	0
std.crypto.sign.ecdsa.Ecdsa().Signer	skipped	0
std.crypto.sign.ecdsa.Ecdsa().Verifier	skipped	0
std.crypto.sign.ecdsa.Ecdsa().KeyPair	skipped	0
std.crypto.sign.ecdsa.TestVector	poison	0
std.crypto.sign.mldsa	resolved	54
std.crypto.sign.mldsa.Params	poison	0
std.crypto.sign.mldsa.Poly	poison	0
std.crypto.sign.mldsa.PolyVec	poison	0
std.crypto.sign.mldsa.PolyVec()	skipped	0
std.crypto.sign.mldsa.Mat	poison	0
std.crypto.sign.mldsa.Mat()	skipped	0
std.crypto.sign.mldsa.MLDSAImpl	poison	0
std.crypto.sign.mldsa.MLDSAImpl()	skipped	0
std.crypto.sign.mldsa.MLDSAImpl().PublicKey	skipped	0
std.crypto.sign.mldsa.MLDSAImpl().SecretKey	skipped	0
std.crypto.sign.mldsa.MLDSAImpl().Signature	skipped	0
std.crypto.sign.mldsa.MLDSAImpl().Signer	skipped	0
std.crypto.sign.mldsa.MLDSAImpl().Verifier	skipped	0
std.crypto.sign.mldsa.MLDSAImpl().KeyPair	skipped	0
std.crypto.stream	resolved	2
std.crypto.stream.chacha	resolved	54
std.crypto.stream.salsa	resolved	10
std.crypto.stream.salsa.Salsa	resolved	1
std.crypto.stream.salsa.Salsa()	skipped	0
std.crypto.stream.salsa.XSalsa	resolved	1
std.crypto.stream.salsa.XSalsa()	skipped	0
std.crypto.nacl	resolved	25
std.crypto.nacl.salsa20	poison	0
std.crypto.nacl.salsa20.SalsaVecImpl	poison	0
std.crypto.nacl.salsa20.SalsaVecImpl()	skipped	0
std.crypto.nacl.salsa20.SalsaNonVecImpl	poison	0
std.crypto.nacl.salsa20.SalsaNonVecImpl()	skipped	0
std.crypto.nacl.salsa20.SalsaNonVecImpl().QuarterRound	skipped	0
std.crypto.nacl.salsa20.Salsa	poison	0
std.crypto.nacl.salsa20.Salsa()	skipped	0
std.crypto.nacl.salsa20.XSalsa	poison	0
std.crypto.nacl.salsa20.XSalsa()	skipped	0
std.crypto.nacl.salsa20.XSalsa20Poly1305	poison	0
std.crypto.nacl.salsa20.SecretBox	poison	0
std.crypto.nacl.salsa20.Box	poison	0
std.crypto.nacl.salsa20.SealedBox	poison	0
std.crypto.ff	resolved	8
std.crypto.ff.WideLimb	poison	0
std.crypto.ff.Uint	resolved	1
std.crypto.ff.Uint()	skipped	0
std.crypto.ff.Fe_	poison	0
std.crypto.ff.Fe_()	skipped	0
std.crypto.ff.Modulus	resolved	1
std.crypto.ff.Modulus()	skipped	0
std.crypto.ff.ct_protected	poison	0
std.crypto.ff.ct_unprotected	poison	0
std.crypto.codecs	resolved	3
std.crypto.codecs.asn1	resolved	18
std.crypto.codecs.asn1.der	resolved	4
std.crypto.codecs.asn1.der.Decoder	resolved	4
std.crypto.codecs.asn1.der.Decoder.Oid	poison	0
std.crypto.codecs.asn1.der.Decoder.Oid.TestCase	poison	0
std.crypto.codecs.asn1.der.Decoder.Oid.StaticMap	poison	0
std.crypto.codecs.asn1.der.Decoder.Oid.StaticMap()	skipped	0
std.crypto.codecs.asn1.der.Encoder	poison	0
std.crypto.codecs.asn1.der.Encoder.ArrayListReverse	poison	0
std.crypto.codecs.asn1.Tag	resolved	8
std.crypto.codecs.asn1.Tag.Number	resolved	0
std.crypto.codecs.asn1.Tag.Class	resolved	0
std.crypto.codecs.asn1.Tag.FirstTag	poison	0
std.crypto.codecs.asn1.Tag.NextTag	poison	0
std.crypto.codecs.asn1.Element	resolved	3
std.crypto.codecs.asn1.Element.Slice	resolved	2
std.crypto.codecs.asn1.ExpectedTag	resolved	3
std.crypto.codecs.asn1.FieldTag	resolved	4
std.crypto.codecs.asn1.BitString	resolved	3
std.crypto.codecs.asn1.Opaque	resolved	1
std.crypto.codecs.asn1.Opaque()	skipped	0
std.crypto.codecs.asn1.Any	resolved	2
std.crypto.codecs.base64	resolved	7
std.crypto.codecs.base64.Variant	resolved	4
std.crypto.codecs.base64.DecoderWithIgnore	resolved	3
std.crypto.codecs.hex	resolved	4
std.crypto.codecs.hex.DecoderWithIgnore	resolved	3
std.crypto.errors	resolved	14
std.crypto.tls	resolved	32
std.crypto.tls.Client	resolved	8
std.crypto.tls.Client.SslKeyLog	resolved	0
std.crypto.tls.Client.Options	resolved	1
std.crypto.tls.Client.KeyShare	poison	0
std.crypto.tls.Client.CertificatePublicKey	poison	0
std.crypto.tls.ProtocolVersion	resolved	0
std.crypto.tls.ContentType	resolved	0
std.crypto.tls.HandshakeType	resolved	0
std.crypto.tls.ExtensionType	resolved	0
std.crypto.tls.Alert	resolved	2
std.crypto.tls.Alert.Level	resolved	0
std.crypto.tls.Alert.Description	resolved	2
std.crypto.tls.SignatureScheme	resolved	0
std.crypto.tls.NamedGroup	resolved	0
std.crypto.tls.PskKeyExchangeMode	resolved	0
std.crypto.tls.CipherSuite	resolved	2
std.crypto.tls.CipherSuite.With	resolved	0
std.crypto.tls.CompressionMethod	resolved	0
std.crypto.tls.CertificateType	resolved	0
std.crypto.tls.KeyUpdateRequest	resolved	0
std.crypto.tls.ChangeCipherSpecType	resolved	0
std.crypto.tls.HandshakeCipherT	resolved	1
std.crypto.tls.HandshakeCipherT()	skipped	0
std.crypto.tls.HandshakeCipher	resolved	0
std.crypto.tls.ApplicationCipherT	resolved	1
std.crypto.tls.ApplicationCipherT()	skipped	0
std.crypto.tls.ApplicationCipherT().Tls_1_2	skipped	0
std.crypto.tls.ApplicationCipherT().Tls_1_3	skipped	0
std.crypto.tls.ApplicationCipher	resolved	0
std.crypto.tls.Decoder	resolved	11
std.crypto.Certificate	resolved	30
std.crypto.Certificate.Bundle	resolved	19
std.crypto.Certificate.Bundle.MapContext	poison	0
std.crypto.Certificate.Version	resolved	0
std.crypto.Certificate.Algorithm	resolved	2
std.crypto.Certificate.AlgorithmCategory	resolved	1
std.crypto.Certificate.Attribute	resolved	1
std.crypto.Certificate.NamedCurve	resolved	2
std.crypto.Certificate.ExtensionId	resolved	1
std.crypto.Certificate.GeneralNameTag	resolved	0
std.crypto.Certificate.Parsed	resolved	16
std.crypto.Certificate.Parsed.PubKeyAlgo	resolved	0
std.crypto.Certificate.Parsed.Validity	resolved	0
std.crypto.Certificate.Date	poison	0
std.crypto.Certificate.der	resolved	5
std.crypto.Certificate.der.Class	resolved	0
std.crypto.Certificate.der.PC	resolved	0
std.crypto.Certificate.der.Identifier	resolved	0
std.crypto.Certificate.der.Tag	resolved	0
std.crypto.Certificate.der.Element	resolved	3
std.crypto.Certificate.der.Element.Slice	resolved	1
std.crypto.Certificate.rsa	resolved	3
std.crypto.Certificate.rsa.PSSSignature	resolved	4
std.crypto.Certificate.rsa.PKCS1v1_5Signature	resolved	4
std.crypto.Certificate.rsa.PublicKey	resolved	4
std.crypto.SideChannelsMitigations	resolved	0
std.debug	resolved	69
std.debug.Dwarf	resolved	30
std.debug.Dwarf.expression	resolved	5
std.debug.Dwarf.expression.Context	resolved	0
std.debug.Dwarf.expression.Options	resolved	0
std.debug.Dwarf.expression.StackMachine	resolved	1
std.debug.Dwarf.expression.StackMachine()	skipped	0
std.debug.Dwarf.expression.StackMachine().Operand	skipped	0
std.debug.Dwarf.expression.StackMachine().Value	skipped	0
std.debug.Dwarf.expression.Builder	resolved	1
std.debug.Dwarf.expression.Builder()	skipped	0
std.debug.Dwarf.Unwind	resolved	11
std.debug.Dwarf.Unwind.VirtualMachine	resolved	10
std.debug.Dwarf.Unwind.VirtualMachine.RegisterRule	resolved	0
std.debug.Dwarf.Unwind.VirtualMachine.CfaRule	resolved	0
std.debug.Dwarf.Unwind.VirtualMachine.Row	resolved	0
std.debug.Dwarf.Unwind.VirtualMachine.Column	resolved	0
std.debug.Dwarf.Unwind.VirtualMachine.ColumnRange	poison	0
std.debug.Dwarf.Unwind.VirtualMachine.OpcodeByte	poison	0
std.debug.Dwarf.Unwind.VirtualMachine.Instruction	resolved	1
std.debug.Dwarf.Unwind.SortedFdeEntry	poison	0
std.debug.Dwarf.Unwind.Section	resolved	0
std.debug.Dwarf.Unwind.EhFrameHeader	resolved	2
std.debug.Dwarf.Unwind.EhFrameHeader.SearchTable	resolved	0
std.debug.Dwarf.Unwind.EntryHeader	poison	0
std.debug.Dwarf.Unwind.CommonInformationEntry	resolved	1
std.debug.Dwarf.Unwind.CommonInformationEntry.AugmentationKind	resolved	0
std.debug.Dwarf.Unwind.FrameDescriptionEntry	resolved	0
std.debug.Dwarf.Unwind.EhPointerContext	poison	0
std.debug.Dwarf.SelfUnwinder	resolved	7
std.debug.Dwarf.SelfUnwinder.CacheEntry	resolved	3
std.debug.Dwarf.Range	resolved	0
std.debug.Dwarf.Section	resolved	1
std.debug.Dwarf.Section.Id	resolved	0
std.debug.Dwarf.Abbrev	resolved	0
std.debug.Dwarf.Abbrev.Attr	poison	0
std.debug.Dwarf.Abbrev.Table	poison	0
std.debug.Dwarf.CompileUnit	resolved	1
std.debug.Dwarf.CompileUnit.SrcLocCache	resolved	108
std.debug.Dwarf.CompileUnit.SrcLocCache.LineEntry	resolved	2
std.debug.Dwarf.FormValue	resolved	0
std.debug.Dwarf.Die	resolved	1
std.debug.Dwarf.Die.Attr	poison	0
std.debug.Dwarf.PcRange	poison	0
std.debug.Dwarf.Func	poison	0
std.debug.Dwarf.DebugRangeIterator	poison	0
std.debug.Dwarf.FileEntry	poison	0
std.debug.Dwarf.LineNumberProgram	poison	0
std.debug.Dwarf.UnitHeader	poison	0
std.debug.Pdb	resolved	21
std.debug.Pdb.Module	resolved	1
std.debug.Pdb.InlineSiteSymIterator	resolved	1
std.debug.Pdb.BinaryAnnotation	resolved	7
std.debug.Pdb.BinaryAnnotation.RangeKind	resolved	0
std.debug.Pdb.BinaryAnnotation.RangeIterator	resolved	3
std.debug.Pdb.BinaryAnnotation.RangeIterator.PartialRange	poison	0
std.debug.Pdb.BinaryAnnotation.RangeIterator.Range	resolved	1
std.debug.Pdb.BinaryAnnotation.Iterator	resolved	2
std.debug.Pdb.InlineeSourceLine	resolved	0
std.debug.Pdb.Msf	poison	0
std.debug.Pdb.MsfStream	poison	0
std.debug.ElfFile	resolved	7
std.debug.ElfFile.UnwindSection	resolved	0
std.debug.ElfFile.SymtabSection	resolved	0
std.debug.ElfFile.DebugInfoSearchPaths	resolved	2
std.debug.ElfFile.Section	poison	0
std.debug.ElfFile.Section.Id	poison	0
std.debug.ElfFile.LoadInnerResult	poison	0
std.debug.MachOFile	resolved	5
std.debug.MachOFile.OFile	poison	0
std.debug.MachOFile.OFile.SymbolAdapter	poison	0
std.debug.MachOFile.Symbol	poison	0
std.debug.Info	resolved	5
std.debug.Coverage	resolved	10
std.debug.Coverage.String	resolved	2
std.debug.Coverage.String.MapContext	resolved	2
std.debug.Coverage.String.SliceAdapter	resolved	2
std.debug.Coverage.SourceLocation	resolved	1
std.debug.Coverage.File	resolved	3
std.debug.Coverage.File.Index	resolved	0
std.debug.Coverage.File.MapContext	resolved	2
std.debug.Coverage.File.SliceAdapter	resolved	3
std.debug.Coverage.File.SliceAdapter.Entry	resolved	0
std.debug.cpu_context	resolved	9
std.debug.cpu_context.Aarch64	poison	0
std.debug.cpu_context.Arc	poison	0
std.debug.cpu_context.Arm	poison	0
std.debug.cpu_context.Csky	poison	0
std.debug.cpu_context.Hexagon	poison	0
std.debug.cpu_context.Kvx	poison	0
std.debug.cpu_context.Lanai	poison	0
std.debug.cpu_context.LoongArch	poison	0
std.debug.cpu_context.M68k	poison	0
std.debug.cpu_context.Mips	poison	0
std.debug.cpu_context.Or1k	poison	0
std.debug.cpu_context.Powerpc	poison	0
std.debug.cpu_context.Riscv	poison	0
std.debug.cpu_context.S390x	poison	0
std.debug.cpu_context.Sparc	poison	0
std.debug.cpu_context.Ve	poison	0
std.debug.cpu_context.X86_16	poison	0
std.debug.cpu_context.X86_16.Register	poison	0
std.debug.cpu_context.X86	poison	0
std.debug.cpu_context.X86.Gpr	poison	0
std.debug.cpu_context.X86_64	poison	0
std.debug.cpu_context.X86_64.Gpr	poison	0
std.debug.simple_panic	resolved	26
std.debug.no_panic	resolved	26
std.debug.FullPanic	resolved	1
std.debug.FullPanic()	skipped	0
std.debug.SourceLocation	resolved	1
std.debug.Symbol	resolved	1
std.debug.StackTrace	resolved	0
std.debug.SkippedAddresses	resolved	0
std.debug.StackUnwindOptions	resolved	0
std.debug.FormatStackTrace	resolved	1
std.debug.StackIterator	poison	0
std.debug.StackIterator.FpUsability	poison	0
std.debug.StackIterator.Result	poison	0
std.debug.PrintSourceAddressOptions	poison	0
std.debug.ConfigurableTrace	resolved	1
std.debug.ConfigurableTrace()	skipped	0
std.debug.SafetyLock	resolved	5
std.dwarf	resolved	18
std.dwarf.TAG	resolved	93
std.dwarf.AT	resolved	203
std.dwarf.OP	resolved	192
std.dwarf.LANG	resolved	70
std.dwarf.FORM	resolved	47
std.dwarf.ATE	resolved	37
std.dwarf.EH	resolved	1
std.dwarf.EH.PE	resolved	3
std.dwarf.EH.PE.Type	resolved	0
std.dwarf.EH.PE.Rel	resolved	0
std.dwarf.Format	resolved	0
std.dwarf.LLE	resolved	9
std.dwarf.CFA	resolved	32
std.dwarf.CHILDREN	resolved	2
std.dwarf.LNS	resolved	13
std.dwarf.LNE	resolved	8
std.dwarf.UT	resolved	8
std.dwarf.LNCT	resolved	8
std.dwarf.RLE	resolved	8
std.dwarf.CC	resolved	2
std.dwarf.ACCESS	resolved	3
std.elf	poison	0
std.elf.Versym	resolved	2
std.elf.VER_NDX	resolved	0
std.elf.PT	resolved	12
std.elf.SHT	resolved	13
std.elf.STB	resolved	7
std.elf.STT	poison	0
std.elf.STV	resolved	0
std.elf.ET	resolved	4
std.elf.Header	resolved	9
std.elf.ProgramHeaderIterator	resolved	1
std.elf.ProgramHeaderBufferIterator	resolved	1
std.elf.SectionHeaderIterator	resolved	1
std.elf.SectionHeaderBufferIterator	resolved	1
std.elf.DynamicSectionIterator	resolved	1
std.elf.DynamicSectionBufferIterator	resolved	1
std.elf.EI	resolved	7
std.elf.Elf32	resolved	9
std.elf.Elf32.Ehdr	resolved	0
std.elf.Elf32.Phdr	resolved	0
std.elf.Elf32.Shdr	resolved	0
std.elf.Elf32.Chdr	resolved	0
std.elf.Elf32.Sym	resolved	2
std.elf.Elf32.Sym.Info	resolved	0
std.elf.Elf32.Sym.Other	resolved	0
std.elf.Elf32.Rel	resolved	1
std.elf.Elf32.Rel.Info	resolved	0
std.elf.Elf32.Rela	resolved	1
std.elf.Elf64	resolved	9
std.elf.Elf64.Ehdr	resolved	0
std.elf.Elf64.Phdr	resolved	0
std.elf.Elf64.Shdr	resolved	0
std.elf.Elf64.Chdr	resolved	0
std.elf.Elf64.Sym	resolved	2
std.elf.Elf64.Rel	resolved	1
std.elf.Elf64.Rel.Info	resolved	0
std.elf.Elf64.Rela	resolved	1
std.elf.Elf32_Ehdr	resolved	0
std.elf.Elf64_Ehdr	resolved	0
std.elf.Elf32_Phdr	resolved	0
std.elf.Elf64_Phdr	resolved	0
std.elf.Elf32_Shdr	resolved	0
std.elf.Elf64_Shdr	resolved	0
std.elf.Elf32_Chdr	resolved	0
std.elf.Elf64_Chdr	resolved	0
std.elf.Elf32_Sym	resolved	2
std.elf.Elf64_Sym	resolved	2
std.elf.Elf32_Syminfo	resolved	0
std.elf.Elf64_Syminfo	resolved	0
std.elf.Elf32_Rel	resolved	2
std.elf.Elf64_Rel	resolved	2
std.elf.Elf32_Rela	resolved	2
std.elf.Elf64_Rela	resolved	2
std.elf.Elf32_Dyn	resolved	0
std.elf.Elf64_Dyn	resolved	0
std.elf.Verdef	resolved	0
std.elf.Verdaux	resolved	0
std.elf.Elf32_Verneed	resolved	0
std.elf.Elf64_Verneed	resolved	0
std.elf.Vernaux	resolved	0
std.elf.Elf32_auxv_t	resolved	0
std.elf.Elf64_auxv_t	resolved	0
std.elf.Elf32_Nhdr	resolved	0
std.elf.Elf64_Nhdr	resolved	0
std.elf.Elf32_Move	resolved	0
std.elf.Elf64_Move	resolved	0
std.elf.Elf32_gptab	resolved	0
std.elf.Elf32_RegInfo	resolved	0
std.elf.Elf_Options	resolved	0
std.elf.Elf_Options_Hw	resolved	0
std.elf.Elf32_Lib	resolved	0
std.elf.Elf64_Lib	resolved	0
std.elf.Elf_MIPS_ABIFlags_v0	resolved	0
std.elf.CLASS	resolved	2
std.elf.DATA	resolved	1
std.elf.OSABI	resolved	0
std.elf.EM	resolved	0
std.elf.SHF	resolved	0
std.elf.PF	resolved	0
std.elf.COMPRESS	resolved	0
std.elf.R_X86_64	resolved	0
std.elf.R_AARCH64	resolved	0
std.elf.R_RISCV	resolved	0
std.elf.R_PPC64	resolved	0
std.elf.ar_hdr	resolved	9
std.elf.gnu_hash	resolved	3
std.elf.gnu_hash.Header	resolved	0
std.elf.gnu_hash.ChainEntry	resolved	0
std.enums	resolved	14
std.enums.EnumSet	resolved	1
std.enums.EnumSet()	skipped	0
std.enums.EnumSet().Iterator	skipped	0
std.enums.EnumMap	resolved	1
std.enums.EnumMap()	skipped	0
std.enums.EnumMap().Entry	skipped	0
std.enums.EnumMap().Iterator	skipped	0
std.enums.BoundedEnumMultiset	resolved	1
std.enums.BoundedEnumMultiset()	skipped	0
std.enums.EnumArray	resolved	1
std.enums.EnumArray()	skipped	0
std.enums.EnumArray().Entry	skipped	0
std.enums.EnumArray().Iterator	skipped	0
std.enums.EnumIndexer	resolved	1
std.enums.EnumIndexer()	skipped	0
std.fmt	resolved	36
std.fmt.float	resolved	13
std.fmt.float.Mode	resolved	0
std.fmt.float.Options	resolved	0
std.fmt.float.FloatDecimal	resolved	1
std.fmt.float.FloatDecimal()	skipped	0
std.fmt.float.RoundMode	poison	0
std.fmt.float.Backend128_Tables	resolved	0
std.fmt.float.Backend64_TablesFull	resolved	0
std.fmt.float.Backend64_TablesSmall	resolved	0
std.fmt.Alignment	resolved	0
std.fmt.Case	resolved	0
std.fmt.Options	resolved	1
std.fmt.Number	resolved	1
std.fmt.Number.Mode	resolved	1
std.fmt.Placeholder	resolved	1
std.fmt.Specifier	resolved	0
std.fmt.Parser	resolved	6
std.fmt.ArgState	resolved	2
std.fmt.Alt	resolved	1
std.fmt.Alt()	skipped	0
std.fs	resolved	6
std.fs.path	resolved	60
std.fs.path.PathType	resolved	1
std.fs.path.WindowsPath	resolved	1
std.fs.path.WindowsPath.Kind	resolved	0
std.fs.path.PosixPath	poison	0
std.fs.path.WindowsPath2	resolved	1
std.fs.path.WindowsPath2()	skipped	0
std.fs.path.WindowsUNC	poison	0
std.fs.path.WindowsUNC()	skipped	0
std.fs.path.DiskDesignatorKind	poison	0
std.fs.path.ComponentIterator	resolved	1
std.fs.path.ComponentIterator()	skipped	0
std.fs.path.ComponentIterator().Component	skipped	0
std.fs.path.Win32PathType	resolved	0
std.gpu	poison	0
std.gpu.ExecutionMode	resolved	2
std.gpu.ExecutionMode.Tag	resolved	0
std.gpu.ExecutionMode.LocalSize	resolved	0
std.hash	resolved	77
std.hash.Adler32	resolved	3
std.hash.auto_hash	poison	0
std.hash.auto_hash.HashStrategy	poison	0
std.hash.crc	poison	0
std.hash.crc.impl	poison	0
std.hash.crc.impl.Algorithm	poison	0
std.hash.crc.impl.Algorithm()	skipped	0
std.hash.crc.impl.Crc	poison	0
std.hash.crc.impl.Crc()	skipped	0
std.hash.fnv	poison	0
std.hash.fnv.Fnv1a	poison	0
std.hash.fnv.Fnv1a()	skipped	0
std.hash.fnv.verify	poison	0
std.hash.murmur	resolved	3
std.hash.murmur.Murmur2_32	resolved	6
std.hash.murmur.Murmur2_64	resolved	6
std.hash.murmur.Murmur3_32	resolved	6
std.hash.cityhash	resolved	2
std.hash.cityhash.CityHash32	resolved	1
std.hash.cityhash.CityHash64	resolved	3
std.hash.cityhash.CityHash64.WeakPair	poison	0
std.hash.wyhash	poison	0
std.hash.wyhash.Wyhash	poison	0
std.hash.wyhash.TestVector	poison	0
std.hash.xxhash	poison	0
std.hash.xxhash.XxHash64	poison	0
std.hash.xxhash.XxHash64.Accumulator	poison	0
std.hash.xxhash.XxHash64.Size	poison	0
std.hash.xxhash.XxHash32	poison	0
std.hash.xxhash.XxHash32.Accumulator	poison	0
std.hash.xxhash.XxHash3	poison	0
std.hash.xxhash.XxHash3.Accumulator	poison	0
std.hash_map	resolved	15
std.hash_map.AutoContext	resolved	1
std.hash_map.AutoContext()	skipped	0
std.hash_map.StringContext	resolved	2
std.hash_map.StringIndexContext	resolved	2
std.hash_map.StringIndexAdapter	resolved	2
std.hash_map.HashMap	resolved	1
std.hash_map.HashMap()	skipped	0
std.hash_map.HashMapUnmanaged	resolved	1
std.hash_map.HashMapUnmanaged()	skipped	0
std.hash_map.HashMapUnmanaged().Entry	skipped	0
std.hash_map.HashMapUnmanaged().KV	skipped	0
std.hash_map.HashMapUnmanaged().Header	skipped	0
std.hash_map.HashMapUnmanaged().Metadata	skipped	0
std.hash_map.HashMapUnmanaged().Iterator	skipped	0
std.hash_map.HashMapUnmanaged().FieldIterator	skipped	0
std.hash_map.HashMapUnmanaged().FieldIterator()	skipped	0
std.hash_map.HashMapUnmanaged().GetOrPutResult	skipped	0
std.heap	poison	0
std.heap.ArenaAllocator	resolved	7
std.heap.ArenaAllocator.State	resolved	2
std.heap.ArenaAllocator.ResetMode	resolved	0
std.heap.ArenaAllocator.Node	poison	0
std.heap.ArenaAllocator.Node.Size	poison	0
std.heap.ArenaAllocator.PushResult	poison	0
std.heap.ArenaAllocator.FuzzContext	poison	0
std.heap.ArenaAllocator.FuzzContext.Alloc	poison	0
std.heap.ArenaAllocator.FuzzContext.Alloc.Len	poison	0
std.heap.ArenaAllocator.FuzzContext.Alloc.Index	poison	0
std.heap.ArenaAllocator.FuzzContext.Action	poison	0
std.heap.ArenaAllocator.FuzzContext.Init	poison	0
std.heap.ArenaAllocator.FuzzAllocator	poison	0
std.heap.SmpAllocator	resolved	1
std.heap.SmpAllocator.Thread	poison	0
std.heap.FixedBufferAllocator	resolved	11
std.heap.PageAllocator	resolved	4
std.heap.BrkAllocator	poison	0
std.heap.DebugAllocatorConfig	resolved	0
std.heap.DebugAllocator	resolved	1
std.heap.DebugAllocator()	skipped	0
std.heap.DebugAllocator().LargeAlloc	skipped	0
std.heap.DebugAllocator().BucketHeader	skipped	0
std.heap.Check	resolved	0
std.heap.memory_pool	resolved	6
std.heap.memory_pool.Options	resolved	0
std.heap.memory_pool.Extra	resolved	1
std.heap.memory_pool.Extra()	skipped	0
std.heap.memory_pool.ExtraManaged	resolved	1
std.heap.memory_pool.ExtraManaged()	skipped	0
std.heap.c_allocator_impl	poison	0
std.heap.StackFallbackAllocator	resolved	1
std.heap.StackFallbackAllocator()	skipped	0
std.http	resolved	15
std.http.Client	poison	0
std.http.Client.ConnectionPool	resolved	8
std.http.Client.ConnectionPool.Criteria	resolved	0
std.http.Client.Protocol	resolved	2
std.http.Client.Connection	resolved	8
std.http.Client.Connection.Plain	poison	0
std.http.Client.Connection.Tls	poison	0
std.http.Client.Response	resolved	5
std.http.Client.Response.Head	resolved	3
std.http.Client.Request	resolved	12
std.http.Client.Request.TransferEncoding	resolved	0
std.http.Client.Request.Headers	resolved	1
std.http.Client.Request.Headers.Value	resolved	0
std.http.Client.Request.RedirectBehavior	resolved	3
std.http.Client.Proxy	resolved	0
std.http.Client.basic_authorization	resolved	7
std.http.Client.ConnectTcpOptions	resolved	0
std.http.Client.RequestOptions	resolved	0
std.http.Client.FetchOptions	resolved	1
std.http.Client.FetchOptions.Location	resolved	0
std.http.Client.FetchResult	resolved	0
std.http.Server	resolved	5
std.http.Server.Request	resolved	16
std.http.Server.Request.Head	resolved	2
std.http.Server.Request.RespondOptions	resolved	0
std.http.Server.Request.RespondStreamingOptions	resolved	0
std.http.Server.Request.UpgradeRequest	resolved	0
std.http.Server.Request.WebSocketOptions	resolved	0
std.http.Server.WebSocket	resolved	11
std.http.Server.WebSocket.Header0	resolved	0
std.http.Server.WebSocket.Header1	resolved	0
std.http.Server.WebSocket.Opcode	resolved	0
std.http.Server.WebSocket.SmallMessage	resolved	0
std.http.HeadParser	resolved	2
std.http.HeadParser.State	resolved	0
std.http.ChunkParser	resolved	3
std.http.ChunkParser.State	resolved	0
std.http.HeaderIterator	resolved	2
std.http.Version	resolved	0
std.http.Method	resolved	5
std.http.Status	resolved	3
std.http.Status.Class	resolved	0
std.http.TransferEncoding	resolved	0
std.http.ContentEncoding	resolved	2
std.http.Connection	resolved	0
std.http.Header	resolved	0
std.http.Reader	resolved	7
std.http.Reader.RemainingChunkLen	resolved	2
std.http.Reader.State	resolved	0
std.http.Decompress	resolved	1
std.http.BodyWriter	resolved	17
std.http.BodyWriter.State	resolved	1
std.http.BodyWriter.EndChunkedOptions	resolved	0
std.json	resolved	204
std.json.Value	resolved	5
std.json.ArrayHashMap	resolved	1
std.json.ArrayHashMap()	skipped	0
std.json.Scanner	resolved	31
std.json.Scanner.State	poison	0
std.json.Scanner.Token	resolved	0
std.json.Scanner.TokenType	resolved	0
std.json.Scanner.Diagnostics	resolved	3
std.json.Scanner.AllocWhen	resolved	0
std.json.Scanner.Reader	resolved	17
std.json.ParseOptions	resolved	0
std.json.Parsed	resolved	1
std.json.Parsed()	skipped	0
std.json.Stringify	resolved	18
std.json.Stringify.IndentationMode	poison	0
std.json.Stringify.Options	resolved	0
std.json.Formatter	resolved	1
std.json.Formatter()	skipped	0
std.leb	resolved	3
std.log	resolved	19
std.log.Level	resolved	1
std.log.ScopeLevel	resolved	0
std.log.scoped	resolved	1
std.log.scoped()	skipped	0
std.macho	resolved	312
std.macho.vm_prot_t	resolved	0
std.macho.mach_header	resolved	0
std.macho.mach_header_64	resolved	0
std.macho.fat_header	resolved	0
std.macho.fat_arch	resolved	0
std.macho.load_command	resolved	0
std.macho.uuid_command	resolved	0
std.macho.version_min_command	resolved	0
std.macho.source_version_command	resolved	0
std.macho.build_version_command	resolved	0
std.macho.build_tool_version	resolved	0
std.macho.PLATFORM	resolved	0
std.macho.TOOL	resolved	0
std.macho.entry_point_command	resolved	0
std.macho.symtab_command	resolved	0
std.macho.dysymtab_command	resolved	0
std.macho.linkedit_data_command	resolved	0
std.macho.dyld_info_command	resolved	0
std.macho.dylinker_command	resolved	0
std.macho.dylib_command	resolved	0
std.macho.dylib	resolved	0
std.macho.rpath_command	resolved	0
std.macho.segment_command	resolved	0
std.macho.segment_command_64	resolved	2
std.macho.PROT	poison	0
std.macho.section	resolved	0
std.macho.section_64	resolved	10
std.macho.nlist	resolved	0
std.macho.nlist_64	resolved	1
std.macho.relocation_info	resolved	0
std.macho.LC	resolved	0
std.macho.reloc_type_x86_64	resolved	0
std.macho.reloc_type_arm64	resolved	0
std.macho.CodeDirectory	resolved	0
std.macho.BlobIndex	resolved	0
std.macho.SuperBlob	resolved	0
std.macho.GenericBlob	resolved	0
std.macho.data_in_code_entry	resolved	0
std.macho.LoadCommandIterator	resolved	3
std.macho.LoadCommandIterator.LoadCommand	resolved	5
std.macho.compact_unwind_entry	resolved	0
std.macho.unwind_info_section_header	resolved	0
std.macho.unwind_info_section_header_index_entry	resolved	0
std.macho.unwind_info_section_header_lsda_index_entry	resolved	0
std.macho.unwind_info_regular_second_level_entry	resolved	0
std.macho.UNWIND_SECOND_LEVEL	resolved	0
std.macho.unwind_info_regular_second_level_page_header	resolved	0
std.macho.unwind_info_compressed_second_level_page_header	resolved	0
std.macho.UnwindInfoCompressedEntry	resolved	0
std.macho.UNWIND_X86_64_MODE	resolved	0
std.macho.UNWIND_X86_64_REG	resolved	0
std.macho.UNWIND_ARM64_MODE	resolved	0
std.macho.CompactUnwindEncoding	resolved	0
std.math	resolved	140
std.math.float	poison	0
std.math.float.FloatRepr	poison	0
std.math.float.FloatRepr()	skipped	0
std.math.float.FloatRepr().BiasedExponent	skipped	0
std.math.float.FloatRepr().Normalized	skipped	0
std.math.float.FloatRepr().Classified	skipped	0
std.math.Sign	resolved	0
std.math.Frexp	resolved	1
std.math.Frexp()	skipped	0
std.math.Modf	resolved	1
std.math.Modf()	skipped	0
std.math.complex	resolved	21
std.math.complex.Complex	resolved	1
std.math.complex.Complex()	skipped	0
std.math.big	resolved	7
std.math.big.int	resolved	20
std.math.big.int.Constants	poison	0
std.math.big.int.TwosCompIntLimit	resolved	0
std.math.big.int.Round	resolved	0
std.math.big.int.Exactness	resolved	0
std.math.big.int.Mutable	resolved	52
std.math.big.int.Const	resolved	34
std.math.big.int.Managed	resolved	72
std.math.big.int.AccOp	poison	0
std.math.big.int.Case	poison	0
std.math.Order	resolved	3
std.math.CompareOperator	resolved	1
std.math.F80	resolved	2
std.mem	resolved	153
std.mem.Allocator	resolved	28
std.mem.Allocator.VTable	resolved	0
std.mem.Alignment	resolved	11
std.mem.ValidationAllocator	resolved	1
std.mem.ValidationAllocator()	skipped	0
std.mem.WindowIterator	resolved	1
std.mem.WindowIterator()	skipped	0
std.mem.DelimiterType	resolved	0
std.mem.TokenIterator	resolved	1
std.mem.TokenIterator()	skipped	0
std.mem.SplitIterator	resolved	1
std.mem.SplitIterator()	skipped	0
std.mem.SplitBackwardsIterator	resolved	1
std.mem.SplitBackwardsIterator()	skipped	0
std.mem.ReverseIterator	resolved	1
std.mem.ReverseIterator()	skipped	0
std.meta	resolved	28
std.meta.TrailerFlags	resolved	1
std.meta.TrailerFlags()	skipped	0
std.meta.TupleTester	poison	0
std.os	resolved	6
std.os.linux	poison	0
std.os.linux.vdso	poison	0
std.os.linux.dl	poison	0
std.os.linux.dl.DynLib	poison	0
std.os.linux.dl.LinkMap	poison	0
std.os.linux.dl.LinkMap.Iterator	poison	0
std.os.linux.dl.RDebug	poison	0
std.os.linux.dl.ElfDynLib	poison	0
std.os.linux.dl.ElfDynLib.HashTable	poison	0
std.os.linux.dl.ElfDynLib.GnuHashSection32	poison	0
std.os.linux.dl.ElfDynLib.GnuHashSection64	poison	0
std.os.linux.dl.DlDynLib	poison	0
std.os.linux.tls	resolved	4
std.os.linux.tls.Variant	poison	0
std.os.linux.tls.ZigTcb	poison	0
std.os.linux.tls.Dtv	poison	0
std.os.linux.tls.AreaDesc	poison	0
std.os.linux.BPF	resolved	114
std.os.linux.BPF.btf	resolved	20
std.os.linux.BPF.btf.ext	resolved	2
std.os.linux.BPF.btf.ext.Header	resolved	0
std.os.linux.BPF.btf.ext.InfoSec	resolved	0
std.os.linux.BPF.btf.Header	resolved	0
std.os.linux.BPF.btf.Type	resolved	0
std.os.linux.BPF.btf.Kind	resolved	0
std.os.linux.BPF.btf.IntInfo	resolved	0
std.os.linux.BPF.btf.Enum	resolved	0
std.os.linux.BPF.btf.Enum64	resolved	0
std.os.linux.BPF.btf.Array	resolved	0
std.os.linux.BPF.btf.Member	resolved	0
std.os.linux.BPF.btf.Param	resolved	0
std.os.linux.BPF.btf.VarLinkage	resolved	0
std.os.linux.BPF.btf.FuncLinkage	resolved	0
std.os.linux.BPF.btf.Var	resolved	0
std.os.linux.BPF.btf.VarSecInfo	resolved	0
std.os.linux.BPF.btf.DeclTag	resolved	0
std.os.linux.BPF.kern	resolved	42
std.os.linux.BPF.Helper	resolved	0
std.os.linux.BPF.Insn	resolved	45
std.os.linux.BPF.Insn.Reg	resolved	0
std.os.linux.BPF.Insn.Source	poison	0
std.os.linux.BPF.Insn.Mode	poison	0
std.os.linux.BPF.Insn.AluOp	resolved	0
std.os.linux.BPF.Insn.Size	resolved	0
std.os.linux.BPF.Insn.JmpOp	resolved	0
std.os.linux.BPF.Insn.ImmOrReg	poison	0
std.os.linux.BPF.Cmd	resolved	0
std.os.linux.BPF.MapType	resolved	0
std.os.linux.BPF.ProgType	resolved	0
std.os.linux.BPF.AttachType	resolved	0
std.os.linux.BPF.MapCreateAttr	resolved	0
std.os.linux.BPF.MapElemAttr	resolved	0
std.os.linux.BPF.MapBatchAttr	resolved	0
std.os.linux.BPF.ProgLoadAttr	resolved	0
std.os.linux.BPF.ObjAttr	resolved	0
std.os.linux.BPF.ProgAttachAttr	resolved	0
std.os.linux.BPF.TestRunAttr	resolved	0
std.os.linux.BPF.GetIdAttr	resolved	0
std.os.linux.BPF.InfoAttr	resolved	0
std.os.linux.BPF.QueryAttr	resolved	0
std.os.linux.BPF.RawTracepointAttr	resolved	0
std.os.linux.BPF.BtfLoadAttr	resolved	0
std.os.linux.BPF.TaskFdQueryAttr	resolved	0
std.os.linux.BPF.LinkCreateAttr	resolved	0
std.os.linux.BPF.LinkUpdateAttr	resolved	0
std.os.linux.BPF.EnableStatsAttr	resolved	0
std.os.linux.BPF.IterCreateAttr	resolved	0
std.os.linux.BPF.Attr	resolved	0
std.os.linux.BPF.Log	resolved	0
std.os.linux.IOCTL	resolved	5
std.os.linux.IOCTL.Request	resolved	0
std.os.linux.SECCOMP	resolved	15
std.os.linux.SECCOMP.MODE	resolved	3
std.os.linux.SECCOMP.FILTER_FLAG	resolved	5
std.os.linux.SECCOMP.RET	resolved	12
std.os.linux.SECCOMP.IOCTL_NOTIF	resolved	4
std.os.linux.SECCOMP.ADDFD_FLAG	resolved	2
std.os.linux.SECCOMP.data	resolved	0
std.os.linux.SECCOMP.notif_sizes	resolved	0
std.os.linux.SECCOMP.notif	resolved	0
std.os.linux.SECCOMP.notif_resp	resolved	0
std.os.linux.SECCOMP.notif_addfd	resolved	0
std.os.linux.syscalls	resolved	23
std.os.linux.syscalls.X86	resolved	0
std.os.linux.syscalls.X64	resolved	0
std.os.linux.syscalls.X32	resolved	0
std.os.linux.syscalls.Arm	resolved	0
std.os.linux.syscalls.Sparc	resolved	0
std.os.linux.syscalls.Sparc64	resolved	0
std.os.linux.syscalls.M68k	resolved	0
std.os.linux.syscalls.MipsO32	resolved	0
std.os.linux.syscalls.MipsN64	resolved	0
std.os.linux.syscalls.MipsN32	resolved	0
std.os.linux.syscalls.PowerPC	resolved	0
std.os.linux.syscalls.PowerPC64	resolved	0
std.os.linux.syscalls.S390x	resolved	0
std.os.linux.syscalls.Xtensa	resolved	0
std.os.linux.syscalls.Arm64	resolved	0
std.os.linux.syscalls.RiscV32	resolved	0
std.os.linux.syscalls.RiscV64	resolved	0
std.os.linux.syscalls.LoongArch32	resolved	0
std.os.linux.syscalls.LoongArch64	resolved	0
std.os.linux.syscalls.Arc	resolved	0
std.os.linux.syscalls.CSky	resolved	0
std.os.linux.syscalls.Hexagon	resolved	0
std.os.linux.syscalls.OpenRisc	resolved	0
std.os.linux.MAP_TYPE	resolved	0
std.os.linux.MREMAP	resolved	0
std.os.linux.RENAME	resolved	0
std.os.linux.EXECVEAT	resolved	0
std.os.linux.futex_param4	resolved	0
std.os.linux.MOVE_MOUNT	resolved	0
std.os.linux.MOUNT_ATTR	resolved	0
std.os.linux.FSOPEN	resolved	0
std.os.linux.FSCONFIG_CMD	resolved	0
std.os.linux.FSMOUNT	resolved	0
std.os.linux.FSPICK	resolved	0
std.os.linux.MSF	resolved	3
std.os.linux.MLOCK	resolved	0
std.os.linux.CLOSE_RANGE	resolved	0
std.os.linux.LINUX_REBOOT	resolved	3
std.os.linux.LINUX_REBOOT.MAGIC1	resolved	0
std.os.linux.LINUX_REBOOT.MAGIC2	resolved	0
std.os.linux.LINUX_REBOOT.CMD	resolved	0
std.os.linux.F	resolved	43
std.os.linux.F_OWNER	resolved	0
std.os.linux.f_owner_ex	resolved	0
std.os.linux.Flock	resolved	0
std.os.linux.sched_param	resolved	0
std.os.linux.SCHED	resolved	1
std.os.linux.SCHED.Mode	resolved	0
std.os.linux.sched_attr	resolved	0
std.os.linux.itimerspec	resolved	0
std.os.linux.ITIMER	resolved	0
std.os.linux.AT	resolved	12
std.os.linux.FALLOC	resolved	7
std.os.linux.FUTEX_COMMAND	resolved	0
std.os.linux.FUTEX_OP	resolved	0
std.os.linux.FUTEX_WAKE_OP	resolved	0
std.os.linux.FUTEX_WAKE_OP_CMD	resolved	0
std.os.linux.FUTEX_WAKE_OP_CMP	resolved	0
std.os.linux.FUTEX2_SIZE	resolved	0
std.os.linux.FUTEX2_FLAGS_WAITV	resolved	0
std.os.linux.FUTEX2_FLAGS_REQUEUE	resolved	0
std.os.linux.FUTEX2_FLAGS	resolved	0
std.os.linux.W	resolved	12
std.os.linux.P	resolved	0
std.os.linux.RWF	resolved	5
std.os.linux.SEEK	resolved	3
std.os.linux.SHUT	resolved	3
std.os.linux.SOCK	resolved	9
std.os.linux.TCP	resolved	40
std.os.linux.UDP	resolved	6
std.os.linux.UDP_ENCAP	resolved	6
std.os.linux.PF	resolved	49
std.os.linux.AF	resolved	49
std.os.linux.SCM	resolved	8
std.os.linux.SOL	resolved	28
std.os.linux.IP	resolved	49
std.os.linux.IPV6	resolved	67
std.os.linux.IPTOS	resolved	16
std.os.linux.linger	resolved	0
std.os.linux.in_pktinfo	resolved	0
std.os.linux.in6_pktinfo	resolved	0
std.os.linux.ETH	resolved	10
std.os.linux.ETH.P	resolved	101
std.os.linux.MSG	resolved	21
std.os.linux.DT	resolved	9
std.os.linux.serial_rs485	resolved	0
std.os.linux.serial_iso7816	resolved	0
std.os.linux.SER	resolved	2
std.os.linux.SER.RS485	resolved	8
std.os.linux.SER.ISO7816	resolved	3
std.os.linux.EPOLL	resolved	19
std.os.linux.clockid_t	resolved	0
std.os.linux.timerfd_clockid_t	resolved	0
std.os.linux.TIMER	resolved	0
std.os.linux.CLONE	resolved	27
std.os.linux.EFD	resolved	3
std.os.linux.MS	resolved	32
std.os.linux.MNT	resolved	3
std.os.linux.IN	resolved	27
std.os.linux.fanotify	resolved	8
std.os.linux.fanotify.InitFlags	resolved	0
std.os.linux.fanotify.MarkFlags	resolved	0
std.os.linux.fanotify.MarkMask	resolved	0
std.os.linux.fanotify.event_metadata	resolved	1
std.os.linux.fanotify.response	resolved	0
std.os.linux.fanotify.event_info_fid	resolved	0
std.os.linux.fanotify.event_info_header	resolved	0
std.os.linux.fanotify.EVENT_INFO_TYPE	resolved	0
std.os.linux.file_handle	resolved	0
std.os.linux.S	resolved	30
std.os.linux.TFD_TIMER	poison	0
std.os.linux.k_sigaction_funcs	poison	0
std.os.linux.Sigaction	resolved	2
std.os.linux.SFD	resolved	2
std.os.linux.signalfd_siginfo	resolved	0
std.os.linux.sockaddr	resolved	9
std.os.linux.sockaddr.storage	resolved	0
std.os.linux.sockaddr.in	resolved	0
std.os.linux.sockaddr.in6	resolved	0
std.os.linux.sockaddr.un	resolved	0
std.os.linux.sockaddr.ll	resolved	0
std.os.linux.sockaddr.nl	resolved	0
std.os.linux.sockaddr.xdp	resolved	0
std.os.linux.sockaddr.vm	resolved	0
std.os.linux.mmsghdr	resolved	0
std.os.linux.epoll_data	resolved	0
std.os.linux.epoll_event	resolved	0
std.os.linux.vfs_cap_data	resolved	0
std.os.linux.vfs_cap_data.Data	poison	0
std.os.linux.CAP	resolved	45
std.os.linux.cap_t	resolved	0
std.os.linux.cap_user_header_t	resolved	0
std.os.linux.cap_user_data_t	resolved	0
std.os.linux.inotify_event	resolved	1
std.os.linux.dirent64	resolved	0
std.os.linux.dl_phdr_info	resolved	0
std.os.linux.SS	resolved	3
std.os.linux.sigval	resolved	0
std.os.linux.siginfo_fields_union	poison	0
std.os.linux.CLD	resolved	0
std.os.linux.io_uring_sqe	resolved	58
std.os.linux.IoUring	resolved	91
std.os.linux.IoUring.ReadBuffer	resolved	0
std.os.linux.IoUring.RecvBuffer	resolved	0
std.os.linux.IoUring.SubmissionQueue	resolved	2
std.os.linux.IoUring.CompletionQueue	resolved	2
std.os.linux.IoUring.BufferGroup	resolved	7
std.os.linux.IOSQE_BIT	resolved	0
std.os.linux.IORING_OP	resolved	0
std.os.linux.IORING_MSG_RING_COMMAND	resolved	0
std.os.linux.io_uring_cqe	resolved	2
std.os.linux.io_sqring_offsets	resolved	0
std.os.linux.io_cqring_offsets	resolved	0
std.os.linux.io_uring_params	resolved	0
std.os.linux.IORING_REGISTER	resolved	0
std.os.linux.IOWQ_CATEGORIES	resolved	0
std.os.linux.io_uring_files_update	resolved	0
std.os.linux.io_uring_rsrc_register	resolved	0
std.os.linux.io_uring_rsrc_update	resolved	0
std.os.linux.io_uring_rsrc_update2	resolved	0
std.os.linux.io_uring_notification_slot	resolved	0
std.os.linux.io_uring_notification_register	resolved	0
std.os.linux.io_uring_napi	resolved	0
std.os.linux.io_uring_probe_op	resolved	1
std.os.linux.io_uring_probe	resolved	1
std.os.linux.io_uring_restriction	resolved	0
std.os.linux.IORING_RESTRICTION	resolved	0
std.os.linux.IO_URING_SOCKET_OP	resolved	0
std.os.linux.io_uring_buf	resolved	0
std.os.linux.io_uring_buf_ring	resolved	0
std.os.linux.io_uring_buf_reg	resolved	1
std.os.linux.io_uring_buf_reg.Flags	resolved	0
std.os.linux.io_uring_getevents_arg	resolved	0
std.os.linux.io_uring_sync_cancel_reg	resolved	0
std.os.linux.io_uring_file_index_range	resolved	0
std.os.linux.io_uring_recvmsg_out	resolved	0
std.os.linux.utsname	resolved	0
std.os.linux.STATX	resolved	1
std.os.linux.STATX_ATTR	resolved	0
std.os.linux.statx_timestamp	resolved	0
std.os.linux.Statx	resolved	0
std.os.linux.addrinfo	resolved	0
std.os.linux.AI	resolved	0
std.os.linux.IPPROTO	resolved	33
std.os.linux.tcp_repair_opt	resolved	0
std.os.linux.tcp_repair_window	resolved	0
std.os.linux.TcpRepairOption	resolved	0
std.os.linux.tcp_fastopen_client_fail	resolved	0
std.os.linux.pollfd	resolved	0
std.os.linux.POLL	resolved	8
std.os.linux.MFD	resolved	18
std.os.linux.rusage	resolved	3
std.os.linux.CRDLY	resolved	0
std.os.linux.TABDLY	resolved	1
std.os.linux.BSDLY	resolved	0
std.os.linux.VTDLY	resolved	0
std.os.linux.FFDLY	resolved	0
std.os.linux.CSIZE	resolved	0
std.os.linux.termio	resolved	0
std.os.linux.IFF	resolved	0
std.os.linux.ifmap	resolved	0
std.os.linux.ifreq	resolved	0
std.os.linux.PACKET	resolved	43
std.os.linux.tpacket_versions	resolved	0
std.os.linux.tpacket_req3	resolved	0
std.os.linux.tpacket_bd_ts	resolved	0
std.os.linux.TP_STATUS	resolved	0
std.os.linux.tpacket_hdr_v1	resolved	0
std.os.linux.tpacket_bd_header_u	resolved	0
std.os.linux.tpacket_block_desc	resolved	0
std.os.linux.tpacket_hdr_variant1	resolved	0
std.os.linux.tpacket3_hdr	resolved	0
std.os.linux.tpacket_stats_v3	resolved	0
std.os.linux.RLIM	resolved	3
std.os.linux.rlimit	resolved	0
std.os.linux.MADV	resolved	21
std.os.linux.timeval	resolved	0
std.os.linux.timezone	resolved	0
std.os.linux.kernel_timespec	resolved	2
std.os.linux.UTIME	resolved	2
std.os.linux.XDP	resolved	18
std.os.linux.xdp_ring_offset	resolved	0
std.os.linux.xdp_mmap_offsets	resolved	0
std.os.linux.xdp_umem_reg	resolved	0
std.os.linux.xdp_statistics	resolved	0
std.os.linux.xdp_options	resolved	0
std.os.linux.xdp_desc	resolved	0
std.os.linux.PR	resolved	57
std.os.linux.prctl_mm_map	resolved	0
std.os.linux.NETLINK	resolved	22
std.os.linux.NetlinkMessageType	resolved	1
std.os.linux.nlmsghdr	resolved	0
std.os.linux.ifinfomsg	resolved	0
std.os.linux.rtattr	resolved	1
std.os.linux.IFA	resolved	0
std.os.linux.IFLA	resolved	1
std.os.linux.rtnl_link_ifmap	resolved	0
std.os.linux.rtnl_link_stats	resolved	0
std.os.linux.rtnl_link_stats64	resolved	0
std.os.linux.perf_event_attr	resolved	0
std.os.linux.perf_event_header	resolved	0
std.os.linux.perf_event_mmap_page	resolved	0
std.os.linux.PERF	resolved	7
std.os.linux.PERF.TYPE	resolved	0
std.os.linux.PERF.COUNT	resolved	2
std.os.linux.PERF.COUNT.HW	resolved	1
std.os.linux.PERF.COUNT.HW.CACHE	resolved	2
std.os.linux.PERF.COUNT.HW.CACHE.OP	resolved	0
std.os.linux.PERF.COUNT.HW.CACHE.RESULT	resolved	0
std.os.linux.PERF.COUNT.SW	resolved	0
std.os.linux.PERF.SAMPLE	resolved	22
std.os.linux.PERF.SAMPLE.BRANCH	resolved	18
std.os.linux.PERF.RECORD	resolved	0
std.os.linux.PERF.RECORD.MISC	poison	0
std.os.linux.PERF.RECORD.MISC.CPU_MODE	poison	0
std.os.linux.PERF.FLAG	resolved	4
std.os.linux.PERF.EVENT_IOC	resolved	12
std.os.linux.AUDIT	poison	0
std.os.linux.AUDIT.ARCH	poison	0
std.os.linux.PTRACE	resolved	36
std.os.linux.PTRACE.EVENT	resolved	8
std.os.linux.PTRACE.O	resolved	11
std.os.linux.futex2_waitone	resolved	0
std.os.linux.cache_stat_range	resolved	0
std.os.linux.cache_stat	resolved	0
std.os.linux.SHADOW_STACK	resolved	1
std.os.linux.msghdr	resolved	0
std.os.linux.msghdr_const	resolved	0
std.os.linux.cmsghdr	resolved	0
std.os.plan9	resolved	43
std.os.plan9.E	resolved	0
std.os.plan9.Tos	resolved	0
std.os.plan9.SIG	resolved	20
std.os.plan9.Sigaction	resolved	2
std.os.plan9.AT	resolved	1
std.os.plan9.SYS	resolved	0
std.os.plan9.AccessMode	resolved	0
std.os.plan9.O	resolved	0
std.os.plan9.ExecData	poison	0
std.os.uefi	resolved	27
std.os.uefi.protocol	resolved	37
std.os.uefi.protocol.ServiceBinding	resolved	1
std.os.uefi.protocol.ServiceBinding()	skipped	0
std.os.uefi.protocol.LoadedImage	resolved	4
std.os.uefi.protocol.DevicePath	resolved	7
std.os.uefi.protocol.Rng	resolved	11
std.os.uefi.protocol.ShellParameters	resolved	1
std.os.uefi.protocol.SimpleFileSystem	resolved	3
std.os.uefi.protocol.File	resolved	23
std.os.uefi.protocol.File.OpenMode	resolved	1
std.os.uefi.protocol.File.OpenMode.Bits	resolved	0
std.os.uefi.protocol.File.Attributes	resolved	0
std.os.uefi.protocol.File.Info	resolved	3
std.os.uefi.protocol.File.Info.File	resolved	2
std.os.uefi.protocol.File.Info.FileSystem	resolved	2
std.os.uefi.protocol.File.Info.VolumeLabel	resolved	2
std.os.uefi.protocol.BlockIo	resolved	10
std.os.uefi.protocol.BlockIo.BlockMedia	resolved	0
std.os.uefi.protocol.SimpleTextInput	resolved	8
std.os.uefi.protocol.SimpleTextInputEx	resolved	12
std.os.uefi.protocol.SimpleTextInputEx.Key	resolved	2
std.os.uefi.protocol.SimpleTextInputEx.Key.State	resolved	2
std.os.uefi.protocol.SimpleTextInputEx.Key.State.Shift	resolved	0
std.os.uefi.protocol.SimpleTextInputEx.Key.State.Toggle	resolved	0
std.os.uefi.protocol.SimpleTextInputEx.Key.Input	resolved	0
std.os.uefi.protocol.SimpleTextOutput	resolved	69
std.os.uefi.protocol.SimpleTextOutput.Attribute	resolved	2
std.os.uefi.protocol.SimpleTextOutput.Attribute.ForegroundColor	resolved	0
std.os.uefi.protocol.SimpleTextOutput.Attribute.BackgroundColor	resolved	0
std.os.uefi.protocol.SimpleTextOutput.Mode	resolved	0
std.os.uefi.protocol.SimpleTextOutput.Geometry	resolved	0
std.os.uefi.protocol.SimplePointer	resolved	7
std.os.uefi.protocol.SimplePointer.Mode	resolved	0
std.os.uefi.protocol.SimplePointer.State	resolved	0
std.os.uefi.protocol.AbsolutePointer	resolved	7
std.os.uefi.protocol.AbsolutePointer.Mode	resolved	1
std.os.uefi.protocol.AbsolutePointer.Mode.Attributes	resolved	0
std.os.uefi.protocol.AbsolutePointer.State	resolved	1
std.os.uefi.protocol.AbsolutePointer.State.ActiveButtons	resolved	0
std.os.uefi.protocol.SerialIo	resolved	16
std.os.uefi.protocol.SerialIo.ParityType	resolved	0
std.os.uefi.protocol.SerialIo.StopBitsType	resolved	0
std.os.uefi.protocol.SerialIo.Mode	resolved	0
std.os.uefi.protocol.GraphicsOutput	resolved	12
std.os.uefi.protocol.GraphicsOutput.Mode	resolved	1
std.os.uefi.protocol.GraphicsOutput.Mode.Info	resolved	0
std.os.uefi.protocol.GraphicsOutput.PixelFormat	resolved	0
std.os.uefi.protocol.GraphicsOutput.PixelBitmask	resolved	0
std.os.uefi.protocol.GraphicsOutput.BltPixel	resolved	0
std.os.uefi.protocol.GraphicsOutput.BltOperation	resolved	0
std.os.uefi.protocol.edid	resolved	3
std.os.uefi.protocol.edid.Active	resolved	1
std.os.uefi.protocol.edid.Discovered	resolved	1
std.os.uefi.protocol.edid.Override	resolved	5
std.os.uefi.protocol.edid.Override.Edid	resolved	0
std.os.uefi.protocol.edid.Override.Attributes	resolved	0
std.os.uefi.protocol.SimpleNetwork	resolved	36
std.os.uefi.protocol.SimpleNetwork.NvDataOperation	resolved	0
std.os.uefi.protocol.SimpleNetwork.Mode	resolved	0
std.os.uefi.protocol.SimpleNetwork.ReceiveFilter	resolved	0
std.os.uefi.protocol.SimpleNetwork.State	resolved	0
std.os.uefi.protocol.SimpleNetwork.Statistics	resolved	0
std.os.uefi.protocol.SimpleNetwork.InterruptStatus	resolved	0
std.os.uefi.protocol.SimpleNetwork.Packet	resolved	0
std.os.uefi.protocol.ManagedNetwork	resolved	24
std.os.uefi.protocol.ManagedNetwork.GetModeDataData	resolved	0
std.os.uefi.protocol.ManagedNetwork.ServiceBinding	resolved	3
std.os.uefi.protocol.ManagedNetwork.Config	resolved	0
std.os.uefi.protocol.ManagedNetwork.CompletionToken	resolved	0
std.os.uefi.protocol.ManagedNetwork.ReceiveData	resolved	0
std.os.uefi.protocol.ManagedNetwork.TransmitData	resolved	1
std.os.uefi.protocol.ManagedNetwork.Fragment	resolved	0
std.os.uefi.protocol.Ip6	resolved	33
std.os.uefi.protocol.Ip6.ModeData	resolved	0
std.os.uefi.protocol.Ip6.DeleteFlag	resolved	0
std.os.uefi.protocol.Ip6.JoinFlag	resolved	0
std.os.uefi.protocol.Ip6.Mode	resolved	0
std.os.uefi.protocol.Ip6.Config	resolved	0
std.os.uefi.protocol.Ip6.AddressInfo	resolved	0
std.os.uefi.protocol.Ip6.RouteTable	resolved	0
std.os.uefi.protocol.Ip6.NeighborState	resolved	0
std.os.uefi.protocol.Ip6.NeighborCache	resolved	0
std.os.uefi.protocol.Ip6.IcmpType	resolved	0
std.os.uefi.protocol.Ip6.CompletionToken	resolved	0
std.os.uefi.protocol.Ip6Config	resolved	15
std.os.uefi.protocol.Ip6Config.DataType	resolved	0
std.os.uefi.protocol.Ip6Config.InterfaceInfo	resolved	0
std.os.uefi.protocol.Ip6Config.InterfaceId	resolved	0
std.os.uefi.protocol.Ip6Config.Policy	resolved	0
std.os.uefi.protocol.Ip6Config.DupAddrDetectTransmits	resolved	0
std.os.uefi.protocol.Ip6Config.ManualAddress	resolved	0
std.os.uefi.protocol.Udp6	resolved	23
std.os.uefi.protocol.Udp6.JoinFlag	resolved	0
std.os.uefi.protocol.Udp6.ModeData	resolved	0
std.os.uefi.protocol.Udp6.Config	resolved	0
std.os.uefi.protocol.Udp6.CompletionToken	resolved	0
std.os.uefi.protocol.Udp6.ReceiveData	resolved	1
std.os.uefi.protocol.Udp6.TransmitData	resolved	1
std.os.uefi.protocol.Udp6.SessionData	resolved	0
std.os.uefi.protocol.Udp6.Fragment	resolved	0
std.os.uefi.protocol.HiiDatabase	resolved	9
std.os.uefi.protocol.HiiPopup	resolved	6
std.os.uefi.protocol.HiiPopup.PopupStyle	resolved	0
std.os.uefi.protocol.HiiPopup.PopupType	resolved	0
std.os.uefi.protocol.HiiPopup.PopupSelection	resolved	0
std.os.uefi.DevicePath	resolved	7
std.os.uefi.DevicePath.Type	resolved	0
std.os.uefi.DevicePath.Hardware	resolved	7
std.os.uefi.DevicePath.Hardware.Subtype	resolved	0
std.os.uefi.DevicePath.Hardware.PciDevicePath	resolved	0
std.os.uefi.DevicePath.Hardware.PcCardDevicePath	resolved	0
std.os.uefi.DevicePath.Hardware.MemoryMappedDevicePath	resolved	0
std.os.uefi.DevicePath.Hardware.VendorDevicePath	resolved	0
std.os.uefi.DevicePath.Hardware.ControllerDevicePath	resolved	0
std.os.uefi.DevicePath.Hardware.BmcDevicePath	resolved	0
std.os.uefi.DevicePath.Acpi	resolved	4
std.os.uefi.DevicePath.Acpi.Subtype	resolved	0
std.os.uefi.DevicePath.Acpi.BaseAcpiDevicePath	resolved	0
std.os.uefi.DevicePath.Acpi.ExpandedAcpiDevicePath	resolved	0
std.os.uefi.DevicePath.Acpi.AdrDevicePath	resolved	1
std.os.uefi.DevicePath.Messaging	resolved	19
std.os.uefi.DevicePath.Messaging.Subtype	resolved	0
std.os.uefi.DevicePath.Messaging.AtapiDevicePath	resolved	2
std.os.uefi.DevicePath.Messaging.AtapiDevicePath.Role	resolved	0
std.os.uefi.DevicePath.Messaging.AtapiDevicePath.Rank	resolved	0
std.os.uefi.DevicePath.Messaging.ScsiDevicePath	resolved	0
std.os.uefi.DevicePath.Messaging.FibreChannelDevicePath	resolved	0
std.os.uefi.DevicePath.Messaging.FibreChannelExDevicePath	resolved	0
std.os.uefi.DevicePath.Messaging.F1394DevicePath	resolved	0
std.os.uefi.DevicePath.Messaging.UsbDevicePath	resolved	0
std.os.uefi.DevicePath.Messaging.SataDevicePath	resolved	0
std.os.uefi.DevicePath.Messaging.UsbWwidDevicePath	resolved	1
std.os.uefi.DevicePath.Messaging.DeviceLogicalUnitDevicePath	resolved	0
std.os.uefi.DevicePath.Messaging.UsbClassDevicePath	resolved	0
std.os.uefi.DevicePath.Messaging.I2oDevicePath	resolved	0
std.os.uefi.DevicePath.Messaging.MacAddressDevicePath	resolved	0
std.os.uefi.DevicePath.Messaging.Ipv4DevicePath	resolved	1
std.os.uefi.DevicePath.Messaging.Ipv4DevicePath.IpType	resolved	0
std.os.uefi.DevicePath.Messaging.Ipv6DevicePath	resolved	1
std.os.uefi.DevicePath.Messaging.Ipv6DevicePath.Origin	resolved	0
std.os.uefi.DevicePath.Messaging.VlanDevicePath	resolved	0
std.os.uefi.DevicePath.Messaging.InfiniBandDevicePath	resolved	1
std.os.uefi.DevicePath.Messaging.InfiniBandDevicePath.ResourceFlags	resolved	1
std.os.uefi.DevicePath.Messaging.InfiniBandDevicePath.ResourceFlags.ControllerType	resolved	0
std.os.uefi.DevicePath.Messaging.UartDevicePath	resolved	2
std.os.uefi.DevicePath.Messaging.UartDevicePath.Parity	resolved	0
std.os.uefi.DevicePath.Messaging.UartDevicePath.StopBits	resolved	0
std.os.uefi.DevicePath.Messaging.VendorDefinedDevicePath	resolved	0
std.os.uefi.DevicePath.Media	resolved	10
std.os.uefi.DevicePath.Media.Subtype	resolved	0
std.os.uefi.DevicePath.Media.HardDriveDevicePath	resolved	2
std.os.uefi.DevicePath.Media.HardDriveDevicePath.Format	resolved	0
std.os.uefi.DevicePath.Media.HardDriveDevicePath.SignatureType	resolved	0
std.os.uefi.DevicePath.Media.CdromDevicePath	resolved	0
std.os.uefi.DevicePath.Media.VendorDevicePath	resolved	0
std.os.uefi.DevicePath.Media.FilePathDevicePath	resolved	1
std.os.uefi.DevicePath.Media.MediaProtocolDevicePath	resolved	0
std.os.uefi.DevicePath.Media.PiwgFirmwareFileDevicePath	resolved	0
std.os.uefi.DevicePath.Media.PiwgFirmwareVolumeDevicePath	resolved	0
std.os.uefi.DevicePath.Media.RelativeOffsetRangeDevicePath	resolved	0
std.os.uefi.DevicePath.Media.RamDiskDevicePath	resolved	0
std.os.uefi.DevicePath.BiosBootSpecification	resolved	2
std.os.uefi.DevicePath.BiosBootSpecification.Subtype	resolved	0
std.os.uefi.DevicePath.BiosBootSpecification.BBS101DevicePath	resolved	1
std.os.uefi.DevicePath.End	resolved	3
std.os.uefi.DevicePath.End.Subtype	resolved	0
std.os.uefi.DevicePath.End.EndEntireDevicePath	resolved	0
std.os.uefi.DevicePath.End.EndThisInstanceDevicePath	resolved	0
std.os.uefi.hii	resolved	9
std.os.uefi.hii.PackageHeader	resolved	13
std.os.uefi.hii.PackageList	resolved	0
std.os.uefi.hii.SimplifiedFontPackage	resolved	1
std.os.uefi.hii.NarrowGlyphAttributes	resolved	0
std.os.uefi.hii.NarrowGlyph	resolved	0
std.os.uefi.hii.WideGlyphAttributes	resolved	0
std.os.uefi.hii.WideGlyph	resolved	0
std.os.uefi.hii.StringPackage	resolved	0
std.os.uefi.Status	resolved	3
std.os.uefi.tables	resolved	27
std.os.uefi.tables.BootServices	resolved	81
std.os.uefi.tables.BootServices.LoadImageSource	resolved	0
std.os.uefi.tables.BootServices.NotifyOpts	resolved	0
std.os.uefi.tables.BootServices.TaskPriorityLevel	resolved	0
std.os.uefi.tables.BootServices.ImageExitData	resolved	0
std.os.uefi.tables.RuntimeServices	resolved	37
std.os.uefi.tables.RuntimeServices.GetWakeupTime	resolved	0
std.os.uefi.tables.RuntimeServices.SetWakeupTime	resolved	0
std.os.uefi.tables.RuntimeServices.DebugDisposition	resolved	0
std.os.uefi.tables.RuntimeServices.DebugDisposition.Bits	poison	0
std.os.uefi.tables.RuntimeServices.PointerConversion	resolved	0
std.os.uefi.tables.RuntimeServices.VariableAttributes	resolved	0
std.os.uefi.tables.RuntimeServices.VariableAuthentication3	resolved	4
std.os.uefi.tables.RuntimeServices.VariableAuthentication3.Flags	resolved	0
std.os.uefi.tables.RuntimeServices.VariableAuthentication3.Type	resolved	0
std.os.uefi.tables.RuntimeServices.VariableInfo	resolved	0
std.os.uefi.tables.RuntimeServices.VariableNameIterator	resolved	4
std.os.uefi.tables.ConfigurationTable	resolved	9
std.os.uefi.tables.SystemTable	resolved	16
std.os.uefi.tables.TableHeader	resolved	0
std.os.uefi.tables.TimerDelay	resolved	0
std.os.uefi.tables.MemoryType	resolved	7
std.os.uefi.tables.MemoryDescriptorAttribute	resolved	0
std.os.uefi.tables.MemoryMapKey	resolved	0
std.os.uefi.tables.MemoryDescriptor	resolved	0
std.os.uefi.tables.MemoryMapInfo	resolved	0
std.os.uefi.tables.MemoryMapSlice	resolved	3
std.os.uefi.tables.MemoryDescriptorIterator	resolved	1
std.os.uefi.tables.LocateSearchType	resolved	0
std.os.uefi.tables.LocateSearch	resolved	0
std.os.uefi.tables.OpenProtocolAttributes	resolved	3
std.os.uefi.tables.OpenProtocolAttributes.Bits	resolved	0
std.os.uefi.tables.OpenProtocolArgs	resolved	0
std.os.uefi.tables.ProtocolInformationEntry	resolved	0
std.os.uefi.tables.InterfaceType	resolved	0
std.os.uefi.tables.AllocateLocation	resolved	0
std.os.uefi.tables.AllocateType	resolved	0
std.os.uefi.tables.CapsuleHeader	resolved	0
std.os.uefi.tables.UefiCapsuleBlockDescriptor	resolved	0
std.os.uefi.tables.ResetType	resolved	0
std.os.uefi.EventType	resolved	2
std.os.uefi.MacAddress	resolved	0
std.os.uefi.Ipv4Address	resolved	0
std.os.uefi.Ipv6Address	resolved	0
std.os.uefi.IpAddress	resolved	0
std.os.uefi.Guid	resolved	2
std.os.uefi.Time	resolved	2
std.os.uefi.TimeCapabilities	resolved	0
std.os.wasi	poison	0
std.os.wasi.advice_t	resolved	0
std.os.wasi.clockid_t	resolved	0
std.os.wasi.dirent_t	resolved	0
std.os.wasi.errno_t	resolved	0
std.os.wasi.event_t	resolved	0
std.os.wasi.eventfdreadwrite_t	resolved	0
std.os.wasi.eventtype_t	resolved	0
std.os.wasi.fdflags_t	resolved	0
std.os.wasi.fdstat_t	resolved	0
std.os.wasi.filestat_t	resolved	0
std.os.wasi.filetype_t	resolved	0
std.os.wasi.fstflags_t	resolved	0
std.os.wasi.lookupflags_t	resolved	0
std.os.wasi.oflags_t	resolved	0
std.os.wasi.preopentype_t	resolved	0
std.os.wasi.prestat_t	resolved	0
std.os.wasi.prestat_dir_t	resolved	0
std.os.wasi.prestat_u_t	resolved	0
std.os.wasi.SOCK	resolved	3
std.os.wasi.rights_t	resolved	0
std.os.wasi.sdflags_t	resolved	0
std.os.wasi.signal_t	resolved	0
std.os.wasi.subscription_t	resolved	0
std.os.wasi.subscription_clock_t	resolved	0
std.os.wasi.subscription_fd_readwrite_t	resolved	0
std.os.wasi.subscription_u_t	resolved	0
std.os.wasi.subscription_u_u_t	resolved	0
std.os.wasi.whence_t	resolved	0
std.os.emscripten	poison	0
std.os.emscripten.E	resolved	0
std.os.emscripten.F	resolved	18
std.os.emscripten.W	resolved	12
std.os.emscripten.Flock	resolved	0
std.os.emscripten.LOCK	resolved	4
std.os.emscripten.MADV	resolved	21
std.os.emscripten.MSF	resolved	3
std.os.emscripten.MSG	resolved	21
std.os.emscripten.POLL	resolved	8
std.os.emscripten.PROT	resolved	0
std.os.emscripten.RLIM	resolved	3
std.os.emscripten.rlimit_resource	resolved	0
std.os.emscripten.rusage	resolved	3
std.os.emscripten.timeval	resolved	0
std.os.emscripten.S	resolved	30
std.os.emscripten.SA	resolved	8
std.os.emscripten.SEEK	resolved	3
std.os.emscripten.SHUT	resolved	3
std.os.emscripten.Sigaction	resolved	2
std.os.emscripten.siginfo_t	resolved	0
std.os.emscripten.siginfo_fields_union	poison	0
std.os.emscripten.sigval	resolved	0
std.os.emscripten.SO	resolved	68
std.os.emscripten.SOCK	resolved	9
std.os.emscripten.SOL	resolved	28
std.os.emscripten.TCP	resolved	40
std.os.emscripten.dl_phdr_info	resolved	0
std.os.emscripten.pollfd	resolved	0
std.os.emscripten.stack_t	resolved	0
std.os.emscripten.UTIME	resolved	2
std.os.emscripten.timespec	resolved	0
std.os.emscripten.timezone	resolved	0
std.os.emscripten.utsname	resolved	0
std.os.emscripten.Stat	resolved	3
std.os.emscripten.TIMING	resolved	3
std.os.emscripten.LOG	resolved	10
std.os.emscripten.PROMISE	resolved	4
std.os.emscripten.struct_em_settled_result_t	resolved	0
std.os.windows	poison	0
std.os.windows.kernel32	poison	0
std.os.windows.ntdll	poison	0
std.os.windows.ws2_32	resolved	16
std.os.windows.ws2_32.TCP	resolved	23
std.os.windows.ws2_32.AF	resolved	36
std.os.windows.ws2_32.SOCK	resolved	5
std.os.windows.ws2_32.SOL	resolved	2
std.os.windows.ws2_32.SO	resolved	48
std.os.windows.ws2_32.MSG	resolved	12
std.os.windows.ws2_32.IPPROTO	resolved	12
std.os.windows.ws2_32.FLOWSPEC	resolved	0
std.os.windows.ws2_32.sockproto	resolved	0
std.os.windows.ws2_32.linger	resolved	0
std.os.windows.ws2_32.sockaddr	resolved	5
std.os.windows.ws2_32.sockaddr.storage	resolved	0
std.os.windows.ws2_32.sockaddr.in	resolved	0
std.os.windows.ws2_32.sockaddr.in6	resolved	0
std.os.windows.ws2_32.sockaddr.un	resolved	0
std.os.windows.ws2_32.hostent	resolved	0
std.os.windows.ws2_32.timeval	resolved	0
std.os.windows.crypt32	poison	0
std.os.windows.crypt32.HCRYPTPROV_LEGACY	resolved	0
std.os.windows.crypt32.CTL_USAGE	resolved	0
std.os.windows.crypt32.ENCODING	resolved	1
std.os.windows.crypt32.ENCODING.TYPE	resolved	0
std.os.windows.crypt32.CERT_CONTEXT	resolved	0
std.os.windows.crypt32.CERT_STORE	resolved	3
std.os.windows.crypt32.CERT_STORE.PROV	resolved	1
std.os.windows.crypt32.CERT_STORE.FLAG	resolved	0
std.os.windows.crypt32.CERT_STORE.ADD	resolved	0
std.os.windows.crypt32.CERT_CLOSE_STORE_FLAG	resolved	0
std.os.windows.crypt32.HCERTCHAINENGINE	resolved	1
std.os.windows.crypt32.CERT_CHAIN	resolved	4
std.os.windows.crypt32.CERT_CHAIN.USAGE_MATCH	resolved	1
std.os.windows.crypt32.CERT_CHAIN.USAGE_MATCH.TYPE	resolved	0
std.os.windows.crypt32.CERT_CHAIN.PARA	resolved	0
std.os.windows.crypt32.CERT_CHAIN.POLICY	resolved	4
std.os.windows.crypt32.CERT_CHAIN.POLICY.PARA	resolved	0
std.os.windows.crypt32.CERT_CHAIN.POLICY.STATUS	resolved	0
std.os.windows.crypt32.CERT_CHAIN.POLICY.FLAG	resolved	0
std.os.windows.crypt32.HTTPSPolicyCallbackData	resolved	1
std.os.windows.crypt32.HTTPSPolicyCallbackData.AUTHTYPE	resolved	0
std.os.windows.nls	resolved	1
std.os.windows.PS	resolved	1
std.os.windows.PS.ATTRIBUTE	resolved	3
std.os.windows.PS.ATTRIBUTE.NUM	resolved	0
std.os.windows.PS.ATTRIBUTE.Type	resolved	1
std.os.windows.PS.ATTRIBUTE.LIST	resolved	0
std.os.windows.OBJECT	resolved	3
std.os.windows.OBJECT.ATTRIBUTES	resolved	1
std.os.windows.OBJECT.ATTRIBUTES.Flags	poison	0
std.os.windows.OBJECT.INFORMATION_CLASS	resolved	1
std.os.windows.OBJECT.NAME_INFORMATION	resolved	0
std.os.windows.FILE	resolved	25
std.os.windows.FILE.END_OF_FILE_INFORMATION	resolved	0
std.os.windows.FILE.ALIGNMENT_INFORMATION	resolved	0
std.os.windows.FILE.NAME_INFORMATION	resolved	0
std.os.windows.FILE.DISPOSITION	resolved	2
std.os.windows.FILE.DISPOSITION.INFORMATION	resolved	1
std.os.windows.FILE.DISPOSITION.INFORMATION.EX	resolved	0
std.os.windows.FILE.FS_VOLUME_INFORMATION	resolved	1
std.os.windows.FILE.NAME_FLAGS	resolved	0
std.os.windows.FILE.NOTIFY	resolved	4
std.os.windows.FILE.NOTIFY.CHANGE	resolved	0
std.os.windows.FILE.NOTIFY.INFORMATION	resolved	1
std.os.windows.FILE.NOTIFY.EXTENDED_INFORMATION	resolved	1
std.os.windows.FILE.NOTIFY.FULL_INFORMATION	resolved	1
std.os.windows.FILE.PIPE	resolved	10
std.os.windows.FILE.PIPE.TYPE	resolved	1
std.os.windows.FILE.PIPE.COMPLETION_MODE	resolved	0
std.os.windows.FILE.PIPE.READ_MODE	resolved	0
std.os.windows.FILE.PIPE.CONFIGURATION	resolved	0
std.os.windows.FILE.PIPE.STATE	resolved	0
std.os.windows.FILE.PIPE.END	resolved	0
std.os.windows.FILE.PIPE.INFORMATION	resolved	0
std.os.windows.FILE.PIPE.LOCAL_INFORMATION	resolved	0
std.os.windows.FILE.PIPE.REMOTE_INFORMATION	resolved	0
std.os.windows.FILE.PIPE.WAIT_FOR_BUFFER	resolved	4
std.os.windows.FILE.ALL_INFORMATION	resolved	0
std.os.windows.FILE.INTERNAL_INFORMATION	resolved	0
std.os.windows.FILE.EA_INFORMATION	resolved	0
std.os.windows.FILE.ACCESS_INFORMATION	resolved	0
std.os.windows.FILE.RENAME_INFORMATION	resolved	4
std.os.windows.FILE.RENAME_INFORMATION.FLAGS	resolved	0
std.os.windows.FILE.INFORMATION_CLASS	resolved	1
std.os.windows.FILE.BASIC_INFORMATION	resolved	0
std.os.windows.FILE.STANDARD_INFORMATION	resolved	0
std.os.windows.FILE.POSITION_INFORMATION	resolved	0
std.os.windows.FILE.FULL_EA_INFORMATION	resolved	0
std.os.windows.FILE.FS_DEVICE_INFORMATION	resolved	0
std.os.windows.FILE.ATTRIBUTE_TAG_INFO	resolved	0
std.os.windows.FILE.SHARE	resolved	1
std.os.windows.FILE.ATTRIBUTE	resolved	0
std.os.windows.FILE.CREATE_DISPOSITION	resolved	1
std.os.windows.FILE.MODE	resolved	5
std.os.windows.FILE.MODE.INFORMATION	resolved	0
std.os.windows.DIRECTORY	resolved	1
std.os.windows.DIRECTORY.NOTIFY_INFORMATION_CLASS	resolved	1
std.os.windows.CONSOLE	resolved	1
std.os.windows.CONSOLE.USER_IO	resolved	16
std.os.windows.CONSOLE.USER_IO.INFO	resolved	5
std.os.windows.CONSOLE.USER_IO.INFO.CP	resolved	1
std.os.windows.CONSOLE.USER_IO.INFO.CP.MODE	resolved	0
std.os.windows.CONSOLE.USER_IO.INFO.WRITE	resolved	1
std.os.windows.CONSOLE.USER_IO.INFO.WRITE.MODE	resolved	0
std.os.windows.CONSOLE.USER_IO.INFO.FILL	resolved	1
std.os.windows.CONSOLE.USER_IO.INFO.FILL.WITH	resolved	2
std.os.windows.CONSOLE.USER_IO.INFO.SCREEN_BUFFER	resolved	0
std.os.windows.CONSOLE.USER_IO.INFO.READ_OUTPUT_CHARACTER	resolved	1
std.os.windows.CONSOLE.USER_IO.INFO.READ_OUTPUT_CHARACTER.MODE	resolved	0
std.os.windows.CONSOLE.USER_IO.InputBuffer	resolved	0
std.os.windows.CONSOLE.USER_IO.OutputBuffer	resolved	0
std.os.windows.CONSOLE.USER_IO.Request	resolved	1
std.os.windows.CONSOLE.USER_IO.Request()	skipped	0
std.os.windows.CONSOLE.USER_IO.Header	resolved	1
std.os.windows.CONSOLE.USER_IO.Header.With	resolved	1
std.os.windows.CONSOLE.USER_IO.Header.With()	skipped	0
std.os.windows.CONSOLE.USER_IO.Operation	resolved	0
std.os.windows.AFD	poison	0
std.os.windows.AFD.Mutability	resolved	0
std.os.windows.AFD.WSABUF	resolved	1
std.os.windows.AFD.WSABUF()	skipped	0
std.os.windows.AFD.GUARANTEE	resolved	0
std.os.windows.AFD.ENDPOINT_TYPE	resolved	0
std.os.windows.AFD.OPEN_PACKET	resolved	2
std.os.windows.AFD.OPEN_PACKET.FULL_EA_INFORMATION	resolved	0
std.os.windows.AFD.BIND_INFO	resolved	1
std.os.windows.AFD.BIND_INFO.MODE	resolved	0
std.os.windows.AFD.LISTEN_INFO	resolved	0
std.os.windows.AFD.LISTEN_RESPONSE_INFO	resolved	0
std.os.windows.AFD.ACCEPT_INFO	resolved	0
std.os.windows.AFD.SUPER_ACCEPT_INFO	resolved	0
std.os.windows.AFD.DEFER_ACCEPT_INFO	resolved	0
std.os.windows.AFD.PARTIAL_DISCONNECT_INFO	resolved	1
std.os.windows.AFD.PARTIAL_DISCONNECT_INFO.MODE	resolved	0
std.os.windows.AFD.RECEIVE_INFORMATION	resolved	0
std.os.windows.AFD.HANDLE_INFO	resolved	0
std.os.windows.AFD.INFORMATION	resolved	1
std.os.windows.AFD.INFORMATION.TYPE	resolved	0
std.os.windows.AFD.TRANSMIT_FILE_INFO	poison	0
std.os.windows.AFD.TRANSMIT_FILE_INFO.FLAGS	poison	0
std.os.windows.AFD.QUEUE_APC_INFO	resolved	0
std.os.windows.AFD.SEND_INFO	resolved	0
std.os.windows.AFD.SEND_DATAGRAM_INFO	resolved	0
std.os.windows.AFD.RECV_INFO	resolved	0
std.os.windows.AFD.RECV_DATAGRAM_INFO	resolved	0
std.os.windows.AFD.SOCKOPT_INFO	resolved	2
std.os.windows.AFD.SOCKOPT_INFO.Mode	resolved	0
std.os.windows.AFD.SOCKOPT_INFO.UNIX_PATH	resolved	0
std.os.windows.TDI	resolved	9
std.os.windows.TDI.CONNECTION	resolved	2
std.os.windows.TDI.CONNECTION.INFORMATION	resolved	0
std.os.windows.TDI.ADDRESS	poison	0
std.os.windows.TDI.ADDRESS.TYPE	poison	0
std.os.windows.TDI.ADDRESS.IP	resolved	0
std.os.windows.TDI.ADDRESS.IP6	resolved	0
std.os.windows.TDI.REQUEST	resolved	9
std.os.windows.TDI.REQUEST.STATUS	resolved	0
std.os.windows.TDI.REQUEST.ASSOCIATE	resolved	0
std.os.windows.TDI.REQUEST.CONNECT	resolved	0
std.os.windows.TDI.REQUEST.ACCEPT	resolved	0
std.os.windows.TDI.REQUEST.LISTEN	resolved	0
std.os.windows.TDI.REQUEST.DISCONNECT	resolved	0
std.os.windows.TDI.REQUEST.SEND	resolved	0
std.os.windows.TDI.REQUEST.RECEIVE	resolved	0
std.os.windows.TDI.REQUEST.SEND_DATAGRAM	resolved	0
std.os.windows.TDI.RECEIVE	resolved	0
std.os.windows.TDI.SEND	resolved	0
std.os.windows.NET	resolved	2
std.os.windows.NET.LUID	resolved	0
std.os.windows.NET.IFINDEX	resolved	0
std.os.windows.DNS	resolved	10
std.os.windows.DNS.INTERFACE_SETTINGS	resolved	0
std.os.windows.DNS.ADDR	resolved	1
std.os.windows.DNS.ADDR.ARRAY	resolved	0
std.os.windows.DNS.CUSTOM_SERVER	resolved	2
std.os.windows.DNS.CUSTOM_SERVER.TYPE	resolved	0
std.os.windows.DNS.CUSTOM_SERVER.FLAGS	resolved	0
std.os.windows.DNS.TYPE	resolved	2
std.os.windows.DNS.QUERY	resolved	5
std.os.windows.DNS.QUERY.REQUEST	poison	0
std.os.windows.DNS.QUERY.REQUEST.@"3"	poison	0
std.os.windows.DNS.QUERY.RESULT	resolved	0
std.os.windows.DNS.QUERY.CANCEL	resolved	0
std.os.windows.DNS.FREE_TYPE	resolved	0
std.os.windows.DNS.RECORD	resolved	1
std.os.windows.DNS.RECORD.FLAGS	resolved	0
std.os.windows.DNS.SECTION	resolved	0
std.os.windows.SYSTEM	resolved	2
std.os.windows.SYSTEM.INFORMATION_CLASS	resolved	0
std.os.windows.SYSTEM.BASIC_INFORMATION	resolved	0
std.os.windows.PROCESS	resolved	4
std.os.windows.PROCESS.INFORMATION	resolved	0
std.os.windows.PROCESS.INFOCLASS	resolved	1
std.os.windows.PROCESS.BASIC_INFORMATION	resolved	0
std.os.windows.PROCESS.VM_COUNTERS	resolved	0
std.os.windows.THREAD	resolved	4
std.os.windows.THREAD.INFOCLASS	resolved	1
std.os.windows.THREAD.BASIC_INFORMATION	resolved	0
std.os.windows.THREAD.CREATE_FLAGS	resolved	1
std.os.windows.THREAD.StackSize	resolved	0
std.os.windows.MEMORY	resolved	1
std.os.windows.MEMORY.BASIC_INFORMATION	resolved	0
std.os.windows.HEAP	resolved	2
std.os.windows.HEAP.FLAGS	resolved	3
std.os.windows.HEAP.FLAGS.CLASS	resolved	1
std.os.windows.HEAP.FLAGS.CREATE	resolved	1
std.os.windows.HEAP.FLAGS.ALLOCATION	resolved	0
std.os.windows.HEAP.RTL_PARAMETERS	resolved	2
std.os.windows.HEAP.RTL_PARAMETERS.SEGMENT	resolved	3
std.os.windows.HEAP.RTL_PARAMETERS.SEGMENT.VERSION	resolved	0
std.os.windows.HEAP.RTL_PARAMETERS.SEGMENT.FLG	resolved	1
std.os.windows.HEAP.RTL_PARAMETERS.SEGMENT.MEMORY_SOURCE	resolved	2
std.os.windows.HEAP.RTL_PARAMETERS.SEGMENT.MEMORY_SOURCE.TYPE	resolved	1
std.os.windows.HEAP.RTL_PARAMETERS.SEGMENT.MEMORY_SOURCE.VA_CALLBACKS	resolved	4
std.os.windows.HEAP.RTL_PARAMETERS.SEGMENT.MEMORY_SOURCE.VA_CALLBACKS.MEMORY_INFO_CLASS	resolved	0
std.os.windows.CTL_CODE	resolved	6
std.os.windows.CTL_CODE.METHOD	resolved	0
std.os.windows.CTL_CODE.FILE_ACCESS	resolved	2
std.os.windows.CTL_CODE.FILE_DEVICE	resolved	0
std.os.windows.CTL_CODE.PIPE	resolved	21
std.os.windows.IOCTL	resolved	4
std.os.windows.IOCTL.AFD	resolved	47
std.os.windows.IOCTL.AFD.CONTROL_CODE	poison	0
std.os.windows.IOCTL.CONDRV	resolved	14
std.os.windows.IOCTL.KSEC	resolved	1
std.os.windows.IOCTL.MOUNTMGR	resolved	2
std.os.windows.IO_REPARSE_TAG	resolved	37
std.os.windows.ACCESS_MASK	resolved	3
std.os.windows.ACCESS_MASK.Specific	resolved	22
std.os.windows.ACCESS_MASK.Specific.File	resolved	6
std.os.windows.ACCESS_MASK.Specific.File.Directory	resolved	0
std.os.windows.ACCESS_MASK.Specific.File.Pipe	resolved	0
std.os.windows.ACCESS_MASK.Specific.Key	resolved	5
std.os.windows.ACCESS_MASK.Specific.ObjectType	resolved	1
std.os.windows.ACCESS_MASK.Specific.Directory	resolved	1
std.os.windows.ACCESS_MASK.Specific.SymbolicLink	resolved	2
std.os.windows.ACCESS_MASK.Specific.Section	resolved	1
std.os.windows.ACCESS_MASK.Specific.Session	resolved	1
std.os.windows.ACCESS_MASK.Specific.Process	resolved	1
std.os.windows.ACCESS_MASK.Specific.Thread	resolved	1
std.os.windows.ACCESS_MASK.Specific.MemoryPartition	resolved	1
std.os.windows.ACCESS_MASK.Specific.TransactionManager	resolved	4
std.os.windows.ACCESS_MASK.Specific.Transaction	resolved	5
std.os.windows.ACCESS_MASK.Specific.ResourceManager	resolved	4
std.os.windows.ACCESS_MASK.Specific.Enlistment	resolved	4
std.os.windows.ACCESS_MASK.Specific.Event	resolved	1
std.os.windows.ACCESS_MASK.Specific.Semaphore	resolved	1
std.os.windows.ACCESS_MASK.Specific.Token	resolved	7
std.os.windows.ACCESS_MASK.Specific.JobObject	resolved	1
std.os.windows.ACCESS_MASK.Specific.Mutant	resolved	1
std.os.windows.ACCESS_MASK.Specific.Timer	resolved	1
std.os.windows.ACCESS_MASK.Specific.IoCompletion	resolved	1
std.os.windows.ACCESS_MASK.Standard	resolved	2
std.os.windows.ACCESS_MASK.Standard.Rights	resolved	5
std.os.windows.ACCESS_MASK.Generic	resolved	0
std.os.windows.DEVICE_TYPE	resolved	0
std.os.windows.FS_INFORMATION_CLASS	resolved	1
std.os.windows.SECTION_INHERIT	resolved	0
std.os.windows.PAGE	resolved	1
std.os.windows.MEM	resolved	5
std.os.windows.MEM.ALLOCATE	resolved	1
std.os.windows.MEM.FREE	resolved	0
std.os.windows.MEM.MAP	resolved	0
std.os.windows.MEM.UNMAP	resolved	0
std.os.windows.MEM.EXTENDED_PARAMETER	resolved	1
std.os.windows.MEM.EXTENDED_PARAMETER.TYPE	resolved	1
std.os.windows.SEC	resolved	1
std.os.windows.EVENT_TYPE	resolved	0
std.os.windows.TIMER_TYPE	resolved	0
std.os.windows.WAIT_TYPE	resolved	0
std.os.windows.NTSTATUS	resolved	3
std.os.windows.CreateProcessFlags	resolved	0
std.os.windows.Win32Error	resolved	0
std.os.windows.LANG	resolved	140
std.os.windows.SUBLANG	resolved	244
std.os.windows.STRING	poison	0
std.os.windows.STRING()	skipped	0
std.os.windows.Bool	poison	0
std.os.windows.Bool()	skipped	0
std.os.windows.IO_STATUS_BLOCK	resolved	0
std.os.windows.SECURITY_ATTRIBUTES	resolved	0
std.os.windows.STARTUPINFOW	resolved	0
std.os.windows.FILETIME	resolved	0
std.os.windows.GUID	resolved	3
std.os.windows.COORD	resolved	0
std.os.windows.IMAGE_TLS_DIRECTORY	resolved	0
std.os.windows.RTL_QUERY_REGISTRY_TABLE	resolved	0
std.os.windows.REG	resolved	3
std.os.windows.REG.ValueType	resolved	2
std.os.windows.REG.OpenOptions	resolved	0
std.os.windows.REG.LoadOptions	resolved	0
std.os.windows.KEY	resolved	1
std.os.windows.KEY.VALUE	resolved	2
std.os.windows.KEY.VALUE.INFORMATION_CLASS	resolved	1
std.os.windows.KEY.VALUE.PARTIAL_INFORMATION	resolved	1
std.os.windows.LIST_ENTRY	resolved	0
std.os.windows.RTL_CRITICAL_SECTION_DEBUG	resolved	0
std.os.windows.RTL_CRITICAL_SECTION	resolved	0
std.os.windows.RTL_RUN_ONCE	resolved	0
std.os.windows.EXCEPTION_RECORD	resolved	0
std.os.windows.EXCEPTION_POINTERS	resolved	0
std.os.windows.UNWIND_HISTORY_TABLE_ENTRY	resolved	0
std.os.windows.UNWIND_HISTORY_TABLE	resolved	0
std.os.windows.CLIENT_ID	resolved	0
std.os.windows.TEB	resolved	0
std.os.windows.EXCEPTION_REGISTRATION_RECORD	resolved	0
std.os.windows.NT_TIB	resolved	0
std.os.windows.PEB	resolved	0
std.os.windows.PEB.UnknownStaticServerDataIndirection	poison	0
std.os.windows.PEB_LDR_DATA	resolved	0
std.os.windows.LDR	poison	0
std.os.windows.LDR.DATA_TABLE_ENTRY	resolved	0
std.os.windows.LDR.DLL_NOTIFICATION	resolved	5
std.os.windows.LDR.DLL_NOTIFICATION.REASON	resolved	0
std.os.windows.LDR.DLL_NOTIFICATION.DATA	resolved	2
std.os.windows.LDR.DLL_NOTIFICATION.DATA.LOADED	resolved	0
std.os.windows.LDR.DLL_NOTIFICATION.DATA.UNLOADED	resolved	0
std.os.windows.LDR.DLL_NOTIFICATION.REGISTER	resolved	0
std.os.windows.LDR.GET_DLL_HANDLE_EX	resolved	0
std.os.windows.LDR.GET_PROCEDURE_ADDRESS	resolved	0
std.os.windows.LDR.LOAD	poison	0
std.os.windows.RTL_USER_PROCESS_PARAMETERS	resolved	0
std.os.windows.RTL_DRIVE_LETTER_CURDIR	resolved	0
std.os.windows.FILE_DIRECTORY_INFORMATION	resolved	0
std.os.windows.FILE_BOTH_DIR_INFORMATION	resolved	0
std.os.windows.FileInformationIterator	resolved	1
std.os.windows.FileInformationIterator()	skipped	0
std.os.windows.CURDIR	resolved	0
std.os.windows.MODULEINFO	resolved	0
std.os.windows.OSVERSIONINFOW	resolved	0
std.os.windows.REPARSE_DATA_BUFFER	resolved	0
std.os.windows.SYMBOLIC_LINK_REPARSE_BUFFER	resolved	0
std.os.windows.MOUNT_POINT_REPARSE_BUFFER	resolved	0
std.os.windows.MOUNTMGR_MOUNT_POINT	resolved	0
std.os.windows.MOUNTMGR_MOUNT_POINTS	resolved	0
std.os.windows.MOUNTMGR_TARGET_NAME	resolved	0
std.os.windows.MOUNTMGR_VOLUME_PATHS	resolved	0
std.os.windows.SRWLOCK	resolved	0
std.os.windows.CONDITION_VARIABLE	resolved	0
std.os.windows.PF	resolved	0
std.os.windows.KSYSTEM_TIME	resolved	0
std.os.windows.NT_PRODUCT_TYPE	resolved	0
std.os.windows.ALTERNATIVE_ARCHITECTURE_TYPE	resolved	0
std.os.windows.XSTATE_FEATURE	resolved	0
std.os.windows.XSTATE_CONFIGURATION	resolved	0
std.os.windows.KUSER_SHARED_DATA	resolved	0
std.os.windows.KERNEL_USER_TIMES	resolved	0
std.os.windows.BASE_STATIC_SERVER_DATA	poison	0
std.os.windows.BASE_STATIC_SERVER_DATA.ForeignString	poison	0
std.pdb	resolved	34
std.pdb.DbiStreamHeader	resolved	0
std.pdb.SectionContribEntry	resolved	0
std.pdb.ModInfo	resolved	0
std.pdb.SectionMapHeader	resolved	0
std.pdb.SectionMapEntry	resolved	0
std.pdb.StreamType	resolved	0
std.pdb.SymbolKind	resolved	0
std.pdb.ProcSym	resolved	0
std.pdb.ProcSymFlags	resolved	0
std.pdb.SectionContrSubstreamVersion	resolved	0
std.pdb.RecordPrefix	resolved	0
std.pdb.LineFragmentHeader	resolved	0
std.pdb.LineFlags	resolved	0
std.pdb.LineBlockFragmentHeader	resolved	0
std.pdb.LineNumberEntry	resolved	1
std.pdb.LineNumberEntry.Flags	resolved	0
std.pdb.ColumnNumberEntry	resolved	0
std.pdb.FileChecksumEntryHeader	resolved	0
std.pdb.DebugSubsectionKind	resolved	0
std.pdb.DebugSubsectionHeader	resolved	0
std.pdb.StringTableHeader	resolved	0
std.pdb.SuperBlock	resolved	1
std.pdb.IpiStreamVersion	resolved	0
std.pdb.IpiStreamHeader	resolved	0
std.pdb.LfRecordPrefix	resolved	0
std.pdb.LfRecordKind	resolved	0
std.pdb.LfFuncId	resolved	0
std.pdb.LfMFuncId	resolved	0
std.pdb.InlineSiteSym	resolved	0
std.pdb.InlineSiteSym2	resolved	0
std.pdb.InlineeSourceLineSignature	resolved	0
std.pdb.InlineeSourceLine	resolved	0
std.pdb.InlineeSourceLineEx	resolved	0
std.pdb.BinaryAnnotationOpcode	resolved	0
std.pie	resolved	1
std.posix	poison	0
std.posix.iovec	resolved	0
std.posix.iovec_const	resolved	0
std.posix.TCSA	resolved	0
std.posix.winsize	resolved	0
std.posix.LOCK	resolved	4
std.posix.LOG	resolved	8
std.process	resolved	60
std.process.Child	resolved	7
std.process.Child.ResourceUsageStatistics	resolved	1
std.process.Child.Term	resolved	0
std.process.Child.Cwd	resolved	0
std.process.Args	resolved	8
std.process.Args.Iterator	resolved	9
std.process.Args.Iterator.Windows	resolved	5
std.process.Args.Iterator.Windows.next_strategy	poison	0
std.process.Args.Iterator.Windows.skip_strategy	poison	0
std.process.Args.Iterator.Posix	resolved	4
std.process.Args.Iterator.Wasi	resolved	5
std.process.Args.IteratorGeneralOptions	resolved	0
std.process.Args.IteratorGeneral	resolved	1
std.process.Args.IteratorGeneral()	skipped	0
std.process.Environ	resolved	26
std.process.Environ.GlobalBlock	resolved	4
std.process.Environ.PosixBlock	resolved	5
std.process.Environ.PosixBlock.View	resolved	1
std.process.Environ.WindowsBlock	resolved	5
std.process.Environ.WindowsBlock.View	resolved	1
std.process.Environ.Map	resolved	22
std.process.Environ.Map.EnvNameHashContext	resolved	2
std.process.Environ.CreatePosixBlockOptions	resolved	0
std.process.Environ.CreateWindowsBlockOptions	resolved	0
std.process.Preopens	resolved	6
std.process.Preopens.Resource	resolved	0
std.process.Init	resolved	1
std.process.Init.Minimal	resolved	0
std.process.UserInfo	resolved	0
std.process.ReplaceOptions	resolved	0
std.process.ArgExpansion	resolved	0
std.process.WindowsExtension	resolved	0
std.process.SpawnOptions	resolved	1
std.process.SpawnOptions.StdIo	resolved	0
std.process.RunOptions	resolved	0
std.process.RunResult	resolved	0
std.process.LockMemoryOptions	resolved	0
std.process.LockMemoryAllOptions	resolved	0
std.process.MemoryProtection	resolved	0
std.sort	resolved	20
std.sort.Mode	resolved	0
std.sort.IdAndValue	poison	0
std.simd	resolved	24
std.ascii	resolved	38
std.ascii.control_code	resolved	35
std.ascii.HexEscape	resolved	3
std.tar	resolved	10
std.tar.Writer	resolved	12
std.tar.Writer.Options	resolved	0
std.tar.Writer.Header	resolved	9
std.tar.Writer.Header.FileType	resolved	0
std.tar.Writer.Header.default_mode	poison	0
std.tar.Diagnostics	resolved	2
std.tar.Diagnostics.Error	resolved	0
std.tar.ExtractOptions	resolved	1
std.tar.ExtractOptions.ModeMode	resolved	0
std.tar.Header	poison	0
std.tar.Header.Kind	poison	0
std.tar.Header.Chksums	poison	0
std.tar.FileKind	resolved	0
std.tar.Iterator	resolved	5
std.tar.Iterator.Options	resolved	0
std.tar.Iterator.File	resolved	0
std.tar.PaxAttributeKind	poison	0
std.tar.PaxIterator	resolved	1
std.tar.PaxIterator.Attribute	poison	0
std.testing	poison	0
std.testing.FailingAllocator	resolved	4
std.testing.FailingAllocator.Config	resolved	0
std.testing.SliceDiffer	poison	0
std.testing.SliceDiffer()	skipped	0
std.testing.BytesDiffer	poison	0
std.testing.TmpDir	resolved	1
std.testing.Smith	resolved	33
std.testing.FuzzInputOptions	resolved	0
std.testing.Reader	resolved	2
std.testing.Reader.Call	resolved	0
std.testing.ReaderIndirect	resolved	1
std.time	resolved	23
std.time.epoch	resolved	35
std.time.epoch.Month	resolved	1
std.time.epoch.YearAndDay	resolved	1
std.time.epoch.MonthAndDay	resolved	0
std.time.epoch.EpochDay	resolved	1
std.time.epoch.DaySeconds	resolved	3
std.time.epoch.EpochSeconds	resolved	2
std.tz	resolved	4
std.tz.Transition	resolved	0
std.tz.Timetype	resolved	4
std.tz.Leapsecond	resolved	0
std.tz.Tz	resolved	2
std.tz.Tz.Header	poison	0
std.unicode	resolved	60
std.unicode.Surrogates	poison	0
std.unicode.Utf8View	resolved	4
std.unicode.Utf8Iterator	resolved	3
std.unicode.Utf16LeIterator	resolved	3
std.unicode.Wtf8View	resolved	4
std.unicode.Wtf8Iterator	resolved	3
std.unicode.Wtf16LeIterator	resolved	2
std.valgrind	resolved	34
std.valgrind.ClientRequest	resolved	0
std.valgrind.MempoolFlags	resolved	2
std.valgrind.memcheck	resolved	19
std.valgrind.memcheck.ClientRequest	resolved	0
std.valgrind.memcheck.CountResult	poison	0
std.valgrind.callgrind	resolved	7
std.valgrind.callgrind.ClientRequest	resolved	0
std.valgrind.cachegrind	resolved	3
std.valgrind.cachegrind.ClientRequest	resolved	0
std.wasm	resolved	19
std.wasm.Opcode	resolved	0
std.wasm.MiscOpcode	resolved	0
std.wasm.SimdOpcode	resolved	0
std.wasm.AtomicsOpcode	resolved	0
std.wasm.Valtype	resolved	0
std.wasm.RefType	resolved	0
std.wasm.Limits	resolved	1
std.wasm.Limits.Flags	resolved	0
std.wasm.InitExpression	resolved	0
std.wasm.Memory	resolved	0
std.wasm.Section	resolved	0
std.wasm.ExternalKind	resolved	0
std.wasm.NameSubsection	resolved	0
std.wasm.BlockType	resolved	1
std.zig	resolved	88
std.zig.tokenizer	poison	0
std.zig.tokenizer.Token	poison	0
std.zig.tokenizer.Token.Loc	poison	0
std.zig.tokenizer.Token.Tag	poison	0
std.zig.tokenizer.Tokenizer	poison	0
std.zig.tokenizer.Tokenizer.State	poison	0
std.zig.ErrorBundle	resolved	24
std.zig.ErrorBundle.MessageIndex	resolved	0
std.zig.ErrorBundle.SourceLocationIndex	resolved	0
std.zig.ErrorBundle.ErrorMessageList	resolved	0
std.zig.ErrorBundle.SourceLocation	resolved	0
std.zig.ErrorBundle.ErrorMessage	resolved	0
std.zig.ErrorBundle.ReferenceTrace	resolved	0
std.zig.ErrorBundle.RenderOptions	resolved	0
std.zig.ErrorBundle.Wip	resolved	17
std.zig.Server	resolved	19
std.zig.Server.Message	resolved	8
std.zig.Server.Message.Header	resolved	0
std.zig.Server.Message.Tag	resolved	0
std.zig.Server.Message.PathPrefix	resolved	0
std.zig.Server.Message.ErrorBundle	resolved	0
std.zig.Server.Message.TestMetadata	resolved	0
std.zig.Server.Message.TestResults	resolved	2
std.zig.Server.Message.TestResults.Flags	resolved	0
std.zig.Server.Message.TestResults.Status	resolved	0
std.zig.Server.Message.TimeReport	resolved	1
std.zig.Server.Message.TimeReport.Flags	resolved	0
std.zig.Server.Message.EmitDigest	resolved	1
std.zig.Server.Message.EmitDigest.Flags	resolved	0
std.zig.Server.Options	resolved	0
std.zig.Server.TestMetadata	resolved	0
std.zig.Client	resolved	1
std.zig.Client.Message	resolved	2
std.zig.Client.Message.Header	resolved	0
std.zig.Client.Message.Tag	resolved	0
std.zig.TokenSmith	resolved	3
std.zig.string_literal	resolved	8
std.zig.string_literal.ParsedCharLiteral	resolved	0
std.zig.string_literal.Result	resolved	0
std.zig.string_literal.Error	resolved	2
std.zig.string_literal.Error.FormatMessage	poison	0
std.zig.number_literal	resolved	6
std.zig.number_literal.Base	resolved	0
std.zig.number_literal.FloatBase	resolved	0
std.zig.number_literal.Result	resolved	0
std.zig.number_literal.Error	resolved	0
std.zig.primitives	resolved	2
std.zig.Ast	resolved	185
std.zig.Ast.Parse	poison	0
std.zig.Ast.Parse.SmallSpan	poison	0
std.zig.Ast.Parse.Members	poison	0
std.zig.Ast.Parse.Assoc	poison	0
std.zig.Ast.Parse.OperInfo	poison	0
std.zig.Ast.Parse.PtrModifiers	poison	0
std.zig.Ast.OptionalTokenIndex	resolved	3
std.zig.Ast.TokenOffset	resolved	3
std.zig.Ast.OptionalTokenOffset	resolved	1
std.zig.Ast.Location	resolved	0
std.zig.Ast.Span	resolved	0
std.zig.Ast.Mode	resolved	0
std.zig.Ast.Render	resolved	3
std.zig.Ast.Render.Fixups	resolved	3
std.zig.Ast.Render.Container	poison	0
std.zig.Ast.Render.Space	poison	0
std.zig.Ast.Render.QuoteBehavior	poison	0
std.zig.Ast.Render.AutoIndentingStream	poison	0
std.zig.Ast.Render.AutoIndentingStream.IndentType	poison	0
std.zig.Ast.Render.AutoIndentingStream.StackElem	poison	0
std.zig.Ast.Render.AutoIndentingStream.SpaceElem	poison	0
std.zig.Ast.full	resolved	17
std.zig.Ast.full.VarDecl	resolved	2
std.zig.Ast.full.VarDecl.Components	resolved	0
std.zig.Ast.full.AssignDestructure	resolved	1
std.zig.Ast.full.AssignDestructure.Components	resolved	0
std.zig.Ast.full.If	resolved	1
std.zig.Ast.full.If.Components	resolved	0
std.zig.Ast.full.While	resolved	1
std.zig.Ast.full.While.Components	resolved	0
std.zig.Ast.full.For	resolved	1
std.zig.Ast.full.For.Components	resolved	0
std.zig.Ast.full.ContainerField	resolved	3
std.zig.Ast.full.ContainerField.Components	resolved	0
std.zig.Ast.full.FnProto	resolved	5
std.zig.Ast.full.FnProto.Components	resolved	0
std.zig.Ast.full.FnProto.Param	resolved	0
std.zig.Ast.full.FnProto.Iterator	resolved	1
std.zig.Ast.full.StructInit	resolved	1
std.zig.Ast.full.StructInit.Components	resolved	0
std.zig.Ast.full.ArrayInit	resolved	1
std.zig.Ast.full.ArrayInit.Components	resolved	0
std.zig.Ast.full.ArrayType	resolved	1
std.zig.Ast.full.ArrayType.Components	resolved	0
std.zig.Ast.full.PtrType	resolved	1
std.zig.Ast.full.PtrType.Components	resolved	0
std.zig.Ast.full.Slice	resolved	1
std.zig.Ast.full.Slice.Components	resolved	0
std.zig.Ast.full.ContainerDecl	resolved	1
std.zig.Ast.full.ContainerDecl.Components	resolved	0
std.zig.Ast.full.Switch	resolved	1
std.zig.Ast.full.Switch.Components	resolved	0
std.zig.Ast.full.SwitchCase	resolved	1
std.zig.Ast.full.SwitchCase.Components	resolved	0
std.zig.Ast.full.Asm	resolved	1
std.zig.Ast.full.Asm.Components	resolved	0
std.zig.Ast.full.Call	resolved	1
std.zig.Ast.full.Call.Components	resolved	0
std.zig.Ast.Error	resolved	1
std.zig.Ast.Error.Tag	resolved	0
std.zig.Ast.ExtraIndex	resolved	0
std.zig.Ast.Node	resolved	22
std.zig.Ast.Node.Index	resolved	2
std.zig.Ast.Node.OptionalIndex	resolved	2
std.zig.Ast.Node.Offset	resolved	2
std.zig.Ast.Node.OptionalOffset	resolved	1
std.zig.Ast.Node.Tag	resolved	1
std.zig.Ast.Node.Data	resolved	0
std.zig.Ast.Node.LocalVarDecl	resolved	0
std.zig.Ast.Node.ArrayTypeSentinel	resolved	0
std.zig.Ast.Node.PtrType	resolved	0
std.zig.Ast.Node.PtrTypeBitRange	resolved	0
std.zig.Ast.Node.SubRange	resolved	0
std.zig.Ast.Node.If	resolved	0
std.zig.Ast.Node.ContainerField	resolved	0
std.zig.Ast.Node.GlobalVarDecl	resolved	0
std.zig.Ast.Node.Slice	resolved	0
std.zig.Ast.Node.SliceSentinel	resolved	0
std.zig.Ast.Node.While	resolved	0
std.zig.Ast.Node.WhileCont	resolved	0
std.zig.Ast.Node.For	resolved	0
std.zig.Ast.Node.FnProtoOne	resolved	0
std.zig.Ast.Node.FnProto	resolved	0
std.zig.Ast.Node.Asm	resolved	0
std.zig.AstGen	resolved	1
std.zig.AstGen.ResultInfo	poison	0
std.zig.AstGen.ResultInfo.Loc	poison	0
std.zig.AstGen.ResultInfo.Loc.DestructureComponent	poison	0
std.zig.AstGen.ResultInfo.Loc.PtrResultLoc	poison	0
std.zig.AstGen.ResultInfo.Context	poison	0
std.zig.AstGen.BlockKind	poison	0
std.zig.AstGen.DefersToEmit	poison	0
std.zig.AstGen.Scratch	poison	0
std.zig.AstGen.Scratch.Slice	poison	0
std.zig.AstGen.WipDecls	poison	0
std.zig.AstGen.ContainerMemberResult	poison	0
std.zig.AstGen.SwitchNonErr	poison	0
std.zig.AstGen.ComptimeBlockInfo	poison	0
std.zig.AstGen.Sign	poison	0
std.zig.AstGen.Callee	poison	0
std.zig.AstGen.IndexSlice	poison	0
std.zig.AstGen.Scope	poison	0
std.zig.AstGen.Scope.Unwrapped	poison	0
std.zig.AstGen.Scope.Tag	poison	0
std.zig.AstGen.Scope.IdCat	poison	0
std.zig.AstGen.Scope.LocalVal	poison	0
std.zig.AstGen.Scope.LocalPtr	poison	0
std.zig.AstGen.Scope.Defer	poison	0
std.zig.AstGen.Scope.Namespace	poison	0
std.zig.AstGen.Scope.Top	poison	0
std.zig.AstGen.GenZir	poison	0
std.zig.AstGen.GenZir.Label	poison	0
std.zig.AstGen.GenZir.BranchTarget	poison	0
std.zig.AstGen.LineColumn	poison	0
std.zig.AstGen.SourceCursor	poison	0
std.zig.AstGen.ScanContainerResult	poison	0
std.zig.AstGen.DeclarationName	poison	0
std.zig.AstSmith	resolved	7
std.zig.Zir	resolved	33
std.zig.Zir.Header	resolved	0
std.zig.Zir.ExtraIndex	resolved	0
std.zig.Zir.ExtraData	poison	0
std.zig.Zir.ExtraData()	skipped	0
std.zig.Zir.NullTerminatedString	resolved	0
std.zig.Zir.Inst	resolved	82
std.zig.Zir.Inst.Tag	resolved	3
std.zig.Zir.Inst.Extended	resolved	1
std.zig.Zir.Inst.Extended.InstData	resolved	0
std.zig.Zir.Inst.Index	resolved	2
std.zig.Zir.Inst.OptionalIndex	resolved	1
std.zig.Zir.Inst.Ref	resolved	3
std.zig.Zir.Inst.Data	resolved	1
std.zig.Zir.Inst.Data.FieldEnum	resolved	0
std.zig.Zir.Inst.Break	resolved	0
std.zig.Zir.Inst.Asm	resolved	3
std.zig.Zir.Inst.Asm.Small	resolved	0
std.zig.Zir.Inst.Asm.Output	resolved	0
std.zig.Zir.Inst.Asm.Input	resolved	0
std.zig.Zir.Inst.Func	resolved	2
std.zig.Zir.Inst.Func.RetTy	resolved	0
std.zig.Zir.Inst.Func.SrcLocs	resolved	0
std.zig.Zir.Inst.FuncFancy	resolved	1
std.zig.Zir.Inst.FuncFancy.Bits	resolved	0
std.zig.Zir.Inst.MultiOp	resolved	0
std.zig.Zir.Inst.NodeMultiOp	resolved	0
std.zig.Zir.Inst.Block	resolved	0
std.zig.Zir.Inst.BlockComptime	resolved	0
std.zig.Zir.Inst.BoolBr	resolved	0
std.zig.Zir.Inst.Declaration	resolved	5
std.zig.Zir.Inst.Declaration.Unwrapped	resolved	2
std.zig.Zir.Inst.Declaration.Unwrapped.Kind	resolved	0
std.zig.Zir.Inst.Declaration.Unwrapped.Linkage	resolved	0
std.zig.Zir.Inst.Declaration.Flags	resolved	1
std.zig.Zir.Inst.Declaration.Flags.Id	resolved	9
std.zig.Zir.Inst.Declaration.Name	resolved	2
std.zig.Zir.Inst.Declaration.Bodies	resolved	0
std.zig.Zir.Inst.Call	resolved	1
std.zig.Zir.Inst.Call.Flags	resolved	2
std.zig.Zir.Inst.FieldCall	resolved	0
std.zig.Zir.Inst.TypeOfPeer	resolved	0
std.zig.Zir.Inst.BuiltinCall	resolved	1
std.zig.Zir.Inst.BuiltinCall.Flags	resolved	0
std.zig.Zir.Inst.CondBr	resolved	0
std.zig.Zir.Inst.Try	resolved	0
std.zig.Zir.Inst.PtrType	resolved	0
std.zig.Zir.Inst.ArrayTypeSentinel	resolved	0
std.zig.Zir.Inst.SliceStart	resolved	0
std.zig.Zir.Inst.SliceEnd	resolved	0
std.zig.Zir.Inst.SliceSentinel	resolved	0
std.zig.Zir.Inst.SliceLength	resolved	0
std.zig.Zir.Inst.Bin	resolved	0
std.zig.Zir.Inst.BinNode	resolved	0
std.zig.Zir.Inst.ReifySliceArgInfo	resolved	0
std.zig.Zir.Inst.RoundOp	resolved	0
std.zig.Zir.Inst.UnNode	resolved	0
std.zig.Zir.Inst.ElemPtrImm	resolved	0
std.zig.Zir.Inst.ReifyPointer	resolved	0
std.zig.Zir.Inst.ReifyFn	resolved	0
std.zig.Zir.Inst.ReifyStruct	resolved	0
std.zig.Zir.Inst.ReifyUnion	resolved	0
std.zig.Zir.Inst.ReifyEnum	resolved	0
std.zig.Zir.Inst.SwitchBlock	resolved	3
std.zig.Zir.Inst.SwitchBlock.Bits	resolved	1
std.zig.Zir.Inst.SwitchBlock.ProngInfo	resolved	3
std.zig.Zir.Inst.SwitchBlock.ProngInfo.Capture	resolved	0
std.zig.Zir.Inst.SwitchBlock.ProngInfo.NonErr	resolved	0
std.zig.Zir.Inst.SwitchBlock.ProngInfo.Else	resolved	0
std.zig.Zir.Inst.SwitchBlock.ItemInfo	resolved	5
std.zig.Zir.Inst.SwitchBlock.ItemInfo.Kind	resolved	0
std.zig.Zir.Inst.SwitchBlock.ItemInfo.Unwrapped	resolved	0
std.zig.Zir.Inst.ArrayInitRefTy	resolved	0
std.zig.Zir.Inst.Field	resolved	0
std.zig.Zir.Inst.FieldNamed	resolved	0
std.zig.Zir.Inst.As	resolved	0
std.zig.Zir.Inst.StructDecl	resolved	1
std.zig.Zir.Inst.StructDecl.Small	resolved	0
std.zig.Zir.Inst.Capture	resolved	3
std.zig.Zir.Inst.Capture.Unwrapped	resolved	0
std.zig.Zir.Inst.NameStrategy	resolved	0
std.zig.Zir.Inst.FullPtrCastFlags	resolved	1
std.zig.Zir.Inst.BuiltinValue	resolved	0
std.zig.Zir.Inst.InplaceOp	resolved	0
std.zig.Zir.Inst.EnumDecl	resolved	1
std.zig.Zir.Inst.EnumDecl.Small	resolved	0
std.zig.Zir.Inst.UnionDecl	resolved	2
std.zig.Zir.Inst.UnionDecl.Small	resolved	0
std.zig.Zir.Inst.UnionDecl.Kind	resolved	2
std.zig.Zir.Inst.OpaqueDecl	resolved	1
std.zig.Zir.Inst.OpaqueDecl.Small	resolved	0
std.zig.Zir.Inst.TupleDecl	resolved	0
std.zig.Zir.Inst.ErrorSetDecl	resolved	0
std.zig.Zir.Inst.Float128	resolved	1
std.zig.Zir.Inst.StructInit	resolved	1
std.zig.Zir.Inst.StructInit.Item	resolved	0
std.zig.Zir.Inst.StructInitAnon	resolved	1
std.zig.Zir.Inst.StructInitAnon.Item	resolved	0
std.zig.Zir.Inst.FieldType	resolved	0
std.zig.Zir.Inst.FieldTypeRef	resolved	0
std.zig.Zir.Inst.Cmpxchg	resolved	0
std.zig.Zir.Inst.AtomicRmw	resolved	0
std.zig.Zir.Inst.UnionInit	resolved	0
std.zig.Zir.Inst.AtomicStore	resolved	0
std.zig.Zir.Inst.AtomicLoad	resolved	0
std.zig.Zir.Inst.MulAdd	resolved	0
std.zig.Zir.Inst.FieldParentPtr	resolved	0
std.zig.Zir.Inst.Shuffle	resolved	0
std.zig.Zir.Inst.Select	resolved	0
std.zig.Zir.Inst.Param	resolved	1
std.zig.Zir.Inst.Param.Type	resolved	0
std.zig.Zir.Inst.AllocExtended	resolved	1
std.zig.Zir.Inst.AllocExtended.Small	resolved	0
std.zig.Zir.Inst.Export	resolved	0
std.zig.Zir.Inst.CompileErrors	resolved	1
std.zig.Zir.Inst.CompileErrors.Item	resolved	1
std.zig.Zir.Inst.Imports	resolved	1
std.zig.Zir.Inst.Imports.Item	resolved	0
std.zig.Zir.Inst.LineColumn	resolved	0
std.zig.Zir.Inst.ArrayInit	resolved	0
std.zig.Zir.Inst.Src	resolved	0
std.zig.Zir.Inst.DeferErrCode	resolved	0
std.zig.Zir.Inst.ValidateDestructure	resolved	0
std.zig.Zir.Inst.ArrayMul	resolved	0
std.zig.Zir.Inst.RestoreErrRetIndex	resolved	0
std.zig.Zir.Inst.Import	resolved	0
std.zig.Zir.DeclContents	resolved	3
std.zig.Zir.FnInfo	resolved	0
std.zig.Zir.UnwrappedSwitchBlock	resolved	6
std.zig.Zir.UnwrappedSwitchBlock.Case	resolved	4
std.zig.Zir.UnwrappedSwitchBlock.Case.Index	resolved	1
std.zig.Zir.UnwrappedSwitchBlock.Case.NonErr	resolved	0
std.zig.Zir.UnwrappedSwitchBlock.Case.Else	resolved	0
std.zig.Zir.UnwrappedSwitchBlock.Case.Iterator	resolved	1
std.zig.Zir.UnwrappedStructDecl	resolved	2
std.zig.Zir.UnwrappedStructDecl.FieldIterator	resolved	2
std.zig.Zir.UnwrappedStructDecl.FieldIterator.Field	resolved	0
std.zig.Zir.UnwrappedUnionDecl	resolved	2
std.zig.Zir.UnwrappedUnionDecl.FieldIterator	resolved	2
std.zig.Zir.UnwrappedUnionDecl.FieldIterator.Field	resolved	0
std.zig.Zir.UnwrappedEnumDecl	resolved	2
std.zig.Zir.UnwrappedEnumDecl.FieldIterator	resolved	2
std.zig.Zir.UnwrappedEnumDecl.FieldIterator.Field	resolved	0
std.zig.Zir.UnwrappedOpaqueDecl	resolved	0
std.zig.Zoir	resolved	6
std.zig.Zoir.Header	resolved	0
std.zig.Zoir.Node	resolved	2
std.zig.Zoir.Node.Index	resolved	3
std.zig.Zoir.Node.Index.Range	resolved	1
std.zig.Zoir.Node.Repr	resolved	1
std.zig.Zoir.Node.Repr.Tag	resolved	0
std.zig.Zoir.NullTerminatedString	resolved	1
std.zig.Zoir.CompileError	resolved	2
std.zig.Zoir.CompileError.Note	resolved	0
std.zig.ZonGen	resolved	4
std.zig.ZonGen.Options	resolved	0
std.zig.ZonGen.StringLiteralResult	poison	0
std.zig.system	resolved	10
std.zig.system.NativePaths	resolved	10
std.zig.system.windows	resolved	15
std.zig.system.darwin	resolved	3
std.zig.system.darwin.macos	resolved	2
std.zig.system.darwin.macos.SystemVersionTokenizer	poison	0
std.zig.system.darwin.macos.SystemVersionTokenizer.State	poison	0
std.zig.system.darwin.macos.SystemVersionTokenizer.Token	poison	0
std.zig.system.darwin.macos.SystemVersionTokenizer.Tag	poison	0
std.zig.system.darwin.macos.SystemVersionTokenizer.Tag.Kind	poison	0
std.zig.system.linux	resolved	1
std.zig.system.linux.SparcCpuinfoImpl	poison	0
std.zig.system.linux.RiscvCpuinfoImpl	poison	0
std.zig.system.linux.PowerpcCpuinfoImpl	poison	0
std.zig.system.linux.S390xCpuinfoImpl	poison	0
std.zig.system.linux.ArmCpuinfoImpl	poison	0
std.zig.system.linux.ArmCpuinfoImpl.CoreInfo	poison	0
std.zig.system.linux.ArmCpuinfoImpl.cpu_models	poison	0
std.zig.system.linux.ArmCpuinfoImpl.cpu_models.E	poison	0
std.zig.system.linux.CpuinfoParser	poison	0
std.zig.system.linux.CpuinfoParser()	skipped	0
std.zig.system.Executor	resolved	0
std.zig.system.GetExternalExecutorOptions	resolved	0
std.zig.system.LdInfo	poison	0
std.zig.BuiltinFn	resolved	3
std.zig.BuiltinFn.Tag	resolved	0
std.zig.BuiltinFn.EvalToError	resolved	0
std.zig.AstRlAnnotate	resolved	78
std.zig.AstRlAnnotate.ResultInfo	poison	0
std.zig.AstRlAnnotate.Block	poison	0
std.zig.LibCInstallation	resolved	10
std.zig.LibCInstallation.FindNativeOptions	resolved	0
std.zig.LibCInstallation.CCPrintFileNameOptions	resolved	0
std.zig.LibCInstallation.CrtBasenames	resolved	2
std.zig.LibCInstallation.CrtBasenames.GetArgs	resolved	0
std.zig.LibCInstallation.CrtPaths	resolved	0
std.zig.WindowsSdk	resolved	3
std.zig.WindowsSdk.Registry	poison	0
std.zig.WindowsSdk.Registry.Cache	poison	0
std.zig.WindowsSdk.Registry.Software	poison	0
std.zig.WindowsSdk.Registry.Software.Root	poison	0
std.zig.WindowsSdk.Registry.Wow64	poison	0
std.zig.WindowsSdk.Registry.Key	poison	0
std.zig.WindowsSdk.Registry.Key.ValueEntry	poison	0
std.zig.WindowsSdk.Installation	resolved	0
std.zig.WindowsSdk.MsvcLibDir	poison	0
std.zig.LibCDirs	resolved	3
std.zig.LibCDirs.DarwinSdkLayout	resolved	0
std.zig.target	resolved	19
std.zig.target.ArchOsAbi	resolved	0
std.zig.llvm	resolved	3
std.zig.llvm.BitcodeReader	resolved	9
std.zig.llvm.BitcodeReader.Item	resolved	0
std.zig.llvm.BitcodeReader.Block	resolved	0
std.zig.llvm.BitcodeReader.Block.Info	poison	0
std.zig.llvm.BitcodeReader.Record	resolved	0
std.zig.llvm.BitcodeReader.InitOptions	resolved	0
std.zig.llvm.BitcodeReader.State	poison	0
std.zig.llvm.BitcodeReader.Abbrev	poison	0
std.zig.llvm.BitcodeReader.Abbrev.Builtin	poison	0
std.zig.llvm.BitcodeReader.Abbrev.Operand	poison	0
std.zig.llvm.BitcodeReader.Abbrev.Operand.Encoding	poison	0
std.zig.llvm.BitcodeReader.Abbrev.Store	poison	0
std.zig.llvm.bitcode_writer	resolved	3
std.zig.llvm.bitcode_writer.AbbrevOp	resolved	0
std.zig.llvm.bitcode_writer.BitcodeWriter	resolved	1
std.zig.llvm.bitcode_writer.BitcodeWriter()	skipped	0
std.zig.llvm.bitcode_writer.BitcodeWriter().BlockWriter	skipped	0
std.zig.llvm.bitcode_writer.BitcodeWriter().BlockWriter()	skipped	0
std.zig.llvm.Builder	resolved	186
std.zig.llvm.Builder.ir	poison	0
std.zig.llvm.Builder.ir.BlockId	poison	0
std.zig.llvm.Builder.ir.FixedMetadataKind	poison	0
std.zig.llvm.Builder.ir.BlockInfoBlock	poison	0
std.zig.llvm.Builder.ir.ModuleBlock	poison	0
std.zig.llvm.Builder.ir.ModuleBlock.Code	poison	0
std.zig.llvm.Builder.ir.ModuleBlock.Version	poison	0
std.zig.llvm.Builder.ir.ModuleBlock.String	poison	0
std.zig.llvm.Builder.ir.ModuleBlock.Variable	poison	0
std.zig.llvm.Builder.ir.ModuleBlock.Variable.AddrSpaceAndIsConst	poison	0
std.zig.llvm.Builder.ir.ModuleBlock.Function	poison	0
std.zig.llvm.Builder.ir.ModuleBlock.Alias	poison	0
std.zig.llvm.Builder.ir.ModuleBlock.ParamattrBlock	poison	0
std.zig.llvm.Builder.ir.ModuleBlock.ParamattrBlock.Code	poison	0
std.zig.llvm.Builder.ir.ModuleBlock.ParamattrBlock.Entry	poison	0
std.zig.llvm.Builder.ir.ModuleBlock.ParamattrGroupBlock	poison	0
std.zig.llvm.Builder.ir.ModuleBlock.ParamattrGroupBlock.Code	poison	0
std.zig.llvm.Builder.ir.ModuleBlock.ConstantsBlock	poison	0
std.zig.llvm.Builder.ir.ModuleBlock.ConstantsBlock.Code	poison	0
std.zig.llvm.Builder.ir.ModuleBlock.ConstantsBlock.SetType	poison	0
std.zig.llvm.Builder.ir.ModuleBlock.ConstantsBlock.Null	poison	0
std.zig.llvm.Builder.ir.ModuleBlock.ConstantsBlock.Undef	poison	0
std.zig.llvm.Builder.ir.ModuleBlock.ConstantsBlock.Poison	poison	0
std.zig.llvm.Builder.ir.ModuleBlock.ConstantsBlock.Integer	poison	0
std.zig.llvm.Builder.ir.ModuleBlock.ConstantsBlock.Half	poison	0
std.zig.llvm.Builder.ir.ModuleBlock.ConstantsBlock.Float	poison	0
std.zig.llvm.Builder.ir.ModuleBlock.ConstantsBlock.Double	poison	0
std.zig.llvm.Builder.ir.ModuleBlock.ConstantsBlock.Fp80	poison	0
std.zig.llvm.Builder.ir.ModuleBlock.ConstantsBlock.Fp128	poison	0
std.zig.llvm.Builder.ir.ModuleBlock.ConstantsBlock.Aggregate	poison	0
std.zig.llvm.Builder.ir.ModuleBlock.ConstantsBlock.String	poison	0
std.zig.llvm.Builder.ir.ModuleBlock.ConstantsBlock.CString	poison	0
std.zig.llvm.Builder.ir.ModuleBlock.ConstantsBlock.Cast	poison	0
std.zig.llvm.Builder.ir.ModuleBlock.ConstantsBlock.Binary	poison	0
std.zig.llvm.Builder.ir.ModuleBlock.ConstantsBlock.Cmp	poison	0
std.zig.llvm.Builder.ir.ModuleBlock.ConstantsBlock.ExtractElement	poison	0
std.zig.llvm.Builder.ir.ModuleBlock.ConstantsBlock.InsertElement	poison	0
std.zig.llvm.Builder.ir.ModuleBlock.ConstantsBlock.ShuffleVector	poison	0
std.zig.llvm.Builder.ir.ModuleBlock.ConstantsBlock.ShuffleVectorEx	poison	0
std.zig.llvm.Builder.ir.ModuleBlock.ConstantsBlock.BlockAddress	poison	0
std.zig.llvm.Builder.ir.ModuleBlock.ConstantsBlock.DsoLocalEquivalentOrNoCfi	poison	0
std.zig.llvm.Builder.ir.ModuleBlock.FunctionBlock	poison	0
std.zig.llvm.Builder.ir.ModuleBlock.FunctionBlock.Code	poison	0
std.zig.llvm.Builder.ir.ModuleBlock.FunctionBlock.DeclareBlocks	poison	0
std.zig.llvm.Builder.ir.ModuleBlock.FunctionBlock.Call	poison	0
std.zig.llvm.Builder.ir.ModuleBlock.FunctionBlock.Call.CallType	poison	0
std.zig.llvm.Builder.ir.ModuleBlock.FunctionBlock.CallFast	poison	0
std.zig.llvm.Builder.ir.ModuleBlock.FunctionBlock.CallFast.CallType	poison	0
std.zig.llvm.Builder.ir.ModuleBlock.FunctionBlock.FNeg	poison	0
std.zig.llvm.Builder.ir.ModuleBlock.FunctionBlock.FNegFast	poison	0
std.zig.llvm.Builder.ir.ModuleBlock.FunctionBlock.Binary	poison	0
std.zig.llvm.Builder.ir.ModuleBlock.FunctionBlock.BinaryNoWrap	poison	0
std.zig.llvm.Builder.ir.ModuleBlock.FunctionBlock.BinaryExact	poison	0
std.zig.llvm.Builder.ir.ModuleBlock.FunctionBlock.BinaryFast	poison	0
std.zig.llvm.Builder.ir.ModuleBlock.FunctionBlock.Cmp	poison	0
std.zig.llvm.Builder.ir.ModuleBlock.FunctionBlock.CmpFast	poison	0
std.zig.llvm.Builder.ir.ModuleBlock.FunctionBlock.Select	poison	0
std.zig.llvm.Builder.ir.ModuleBlock.FunctionBlock.SelectFast	poison	0
std.zig.llvm.Builder.ir.ModuleBlock.FunctionBlock.Cast	poison	0
std.zig.llvm.Builder.ir.ModuleBlock.FunctionBlock.Alloca	poison	0
std.zig.llvm.Builder.ir.ModuleBlock.FunctionBlock.Alloca.Flags	poison	0
std.zig.llvm.Builder.ir.ModuleBlock.FunctionBlock.RetVoid	poison	0
std.zig.llvm.Builder.ir.ModuleBlock.FunctionBlock.Ret	poison	0
std.zig.llvm.Builder.ir.ModuleBlock.FunctionBlock.GetElementPtr	poison	0
std.zig.llvm.Builder.ir.ModuleBlock.FunctionBlock.ExtractValue	poison	0
std.zig.llvm.Builder.ir.ModuleBlock.FunctionBlock.InsertValue	poison	0
std.zig.llvm.Builder.ir.ModuleBlock.FunctionBlock.ExtractElement	poison	0
std.zig.llvm.Builder.ir.ModuleBlock.FunctionBlock.InsertElement	poison	0
std.zig.llvm.Builder.ir.ModuleBlock.FunctionBlock.ShuffleVector	poison	0
std.zig.llvm.Builder.ir.ModuleBlock.FunctionBlock.Unreachable	poison	0
std.zig.llvm.Builder.ir.ModuleBlock.FunctionBlock.Load	poison	0
std.zig.llvm.Builder.ir.ModuleBlock.FunctionBlock.LoadAtomic	poison	0
std.zig.llvm.Builder.ir.ModuleBlock.FunctionBlock.Store	poison	0
std.zig.llvm.Builder.ir.ModuleBlock.FunctionBlock.StoreAtomic	poison	0
std.zig.llvm.Builder.ir.ModuleBlock.FunctionBlock.BrUnconditional	poison	0
std.zig.llvm.Builder.ir.ModuleBlock.FunctionBlock.BrConditional	poison	0
std.zig.llvm.Builder.ir.ModuleBlock.FunctionBlock.VaArg	poison	0
std.zig.llvm.Builder.ir.ModuleBlock.FunctionBlock.AtomicRmw	poison	0
std.zig.llvm.Builder.ir.ModuleBlock.FunctionBlock.CmpXchg	poison	0
std.zig.llvm.Builder.ir.ModuleBlock.FunctionBlock.Fence	poison	0
std.zig.llvm.Builder.ir.ModuleBlock.FunctionBlock.DebugLoc	poison	0
std.zig.llvm.Builder.ir.ModuleBlock.FunctionBlock.DebugLocAgain	poison	0
std.zig.llvm.Builder.ir.ModuleBlock.FunctionBlock.ColdOperandBundle	poison	0
std.zig.llvm.Builder.ir.ModuleBlock.FunctionBlock.IndirectBr	poison	0
std.zig.llvm.Builder.ir.ModuleBlock.FunctionBlock.ValueSymtabBlock	poison	0
std.zig.llvm.Builder.ir.ModuleBlock.FunctionBlock.ValueSymtabBlock.Code	poison	0
std.zig.llvm.Builder.ir.ModuleBlock.FunctionBlock.ValueSymtabBlock.BlockEntry	poison	0
std.zig.llvm.Builder.ir.ModuleBlock.FunctionBlock.MetadataBlock	poison	0
std.zig.llvm.Builder.ir.ModuleBlock.FunctionBlock.MetadataBlock.Value	poison	0
std.zig.llvm.Builder.ir.ModuleBlock.FunctionBlock.MetadataAttachmentBlock	poison	0
std.zig.llvm.Builder.ir.ModuleBlock.FunctionBlock.MetadataAttachmentBlock.AttachmentGlobalSingle	poison	0
std.zig.llvm.Builder.ir.ModuleBlock.FunctionBlock.MetadataAttachmentBlock.AttachmentInstructionSingle	poison	0
std.zig.llvm.Builder.ir.ModuleBlock.MetadataBlock	poison	0
std.zig.llvm.Builder.ir.ModuleBlock.MetadataBlock.Code	poison	0
std.zig.llvm.Builder.ir.ModuleBlock.MetadataBlock.Strings	poison	0
std.zig.llvm.Builder.ir.ModuleBlock.MetadataBlock.File	poison	0
std.zig.llvm.Builder.ir.ModuleBlock.MetadataBlock.CompileUnit	poison	0
std.zig.llvm.Builder.ir.ModuleBlock.MetadataBlock.Subprogram	poison	0
std.zig.llvm.Builder.ir.ModuleBlock.MetadataBlock.LexicalBlock	poison	0
std.zig.llvm.Builder.ir.ModuleBlock.MetadataBlock.Location	poison	0
std.zig.llvm.Builder.ir.ModuleBlock.MetadataBlock.BasicType	poison	0
std.zig.llvm.Builder.ir.ModuleBlock.MetadataBlock.CompositeType	poison	0
std.zig.llvm.Builder.ir.ModuleBlock.MetadataBlock.DerivedType	poison	0
std.zig.llvm.Builder.ir.ModuleBlock.MetadataBlock.SubroutineType	poison	0
std.zig.llvm.Builder.ir.ModuleBlock.MetadataBlock.Enumerator	poison	0
std.zig.llvm.Builder.ir.ModuleBlock.MetadataBlock.Enumerator.Flags	poison	0
std.zig.llvm.Builder.ir.ModuleBlock.MetadataBlock.Subrange	poison	0
std.zig.llvm.Builder.ir.ModuleBlock.MetadataBlock.Expression	poison	0
std.zig.llvm.Builder.ir.ModuleBlock.MetadataBlock.Node	poison	0
std.zig.llvm.Builder.ir.ModuleBlock.MetadataBlock.LocalVar	poison	0
std.zig.llvm.Builder.ir.ModuleBlock.MetadataBlock.Parameter	poison	0
std.zig.llvm.Builder.ir.ModuleBlock.MetadataBlock.GlobalVar	poison	0
std.zig.llvm.Builder.ir.ModuleBlock.MetadataBlock.GlobalVarExpression	poison	0
std.zig.llvm.Builder.ir.ModuleBlock.MetadataBlock.Constant	poison	0
std.zig.llvm.Builder.ir.ModuleBlock.MetadataBlock.Name	poison	0
std.zig.llvm.Builder.ir.ModuleBlock.MetadataBlock.NamedNode	poison	0
std.zig.llvm.Builder.ir.ModuleBlock.MetadataBlock.GlobalDeclAttachment	poison	0
std.zig.llvm.Builder.ir.ModuleBlock.TypeBlock	poison	0
std.zig.llvm.Builder.ir.ModuleBlock.TypeBlock.Code	poison	0
std.zig.llvm.Builder.ir.ModuleBlock.TypeBlock.NumEntry	poison	0
std.zig.llvm.Builder.ir.ModuleBlock.TypeBlock.Simple	poison	0
std.zig.llvm.Builder.ir.ModuleBlock.TypeBlock.Opaque	poison	0
std.zig.llvm.Builder.ir.ModuleBlock.TypeBlock.Integer	poison	0
std.zig.llvm.Builder.ir.ModuleBlock.TypeBlock.StructAnon	poison	0
std.zig.llvm.Builder.ir.ModuleBlock.TypeBlock.StructNamed	poison	0
std.zig.llvm.Builder.ir.ModuleBlock.TypeBlock.StructName	poison	0
std.zig.llvm.Builder.ir.ModuleBlock.TypeBlock.Array	poison	0
std.zig.llvm.Builder.ir.ModuleBlock.TypeBlock.Vector	poison	0
std.zig.llvm.Builder.ir.ModuleBlock.TypeBlock.Pointer	poison	0
std.zig.llvm.Builder.ir.ModuleBlock.TypeBlock.Target	poison	0
std.zig.llvm.Builder.ir.ModuleBlock.TypeBlock.Function	poison	0
std.zig.llvm.Builder.ir.ModuleBlock.OperandBundleTagsBlock	poison	0
std.zig.llvm.Builder.ir.ModuleBlock.OperandBundleTagsBlock.Code	poison	0
std.zig.llvm.Builder.ir.ModuleBlock.OperandBundleTagsBlock.OperandBundleTag	poison	0
std.zig.llvm.Builder.ir.ModuleBlock.MetadataKindBlock	poison	0
std.zig.llvm.Builder.ir.ModuleBlock.MetadataKindBlock.Kind	poison	0
std.zig.llvm.Builder.ir.IdentificationBlock	poison	0
std.zig.llvm.Builder.ir.IdentificationBlock.Code	poison	0
std.zig.llvm.Builder.ir.IdentificationBlock.Version	poison	0
std.zig.llvm.Builder.ir.IdentificationBlock.Epoch	poison	0
std.zig.llvm.Builder.ir.StrtabBlock	poison	0
std.zig.llvm.Builder.ir.StrtabBlock.Code	poison	0
std.zig.llvm.Builder.ir.StrtabBlock.Blob	poison	0
std.zig.llvm.Builder.Options	resolved	0
std.zig.llvm.Builder.String	resolved	5
std.zig.llvm.Builder.String.FormatData	poison	0
std.zig.llvm.Builder.String.Adapter	poison	0
std.zig.llvm.Builder.BinaryOpcode	resolved	0
std.zig.llvm.Builder.CastOpcode	resolved	0
std.zig.llvm.Builder.CmpPredicate	resolved	0
std.zig.llvm.Builder.Type	resolved	40
std.zig.llvm.Builder.Type.Tag	resolved	0
std.zig.llvm.Builder.Type.Simple	resolved	0
std.zig.llvm.Builder.Type.Function	resolved	1
std.zig.llvm.Builder.Type.Function.Kind	resolved	0
std.zig.llvm.Builder.Type.Target	resolved	0
std.zig.llvm.Builder.Type.Vector	resolved	1
std.zig.llvm.Builder.Type.Vector.Kind	resolved	0
std.zig.llvm.Builder.Type.Array	resolved	0
std.zig.llvm.Builder.Type.Structure	resolved	1
std.zig.llvm.Builder.Type.Structure.Kind	resolved	0
std.zig.llvm.Builder.Type.NamedStructure	resolved	0
std.zig.llvm.Builder.Type.Item	resolved	1
std.zig.llvm.Builder.Type.FormatData	poison	0
std.zig.llvm.Builder.Type.FormatData.Mode	poison	0
std.zig.llvm.Builder.Attribute	resolved	9
std.zig.llvm.Builder.Attribute.Index	resolved	3
std.zig.llvm.Builder.Attribute.Index.FormatData	poison	0
std.zig.llvm.Builder.Attribute.Index.FormatData.Flags	poison	0
std.zig.llvm.Builder.Attribute.Kind	resolved	2
std.zig.llvm.Builder.Attribute.FpClass	resolved	16
std.zig.llvm.Builder.Attribute.AllocKind	resolved	0
std.zig.llvm.Builder.Attribute.AllocSize	resolved	1
std.zig.llvm.Builder.Attribute.Memory	resolved	1
std.zig.llvm.Builder.Attribute.Memory.Effect	resolved	0
std.zig.llvm.Builder.Attribute.UwTable	resolved	1
std.zig.llvm.Builder.Attribute.VScaleRange	resolved	0
std.zig.llvm.Builder.Attribute.Storage	poison	0
std.zig.llvm.Builder.Attributes	resolved	2
std.zig.llvm.Builder.Attributes.FormatData	poison	0
std.zig.llvm.Builder.FunctionAttributes	resolved	5
std.zig.llvm.Builder.FunctionAttributes.Wip	resolved	11
std.zig.llvm.Builder.Linkage	resolved	2
std.zig.llvm.Builder.Preemption	resolved	1
std.zig.llvm.Builder.Visibility	resolved	2
std.zig.llvm.Builder.DllStorageClass	resolved	1
std.zig.llvm.Builder.ThreadLocal	resolved	3
std.zig.llvm.Builder.ThreadLocal.Prefixed	resolved	1
std.zig.llvm.Builder.Mutability	resolved	0
std.zig.llvm.Builder.UnnamedAddr	resolved	1
std.zig.llvm.Builder.AddrSpace	resolved	16
std.zig.llvm.Builder.AddrSpace.x86	resolved	6
std.zig.llvm.Builder.AddrSpace.avr	resolved	7
std.zig.llvm.Builder.AddrSpace.nvptx	resolved	6
std.zig.llvm.Builder.AddrSpace.amdgpu	resolved	29
std.zig.llvm.Builder.AddrSpace.spirv	resolved	8
std.zig.llvm.Builder.AddrSpace.wasm	resolved	4
std.zig.llvm.Builder.AddrSpace.Prefixed	resolved	1
std.zig.llvm.Builder.ExternallyInitialized	resolved	1
std.zig.llvm.Builder.Alignment	resolved	6
std.zig.llvm.Builder.Alignment.Lazy	resolved	2
std.zig.llvm.Builder.Alignment.Prefixed	resolved	1
std.zig.llvm.Builder.CallConv	resolved	2
std.zig.llvm.Builder.StrtabString	resolved	3
std.zig.llvm.Builder.StrtabString.FormatData	poison	0
std.zig.llvm.Builder.StrtabString.Adapter	poison	0
std.zig.llvm.Builder.Global	resolved	1
std.zig.llvm.Builder.Global.Index	resolved	23
std.zig.llvm.Builder.Global.Index.FormatData	poison	0
std.zig.llvm.Builder.Alias	resolved	1
std.zig.llvm.Builder.Alias.Index	resolved	9
std.zig.llvm.Builder.Variable	resolved	1
std.zig.llvm.Builder.Variable.Index	resolved	15
std.zig.llvm.Builder.Intrinsic	resolved	0
std.zig.llvm.Builder.Intrinsic.Signature	poison	0
std.zig.llvm.Builder.Intrinsic.Signature.Parameter	poison	0
std.zig.llvm.Builder.Intrinsic.Signature.Parameter.Kind	poison	0
std.zig.llvm.Builder.Function	resolved	5
std.zig.llvm.Builder.Function.Index	resolved	15
std.zig.llvm.Builder.Function.Block	resolved	4
std.zig.llvm.Builder.Function.Instruction	resolved	23
std.zig.llvm.Builder.Function.Instruction.Tag	resolved	3
std.zig.llvm.Builder.Function.Instruction.Index	resolved	8
std.zig.llvm.Builder.Function.Instruction.Index.FormatData	poison	0
std.zig.llvm.Builder.Function.Instruction.BrCond	resolved	1
std.zig.llvm.Builder.Function.Instruction.BrCond.Weights	resolved	2
std.zig.llvm.Builder.Function.Instruction.Switch	resolved	0
std.zig.llvm.Builder.Function.Instruction.IndirectBr	resolved	0
std.zig.llvm.Builder.Function.Instruction.Binary	resolved	0
std.zig.llvm.Builder.Function.Instruction.ExtractElement	resolved	0
std.zig.llvm.Builder.Function.Instruction.InsertElement	resolved	0
std.zig.llvm.Builder.Function.Instruction.ShuffleVector	resolved	0
std.zig.llvm.Builder.Function.Instruction.ExtractValue	resolved	0
std.zig.llvm.Builder.Function.Instruction.InsertValue	resolved	0
std.zig.llvm.Builder.Function.Instruction.Alloca	resolved	2
std.zig.llvm.Builder.Function.Instruction.Alloca.Kind	resolved	0
std.zig.llvm.Builder.Function.Instruction.Alloca.Info	resolved	0
std.zig.llvm.Builder.Function.Instruction.Load	resolved	0
std.zig.llvm.Builder.Function.Instruction.Store	resolved	0
std.zig.llvm.Builder.Function.Instruction.CmpXchg	resolved	1
std.zig.llvm.Builder.Function.Instruction.CmpXchg.Kind	resolved	0
std.zig.llvm.Builder.Function.Instruction.AtomicRmw	resolved	1
std.zig.llvm.Builder.Function.Instruction.AtomicRmw.Operation	resolved	0
std.zig.llvm.Builder.Function.Instruction.GetElementPtr	resolved	1
std.zig.llvm.Builder.Function.Instruction.Cast	resolved	1
std.zig.llvm.Builder.Function.Instruction.Phi	resolved	0
std.zig.llvm.Builder.Function.Instruction.Select	resolved	0
std.zig.llvm.Builder.Function.Instruction.Call	resolved	2
std.zig.llvm.Builder.Function.Instruction.Call.Kind	resolved	0
std.zig.llvm.Builder.Function.Instruction.Call.Info	resolved	0
std.zig.llvm.Builder.Function.Instruction.VaArg	resolved	0
std.zig.llvm.Builder.Function.ExtraDataTrail	poison	0
std.zig.llvm.Builder.DebugLocation	resolved	2
std.zig.llvm.Builder.DebugLocation.Location	resolved	0
std.zig.llvm.Builder.WipFunction	resolved	77
std.zig.llvm.Builder.WipFunction.Cursor	resolved	0
std.zig.llvm.Builder.WipFunction.Block	resolved	0
std.zig.llvm.Builder.WipFunction.Block.Index	poison	0
std.zig.llvm.Builder.WipFunction.WipSwitch	resolved	2
std.zig.llvm.Builder.WipFunction.WipPhi	resolved	2
std.zig.llvm.Builder.WipFunction.ExtraDataTrail	poison	0
std.zig.llvm.Builder.FloatCondition	resolved	0
std.zig.llvm.Builder.IntegerCondition	resolved	0
std.zig.llvm.Builder.MemoryAccessKind	resolved	3
std.zig.llvm.Builder.MemoryAccessKind.Prefixed	resolved	1
std.zig.llvm.Builder.SyncScope	resolved	3
std.zig.llvm.Builder.SyncScope.Prefixed	resolved	1
std.zig.llvm.Builder.AtomicOrdering	resolved	3
std.zig.llvm.Builder.AtomicOrdering.Prefixed	resolved	1
std.zig.llvm.Builder.MemoryAccessInfo	poison	0
std.zig.llvm.Builder.FastMath	resolved	1
std.zig.llvm.Builder.FastMathKind	resolved	1
std.zig.llvm.Builder.Constant	resolved	19
std.zig.llvm.Builder.Constant.Tag	resolved	2
std.zig.llvm.Builder.Constant.Item	resolved	0
std.zig.llvm.Builder.Constant.Integer	resolved	1
std.zig.llvm.Builder.Constant.Double	resolved	0
std.zig.llvm.Builder.Constant.Fp80	resolved	0
std.zig.llvm.Builder.Constant.Fp128	resolved	0
std.zig.llvm.Builder.Constant.Aggregate	resolved	0
std.zig.llvm.Builder.Constant.Splat	resolved	0
std.zig.llvm.Builder.Constant.BlockAddress	resolved	0
std.zig.llvm.Builder.Constant.Cast	resolved	1
std.zig.llvm.Builder.Constant.Cast.Signedness	resolved	0
std.zig.llvm.Builder.Constant.GetElementPtr	resolved	3
std.zig.llvm.Builder.Constant.GetElementPtr.Kind	resolved	0
std.zig.llvm.Builder.Constant.GetElementPtr.InRangeIndex	resolved	0
std.zig.llvm.Builder.Constant.GetElementPtr.Info	resolved	0
std.zig.llvm.Builder.Constant.Binary	resolved	0
std.zig.llvm.Builder.Constant.Assembly	resolved	1
std.zig.llvm.Builder.Constant.Assembly.Info	resolved	0
std.zig.llvm.Builder.Constant.FormatData	poison	0
std.zig.llvm.Builder.Value	resolved	5
std.zig.llvm.Builder.Value.FormatData	poison	0
std.zig.llvm.Builder.Metadata	resolved	32
std.zig.llvm.Builder.Metadata.Kind	resolved	0
std.zig.llvm.Builder.Metadata.Optional	resolved	6
std.zig.llvm.Builder.Metadata.String	resolved	4
std.zig.llvm.Builder.Metadata.String.Optional	resolved	3
std.zig.llvm.Builder.Metadata.String.Adapter	poison	0
std.zig.llvm.Builder.Metadata.String.FormatData	poison	0
std.zig.llvm.Builder.Metadata.Tag	resolved	1
std.zig.llvm.Builder.Metadata.Item	resolved	0
std.zig.llvm.Builder.Metadata.DIFlags	resolved	1
std.zig.llvm.Builder.Metadata.File	resolved	0
std.zig.llvm.Builder.Metadata.CompileUnit	resolved	1
std.zig.llvm.Builder.Metadata.CompileUnit.Options	resolved	0
std.zig.llvm.Builder.Metadata.Subprogram	resolved	2
std.zig.llvm.Builder.Metadata.Subprogram.Options	resolved	0
std.zig.llvm.Builder.Metadata.Subprogram.DISPFlags	resolved	1
std.zig.llvm.Builder.Metadata.LexicalBlock	resolved	0
std.zig.llvm.Builder.Metadata.Location	resolved	0
std.zig.llvm.Builder.Metadata.BasicType	resolved	1
std.zig.llvm.Builder.Metadata.CompositeType	resolved	2
std.zig.llvm.Builder.Metadata.DerivedType	resolved	3
std.zig.llvm.Builder.Metadata.SubroutineType	resolved	0
std.zig.llvm.Builder.Metadata.Enumerator	resolved	0
std.zig.llvm.Builder.Metadata.Subrange	resolved	0
std.zig.llvm.Builder.Metadata.Expression	resolved	0
std.zig.llvm.Builder.Metadata.Tuple	resolved	0
std.zig.llvm.Builder.Metadata.LocalVar	resolved	0
std.zig.llvm.Builder.Metadata.Parameter	resolved	0
std.zig.llvm.Builder.Metadata.GlobalVar	resolved	1
std.zig.llvm.Builder.Metadata.GlobalVar.Options	resolved	0
std.zig.llvm.Builder.Metadata.GlobalVarExpression	resolved	0
std.zig.llvm.Builder.Metadata.Formatter	poison	0
std.zig.llvm.Builder.Metadata.Formatter.FormatData	poison	0
std.zig.llvm.Builder.Metadata.Formatter.FormatData.Node	poison	0
std.zig.llvm.Builder.Metadata.Formatter.FormatData.Node.ValueData	poison	0
std.zig.llvm.Builder.QuoteBehavior	poison	0
std.zig.llvm.Builder.TypeExtraDataTrail	poison	0
std.zig.llvm.Builder.ConstantExtraDataTrail	poison	0
std.zig.llvm.Builder.MetadataExtraDataTrail	poison	0
std.zig.llvm.Builder.Producer	resolved	0
std.zig.llvm.Builder.FormatFlags	poison	0
std.zig.c_translation	resolved	2
std.zig.c_translation.builtins	resolved	56
std.zig.c_translation.helpers	resolved	18
std.zig.c_translation.helpers.CIntLiteralBase	poison	0
std.zig.Color	resolved	1
std.zig.Loc	resolved	1
std.zig.BinNameOptions	resolved	0
std.zig.SanitizeC	resolved	0
std.zig.BuildId	resolved	5
std.zig.BuildId.HexString	resolved	1
std.zig.LtoMode	resolved	0
std.zig.Subsystem	resolved	8
std.zig.CompressDebugSections	resolved	0
std.zig.RcIncludes	resolved	0
std.zig.FormatId	resolved	2
std.zig.FormatId.Flags	resolved	0
std.zig.EnvVar	resolved	2
std.zig.SimpleComptimeReason	resolved	1
std.zig.EmitArtifact	resolved	1
std.zig.ClangCliParam	resolved	4
std.zig.ClangCliParam.Syntax	resolved	0
std.zig.ClangCliParam.ZigEquivalent	resolved	0
std.zip	resolved	17
std.zip.CompressionMethod	resolved	0
std.zip.ExtraHeader	resolved	0
std.zip.GeneralPurposeFlags	poison	0
std.zip.LocalFileHeader	resolved	0
std.zip.CentralDirectoryFileHeader	resolved	0
std.zip.EndRecord64	resolved	0
std.zip.EndLocator64	resolved	0
std.zip.EndRecord	resolved	5
std.zip.Decompress	resolved	1
std.zip.FileExtents	poison	0
std.zip.Iterator	resolved	3
std.zip.Iterator.Entry	resolved	1
std.zip.Diagnostics	resolved	2
std.zip.ExtractOptions	resolved	0
std.zon	resolved	3
std.zon.parse	resolved	10
std.zon.parse.Options	resolved	0
std.zon.parse.Error	resolved	5
std.zon.parse.Error.Note	resolved	3
std.zon.parse.Error.Note.Iterator	resolved	1
std.zon.parse.Error.Iterator	resolved	1
std.zon.parse.Error.TypeCheckFailure	poison	0
std.zon.parse.Error.TypeCheckFailure.Note	poison	0
std.zon.parse.Error.FormatMessage	poison	0
std.zon.parse.Diagnostics	resolved	3
std.zon.parse.Parser	poison	0
std.zon.stringify	resolved	4
std.zon.stringify.SerializeOptions	resolved	0
std.zon.Serializer	resolved	25
std.zon.Serializer.Options	resolved	0
std.zon.Serializer.ContainerOptions	resolved	0
std.zon.Serializer.ValueOptions	resolved	0
std.zon.Serializer.EmitCodepointLiterals	resolved	0
std.zon.Serializer.MultilineStringOptions	resolved	0
std.zon.Serializer.Tuple	resolved	7
std.zon.Serializer.Struct	resolved	7
std.zon.Serializer.Container	poison	0
std.zon.Serializer.Container.FieldStyle	poison	0
std.start	resolved	0
std.Options	resolved	6
