path	line	span	depth	kind	n_children
std	2	48499	0	ns	91
std.BitStack	5	12	1	ns	11
std.Build	17	1541	1	ns	149
std.Build.Cache	18	169	2	ns	27
std.Build.Cache.Path	28	33	3	ns	29
std.Build.Cache.Path.TableAdapter	57	4	4	struct	3
std.Build.Cache.Directory	61	10	3	ns	9
std.Build.Cache.DepTokenizer	71	26	3	ns	5
std.Build.Cache.DepTokenizer.Token	76	21	4	union	16
std.Build.Cache.DepTokenizer.Token.IndexAndChar	89	3	5	struct	2
std.Build.Cache.DepTokenizer.Token.IndexAndBytes	92	3	5	struct	2
std.Build.Cache.File	107	15	3	struct	10
std.Build.Cache.File.Stat	114	5	4	struct	4
std.Build.Cache.HashHelper	122	12	3	struct	11
std.Build.Cache.Lock	135	3	3	struct	2
std.Build.Cache.Manifest	138	49	3	struct	35
std.Build.Cache.Manifest.Diagnostic	150	12	4	union	9
std.Build.Cache.Manifest.Diagnostic.FileOp	159	3	5	struct	2
std.Build.Cache.Manifest.FilesContext	163	3	4	struct	2
std.Build.Step	187	711	2	ns	70
std.Build.Step.TestResults	207	10	3	struct	9
std.Build.Step.MakeOptions	217	6	3	struct	5
std.Build.Step.State	224	9	3	enum	8
std.Build.Step.Id	233	20	3	enum	19
std.Build.Step.CheckFile	253	12	3	ns	9
std.Build.Step.CheckFile.Options	260	3	4	struct	2
std.Build.Step.CheckObject	265	29	3	ns	28
std.Build.Step.ConfigHeader	294	35	3	ns	17
std.Build.Step.ConfigHeader.Style	295	7	4	union	6
std.Build.Step.ConfigHeader.Value	302	7	4	union	6
std.Build.Step.ConfigHeader.Options	317	6	4	struct	5
std.Build.Step.Fail	329	5	3	ns	4
std.Build.Step.Fmt	334	11	3	ns	7
std.Build.Step.Fmt.Options	340	4	4	struct	3
std.Build.Step.InstallArtifact	345	29	3	ns	17
std.Build.Step.InstallArtifact.Options	361	12	4	struct	8
std.Build.Step.InstallArtifact.Options.Dir	369	4	5	union	3
std.Build.Step.InstallDir	374	12	3	ns	5
std.Build.Step.InstallDir.Options	378	7	4	struct	6
std.Build.Step.InstallFile	386	7	3	ns	6
std.Build.Step.ObjCopy	393	56	3	ns	24
std.Build.Step.ObjCopy.RawFormat	395	4	4	enum	3
std.Build.Step.ObjCopy.Strip	399	4	4	enum	3
std.Build.Step.ObjCopy.SectionFlags	403	10	4	struct	9
std.Build.Step.ObjCopy.AddSection	413	3	4	struct	2
std.Build.Step.ObjCopy.SetSectionAlignment	416	3	4	struct	2
std.Build.Step.ObjCopy.SetSectionFlags	419	3	4	struct	2
std.Build.Step.ObjCopy.Options	435	11	4	struct	10
std.Build.Step.Compile	449	185	3	ns	138
std.Build.Step.Compile.ExpectedCompileErrors	545	5	4	union	4
std.Build.Step.Compile.Entry	550	5	4	union	4
std.Build.Step.Compile.Options	555	14	4	struct	13
std.Build.Step.Compile.Kind	569	7	4	enum	6
std.Build.Step.Compile.HeaderInstallation	576	18	4	union	6
std.Build.Step.Compile.HeaderInstallation.File	579	4	5	struct	3
std.Build.Step.Compile.HeaderInstallation.Directory	583	9	5	struct	5
std.Build.Step.Compile.HeaderInstallation.Directory.Options	587	4	6	struct	3
std.Build.Step.Compile.TestRunner	594	3	4	struct	2
std.Build.Step.Options	634	12	3	ns	11
std.Build.Step.Run	646	119	3	ns	70
std.Build.Step.Run.Color	669	6	4	enum	5
std.Build.Step.Run.StdIn	675	4	4	union	3
std.Build.Step.Run.StdIo	679	11	4	union	5
std.Build.Step.Run.StdIo.Check	684	6	5	union	5
std.Build.Step.Run.Arg	690	8	4	union	7
std.Build.Step.Run.PrefixedArtifact	698	3	4	struct	2
std.Build.Step.Run.PrefixedLazyPath	701	3	4	struct	2
std.Build.Step.Run.DecoratedLazyPath	704	4	4	struct	3
std.Build.Step.Run.Output	708	4	4	struct	3
std.Build.Step.Run.CapturedStdIo	712	11	4	struct	4
std.Build.Step.Run.CapturedStdIo.Options	715	3	5	struct	2
std.Build.Step.Run.CapturedStdIo.TrimWhitespace	718	5	5	enum	4
std.Build.Step.Run.CachedTestMetadata	761	4	4	struct	3
std.Build.Step.TranslateC	765	37	3	ns	27
std.Build.Step.TranslateC.Options	777	5	4	struct	4
std.Build.Step.TranslateC.AddExecutableOptions	783	6	4	struct	5
std.Build.Step.WriteFile	802	31	3	ns	15
std.Build.Step.WriteFile.Mode	809	4	4	union	3
std.Build.Step.WriteFile.File	813	3	4	struct	2
std.Build.Step.WriteFile.Directory	816	9	4	struct	4
std.Build.Step.WriteFile.Directory.Options	820	5	5	struct	4
std.Build.Step.WriteFile.Contents	825	3	4	union	2
std.Build.Step.UpdateSourceFiles	833	13	3	ns	8
std.Build.Step.UpdateSourceFiles.OutputSourceFile	837	3	4	struct	2
std.Build.Step.UpdateSourceFiles.Contents	840	3	4	union	2
std.Build.Step.Inputs	846	7	3	struct	6
std.Build.Step.StepOptions	853	7	3	struct	6
std.Build.Step.ZigProcess	868	10	3	struct	7
std.Build.Step.ZigProcess.StreamEnum	873	3	4	enum	2
std.Build.Module	898	161	2	ns	72
std.Build.Module.RPath	930	3	3	union	2
std.Build.Module.LinkObject	933	8	3	union	7
std.Build.Module.SystemLib	941	15	3	struct	8
std.Build.Module.SystemLib.UsePkgConfig	948	4	4	enum	3
std.Build.Module.SystemLib.SearchStrategy	952	4	4	enum	3
std.Build.Module.CSourceLanguage	956	8	3	enum	7
std.Build.Module.CSourceFiles	964	5	3	struct	4
std.Build.Module.CSourceFile	969	5	3	struct	4
std.Build.Module.RcSourceFile	974	5	3	struct	4
std.Build.Module.IncludeDir	979	10	3	union	9
std.Build.Module.LinkFrameworkOptions	989	3	3	struct	2
std.Build.Module.CreateOptions	992	23	3	struct	22
std.Build.Module.Import	1015	3	3	struct	2
std.Build.Module.LinkSystemLibraryOptions	1023	6	3	struct	5
std.Build.Module.AddCSourceFilesOptions	1031	5	3	struct	4
std.Build.Module.Graph	1055	3	3	struct	2
std.Build.Watch	1059	24	2	ns	11
std.Build.Watch.Match	1066	6	3	struct	3
std.Build.Watch.Match.Context	1069	3	4	struct	2
std.Build.Watch.Timeout	1073	5	3	union	4
std.Build.Watch.WaitResult	1078	4	3	enum	3
std.Build.Fuzz	1083	29	2	ns	20
std.Build.Fuzz.Mode	1096	5	3	union	3
std.Build.Fuzz.Mode.Limited	1099	2	4	struct	1
std.Build.Fuzz.Previous	1105	5	3	struct	4
std.Build.WebServer	1112	46	2	ns	38
std.Build.WebServer.Options	1136	8	3	struct	7
std.Build.abi	1158	151	2	ns	9
std.Build.abi.ToClientTag	1159	11	3	enum	10
std.Build.abi.ToServerTag	1170	3	3	enum	2
std.Build.abi.BuildStatus	1173	5	3	enum	4
std.Build.abi.Hello	1178	9	3	struct	6
std.Build.abi.Hello.Flags	1184	3	4	struct	2
std.Build.abi.StatusUpdate	1187	3	3	struct	2
std.Build.abi.StepUpdate	1190	9	3	struct	4
std.Build.abi.StepUpdate.Status	1194	5	4	enum	4
std.Build.abi.Rebuild	1199	2	3	struct	1
std.Build.abi.fuzz	1201	72	3	struct	13
std.Build.abi.fuzz.Uid	1203	6	4	struct	3
std.Build.abi.fuzz.Uid.hashmap_ctx	1206	3	5	struct	2
std.Build.abi.fuzz.Slice	1209	5	4	struct	4
std.Build.abi.fuzz.MutSlice	1214	5	4	struct	4
std.Build.abi.fuzz.Weights	1219	5	4	struct	4
std.Build.abi.fuzz.Weight	1224	7	4	struct	6
std.Build.abi.fuzz.LimitKind	1231	3	4	enum	2
std.Build.abi.fuzz.SeenPcsHeader	1234	9	4	struct	8
std.Build.abi.fuzz.MmapInputHeader	1243	5	4	struct	4
std.Build.abi.fuzz.SourceIndexHeader	1248	9	4	struct	8
std.Build.abi.fuzz.CoverageUpdateHeader	1257	6	4	struct	5
std.Build.abi.fuzz.EntryPointHeader	1263	5	4	struct	4
std.Build.abi.fuzz.Coverage	1268	5	4	struct	4
std.Build.abi.time_report	1273	36	3	struct	3
std.Build.abi.time_report.GenericResult	1274	4	4	struct	3
std.Build.abi.time_report.CompileResult	1278	27	4	struct	10
std.Build.abi.time_report.CompileResult.Flags	1287	3	5	struct	2
std.Build.abi.time_report.CompileResult.Stats	1290	15	5	struct	14
std.Build.abi.time_report.RunTestResult	1305	4	4	struct	3
std.Build.ReleaseMode	1360	6	2	enum	5
std.Build.Graph	1366	20	2	struct	19
std.Build.PkgConfigPkg	1388	3	2	struct	2
std.Build.DirList	1391	4	2	struct	3
std.Build.ExecutableOptions	1398	10	2	struct	9
std.Build.ObjectOptions	1409	7	2	struct	6
std.Build.LibraryOptions	1417	11	2	struct	10
std.Build.TestOptions	1429	10	2	struct	9
std.Build.AssemblyOptions	1440	7	2	struct	6
std.Build.StandardOptimizeOptionOptions	1470	2	2	struct	1
std.Build.StandardTargetOptionsArgs	1473	3	2	struct	2
std.Build.Dependency	1507	7	2	struct	6
std.Build.GeneratedFile	1519	6	2	struct	5
std.Build.LazyPath	1525	16	2	union	15
std.Build.InstallDir	1542	7	2	union	6
std.Build.ResolvedTarget	1550	3	2	struct	2
std.Build.SystemIntegrationOptionConfig	1555	2	2	struct	1
std.BufMap	1558	11	1	struct	10
std.BufSet	1569	13	1	struct	12
std.DoublyLinkedList	1585	15	1	ns	12
std.DoublyLinkedList.Node	1588	3	2	struct	2
std.DynLib	1600	7	1	struct	6
std.Io	1614	1751	1	ns	168
std.Io.Threaded	1617	146	2	ns	105
std.Io.Threaded.Csprng	1654	5	3	struct	4
std.Io.Threaded.Environ	1660	13	3	struct	10
std.Io.Threaded.Environ.Exist	1668	3	4	struct	2
std.Io.Threaded.InitOptions	1686	7	3	struct	6
std.Io.Threaded.GetFinalPathNameByHandleFormat	1702	2	3	struct	1
std.Io.Threaded.WindowsPathSpace	1711	5	3	struct	4
std.Io.Threaded.PosixAddress	1716	4	3	union	3
std.Io.Threaded.CreatePipeOptions	1738	11	3	struct	8
std.Io.Threaded.CreatePipeOptions.End	1746	3	4	struct	2
std.Io.fiber	1763	7	2	ns	4
std.Io.fiber.Switch	1766	3	3	struct	2
std.Io.Dispatch	1771	32	2	ns	26
std.Io.Dispatch.InitOptions	1795	6	3	struct	5
std.Io.Kqueue	1803	15	2	ns	13
std.Io.Kqueue.InitOptions	1808	2	3	struct	1
std.Io.Uring	1818	35	2	ns	28
std.Io.Uring.InitOptions	1839	7	3	struct	6
std.Io.Reader	1853	107	2	ns	94
std.Io.Reader.Limited	1854	5	3	ns	4
std.Io.Reader.VTable	1863	5	3	struct	4
std.Io.Reader.Hashed	1952	5	3	fn	4
std.Io.Writer	1960	134	2	ns	91
std.Io.Writer.VTable	1964	5	3	struct	4
std.Io.Writer.ByteSizeUnits	2033	3	3	enum	2
std.Io.Writer.Discarding	2046	7	3	struct	6
std.Io.Writer.Hashed	2061	6	3	fn	5
std.Io.Writer.Hashing	2067	5	3	fn	4
std.Io.Writer.Allocating	2072	22	3	struct	21
std.Io.net	2094	295	2	ns	18
std.Io.net.HostName	2095	51	3	ns	19
std.Io.net.HostName.LookupOptions	2103	4	4	struct	3
std.Io.net.HostName.LookupResult	2108	3	4	union	2
std.Io.net.HostName.DnsRecord	2114	5	4	enum	4
std.Io.net.HostName.DnsResponse	2119	12	4	struct	7
std.Io.net.HostName.DnsResponse.Answer	2123	5	5	struct	4
std.Io.net.HostName.ResolvConf	2134	12	4	struct	11
std.Io.net.Protocol	2146	35	3	enum	34
std.Io.net.IpAddress	2183	37	3	union	25
std.Io.net.IpAddress.ListenOptions	2201	5	4	struct	4
std.Io.net.IpAddress.BindOptions	2208	5	4	struct	4
std.Io.net.IpAddress.ConnectOptions	2215	4	4	struct	3
std.Io.net.Ip4Address	2220	11	3	struct	10
std.Io.net.Ip6Address	2231	42	3	struct	24
std.Io.net.Ip6Address.Policy	2236	6	4	struct	5
std.Io.net.Ip6Address.Unresolved	2246	13	4	struct	5
std.Io.net.Ip6Address.Unresolved.Parsed	2249	8	5	union	7
std.Io.net.UnixAddress	2273	12	3	struct	10
std.Io.net.UnixAddress.ListenOptions	2280	2	4	struct	1
std.Io.net.ReceiveFlags	2285	5	3	struct	4
std.Io.net.IncomingMessage	2290	13	3	struct	6
std.Io.net.IncomingMessage.Flags	2296	7	4	struct	6
std.Io.net.OutgoingMessage	2303	5	3	struct	4
std.Io.net.SendFlags	2308	7	3	struct	6
std.Io.net.ShutdownHow	2315	4	3	enum	3
std.Io.net.Interface	2320	14	3	struct	6
std.Io.net.Interface.Name	2323	8	4	struct	7
std.Io.net.Socket	2334	26	3	struct	17
std.Io.net.Socket.Mode	2337	6	4	enum	5
std.Io.net.Socket.CreatePairOptions	2355	4	4	struct	3
std.Io.net.Stream	2360	22	3	struct	7
std.Io.net.Stream.Reader	2364	7	4	struct	6
std.Io.net.Stream.Writer	2371	9	4	struct	8
std.Io.net.Server	2382	7	3	struct	6
std.Io.Dir	2389	209	2	ns	115
std.Io.Dir.Entry	2395	4	3	struct	3
std.Io.Dir.Reader	2400	16	3	struct	12
std.Io.Dir.Reader.State	2407	4	4	enum	3
std.Io.Dir.Iterator	2416	7	3	struct	6
std.Io.Dir.SelectiveWalker	2425	9	3	struct	8
std.Io.Dir.Walker	2435	11	3	struct	5
std.Io.Dir.Walker.Entry	2437	6	4	struct	5
std.Io.Dir.AccessOptions	2449	5	3	struct	4
std.Io.Dir.OpenOptions	2457	4	3	struct	3
std.Io.Dir.OpenFileOptions	2465	15	3	struct	11
std.Io.Dir.OpenFileOptions.Mode	2474	4	4	enum	3
std.Io.Dir.CreateFileOptions	2482	8	3	struct	7
std.Io.Dir.WriteFileOptions	2492	4	3	struct	3
std.Io.Dir.PrevStatus	2498	3	3	enum	2
std.Io.Dir.CreatePathStatus	2510	3	3	enum	2
std.Io.Dir.CreateDirPathOpenOptions	2515	3	3	struct	2
std.Io.Dir.StatFileOptions	2523	2	3	struct	1
std.Io.Dir.SymLinkFlags	2548	2	3	struct	1
std.Io.Dir.CopyFileOptions	2563	4	3	struct	3
std.Io.Dir.CreateFileAtomicOptions	2570	4	3	struct	3
std.Io.Dir.SetFilePermissionsOptions	2580	2	3	struct	1
std.Io.Dir.SetFileOwnerOptions	2586	2	3	struct	1
std.Io.Dir.SetTimestampsOptions	2590	4	3	struct	3
std.Io.Dir.SetTimestampsNowOptions	2595	2	3	struct	1
std.Io.File	2598	222	2	ns	76
std.Io.File.Flags	2601	2	3	struct	1
std.Io.File.Reader	2604	31	3	ns	23
std.Io.File.Reader.Mode	2617	8	4	enum	7
std.Io.File.Writer	2635	26	3	ns	25
std.Io.File.Atomic	2661	14	3	ns	13
std.Io.File.MemoryMap	2675	19	3	ns	13
std.Io.File.MemoryMap.CreateOptions	2682	6	4	struct	5
std.Io.File.MultiReader	2694	29	3	ns	17
std.Io.File.MultiReader.Context	2698	5	4	struct	4
std.Io.File.MultiReader.Streams	2705	4	4	struct	3
std.Io.File.MultiReader.Buffer	2709	5	4	fn	4
std.Io.File.Kind	2728	12	3	enum	11
std.Io.File.Stat	2740	10	3	struct	9
std.Io.File.Lock	2756	4	3	enum	3
std.Io.File.SetTimestampsOptions	2781	3	3	struct	2
std.Io.File.SetTimestamp	2784	5	3	union	4
std.Io.File.HardLinkOptions	2815	2	3	struct	1
std.Io.Terminal	2820	31	2	ns	6
std.Io.Terminal.Color	2823	20	3	enum	19
std.Io.Terminal.Mode	2843	6	3	union	5
std.Io.RwLock	2851	13	2	ns	12
std.Io.Semaphore	2864	7	2	ns	6
std.Io.VTable	2871	110	2	struct	109
std.Io.Operation	2981	60	2	union	13
std.Io.Operation.FileReadStreaming	2987	6	3	struct	5
std.Io.Operation.FileWriteStreaming	2993	7	3	struct	6
std.Io.Operation.NetReceive	3001	9	3	struct	6
std.Io.Operation.NetReceive.Result	3007	3	4	struct	2
std.Io.Operation.Storage	3011	16	3	union	7
std.Io.Operation.Storage.Submission	3016	3	4	struct	2
std.Io.Operation.Storage.Pending	3019	5	4	struct	4
std.Io.Operation.Storage.Completion	3024	3	4	struct	2
std.Io.Operation.OptionalIndex	3027	5	3	enum	4
std.Io.Operation.List	3032	9	3	struct	5
std.Io.Operation.List.SingleNode	3036	2	4	struct	1
std.Io.Operation.List.DoubleNode	3038	3	4	struct	2
std.Io.Batch	3044	18	2	struct	15
std.Io.Batch.Completion	3054	3	3	struct	2
std.Io.Limit	3062	17	2	enum	16
std.Io.Clock	3081	26	2	enum	10
std.Io.Clock.Timestamp	3090	13	3	struct	12
std.Io.Clock.Duration	3103	4	3	struct	3
std.Io.Timestamp	3107	15	2	struct	14
std.Io.Duration	3122	13	2	struct	12
std.Io.Timeout	3135	9	2	union	8
std.Io.Future	3145	5	2	fn	4
std.Io.Group	3150	8	2	struct	7
std.Io.CancelProtection	3159	3	2	enum	2
std.Io.Select	3164	13	2	fn	12
std.Io.Mutex	3181	11	2	struct	7
std.Io.Mutex.State	3184	4	3	enum	3
std.Io.Condition	3192	8	2	struct	7
std.Io.Event	3200	11	2	enum	10
std.Io.TypeErasedQueue	3212	14	2	struct	13
std.Io.Queue	3226	14	2	fn	13
std.Io.LockedStderr	3244	5	2	struct	4
std.Progress	3368	84	1	ns	33
std.Progress.Status	3390	5	2	enum	4
std.Progress.Ipc	3395	10	2	struct	7
std.Progress.Ipc.Index	3402	3	3	struct	2
std.Progress.TerminalMode	3405	6	2	union	4
std.Progress.TerminalMode.WindowsApi	3409	2	3	struct	1
std.Progress.Options	3411	7	2	struct	6
std.Progress.Node	3418	23	2	struct	17
std.Progress.Node.OptionalIndex	3422	4	3	enum	3
std.Progress.Node.Index	3426	3	3	enum	2
std.Progress.StartFailure	3441	5	2	union	4
std.Random	3452	127	1	ns	38
std.Random.Ascon	3455	7	2	ns	6
std.Random.ChaCha	3462	8	2	ns	7
std.Random.Isaac64	3470	10	2	ns	9
std.Random.Pcg	3480	6	2	ns	5
std.Random.Xoroshiro128	3486	8	2	ns	7
std.Random.Xoshiro256	3494	8	2	ns	7
std.Random.Sfc64	3502	8	2	ns	7
std.Random.RomuTrio	3510	9	2	ns	8
std.Random.SplitMix64	3519	4	2	ns	3
std.Random.ziggurat	3523	22	2	ns	15
std.Random.ziggurat.ZigTable	3525	7	3	struct	6
std.Random.lcg	3545	7	2	ns	1
std.Random.lcg.Wrapping	3546	6	3	fn	5
std.Random.IoSource	3554	3	2	struct	2
std.SemanticVersion	3579	14	1	ns	9
std.SemanticVersion.Range	3585	5	2	struct	4
std.SinglyLinkedList	3593	13	1	ns	6
std.SinglyLinkedList.Node	3595	7	2	struct	6
std.Target	3609	3674	1	ns	82
std.Target.Query	3615	56	2	ns	32
std.Target.Query.CpuModel	3628	6	3	union	5
std.Target.Query.OsVersion	3634	6	3	union	5
std.Target.Query.ParseOptions	3642	14	3	struct	6
std.Target.Query.ParseOptions.Diagnostics	3648	8	4	struct	7
std.Target.Os	3671	119	2	struct	10
std.Target.Os.Tag	3674	51	3	enum	50
std.Target.Os.WindowsVersion	3725	38	3	enum	33
std.Target.Os.WindowsVersion.Range	3756	5	4	struct	4
std.Target.Os.HurdVersionRange	3763	5	3	struct	4
std.Target.Os.LinuxVersionRange	3768	6	3	struct	5
std.Target.Os.VersionRange	3774	7	3	union	6
std.Target.Os.TaggedVersionRange	3781	7	3	union	6
std.Target.aarch64	3790	356	2	ns	7
std.Target.aarch64.Feature	3791	254	3	enum	253
std.Target.aarch64.cpu	4050	96	3	struct	95
std.Target.alpha	4146	19	2	ns	7
std.Target.alpha.Feature	4147	5	3	enum	4
std.Target.alpha.cpu	4157	8	3	struct	7
std.Target.amdgcn	4165	304	2	ns	7
std.Target.amdgcn.Feature	4166	225	3	enum	224
std.Target.amdgcn.cpu	4396	73	3	struct	72
std.Target.arc	4469	10	2	ns	7
std.Target.arc.Feature	4470	2	3	enum	1
std.Target.arc.cpu	4477	2	3	struct	1
std.Target.arm	4479	306	2	ns	7
std.Target.arm.Feature	4480	201	3	enum	200
std.Target.arm.cpu	4686	99	3	struct	98
std.Target.avr	4785	427	2	ns	7
std.Target.avr.Feature	4786	40	3	enum	39
std.Target.avr.cpu	4831	381	3	struct	380
std.Target.bpf	5212	17	2	ns	7
std.Target.bpf.Feature	5213	4	3	enum	3
std.Target.bpf.cpu	5222	7	3	struct	6
std.Target.csky	5229	223	2	ns	7
std.Target.csky.Feature	5230	64	3	enum	63
std.Target.csky.cpu	5299	153	3	struct	152
std.Target.hexagon	5452	70	2	ns	7
std.Target.hexagon.Feature	5453	47	3	enum	46
std.Target.hexagon.cpu	5505	17	3	struct	16
std.Target.hppa	5522	30	2	ns	7
std.Target.hppa.Feature	5523	6	3	enum	5
std.Target.hppa.cpu	5534	18	3	struct	17
std.Target.kalimba	5552	9	2	ns	7
std.Target.kalimba.cpu	5559	2	3	struct	1
std.Target.kvx	5561	13	2	ns	7
std.Target.kvx.Feature	5562	4	3	enum	3
std.Target.kvx.cpu	5571	3	3	struct	2
std.Target.lanai	5574	10	2	ns	7
std.Target.lanai.cpu	5581	3	3	struct	2
std.Target.loongarch	5584	35	2	ns	7
std.Target.loongarch.Feature	5585	22	3	enum	21
std.Target.loongarch.cpu	5612	7	3	struct	6
std.Target.m68k	5619	38	2	ns	7
std.Target.m68k.Feature	5620	24	3	enum	23
std.Target.m68k.cpu	5649	8	3	struct	7
std.Target.mips	5658	86	2	ns	7
std.Target.mips.Feature	5659	57	3	enum	56
std.Target.mips.cpu	5721	23	3	struct	22
std.Target.msp430	5744	15	2	ns	7
std.Target.msp430.Feature	5745	5	3	enum	4
std.Target.msp430.cpu	5755	4	3	struct	3
std.Target.nvptx	5759	110	2	ns	7
std.Target.nvptx.Feature	5760	67	3	enum	66
std.Target.nvptx.cpu	5832	37	3	struct	36
std.Target.powerpc	5870	125	2	ns	7
std.Target.powerpc.Feature	5871	80	3	enum	79
std.Target.powerpc.cpu	5956	39	3	struct	38
std.Target.propeller	5995	11	2	ns	7
std.Target.propeller.Feature	5996	2	3	enum	1
std.Target.propeller.cpu	6003	3	3	struct	2
std.Target.riscv	6006	378	2	ns	7
std.Target.riscv.Feature	6007	318	3	enum	317
std.Target.riscv.cpu	6330	54	3	struct	53
std.Target.s390x	6384	74	2	ns	7
std.Target.s390x.Feature	6385	50	3	enum	49
std.Target.s390x.cpu	6440	18	3	struct	17
std.Target.sparc	6459	105	2	ns	7
std.Target.sparc.Feature	6460	58	3	enum	57
std.Target.sparc.cpu	6523	41	3	struct	40
std.Target.spirv	6564	26	2	ns	7
std.Target.spirv.Feature	6565	16	3	enum	15
std.Target.spirv.cpu	6586	4	3	struct	3
std.Target.ve	6590	10	2	ns	7
std.Target.ve.Feature	6591	2	3	enum	1
std.Target.ve.cpu	6598	2	3	struct	1
std.Target.wasm	6600	30	2	ns	7
std.Target.wasm.Feature	6601	19	3	enum	18
std.Target.wasm.cpu	6625	5	3	struct	4
std.Target.x86	6630	309	2	ns	7
std.Target.x86.Feature	6631	202	3	enum	201
std.Target.x86.cpu	6838	101	3	struct	100
std.Target.xcore	6939	10	2	ns	7
std.Target.xcore.cpu	6946	3	3	struct	2
std.Target.xtensa	6949	44	2	ns	7
std.Target.xtensa.Feature	6950	36	3	enum	35
std.Target.xtensa.cpu	6991	2	3	struct	1
std.Target.Abi	6993	37	2	enum	34
std.Target.Abi.Float	7026	3	3	enum	2
std.Target.ObjectFormat	7030	12	2	enum	11
std.Target.Cpu	7045	168	2	struct	10
std.Target.Cpu.Feature	7049	30	3	struct	7
std.Target.Cpu.Feature.Set	7055	19	4	struct	18
std.Target.Cpu.Feature.FeatureSetFns	7074	5	4	fn	4
std.Target.Cpu.Arch	7079	123	3	enum	90
std.Target.Cpu.Arch.Family	7138	33	4	enum	32
std.Target.Cpu.Model	7202	7	3	struct	6
std.Target.AddressSpaceContext	7232	5	2	enum	4
std.Target.DynamicLinker	7238	16	2	struct	12
std.Target.DynamicLinker.Kind	7248	4	3	enum	3
std.Target.StackGrowth	7259	3	2	enum	2
std.Target.CType	7264	13	2	enum	12
std.Thread	7283	25	1	ns	21
std.Thread.SpawnConfig	7295	4	2	struct	3
std.Uri	7310	52	1	ns	24
std.Uri.Component	7323	16	2	union	15
std.Uri.Format	7345	13	2	struct	4
std.Uri.Format.Flags	7348	9	3	struct	8
std.array_list	7366	129	1	ns	3
std.array_list.AlignedManaged	7368	53	2	fn	52
std.array_list.Aligned	7421	74	2	fn	73
std.array_hash_map	7498	144	1	ns	14
std.array_hash_map.StringContext	7501	3	2	struct	2
std.array_hash_map.Custom	7507	126	2	fn	108
std.array_hash_map.Custom().Entry	7512	3	3	struct	2
std.array_hash_map.Custom().KV	7515	3	3	struct	2
std.array_hash_map.Custom().Data	7518	4	3	struct	3
std.array_hash_map.Custom().GetOrPutResult	7524	5	3	struct	4
std.array_hash_map.Custom().Iterator	7540	7	3	struct	6
std.array_hash_map.AutoContext	7635	3	2	fn	2
std.atomic	7642	29	1	ns	5
std.atomic.Value	7643	20	2	fn	19
std.atomic.Mutex	7666	5	2	enum	4
std.base64	7671	35	1	ns	11
std.base64.Codecs	7673	6	2	struct	5
std.base64.Base64Encoder	7685	7	2	struct	6
std.base64.Base64Decoder	7692	8	2	struct	7
std.base64.Base64DecoderWithIgnore	7700	6	2	struct	5
std.bit_set	7706	143	1	ns	7
std.bit_set.IntegerBitSet	7708	34	2	fn	33
std.bit_set.ArrayBitSet	7742	35	2	fn	34
std.bit_set.DynamicBitSetUnmanaged	7777	32	2	struct	31
std.bit_set.DynamicBitSet	7809	28	2	struct	27
std.bit_set.IteratorOptions	7837	9	2	struct	4
std.bit_set.IteratorOptions.Type	7840	3	3	enum	2
std.bit_set.IteratorOptions.Direction	7843	3	3	enum	2
std.bit_set.Range	7846	3	2	struct	2
std.builtin	7849	525	1	ns	40
std.builtin.assembly	7850	2	2	ns	1
std.builtin.StackTrace	7852	3	2	struct	2
std.builtin.GlobalLinkage	7855	5	2	enum	4
std.builtin.SymbolVisibility	7860	4	2	enum	3
std.builtin.AtomicOrder	7864	7	2	enum	6
std.builtin.ReduceOp	7871	8	2	enum	7
std.builtin.AtomicRmwOp	7879	10	2	enum	9
std.builtin.CodeModel	7889	12	2	enum	11
std.builtin.OptimizeMode	7901	5	2	enum	4
std.builtin.CallingConvention	7906	168	2	union	117
std.builtin.CallingConvention.CommonOptions	8013	2	3	struct	1
std.builtin.CallingConvention.X86RegparmOptions	8015	3	3	struct	2
std.builtin.CallingConvention.ArcInterruptOptions	8018	8	3	struct	3
std.builtin.CallingConvention.ArcInterruptOptions.InterruptType	8021	5	4	enum	4
std.builtin.CallingConvention.ArmInterruptOptions	8026	10	3	struct	3
std.builtin.CallingConvention.ArmInterruptOptions.InterruptType	8029	7	4	enum	6
std.builtin.CallingConvention.MicroblazeInterruptOptions	8036	8	3	struct	3
std.builtin.CallingConvention.MicroblazeInterruptOptions.InterruptType	8039	5	4	enum	4
std.builtin.CallingConvention.MipsInterruptOptions	8044	13	3	struct	3
std.builtin.CallingConvention.MipsInterruptOptions.InterruptMode	8047	10	4	enum	9
std.builtin.CallingConvention.RiscvInterruptOptions	8057	6	3	struct	3
std.builtin.CallingConvention.RiscvInterruptOptions.PrivilegeMode	8060	3	4	enum	2
std.builtin.CallingConvention.ShInterruptOptions	8063	8	3	struct	3
std.builtin.CallingConvention.ShInterruptOptions.SaveBehavior	8066	5	4	enum	4
std.builtin.AddressSpace	8074	26	2	enum	25
std.builtin.SourceLocation	8100	6	2	struct	5
std.builtin.Type	8107	133	2	union	45
std.builtin.Type.Int	8132	3	3	struct	2
std.builtin.Type.Float	8135	2	3	struct	1
std.builtin.Type.Pointer	8137	21	3	struct	11
std.builtin.Type.Pointer.Size	8147	5	4	enum	4
std.builtin.Type.Pointer.Attributes	8152	6	4	struct	5
std.builtin.Type.Array	8158	5	3	struct	4
std.builtin.Type.ContainerLayout	8163	4	3	enum	3
std.builtin.Type.StructField	8167	11	3	struct	7
std.builtin.Type.StructField.Attributes	8174	4	4	struct	3
std.builtin.Type.Struct	8178	6	3	struct	5
std.builtin.Type.Optional	8184	2	3	struct	1
std.builtin.Type.ErrorUnion	8186	3	3	struct	2
std.builtin.Type.Error	8189	2	3	struct	1
std.builtin.Type.EnumField	8192	3	3	struct	2
std.builtin.Type.Enum	8195	8	3	struct	5
std.builtin.Type.Enum.Mode	8200	3	4	enum	2
std.builtin.Type.UnionField	8203	6	3	struct	4
std.builtin.Type.UnionField.Attributes	8207	2	4	struct	1
std.builtin.Type.Union	8209	5	3	struct	4
std.builtin.Type.Fn	8214	15	3	struct	7
std.builtin.Type.Fn.Param	8220	6	4	struct	4
std.builtin.Type.Fn.Param.Attributes	8224	2	5	struct	1
std.builtin.Type.Fn.Attributes	8226	3	4	struct	2
std.builtin.Type.Opaque	8229	2	3	struct	1
std.builtin.Type.Frame	8231	2	3	struct	1
std.builtin.Type.AnyFrame	8233	2	3	struct	1
std.builtin.Type.Vector	8235	3	3	struct	2
std.builtin.Type.Declaration	8238	2	3	struct	1
std.builtin.FloatMode	8240	3	2	enum	2
std.builtin.Endian	8243	5	2	enum	4
std.builtin.Signedness	8248	3	2	enum	2
std.builtin.OutputMode	8251	4	2	enum	3
std.builtin.LinkMode	8255	3	2	enum	2
std.builtin.UnwindTables	8258	4	2	enum	3
std.builtin.WasiExecModel	8262	3	2	enum	2
std.builtin.CallModifier	8265	8	2	enum	7
std.builtin.VaListAarch64	8273	6	2	struct	5
std.builtin.VaListAlpha	8279	3	2	struct	2
std.builtin.VaListArm	8282	2	2	struct	1
std.builtin.VaListHexagon	8284	5	2	struct	4
std.builtin.VaListPowerPc	8289	6	2	struct	5
std.builtin.VaListS390x	8295	4	2	struct	3
std.builtin.VaListSh	8299	6	2	struct	5
std.builtin.VaListX86_64	8305	5	2	struct	4
std.builtin.VaListXtensa	8310	4	2	struct	3
std.builtin.PrefetchOptions	8315	10	2	struct	5
std.builtin.PrefetchOptions.Rw	8319	3	3	enum	2
std.builtin.PrefetchOptions.Cache	8322	3	3	enum	2
std.builtin.ExportOptions	8325	5	2	struct	4
std.builtin.ExternOptions	8330	18	2	struct	10
std.builtin.ExternOptions.Decoration	8339	6	3	union	3
std.builtin.ExternOptions.Decoration.Descriptor	8342	3	4	struct	2
std.builtin.ExternOptions.Relocation	8345	3	3	enum	2
std.builtin.BranchHint	8348	6	2	enum	5
std.builtin.CompilerBackend	8354	15	2	enum	14
std.builtin.TestFn	8369	3	2	struct	2
std.c	8374	615	1	ns	592
std.c.LC	8607	15	2	enum	14
std.c.div_t	8623	3	2	struct	2
std.c.ldiv_t	8626	3	2	struct	2
std.c.lldiv_t	8629	3	2	struct	2
std.c.imaxdiv_t	8632	3	2	struct	2
std.coff	8989	695	1	ns	40
std.coff.Header	8990	25	2	struct	8
std.coff.Header.Flags	8998	17	3	struct	16
std.coff.DllFlags	9017	13	2	struct	12
std.coff.Subsystem	9030	16	2	enum	15
std.coff.OptionalHeader	9046	60	2	struct	11
std.coff.OptionalHeader.Magic	9055	4	3	enum	3
std.coff.OptionalHeader.PE32	9059	24	3	struct	23
std.coff.OptionalHeader.@"PE32+"	9083	23	3	struct	22
std.coff.ImageDataDirectory	9107	3	2	struct	2
std.coff.BaseRelocationDirectoryEntry	9110	3	2	struct	2
std.coff.BaseRelocation	9113	3	2	struct	2
std.coff.BaseRelocationType	9116	13	2	enum	12
std.coff.DebugDirectoryEntry	9129	9	2	struct	8
std.coff.DebugType	9138	19	2	enum	18
std.coff.ImportDirectoryEntry	9157	6	2	struct	5
std.coff.ImportLookupEntry32	9163	10	2	struct	4
std.coff.ImportLookupEntry32.ByName	9164	3	3	struct	2
std.coff.ImportLookupEntry32.ByOrdinal	9167	4	3	struct	3
std.coff.ImportLookupEntry64	9173	11	2	struct	4
std.coff.ImportLookupEntry64.ByName	9174	4	3	struct	3
std.coff.ImportLookupEntry64.ByOrdinal	9178	4	3	struct	3
std.coff.ImportHintNameEntry	9184	3	2	struct	2
std.coff.SectionHeader	9187	64	2	struct	17
std.coff.SectionHeader.Flags	9204	47	3	struct	28
std.coff.SectionHeader.Flags.Align	9232	19	4	enum	18
std.coff.Symbol	9251	10	2	struct	9
std.coff.SectionNumber	9261	5	2	enum	4
std.coff.SymType	9266	3	2	struct	2
std.coff.BaseType	9269	18	2	enum	17
std.coff.ComplexType	9287	6	2	enum	5
std.coff.StorageClass	9293	29	2	enum	28
std.coff.FunctionDefinition	9322	6	2	struct	5
std.coff.SectionDefinition	9328	8	2	struct	7
std.coff.FileDefinition	9336	3	2	struct	2
std.coff.WeakExternalDefinition	9339	5	2	struct	4
std.coff.WeakExternalFlag	9344	6	2	enum	5
std.coff.ComdatSelection	9350	9	2	enum	8
std.coff.DebugInfoDefinition	9359	6	2	struct	5
std.coff.Coff	9366	25	2	struct	24
std.coff.Symtab	9391	24	2	struct	7
std.coff.Symtab.Tag	9394	7	3	enum	6
std.coff.Symtab.Record	9401	7	3	union	6
std.coff.Symtab.Slice	9409	5	3	struct	4
std.coff.Strtab	9415	3	2	struct	2
std.coff.ImportHeader	9418	9	2	struct	8
std.coff.ImportType	9427	5	2	enum	4
std.coff.ImportNameType	9432	7	2	enum	6
std.coff.Relocation	9439	4	2	struct	3
std.coff.IMAGE	9443	241	2	struct	3
std.coff.IMAGE.DIRECTORY_ENTRY	9444	19	3	enum	18
std.coff.IMAGE.FILE	9463	38	3	struct	1
std.coff.IMAGE.FILE.MACHINE	9464	37	4	enum	36
std.coff.IMAGE.REL	9501	183	3	struct	9
std.coff.IMAGE.REL.AMD64	9502	19	4	enum	18
std.coff.IMAGE.REL.ARM	9521	17	4	enum	16
std.coff.IMAGE.REL.ARM64	9538	20	4	enum	19
std.coff.IMAGE.REL.SH	9558	28	4	enum	27
std.coff.IMAGE.REL.PPC	9586	20	4	enum	19
std.coff.IMAGE.REL.I386	9606	13	4	enum	12
std.coff.IMAGE.REL.IA64	9619	31	4	enum	30
std.coff.IMAGE.REL.MIPS	9650	17	4	enum	16
std.coff.IMAGE.REL.M32R	9667	17	4	enum	16
std.compress	9684	400	1	ns	5
std.compress.flate	9685	86	2	ns	5
std.compress.flate.Compress	9688	41	3	ns	16
std.compress.flate.Compress.Options	9698	17	4	struct	16
std.compress.flate.Compress.Raw	9719	5	4	struct	4
std.compress.flate.Compress.Huffman	9724	5	4	struct	4
std.compress.flate.Decompress	9729	18	3	ns	15
std.compress.flate.Decompress.Symbol	9741	3	4	struct	2
std.compress.flate.Container	9747	24	3	enum	11
std.compress.flate.Container.Hasher	9757	8	4	union	7
std.compress.flate.Container.Metadata	9765	6	4	union	5
std.compress.lzma	9771	95	2	ns	3
std.compress.lzma.RangeDecoder	9772	9	3	struct	8
std.compress.lzma.Decode	9781	71	3	struct	27
std.compress.lzma.Decode.CircularBuffer	9801	15	4	struct	14
std.compress.lzma.Decode.BitTree	9816	5	4	fn	4
std.compress.lzma.Decode.LenDecoder	9821	8	4	struct	7
std.compress.lzma.Decode.Vec2d	9829	6	4	struct	5
std.compress.lzma.Decode.Options	9835	4	4	struct	3
std.compress.lzma.Decode.UnpackedSize	9839	4	4	union	3
std.compress.lzma.Decode.Properties	9843	4	4	struct	3
std.compress.lzma.Decode.Params	9847	5	4	struct	4
std.compress.lzma.Decompress	9852	14	3	struct	13
std.compress.lzma2	9866	19	2	ns	2
std.compress.lzma2.AccumBuffer	9867	13	3	struct	12
std.compress.lzma2.Decode	9880	5	3	struct	4
std.compress.xz	9885	23	2	ns	1
std.compress.xz.Decompress	9886	22	3	ns	13
std.compress.xz.Decompress.Check	9894	6	4	enum	5
std.compress.xz.Decompress.StreamFlags	9900	4	4	struct	3
std.compress.zstd	9908	176	2	ns	15
std.compress.zstd.Decompress	9909	149	3	ns	13
std.compress.zstd.Decompress.Options	9916	3	4	struct	2
std.compress.zstd.Decompress.Frame	9921	69	4	struct	10
std.compress.zstd.Decompress.Frame.Magic	9927	5	5	enum	4
std.compress.zstd.Decompress.Frame.Kind	9932	3	5	enum	2
std.compress.zstd.Decompress.Frame.Zstandard	9935	48	5	struct	7
std.compress.zstd.Decompress.Frame.Zstandard.Header	9940	15	6	struct	8
std.compress.zstd.Decompress.Frame.Zstandard.Header.Descriptor	9945	7	7	struct	6
std.compress.zstd.Decompress.Frame.Zstandard.Block	9955	10	6	struct	2
std.compress.zstd.Decompress.Frame.Zstandard.Block.Header	9956	4	7	struct	3
std.compress.zstd.Decompress.Frame.Zstandard.Block.Type	9960	5	7	enum	4
std.compress.zstd.Decompress.Frame.Zstandard.Decode	9965	18	6	struct	17
std.compress.zstd.Decompress.Frame.Skippable	9983	6	5	struct	3
std.compress.zstd.Decompress.Frame.Skippable.Header	9986	3	6	struct	2
std.compress.zstd.Decompress.LiteralsSection	9990	39	4	struct	11
std.compress.zstd.Decompress.LiteralsSection.Streams	9994	3	5	union	2
std.compress.zstd.Decompress.LiteralsSection.Header	9997	6	5	struct	5
std.compress.zstd.Decompress.LiteralsSection.BlockType	10003	5	5	enum	4
std.compress.zstd.Decompress.LiteralsSection.HuffmanTree	10008	15	5	struct	9
std.compress.zstd.Decompress.LiteralsSection.HuffmanTree.PrefixedSymbol	10012	4	6	struct	3
std.compress.zstd.Decompress.LiteralsSection.HuffmanTree.Result	10016	3	6	union	2
std.compress.zstd.Decompress.LiteralsSection.StreamCount	10023	3	5	enum	2
std.compress.zstd.Decompress.SequencesSection	10029	17	4	struct	5
std.compress.zstd.Decompress.SequencesSection.Header	10034	12	5	struct	7
std.compress.zstd.Decompress.SequencesSection.Header.Mode	10039	5	6	enum	4
std.compress.zstd.Decompress.Table	10046	12	4	union	8
std.compress.zstd.Decompress.Table.Fse	10049	4	5	struct	3
std.compress.zstd.table_accuracy_log_max	10068	4	3	struct	3
std.compress.zstd.table_symbol_count_max	10072	4	3	struct	3
std.compress.zstd.default_accuracy_log	10076	4	3	struct	3
std.compress.zstd.table_size_max	10080	4	3	struct	3
std.static_string_map	10084	23	1	ns	4
std.static_string_map.StaticStringMapWithEql	10088	19	2	fn	16
std.static_string_map.StaticStringMapWithEql().KV	10094	3	3	struct	2
std.crypto	10107	1887	1	ns	22
std.crypto.timing_safe	10108	7	2	ns	6
std.crypto.aead	10115	63	2	struct	10
std.crypto.aead.aegis	10116	13	3	struct	12
std.crypto.aead.aes_gcm	10129	3	3	struct	2
std.crypto.aead.aes_gcm_siv	10132	3	3	struct	2
std.crypto.aead.aes_siv	10135	3	3	struct	2
std.crypto.aead.aes_ocb	10138	3	3	struct	2
std.crypto.aead.aes_ccm	10141	7	3	ns	6
std.crypto.aead.ascon	10148	8	3	struct	1
std.crypto.aead.ascon.AsconAead128	10149	7	4	struct	6
std.crypto.aead.chacha_poly	10156	7	3	struct	6
std.crypto.aead.isap	10163	8	3	ns	1
std.crypto.aead.isap.IsapA128A	10164	7	4	struct	6
std.crypto.aead.salsa_poly	10171	7	3	struct	1
std.crypto.aead.salsa_poly.XSalsa20Poly1305	10172	6	4	struct	5
std.crypto.auth	10178	63	2	struct	5
std.crypto.auth.hmac	10179	18	3	ns	4
std.crypto.auth.hmac.sha2	10182	5	4	struct	4
std.crypto.auth.hmac.Hmac	10187	10	4	fn	9
std.crypto.auth.siphash	10197	3	3	ns	2
std.crypto.auth.aegis	10200	13	3	struct	12
std.crypto.auth.cmac	10213	15	3	ns	2
std.crypto.auth.cmac.Cmac	10215	13	4	fn	12
std.crypto.auth.cbc_mac	10228	13	3	ns	2
std.crypto.auth.cbc_mac.CbcMac	10230	11	4	fn	10
std.crypto.core	10241	44	2	struct	4
std.crypto.core.aes	10242	8	3	ns	7
std.crypto.core.keccak	10250	31	3	ns	2
std.crypto.core.keccak.KeccakF	10251	16	4	fn	15
std.crypto.core.keccak.State	10267	14	4	fn	13
std.crypto.core.modes	10282	3	3	ns	2
std.crypto.dh	10285	89	2	struct	1
std.crypto.dh.X25519	10286	88	3	struct	9
std.crypto.dh.X25519.Curve	10287	74	4	struct	13
std.crypto.dh.X25519.Curve.Fe	10288	36	5	struct	35
std.crypto.dh.X25519.Curve.scalar	10324	26	5	ns	15
std.crypto.dh.X25519.Curve.scalar.Scalar	10339	11	6	struct	10
std.crypto.dh.X25519.KeyPair	10365	6	4	struct	5
std.crypto.kem	10374	49	2	struct	3
std.crypto.kem.hybrid	10375	40	3	ns	5
std.crypto.kem.hybrid.Params	10379	12	4	struct	11
std.crypto.kem.hybrid.HybridKem	10391	24	4	fn	4
std.crypto.kem.hybrid.HybridKem().PublicKey	10392	7	5	struct	6
std.crypto.kem.hybrid.HybridKem().SecretKey	10399	6	5	struct	5
std.crypto.kem.hybrid.HybridKem().KeyPair	10405	5	5	struct	4
std.crypto.kem.hybrid.HybridKem().EncapsulatedSecret	10410	5	5	struct	4
std.crypto.kem.kyber_d00	10415	4	3	struct	3
std.crypto.kem.ml_kem	10419	4	3	struct	3
std.crypto.ecc	10423	389	2	struct	6
std.crypto.ecc.Curve25519	10424	49	3	struct	13
std.crypto.ecc.Curve25519.Fe	10425	36	4	struct	35
std.crypto.ecc.Edwards25519	10473	66	3	struct	30
std.crypto.ecc.Edwards25519.Fe	10474	36	4	struct	35
std.crypto.ecc.P256	10539	63	3	struct	28
std.crypto.ecc.P256.scalar	10541	35	4	ns	13
std.crypto.ecc.P256.scalar.Scalar	10554	22	5	struct	21
std.crypto.ecc.P384	10602	61	3	struct	28
std.crypto.ecc.P384.scalar	10604	33	4	ns	12
std.crypto.ecc.P384.scalar.Scalar	10616	21	5	struct	20
std.crypto.ecc.Ristretto255	10663	81	3	struct	15
std.crypto.ecc.Ristretto255.Curve	10664	66	4	struct	30
std.crypto.ecc.Ristretto255.Curve.Fe	10665	36	5	struct	35
std.crypto.ecc.Secp256k1	10744	68	3	struct	29
std.crypto.ecc.Secp256k1.scalar	10746	35	4	ns	13
std.crypto.ecc.Secp256k1.scalar.Scalar	10759	22	5	struct	21
std.crypto.ecc.Secp256k1.Endormorphism	10788	5	4	struct	2
std.crypto.ecc.Secp256k1.Endormorphism.SplitScalar	10789	3	5	struct	2
std.crypto.hash	10812	167	2	struct	8
std.crypto.hash.ascon	10813	4	3	struct	3
std.crypto.hash.blake2	10817	48	3	ns	11
std.crypto.hash.blake2.Blake2s	10822	19	4	fn	14
std.crypto.hash.blake2.Blake2s().Options	10828	5	5	struct	4
std.crypto.hash.blake2.Blake2b	10846	19	4	fn	14
std.crypto.hash.blake2.Blake2b().Options	10852	5	5	struct	4
std.crypto.hash.Blake3	10865	19	3	struct	17
std.crypto.hash.Blake3.Options	10869	2	4	struct	1
std.crypto.hash.Md5	10884	13	3	struct	12
std.crypto.hash.Sha1	10897	14	3	ns	13
std.crypto.hash.sha2	10911	10	3	ns	9
std.crypto.hash.sha3	10921	42	3	ns	25
std.crypto.hash.sha3.Keccak	10940	10	4	fn	8
std.crypto.hash.sha3.Keccak().Options	10944	2	5	struct	1
std.crypto.hash.sha3.NistLengthEncoding	10955	8	4	enum	4
std.crypto.hash.sha3.NistLengthEncoding.Length	10958	4	5	struct	3
std.crypto.hash.composition	10963	16	3	ns	4
std.crypto.hash.composition.Composition	10964	12	4	fn	9
std.crypto.hash.composition.Composition().Options	10969	3	5	struct	2
std.crypto.kdf	10979	9	2	struct	1
std.crypto.kdf.hkdf	10980	8	3	ns	3
std.crypto.kdf.hkdf.Hkdf	10983	5	4	fn	4
std.crypto.onetimeauth	10988	17	2	struct	3
std.crypto.onetimeauth.Poly1305	10991	14	3	struct	13
std.crypto.pwhash	11005	90	2	struct	9
std.crypto.pwhash.Encoding	11006	3	3	enum	2
std.crypto.pwhash.argon2	11012	29	3	ns	7
std.crypto.pwhash.argon2.Mode	11013	4	4	enum	3
std.crypto.pwhash.argon2.Params	11017	14	4	struct	13
std.crypto.pwhash.argon2.HashOptions	11032	5	4	struct	4
std.crypto.pwhash.argon2.VerifyOptions	11038	2	4	struct	1
std.crypto.pwhash.bcrypt	11041	23	3	ns	12
std.crypto.pwhash.bcrypt.State	11044	3	4	struct	2
std.crypto.pwhash.bcrypt.Params	11047	4	4	struct	3
std.crypto.pwhash.bcrypt.HashOptions	11054	4	4	struct	3
std.crypto.pwhash.bcrypt.VerifyOptions	11060	3	4	struct	2
std.crypto.pwhash.scrypt	11064	20	3	ns	8
std.crypto.pwhash.scrypt.Params	11066	8	4	struct	7
std.crypto.pwhash.scrypt.HashOptions	11075	4	4	struct	3
std.crypto.pwhash.scrypt.VerifyOptions	11081	2	4	struct	1
std.crypto.pwhash.phc_format	11085	10	3	ns	5
std.crypto.pwhash.phc_format.BinValue	11087	5	4	fn	4
std.crypto.sign	11095	135	2	struct	3
std.crypto.sign.Ed25519	11096	71	3	struct	11
std.crypto.sign.Ed25519.SecretKey	11099	7	4	struct	6
std.crypto.sign.Ed25519.Signer	11106	7	4	struct	6
std.crypto.sign.Ed25519.PublicKey	11113	5	4	struct	4
std.crypto.sign.Ed25519.Verifier	11118	10	4	struct	9
std.crypto.sign.Ed25519.Signature	11128	10	4	struct	9
std.crypto.sign.Ed25519.KeyPair	11138	10	4	struct	9
std.crypto.sign.Ed25519.BatchElement	11148	4	4	struct	3
std.crypto.sign.Ed25519.key_blinding	11153	14	4	struct	4
std.crypto.sign.Ed25519.key_blinding.BlindSecretKey	11155	4	5	struct	3
std.crypto.sign.Ed25519.key_blinding.BlindPublicKey	11159	3	5	struct	2
std.crypto.sign.Ed25519.key_blinding.BlindKeyPair	11162	5	5	struct	4
std.crypto.sign.ecdsa	11167	59	3	ns	7
std.crypto.sign.ecdsa.Ecdsa	11174	52	4	fn	7
std.crypto.sign.ecdsa.Ecdsa().SecretKey	11176	5	5	struct	4
std.crypto.sign.ecdsa.Ecdsa().PublicKey	11181	7	5	struct	6
std.crypto.sign.ecdsa.Ecdsa().Signature	11188	13	5	struct	12
std.crypto.sign.ecdsa.Ecdsa().Signer	11201	6	5	struct	5
std.crypto.sign.ecdsa.Ecdsa().Verifier	11207	9	5	struct	8
std.crypto.sign.ecdsa.Ecdsa().KeyPair	11216	10	5	struct	9
std.crypto.sign.mldsa	11226	4	3	ns	3
std.crypto.stream	11230	16	2	struct	2
std.crypto.stream.chacha	11231	10	3	struct	9
std.crypto.stream.salsa	11241	5	3	struct	4
std.crypto.nacl	11246	4	2	struct	3
std.crypto.ff	11250	47	2	ns	8
std.crypto.ff.Uint	11257	15	3	fn	14
std.crypto.ff.Modulus	11272	25	3	fn	24
std.crypto.codecs	11297	153	2	ns	3
std.crypto.codecs.asn1	11298	125	3	ns	10
std.crypto.codecs.asn1.der	11299	21	4	ns	4
std.crypto.codecs.asn1.der.Decoder	11300	8	5	ns	7
std.crypto.codecs.asn1.der.Encoder	11308	10	5	ns	9
std.crypto.codecs.asn1.Oid	11320	11	4	ns	9
std.crypto.codecs.asn1.Oid.StaticMap	11329	2	5	fn	1
std.crypto.codecs.asn1.Tag	11332	51	4	struct	11
std.crypto.codecs.asn1.Tag.Number	11336	36	5	enum	35
std.crypto.codecs.asn1.Tag.Class	11372	5	5	enum	4
std.crypto.codecs.asn1.Element	11383	10	4	struct	5
std.crypto.codecs.asn1.Element.Slice	11386	5	5	struct	4
std.crypto.codecs.asn1.ExpectedTag	11393	7	4	struct	6
std.crypto.codecs.asn1.FieldTag	11400	8	4	struct	7
std.crypto.codecs.asn1.BitString	11408	6	4	struct	5
std.crypto.codecs.asn1.Opaque	11414	4	4	fn	3
std.crypto.codecs.asn1.Any	11418	5	4	struct	4
std.crypto.codecs.base64	11423	18	3	struct	7
std.crypto.codecs.base64.Variant	11424	7	4	struct	6
std.crypto.codecs.base64.DecoderWithIgnore	11435	5	4	struct	4
std.crypto.codecs.hex	11441	9	3	struct	4
std.crypto.codecs.hex.DecoderWithIgnore	11444	5	4	struct	4
std.crypto.errors	11450	15	2	ns	14
std.crypto.tls	11465	315	2	ns	32
std.crypto.tls.Client	11466	36	3	ns	21
std.crypto.tls.Client.SslKeyLog	11481	5	4	struct	4
std.crypto.tls.Client.Options	11487	11	4	struct	10
std.crypto.tls.ProtocolVersion	11508	6	3	enum	5
std.crypto.tls.ContentType	11514	7	3	enum	6
std.crypto.tls.HandshakeType	11521	17	3	enum	16
std.crypto.tls.ExtensionType	11538	25	3	enum	24
std.crypto.tls.Alert	11563	38	3	struct	4
std.crypto.tls.Alert.Level	11566	4	4	enum	3
std.crypto.tls.Alert.Description	11570	31	4	enum	30
std.crypto.tls.SignatureScheme	11601	27	3	enum	26
std.crypto.tls.NamedGroup	11628	14	3	enum	13
std.crypto.tls.PskKeyExchangeMode	11642	4	3	enum	3
std.crypto.tls.CipherSuite	11646	51	3	enum	38
std.crypto.tls.CipherSuite.With	11683	13	4	enum	12
std.crypto.tls.CompressionMethod	11697	3	3	enum	2
std.crypto.tls.CertificateType	11700	4	3	enum	3
std.crypto.tls.KeyUpdateRequest	11704	4	3	enum	3
std.crypto.tls.ChangeCipherSpecType	11708	3	3	enum	2
std.crypto.tls.HandshakeCipherT	11711	4	3	fn	3
std.crypto.tls.HandshakeCipher	11715	6	3	union	5
std.crypto.tls.ApplicationCipherT	11721	28	3	fn	14
std.crypto.tls.ApplicationCipherT().Tls_1_2	11734	8	4	struct	7
std.crypto.tls.ApplicationCipherT().Tls_1_3	11742	7	4	struct	6
std.crypto.tls.ApplicationCipher	11749	6	3	union	5
std.crypto.tls.Decoder	11762	18	3	struct	17
std.crypto.Certificate	11780	207	2	ns	32
std.crypto.Certificate.Bundle	11783	22	3	ns	21
std.crypto.Certificate.Version	11806	4	3	enum	3
std.crypto.Certificate.Algorithm	11810	15	3	enum	14
std.crypto.Certificate.AlgorithmCategory	11825	6	3	enum	5
std.crypto.Certificate.Attribute	11831	14	3	enum	13
std.crypto.Certificate.NamedCurve	11845	6	3	enum	5
std.crypto.Certificate.ExtensionId	11851	21	3	enum	20
std.crypto.Certificate.GeneralNameTag	11872	11	3	enum	10
std.crypto.Certificate.Parsed	11883	34	3	struct	27
std.crypto.Certificate.Parsed.PubKeyAlgo	11896	5	4	union	4
std.crypto.Certificate.Parsed.Validity	11901	3	4	struct	2
std.crypto.Certificate.der	11935	34	3	struct	5
std.crypto.Certificate.der.Class	11936	5	4	enum	4
std.crypto.Certificate.der.PC	11941	3	4	enum	2
std.crypto.Certificate.der.Identifier	11944	4	4	struct	3
std.crypto.Certificate.der.Tag	11948	12	4	enum	11
std.crypto.Certificate.der.Element	11960	9	4	struct	5
std.crypto.Certificate.der.Element.Slice	11963	4	5	struct	3
std.crypto.Certificate.rsa	11969	18	3	struct	3
std.crypto.Certificate.rsa.PSSSignature	11970	5	4	struct	4
std.crypto.Certificate.rsa.PKCS1v1_5Signature	11975	5	4	struct	4
std.crypto.Certificate.rsa.PublicKey	11980	7	4	struct	6
std.crypto.SideChannelsMitigations	11987	5	2	enum	4
std.debug	11994	595	1	ns	53
std.debug.Dwarf	11995	256	2	ns	35
std.debug.Dwarf.expression	11996	49	3	ns	5
std.debug.Dwarf.expression.Context	11997	8	4	struct	7
std.debug.Dwarf.expression.Options	12005	4	4	struct	3
std.debug.Dwarf.expression.StackMachine	12010	7	4	fn	6
std.debug.Dwarf.expression.Builder	12017	28	4	fn	27
std.debug.Dwarf.Unwind	12045	87	3	ns	14
std.debug.Dwarf.Unwind.VirtualMachine	12046	44	4	ns	14
std.debug.Dwarf.Unwind.VirtualMachine.RegisterRule	12047	9	5	union	8
std.debug.Dwarf.Unwind.VirtualMachine.CfaRule	12056	4	5	union	3
std.debug.Dwarf.Unwind.VirtualMachine.Row	12060	4	5	struct	3
std.debug.Dwarf.Unwind.VirtualMachine.Column	12064	3	5	struct	2
std.debug.Dwarf.Unwind.VirtualMachine.Instruction	12076	14	5	union	13
std.debug.Dwarf.Unwind.Section	12093	3	4	enum	2
std.debug.Dwarf.Unwind.EhFrameHeader	12099	9	4	struct	4
std.debug.Dwarf.Unwind.EhFrameHeader.SearchTable	12102	5	5	struct	4
std.debug.Dwarf.Unwind.CommonInformationEntry	12108	17	4	struct	13
std.debug.Dwarf.Unwind.CommonInformationEntry.AugmentationKind	12121	4	5	enum	3
std.debug.Dwarf.Unwind.FrameDescriptionEntry	12125	4	4	struct	3
std.debug.Dwarf.SelfUnwinder	12132	21	3	ns	11
std.debug.Dwarf.SelfUnwinder.CacheEntry	12137	10	4	struct	9
std.debug.Dwarf.Range	12158	4	3	struct	3
std.debug.Dwarf.Section	12162	15	3	struct	3
std.debug.Dwarf.Section.Id	12165	12	4	enum	11
std.debug.Dwarf.Abbrev	12177	5	3	struct	4
std.debug.Dwarf.CompileUnit	12182	25	3	struct	12
std.debug.Dwarf.CompileUnit.SrcLocCache	12194	13	4	struct	7
std.debug.Dwarf.CompileUnit.SrcLocCache.LineEntry	12200	6	5	struct	5
std.debug.Dwarf.FormValue	12207	18	3	union	17
std.debug.Dwarf.Die	12225	5	3	struct	4
std.debug.Pdb	12251	82	2	ns	30
std.debug.Pdb.Module	12261	10	3	struct	9
std.debug.Pdb.InlineSiteSymIterator	12277	5	3	struct	4
std.debug.Pdb.BinaryAnnotation	12282	37	3	union	20
std.debug.Pdb.BinaryAnnotation.RangeKind	12296	3	4	enum	2
std.debug.Pdb.BinaryAnnotation.RangeIterator	12299	12	4	struct	6
std.debug.Pdb.BinaryAnnotation.RangeIterator.Range	12304	6	5	struct	5
std.debug.Pdb.BinaryAnnotation.Iterator	12311	4	4	struct	3
std.debug.Pdb.InlineeSourceLine	12325	3	3	struct	2
std.debug.ElfFile	12333	28	2	ns	18
std.debug.ElfFile.UnwindSection	12345	3	3	struct	2
std.debug.ElfFile.SymtabSection	12348	3	3	struct	2
std.debug.ElfFile.DebugInfoSearchPaths	12351	6	3	struct	5
std.debug.MachOFile	12361	11	2	ns	10
std.debug.Info	12372	8	2	ns	7
std.debug.Coverage	12380	44	2	ns	14
std.debug.Coverage.String	12386	10	3	enum	3
std.debug.Coverage.String.MapContext	12388	4	4	struct	3
std.debug.Coverage.String.SliceAdapter	12392	4	4	struct	3
std.debug.Coverage.SourceLocation	12396	5	3	struct	4
std.debug.Coverage.File	12401	17	3	struct	5
std.debug.Coverage.File.Index	12404	3	4	enum	2
std.debug.Coverage.File.MapContext	12407	4	4	struct	3
std.debug.Coverage.File.SliceAdapter	12411	7	4	struct	4
std.debug.Coverage.File.SliceAdapter.Entry	12413	3	5	struct	2
std.debug.cpu_context	12424	5	2	ns	4
std.debug.simple_panic	12431	27	2	ns	26
std.debug.no_panic	12458	27	2	ns	26
std.debug.FullPanic	12485	27	2	fn	26
std.debug.SourceLocation	12512	5	2	struct	4
std.debug.Symbol	12517	5	2	struct	4
std.debug.StackTrace	12537	3	2	struct	2
std.debug.SkippedAddresses	12540	4	2	enum	3
std.debug.StackUnwindOptions	12544	4	2	struct	3
std.debug.FormatStackTrace	12551	4	2	struct	3
std.debug.ConfigurableTrace	12569	12	2	fn	11
std.debug.SafetyLock	12581	7	2	struct	6
std.dwarf	12589	810	1	ns	18
std.dwarf.TAG	12590	94	2	ns	93
std.dwarf.AT	12684	204	2	ns	203
std.dwarf.OP	12888	193	2	ns	192
std.dwarf.LANG	13081	71	2	ns	70
std.dwarf.FORM	13152	48	2	ns	47
std.dwarf.ATE	13200	38	2	ns	37
std.dwarf.EH	13238	25	2	ns	1
std.dwarf.EH.PE	13239	24	3	struct	6
std.dwarf.EH.PE.Type	13244	11	4	enum	10
std.dwarf.EH.PE.Rel	13255	8	4	enum	7
std.dwarf.Format	13263	3	2	enum	2
std.dwarf.LLE	13266	10	2	struct	9
std.dwarf.CFA	13276	33	2	struct	32
std.dwarf.CHILDREN	13309	3	2	struct	2
std.dwarf.LNS	13312	14	2	struct	13
std.dwarf.LNE	13326	9	2	struct	8
std.dwarf.UT	13335	9	2	struct	8
std.dwarf.LNCT	13344	9	2	struct	8
std.dwarf.RLE	13353	9	2	struct	8
std.dwarf.CC	13362	33	2	enum	32
std.dwarf.ACCESS	13395	4	2	struct	3
std.elf	13399	1642	1	ns	473
std.elf.Versym	13622	5	2	struct	4
std.elf.VER_NDX	13627	7	2	enum	6
std.elf.PT	13718	22	2	enum	21
std.elf.SHT	13740	33	2	enum	32
std.elf.STB	13773	12	2	enum	11
std.elf.STT	13785	21	2	enum	20
std.elf.STV	13806	5	2	enum	4
std.elf.ET	13812	11	2	enum	10
std.elf.Header	13823	24	2	struct	23
std.elf.ProgramHeaderIterator	13847	8	2	struct	7
std.elf.ProgramHeaderBufferIterator	13855	8	2	struct	7
std.elf.SectionHeaderIterator	13864	8	2	struct	7
std.elf.SectionHeaderBufferIterator	13872	8	2	struct	7
std.elf.DynamicSectionIterator	13881	7	2	struct	6
std.elf.DynamicSectionBufferIterator	13888	7	2	struct	6
std.elf.EI	13896	8	2	struct	7
std.elf.Elf32	13917	67	2	struct	9
std.elf.Elf32.Ehdr	13920	15	3	struct	14
std.elf.Elf32.Phdr	13935	9	3	struct	8
std.elf.Elf32.Shdr	13944	11	3	struct	10
std.elf.Elf32.Chdr	13955	4	3	struct	3
std.elf.Elf32.Sym	13959	13	3	struct	8
std.elf.Elf32.Sym.Info	13966	3	4	struct	2
std.elf.Elf32.Sym.Other	13969	3	4	struct	2
std.elf.Elf32.Rel	13972	7	3	struct	4
std.elf.Elf32.Rel.Info	13976	3	4	struct	2
std.elf.Elf32.Rela	13979	5	3	struct	4
std.elf.Elf64	13984	64	2	struct	9
std.elf.Elf64.Ehdr	13987	15	3	struct	14
std.elf.Elf64.Phdr	14002	9	3	struct	8
std.elf.Elf64.Shdr	14011	11	3	struct	10
std.elf.Elf64.Chdr	14022	5	3	struct	4
std.elf.Elf64.Sym	14027	9	3	struct	8
std.elf.Elf64.Rel	14036	7	3	struct	4
std.elf.Elf64.Rel.Info	14040	3	4	struct	2
std.elf.Elf64.Rela	14043	5	3	struct	4
std.elf.Elf32_Ehdr	14059	15	2	struct	14
std.elf.Elf64_Ehdr	14074	15	2	struct	14
std.elf.Elf32_Phdr	14089	9	2	struct	8
std.elf.Elf64_Phdr	14098	9	2	struct	8
std.elf.Elf32_Shdr	14107	11	2	struct	10
std.elf.Elf64_Shdr	14118	11	2	struct	10
std.elf.Elf32_Chdr	14129	4	2	struct	3
std.elf.Elf64_Chdr	14133	5	2	struct	4
std.elf.Elf32_Sym	14138	9	2	struct	8
std.elf.Elf64_Sym	14147	9	2	struct	8
std.elf.Elf32_Syminfo	14156	3	2	struct	2
std.elf.Elf64_Syminfo	14159	3	2	struct	2
std.elf.Elf32_Rel	14162	5	2	struct	4
std.elf.Elf64_Rel	14167	5	2	struct	4
std.elf.Elf32_Rela	14172	6	2	struct	5
std.elf.Elf64_Rela	14178	6	2	struct	5
std.elf.Elf32_Dyn	14186	3	2	struct	2
std.elf.Elf64_Dyn	14189	3	2	struct	2
std.elf.Verdef	14192	8	2	struct	7
std.elf.Verdaux	14200	3	2	struct	2
std.elf.Elf32_Verneed	14203	6	2	struct	5
std.elf.Elf64_Verneed	14209	6	2	struct	5
std.elf.Vernaux	14215	6	2	struct	5
std.elf.Elf32_auxv_t	14221	3	2	struct	2
std.elf.Elf64_auxv_t	14224	3	2	struct	2
std.elf.Elf32_Nhdr	14227	4	2	struct	3
std.elf.Elf64_Nhdr	14231	4	2	struct	3
std.elf.Elf32_Move	14235	6	2	struct	5
std.elf.Elf64_Move	14241	6	2	struct	5
std.elf.Elf32_gptab	14247	3	2	union	2
std.elf.Elf32_RegInfo	14250	4	2	struct	3
std.elf.Elf_Options	14254	5	2	struct	4
std.elf.Elf_Options_Hw	14259	3	2	struct	2
std.elf.Elf32_Lib	14262	6	2	struct	5
std.elf.Elf64_Lib	14268	6	2	struct	5
std.elf.Elf_MIPS_ABIFlags_v0	14275	12	2	struct	11
std.elf.CLASS	14302	7	2	enum	6
std.elf.DATA	14313	6	2	enum	5
std.elf.OSABI	14319	25	2	enum	24
std.elf.EM	14344	236	2	enum	235
std.elf.SHF	14609	16	2	struct	15
std.elf.PF	14630	7	2	struct	6
std.elf.COMPRESS	14645	8	2	enum	7
std.elf.R_X86_64	14653	43	2	enum	42
std.elf.R_AARCH64	14696	135	2	enum	134
std.elf.R_RISCV	14831	61	2	enum	60
std.elf.R_PPC64	14892	114	2	enum	113
std.elf.ar_hdr	15006	17	2	struct	16
std.elf.gnu_hash	15031	10	2	struct	3
std.elf.gnu_hash.Header	15032	5	3	struct	4
std.elf.gnu_hash.ChainEntry	15037	3	3	struct	2
std.enums	15041	128	1	ns	14
std.enums.EnumSet	15050	34	2	fn	31
std.enums.EnumSet().Iterator	15081	3	3	struct	2
std.enums.EnumMap	15084	32	2	fn	26
std.enums.EnumMap().Entry	15109	3	3	struct	2
std.enums.EnumMap().Iterator	15112	4	3	struct	3
std.enums.BoundedEnumMultiset	15117	25	2	fn	24
std.enums.EnumArray	15142	22	2	fn	16
std.enums.EnumArray().Entry	15157	3	3	struct	2
std.enums.EnumArray().Iterator	15160	4	3	struct	3
std.enums.EnumIndexer	15164	5	2	fn	4
std.fmt	15169	105	1	ns	36
std.fmt.float	15170	21	2	ns	13
std.fmt.float.Mode	15174	3	3	enum	2
std.fmt.float.Options	15177	3	3	struct	2
std.fmt.float.FloatDecimal	15181	4	3	fn	3
std.fmt.Alignment	15192	4	2	enum	3
std.fmt.Case	15196	3	2	enum	2
std.fmt.Options	15199	6	2	struct	5
std.fmt.Number	15205	14	2	struct	7
std.fmt.Number.Mode	15212	7	3	enum	6
std.fmt.Placeholder	15219	8	2	struct	7
std.fmt.Specifier	15227	4	2	union	3
std.fmt.Parser	15231	9	2	struct	8
std.fmt.ArgState	15241	6	2	struct	5
std.fmt.Alt	15249	3	2	fn	2
std.fs	15274	94	1	ns	6
std.fs.path	15275	88	2	ns	51
std.fs.path.PathType	15286	5	3	enum	4
std.fs.path.WindowsPath	15302	8	3	struct	4
std.fs.path.WindowsPath.Kind	15306	4	4	enum	3
std.fs.path.WindowsPath2	15313	3	3	fn	2
std.fs.path.ComponentIterator	15333	17	3	fn	14
std.fs.path.ComponentIterator().Component	15339	3	4	struct	2
std.fs.path.Win32PathType	15354	8	3	enum	7
std.gpu	15368	37	1	ns	17
std.gpu.ExecutionMode	15384	20	2	union	9
std.gpu.ExecutionMode.Tag	15392	8	3	enum	7
std.gpu.ExecutionMode.LocalSize	15400	4	3	struct	3
std.hash	15405	173	1	ns	23
std.hash.Adler32	15406	5	2	ns	4
std.hash.crc	15414	119	2	ns	118
std.hash.murmur	15539	22	2	ns	3
std.hash.murmur.Murmur2_32	15540	7	3	struct	6
std.hash.murmur.Murmur2_64	15547	7	3	struct	6
std.hash.murmur.Murmur3_32	15554	7	3	struct	6
std.hash.cityhash	15564	7	2	ns	2
std.hash.cityhash.CityHash32	15565	2	3	struct	1
std.hash.cityhash.CityHash64	15567	4	3	struct	3
std.hash_map	15578	176	1	ns	15
std.hash_map.AutoContext	15583	3	2	fn	2
std.hash_map.StringContext	15588	3	2	struct	2
std.hash_map.StringIndexContext	15593	4	2	struct	3
std.hash_map.StringIndexAdapter	15597	4	2	struct	3
std.hash_map.HashMap	15602	61	2	fn	60
std.hash_map.HashMapUnmanaged	15663	91	2	fn	80
std.hash_map.HashMapUnmanaged().Entry	15671	3	3	struct	2
std.hash_map.HashMapUnmanaged().KV	15674	3	3	struct	2
std.hash_map.HashMapUnmanaged().Iterator	15677	4	3	struct	3
std.hash_map.HashMapUnmanaged().GetOrPutResult	15683	4	3	struct	3
std.heap	15754	125	1	ns	29
std.heap.ArenaAllocator	15755	17	2	ns	9
std.heap.ArenaAllocator.State	15758	5	3	struct	4
std.heap.ArenaAllocator.ResetMode	15767	4	3	union	3
std.heap.SmpAllocator	15772	4	2	ns	3
std.heap.FixedBufferAllocator	15776	14	2	ns	13
std.heap.PageAllocator	15790	5	2	ns	4
std.heap.BrkAllocator	15796	7	2	ns	6
std.heap.DebugAllocatorConfig	15803	12	2	struct	11
std.heap.Check	15816	3	2	enum	2
std.heap.memory_pool	15820	35	2	ns	6
std.heap.memory_pool.Options	15824	3	3	struct	2
std.heap.memory_pool.Extra	15827	14	3	fn	13
std.heap.memory_pool.ExtraManaged	15841	14	3	fn	13
std.heap.StackFallbackAllocator	15868	7	2	fn	6
std.http	15879	464	1	ns	15
std.http.Client	15880	186	2	ns	38
std.http.Client.ConnectionPool	15894	17	3	struct	13
std.http.Client.ConnectionPool.Criteria	15900	4	4	struct	3
std.http.Client.Protocol	15911	5	3	enum	4
std.http.Client.Connection	15916	18	3	struct	17
std.http.Client.Response	15934	22	3	struct	7
std.http.Client.Response.Head	15937	15	4	struct	14
std.http.Client.Request	15956	48	3	struct	28
std.http.Client.Request.TransferEncoding	15974	4	4	union	3
std.http.Client.Request.Headers	15978	11	4	struct	7
std.http.Client.Request.Headers.Value	15985	4	5	union	3
std.http.Client.Request.RedirectBehavior	15989	7	4	enum	6
std.http.Client.Proxy	16004	6	3	struct	5
std.http.Client.basic_authorization	16012	8	3	struct	7
std.http.Client.ConnectTcpOptions	16022	7	3	struct	6
std.http.Client.RequestOptions	16036	9	3	struct	8
std.http.Client.FetchOptions	16046	16	3	struct	13
std.http.Client.FetchOptions.Location	16059	3	4	union	2
std.http.Client.FetchResult	16062	2	3	struct	1
std.http.Server	16066	83	2	ns	7
std.http.Server.Request	16072	46	3	struct	20
std.http.Server.Request.Head	16078	12	4	struct	11
std.http.Server.Request.RespondOptions	16091	7	4	struct	6
std.http.Server.Request.RespondStreamingOptions	16100	3	4	struct	2
std.http.Server.Request.UpgradeRequest	16104	4	4	union	3
std.http.Server.Request.WebSocketOptions	16109	4	4	struct	3
std.http.Server.WebSocket	16118	31	3	struct	14
std.http.Server.WebSocket.Header0	16122	6	4	struct	5
std.http.Server.WebSocket.Header1	16128	3	4	struct	2
std.http.Server.WebSocket.Opcode	16131	8	4	enum	7
std.http.Server.WebSocket.SmallMessage	16140	3	4	struct	2
std.http.HeadParser	16149	10	2	ns	3
std.http.HeadParser.State	16151	7	3	enum	6
std.http.ChunkParser	16159	13	2	ns	5
std.http.ChunkParser.State	16163	8	3	enum	7
std.http.HeaderIterator	16172	6	2	ns	5
std.http.Version	16178	3	2	enum	2
std.http.Method	16181	15	2	enum	14
std.http.Status	16196	72	2	enum	66
std.http.Status.Class	16261	6	3	enum	5
std.http.TransferEncoding	16268	3	2	enum	2
std.http.ContentEncoding	16271	8	2	enum	7
std.http.Connection	16279	3	2	enum	2
std.http.Header	16282	3	2	struct	2
std.http.Reader	16285	26	2	struct	13
std.http.Reader.RemainingChunkLen	16292	7	3	enum	6
std.http.Reader.State	16299	7	3	union	6
std.http.Decompress	16311	5	2	union	4
std.http.BodyWriter	16316	27	2	struct	20
std.http.BodyWriter.State	16321	6	3	union	5
std.http.BodyWriter.EndChunkedOptions	16331	2	3	struct	1
std.json	16343	177	1	ns	30
std.json.Value	16346	14	2	union	13
std.json.Scanner	16361	97	2	ns	40
std.json.Scanner.Token	16395	19	3	union	18
std.json.Scanner.TokenType	16414	11	3	enum	10
std.json.Scanner.Diagnostics	16425	8	3	struct	7
std.json.Scanner.AllocWhen	16433	3	3	enum	2
std.json.Scanner.Reader	16437	20	3	struct	19
std.json.ParseOptions	16468	6	2	struct	5
std.json.Stringify	16485	30	2	ns	24
std.json.Stringify.Options	16505	6	3	struct	5
std.json.Formatter	16516	4	2	fn	3
std.leb	16520	4	1	ns	3
std.log	16524	27	1	ns	15
std.log.Level	16525	6	2	enum	5
std.log.ScopeLevel	16532	3	2	struct	2
std.log.scoped	16540	5	2	fn	4
std.macho	16551	693	1	ns	312
std.macho.vm_prot_t	16554	7	2	struct	6
std.macho.mach_header	16561	8	2	struct	7
std.macho.mach_header_64	16569	9	2	struct	8
std.macho.fat_header	16578	3	2	struct	2
std.macho.fat_arch	16581	6	2	struct	5
std.macho.load_command	16587	3	2	struct	2
std.macho.uuid_command	16590	4	2	struct	3
std.macho.version_min_command	16594	5	2	struct	4
std.macho.source_version_command	16599	4	2	struct	3
std.macho.build_version_command	16603	7	2	struct	6
std.macho.build_tool_version	16610	3	2	struct	2
std.macho.PLATFORM	16613	16	2	enum	15
std.macho.TOOL	16629	7	2	enum	6
std.macho.entry_point_command	16636	5	2	struct	4
std.macho.symtab_command	16641	7	2	struct	6
std.macho.dysymtab_command	16648	21	2	struct	20
std.macho.linkedit_data_command	16669	5	2	struct	4
std.macho.dyld_info_command	16674	13	2	struct	12
std.macho.dylinker_command	16687	4	2	struct	3
std.macho.dylib_command	16691	4	2	struct	3
std.macho.dylib	16695	5	2	struct	4
std.macho.rpath_command	16700	4	2	struct	3
std.macho.segment_command	16704	12	2	struct	11
std.macho.segment_command_64	16716	14	2	struct	13
std.macho.PROT	16730	6	2	struct	5
std.macho.section	16736	12	2	struct	11
std.macho.section_64	16748	23	2	struct	22
std.macho.nlist	16771	6	2	struct	5
std.macho.nlist_64	16777	7	2	struct	6
std.macho.relocation_info	16784	7	2	struct	6
std.macho.LC	16792	56	2	enum	55
std.macho.reloc_type_x86_64	17016	11	2	enum	10
std.macho.reloc_type_arm64	17027	12	2	enum	11
std.macho.CodeDirectory	17103	22	2	struct	21
std.macho.BlobIndex	17125	3	2	struct	2
std.macho.SuperBlob	17128	4	2	struct	3
std.macho.GenericBlob	17132	3	2	struct	2
std.macho.data_in_code_entry	17135	4	2	struct	3
std.macho.LoadCommandIterator	17139	14	2	struct	6
std.macho.LoadCommandIterator.LoadCommand	17143	8	3	struct	7
std.macho.compact_unwind_entry	17154	6	2	struct	5
std.macho.unwind_info_section_header	17161	8	2	struct	7
std.macho.unwind_info_section_header_index_entry	17169	4	2	struct	3
std.macho.unwind_info_section_header_lsda_index_entry	17173	3	2	struct	2
std.macho.unwind_info_regular_second_level_entry	17176	3	2	struct	2
std.macho.UNWIND_SECOND_LEVEL	17179	4	2	enum	3
std.macho.unwind_info_regular_second_level_page_header	17183	4	2	struct	3
std.macho.unwind_info_compressed_second_level_page_header	17187	6	2	struct	5
std.macho.UnwindInfoCompressedEntry	17193	3	2	struct	2
std.macho.UNWIND_X86_64_MODE	17200	6	2	enum	5
std.macho.UNWIND_X86_64_REG	17213	8	2	enum	7
std.macho.UNWIND_ARM64_MODE	17222	5	2	enum	4
std.macho.CompactUnwindEncoding	17238	6	2	struct	5
std.math	17244	396	1	ns	140
std.math.Sign	17258	3	2	enum	2
std.math.complex	17334	35	2	ns	21
std.math.complex.Complex	17355	14	3	fn	13
std.math.big	17370	203	2	ns	7
std.math.big.int	17371	196	3	ns	20
std.math.big.int.TwosCompIntLimit	17385	3	4	enum	2
std.math.big.int.Round	17388	6	4	enum	5
std.math.big.int.Exactness	17394	3	4	enum	2
std.math.big.int.Mutable	17397	56	4	struct	55
std.math.big.int.Const	17453	37	4	struct	36
std.math.big.int.Managed	17490	76	4	struct	75
std.math.Order	17615	7	2	enum	6
std.math.CompareOperator	17623	8	2	enum	7
std.math.F80	17634	5	2	struct	4
std.mem	17640	250	1	ns	153
std.mem.Allocator	17642	35	2	ns	30
std.mem.Allocator.VTable	17647	5	3	struct	4
std.mem.Alignment	17677	20	2	enum	19
std.mem.ValidationAllocator	17697	9	2	fn	8
std.mem.WindowIterator	17788	7	2	fn	6
std.mem.DelimiterType	17803	4	2	enum	3
std.mem.TokenIterator	17807	8	2	fn	7
std.mem.SplitIterator	17815	9	2	fn	8
std.mem.SplitBackwardsIterator	17824	8	2	fn	7
std.mem.ReverseIterator	17848	5	2	fn	4
std.meta	17890	29	1	ns	28
std.os	17919	23040	1	ns	6
std.os.linux	17920	13190	2	ns	806
std.os.linux.tls	17948	5	3	ns	4
std.os.linux.BPF	17953	839	3	ns	114
std.os.linux.BPF.btf	17954	93	4	ns	20
std.os.linux.BPF.btf.ext	17957	13	5	ns	2
std.os.linux.BPF.btf.ext.Header	17958	9	6	struct	8
std.os.linux.BPF.btf.ext.InfoSec	17967	3	6	struct	2
std.os.linux.BPF.btf.Header	17970	9	5	struct	8
std.os.linux.BPF.btf.Type	17982	4	5	struct	3
std.os.linux.BPF.btf.Kind	17986	21	5	enum	20
std.os.linux.BPF.btf.IntInfo	18007	6	5	struct	5
std.os.linux.BPF.btf.Enum	18013	3	5	struct	2
std.os.linux.BPF.btf.Enum64	18016	4	5	struct	3
std.os.linux.BPF.btf.Array	18020	4	5	struct	3
std.os.linux.BPF.btf.Member	18024	4	5	struct	3
std.os.linux.BPF.btf.Param	18028	3	5	struct	2
std.os.linux.BPF.btf.VarLinkage	18031	4	5	enum	3
std.os.linux.BPF.btf.FuncLinkage	18035	4	5	enum	3
std.os.linux.BPF.btf.Var	18039	2	5	struct	1
std.os.linux.BPF.btf.VarSecInfo	18041	4	5	struct	3
std.os.linux.BPF.btf.DeclTag	18045	2	5	struct	1
std.os.linux.BPF.kern	18047	43	4	ns	42
std.os.linux.BPF.Helper	18171	214	4	enum	213
std.os.linux.BPF.Insn	18385	91	4	struct	50
std.os.linux.BPF.Insn.Reg	18391	12	5	enum	11
std.os.linux.BPF.Insn.AluOp	18403	14	5	enum	13
std.os.linux.BPF.Insn.Size	18417	5	5	enum	4
std.os.linux.BPF.Insn.JmpOp	18422	13	5	enum	12
std.os.linux.BPF.Cmd	18476	37	4	enum	36
std.os.linux.BPF.MapType	18513	36	4	enum	35
std.os.linux.BPF.ProgType	18549	35	4	enum	34
std.os.linux.BPF.AttachType	18584	59	4	enum	58
std.os.linux.BPF.MapCreateAttr	18643	14	4	struct	13
std.os.linux.BPF.MapElemAttr	18657	5	4	struct	4
std.os.linux.BPF.MapBatchAttr	18662	9	4	struct	8
std.os.linux.BPF.ProgLoadAttr	18671	22	4	struct	21
std.os.linux.BPF.ObjAttr	18693	4	4	struct	3
std.os.linux.BPF.ProgAttachAttr	18697	6	4	struct	5
std.os.linux.BPF.TestRunAttr	18703	13	4	struct	12
std.os.linux.BPF.GetIdAttr	18716	4	4	struct	3
std.os.linux.BPF.InfoAttr	18720	4	4	struct	3
std.os.linux.BPF.QueryAttr	18724	7	4	struct	6
std.os.linux.BPF.RawTracepointAttr	18731	3	4	struct	2
std.os.linux.BPF.BtfLoadAttr	18734	6	4	struct	5
std.os.linux.BPF.TaskFdQueryAttr	18740	10	4	struct	9
std.os.linux.BPF.LinkCreateAttr	18750	5	4	struct	4
std.os.linux.BPF.LinkUpdateAttr	18755	5	4	struct	4
std.os.linux.BPF.EnableStatsAttr	18760	2	4	struct	1
std.os.linux.BPF.IterCreateAttr	18762	3	4	struct	2
std.os.linux.BPF.Attr	18765	18	4	union	17
std.os.linux.BPF.Log	18783	3	4	struct	2
std.os.linux.IOCTL	18792	10	3	ns	5
std.os.linux.IOCTL.Request	18793	5	4	struct	4
std.os.linux.SECCOMP	18802	67	3	ns	15
std.os.linux.SECCOMP.MODE	18803	4	4	struct	3
std.os.linux.SECCOMP.FILTER_FLAG	18811	6	4	struct	5
std.os.linux.SECCOMP.RET	18817	13	4	struct	12
std.os.linux.SECCOMP.IOCTL_NOTIF	18830	5	4	struct	4
std.os.linux.SECCOMP.ADDFD_FLAG	18836	3	4	struct	2
std.os.linux.SECCOMP.data	18839	10	4	struct	9
std.os.linux.SECCOMP.notif_sizes	18849	4	4	struct	3
std.os.linux.SECCOMP.notif	18853	5	4	struct	4
std.os.linux.SECCOMP.notif_resp	18858	5	4	struct	4
std.os.linux.SECCOMP.notif_addfd	18863	6	4	struct	5
std.os.linux.syscalls	18869	8806	3	ns	23
std.os.linux.syscalls.X86	18870	461	4	enum	460
std.os.linux.syscalls.X64	19331	385	4	enum	384
std.os.linux.syscalls.X32	19716	374	4	enum	373
std.os.linux.syscalls.Arm	20090	430	4	enum	429
std.os.linux.syscalls.Sparc	20520	440	4	enum	439
std.os.linux.syscalls.Sparc64	20960	403	4	enum	402
std.os.linux.syscalls.M68k	21363	443	4	enum	442
std.os.linux.syscalls.MipsO32	21806	437	4	enum	436
std.os.linux.syscalls.MipsN64	22243	373	4	enum	372
std.os.linux.syscalls.MipsN32	22616	397	4	enum	396
std.os.linux.syscalls.PowerPC	23013	452	4	enum	451
std.os.linux.syscalls.PowerPC64	23465	424	4	enum	423
std.os.linux.syscalls.S390x	23889	390	4	enum	389
std.os.linux.syscalls.Xtensa	24279	394	4	enum	393
std.os.linux.syscalls.Arm64	24673	327	4	enum	326
std.os.linux.syscalls.RiscV32	25000	318	4	enum	317
std.os.linux.syscalls.RiscV64	25318	328	4	enum	327
std.os.linux.syscalls.LoongArch32	25646	315	4	enum	314
std.os.linux.syscalls.LoongArch64	25961	323	4	enum	322
std.os.linux.syscalls.Arc	26284	351	4	enum	350
std.os.linux.syscalls.CSky	26635	347	4	enum	346
std.os.linux.syscalls.Hexagon	26982	346	4	enum	345
std.os.linux.syscalls.OpenRisc	27328	347	4	enum	346
std.os.linux.MAP_TYPE	27676	5	3	enum	4
std.os.linux.MREMAP	27682	5	3	struct	4
std.os.linux.RENAME	27688	5	3	struct	4
std.os.linux.EXECVEAT	27704	6	3	struct	5
std.os.linux.futex_param4	27716	3	3	union	2
std.os.linux.MOVE_MOUNT	27744	11	3	struct	10
std.os.linux.MOUNT_ATTR	27756	14	3	struct	13
std.os.linux.FSOPEN	27771	3	3	struct	2
std.os.linux.FSCONFIG_CMD	27775	9	3	enum	8
std.os.linux.FSMOUNT	27785	3	3	struct	2
std.os.linux.FSPICK	27789	6	3	struct	5
std.os.linux.MSF	27800	4	3	struct	3
std.os.linux.MLOCK	27809	3	3	struct	2
std.os.linux.CLOSE_RANGE	27847	4	3	struct	3
std.os.linux.LINUX_REBOOT	27864	20	3	struct	3
std.os.linux.LINUX_REBOOT.MAGIC1	27865	3	4	enum	2
std.os.linux.LINUX_REBOOT.MAGIC2	27868	6	4	enum	5
std.os.linux.LINUX_REBOOT.CMD	27874	10	4	enum	9
std.os.linux.F	27896	44	3	struct	43
std.os.linux.F_OWNER	27940	5	3	enum	4
std.os.linux.f_owner_ex	27945	3	3	struct	2
std.os.linux.Flock	27948	7	3	struct	6
std.os.linux.sched_param	28032	2	3	struct	1
std.os.linux.SCHED	28034	12	3	struct	5
std.os.linux.SCHED.Mode	28035	7	4	enum	6
std.os.linux.sched_attr	28053	9	3	struct	8
std.os.linux.itimerspec	28075	3	3	struct	2
std.os.linux.ITIMER	28080	4	3	enum	3
std.os.linux.AT	28143	13	3	struct	12
std.os.linux.FALLOC	28156	8	3	struct	7
std.os.linux.FUTEX_COMMAND	28164	14	3	enum	13
std.os.linux.FUTEX_OP	28178	5	3	struct	4
std.os.linux.FUTEX_WAKE_OP	28183	6	3	struct	5
std.os.linux.FUTEX_WAKE_OP_CMD	28189	6	3	enum	5
std.os.linux.FUTEX_WAKE_OP_CMP	28195	7	3	enum	6
std.os.linux.FUTEX2_SIZE	28203	5	3	enum	4
std.os.linux.FUTEX2_FLAGS_WAITV	28208	2	3	struct	1
std.os.linux.FUTEX2_FLAGS_REQUEUE	28210	2	3	struct	1
std.os.linux.FUTEX2_FLAGS	28212	6	3	struct	5
std.os.linux.W	28224	13	3	struct	12
std.os.linux.P	28237	6	3	enum	5
std.os.linux.RWF	28246	6	3	struct	5
std.os.linux.SEEK	28252	4	3	struct	3
std.os.linux.SHUT	28256	4	3	struct	3
std.os.linux.SOCK	28260	10	3	struct	9
std.os.linux.TCP	28270	41	3	struct	40
std.os.linux.UDP	28311	7	3	struct	6
std.os.linux.UDP_ENCAP	28318	7	3	struct	6
std.os.linux.PF	28325	50	3	struct	49
std.os.linux.AF	28375	50	3	struct	49
std.os.linux.SCM	28426	9	3	struct	8
std.os.linux.SOL	28435	29	3	struct	28
std.os.linux.IP	28465	50	3	struct	49
std.os.linux.IPV6	28515	68	3	struct	67
std.os.linux.IPTOS	28583	17	3	struct	16
std.os.linux.linger	28600	3	3	struct	2
std.os.linux.in_pktinfo	28603	4	3	struct	3
std.os.linux.in6_pktinfo	28607	3	3	struct	2
std.os.linux.ETH	28610	112	3	struct	10
std.os.linux.ETH.P	28620	102	4	struct	101
std.os.linux.MSG	28722	22	3	struct	21
std.os.linux.DT	28744	10	3	struct	9
std.os.linux.serial_rs485	28755	5	3	struct	4
std.os.linux.serial_iso7816	28760	7	3	struct	6
std.os.linux.SER	28767	14	3	struct	2
std.os.linux.SER.RS485	28768	9	4	struct	8
std.os.linux.SER.ISO7816	28777	4	4	struct	3
std.os.linux.EPOLL	28781	20	3	struct	19
std.os.linux.clockid_t	28802	12	3	enum	11
std.os.linux.timerfd_clockid_t	28815	7	3	enum	6
std.os.linux.TIMER	28822	3	3	struct	2
std.os.linux.CLONE	28826	28	3	struct	27
std.os.linux.EFD	28854	4	3	struct	3
std.os.linux.MS	28858	33	3	struct	32
std.os.linux.MNT	28891	4	3	struct	3
std.os.linux.IN	28896	28	3	struct	27
std.os.linux.fanotify	28924	84	3	struct	8
std.os.linux.fanotify.InitFlags	28925	14	4	struct	13
std.os.linux.fanotify.MarkFlags	28939	13	4	struct	12
std.os.linux.fanotify.MarkMask	28952	26	4	struct	25
std.os.linux.fanotify.event_metadata	28978	9	4	struct	8
std.os.linux.fanotify.response	28987	3	4	struct	2
std.os.linux.fanotify.event_info_fid	28990	4	4	struct	3
std.os.linux.fanotify.event_info_header	28994	4	4	struct	3
std.os.linux.fanotify.EVENT_INFO_TYPE	28998	10	4	enum	9
std.os.linux.file_handle	29008	4	3	struct	3
std.os.linux.S	29014	31	3	struct	30
std.os.linux.Sigaction	29047	6	3	struct	5
std.os.linux.SFD	29053	3	3	struct	2
std.os.linux.signalfd_siginfo	29056	23	3	struct	22
std.os.linux.sockaddr	29082	47	3	struct	11
std.os.linux.sockaddr.storage	29086	3	4	struct	2
std.os.linux.sockaddr.in	29089	5	4	struct	4
std.os.linux.sockaddr.in6	29094	6	4	struct	5
std.os.linux.sockaddr.un	29100	3	4	struct	2
std.os.linux.sockaddr.ll	29103	8	4	struct	7
std.os.linux.sockaddr.nl	29111	5	4	struct	4
std.os.linux.sockaddr.xdp	29116	6	4	struct	5
std.os.linux.sockaddr.vm	29122	7	4	struct	6
std.os.linux.mmsghdr	29129	3	3	struct	2
std.os.linux.epoll_data	29132	5	3	union	4
std.os.linux.epoll_event	29137	3	3	struct	2
std.os.linux.vfs_cap_data	29153	3	3	struct	2
std.os.linux.CAP	29156	46	3	struct	45
std.os.linux.cap_t	29202	3	3	struct	2
std.os.linux.cap_user_header_t	29205	3	3	struct	2
std.os.linux.cap_user_data_t	29208	4	3	struct	3
std.os.linux.inotify_event	29212	6	3	struct	5
std.os.linux.dirent64	29218	6	3	struct	5
std.os.linux.dl_phdr_info	29224	5	3	struct	4
std.os.linux.SS	29235	4	3	struct	3
std.os.linux.sigval	29240	3	3	union	2
std.os.linux.CLD	29243	8	3	enum	7
std.os.linux.io_uring_sqe	29269	73	3	struct	72
std.os.linux.IoUring	29342	136	3	ns	96
std.os.linux.IoUring.ReadBuffer	29366	4	4	union	3
std.os.linux.IoUring.RecvBuffer	29382	3	4	union	2
std.os.linux.IoUring.SubmissionQueue	29435	14	4	struct	13
std.os.linux.IoUring.CompletionQueue	29449	8	4	struct	7
std.os.linux.IoUring.BufferGroup	29457	15	4	struct	14
std.os.linux.IOSQE_BIT	29479	9	3	enum	8
std.os.linux.IORING_OP	29495	61	3	enum	60
std.os.linux.IORING_MSG_RING_COMMAND	29582	4	3	enum	3
std.os.linux.io_uring_cqe	29588	6	3	struct	5
std.os.linux.io_sqring_offsets	29605	10	3	struct	9
std.os.linux.io_cqring_offsets	29618	10	3	struct	9
std.os.linux.io_uring_params	29634	11	3	struct	10
std.os.linux.IORING_REGISTER	29658	38	3	enum	37
std.os.linux.IOWQ_CATEGORIES	29696	3	3	enum	2
std.os.linux.io_uring_files_update	29699	4	3	struct	3
std.os.linux.io_uring_rsrc_register	29704	6	3	struct	5
std.os.linux.io_uring_rsrc_update	29710	4	3	struct	3
std.os.linux.io_uring_rsrc_update2	29714	7	3	struct	6
std.os.linux.io_uring_notification_slot	29721	3	3	struct	2
std.os.linux.io_uring_notification_register	29724	6	3	struct	5
std.os.linux.io_uring_napi	29730	5	3	struct	4
std.os.linux.io_uring_probe_op	29737	6	3	struct	5
std.os.linux.io_uring_probe	29743	7	3	struct	6
std.os.linux.io_uring_restriction	29750	5	3	struct	4
std.os.linux.IORING_RESTRICTION	29755	6	3	enum	5
std.os.linux.IO_URING_SOCKET_OP	29761	5	3	enum	4
std.os.linux.io_uring_buf	29766	5	3	struct	4
std.os.linux.io_uring_buf_ring	29771	5	3	struct	4
std.os.linux.io_uring_buf_reg	29776	10	3	struct	6
std.os.linux.io_uring_buf_reg.Flags	29782	4	4	struct	3
std.os.linux.io_uring_getevents_arg	29786	5	3	struct	4
std.os.linux.io_uring_sync_cancel_reg	29791	6	3	struct	5
std.os.linux.io_uring_file_index_range	29797	4	3	struct	3
std.os.linux.io_uring_recvmsg_out	29801	5	3	struct	4
std.os.linux.utsname	29806	7	3	struct	6
std.os.linux.STATX	29814	22	3	struct	21
std.os.linux.STATX_ATTR	29836	14	3	struct	13
std.os.linux.statx_timestamp	29850	4	3	struct	3
std.os.linux.Statx	29854	32	3	struct	31
std.os.linux.addrinfo	29886	9	3	struct	8
std.os.linux.AI	29895	10	3	struct	9
std.os.linux.IPPROTO	29906	34	3	struct	33
std.os.linux.tcp_repair_opt	29940	3	3	struct	2
std.os.linux.tcp_repair_window	29943	6	3	struct	5
std.os.linux.TcpRepairOption	29949	5	3	enum	4
std.os.linux.tcp_fastopen_client_fail	29954	5	3	enum	4
std.os.linux.pollfd	29966	4	3	struct	3
std.os.linux.POLL	29970	9	3	struct	8
std.os.linux.MFD	29993	19	3	struct	18
std.os.linux.rusage	30012	21	3	struct	20
std.os.linux.CRDLY	30039	5	3	enum	4
std.os.linux.TABDLY	30044	6	3	enum	5
std.os.linux.BSDLY	30050	3	3	enum	2
std.os.linux.VTDLY	30053	3	3	enum	2
std.os.linux.FFDLY	30056	3	3	enum	2
std.os.linux.CSIZE	30060	5	3	enum	4
std.os.linux.termio	30073	7	3	struct	6
std.os.linux.IFF	30166	11	3	struct	10
std.os.linux.ifmap	30177	7	3	struct	6
std.os.linux.ifreq	30184	3	3	struct	2
std.os.linux.PACKET	30187	44	3	struct	43
std.os.linux.tpacket_versions	30231	4	3	enum	3
std.os.linux.tpacket_req3	30235	8	3	struct	7
std.os.linux.tpacket_bd_ts	30243	3	3	struct	2
std.os.linux.TP_STATUS	30246	3	3	union	2
std.os.linux.tpacket_hdr_v1	30249	8	3	struct	7
std.os.linux.tpacket_bd_header_u	30257	2	3	union	1
std.os.linux.tpacket_block_desc	30259	4	3	struct	3
std.os.linux.tpacket_hdr_variant1	30263	5	3	struct	4
std.os.linux.tpacket3_hdr	30268	11	3	struct	10
std.os.linux.tpacket_stats_v3	30279	4	3	struct	3
std.os.linux.RLIM	30285	4	3	struct	3
std.os.linux.rlimit	30289	3	3	struct	2
std.os.linux.MADV	30292	22	3	struct	21
std.os.linux.timeval	30315	3	3	struct	2
std.os.linux.timezone	30318	3	3	struct	2
std.os.linux.kernel_timespec	30321	5	3	struct	4
std.os.linux.UTIME	30326	3	3	struct	2
std.os.linux.XDP	30330	19	3	struct	18
std.os.linux.xdp_ring_offset	30349	5	3	struct	4
std.os.linux.xdp_mmap_offsets	30354	5	3	struct	4
std.os.linux.xdp_umem_reg	30359	6	3	struct	5
std.os.linux.xdp_statistics	30365	7	3	struct	6
std.os.linux.xdp_options	30372	2	3	struct	1
std.os.linux.xdp_desc	30376	4	3	struct	3
std.os.linux.PR	30399	109	3	enum	108
std.os.linux.prctl_mm_map	30508	15	3	struct	14
std.os.linux.NETLINK	30523	23	3	struct	22
std.os.linux.NetlinkMessageType	30563	65	3	enum	64
std.os.linux.nlmsghdr	30628	6	3	struct	5
std.os.linux.ifinfomsg	30634	7	3	struct	6
std.os.linux.rtattr	30641	4	3	struct	3
std.os.linux.IFA	30645	14	3	enum	13
std.os.linux.IFLA	30659	55	3	enum	54
std.os.linux.rtnl_link_ifmap	30714	7	3	struct	6
std.os.linux.rtnl_link_stats	30721	25	3	struct	24
std.os.linux.rtnl_link_stats64	30746	25	3	struct	24
std.os.linux.perf_event_attr	30771	24	3	struct	23
std.os.linux.perf_event_header	30795	4	3	struct	3
std.os.linux.perf_event_mmap_page	30799	27	3	struct	26
std.os.linux.PERF	30826	136	3	struct	7
std.os.linux.PERF.TYPE	30827	9	4	enum	8
std.os.linux.PERF.COUNT	30836	44	4	struct	2
std.os.linux.PERF.COUNT.HW	30837	30	5	enum	12
std.os.linux.PERF.COUNT.HW.CACHE	30849	18	6	enum	10
std.os.linux.PERF.COUNT.HW.CACHE.OP	30858	5	7	enum	4
std.os.linux.PERF.COUNT.HW.CACHE.RESULT	30863	4	7	enum	3
std.os.linux.PERF.COUNT.SW	30867	13	5	enum	12
std.os.linux.PERF.SAMPLE	30880	41	4	struct	22
std.os.linux.PERF.SAMPLE.BRANCH	30902	19	5	struct	18
std.os.linux.PERF.RECORD	30921	22	4	enum	21
std.os.linux.PERF.FLAG	30943	5	4	struct	4
std.os.linux.PERF.EVENT_IOC	30948	13	4	struct	12
std.os.linux.AUDIT	30962	56	3	struct	1
std.os.linux.AUDIT.ARCH	30963	55	4	enum	54
std.os.linux.PTRACE	31018	56	3	struct	36
std.os.linux.PTRACE.EVENT	31053	9	4	struct	8
std.os.linux.PTRACE.O	31062	12	4	struct	11
std.os.linux.futex2_waitone	31074	5	3	struct	4
std.os.linux.cache_stat_range	31079	3	3	struct	2
std.os.linux.cache_stat	31082	6	3	struct	5
std.os.linux.SHADOW_STACK	31088	2	3	struct	1
std.os.linux.msghdr	31090	8	3	struct	7
std.os.linux.msghdr_const	31098	8	3	struct	7
std.os.linux.cmsghdr	31106	4	3	struct	3
std.os.plan9	31110	210	2	ns	39
std.os.plan9.E	31117	72	3	enum	71
std.os.plan9.Tos	31193	7	3	struct	6
std.os.plan9.SIG	31202	21	3	struct	20
std.os.plan9.Sigaction	31225	6	3	struct	5
std.os.plan9.AT	31231	2	3	struct	1
std.os.plan9.SYS	31235	53	3	enum	52
std.os.plan9.AccessMode	31300	5	3	enum	4
std.os.plan9.O	31305	9	3	struct	8
std.os.plan9.ExecData	31314	4	3	struct	3
std.os.uefi	31320	1944	2	ns	27
std.os.uefi.protocol	31321	943	3	ns	25
std.os.uefi.protocol.LoadedImage	31323	18	4	struct	17
std.os.uefi.protocol.DevicePath	31341	11	4	struct	10
std.os.uefi.protocol.Rng	31352	14	4	struct	13
std.os.uefi.protocol.ShellParameters	31366	7	4	struct	6
std.os.uefi.protocol.SimpleFileSystem	31373	6	4	struct	5
std.os.uefi.protocol.File	31379	77	4	struct	34
std.os.uefi.protocol.File.OpenMode	31411	9	5	enum	4
std.os.uefi.protocol.File.OpenMode.Bits	31412	5	6	struct	4
std.os.uefi.protocol.File.Attributes	31420	8	5	struct	7
std.os.uefi.protocol.File.Info	31428	28	5	union	6
std.os.uefi.protocol.File.Info.File	31432	11	6	struct	10
std.os.uefi.protocol.File.Info.FileSystem	31443	9	6	struct	8
std.os.uefi.protocol.File.Info.VolumeLabel	31452	4	6	struct	3
std.os.uefi.protocol.BlockIo	31456	29	4	struct	16
std.os.uefi.protocol.BlockIo.BlockMedia	31472	13	5	struct	12
std.os.uefi.protocol.SimpleTextInput	31485	10	4	struct	9
std.os.uefi.protocol.SimpleTextInputEx	31495	47	4	struct	18
std.os.uefi.protocol.SimpleTextInputEx.Key	31513	29	5	struct	4
std.os.uefi.protocol.SimpleTextInputEx.Key.State	31516	23	6	struct	4
std.os.uefi.protocol.SimpleTextInputEx.Key.State.Shift	31519	13	7	struct	12
std.os.uefi.protocol.SimpleTextInputEx.Key.State.Toggle	31532	7	7	struct	6
std.os.uefi.protocol.SimpleTextInputEx.Key.Input	31539	3	6	struct	2
std.os.uefi.protocol.SimpleTextOutput	31542	116	4	struct	79
std.os.uefi.protocol.SimpleTextOutput.Attribute	31619	29	5	struct	4
std.os.uefi.protocol.SimpleTextOutput.Attribute.ForegroundColor	31622	17	6	enum	16
std.os.uefi.protocol.SimpleTextOutput.Attribute.BackgroundColor	31639	9	6	enum	8
std.os.uefi.protocol.SimpleTextOutput.Mode	31648	7	5	struct	6
std.os.uefi.protocol.SimpleTextOutput.Geometry	31655	3	5	struct	2
std.os.uefi.protocol.SimplePointer	31658	22	4	struct	11
std.os.uefi.protocol.SimplePointer.Mode	31668	6	5	struct	5
std.os.uefi.protocol.SimplePointer.State	31674	6	5	struct	5
std.os.uefi.protocol.AbsolutePointer	31680	31	4	struct	11
std.os.uefi.protocol.AbsolutePointer.Mode	31690	12	5	struct	8
std.os.uefi.protocol.AbsolutePointer.Mode.Attributes	31698	4	6	struct	3
std.os.uefi.protocol.AbsolutePointer.State	31702	9	5	struct	5
std.os.uefi.protocol.AbsolutePointer.State.ActiveButtons	31707	4	6	struct	3
std.os.uefi.protocol.SerialIo	31711	43	4	struct	25
std.os.uefi.protocol.SerialIo.ParityType	31734	7	5	enum	6
std.os.uefi.protocol.SerialIo.StopBitsType	31741	5	5	enum	4
std.os.uefi.protocol.SerialIo.Mode	31746	8	5	struct	7
std.os.uefi.protocol.GraphicsOutput	31754	47	4	struct	16
std.os.uefi.protocol.GraphicsOutput.Mode	31766	14	5	struct	7
std.os.uefi.protocol.GraphicsOutput.Mode.Info	31773	7	6	struct	6
std.os.uefi.protocol.GraphicsOutput.PixelFormat	31780	5	5	enum	4
std.os.uefi.protocol.GraphicsOutput.PixelBitmask	31785	5	5	struct	4
std.os.uefi.protocol.GraphicsOutput.BltPixel	31790	5	5	struct	4
std.os.uefi.protocol.GraphicsOutput.BltOperation	31795	6	5	enum	5
std.os.uefi.protocol.edid	31801	21	4	ns	3
std.os.uefi.protocol.edid.Active	31802	4	5	struct	3
std.os.uefi.protocol.edid.Discovered	31806	4	5	struct	3
std.os.uefi.protocol.edid.Override	31810	12	5	struct	6
std.os.uefi.protocol.edid.Override.Edid	31815	3	6	struct	2
std.os.uefi.protocol.edid.Override.Attributes	31818	4	6	struct	3
std.os.uefi.protocol.SimpleNetwork	31822	119	4	struct	52
std.os.uefi.protocol.SimpleNetwork.NvDataOperation	31867	3	5	enum	2
std.os.uefi.protocol.SimpleNetwork.Mode	31871	20	5	struct	19
std.os.uefi.protocol.SimpleNetwork.ReceiveFilter	31891	7	5	struct	6
std.os.uefi.protocol.SimpleNetwork.State	31898	4	5	enum	3
std.os.uefi.protocol.SimpleNetwork.Statistics	31902	27	5	struct	26
std.os.uefi.protocol.SimpleNetwork.InterruptStatus	31929	6	5	struct	5
std.os.uefi.protocol.SimpleNetwork.Packet	31935	6	5	struct	5
std.os.uefi.protocol.ManagedNetwork	31941	76	4	struct	32
std.os.uefi.protocol.ManagedNetwork.GetModeDataData	31958	3	5	struct	2
std.os.uefi.protocol.ManagedNetwork.ServiceBinding	31970	6	5	struct	5
std.os.uefi.protocol.ManagedNetwork.Config	31976	11	5	struct	10
std.os.uefi.protocol.ManagedNetwork.CompletionToken	31987	4	5	struct	3
std.os.uefi.protocol.ManagedNetwork.ReceiveData	31991	15	5	struct	14
std.os.uefi.protocol.ManagedNetwork.TransmitData	32006	8	5	struct	7
std.os.uefi.protocol.ManagedNetwork.Fragment	32014	3	5	struct	2
std.os.uefi.protocol.Ip6	32018	95	4	struct	42
std.os.uefi.protocol.Ip6.ModeData	32037	4	5	struct	3
std.os.uefi.protocol.Ip6.DeleteFlag	32053	3	5	enum	2
std.os.uefi.protocol.Ip6.JoinFlag	32056	3	5	enum	2
std.os.uefi.protocol.Ip6.Mode	32059	17	5	struct	16
std.os.uefi.protocol.Ip6.Config	32076	12	5	struct	11
std.os.uefi.protocol.Ip6.AddressInfo	32089	3	5	struct	2
std.os.uefi.protocol.Ip6.RouteTable	32092	4	5	struct	3
std.os.uefi.protocol.Ip6.NeighborState	32096	6	5	enum	5
std.os.uefi.protocol.Ip6.NeighborCache	32102	4	5	struct	3
std.os.uefi.protocol.Ip6.IcmpType	32106	3	5	struct	2
std.os.uefi.protocol.Ip6.CompletionToken	32109	4	5	struct	3
std.os.uefi.protocol.Ip6Config	32113	42	4	struct	19
std.os.uefi.protocol.Ip6Config.DataType	32127	8	5	union	7
std.os.uefi.protocol.Ip6Config.InterfaceInfo	32135	9	5	struct	8
std.os.uefi.protocol.Ip6Config.InterfaceId	32144	2	5	struct	1
std.os.uefi.protocol.Ip6Config.Policy	32146	3	5	enum	2
std.os.uefi.protocol.Ip6Config.DupAddrDetectTransmits	32149	2	5	struct	1
std.os.uefi.protocol.Ip6Config.ManualAddress	32151	4	5	struct	3
std.os.uefi.protocol.Udp6	32156	67	4	struct	30
std.os.uefi.protocol.Udp6.JoinFlag	32179	3	5	enum	2
std.os.uefi.protocol.Udp6.ModeData	32182	5	5	struct	4
std.os.uefi.protocol.Udp6.Config	32187	12	5	struct	11
std.os.uefi.protocol.Udp6.CompletionToken	32199	4	5	struct	3
std.os.uefi.protocol.Udp6.ReceiveData	32203	7	5	struct	6
std.os.uefi.protocol.Udp6.TransmitData	32210	5	5	struct	4
std.os.uefi.protocol.Udp6.SessionData	32215	5	5	struct	4
std.os.uefi.protocol.Udp6.Fragment	32220	3	5	struct	2
std.os.uefi.protocol.HiiDatabase	32223	21	4	struct	20
std.os.uefi.protocol.HiiPopup	32244	20	4	struct	8
std.os.uefi.protocol.HiiPopup.PopupStyle	32250	4	5	enum	3
std.os.uefi.protocol.HiiPopup.PopupType	32254	5	5	enum	4
std.os.uefi.protocol.HiiPopup.PopupSelection	32259	5	5	enum	4
std.os.uefi.DevicePath	32264	411	3	union	13
std.os.uefi.DevicePath.Type	32271	8	4	enum	7
std.os.uefi.DevicePath.Hardware	32279	49	4	union	13
std.os.uefi.DevicePath.Hardware.Subtype	32286	8	5	enum	7
std.os.uefi.DevicePath.Hardware.PciDevicePath	32294	6	5	struct	5
std.os.uefi.DevicePath.Hardware.PcCardDevicePath	32300	5	5	struct	4
std.os.uefi.DevicePath.Hardware.MemoryMappedDevicePath	32305	7	5	struct	6
std.os.uefi.DevicePath.Hardware.VendorDevicePath	32312	5	5	struct	4
std.os.uefi.DevicePath.Hardware.ControllerDevicePath	32317	5	5	struct	4
std.os.uefi.DevicePath.Hardware.BmcDevicePath	32322	6	5	struct	5
std.os.uefi.DevicePath.Acpi	32328	28	4	union	7
std.os.uefi.DevicePath.Acpi.Subtype	32332	5	5	enum	4
std.os.uefi.DevicePath.Acpi.BaseAcpiDevicePath	32337	6	5	struct	5
std.os.uefi.DevicePath.Acpi.ExpandedAcpiDevicePath	32343	7	5	struct	6
std.os.uefi.DevicePath.Acpi.AdrDevicePath	32350	6	5	struct	5
std.os.uefi.DevicePath.Messaging	32356	207	4	union	37
std.os.uefi.DevicePath.Messaging.Subtype	32375	20	5	enum	19
std.os.uefi.DevicePath.Messaging.AtapiDevicePath	32395	13	5	struct	8
std.os.uefi.DevicePath.Messaging.AtapiDevicePath.Role	32396	3	6	enum	2
std.os.uefi.DevicePath.Messaging.AtapiDevicePath.Rank	32399	3	6	enum	2
std.os.uefi.DevicePath.Messaging.ScsiDevicePath	32408	6	5	struct	5
std.os.uefi.DevicePath.Messaging.FibreChannelDevicePath	32414	7	5	struct	6
std.os.uefi.DevicePath.Messaging.FibreChannelExDevicePath	32421	7	5	struct	6
std.os.uefi.DevicePath.Messaging.F1394DevicePath	32428	6	5	struct	5
std.os.uefi.DevicePath.Messaging.UsbDevicePath	32434	6	5	struct	5
std.os.uefi.DevicePath.Messaging.SataDevicePath	32440	7	5	struct	6
std.os.uefi.DevicePath.Messaging.UsbWwidDevicePath	32447	8	5	struct	7
std.os.uefi.DevicePath.Messaging.DeviceLogicalUnitDevicePath	32455	5	5	struct	4
std.os.uefi.DevicePath.Messaging.UsbClassDevicePath	32460	9	5	struct	8
std.os.uefi.DevicePath.Messaging.I2oDevicePath	32469	5	5	struct	4
std.os.uefi.DevicePath.Messaging.MacAddressDevicePath	32474	6	5	struct	5
std.os.uefi.DevicePath.Messaging.Ipv4DevicePath	32480	15	5	struct	12
std.os.uefi.DevicePath.Messaging.Ipv4DevicePath.IpType	32481	3	6	enum	2
std.os.uefi.DevicePath.Messaging.Ipv6DevicePath	32495	16	5	struct	12
std.os.uefi.DevicePath.Messaging.Ipv6DevicePath.Origin	32496	4	6	enum	3
std.os.uefi.DevicePath.Messaging.VlanDevicePath	32511	5	5	struct	4
std.os.uefi.DevicePath.Messaging.InfiniBandDevicePath	32516	19	5	struct	9
std.os.uefi.DevicePath.Messaging.InfiniBandDevicePath.ResourceFlags	32517	10	6	struct	7
std.os.uefi.DevicePath.Messaging.InfiniBandDevicePath.ResourceFlags.ControllerType	32518	3	7	enum	2
std.os.uefi.DevicePath.Messaging.UartDevicePath	32535	23	5	struct	10
std.os.uefi.DevicePath.Messaging.UartDevicePath.Parity	32536	8	6	enum	7
std.os.uefi.DevicePath.Messaging.UartDevicePath.StopBits	32544	6	6	enum	5
std.os.uefi.DevicePath.Messaging.VendorDefinedDevicePath	32558	5	5	struct	4
std.os.uefi.DevicePath.Media	32563	85	4	union	19
std.os.uefi.DevicePath.Media.Subtype	32573	11	5	enum	10
std.os.uefi.DevicePath.Media.HardDriveDevicePath	32584	17	5	struct	11
std.os.uefi.DevicePath.Media.HardDriveDevicePath.Format	32585	3	6	enum	2
std.os.uefi.DevicePath.Media.HardDriveDevicePath.SignatureType	32588	4	6	enum	3
std.os.uefi.DevicePath.Media.CdromDevicePath	32601	7	5	struct	6
std.os.uefi.DevicePath.Media.VendorDevicePath	32608	5	5	struct	4
std.os.uefi.DevicePath.Media.FilePathDevicePath	32613	5	5	struct	4
std.os.uefi.DevicePath.Media.MediaProtocolDevicePath	32618	5	5	struct	4
std.os.uefi.DevicePath.Media.PiwgFirmwareFileDevicePath	32623	5	5	struct	4
std.os.uefi.DevicePath.Media.PiwgFirmwareVolumeDevicePath	32628	5	5	struct	4
std.os.uefi.DevicePath.Media.RelativeOffsetRangeDevicePath	32633	7	5	struct	6
std.os.uefi.DevicePath.Media.RamDiskDevicePath	32640	8	5	struct	7
std.os.uefi.DevicePath.BiosBootSpecification	32648	12	4	union	3
std.os.uefi.DevicePath.BiosBootSpecification.Subtype	32650	3	5	enum	2
std.os.uefi.DevicePath.BiosBootSpecification.BBS101DevicePath	32653	7	5	struct	6
std.os.uefi.DevicePath.End	32660	15	4	union	5
std.os.uefi.DevicePath.End.Subtype	32663	4	5	enum	3
std.os.uefi.DevicePath.End.EndEntireDevicePath	32667	4	5	struct	3
std.os.uefi.DevicePath.End.EndThisInstanceDevicePath	32671	4	5	struct	3
std.os.uefi.hii	32675	51	3	ns	9
std.os.uefi.hii.PackageHeader	32677	16	4	struct	15
std.os.uefi.hii.PackageList	32693	3	4	struct	2
std.os.uefi.hii.SimplifiedFontPackage	32696	5	4	struct	4
std.os.uefi.hii.NarrowGlyphAttributes	32701	4	4	struct	3
std.os.uefi.hii.NarrowGlyph	32705	4	4	struct	3
std.os.uefi.hii.WideGlyphAttributes	32709	4	4	struct	3
std.os.uefi.hii.WideGlyph	32713	6	4	struct	5
std.os.uefi.hii.StringPackage	32719	7	4	struct	6
std.os.uefi.Status	32726	53	3	enum	52
std.os.uefi.tables	32780	426	3	ns	27
std.os.uefi.tables.BootServices	32781	140	4	struct	126
std.os.uefi.tables.BootServices.LoadImageSource	32883	3	5	union	2
std.os.uefi.tables.BootServices.NotifyOpts	32907	4	5	struct	3
std.os.uefi.tables.BootServices.TaskPriorityLevel	32911	6	5	enum	5
std.os.uefi.tables.BootServices.ImageExitData	32917	4	5	struct	3
std.os.uefi.tables.RuntimeServices	32921	95	4	struct	52
std.os.uefi.tables.RuntimeServices.GetWakeupTime	32952	4	5	struct	3
std.os.uefi.tables.RuntimeServices.SetWakeupTime	32957	3	5	union	2
std.os.uefi.tables.RuntimeServices.DebugDisposition	32972	4	5	enum	3
std.os.uefi.tables.RuntimeServices.PointerConversion	32976	3	5	union	2
std.os.uefi.tables.RuntimeServices.VariableAttributes	32979	10	5	struct	9
std.os.uefi.tables.RuntimeServices.VariableAuthentication3	32989	14	5	struct	8
std.os.uefi.tables.RuntimeServices.VariableAuthentication3.Flags	32996	3	6	struct	2
std.os.uefi.tables.RuntimeServices.VariableAuthentication3.Type	32999	4	6	enum	3
std.os.uefi.tables.RuntimeServices.VariableInfo	33003	4	5	struct	3
std.os.uefi.tables.RuntimeServices.VariableNameIterator	33007	8	5	struct	7
std.os.uefi.tables.ConfigurationTable	33016	12	4	struct	11
std.os.uefi.tables.SystemTable	33028	30	4	struct	29
std.os.uefi.tables.TableHeader	33058	6	4	struct	5
std.os.uefi.tables.TimerDelay	33065	4	4	enum	3
std.os.uefi.tables.MemoryType	33069	32	4	enum	31
std.os.uefi.tables.MemoryDescriptorAttribute	33101	17	4	struct	16
std.os.uefi.tables.MemoryMapKey	33118	2	4	enum	1
std.os.uefi.tables.MemoryDescriptor	33120	6	4	struct	5
std.os.uefi.tables.MemoryMapInfo	33126	5	4	struct	4
std.os.uefi.tables.MemoryMapSlice	33131	6	4	struct	5
std.os.uefi.tables.MemoryDescriptorIterator	33137	4	4	struct	3
std.os.uefi.tables.LocateSearchType	33141	4	4	enum	3
std.os.uefi.tables.LocateSearch	33145	4	4	union	3
std.os.uefi.tables.OpenProtocolAttributes	33149	19	4	enum	11
std.os.uefi.tables.OpenProtocolAttributes.Bits	33150	8	5	struct	7
std.os.uefi.tables.OpenProtocolArgs	33168	8	4	union	7
std.os.uefi.tables.ProtocolInformationEntry	33176	5	4	struct	4
std.os.uefi.tables.InterfaceType	33181	2	4	enum	1
std.os.uefi.tables.AllocateLocation	33183	4	4	union	3
std.os.uefi.tables.AllocateType	33187	4	4	enum	3
std.os.uefi.tables.CapsuleHeader	33192	5	4	struct	4
std.os.uefi.tables.UefiCapsuleBlockDescriptor	33197	3	4	struct	2
std.os.uefi.tables.ResetType	33200	5	4	enum	4
std.os.uefi.EventType	33214	9	3	struct	8
std.os.uefi.MacAddress	33224	2	3	struct	1
std.os.uefi.Ipv4Address	33226	2	3	struct	1
std.os.uefi.Ipv6Address	33228	2	3	struct	1
std.os.uefi.IpAddress	33230	3	3	union	2
std.os.uefi.Guid	33233	9	3	struct	8
std.os.uefi.Time	33243	14	3	struct	13
std.os.uefi.TimeCapabilities	33257	4	3	struct	3
std.os.wasi	33264	278	2	ns	49
std.os.wasi.advice_t	33267	7	3	enum	6
std.os.wasi.clockid_t	33274	5	3	enum	4
std.os.wasi.dirent_t	33283	5	3	struct	4
std.os.wasi.errno_t	33288	79	3	enum	78
std.os.wasi.event_t	33367	5	3	struct	4
std.os.wasi.eventfdreadwrite_t	33372	3	3	struct	2
std.os.wasi.eventtype_t	33377	4	3	enum	3
std.os.wasi.fdflags_t	33383	7	3	struct	6
std.os.wasi.fdstat_t	33390	5	3	struct	4
std.os.wasi.filestat_t	33397	9	3	struct	8
std.os.wasi.filetype_t	33406	10	3	enum	9
std.os.wasi.fstflags_t	33416	6	3	struct	5
std.os.wasi.lookupflags_t	33424	3	3	struct	2
std.os.wasi.oflags_t	33427	6	3	struct	5
std.os.wasi.preopentype_t	33433	2	3	enum	1
std.os.wasi.prestat_t	33435	3	3	struct	2
std.os.wasi.prestat_dir_t	33438	2	3	struct	1
std.os.wasi.prestat_u_t	33440	2	3	union	1
std.os.wasi.SOCK	33444	4	3	struct	3
std.os.wasi.rights_t	33448	32	3	struct	31
std.os.wasi.sdflags_t	33480	4	3	struct	3
std.os.wasi.signal_t	33485	32	3	enum	31
std.os.wasi.subscription_t	33519	3	3	struct	2
std.os.wasi.subscription_clock_t	33522	5	3	struct	4
std.os.wasi.subscription_fd_readwrite_t	33527	2	3	struct	1
std.os.wasi.subscription_u_t	33529	3	3	struct	2
std.os.wasi.subscription_u_u_t	33532	4	3	union	3
std.os.wasi.whence_t	33538	4	3	enum	3
std.os.emscripten	33542	646	2	ns	111
std.os.emscripten.E	33551	136	3	enum	135
std.os.emscripten.F	33687	19	3	struct	18
std.os.emscripten.W	33711	13	3	struct	12
std.os.emscripten.Flock	33724	6	3	struct	5
std.os.emscripten.LOCK	33736	5	3	struct	4
std.os.emscripten.MADV	33741	22	3	struct	21
std.os.emscripten.MSF	33763	4	3	struct	3
std.os.emscripten.MSG	33767	22	3	struct	21
std.os.emscripten.POLL	33789	9	3	struct	8
std.os.emscripten.PROT	33798	8	3	struct	7
std.os.emscripten.RLIM	33807	4	3	struct	3
std.os.emscripten.rlimit_resource	33812	18	3	enum	17
std.os.emscripten.rusage	33830	21	3	struct	20
std.os.emscripten.timeval	33851	3	3	struct	2
std.os.emscripten.S	33854	31	3	struct	30
std.os.emscripten.SA	33885	9	3	struct	8
std.os.emscripten.SEEK	33894	4	3	struct	3
std.os.emscripten.SHUT	33898	4	3	struct	3
std.os.emscripten.Sigaction	33903	7	3	struct	6
std.os.emscripten.siginfo_t	33912	5	3	struct	4
std.os.emscripten.sigval	33917	3	3	union	2
std.os.emscripten.SO	33921	69	3	struct	68
std.os.emscripten.SOCK	33990	10	3	struct	9
std.os.emscripten.SOL	34000	29	3	struct	28
std.os.emscripten.TCP	34032	41	3	struct	40
std.os.emscripten.dl_phdr_info	34092	5	3	struct	4
std.os.emscripten.pollfd	34100	4	3	struct	3
std.os.emscripten.stack_t	34104	4	3	struct	3
std.os.emscripten.UTIME	34108	3	3	struct	2
std.os.emscripten.timespec	34111	3	3	struct	2
std.os.emscripten.timezone	34114	3	3	struct	2
std.os.emscripten.utsname	34117	7	3	struct	6
std.os.emscripten.Stat	34124	17	3	struct	16
std.os.emscripten.TIMING	34141	4	3	struct	3
std.os.emscripten.LOG	34145	11	3	struct	10
std.os.emscripten.PROMISE	34174	5	3	struct	4
std.os.emscripten.struct_em_settled_result_t	34184	3	3	struct	2
std.os.windows	34188	6771	2	ns	289
std.os.windows.ws2_32	34191	194	3	ns	16
std.os.windows.ws2_32.TCP	34195	24	4	struct	23
std.os.windows.ws2_32.AF	34219	37	4	struct	36
std.os.windows.ws2_32.SOCK	34256	6	4	struct	5
std.os.windows.ws2_32.SOL	34262	3	4	struct	2
std.os.windows.ws2_32.SO	34265	49	4	struct	48
std.os.windows.ws2_32.MSG	34314	13	4	struct	12
std.os.windows.ws2_32.IPPROTO	34327	13	4	struct	12
std.os.windows.ws2_32.FLOWSPEC	34340	9	4	struct	8
std.os.windows.ws2_32.sockproto	34349	3	4	struct	2
std.os.windows.ws2_32.linger	34352	3	4	struct	2
std.os.windows.ws2_32.sockaddr	34355	21	4	struct	7
std.os.windows.ws2_32.sockaddr.storage	34359	3	5	struct	2
std.os.windows.ws2_32.sockaddr.in	34362	5	5	struct	4
std.os.windows.ws2_32.sockaddr.in6	34367	6	5	struct	5
std.os.windows.ws2_32.sockaddr.un	34373	3	5	struct	2
std.os.windows.ws2_32.hostent	34376	6	4	struct	5
std.os.windows.ws2_32.timeval	34382	3	4	struct	2
std.os.windows.crypt32	34385	161	3	ns	12
std.os.windows.crypt32.HCRYPTPROV_LEGACY	34386	2	4	enum	1
std.os.windows.crypt32.CTL_USAGE	34389	3	4	struct	2
std.os.windows.crypt32.ENCODING	34393	8	4	enum	5
std.os.windows.crypt32.ENCODING.TYPE	34398	3	5	struct	2
std.os.windows.crypt32.CERT_CONTEXT	34402	6	4	struct	5
std.os.windows.crypt32.CERT_STORE	34408	48	4	struct	3
std.os.windows.crypt32.CERT_STORE.PROV	34409	20	5	enum	19
std.os.windows.crypt32.CERT_STORE.FLAG	34429	18	5	struct	17
std.os.windows.crypt32.CERT_STORE.ADD	34447	9	5	enum	8
std.os.windows.crypt32.CERT_CLOSE_STORE_FLAG	34456	4	4	struct	3
std.os.windows.crypt32.HCERTCHAINENGINE	34460	6	4	enum	5
std.os.windows.crypt32.CERT_CHAIN	34466	71	4	struct	17
std.os.windows.crypt32.CERT_CHAIN.USAGE_MATCH	34481	7	5	struct	3
std.os.windows.crypt32.CERT_CHAIN.USAGE_MATCH.TYPE	34484	4	6	enum	3
std.os.windows.crypt32.CERT_CHAIN.PARA	34488	3	5	struct	2
std.os.windows.crypt32.CERT_CHAIN.POLICY	34491	46	5	enum	18
std.os.windows.crypt32.CERT_CHAIN.POLICY.PARA	34507	4	6	struct	3
std.os.windows.crypt32.CERT_CHAIN.POLICY.STATUS	34511	6	6	struct	5
std.os.windows.crypt32.CERT_CHAIN.POLICY.FLAG	34517	20	6	struct	19
std.os.windows.crypt32.HTTPSPolicyCallbackData	34537	9	4	struct	5
std.os.windows.crypt32.HTTPSPolicyCallbackData.AUTHTYPE	34542	4	5	enum	3
std.os.windows.nls	34546	2	3	ns	1
std.os.windows.PS	34549	47	3	struct	1
std.os.windows.PS.ATTRIBUTE	34550	46	4	struct	7
std.os.windows.PS.ATTRIBUTE.NUM	34555	34	5	enum	33
std.os.windows.PS.ATTRIBUTE.Type	34589	4	5	enum	3
std.os.windows.PS.ATTRIBUTE.LIST	34593	3	5	struct	2
std.os.windows.OBJECT	34596	34	3	struct	3
std.os.windows.OBJECT.ATTRIBUTES	34597	22	4	struct	7
std.os.windows.OBJECT.ATTRIBUTES.Flags	34604	15	5	struct	14
std.os.windows.OBJECT.INFORMATION_CLASS	34619	9	4	enum	8
std.os.windows.OBJECT.NAME_INFORMATION	34628	2	4	struct	1
std.os.windows.FILE	34630	352	3	struct	25
std.os.windows.FILE.END_OF_FILE_INFORMATION	34631	2	4	struct	1
std.os.windows.FILE.ALIGNMENT_INFORMATION	34633	2	4	struct	1
std.os.windows.FILE.NAME_INFORMATION	34635	3	4	struct	2
std.os.windows.FILE.DISPOSITION	34638	12	4	struct	8
std.os.windows.FILE.DISPOSITION.INFORMATION	34646	4	5	struct	2
std.os.windows.FILE.DISPOSITION.INFORMATION.EX	34648	2	6	struct	1
std.os.windows.FILE.FS_VOLUME_INFORMATION	34650	7	4	struct	6
std.os.windows.FILE.NAME_FLAGS	34657	5	4	struct	4
std.os.windows.FILE.NOTIFY	34662	54	4	struct	4
std.os.windows.FILE.NOTIFY.CHANGE	34663	14	5	struct	13
std.os.windows.FILE.NOTIFY.INFORMATION	34677	6	5	struct	5
std.os.windows.FILE.NOTIFY.EXTENDED_INFORMATION	34683	16	5	struct	15
std.os.windows.FILE.NOTIFY.FULL_INFORMATION	34699	17	5	struct	16
std.os.windows.FILE.PIPE	34716	50	4	struct	10
std.os.windows.FILE.PIPE.TYPE	34717	5	5	struct	4
std.os.windows.FILE.PIPE.COMPLETION_MODE	34722	3	5	struct	2
std.os.windows.FILE.PIPE.READ_MODE	34725	3	5	struct	2
std.os.windows.FILE.PIPE.CONFIGURATION	34728	4	5	enum	3
std.os.windows.FILE.PIPE.STATE	34732	5	5	enum	4
std.os.windows.FILE.PIPE.END	34737	3	5	enum	2
std.os.windows.FILE.PIPE.INFORMATION	34740	3	5	struct	2
std.os.windows.FILE.PIPE.LOCAL_INFORMATION	34743	11	5	struct	10
std.os.windows.FILE.PIPE.REMOTE_INFORMATION	34754	3	5	struct	2
std.os.windows.FILE.PIPE.WAIT_FOR_BUFFER	34757	9	5	struct	8
std.os.windows.FILE.ALL_INFORMATION	34766	10	4	struct	9
std.os.windows.FILE.INTERNAL_INFORMATION	34776	2	4	struct	1
std.os.windows.FILE.EA_INFORMATION	34778	2	4	struct	1
std.os.windows.FILE.ACCESS_INFORMATION	34780	2	4	struct	1
std.os.windows.FILE.RENAME_INFORMATION	34782	17	4	struct	8
std.os.windows.FILE.RENAME_INFORMATION.FLAGS	34788	9	5	struct	8
std.os.windows.FILE.INFORMATION_CLASS	34799	86	4	enum	85
std.os.windows.FILE.BASIC_INFORMATION	34885	6	4	struct	5
std.os.windows.FILE.STANDARD_INFORMATION	34891	6	4	struct	5
std.os.windows.FILE.POSITION_INFORMATION	34897	2	4	struct	1
std.os.windows.FILE.FULL_EA_INFORMATION	34899	6	4	struct	5
std.os.windows.FILE.FS_DEVICE_INFORMATION	34905	3	4	struct	2
std.os.windows.FILE.ATTRIBUTE_TAG_INFO	34909	3	4	struct	2
std.os.windows.FILE.SHARE	34912	6	4	struct	5
std.os.windows.FILE.ATTRIBUTE	34918	27	4	struct	26
std.os.windows.FILE.CREATE_DISPOSITION	34945	8	4	enum	7
std.os.windows.FILE.MODE	34953	29	4	struct	27
std.os.windows.FILE.MODE.INFORMATION	34980	2	5	struct	1
std.os.windows.DIRECTORY	34982	7	3	struct	1
std.os.windows.DIRECTORY.NOTIFY_INFORMATION_CLASS	34983	6	4	enum	5
std.os.windows.CONSOLE	34989	88	3	struct	1
std.os.windows.CONSOLE.USER_IO	34990	87	4	struct	16
std.os.windows.CONSOLE.USER_IO.INFO	34991	41	5	struct	5
std.os.windows.CONSOLE.USER_IO.INFO.CP	34992	6	6	struct	3
std.os.windows.CONSOLE.USER_IO.INFO.CP.MODE	34995	3	7	enum	2
std.os.windows.CONSOLE.USER_IO.INFO.WRITE	34998	6	6	struct	3
std.os.windows.CONSOLE.USER_IO.INFO.WRITE.MODE	35001	3	7	enum	2
std.os.windows.CONSOLE.USER_IO.INFO.FILL	35004	11	6	struct	5
std.os.windows.CONSOLE.USER_IO.INFO.FILL.WITH	35009	6	7	union	5
std.os.windows.CONSOLE.USER_IO.INFO.SCREEN_BUFFER	35015	10	6	struct	9
std.os.windows.CONSOLE.USER_IO.INFO.READ_OUTPUT_CHARACTER	35025	7	6	struct	4
std.os.windows.CONSOLE.USER_IO.INFO.READ_OUTPUT_CHARACTER.MODE	35029	3	7	enum	2
std.os.windows.CONSOLE.USER_IO.InputBuffer	35042	3	5	struct	2
std.os.windows.CONSOLE.USER_IO.OutputBuffer	35045	3	5	struct	2
std.os.windows.CONSOLE.USER_IO.Request	35048	7	5	fn	6
std.os.windows.CONSOLE.USER_IO.Header	35055	9	5	struct	3
std.os.windows.CONSOLE.USER_IO.Header.With	35058	6	6	fn	5
std.os.windows.CONSOLE.USER_IO.Operation	35064	13	5	enum	12
std.os.windows.AFD	35077	157	3	struct	26
std.os.windows.AFD.Mutability	35081	3	4	enum	2
std.os.windows.AFD.WSABUF	35084	3	4	fn	2
std.os.windows.AFD.GUARANTEE	35087	7	4	enum	6
std.os.windows.AFD.ENDPOINT_TYPE	35095	8	4	struct	7
std.os.windows.AFD.OPEN_PACKET	35103	13	4	struct	9
std.os.windows.AFD.OPEN_PACKET.FULL_EA_INFORMATION	35112	4	5	struct	3
std.os.windows.AFD.BIND_INFO	35116	7	4	struct	2
std.os.windows.AFD.BIND_INFO.MODE	35118	5	5	enum	4
std.os.windows.AFD.LISTEN_INFO	35123	4	4	struct	3
std.os.windows.AFD.LISTEN_RESPONSE_INFO	35127	2	4	struct	1
std.os.windows.AFD.ACCEPT_INFO	35129	4	4	struct	3
std.os.windows.AFD.SUPER_ACCEPT_INFO	35133	9	4	struct	8
std.os.windows.AFD.DEFER_ACCEPT_INFO	35142	3	4	struct	2
std.os.windows.AFD.PARTIAL_DISCONNECT_INFO	35145	9	4	struct	3
std.os.windows.AFD.PARTIAL_DISCONNECT_INFO.MODE	35148	6	5	struct	5
std.os.windows.AFD.RECEIVE_INFORMATION	35154	3	4	struct	2
std.os.windows.AFD.HANDLE_INFO	35157	3	4	struct	2
std.os.windows.AFD.INFORMATION	35160	15	4	struct	3
std.os.windows.AFD.INFORMATION.TYPE	35163	12	5	enum	11
std.os.windows.AFD.TRANSMIT_FILE_INFO	35175	15	4	struct	10
std.os.windows.AFD.TRANSMIT_FILE_INFO.FLAGS	35185	5	5	struct	4
std.os.windows.AFD.QUEUE_APC_INFO	35190	6	4	struct	5
std.os.windows.AFD.SEND_INFO	35196	5	4	struct	4
std.os.windows.AFD.SEND_DATAGRAM_INFO	35201	6	4	struct	5
std.os.windows.AFD.RECV_INFO	35207	5	4	struct	4
std.os.windows.AFD.RECV_DATAGRAM_INFO	35212	7	4	struct	6
std.os.windows.AFD.SOCKOPT_INFO	35219	15	4	struct	8
std.os.windows.AFD.SOCKOPT_INFO.Mode	35226	5	5	enum	4
std.os.windows.AFD.SOCKOPT_INFO.UNIX_PATH	35231	3	5	struct	2
std.os.windows.TDI	35234	111	3	struct	6
std.os.windows.TDI.CONNECTION	35236	9	4	struct	2
std.os.windows.TDI.CONNECTION.INFORMATION	35238	7	5	struct	6
std.os.windows.TDI.ADDRESS	35245	38	4	struct	3
std.os.windows.TDI.ADDRESS.TYPE	35246	28	5	enum	27
std.os.windows.TDI.ADDRESS.IP	35274	4	5	struct	3
std.os.windows.TDI.ADDRESS.IP6	35278	5	5	struct	4
std.os.windows.TDI.REQUEST	35283	38	4	struct	13
std.os.windows.TDI.REQUEST.STATUS	35288	4	5	struct	3
std.os.windows.TDI.REQUEST.ASSOCIATE	35292	3	5	struct	2
std.os.windows.TDI.REQUEST.CONNECT	35295	5	5	struct	4
std.os.windows.TDI.REQUEST.ACCEPT	35300	4	5	struct	3
std.os.windows.TDI.REQUEST.LISTEN	35304	5	5	struct	4
std.os.windows.TDI.REQUEST.DISCONNECT	35309	3	5	struct	2
std.os.windows.TDI.REQUEST.SEND	35312	3	5	struct	2
std.os.windows.TDI.REQUEST.RECEIVE	35315	3	5	struct	2
std.os.windows.TDI.REQUEST.SEND_DATAGRAM	35318	3	5	struct	2
std.os.windows.TDI.RECEIVE	35321	16	4	struct	15
std.os.windows.TDI.SEND	35337	8	4	struct	7
std.os.windows.NET	35345	7	3	struct	2
std.os.windows.NET.LUID	35346	4	4	struct	3
std.os.windows.NET.IFINDEX	35350	2	4	enum	1
std.os.windows.DNS	35352	184	3	struct	10
std.os.windows.DNS.INTERFACE_SETTINGS	35353	11	4	struct	10
std.os.windows.DNS.ADDR	35365	14	4	struct	3
std.os.windows.DNS.ADDR.ARRAY	35368	11	5	struct	10
std.os.windows.DNS.CUSTOM_SERVER	35379	14	4	struct	6
std.os.windows.DNS.CUSTOM_SERVER.TYPE	35384	5	5	enum	4
std.os.windows.DNS.CUSTOM_SERVER.FLAGS	35389	4	5	struct	3
std.os.windows.DNS.TYPE	35394	66	4	enum	65
std.os.windows.DNS.QUERY	35460	52	4	struct	31
std.os.windows.DNS.QUERY.REQUEST	35488	15	5	struct	9
std.os.windows.DNS.QUERY.REQUEST.@"3"	35497	6	6	struct	5
std.os.windows.DNS.QUERY.RESULT	35503	6	5	struct	5
std.os.windows.DNS.QUERY.CANCEL	35509	2	5	struct	1
std.os.windows.DNS.FREE_TYPE	35512	4	4	enum	3
std.os.windows.DNS.RECORD	35516	15	4	struct	9
std.os.windows.DNS.RECORD.FLAGS	35525	6	5	struct	5
std.os.windows.DNS.SECTION	35531	5	4	enum	4
std.os.windows.SYSTEM	35536	26	3	struct	2
std.os.windows.SYSTEM.INFORMATION_CLASS	35537	13	4	enum	12
std.os.windows.SYSTEM.BASIC_INFORMATION	35550	12	4	struct	11
std.os.windows.PROCESS	35562	103	3	struct	4
std.os.windows.PROCESS.INFORMATION	35563	5	4	struct	4
std.os.windows.PROCESS.INFOCLASS	35568	78	4	enum	77
std.os.windows.PROCESS.BASIC_INFORMATION	35646	7	4	struct	6
std.os.windows.PROCESS.VM_COUNTERS	35653	12	4	struct	11
std.os.windows.THREAD	35665	67	3	struct	4
std.os.windows.THREAD.INFOCLASS	35666	47	4	enum	46
std.os.windows.THREAD.BASIC_INFORMATION	35713	7	4	struct	6
std.os.windows.THREAD.CREATE_FLAGS	35720	9	4	struct	8
std.os.windows.THREAD.StackSize	35729	3	4	enum	2
std.os.windows.MEMORY	35732	10	3	struct	1
std.os.windows.MEMORY.BASIC_INFORMATION	35733	9	4	struct	8
std.os.windows.HEAP	35742	93	3	opaque	2
std.os.windows.HEAP.FLAGS	35743	39	4	struct	11
std.os.windows.HEAP.FLAGS.CLASS	35752	12	5	enum	11
std.os.windows.HEAP.FLAGS.CREATE	35764	11	5	struct	10
std.os.windows.HEAP.FLAGS.ALLOCATION	35775	7	5	struct	6
std.os.windows.HEAP.RTL_PARAMETERS	35782	53	4	struct	13
std.os.windows.HEAP.RTL_PARAMETERS.SEGMENT	35795	40	5	struct	8
std.os.windows.HEAP.RTL_PARAMETERS.SEGMENT.VERSION	35801	3	6	enum	2
std.os.windows.HEAP.RTL_PARAMETERS.SEGMENT.FLG	35804	5	6	struct	4
std.os.windows.HEAP.RTL_PARAMETERS.SEGMENT.MEMORY_SOURCE	35809	26	6	struct	7
std.os.windows.HEAP.RTL_PARAMETERS.SEGMENT.MEMORY_SOURCE.TYPE	35815	9	7	enum	8
std.os.windows.HEAP.RTL_PARAMETERS.SEGMENT.MEMORY_SOURCE.VA_CALLBACKS	35824	11	7	struct	8
std.os.windows.HEAP.RTL_PARAMETERS.SEGMENT.MEMORY_SOURCE.VA_CALLBACKS.MEMORY_INFO_CLASS	35832	3	8	enum	2
std.os.windows.CTL_CODE	35835	131	3	struct	10
std.os.windows.CTL_CODE.METHOD	35840	5	4	enum	4
std.os.windows.CTL_CODE.FILE_ACCESS	35845	5	4	struct	4
std.os.windows.CTL_CODE.FILE_DEVICE	35850	92	4	enum	91
std.os.windows.CTL_CODE.PIPE	35944	22	4	struct	21
std.os.windows.IOCTL	35966	69	3	struct	4
std.os.windows.IOCTL.AFD	35967	48	4	struct	47
std.os.windows.IOCTL.CONDRV	36015	15	4	struct	14
std.os.windows.IOCTL.KSEC	36030	2	4	struct	1
std.os.windows.IOCTL.MOUNTMGR	36032	3	4	struct	2
std.os.windows.IO_REPARSE_TAG	36036	45	3	struct	44
std.os.windows.ACCESS_MASK	36081	273	3	struct	10
std.os.windows.ACCESS_MASK.Specific	36089	246	4	union	46
std.os.windows.ACCESS_MASK.Specific.File	36114	34	5	struct	16
std.os.windows.ACCESS_MASK.Specific.File.Directory	36129	11	6	struct	10
std.os.windows.ACCESS_MASK.Specific.File.Pipe	36140	8	6	struct	7
std.os.windows.ACCESS_MASK.Specific.Key	36148	16	5	struct	15
std.os.windows.ACCESS_MASK.Specific.ObjectType	36164	4	5	struct	3
std.os.windows.ACCESS_MASK.Specific.Directory	36168	7	5	struct	6
std.os.windows.ACCESS_MASK.Specific.SymbolicLink	36175	6	5	struct	5
std.os.windows.ACCESS_MASK.Specific.Section	36181	9	5	struct	8
std.os.windows.ACCESS_MASK.Specific.Session	36190	5	5	struct	4
std.os.windows.ACCESS_MASK.Specific.Process	36195	17	5	struct	16
std.os.windows.ACCESS_MASK.Specific.Thread	36212	16	5	struct	15
std.os.windows.ACCESS_MASK.Specific.MemoryPartition	36228	5	5	struct	4
std.os.windows.ACCESS_MASK.Specific.TransactionManager	36233	12	5	struct	11
std.os.windows.ACCESS_MASK.Specific.Transaction	36245	14	5	struct	13
std.os.windows.ACCESS_MASK.Specific.ResourceManager	36259	13	5	struct	12
std.os.windows.ACCESS_MASK.Specific.Enlistment	36272	11	5	struct	10
std.os.windows.ACCESS_MASK.Specific.Event	36283	5	5	struct	4
std.os.windows.ACCESS_MASK.Specific.Semaphore	36288	5	5	struct	4
std.os.windows.ACCESS_MASK.Specific.Token	36293	18	5	struct	17
std.os.windows.ACCESS_MASK.Specific.JobObject	36311	9	5	struct	8
std.os.windows.ACCESS_MASK.Specific.Mutant	36320	4	5	struct	3
std.os.windows.ACCESS_MASK.Specific.Timer	36324	5	5	struct	4
std.os.windows.ACCESS_MASK.Specific.IoCompletion	36329	5	5	struct	4
std.os.windows.ACCESS_MASK.Standard	36335	14	4	struct	4
std.os.windows.ACCESS_MASK.Standard.Rights	36339	10	5	struct	9
std.os.windows.ACCESS_MASK.Generic	36349	5	4	struct	4
std.os.windows.DEVICE_TYPE	36354	3	3	struct	2
std.os.windows.FS_INFORMATION_CLASS	36357	18	3	enum	17
std.os.windows.SECTION_INHERIT	36375	3	3	enum	2
std.os.windows.PAGE	36378	23	3	struct	22
std.os.windows.MEM	36401	51	3	struct	5
std.os.windows.MEM.ALLOCATE	36402	18	4	struct	17
std.os.windows.MEM.FREE	36420	8	4	struct	7
std.os.windows.MEM.MAP	36428	7	4	struct	6
std.os.windows.MEM.UNMAP	36435	4	4	struct	3
std.os.windows.MEM.EXTENDED_PARAMETER	36439	13	4	struct	3
std.os.windows.MEM.EXTENDED_PARAMETER.TYPE	36442	10	5	enum	9
std.os.windows.SEC	36452	16	3	struct	15
std.os.windows.EVENT_TYPE	36469	3	3	enum	2
std.os.windows.TIMER_TYPE	36472	3	3	enum	2
std.os.windows.WAIT_TYPE	36475	3	3	enum	2
std.os.windows.NTSTATUS	36479	1797	3	enum	1796
std.os.windows.CreateProcessFlags	38284	33	3	struct	32
std.os.windows.Win32Error	38333	1458	3	enum	1457
std.os.windows.LANG	39791	141	3	ns	140
std.os.windows.SUBLANG	39932	245	3	ns	244
std.os.windows.IO_STATUS_BLOCK	40239	3	3	struct	2
std.os.windows.SECURITY_ATTRIBUTES	40243	4	3	struct	3
std.os.windows.STARTUPINFOW	40247	19	3	struct	18
std.os.windows.FILETIME	40282	3	3	struct	2
std.os.windows.GUID	40285	8	3	struct	7
std.os.windows.COORD	40293	3	3	struct	2
std.os.windows.IMAGE_TLS_DIRECTORY	40297	7	3	struct	6
std.os.windows.RTL_QUERY_REGISTRY_TABLE	40320	8	3	struct	7
std.os.windows.REG	40346	40	3	struct	3
std.os.windows.REG.ValueType	40347	16	4	enum	15
std.os.windows.REG.OpenOptions	40363	5	4	struct	4
std.os.windows.REG.LoadOptions	40368	18	4	struct	17
std.os.windows.KEY	40386	17	3	struct	1
std.os.windows.KEY.VALUE	40387	16	4	struct	2
std.os.windows.KEY.VALUE.INFORMATION_CLASS	40388	9	5	enum	8
std.os.windows.KEY.VALUE.PARTIAL_INFORMATION	40397	6	5	struct	5
std.os.windows.LIST_ENTRY	40413	3	3	struct	2
std.os.windows.RTL_CRITICAL_SECTION_DEBUG	40416	10	3	struct	9
std.os.windows.RTL_CRITICAL_SECTION	40426	7	3	struct	6
std.os.windows.RTL_RUN_ONCE	40437	2	3	struct	1
std.os.windows.EXCEPTION_RECORD	40447	7	3	struct	6
std.os.windows.EXCEPTION_POINTERS	40461	3	3	struct	2
std.os.windows.UNWIND_HISTORY_TABLE_ENTRY	40468	3	3	struct	2
std.os.windows.UNWIND_HISTORY_TABLE	40471	9	3	struct	8
std.os.windows.CLIENT_ID	40490	3	3	struct	2
std.os.windows.TEB	40493	16	3	struct	15
std.os.windows.EXCEPTION_REGISTRATION_RECORD	40509	3	3	struct	2
std.os.windows.NT_TIB	40512	8	3	struct	7
std.os.windows.PEB	40520	82	3	struct	81
std.os.windows.PEB_LDR_DATA	40602	10	3	struct	9
std.os.windows.LDR	40612	56	3	struct	5
std.os.windows.LDR.DATA_TABLE_ENTRY	40613	12	4	struct	11
std.os.windows.LDR.DLL_NOTIFICATION	40625	23	4	struct	5
std.os.windows.LDR.DLL_NOTIFICATION.REASON	40626	3	5	enum	2
std.os.windows.LDR.DLL_NOTIFICATION.DATA	40629	15	5	union	4
std.os.windows.LDR.DLL_NOTIFICATION.DATA.LOADED	40632	6	6	struct	5
std.os.windows.LDR.DLL_NOTIFICATION.DATA.UNLOADED	40638	6	6	struct	5
std.os.windows.LDR.DLL_NOTIFICATION.REGISTER	40646	2	5	struct	1
std.os.windows.LDR.GET_DLL_HANDLE_EX	40648	4	4	struct	3
std.os.windows.LDR.GET_PROCEDURE_ADDRESS	40652	3	4	struct	2
std.os.windows.LDR.LOAD	40655	13	4	struct	12
std.os.windows.RTL_USER_PROCESS_PARAMETERS	40668	29	3	struct	28
std.os.windows.RTL_DRIVE_LETTER_CURDIR	40697	5	3	struct	4
std.os.windows.FILE_DIRECTORY_INFORMATION	40703	12	3	struct	11
std.os.windows.FILE_BOTH_DIR_INFORMATION	40715	15	3	struct	14
std.os.windows.FileInformationIterator	40731	4	3	fn	3
std.os.windows.CURDIR	40736	3	3	struct	2
std.os.windows.MODULEINFO	40740	4	3	struct	3
std.os.windows.OSVERSIONINFOW	40744	7	3	struct	6
std.os.windows.REPARSE_DATA_BUFFER	40752	5	3	struct	4
std.os.windows.SYMBOLIC_LINK_REPARSE_BUFFER	40757	7	3	struct	6
std.os.windows.MOUNT_POINT_REPARSE_BUFFER	40764	6	3	struct	5
std.os.windows.MOUNTMGR_MOUNT_POINT	40773	10	3	struct	9
std.os.windows.MOUNTMGR_MOUNT_POINTS	40783	4	3	struct	3
std.os.windows.MOUNTMGR_TARGET_NAME	40787	3	3	struct	2
std.os.windows.MOUNTMGR_VOLUME_PATHS	40790	3	3	struct	2
std.os.windows.SRWLOCK	40794	2	3	struct	1
std.os.windows.CONDITION_VARIABLE	40797	2	3	struct	1
std.os.windows.PF	40799	47	3	enum	46
std.os.windows.KSYSTEM_TIME	40849	4	3	struct	3
std.os.windows.NT_PRODUCT_TYPE	40853	4	3	enum	3
std.os.windows.ALTERNATIVE_ARCHITECTURE_TYPE	40857	4	3	enum	3
std.os.windows.XSTATE_FEATURE	40861	3	3	struct	2
std.os.windows.XSTATE_CONFIGURATION	40864	5	3	struct	4
std.os.windows.KUSER_SHARED_DATA	40869	81	3	struct	80
std.os.windows.KERNEL_USER_TIMES	40952	5	3	struct	4
std.pdb	40959	468	1	ns	34
std.pdb.DbiStreamHeader	40960	21	2	struct	20
std.pdb.SectionContribEntry	40981	10	2	struct	9
std.pdb.ModInfo	40991	13	2	struct	12
std.pdb.SectionMapHeader	41004	3	2	struct	2
std.pdb.SectionMapEntry	41007	9	2	struct	8
std.pdb.StreamType	41016	5	2	enum	4
std.pdb.SymbolKind	41021	197	2	enum	196
std.pdb.ProcSym	41219	14	2	struct	13
std.pdb.ProcSymFlags	41233	9	2	struct	8
std.pdb.SectionContrSubstreamVersion	41242	4	2	enum	3
std.pdb.RecordPrefix	41246	3	2	struct	2
std.pdb.LineFragmentHeader	41249	5	2	struct	4
std.pdb.LineFlags	41254	3	2	struct	2
std.pdb.LineBlockFragmentHeader	41257	4	2	struct	3
std.pdb.LineNumberEntry	41261	7	2	struct	3
std.pdb.LineNumberEntry.Flags	41264	4	3	struct	3
std.pdb.ColumnNumberEntry	41268	3	2	struct	2
std.pdb.FileChecksumEntryHeader	41271	4	2	struct	3
std.pdb.DebugSubsectionKind	41275	15	2	enum	14
std.pdb.DebugSubsectionHeader	41290	3	2	struct	2
std.pdb.StringTableHeader	41293	4	2	struct	3
std.pdb.SuperBlock	41297	9	2	struct	8
std.pdb.IpiStreamVersion	41306	7	2	enum	6
std.pdb.IpiStreamHeader	41313	16	2	struct	15
std.pdb.LfRecordPrefix	41329	3	2	struct	2
std.pdb.LfRecordKind	41332	42	2	enum	41
std.pdb.LfFuncId	41374	6	2	struct	5
std.pdb.LfMFuncId	41380	6	2	struct	5
std.pdb.InlineSiteSym	41386	6	2	struct	5
std.pdb.InlineSiteSym2	41392	7	2	struct	6
std.pdb.InlineeSourceLineSignature	41399	4	2	enum	3
std.pdb.InlineeSourceLine	41403	4	2	struct	3
std.pdb.InlineeSourceLineEx	41407	5	2	struct	4
std.pdb.BinaryAnnotationOpcode	41412	15	2	enum	14
std.pie	41427	2	1	ns	1
std.posix	41429	254	1	ns	229
std.posix.iovec	41560	3	2	struct	2
std.posix.iovec_const	41563	3	2	struct	2
std.posix.TCSA	41567	5	2	enum	4
std.posix.winsize	41572	5	2	struct	4
std.posix.LOCK	41577	5	2	struct	4
std.posix.LOG	41582	9	2	struct	8
std.process	41683	285	1	ns	60
std.process.Child	41684	24	2	ns	14
std.process.Child.ResourceUsageStatistics	41693	3	3	struct	2
std.process.Child.Term	41696	5	3	union	4
std.process.Child.Cwd	41701	4	3	union	3
std.process.Args	41708	60	2	ns	9
std.process.Args.Iterator	41711	35	3	struct	10
std.process.Args.Iterator.Windows	41719	12	4	struct	11
std.process.Args.Iterator.Posix	41731	6	4	struct	5
std.process.Args.Iterator.Wasi	41737	9	4	struct	8
std.process.Args.IteratorGeneralOptions	41750	3	3	struct	2
std.process.Args.IteratorGeneral	41753	15	3	fn	14
std.process.Environ	41768	72	2	ns	22
std.process.Environ.GlobalBlock	41772	6	3	struct	5
std.process.Environ.PosixBlock	41778	9	3	struct	6
std.process.Environ.PosixBlock.View	41783	3	4	struct	2
std.process.Environ.WindowsBlock	41787	9	3	struct	6
std.process.Environ.WindowsBlock.View	41792	3	4	struct	2
std.process.Environ.Map	41796	27	3	struct	24
std.process.Environ.Map.EnvNameHashContext	41800	3	4	struct	2
std.process.Environ.CreatePosixBlockOptions	41834	2	3	struct	1
std.process.Environ.CreateWindowsBlockOptions	41837	2	3	struct	1
std.process.Preopens	41840	10	2	ns	7
std.process.Preopens.Resource	41844	3	3	union	2
std.process.Init	41850	10	2	struct	7
std.process.Init.Minimal	41857	3	3	struct	2
std.process.UserInfo	41864	3	2	struct	2
std.process.ReplaceOptions	41873	4	2	struct	3
std.process.ArgExpansion	41879	3	2	enum	2
std.process.WindowsExtension	41882	5	2	enum	4
std.process.SpawnOptions	41888	22	2	struct	16
std.process.SpawnOptions.StdIo	41904	6	3	union	5
std.process.RunOptions	41913	12	2	struct	11
std.process.RunResult	41925	4	2	struct	3
std.process.LockMemoryOptions	41951	2	2	struct	1
std.process.LockMemoryAllOptions	41956	4	2	struct	3
std.process.MemoryProtection	41963	4	2	struct	3
std.sort	41968	23	1	ns	20
std.sort.Mode	41969	3	2	enum	2
std.simd	41991	25	1	ns	24
std.ascii	42016	79	1	ns	38
std.ascii.control_code	42020	36	2	struct	35
std.ascii.HexEscape	42088	6	2	struct	5
std.tar	42095	100	1	ns	9
std.tar.Writer	42096	48	2	ns	14
std.tar.Writer.Options	42097	3	3	struct	2
std.tar.Writer.Header	42112	32	3	struct	26
std.tar.Writer.Header.FileType	42130	6	4	enum	5
std.tar.Diagnostics	42144	11	2	struct	6
std.tar.Diagnostics.Error	42149	5	3	union	4
std.tar.ExtractOptions	42156	8	2	struct	5
std.tar.ExtractOptions.ModeMode	42161	3	3	enum	2
std.tar.FileKind	42164	4	2	enum	3
std.tar.Iterator	42168	21	2	struct	12
std.tar.Iterator.Options	42176	4	3	struct	3
std.tar.Iterator.File	42181	6	3	struct	5
std.tar.PaxIterator	42189	4	2	struct	3
std.testing	42195	96	1	ns	31
std.testing.FailingAllocator	42197	18	2	ns	15
std.testing.FailingAllocator.Config	42209	3	3	struct	2
std.testing.TmpDir	42231	5	2	struct	4
std.testing.Smith	42243	32	2	ns	31
std.testing.FuzzInputOptions	42275	2	2	struct	1
std.testing.Reader	42278	9	2	struct	7
std.testing.Reader.Call	42284	2	3	struct	1
std.testing.ReaderIndirect	42287	4	2	struct	3
std.time	42291	86	1	ns	23
std.time.epoch	42292	63	2	ns	35
std.time.epoch.Month	42321	14	3	enum	13
std.time.epoch.YearAndDay	42336	4	3	struct	3
std.time.epoch.MonthAndDay	42340	3	3	struct	2
std.time.epoch.EpochDay	42343	3	3	struct	2
std.time.epoch.DaySeconds	42346	5	3	struct	4
std.time.epoch.EpochSeconds	42351	4	3	struct	3
std.tz	42377	23	1	ns	4
std.tz.Transition	42378	3	2	struct	2
std.tz.Timetype	42381	8	2	struct	7
std.tz.Leapsecond	42389	3	2	struct	2
std.tz.Tz	42392	8	2	struct	7
std.unicode	42400	90	1	ns	60
std.unicode.Utf8View	42415	6	2	struct	5
std.unicode.Utf8Iterator	42421	6	2	struct	5
std.unicode.Utf16LeIterator	42432	6	2	struct	5
std.unicode.Wtf8View	42461	6	2	struct	5
std.unicode.Wtf8Iterator	42467	6	2	struct	5
std.unicode.Wtf16LeIterator	42484	5	2	struct	4
std.valgrind	42490	120	1	ns	34
std.valgrind.ClientRequest	42492	32	2	enum	31
std.valgrind.MempoolFlags	42537	3	2	struct	2
std.valgrind.memcheck	42555	35	2	ns	19
std.valgrind.memcheck.ClientRequest	42556	16	3	enum	15
std.valgrind.callgrind	42590	14	2	ns	7
std.valgrind.callgrind.ClientRequest	42591	7	3	enum	6
std.valgrind.cachegrind	42604	6	2	ns	3
std.valgrind.cachegrind.ClientRequest	42605	3	3	enum	2
std.wasm	42610	599	1	ns	19
std.wasm.Opcode	42611	182	2	enum	181
std.wasm.MiscOpcode	42793	20	2	enum	19
std.wasm.SimdOpcode	42813	258	2	enum	257
std.wasm.AtomicsOpcode	43071	68	2	enum	67
std.wasm.Valtype	43139	6	2	enum	5
std.wasm.RefType	43145	3	2	enum	2
std.wasm.Limits	43148	8	2	struct	4
std.wasm.Limits.Flags	43152	4	3	struct	3
std.wasm.InitExpression	43156	6	2	union	5
std.wasm.Memory	43162	2	2	struct	1
std.wasm.Section	43164	15	2	enum	14
std.wasm.ExternalKind	43179	5	2	enum	4
std.wasm.NameSubsection	43184	11	2	enum	10
std.wasm.BlockType	43198	8	2	enum	7
std.zig	43209	5056	1	ns	68
std.zig.ErrorBundle	43210	71	2	ns	26
std.zig.ErrorBundle.MessageIndex	43216	2	3	enum	1
std.zig.ErrorBundle.SourceLocationIndex	43218	3	3	enum	2
std.zig.ErrorBundle.ErrorMessageList	43221	4	3	struct	3
std.zig.ErrorBundle.SourceLocation	43225	9	3	struct	8
std.zig.ErrorBundle.ErrorMessage	43234	5	3	struct	4
std.zig.ErrorBundle.ReferenceTrace	43239	3	3	struct	2
std.zig.ErrorBundle.RenderOptions	43251	4	3	struct	3
std.zig.ErrorBundle.Wip	43259	22	3	struct	21
std.zig.Server	43281	82	2	ns	21
std.zig.Server.Message	43284	55	3	struct	8
std.zig.Server.Message.Header	43285	3	4	struct	2
std.zig.Server.Message.Tag	43288	14	4	enum	13
std.zig.Server.Message.PathPrefix	43302	5	4	enum	4
std.zig.Server.Message.ErrorBundle	43307	3	4	struct	2
std.zig.Server.Message.TestMetadata	43310	3	4	struct	2
std.zig.Server.Message.TestResults	43313	12	4	struct	4
std.zig.Server.Message.TestResults.Flags	43316	5	5	struct	4
std.zig.Server.Message.TestResults.Status	43321	4	5	enum	3
std.zig.Server.Message.TimeReport	43325	9	4	struct	6
std.zig.Server.Message.TimeReport.Flags	43331	3	5	struct	2
std.zig.Server.Message.EmitDigest	43334	5	4	struct	2
std.zig.Server.Message.EmitDigest.Flags	43336	3	5	struct	2
std.zig.Server.Options	43339	4	3	struct	3
std.zig.Server.TestMetadata	43358	4	3	struct	3
std.zig.Client	43363	15	2	ns	1
std.zig.Client.Message	43364	14	3	struct	2
std.zig.Client.Message.Header	43365	3	4	struct	2
std.zig.Client.Message.Tag	43368	10	4	enum	9
std.zig.TokenSmith	43380	9	2	ns	8
std.zig.string_literal	43389	25	2	ns	8
std.zig.string_literal.ParsedCharLiteral	43391	3	3	union	2
std.zig.string_literal.Result	43394	3	3	union	2
std.zig.string_literal.Error	43397	13	3	union	12
std.zig.number_literal	43414	34	2	ns	6
std.zig.number_literal.Base	43416	5	3	enum	4
std.zig.number_literal.FloatBase	43421	3	3	enum	2
std.zig.number_literal.Result	43424	5	3	union	4
std.zig.number_literal.Error	43429	18	3	union	17
std.zig.primitives	43448	3	2	ns	2
std.zig.Ast	43452	680	2	ns	115
std.zig.Ast.OptionalTokenIndex	43463	6	3	enum	5
std.zig.Ast.TokenOffset	43469	6	3	enum	5
std.zig.Ast.OptionalTokenOffset	43475	4	3	enum	3
std.zig.Ast.Location	43485	5	3	struct	4
std.zig.Ast.Span	43490	4	3	struct	3
std.zig.Ast.Mode	43495	3	3	enum	2
std.zig.Ast.Render	43501	19	3	ns	7
std.zig.Ast.Render.Fixups	43507	12	4	struct	11
std.zig.Ast.full	43601	180	3	struct	17
std.zig.Ast.full.VarDecl	43602	15	4	struct	8
std.zig.Ast.full.VarDecl.Components	43609	7	5	struct	6
std.zig.Ast.full.AssignDestructure	43617	7	4	struct	3
std.zig.Ast.full.AssignDestructure.Components	43620	4	5	struct	3
std.zig.Ast.full.If	43624	10	4	struct	5
std.zig.Ast.full.If.Components	43629	5	5	struct	4
std.zig.Ast.full.While	43634	13	4	struct	7
std.zig.Ast.full.While.Components	43641	6	5	struct	5
std.zig.Ast.full.For	43647	11	4	struct	6
std.zig.Ast.full.For.Components	43653	5	5	struct	4
std.zig.Ast.full.ContainerField	43658	11	4	struct	5
std.zig.Ast.full.ContainerField.Components	43661	6	5	struct	5
std.zig.Ast.full.FnProto	43669	31	4	struct	11
std.zig.Ast.full.FnProto.Components	43676	9	5	struct	8
std.zig.Ast.full.FnProto.Param	43685	6	5	struct	5
std.zig.Ast.full.FnProto.Iterator	43692	7	5	struct	6
std.zig.Ast.full.StructInit	43700	6	4	struct	2
std.zig.Ast.full.StructInit.Components	43702	4	5	struct	3
std.zig.Ast.full.ArrayInit	43706	6	4	struct	2
std.zig.Ast.full.ArrayInit.Components	43708	4	5	struct	3
std.zig.Ast.full.ArrayType	43712	7	4	struct	2
std.zig.Ast.full.ArrayType.Components	43714	5	5	struct	4
std.zig.Ast.full.PtrType	43719	14	4	struct	6
std.zig.Ast.full.PtrType.Components	43725	8	5	struct	7
std.zig.Ast.full.Slice	43733	8	4	struct	2
std.zig.Ast.full.Slice.Components	43735	6	5	struct	5
std.zig.Ast.full.ContainerDecl	43741	8	4	struct	3
std.zig.Ast.full.ContainerDecl.Components	43744	5	5	struct	4
std.zig.Ast.full.Switch	43749	7	4	struct	3
std.zig.Ast.full.Switch.Components	43752	4	5	struct	3
std.zig.Ast.full.SwitchCase	43756	8	4	struct	4
std.zig.Ast.full.SwitchCase.Components	43760	4	5	struct	3
std.zig.Ast.full.Asm	43764	11	4	struct	5
std.zig.Ast.full.Asm.Components	43769	6	5	struct	5
std.zig.Ast.full.Call	43775	6	4	struct	2
std.zig.Ast.full.Call.Components	43777	4	5	struct	3
std.zig.Ast.Error	43781	71	3	struct	6
std.zig.Ast.Error.Tag	43787	65	4	enum	64
std.zig.Ast.ExtraIndex	43852	2	3	enum	1
std.zig.Ast.Node	43854	275	3	struct	25
std.zig.Ast.Node.Index	43858	5	4	enum	4
std.zig.Ast.Node.OptionalIndex	43863	6	4	enum	5
std.zig.Ast.Node.Offset	43869	5	4	enum	4
std.zig.Ast.Node.OptionalOffset	43874	4	4	enum	3
std.zig.Ast.Node.Tag	43878	166	4	enum	165
std.zig.Ast.Node.Data	44044	20	4	union	19
std.zig.Ast.Node.LocalVarDecl	44064	3	4	struct	2
std.zig.Ast.Node.ArrayTypeSentinel	44067	3	4	struct	2
std.zig.Ast.Node.PtrType	44070	4	4	struct	3
std.zig.Ast.Node.PtrTypeBitRange	44074	6	4	struct	5
std.zig.Ast.Node.SubRange	44080	3	4	struct	2
std.zig.Ast.Node.If	44083	3	4	struct	2
std.zig.Ast.Node.ContainerField	44086	3	4	struct	2
std.zig.Ast.Node.GlobalVarDecl	44089	5	4	struct	4
std.zig.Ast.Node.Slice	44094	3	4	struct	2
std.zig.Ast.Node.SliceSentinel	44097	4	4	struct	3
std.zig.Ast.Node.While	44101	4	4	struct	3
std.zig.Ast.Node.WhileCont	44105	3	4	struct	2
std.zig.Ast.Node.For	44108	3	4	struct	2
std.zig.Ast.Node.FnProtoOne	44111	6	4	struct	5
std.zig.Ast.Node.FnProto	44117	7	4	struct	6
std.zig.Ast.Node.Asm	44124	5	4	struct	4
std.zig.AstGen	44132	22	2	ns	21
std.zig.AstSmith	44154	24	2	ns	23
std.zig.Zir	44178	1302	2	ns	36
std.zig.Zir.Header	44182	8	3	struct	7
std.zig.Zir.ExtraIndex	44190	4	3	enum	3
std.zig.Zir.NullTerminatedString	44195	3	3	enum	2
std.zig.Zir.Inst	44204	1106	3	struct	84
std.zig.Zir.Inst.Tag	44207	257	4	enum	256
std.zig.Zir.Inst.Extended	44464	74	4	enum	70
std.zig.Zir.Inst.Extended.InstData	44534	4	5	struct	3
std.zig.Zir.Inst.Index	44538	5	4	enum	4
std.zig.Zir.Inst.OptionalIndex	44543	5	4	enum	4
std.zig.Zir.Inst.Ref	44548	135	4	enum	134
std.zig.Zir.Inst.Data	44683	50	4	union	25
std.zig.Zir.Inst.Data.FieldEnum	44708	25	5	enum	24
std.zig.Zir.Inst.Break	44733	3	4	struct	2
std.zig.Zir.Inst.Asm	44736	17	4	struct	7
std.zig.Zir.Inst.Asm.Small	44741	4	5	struct	3
std.zig.Zir.Inst.Asm.Output	44745	4	5	struct	3
std.zig.Zir.Inst.Asm.Input	44749	4	5	struct	3
std.zig.Zir.Inst.Func	44753	11	4	struct	5
std.zig.Zir.Inst.Func.RetTy	44757	3	5	struct	2
std.zig.Zir.Inst.Func.SrcLocs	44760	4	5	struct	3
std.zig.Zir.Inst.FuncFancy	44764	15	4	struct	4
std.zig.Zir.Inst.FuncFancy.Bits	44768	11	5	struct	10
std.zig.Zir.Inst.MultiOp	44779	2	4	struct	1
std.zig.Zir.Inst.NodeMultiOp	44781	2	4	struct	1
std.zig.Zir.Inst.Block	44783	2	4	struct	1
std.zig.Zir.Inst.BlockComptime	44785	3	4	struct	2
std.zig.Zir.Inst.BoolBr	44788	3	4	struct	2
std.zig.Zir.Inst.Declaration	44791	90	4	struct	11
std.zig.Zir.Inst.Declaration.Unwrapped	44798	26	5	struct	16
std.zig.Zir.Inst.Declaration.Unwrapped.Kind	44799	7	6	enum	6
std.zig.Zir.Inst.Declaration.Unwrapped.Linkage	44806	4	6	enum	3
std.zig.Zir.Inst.Declaration.Flags	44824	44	5	struct	4
std.zig.Zir.Inst.Declaration.Flags.Id	44828	40	6	enum	39
std.zig.Zir.Inst.Declaration.Name	44868	6	5	enum	5
std.zig.Zir.Inst.Declaration.Bodies	44874	6	5	struct	5
std.zig.Zir.Inst.Call	44881	10	4	struct	3
std.zig.Zir.Inst.Call.Flags	44884	7	5	struct	6
std.zig.Zir.Inst.FieldCall	44891	4	4	struct	3
std.zig.Zir.Inst.TypeOfPeer	44895	4	4	struct	3
std.zig.Zir.Inst.BuiltinCall	44899	9	4	struct	5
std.zig.Zir.Inst.BuiltinCall.Flags	44904	4	5	struct	3
std.zig.Zir.Inst.CondBr	44908	4	4	struct	3
std.zig.Zir.Inst.Try	44912	3	4	struct	2
std.zig.Zir.Inst.PtrType	44915	3	4	struct	2
std.zig.Zir.Inst.ArrayTypeSentinel	44918	4	4	struct	3
std.zig.Zir.Inst.SliceStart	44922	3	4	struct	2
std.zig.Zir.Inst.SliceEnd	44925	4	4	struct	3
std.zig.Zir.Inst.SliceSentinel	44929	5	4	struct	4
std.zig.Zir.Inst.SliceLength	44934	6	4	struct	5
std.zig.Zir.Inst.Bin	44940	3	4	struct	2
std.zig.Zir.Inst.BinNode	44943	4	4	struct	3
std.zig.Zir.Inst.ReifySliceArgInfo	44947	6	4	enum	5
std.zig.Zir.Inst.RoundOp	44953	5	4	enum	4
std.zig.Zir.Inst.UnNode	44958	3	4	struct	2
std.zig.Zir.Inst.ElemPtrImm	44961	3	4	struct	2
std.zig.Zir.Inst.ReifyPointer	44964	6	4	struct	5
std.zig.Zir.Inst.ReifyFn	44970	6	4	struct	5
std.zig.Zir.Inst.ReifyStruct	44976	8	4	struct	7
std.zig.Zir.Inst.ReifyUnion	44984	8	4	struct	7
std.zig.Zir.Inst.ReifyEnum	44992	7	4	struct	6
std.zig.Zir.Inst.SwitchBlock	44999	50	4	struct	5
std.zig.Zir.Inst.SwitchBlock.Bits	45002	11	5	struct	10
std.zig.Zir.Inst.SwitchBlock.ProngInfo	45013	20	5	struct	8
std.zig.Zir.Inst.SwitchBlock.ProngInfo.Capture	45019	4	6	enum	3
std.zig.Zir.Inst.SwitchBlock.ProngInfo.NonErr	45023	4	6	struct	3
std.zig.Zir.Inst.SwitchBlock.ProngInfo.Else	45027	6	6	struct	5
std.zig.Zir.Inst.SwitchBlock.ItemInfo	45033	16	5	struct	7
std.zig.Zir.Inst.SwitchBlock.ItemInfo.Kind	45036	5	6	enum	4
std.zig.Zir.Inst.SwitchBlock.ItemInfo.Unwrapped	45041	5	6	union	4
std.zig.Zir.Inst.ArrayInitRefTy	45049	3	4	struct	2
std.zig.Zir.Inst.Field	45052	3	4	struct	2
std.zig.Zir.Inst.FieldNamed	45055	3	4	struct	2
std.zig.Zir.Inst.As	45058	3	4	struct	2
std.zig.Zir.Inst.StructDecl	45061	18	4	struct	7
std.zig.Zir.Inst.StructDecl.Small	45068	11	5	struct	10
std.zig.Zir.Inst.Capture	45079	11	4	struct	5
std.zig.Zir.Inst.Capture.Unwrapped	45082	6	5	union	5
std.zig.Zir.Inst.NameStrategy	45090	5	4	enum	4
std.zig.Zir.Inst.FullPtrCastFlags	45095	7	4	struct	6
std.zig.Zir.Inst.BuiltinValue	45102	21	4	enum	20
std.zig.Zir.Inst.InplaceOp	45123	3	4	enum	2
std.zig.Zir.Inst.EnumDecl	45126	16	4	struct	7
std.zig.Zir.Inst.EnumDecl.Small	45133	9	5	struct	8
std.zig.Zir.Inst.UnionDecl	45142	26	4	struct	8
std.zig.Zir.Inst.UnionDecl.Small	45149	9	5	struct	8
std.zig.Zir.Inst.UnionDecl.Kind	45158	10	5	enum	9
std.zig.Zir.Inst.OpaqueDecl	45168	8	4	struct	3
std.zig.Zir.Inst.OpaqueDecl.Small	45171	5	5	struct	4
std.zig.Zir.Inst.TupleDecl	45176	2	4	struct	1
std.zig.Zir.Inst.ErrorSetDecl	45178	2	4	struct	1
std.zig.Zir.Inst.Float128	45180	6	4	struct	5
std.zig.Zir.Inst.StructInit	45186	7	4	struct	4
std.zig.Zir.Inst.StructInit.Item	45190	3	5	struct	2
std.zig.Zir.Inst.StructInitAnon	45193	7	4	struct	4
std.zig.Zir.Inst.StructInitAnon.Item	45197	3	5	struct	2
std.zig.Zir.Inst.FieldType	45200	3	4	struct	2
std.zig.Zir.Inst.FieldTypeRef	45203	3	4	struct	2
std.zig.Zir.Inst.Cmpxchg	45206	7	4	struct	6
std.zig.Zir.Inst.AtomicRmw	45213	5	4	struct	4
std.zig.Zir.Inst.UnionInit	45218	4	4	struct	3
std.zig.Zir.Inst.AtomicStore	45222	4	4	struct	3
std.zig.Zir.Inst.AtomicLoad	45226	4	4	struct	3
std.zig.Zir.Inst.MulAdd	45230	4	4	struct	3
std.zig.Zir.Inst.FieldParentPtr	45234	5	4	struct	4
std.zig.Zir.Inst.Shuffle	45239	5	4	struct	4
std.zig.Zir.Inst.Select	45244	6	4	struct	5
std.zig.Zir.Inst.Param	45250	6	4	struct	3
std.zig.Zir.Inst.Param.Type	45253	3	5	struct	2
std.zig.Zir.Inst.AllocExtended	45256	8	4	struct	2
std.zig.Zir.Inst.AllocExtended.Small	45258	6	5	struct	5
std.zig.Zir.Inst.Export	45264	3	4	struct	2
std.zig.Zir.Inst.CompileErrors	45267	9	4	struct	2
std.zig.Zir.Inst.CompileErrors.Item	45269	7	5	struct	6
std.zig.Zir.Inst.Imports	45276	5	4	struct	2
std.zig.Zir.Inst.Imports.Item	45278	3	5	struct	2
std.zig.Zir.Inst.LineColumn	45281	3	4	struct	2
std.zig.Zir.Inst.ArrayInit	45284	3	4	struct	2
std.zig.Zir.Inst.Src	45287	4	4	struct	3
std.zig.Zir.Inst.DeferErrCode	45291	4	4	struct	3
std.zig.Zir.Inst.ValidateDestructure	45295	4	4	struct	3
std.zig.Zir.Inst.ArrayMul	45299	4	4	struct	3
std.zig.Zir.Inst.RestoreErrRetIndex	45303	4	4	struct	3
std.zig.Zir.Inst.Import	45307	3	4	struct	2
std.zig.Zir.DeclContents	45310	7	3	struct	6
std.zig.Zir.FnInfo	45319	9	3	struct	8
std.zig.Zir.UnwrappedSwitchBlock	45334	48	3	struct	21
std.zig.Zir.UnwrappedSwitchBlock.Case	45354	27	4	struct	8
std.zig.Zir.UnwrappedSwitchBlock.Case.Index	45359	4	5	struct	3
std.zig.Zir.UnwrappedSwitchBlock.Case.NonErr	45363	4	5	struct	3
std.zig.Zir.UnwrappedSwitchBlock.Case.Else	45367	7	5	struct	6
std.zig.Zir.UnwrappedSwitchBlock.Case.Iterator	45374	7	5	struct	6
std.zig.Zir.UnwrappedStructDecl	45386	32	3	struct	16
std.zig.Zir.UnwrappedStructDecl.FieldIterator	45402	16	4	struct	9
std.zig.Zir.UnwrappedStructDecl.FieldIterator.Field	45410	7	5	struct	6
std.zig.Zir.UnwrappedUnionDecl	45419	29	3	struct	15
std.zig.Zir.UnwrappedUnionDecl.FieldIterator	45434	14	4	struct	8
std.zig.Zir.UnwrappedUnionDecl.FieldIterator.Field	45441	6	5	struct	5
std.zig.Zir.UnwrappedEnumDecl	45449	23	3	struct	13
std.zig.Zir.UnwrappedEnumDecl.FieldIterator	45462	10	4	struct	6
std.zig.Zir.UnwrappedEnumDecl.FieldIterator.Field	45467	4	5	struct	3
std.zig.Zir.UnwrappedOpaqueDecl	45473	7	3	struct	6
std.zig.Zoir	45480	81	2	ns	12
std.zig.Zoir.Header	45487	11	3	struct	10
std.zig.Zoir.Node	45500	47	3	union	16
std.zig.Zoir.Node.Index	45515	9	4	enum	5
std.zig.Zoir.Node.Index.Range	45520	4	5	struct	3
std.zig.Zoir.Node.Repr	45524	23	4	struct	4
std.zig.Zoir.Node.Repr.Tag	45528	19	5	enum	18
std.zig.Zoir.NullTerminatedString	45547	3	3	enum	2
std.zig.Zoir.CompileError	45550	11	3	struct	7
std.zig.Zoir.CompileError.Note	45557	4	4	struct	3
std.zig.ZonGen	45561	16	2	ns	14
std.zig.ZonGen.Options	45572	2	3	struct	1
std.zig.system	45577	54	2	ns	10
std.zig.system.NativePaths	45578	17	3	ns	16
std.zig.system.windows	45595	7	3	ns	6
std.zig.system.darwin	45602	6	3	ns	3
std.zig.system.darwin.macos	45603	3	4	ns	2
std.zig.system.linux	45608	2	3	ns	1
std.zig.system.Executor	45610	9	3	union	8
std.zig.system.GetExternalExecutorOptions	45619	8	3	struct	7
std.zig.BuiltinFn	45631	140	2	ns	8
std.zig.BuiltinFn.Tag	45632	129	3	enum	128
std.zig.BuiltinFn.EvalToError	45761	4	3	enum	3
std.zig.AstRlAnnotate	45771	7	2	ns	6
std.zig.LibCInstallation	45778	41	2	ns	16
std.zig.LibCInstallation.FindNativeOptions	45788	4	3	struct	3
std.zig.LibCInstallation.CCPrintFileNameOptions	45794	5	3	struct	4
std.zig.LibCInstallation.CrtBasenames	45799	13	3	struct	7
std.zig.LibCInstallation.CrtBasenames.GetArgs	45805	6	4	struct	5
std.zig.LibCInstallation.CrtPaths	45812	6	3	struct	5
std.zig.WindowsSdk	45819	9	2	ns	6
std.zig.WindowsSdk.Installation	45825	3	3	struct	2
std.zig.LibCDirs	45828	11	2	ns	8
std.zig.LibCDirs.DarwinSdkLayout	45834	3	3	enum	2
std.zig.target	45839	26	2	ns	19
std.zig.target.ArchOsAbi	45840	7	3	struct	6
std.zig.llvm	45865	1996	2	ns	3
std.zig.llvm.BitcodeReader	45866	30	3	ns	17
std.zig.llvm.BitcodeReader.Item	45875	4	4	union	3
std.zig.llvm.BitcodeReader.Block	45879	4	4	struct	3
std.zig.llvm.BitcodeReader.Record	45883	5	4	struct	4
std.zig.llvm.BitcodeReader.InitOptions	45888	3	4	struct	2
std.zig.llvm.bitcode_writer	45896	30	3	ns	3
std.zig.llvm.bitcode_writer.AbbrevOp	45897	11	4	union	10
std.zig.llvm.bitcode_writer.BitcodeWriter	45909	17	4	fn	16
std.zig.llvm.Builder	45926	1935	3	ns	230
std.zig.llvm.Builder.Options	45977	6	4	struct	5
std.zig.llvm.Builder.String	45983	9	4	enum	8
std.zig.llvm.Builder.BinaryOpcode	45992	14	4	enum	13
std.zig.llvm.Builder.CastOpcode	46006	14	4	enum	13
std.zig.llvm.Builder.CmpPredicate	46020	27	4	enum	26
std.zig.llvm.Builder.Type	46047	117	4	enum	65
std.zig.llvm.Builder.Type.Tag	46074	14	5	enum	13
std.zig.llvm.Builder.Type.Simple	46088	14	5	enum	13
std.zig.llvm.Builder.Type.Function	46102	6	5	struct	3
std.zig.llvm.Builder.Type.Function.Kind	46105	3	6	enum	2
std.zig.llvm.Builder.Type.Target	46108	4	5	struct	3
std.zig.llvm.Builder.Type.Vector	46112	6	5	struct	3
std.zig.llvm.Builder.Type.Vector.Kind	46115	3	6	enum	2
std.zig.llvm.Builder.Type.Array	46118	4	5	struct	3
std.zig.llvm.Builder.Type.Structure	46122	5	5	struct	2
std.zig.llvm.Builder.Type.Structure.Kind	46124	3	6	enum	2
std.zig.llvm.Builder.Type.NamedStructure	46127	3	5	struct	2
std.zig.llvm.Builder.Type.Item	46130	4	5	struct	3
std.zig.llvm.Builder.Attribute	46164	246	4	union	97
std.zig.llvm.Builder.Attribute.Index	46253	5	5	enum	4
std.zig.llvm.Builder.Attribute.Kind	46258	92	5	enum	91
std.zig.llvm.Builder.Attribute.FpClass	46350	28	5	struct	27
std.zig.llvm.Builder.Attribute.AllocKind	46378	8	5	struct	7
std.zig.llvm.Builder.Attribute.AllocSize	46386	4	5	struct	3
std.zig.llvm.Builder.Attribute.Memory	46390	10	5	struct	5
std.zig.llvm.Builder.Attribute.Memory.Effect	46395	5	6	enum	4
std.zig.llvm.Builder.Attribute.UwTable	46400	5	5	enum	4
std.zig.llvm.Builder.Attribute.VScaleRange	46405	4	5	struct	3
std.zig.llvm.Builder.Attributes	46410	5	4	enum	4
std.zig.llvm.Builder.FunctionAttributes	46415	20	4	enum	7
std.zig.llvm.Builder.FunctionAttributes.Wip	46418	13	5	struct	12
std.zig.llvm.Builder.Linkage	46435	14	4	enum	13
std.zig.llvm.Builder.Preemption	46449	5	4	enum	4
std.zig.llvm.Builder.Visibility	46454	6	4	enum	5
std.zig.llvm.Builder.DllStorageClass	46460	5	4	enum	4
std.zig.llvm.Builder.ThreadLocal	46465	12	4	enum	8
std.zig.llvm.Builder.ThreadLocal.Prefixed	46472	4	5	struct	3
std.zig.llvm.Builder.Mutability	46477	3	4	enum	2
std.zig.llvm.Builder.UnnamedAddr	46480	5	4	enum	4
std.zig.llvm.Builder.AddrSpace	46485	76	4	enum	12
std.zig.llvm.Builder.AddrSpace.x86	46488	7	5	struct	6
std.zig.llvm.Builder.AddrSpace.avr	46496	8	5	struct	7
std.zig.llvm.Builder.AddrSpace.nvptx	46504	7	5	struct	6
std.zig.llvm.Builder.AddrSpace.amdgpu	46511	30	5	struct	29
std.zig.llvm.Builder.AddrSpace.spirv	46541	9	5	struct	8
std.zig.llvm.Builder.AddrSpace.wasm	46550	5	5	struct	4
std.zig.llvm.Builder.AddrSpace.Prefixed	46556	4	5	struct	3
std.zig.llvm.Builder.ExternallyInitialized	46561	4	4	enum	3
std.zig.llvm.Builder.Alignment	46565	15	4	enum	8
std.zig.llvm.Builder.Alignment.Lazy	46568	4	5	enum	3
std.zig.llvm.Builder.Alignment.Prefixed	46575	4	5	struct	3
std.zig.llvm.Builder.CallConv	46580	56	4	enum	55
std.zig.llvm.Builder.StrtabString	46636	7	4	enum	6
std.zig.llvm.Builder.Global	46649	38	4	struct	12
std.zig.llvm.Builder.Global.Index	46661	26	5	enum	25
std.zig.llvm.Builder.Alias	46687	16	4	struct	4
std.zig.llvm.Builder.Alias.Index	46691	12	5	enum	11
std.zig.llvm.Builder.Variable	46703	25	4	struct	7
std.zig.llvm.Builder.Variable.Index	46710	18	5	enum	17
std.zig.llvm.Builder.Intrinsic	46728	143	4	enum	142
std.zig.llvm.Builder.Function	46871	316	4	struct	18
std.zig.llvm.Builder.Function.Index	46885	18	5	enum	17
std.zig.llvm.Builder.Function.Block	46903	3	5	struct	2
std.zig.llvm.Builder.Function.Instruction	46906	279	5	struct	25
std.zig.llvm.Builder.Function.Instruction.Tag	46909	139	6	enum	138
std.zig.llvm.Builder.Function.Instruction.Index	47048	11	6	enum	10
std.zig.llvm.Builder.Function.Instruction.BrCond	47060	11	6	struct	5
std.zig.llvm.Builder.Function.Instruction.BrCond.Weights	47065	6	7	enum	5
std.zig.llvm.Builder.Function.Instruction.Switch	47071	5	6	struct	4
std.zig.llvm.Builder.Function.Instruction.IndirectBr	47076	3	6	struct	2
std.zig.llvm.Builder.Function.Instruction.Binary	47079	3	6	struct	2
std.zig.llvm.Builder.Function.Instruction.ExtractElement	47082	3	6	struct	2
std.zig.llvm.Builder.Function.Instruction.InsertElement	47085	4	6	struct	3
std.zig.llvm.Builder.Function.Instruction.ShuffleVector	47089	4	6	struct	3
std.zig.llvm.Builder.Function.Instruction.ExtractValue	47093	3	6	struct	2
std.zig.llvm.Builder.Function.Instruction.InsertValue	47096	4	6	struct	3
std.zig.llvm.Builder.Function.Instruction.Alloca	47100	11	6	struct	5
std.zig.llvm.Builder.Function.Instruction.Alloca.Kind	47104	3	7	enum	2
std.zig.llvm.Builder.Function.Instruction.Alloca.Info	47107	4	7	struct	3
std.zig.llvm.Builder.Function.Instruction.Load	47111	4	6	struct	3
std.zig.llvm.Builder.Function.Instruction.Store	47115	4	6	struct	3
std.zig.llvm.Builder.Function.Instruction.CmpXchg	47119	8	6	struct	5
std.zig.llvm.Builder.Function.Instruction.CmpXchg.Kind	47124	3	7	enum	2
std.zig.llvm.Builder.Function.Instruction.AtomicRmw	47127	21	6	struct	4
std.zig.llvm.Builder.Function.Instruction.AtomicRmw.Operation	47131	17	7	enum	16
std.zig.llvm.Builder.Function.Instruction.GetElementPtr	47148	5	6	struct	4
std.zig.llvm.Builder.Function.Instruction.Cast	47153	4	6	struct	3
std.zig.llvm.Builder.Function.Instruction.Phi	47157	2	6	struct	1
std.zig.llvm.Builder.Function.Instruction.Select	47159	4	6	struct	3
std.zig.llvm.Builder.Function.Instruction.Call	47163	19	6	struct	7
std.zig.llvm.Builder.Function.Instruction.Call.Kind	47169	9	7	enum	8
std.zig.llvm.Builder.Function.Instruction.Call.Info	47178	4	7	struct	3
std.zig.llvm.Builder.Function.Instruction.VaArg	47182	3	6	struct	2
std.zig.llvm.Builder.DebugLocation	47187	9	4	union	4
std.zig.llvm.Builder.DebugLocation.Location	47190	5	5	struct	4
std.zig.llvm.Builder.WipFunction	47196	81	4	struct	66
std.zig.llvm.Builder.WipFunction.Cursor	47209	3	5	struct	2
std.zig.llvm.Builder.WipFunction.Block	47212	5	5	struct	4
std.zig.llvm.Builder.WipFunction.WipSwitch	47225	5	5	struct	4
std.zig.llvm.Builder.WipFunction.WipPhi	47258	5	5	struct	4
std.zig.llvm.Builder.FloatCondition	47277	15	4	enum	14
std.zig.llvm.Builder.IntegerCondition	47292	11	4	enum	10
std.zig.llvm.Builder.MemoryAccessKind	47303	9	4	enum	5
std.zig.llvm.Builder.MemoryAccessKind.Prefixed	47307	4	5	struct	3
std.zig.llvm.Builder.SyncScope	47312	9	4	enum	5
std.zig.llvm.Builder.SyncScope.Prefixed	47316	4	5	struct	3
std.zig.llvm.Builder.AtomicOrdering	47321	14	4	enum	10
std.zig.llvm.Builder.AtomicOrdering.Prefixed	47330	4	5	struct	3
std.zig.llvm.Builder.FastMath	47335	10	4	struct	9
std.zig.llvm.Builder.FastMathKind	47345	4	4	enum	3
std.zig.llvm.Builder.Constant	47349	130	4	enum	26
std.zig.llvm.Builder.Constant.Tag	47357	57	5	enum	56
std.zig.llvm.Builder.Constant.Item	47414	3	5	struct	2
std.zig.llvm.Builder.Constant.Integer	47417	4	5	struct	3
std.zig.llvm.Builder.Constant.Double	47421	3	5	struct	2
std.zig.llvm.Builder.Constant.Fp80	47424	4	5	struct	3
std.zig.llvm.Builder.Constant.Fp128	47428	5	5	struct	4
std.zig.llvm.Builder.Constant.Aggregate	47433	2	5	struct	1
std.zig.llvm.Builder.Constant.Splat	47435	3	5	struct	2
std.zig.llvm.Builder.Constant.BlockAddress	47438	3	5	struct	2
std.zig.llvm.Builder.Constant.Cast	47441	7	5	struct	3
std.zig.llvm.Builder.Constant.Cast.Signedness	47444	4	6	enum	3
std.zig.llvm.Builder.Constant.GetElementPtr	47448	13	5	struct	6
std.zig.llvm.Builder.Constant.GetElementPtr.Kind	47452	3	6	enum	2
std.zig.llvm.Builder.Constant.GetElementPtr.InRangeIndex	47455	3	6	enum	2
std.zig.llvm.Builder.Constant.GetElementPtr.Info	47458	3	6	struct	2
std.zig.llvm.Builder.Constant.Binary	47461	3	5	struct	2
std.zig.llvm.Builder.Constant.Assembly	47464	9	5	struct	4
std.zig.llvm.Builder.Constant.Assembly.Info	47468	5	6	struct	4
std.zig.llvm.Builder.Value	47479	12	4	enum	11
std.zig.llvm.Builder.Metadata	47491	232	4	struct	35
std.zig.llvm.Builder.Metadata.Kind	47495	5	5	enum	4
std.zig.llvm.Builder.Metadata.Optional	47501	10	5	struct	9
std.zig.llvm.Builder.Metadata.String	47513	11	5	enum	5
std.zig.llvm.Builder.Metadata.String.Optional	47515	6	6	enum	5
std.zig.llvm.Builder.Metadata.Tag	47525	40	5	enum	39
std.zig.llvm.Builder.Metadata.Item	47569	3	5	struct	2
std.zig.llvm.Builder.Metadata.DIFlags	47572	31	5	struct	30
std.zig.llvm.Builder.Metadata.File	47603	3	5	struct	2
std.zig.llvm.Builder.Metadata.CompileUnit	47606	7	5	struct	5
std.zig.llvm.Builder.Metadata.CompileUnit.Options	47607	2	6	struct	1
std.zig.llvm.Builder.Metadata.Subprogram	47613	26	5	struct	10
std.zig.llvm.Builder.Metadata.Subprogram.Options	47614	3	6	struct	2
std.zig.llvm.Builder.Metadata.Subprogram.DISPFlags	47617	14	6	struct	13
std.zig.llvm.Builder.Metadata.LexicalBlock	47640	5	5	struct	4
std.zig.llvm.Builder.Metadata.Location	47645	5	5	struct	4
std.zig.llvm.Builder.Metadata.BasicType	47650	5	5	struct	4
std.zig.llvm.Builder.Metadata.CompositeType	47655	13	5	struct	12
std.zig.llvm.Builder.Metadata.DerivedType	47668	15	5	struct	14
std.zig.llvm.Builder.Metadata.SubroutineType	47683	2	5	struct	1
std.zig.llvm.Builder.Metadata.Enumerator	47685	5	5	struct	4
std.zig.llvm.Builder.Metadata.Subrange	47690	3	5	struct	2
std.zig.llvm.Builder.Metadata.Expression	47693	2	5	struct	1
std.zig.llvm.Builder.Metadata.Tuple	47695	2	5	struct	1
std.zig.llvm.Builder.Metadata.LocalVar	47697	6	5	struct	5
std.zig.llvm.Builder.Metadata.Parameter	47703	7	5	struct	6
std.zig.llvm.Builder.Metadata.GlobalVar	47710	10	5	struct	8
std.zig.llvm.Builder.Metadata.GlobalVar.Options	47711	2	6	struct	1
std.zig.llvm.Builder.Metadata.GlobalVarExpression	47720	3	5	struct	2
std.zig.llvm.Builder.Producer	47857	3	4	struct	2
std.zig.c_translation	47864	77	2	struct	2
std.zig.c_translation.builtins	47865	57	3	ns	56
std.zig.c_translation.helpers	47922	19	3	ns	18
std.zig.Color	47943	5	2	enum	4
std.zig.Loc	47952	5	2	struct	4
std.zig.BinNameOptions	47959	6	2	struct	5
std.zig.SanitizeC	47966	4	2	enum	3
std.zig.BuildId	47970	15	2	union	11
std.zig.BuildId.HexString	47978	4	3	struct	3
std.zig.LtoMode	47985	4	2	enum	3
std.zig.Subsystem	47989	17	2	enum	16
std.zig.CompressDebugSections	48006	4	2	enum	3
std.zig.RcIncludes	48010	5	2	enum	4
std.zig.FormatId	48021	7	2	struct	4
std.zig.FormatId.Flags	48024	3	3	struct	2
std.zig.EnvVar	48039	29	2	enum	28
std.zig.SimpleComptimeReason	48068	81	2	enum	80
std.zig.EmitArtifact	48149	11	2	enum	10
std.zig.ClangCliParam	48160	105	2	struct	10
std.zig.ClangCliParam.Syntax	48167	9	3	union	8
std.zig.ClangCliParam.ZigEquivalent	48176	87	3	enum	86
std.zip	48265	110	1	ns	17
std.zip.CompressionMethod	48266	4	2	enum	3
std.zip.ExtraHeader	48275	3	2	enum	2
std.zip.LocalFileHeader	48278	12	2	struct	11
std.zip.CentralDirectoryFileHeader	48290	18	2	struct	17
std.zip.EndRecord64	48308	11	2	struct	10
std.zip.EndLocator64	48319	5	2	struct	4
std.zip.EndRecord	48324	14	2	struct	13
std.zip.Decompress	48338	4	2	struct	3
std.zip.Iterator	48342	22	2	struct	9
std.zip.Iterator.Entry	48351	13	3	struct	12
std.zip.Diagnostics	48364	6	2	struct	5
std.zip.ExtractOptions	48370	4	2	struct	3
std.zon	48375	102	1	ns	3
std.zon.parse	48376	38	2	ns	10
std.zon.parse.Options	48377	3	3	struct	2
std.zon.parse.Error	48380	20	3	union	7
std.zon.parse.Error.Note	48383	10	4	union	5
std.zon.parse.Error.Note.Iterator	48386	5	5	struct	4
std.zon.parse.Error.Iterator	48393	4	4	struct	3
std.zon.parse.Diagnostics	48400	7	3	struct	6
std.zon.stringify	48414	9	2	ns	4
std.zon.stringify.SerializeOptions	48415	5	3	struct	4
std.zon.Serializer	48423	54	2	ns	28
std.zon.Serializer.Options	48429	2	3	struct	1
std.zon.Serializer.ContainerOptions	48431	2	3	struct	1
std.zon.Serializer.ValueOptions	48433	4	3	struct	3
std.zon.Serializer.EmitCodepointLiterals	48437	4	3	enum	3
std.zon.Serializer.MultilineStringOptions	48453	2	3	struct	1
std.zon.Serializer.Tuple	48459	9	3	struct	8
std.zon.Serializer.Struct	48468	9	3	struct	8
std.Options	48479	22	1	struct	21
