path	first_param	io	generic
std.ArrayList	other	no	yes
std.BitStack.deinit	self	no	no
std.BitStack.ensureTotalCapacity	self	no	no
std.BitStack.init	allocator	no	no
std.BitStack.peek	self	no	no
std.BitStack.peekWithState	other	no	no
std.BitStack.pop	self	no	no
std.BitStack.popWithState	other	no	no
std.BitStack.push	self	no	no
std.BitStack.pushWithStateAssumeCapacity	other	no	no
std.BufMap.copy	self	no	no
std.BufMap.count	self	no	no
std.BufMap.deinit	self	no	no
std.BufMap.free	self	no	no
std.BufMap.get	self	no	no
std.BufMap.getPtr	self	no	no
std.BufMap.init	allocator	no	no
std.BufMap.iterator	self	no	no
std.BufMap.put	self	no	no
std.BufMap.putMove	self	no	no
std.BufMap.remove	self	no	no
std.BufSet.allocator	self	no	no
std.BufSet.clone	self	no	no
std.BufSet.cloneWithAllocator	self	no	no
std.BufSet.contains	self	no	no
std.BufSet.copy	self	no	no
std.BufSet.count	self	no	no
std.BufSet.deinit	self	no	no
std.BufSet.free	self	no	no
std.BufSet.init	allocator	no	no
std.BufSet.insert	self	no	no
std.BufSet.iterator	self	no	no
std.BufSet.remove	self	no	no
std.Build.Cache.DepTokenizer.Token.errStr	self	no	no
std.Build.Cache.DepTokenizer.Token.printError	self	no	no
std.Build.Cache.DepTokenizer.Token.resolve	self	no	no
std.Build.Cache.DepTokenizer.depTokenizer	other	no	no
std.Build.Cache.DepTokenizer.errorIllegalChar	other	no	yes
std.Build.Cache.DepTokenizer.errorPosition	other	no	yes
std.Build.Cache.DepTokenizer.finishPrereq	other	no	no
std.Build.Cache.DepTokenizer.finishTarget	other	no	no
std.Build.Cache.DepTokenizer.next	self	no	no
std.Build.Cache.DepTokenizer.printCharValues	allocator	no	no
std.Build.Cache.DepTokenizer.printUnderstandableChar	allocator	no	no
std.Build.Cache.Directory.clone	other	no	no
std.Build.Cache.Directory.closeAndFree	self	yes	no
std.Build.Cache.Directory.cwd	none	no	no
std.Build.Cache.Directory.eql	self	no	no
std.Build.Cache.Directory.format	self	yes	no
std.Build.Cache.Directory.join	self	no	no
std.Build.Cache.Directory.joinZ	self	no	no
std.Build.Cache.File.Stat.fromFs	other	yes	no
std.Build.Cache.File.deinit	self	no	no
std.Build.Cache.File.updateHandle	other	yes	no
std.Build.Cache.File.updateMaxSize	other	no	no
std.Build.Cache.HashHelper.add	other	no	yes
std.Build.Cache.HashHelper.addBytes	other	no	no
std.Build.Cache.HashHelper.addListOfBytes	other	no	no
std.Build.Cache.HashHelper.addOptional	other	no	yes
std.Build.Cache.HashHelper.addOptionalBytes	other	no	no
std.Build.Cache.HashHelper.addOptionalListOfBytes	other	no	no
std.Build.Cache.HashHelper.final	other	no	no
std.Build.Cache.HashHelper.oneShot	other	no	no
std.Build.Cache.HashHelper.peek	other	no	no
std.Build.Cache.HashHelper.peekBin	other	no	no
std.Build.Cache.Lock.release	other	yes	no
std.Build.Cache.Manifest.FilesAdapter.eql	other	no	no
std.Build.Cache.Manifest.FilesAdapter.hash	other	no	no
std.Build.Cache.Manifest.FilesContext.eql	other	no	no
std.Build.Cache.Manifest.FilesContext.hash	other	no	no
std.Build.Cache.Manifest.addDepFile	self	yes	no
std.Build.Cache.Manifest.addDepFileMaybePost	self	yes	no
std.Build.Cache.Manifest.addDepFilePost	self	yes	no
std.Build.Cache.Manifest.addFile	self	no	no
std.Build.Cache.Manifest.addFileInner	self	yes	no
std.Build.Cache.Manifest.addFilePath	other	no	no
std.Build.Cache.Manifest.addFilePost	self	no	no
std.Build.Cache.Manifest.addFilePostContents	self	no	no
std.Build.Cache.Manifest.addFilePostFetch	self	no	no
std.Build.Cache.Manifest.addListOfFiles	self	no	no
std.Build.Cache.Manifest.addOpenedFile	other	yes	no
std.Build.Cache.Manifest.addOptionalFile	self	no	no
std.Build.Cache.Manifest.addOptionalFilePath	self	no	no
std.Build.Cache.Manifest.deinit	self	no	no
std.Build.Cache.Manifest.downgradeToSharedLock	self	no	no
std.Build.Cache.Manifest.final	self	no	no
std.Build.Cache.Manifest.finalBin	self	no	no
std.Build.Cache.Manifest.hit	self	no	no
std.Build.Cache.Manifest.hitWithCurrentLock	self	no	no
std.Build.Cache.Manifest.isProblematicTimestamp	other	yes	no
std.Build.Cache.Manifest.populateFileHash	self	no	no
std.Build.Cache.Manifest.populateFileHashHandle	self	yes	no
std.Build.Cache.Manifest.populateFileSystemInputs	other	no	no
std.Build.Cache.Manifest.populateOtherManifest	other	no	no
std.Build.Cache.Manifest.toOwnedLock	self	no	no
std.Build.Cache.Manifest.unhit	self	no	no
std.Build.Cache.Manifest.upgradeToExclusiveLock	self	no	no
std.Build.Cache.Manifest.writeDirtyManifestToStream	self	yes	no
std.Build.Cache.Manifest.writeManifest	self	no	no
std.Build.Cache.Path.TableAdapter.eql	self	no	no
std.Build.Cache.Path.TableAdapter.hash	self	no	no
std.Build.Cache.Path.access	other	yes	no
std.Build.Cache.Path.atomicFile	other	yes	no
std.Build.Cache.Path.basename	other	no	no
std.Build.Cache.Path.clone	other	no	no
std.Build.Cache.Path.createDirPath	other	yes	no
std.Build.Cache.Path.createDirPathOpen	other	yes	no
std.Build.Cache.Path.cwd	none	no	no
std.Build.Cache.Path.eql	self	no	no
std.Build.Cache.Path.fmtEscapeChar	other	no	no
std.Build.Cache.Path.fmtEscapeString	other	no	no
std.Build.Cache.Path.format	self	yes	no
std.Build.Cache.Path.formatEscapeChar	other	yes	no
std.Build.Cache.Path.formatEscapeString	other	yes	no
std.Build.Cache.Path.initCwd	other	no	no
std.Build.Cache.Path.join	other	no	no
std.Build.Cache.Path.joinString	other	no	no
std.Build.Cache.Path.joinStringZ	other	no	no
std.Build.Cache.Path.openDir	other	yes	no
std.Build.Cache.Path.openFile	other	yes	no
std.Build.Cache.Path.resolvePosix	other	no	no
std.Build.Cache.Path.statFile	other	yes	no
std.Build.Cache.Path.stem	other	no	no
std.Build.Cache.Path.subPathOpt	self	no	no
std.Build.Cache.Path.subPathOrDot	self	no	no
std.Build.Cache.Path.toString	other	no	no
std.Build.Cache.Path.toStringZ	other	no	no
std.Build.Cache.PrefixedPath.eql	other	no	no
std.Build.Cache.PrefixedPath.hash	other	no	no
std.Build.Cache.addPrefix	other	no	no
std.Build.Cache.binToHex	other	no	no
std.Build.Cache.findPrefix	other	no	no
std.Build.Cache.findPrefixResolved	other	no	no
std.Build.Cache.getPrefixSubpath	allocator	no	no
std.Build.Cache.hashFile	other	yes	no
std.Build.Cache.obtain	other	no	no
std.Build.Cache.prefixes	other	no	no
std.Build.Cache.testGetCurrentFileTimestamp	other	yes	no
std.Build.Dependency.artifact	other	no	no
std.Build.Dependency.module	other	no	no
std.Build.Dependency.namedLazyPath	other	no	no
std.Build.Dependency.namedWriteFiles	other	no	no
std.Build.Dependency.path	other	no	no
std.Build.Fuzz.CoverageMap.deinit	other	no	no
std.Build.Fuzz.addEntryPoint	other	no	no
std.Build.Fuzz.coverageRun	other	no	no
std.Build.Fuzz.coverageRunCancelable	other	yes	no
std.Build.Fuzz.deinit	other	no	no
std.Build.Fuzz.fuzzWorkerRun	other	no	no
std.Build.Fuzz.init	allocator	yes	no
std.Build.Fuzz.prepareTables	other	no	no
std.Build.Fuzz.rebuildTestsWorkerRun	other	no	no
std.Build.Fuzz.rebuildTestsWorkerRunFallible	other	no	no
std.Build.Fuzz.sendUpdate	other	no	no
std.Build.Fuzz.serveSourcesTar	other	no	no
std.Build.Fuzz.start	other	no	no
std.Build.Fuzz.waitAndPrintReport	other	yes	no
std.Build.GeneratedFile.getPath	other	no	no
std.Build.GeneratedFile.getPath2	other	no	no
std.Build.GeneratedFile.getPath3	other	yes	no
std.Build.InitializedDepContext.eql	other	no	no
std.Build.InitializedDepContext.hash	other	no	no
std.Build.InstallDir.dupe	other	no	no
std.Build.LazyPath.addStepDependencies	other	no	no
std.Build.LazyPath.basename	other	no	no
std.Build.LazyPath.dirname	other	no	no
std.Build.LazyPath.dupe	other	no	no
std.Build.LazyPath.dupeInner	other	no	no
std.Build.LazyPath.getDisplayName	other	no	no
std.Build.LazyPath.getPath	other	no	no
std.Build.LazyPath.getPath2	other	no	no
std.Build.LazyPath.getPath3	other	no	no
std.Build.LazyPath.getPath4	other	yes	no
std.Build.LazyPath.join	other	no	no
std.Build.LazyPath.path	other	no	no
std.Build.Module.CSourceFile.dupe	other	no	no
std.Build.Module.CSourceLanguage.internalIdentifier	self	no	no
std.Build.Module.IncludeDir.appendZigProcessFlags	other	no	no
std.Build.Module.RcSourceFile.dupe	other	no	no
std.Build.Module.addAfterIncludePath	other	no	no
std.Build.Module.addAnonymousImport	other	no	no
std.Build.Module.addAssemblyFile	other	no	no
std.Build.Module.addCMacro	other	no	no
std.Build.Module.addCSourceFile	other	no	no
std.Build.Module.addCSourceFiles	other	no	no
std.Build.Module.addConfigHeader	other	no	no
std.Build.Module.addEmbedPath	other	no	no
std.Build.Module.addFlag	other	no	no
std.Build.Module.addFrameworkPath	other	no	no
std.Build.Module.addImport	other	no	no
std.Build.Module.addIncludePath	other	no	no
std.Build.Module.addLibraryPath	other	no	no
std.Build.Module.addObject	other	no	no
std.Build.Module.addObjectFile	other	no	no
std.Build.Module.addOptions	other	no	no
std.Build.Module.addRPath	other	no	no
std.Build.Module.addRPathSpecial	other	no	no
std.Build.Module.addSystemFrameworkPath	other	no	no
std.Build.Module.addSystemIncludePath	other	no	no
std.Build.Module.addWin32ResourceFile	other	no	no
std.Build.Module.appendZigProcessFlags	other	no	no
std.Build.Module.create	other	no	no
std.Build.Module.getGraph	other	no	no
std.Build.Module.init	other	no	no
std.Build.Module.linkFramework	other	no	no
std.Build.Module.linkLibrary	other	no	no
std.Build.Module.linkLibraryOrObject	other	no	no
std.Build.Module.linkSystemLibrary	other	no	no
std.Build.Module.requireKnownTarget	other	no	no
std.Build.OrderedUserInputOption.fromUnordered	allocator	no	no
std.Build.OrderedUserInputOption.hash	other	no	no
std.Build.OrderedUserInputOption.lessThan	other	no	no
std.Build.OrderedUserValue.Pair.lessThan	other	no	no
std.Build.OrderedUserValue.fromUnordered	allocator	no	no
std.Build.OrderedUserValue.hash	other	no	no
std.Build.OrderedUserValue.hashLazyPath	other	no	no
std.Build.OrderedUserValue.mapFromUnordered	allocator	no	no
std.Build.Step.CheckFile.create	other	no	no
std.Build.Step.CheckFile.make	other	no	no
std.Build.Step.CheckFile.setName	other	no	no
std.Build.Step.CheckObject.Action.computeCmp	other	no	yes
std.Build.Step.CheckObject.Action.contains	other	no	no
std.Build.Step.CheckObject.Action.exact	other	no	no
std.Build.Step.CheckObject.Action.extract	other	no	yes
std.Build.Step.CheckObject.Action.notPresent	other	no	no
std.Build.Step.CheckObject.Check.computeCmp	other	no	no
std.Build.Step.CheckObject.Check.contains	other	no	no
std.Build.Step.CheckObject.Check.create	allocator	no	no
std.Build.Step.CheckObject.Check.dumpSection	allocator	no	no
std.Build.Step.CheckObject.Check.exact	other	no	no
std.Build.Step.CheckObject.Check.extract	other	no	no
std.Build.Step.CheckObject.Check.notPresent	other	no	no
std.Build.Step.CheckObject.ComputeCompareExpected.format	other	no	no
std.Build.Step.CheckObject.ElfDumper.ArchiveContext.dumpObjects	other	no	yes
std.Build.Step.CheckObject.ElfDumper.ArchiveContext.dumpSymtab	other	no	yes
std.Build.Step.CheckObject.ElfDumper.ArchiveContext.getString	other	no	no
std.Build.Step.CheckObject.ElfDumper.ArchiveContext.parseSymtab	other	no	no
std.Build.Step.CheckObject.ElfDumper.ObjectContext.dumpDynamicSection	other	no	yes
std.Build.Step.CheckObject.ElfDumper.ObjectContext.dumpHeader	other	no	yes
std.Build.Step.CheckObject.ElfDumper.ObjectContext.dumpPhdrs	other	no	yes
std.Build.Step.CheckObject.ElfDumper.ObjectContext.dumpSection	other	no	yes
std.Build.Step.CheckObject.ElfDumper.ObjectContext.dumpShdrs	other	no	yes
std.Build.Step.CheckObject.ElfDumper.ObjectContext.dumpSymtab	other	no	yes
std.Build.Step.CheckObject.ElfDumper.ObjectContext.getSectionByName	other	no	no
std.Build.Step.CheckObject.ElfDumper.ObjectContext.getSectionContents	other	no	no
std.Build.Step.CheckObject.ElfDumper.ObjectContext.getSectionName	other	no	no
std.Build.Step.CheckObject.ElfDumper.Symtab.get	other	no	no
std.Build.Step.CheckObject.ElfDumper.Symtab.getName	other	no	no
std.Build.Step.CheckObject.ElfDumper.fmtPhType	other	no	no
std.Build.Step.CheckObject.ElfDumper.fmtShType	other	no	no
std.Build.Step.CheckObject.ElfDumper.formatPhType	other	no	no
std.Build.Step.CheckObject.ElfDumper.formatShType	other	no	no
std.Build.Step.CheckObject.ElfDumper.getString	other	no	no
std.Build.Step.CheckObject.ElfDumper.parseAndDump	other	no	no
std.Build.Step.CheckObject.ElfDumper.parseAndDumpArchive	other	no	no
std.Build.Step.CheckObject.ElfDumper.parseAndDumpObject	other	no	no
std.Build.Step.CheckObject.MachODumper.ObjectContext.Binding.deinit	other	no	no
std.Build.Step.CheckObject.MachODumper.ObjectContext.Binding.lessThan	other	no	no
std.Build.Step.CheckObject.MachODumper.ObjectContext.Export.lessThan	other	no	no
std.Build.Step.CheckObject.MachODumper.ObjectContext.Export.rankByTag	other	no	no
std.Build.Step.CheckObject.MachODumper.ObjectContext.TrieIterator.readString	other	no	no
std.Build.Step.CheckObject.MachODumper.ObjectContext.TrieIterator.takeByte	other	no	no
std.Build.Step.CheckObject.MachODumper.ObjectContext.TrieIterator.takeLeb128	other	no	no
std.Build.Step.CheckObject.MachODumper.ObjectContext.dumpBindInfo	other	no	yes
std.Build.Step.CheckObject.MachODumper.ObjectContext.dumpExportsTrie	other	no	yes
std.Build.Step.CheckObject.MachODumper.ObjectContext.dumpHeader	other	no	yes
std.Build.Step.CheckObject.MachODumper.ObjectContext.dumpIndirectSymtab	other	no	yes
std.Build.Step.CheckObject.MachODumper.ObjectContext.dumpLoadCommand	other	no	yes
std.Build.Step.CheckObject.MachODumper.ObjectContext.dumpRebaseInfo	other	no	yes
std.Build.Step.CheckObject.MachODumper.ObjectContext.dumpSection	other	no	yes
std.Build.Step.CheckObject.MachODumper.ObjectContext.dumpSymtab	other	no	yes
std.Build.Step.CheckObject.MachODumper.ObjectContext.getLoadCommand	other	no	no
std.Build.Step.CheckObject.MachODumper.ObjectContext.getLoadCommandIterator	other	no	no
std.Build.Step.CheckObject.MachODumper.ObjectContext.getSectionByName	other	no	no
std.Build.Step.CheckObject.MachODumper.ObjectContext.getSegmentByName	other	no	no
std.Build.Step.CheckObject.MachODumper.ObjectContext.getString	other	no	no
std.Build.Step.CheckObject.MachODumper.ObjectContext.parse	other	no	no
std.Build.Step.CheckObject.MachODumper.ObjectContext.parseBindInfo	other	yes	no
std.Build.Step.CheckObject.MachODumper.ObjectContext.parseRebaseInfo	other	no	no
std.Build.Step.CheckObject.MachODumper.ObjectContext.parseTrieNode	allocator	no	no
std.Build.Step.CheckObject.MachODumper.parseAndDump	other	no	no
std.Build.Step.CheckObject.MachODumper.parseAndDumpObject	other	no	no
std.Build.Step.CheckObject.SearchPhrase.resolve	other	no	no
std.Build.Step.CheckObject.WasmDumper.parseAndDump	other	no	no
std.Build.Step.CheckObject.WasmDumper.parseAndDumpInner	other	yes	no
std.Build.Step.CheckObject.WasmDumper.parseAndDumpSection	other	yes	no
std.Build.Step.CheckObject.WasmDumper.parseDumpFeatures	other	yes	no
std.Build.Step.CheckObject.WasmDumper.parseDumpInit	other	yes	no
std.Build.Step.CheckObject.WasmDumper.parseDumpLimits	other	no	yes
std.Build.Step.CheckObject.WasmDumper.parseDumpNames	other	yes	no
std.Build.Step.CheckObject.WasmDumper.parseDumpProducers	other	yes	no
std.Build.Step.CheckObject.WasmDumper.parseDumpType	other	yes	yes
std.Build.Step.CheckObject.WasmDumper.parseSection	other	no	yes
std.Build.Step.CheckObject.checkComputeCompare	other	no	no
std.Build.Step.CheckObject.checkContains	other	no	no
std.Build.Step.CheckObject.checkContainsInner	other	no	no
std.Build.Step.CheckObject.checkContainsPath	other	no	no
std.Build.Step.CheckObject.checkExact	other	no	no
std.Build.Step.CheckObject.checkExactInner	other	no	no
std.Build.Step.CheckObject.checkExactPath	other	no	no
std.Build.Step.CheckObject.checkExtract	other	no	no
std.Build.Step.CheckObject.checkExtractInner	other	no	no
std.Build.Step.CheckObject.checkExtractLazyPath	other	no	no
std.Build.Step.CheckObject.checkInArchiveSymtab	other	no	no
std.Build.Step.CheckObject.checkInDyldBind	other	no	no
std.Build.Step.CheckObject.checkInDyldLazyBind	other	no	no
std.Build.Step.CheckObject.checkInDyldRebase	other	no	no
std.Build.Step.CheckObject.checkInDyldWeakBind	other	no	no
std.Build.Step.CheckObject.checkInDynamicSection	other	no	no
std.Build.Step.CheckObject.checkInDynamicSymtab	other	no	no
std.Build.Step.CheckObject.checkInExports	other	no	no
std.Build.Step.CheckObject.checkInHeaders	other	no	no
std.Build.Step.CheckObject.checkInIndirectSymtab	other	no	no
std.Build.Step.CheckObject.checkInSymtab	other	no	no
std.Build.Step.CheckObject.checkNotPresent	other	no	no
std.Build.Step.CheckObject.checkNotPresentInner	other	no	no
std.Build.Step.CheckObject.checkNotPresentLazyPath	other	no	no
std.Build.Step.CheckObject.checkStart	other	no	no
std.Build.Step.CheckObject.create	other	no	no
std.Build.Step.CheckObject.dumpSection	other	no	no
std.Build.Step.CheckObject.make	other	no	no
std.Build.Step.Compile.CliNamedModules.init	allocator	no	no
std.Build.Step.Compile.HeaderInstallation.Directory.Options.dupe	other	no	no
std.Build.Step.Compile.HeaderInstallation.Directory.dupe	other	no	no
std.Build.Step.Compile.HeaderInstallation.File.dupe	other	no	no
std.Build.Step.Compile.HeaderInstallation.dupe	other	no	no
std.Build.Step.Compile.HeaderInstallation.getSource	other	no	no
std.Build.Step.Compile.Kind.isTest	other	no	no
std.Build.Step.Compile.addFlag	other	no	yes
std.Build.Step.Compile.addHeaderInstallationToIncludeTree	other	no	no
std.Build.Step.Compile.addObjCopy	other	no	no
std.Build.Step.Compile.checkCompileErrors	other	no	no
std.Build.Step.Compile.checkObject	other	no	no
std.Build.Step.Compile.create	other	no	no
std.Build.Step.Compile.dependsOnSystemLibrary	other	no	no
std.Build.Step.Compile.doAtomicSymLinks	other	no	no
std.Build.Step.Compile.execPkgConfigList	other	no	no
std.Build.Step.Compile.forceUndefinedSymbol	other	no	no
std.Build.Step.Compile.getCompileDependencies	other	no	no
std.Build.Step.Compile.getEmittedAsm	other	no	no
std.Build.Step.Compile.getEmittedBin	other	no	no
std.Build.Step.Compile.getEmittedBinDirectory	other	no	no
std.Build.Step.Compile.getEmittedCompilerRtDynLib	other	no	no
std.Build.Step.Compile.getEmittedDocs	other	no	no
std.Build.Step.Compile.getEmittedFileGeneric	other	no	no
std.Build.Step.Compile.getEmittedH	other	no	no
std.Build.Step.Compile.getEmittedImplib	other	no	no
std.Build.Step.Compile.getEmittedIncludeTree	other	no	no
std.Build.Step.Compile.getEmittedLlvmBc	other	no	no
std.Build.Step.Compile.getEmittedLlvmIr	other	no	no
std.Build.Step.Compile.getEmittedPdb	other	no	no
std.Build.Step.Compile.getGeneratedFilePath	other	no	yes
std.Build.Step.Compile.getPkgConfigList	other	no	no
std.Build.Step.Compile.getZigArgs	other	no	no
std.Build.Step.Compile.installConfigHeader	other	no	no
std.Build.Step.Compile.installHeader	other	no	no
std.Build.Step.Compile.installHeadersDirectory	other	no	no
std.Build.Step.Compile.installLibraryHeaders	other	no	no
std.Build.Step.Compile.isDll	other	no	no
std.Build.Step.Compile.isDynamicLibrary	other	no	no
std.Build.Step.Compile.isStaticLibrary	other	no	no
std.Build.Step.Compile.make	other	no	no
std.Build.Step.Compile.matchCompileError	other	no	no
std.Build.Step.Compile.moduleNeedsCliArg	other	no	no
std.Build.Step.Compile.outputPath	other	no	no
std.Build.Step.Compile.producesCompilerRtDynLib	other	no	no
std.Build.Step.Compile.producesImplib	other	no	no
std.Build.Step.Compile.producesPdbFile	other	no	no
std.Build.Step.Compile.rebuildInFuzzMode	other	no	no
std.Build.Step.Compile.rootModuleTarget	other	no	no
std.Build.Step.Compile.runPkgConfig	other	no	no
std.Build.Step.Compile.setExecCmd	other	no	no
std.Build.Step.Compile.setLibCFile	other	no	no
std.Build.Step.Compile.setLinkerScript	other	no	no
std.Build.Step.Compile.setVerboseCC	other	no	no
std.Build.Step.Compile.setVerboseLink	other	no	no
std.Build.Step.Compile.setVersionScript	other	no	no
std.Build.Step.ConfigHeader.Style.getPath	other	no	no
std.Build.Step.ConfigHeader.addIdent	other	no	no
std.Build.Step.ConfigHeader.addValue	other	no	yes
std.Build.Step.ConfigHeader.addValueInner	other	no	yes
std.Build.Step.ConfigHeader.addValues	other	no	yes
std.Build.Step.ConfigHeader.create	other	no	no
std.Build.Step.ConfigHeader.expand_variables_autoconf_at	other	no	no
std.Build.Step.ConfigHeader.expand_variables_cmake	allocator	no	no
std.Build.Step.ConfigHeader.getOutputDir	other	no	no
std.Build.Step.ConfigHeader.getOutputFile	other	no	no
std.Build.Step.ConfigHeader.make	other	no	no
std.Build.Step.ConfigHeader.renderValueC	other	no	no
std.Build.Step.ConfigHeader.renderValueNasm	other	no	no
std.Build.Step.ConfigHeader.render_autoconf_at	other	no	no
std.Build.Step.ConfigHeader.render_autoconf_undef	other	no	no
std.Build.Step.ConfigHeader.render_blank	allocator	no	no
std.Build.Step.ConfigHeader.render_cmake	other	no	no
std.Build.Step.ConfigHeader.render_nasm	other	no	no
std.Build.Step.ConfigHeader.testReplaceVariablesAutoconfAt	allocator	no	no
std.Build.Step.ConfigHeader.testReplaceVariablesCMake	allocator	no	no
std.Build.Step.Fail.create	other	no	no
std.Build.Step.Fail.make	other	no	no
std.Build.Step.Fmt.create	other	no	no
std.Build.Step.Fmt.make	other	no	no
std.Build.Step.Id.Type	other	no	yes
std.Build.Step.Inputs.clear	other	no	no
std.Build.Step.Inputs.populated	other	no	no
std.Build.Step.InstallArtifact.create	other	no	no
std.Build.Step.InstallArtifact.make	other	no	no
std.Build.Step.InstallDir.Options.dupe	other	no	no
std.Build.Step.InstallDir.create	other	no	no
std.Build.Step.InstallDir.make	other	no	no
std.Build.Step.InstallFile.create	other	no	no
std.Build.Step.InstallFile.make	other	no	no
std.Build.Step.ObjCopy.create	other	no	no
std.Build.Step.ObjCopy.getOutput	other	no	no
std.Build.Step.ObjCopy.getOutputSeparatedDebug	other	no	no
std.Build.Step.ObjCopy.make	other	no	no
std.Build.Step.Options.addOption	other	no	yes
std.Build.Step.Options.addOptionFallible	other	no	yes
std.Build.Step.Options.addOptionPath	other	no	no
std.Build.Step.Options.create	other	no	no
std.Build.Step.Options.createModule	other	no	no
std.Build.Step.Options.getOutput	other	no	no
std.Build.Step.Options.make	other	no	no
std.Build.Step.Options.printEnum	other	no	yes
std.Build.Step.Options.printStruct	other	no	yes
std.Build.Step.Options.printStructValue	other	no	yes
std.Build.Step.Options.printType	other	no	yes
std.Build.Step.Options.printUserDefinedType	other	no	yes
std.Build.Step.Run.CachedTestMetadata.testName	other	no	no
std.Build.Step.Run.FuzzTestRunner.Instance.messageHeader	other	no	no
std.Build.Step.Run.FuzzTestRunner.addStderrRead	other	no	no
std.Build.Step.Run.FuzzTestRunner.addStdinWrite	other	no	no
std.Build.Step.Run.FuzzTestRunner.addStdoutRead	other	no	no
std.Build.Step.Run.FuzzTestRunner.broadcastComplete	other	no	no
std.Build.Step.Run.FuzzTestRunner.completeStderrRead	other	no	no
std.Build.Step.Run.FuzzTestRunner.completeStdinWrite	other	no	no
std.Build.Step.Run.FuzzTestRunner.completeStdoutRead	other	no	no
std.Build.Step.Run.FuzzTestRunner.deinit	other	no	no
std.Build.Step.Run.FuzzTestRunner.init	other	no	no
std.Build.Step.Run.FuzzTestRunner.instanceBroadcast	other	no	no
std.Build.Step.Run.FuzzTestRunner.instanceEos	other	no	no
std.Build.Step.Run.FuzzTestRunner.listen	other	no	no
std.Build.Step.Run.FuzzTestRunner.mergedStderr	other	no	no
std.Build.Step.Run.FuzzTestRunner.saveCrash	other	no	no
std.Build.Step.Run.FuzzTestRunner.startInstances	other	no	no
std.Build.Step.Run.TestMetadata.testName	other	no	no
std.Build.Step.Run.TestMetadata.toCachedTestMetadata	other	no	no
std.Build.Step.Run.addArg	other	no	no
std.Build.Step.Run.addArgs	other	no	no
std.Build.Step.Run.addArtifactArg	other	no	no
std.Build.Step.Run.addCheck	other	yes	no
std.Build.Step.Run.addDecoratedDirectoryArg	other	no	no
std.Build.Step.Run.addDepFileOutputArg	other	no	no
std.Build.Step.Run.addDirectoryArg	other	no	no
std.Build.Step.Run.addFileArg	other	no	no
std.Build.Step.Run.addFileContentArg	other	no	no
std.Build.Step.Run.addFileInput	self	no	no
std.Build.Step.Run.addOutputDirectoryArg	other	no	no
std.Build.Step.Run.addOutputFileArg	other	no	no
std.Build.Step.Run.addPathDir	other	no	no
std.Build.Step.Run.addPathForDynLibs	other	no	no
std.Build.Step.Run.addPrefixedArtifactArg	other	no	no
std.Build.Step.Run.addPrefixedDepFileOutputArg	other	no	no
std.Build.Step.Run.addPrefixedDirectoryArg	other	no	no
std.Build.Step.Run.addPrefixedFileArg	other	no	no
std.Build.Step.Run.addPrefixedFileContentArg	other	no	no
std.Build.Step.Run.addPrefixedOutputDirectoryArg	other	no	no
std.Build.Step.Run.addPrefixedOutputFileArg	other	no	no
std.Build.Step.Run.captureStdErr	other	yes	no
std.Build.Step.Run.captureStdOut	other	yes	no
std.Build.Step.Run.checksContainStderr	other	yes	no
std.Build.Step.Run.checksContainStdout	other	yes	no
std.Build.Step.Run.clearEnvironment	other	no	no
std.Build.Step.Run.convertPathArg	other	no	no
std.Build.Step.Run.create	other	no	no
std.Build.Step.Run.enableTestRunnerMode	other	no	no
std.Build.Step.Run.evalFuzzTest	other	no	no
std.Build.Step.Run.evalGeneric	other	no	no
std.Build.Step.Run.evalZigTest	other	no	no
std.Build.Step.Run.expectExitCode	other	no	no
std.Build.Step.Run.expectStdErrEqual	other	no	no
std.Build.Step.Run.expectStdErrMatch	other	no	no
std.Build.Step.Run.expectStdOutEqual	other	no	no
std.Build.Step.Run.expectStdOutMatch	other	no	no
std.Build.Step.Run.failForeign	other	no	no
std.Build.Step.Run.fmtTerm	other	no	no
std.Build.Step.Run.formatTerm	other	yes	no
std.Build.Step.Run.getEnvMap	other	no	no
std.Build.Step.Run.getEnvMapInternal	other	no	no
std.Build.Step.Run.hasAnyOutputArgs	other	no	no
std.Build.Step.Run.hasSideEffects	other	no	no
std.Build.Step.Run.hasTermCheck	other	no	no
std.Build.Step.Run.hashStdIo	other	yes	no
std.Build.Step.Run.make	other	no	no
std.Build.Step.Run.populateGeneratedPaths	allocator	yes	no
std.Build.Step.Run.removeEnvironmentVariable	other	no	no
std.Build.Step.Run.requestNextTest	other	yes	no
std.Build.Step.Run.rerunInFuzzMode	other	no	no
std.Build.Step.Run.runCommand	other	no	no
std.Build.Step.Run.sendMessage	other	yes	no
std.Build.Step.Run.sendRunFuzzTestMessage	other	yes	no
std.Build.Step.Run.sendRunTestMessage	other	yes	no
std.Build.Step.Run.setColorEnvironmentVariables	other	yes	no
std.Build.Step.Run.setCwd	other	no	no
std.Build.Step.Run.setEnvironmentVariable	other	no	no
std.Build.Step.Run.setName	other	no	no
std.Build.Step.Run.setStdIn	other	no	no
std.Build.Step.Run.spawnChildAndCollect	other	no	no
std.Build.Step.Run.termMatches	other	no	no
std.Build.Step.Run.waitZigTest	other	yes	no
std.Build.Step.TestResults.isSuccess	other	no	no
std.Build.Step.TestResults.passCount	other	no	no
std.Build.Step.TranslateC.addAfterIncludePath	other	no	no
std.Build.Step.TranslateC.addCheckFile	other	no	no
std.Build.Step.TranslateC.addConfigHeader	other	no	no
std.Build.Step.TranslateC.addFrameworkPath	other	no	no
std.Build.Step.TranslateC.addIncludePath	other	no	no
std.Build.Step.TranslateC.addModule	other	no	no
std.Build.Step.TranslateC.addSystemFrameworkPath	other	no	no
std.Build.Step.TranslateC.addSystemIncludePath	other	no	no
std.Build.Step.TranslateC.create	other	no	no
std.Build.Step.TranslateC.createModule	other	no	no
std.Build.Step.TranslateC.defineCMacro	other	no	no
std.Build.Step.TranslateC.defineCMacroRaw	other	no	no
std.Build.Step.TranslateC.getOutput	other	no	no
std.Build.Step.TranslateC.linkSystemLibrary	other	no	no
std.Build.Step.TranslateC.make	other	no	no
std.Build.Step.TranslateC.setUpModule	other	no	no
std.Build.Step.UpdateSourceFiles.addBytesToSource	other	no	no
std.Build.Step.UpdateSourceFiles.addCopyFileToSource	other	no	no
std.Build.Step.UpdateSourceFiles.create	other	no	no
std.Build.Step.UpdateSourceFiles.make	other	no	no
std.Build.Step.WriteFile.Directory.Options.dupe	other	no	no
std.Build.Step.WriteFile.Directory.Options.pathIncluded	other	no	no
std.Build.Step.WriteFile.add	other	no	no
std.Build.Step.WriteFile.addCopyDirectory	other	no	no
std.Build.Step.WriteFile.addCopyFile	other	no	no
std.Build.Step.WriteFile.create	other	no	no
std.Build.Step.WriteFile.getDirectory	other	no	no
std.Build.Step.WriteFile.make	other	no	no
std.Build.Step.WriteFile.maybeUpdateName	other	no	no
std.Build.Step.WriteFile.operate	other	yes	no
std.Build.Step.ZigProcess.deinit	other	yes	no
std.Build.Step.ZigProcess.saveState	other	no	no
std.Build.Step.addDirectoryWatchInput	other	no	no
std.Build.Step.addDirectoryWatchInputFromBuilder	other	no	no
std.Build.Step.addDirectoryWatchInputFromPath	other	no	no
std.Build.Step.addError	other	no	yes
std.Build.Step.addWatchInput	other	no	no
std.Build.Step.addWatchInputFromBuilder	other	no	no
std.Build.Step.addWatchInputFromPath	other	no	no
std.Build.Step.allocPrintCmd	allocator	no	no
std.Build.Step.cacheHit	other	no	no
std.Build.Step.cacheHitAndWatch	other	no	no
std.Build.Step.captureChildProcess	other	no	no
std.Build.Step.cast	other	no	yes
std.Build.Step.clearWatchInputs	other	no	no
std.Build.Step.dependOn	other	no	no
std.Build.Step.dump	other	yes	no
std.Build.Step.evalZigProcess	other	no	no
std.Build.Step.fail	other	no	yes
std.Build.Step.failWithCacheError	other	no	no
std.Build.Step.getZigProcess	other	no	no
std.Build.Step.handleChildProcUnsupported	other	no	no
std.Build.Step.handleChildProcessTerm	other	no	no
std.Build.Step.handleVerbose	other	no	no
std.Build.Step.handleVerbose2	other	no	no
std.Build.Step.init	other	no	no
std.Build.Step.installDir	other	yes	no
std.Build.Step.installFile	other	yes	no
std.Build.Step.invalidateResult	other	no	no
std.Build.Step.make	other	no	no
std.Build.Step.makeNoOp	other	no	no
std.Build.Step.reset	other	no	no
std.Build.Step.sendMessage	other	yes	no
std.Build.Step.setWatchInputsFromManifest	other	no	no
std.Build.Step.singleUnchangingWatchInput	other	no	no
std.Build.Step.writeManifest	other	no	no
std.Build.Step.writeManifestAndWatch	other	no	no
std.Build.Step.zigProcessUpdate	other	no	no
std.Build.Watch.FsEvents.cf_alloc_callbacks.allocate	other	no	no
std.Build.Watch.FsEvents.cf_alloc_callbacks.deallocate	other	no	no
std.Build.Watch.FsEvents.cf_alloc_callbacks.reallocate	other	no	no
std.Build.Watch.FsEvents.deinit	other	yes	no
std.Build.Watch.FsEvents.dirStartsWith	other	no	no
std.Build.Watch.FsEvents.eventCallback	other	no	no
std.Build.Watch.FsEvents.init	other	no	no
std.Build.Watch.FsEvents.setPaths	other	no	no
std.Build.Watch.FsEvents.wait	other	no	no
std.Build.Watch.Match.Context.eql	self	no	no
std.Build.Watch.Match.Context.hash	self	no	no
std.Build.Watch.Timeout.toTimespec	other	no	no
std.Build.Watch.Timeout.to_i32_ms	other	no	no
std.Build.Watch.init	other	no	no
std.Build.Watch.markAllFilesDirty	other	no	no
std.Build.Watch.markStepSetDirty	allocator	no	no
std.Build.Watch.update	other	no	no
std.Build.Watch.wait	other	yes	no
std.Build.WebServer.accept	other	no	no
std.Build.WebServer.buildClientWasm	other	no	no
std.Build.WebServer.deinit	other	no	no
std.Build.WebServer.finishBuild	other	no	no
std.Build.WebServer.getRunnerRequest	other	no	no
std.Build.WebServer.init	other	no	no
std.Build.WebServer.notifyUpdate	other	no	no
std.Build.WebServer.now	other	no	no
std.Build.WebServer.readStreamAlloc	allocator	yes	no
std.Build.WebServer.recvWebSocketMessages	other	no	no
std.Build.WebServer.serve	other	yes	no
std.Build.WebServer.serveClientWasm	other	no	no
std.Build.WebServer.serveFile	other	no	no
std.Build.WebServer.serveLibFile	other	no	no
std.Build.WebServer.serveRequest	other	no	no
std.Build.WebServer.serveTarFile	other	no	no
std.Build.WebServer.serveWebSocket	other	no	no
std.Build.WebServer.start	other	no	no
std.Build.WebServer.startBuild	other	no	no
std.Build.WebServer.updateStepStatus	other	no	no
std.Build.WebServer.updateTimeReportCompile	other	no	no
std.Build.WebServer.updateTimeReportGeneric	other	yes	no
std.Build.WebServer.updateTimeReportRunTest	other	no	no
std.Build.WebServer.wait	other	yes	no
std.Build.abi.fuzz.EntryPointHeader.init	other	no	no
std.Build.abi.fuzz.EntryPointHeader.locsLen	other	no	no
std.Build.abi.fuzz.MutSlice.fromSlice	other	no	no
std.Build.abi.fuzz.MutSlice.toSlice	other	no	no
std.Build.abi.fuzz.SeenPcsHeader.headerEnd	other	no	no
std.Build.abi.fuzz.SeenPcsHeader.pcAddrs	other	no	no
std.Build.abi.fuzz.SeenPcsHeader.seenBits	other	no	no
std.Build.abi.fuzz.SeenPcsHeader.seenElemsLen	other	no	no
std.Build.abi.fuzz.Slice.fromSlice	other	no	no
std.Build.abi.fuzz.Slice.toSlice	other	no	no
std.Build.abi.fuzz.Uid.hashmap_ctx.eql	other	no	no
std.Build.abi.fuzz.Uid.hashmap_ctx.hash	other	no	no
std.Build.abi.fuzz.Weight.intFromValue	other	no	yes
std.Build.abi.fuzz.Weight.rangeAtMost	other	no	no
std.Build.abi.fuzz.Weight.rangeLessThan	other	no	no
std.Build.abi.fuzz.Weight.value	other	no	no
std.Build.abi.fuzz.Weights.fromSlice	other	no	no
std.Build.abi.fuzz.Weights.toSlice	other	no	no
std.Build.abi.fuzz.fuzzer_bytes	other	no	no
std.Build.abi.fuzz.fuzzer_coverage	none	no	no
std.Build.abi.fuzz.fuzzer_eos	other	no	no
std.Build.abi.fuzz.fuzzer_init	other	no	no
std.Build.abi.fuzz.fuzzer_int	other	no	no
std.Build.abi.fuzz.fuzzer_main	other	no	no
std.Build.abi.fuzz.fuzzer_new_input	other	no	no
std.Build.abi.fuzz.fuzzer_receive_input	other	no	no
std.Build.abi.fuzz.fuzzer_set_test	other	no	no
std.Build.abi.fuzz.fuzzer_slice	other	no	no
std.Build.abi.fuzz.fuzzer_start_test	none	no	no
std.Build.abi.fuzz.fuzzer_unslide_address	other	no	no
std.Build.abi.fuzz.runner_broadcast_input	other	no	no
std.Build.abi.fuzz.runner_futex_wait	other	no	no
std.Build.abi.fuzz.runner_futex_wake	other	no	no
std.Build.abi.fuzz.runner_start_input_poller	none	no	no
std.Build.abi.fuzz.runner_stop_input_poller	none	no	no
std.Build.abi.fuzz.runner_test_name	other	no	no
std.Build.abi.fuzz.runner_test_run	other	no	no
std.Build.addCheckFile	other	no	no
std.Build.addConfigHeader	other	no	yes
std.Build.addExecutable	other	no	no
std.Build.addFail	other	no	no
std.Build.addFmt	other	no	no
std.Build.addInstallArtifact	other	no	no
std.Build.addInstallBinFile	other	no	no
std.Build.addInstallDirectory	other	no	no
std.Build.addInstallFile	other	no	no
std.Build.addInstallFileWithDir	other	no	no
std.Build.addInstallHeaderFile	other	no	no
std.Build.addInstallLibFile	other	no	no
std.Build.addLibrary	other	no	no
std.Build.addModule	other	no	no
std.Build.addMutateFiles	other	no	no
std.Build.addNamedLazyPath	other	no	no
std.Build.addNamedWriteFiles	other	no	no
std.Build.addObjCopy	other	no	no
std.Build.addObject	other	no	no
std.Build.addOptions	other	no	no
std.Build.addRunArtifact	other	no	no
std.Build.addSearchPrefix	other	no	no
std.Build.addSystemCommand	other	no	no
std.Build.addTempFiles	other	no	no
std.Build.addTest	other	no	no
std.Build.addTranslateC	other	no	no
std.Build.addUpdateSourceFiles	other	no	no
std.Build.addUserInputFlag	other	no	no
std.Build.addUserInputOption	other	no	no
std.Build.addUserInputOptionFromArg	allocator	no	yes
std.Build.addWriteFile	other	no	no
std.Build.addWriteFiles	other	no	no
std.Build.create	other	no	no
std.Build.createChild	other	no	no
std.Build.createChildOnly	other	no	no
std.Build.createModule	other	no	no
std.Build.dependency	other	no	yes
std.Build.dependencyFromBuildZig	other	no	yes
std.Build.dependencyInner	other	no	yes
std.Build.determineAndApplyInstallPrefix	other	no	no
std.Build.dirnameAllowEmpty	other	no	no
std.Build.dumpBadDirnameHelp	other	no	yes
std.Build.dumpBadGetPathHelp	other	yes	no
std.Build.dupe	other	no	no
std.Build.dupeInner	allocator	no	no
std.Build.dupePath	other	no	no
std.Build.dupePathInner	allocator	no	no
std.Build.dupeStrings	other	no	no
std.Build.findImportPkgHashOrFatal	other	no	yes
std.Build.findPkgHashOrFatal	other	no	no
std.Build.findProgram	other	no	no
std.Build.fmt	other	no	yes
std.Build.getInstallPath	other	no	no
std.Build.getInstallStep	other	no	no
std.Build.getUninstallStep	other	no	no
std.Build.hashUserInputOptionsMap	allocator	no	no
std.Build.installArtifact	other	no	no
std.Build.installBinFile	other	no	no
std.Build.installDirectory	other	no	no
std.Build.installFile	other	no	no
std.Build.installLibFile	other	no	no
std.Build.lazyDependency	other	no	yes
std.Build.lazyImport	other	no	yes
std.Build.makeUninstall	other	no	no
std.Build.markInvalidUserInput	other	no	no
std.Build.markNeededLazyDep	other	no	no
std.Build.option	other	no	yes
std.Build.parseTargetQuery	other	no	no
std.Build.path	other	no	no
std.Build.pathFromCwd	other	no	no
std.Build.pathFromRoot	other	no	no
std.Build.pathJoin	other	no	no
std.Build.pathResolve	other	no	no
std.Build.resolveInstallPrefix	other	no	no
std.Build.resolveTargetQuery	other	no	no
std.Build.run	other	no	no
std.Build.runAllowFail	other	yes	no
std.Build.runBuild	other	no	yes
std.Build.standardOptimizeOption	other	no	no
std.Build.standardTargetOptions	other	no	no
std.Build.standardTargetOptionsQueryOnly	other	no	no
std.Build.step	other	no	no
std.Build.supportedWindowsProgramExtension	other	no	no
std.Build.systemIntegrationOption	other	no	no
std.Build.tmpPath	other	no	no
std.Build.truncateFile	other	yes	no
std.Build.tryFindProgram	other	no	no
std.Build.typeToEnum	other	no	yes
std.Build.userInputOptionsFromArgs	allocator	no	yes
std.Build.userLazyPathsAreTheSame	other	no	no
std.Build.userValuesAreSame	other	no	no
std.Build.validateUserInputDidItFail	other	no	no
std.Build.wantSharedLibSymLinks	other	no	no
std.Deque	other	no	yes
std.Deque().Iterator.next	other	no	no
std.Deque().Iterator.nextPtr	other	no	no
std.Deque().Iterator.peek	other	no	no
std.Deque().Iterator.peekPtr	other	no	no
std.Deque().at	other	no	no
std.Deque().atPtr	other	no	no
std.Deque().back	other	no	no
std.Deque().backPtr	other	no	no
std.Deque().bufferIndex	other	no	no
std.Deque().deinit	other	no	no
std.Deque().ensureTotalCapacity	other	no	no
std.Deque().ensureTotalCapacityPrecise	other	no	no
std.Deque().ensureUnusedCapacity	other	no	no
std.Deque().front	other	no	no
std.Deque().frontPtr	other	no	no
std.Deque().initBuffer	other	no	no
std.Deque().initCapacity	allocator	no	no
std.Deque().iterator	other	no	no
std.Deque().popBack	other	no	no
std.Deque().popFront	other	no	no
std.Deque().pushBack	other	no	no
std.Deque().pushBackAssumeCapacity	other	no	no
std.Deque().pushBackBounded	other	no	no
std.Deque().pushBackSlice	other	no	no
std.Deque().pushBackSliceAssumeCapacity	other	no	no
std.Deque().pushBackSliceBounded	other	no	no
std.Deque().pushFront	other	no	no
std.Deque().pushFrontAssumeCapacity	other	no	no
std.Deque().pushFrontBounded	other	no	no
std.Deque().pushFrontSlice	other	no	no
std.Deque().pushFrontSliceAssumeCapacity	other	no	no
std.Deque().pushFrontSliceBounded	other	no	no
std.DoublyLinkedList.append	other	no	no
std.DoublyLinkedList.concatByMoving	other	no	no
std.DoublyLinkedList.insertAfter	other	no	no
std.DoublyLinkedList.insertBefore	other	no	no
std.DoublyLinkedList.len	other	no	no
std.DoublyLinkedList.pop	other	no	no
std.DoublyLinkedList.popFirst	other	no	no
std.DoublyLinkedList.prepend	other	no	no
std.DoublyLinkedList.remove	other	no	no
std.DynLib.close	self	no	no
std.DynLib.lookup	self	no	yes
std.DynLib.open	other	no	no
std.DynLib.openZ	other	no	no
std.Io.Batch.add	other	no	no
std.Io.Batch.addAt	other	no	no
std.Io.Batch.awaitAsync	other	yes	no
std.Io.Batch.awaitConcurrent	other	yes	no
std.Io.Batch.cancel	other	yes	no
std.Io.Batch.init	other	no	no
std.Io.Batch.next	other	no	no
std.Io.Clock.Duration.sleep	other	yes	no
std.Io.Clock.Timestamp.addDuration	other	no	no
std.Io.Clock.Timestamp.compare	other	no	no
std.Io.Clock.Timestamp.durationFromNow	other	yes	no
std.Io.Clock.Timestamp.durationTo	other	no	no
std.Io.Clock.Timestamp.fromNow	other	yes	no
std.Io.Clock.Timestamp.now	other	yes	no
std.Io.Clock.Timestamp.subDuration	other	no	no
std.Io.Clock.Timestamp.toClock	other	yes	no
std.Io.Clock.Timestamp.untilNow	other	yes	no
std.Io.Clock.Timestamp.wait	other	yes	no
std.Io.Clock.now	other	yes	no
std.Io.Clock.resolution	other	yes	no
std.Io.Condition.broadcast	other	yes	no
std.Io.Condition.signal	other	yes	no
std.Io.Condition.wait	other	yes	no
std.Io.Condition.waitInner	other	yes	no
std.Io.Condition.waitUncancelable	other	yes	no
std.Io.Dir.Iterator.init	other	no	no
std.Io.Dir.Iterator.next	other	yes	no
std.Io.Dir.OpenFileOptions.isRead	self	no	no
std.Io.Dir.OpenFileOptions.isWrite	self	no	no
std.Io.Dir.Reader.init	other	no	no
std.Io.Dir.Reader.next	other	yes	no
std.Io.Dir.Reader.read	other	yes	no
std.Io.Dir.Reader.reset	other	no	no
std.Io.Dir.SelectiveWalker.deinit	self	no	no
std.Io.Dir.SelectiveWalker.enter	self	yes	no
std.Io.Dir.SelectiveWalker.leave	self	yes	no
std.Io.Dir.SelectiveWalker.next	self	yes	no
std.Io.Dir.Walker.Entry.depth	self	no	no
std.Io.Dir.Walker.deinit	self	no	no
std.Io.Dir.Walker.leave	self	yes	no
std.Io.Dir.Walker.next	self	yes	no
std.Io.Dir.access	other	yes	no
std.Io.Dir.accessAbsolute	other	yes	no
std.Io.Dir.close	other	yes	no
std.Io.Dir.closeMany	other	yes	no
std.Io.Dir.copyFile	other	yes	no
std.Io.Dir.copyFileAbsolute	other	yes	no
std.Io.Dir.createDir	other	yes	no
std.Io.Dir.createDirAbsolute	other	yes	no
std.Io.Dir.createDirPath	other	yes	no
std.Io.Dir.createDirPathOpen	other	yes	no
std.Io.Dir.createDirPathStatus	other	yes	no
std.Io.Dir.createFile	other	yes	no
std.Io.Dir.createFileAbsolute	other	yes	no
std.Io.Dir.createFileAtomic	other	yes	no
std.Io.Dir.cwd	none	no	no
std.Io.Dir.deleteDir	other	yes	no
std.Io.Dir.deleteDirAbsolute	other	yes	no
std.Io.Dir.deleteFile	other	yes	no
std.Io.Dir.deleteFileAbsolute	other	yes	no
std.Io.Dir.deleteTree	other	yes	no
std.Io.Dir.deleteTreeMinStackSize	other	yes	no
std.Io.Dir.deleteTreeMinStackSizeWithKindHint	other	yes	no
std.Io.Dir.deleteTreeOpenInitialSubpath	other	yes	no
std.Io.Dir.hardLink	other	yes	no
std.Io.Dir.iterate	other	no	no
std.Io.Dir.iterateAssumeFirstIteration	other	no	no
std.Io.Dir.openDir	other	yes	no
std.Io.Dir.openDirAbsolute	other	yes	no
std.Io.Dir.openFile	other	yes	no
std.Io.Dir.openFileAbsolute	other	yes	no
std.Io.Dir.readFile	other	yes	no
std.Io.Dir.readFileAlloc	other	yes	no
std.Io.Dir.readFileAllocOptions	other	yes	yes
std.Io.Dir.readLink	other	yes	no
std.Io.Dir.readLinkAbsolute	other	yes	no
std.Io.Dir.realPath	other	yes	no
std.Io.Dir.realPathFile	other	yes	no
std.Io.Dir.realPathFileAbsolute	other	yes	no
std.Io.Dir.realPathFileAbsoluteAlloc	other	yes	no
std.Io.Dir.realPathFileAlloc	other	yes	no
std.Io.Dir.rename	other	yes	no
std.Io.Dir.renameAbsolute	other	yes	no
std.Io.Dir.renamePreserve	other	yes	no
std.Io.Dir.setFileOwner	other	yes	no
std.Io.Dir.setFilePermissions	other	yes	no
std.Io.Dir.setOwner	other	yes	no
std.Io.Dir.setPermissions	other	yes	no
std.Io.Dir.setTimestamps	other	yes	no
std.Io.Dir.setTimestampsNow	other	yes	no
std.Io.Dir.stat	other	yes	no
std.Io.Dir.statFile	other	yes	no
std.Io.Dir.symLink	other	yes	no
std.Io.Dir.symLinkAbsolute	other	yes	no
std.Io.Dir.symLinkAtomic	other	yes	no
std.Io.Dir.updateFile	other	yes	no
std.Io.Dir.walk	other	no	no
std.Io.Dir.walkSelectively	other	no	no
std.Io.Dir.writeFile	other	yes	no
std.Io.Dispatch.AsyncClosure.call	other	no	no
std.Io.Dispatch.AsyncClosure.contextPointer	other	no	no
std.Io.Dispatch.AsyncClosure.entry	none	no	no
std.Io.Dispatch.AsyncClosure.fromFiber	other	no	no
std.Io.Dispatch.BatchOperationUserdata.fromErased	other	no	no
std.Io.Dispatch.BatchOperationUserdata.toErased	other	no	no
std.Io.Dispatch.BatchWaiter.@"suspend"	other	no	no
std.Io.Dispatch.BatchWaiter.signal	other	no	no
std.Io.Dispatch.BatchWaiter.wake	other	no	no
std.Io.Dispatch.Cancelable.acknowledge	other	yes	no
std.Io.Dispatch.Cancelable.async	other	no	no
std.Io.Dispatch.Cancelable.enter	other	no	no
std.Io.Dispatch.Cancelable.leave	other	no	no
std.Io.Dispatch.Cancelable.requested	other	no	no
std.Io.Dispatch.Fiber.@"resume"	other	no	no
std.Io.Dispatch.Fiber.CancelProtection.acknowledge	other	no	no
std.Io.Dispatch.Fiber.CancelProtection.check	other	yes	no
std.Io.Dispatch.Fiber.CancelProtection.recancel	other	no	no
std.Io.Dispatch.Fiber.CancelStatus.Awaiting.fromCancelable	other	no	no
std.Io.Dispatch.Fiber.CancelStatus.Awaiting.subWrap	other	no	no
std.Io.Dispatch.Fiber.CancelStatus.Awaiting.toCancelable	other	no	no
std.Io.Dispatch.Fiber.CancelStatus.changeAwaiting	other	no	no
std.Io.Dispatch.Fiber.PackedPtr.pack	other	no	no
std.Io.Dispatch.Fiber.PackedPtr.unpack	other	no	no
std.Io.Dispatch.Fiber.allocatedEnd	other	no	no
std.Io.Dispatch.Fiber.allocatedSlice	other	no	no
std.Io.Dispatch.Fiber.create	other	no	no
std.Io.Dispatch.Fiber.destroy	other	no	no
std.Io.Dispatch.Fiber.requestCancel	other	no	no
std.Io.Dispatch.Fiber.resultBytes	other	no	no
std.Io.Dispatch.Fiber.resultPointer	other	no	yes
std.Io.Dispatch.Futex.Waiter.add	other	no	no
std.Io.Dispatch.Futex.Waiter.canceled	other	no	no
std.Io.Dispatch.Futex.Waiter.remove	other	no	no
std.Io.Dispatch.Futex.Waiter.timedOut	other	no	no
std.Io.Dispatch.Futex.Waiter.tryAdd	other	no	no
std.Io.Dispatch.Futex.Waiter.tryRemove	other	no	no
std.Io.Dispatch.Futex.Waiter.wake	other	no	no
std.Io.Dispatch.Futex.Waker.remove	other	no	no
std.Io.Dispatch.Futex.deinit	other	no	no
std.Io.Dispatch.Futex.init	other	no	no
std.Io.Dispatch.Group.AsyncClosure.call	other	no	no
std.Io.Dispatch.Group.AsyncClosure.contextPointer	other	no	no
std.Io.Dispatch.Group.AsyncClosure.entry	none	no	no
std.Io.Dispatch.Group.AsyncClosure.fromFiber	other	no	no
std.Io.Dispatch.Group.addFiber	other	no	no
std.Io.Dispatch.Group.await	other	no	no
std.Io.Dispatch.Group.awaiterPtr	other	no	no
std.Io.Dispatch.Group.cancel	other	no	no
std.Io.Dispatch.Group.cancelLocked	other	no	no
std.Io.Dispatch.Group.listPtr	other	no	no
std.Io.Dispatch.Group.lock	other	no	no
std.Io.Dispatch.Group.mutexPtr	other	no	no
std.Io.Dispatch.Group.registerAwaiter	other	no	no
std.Io.Dispatch.Group.removeFiber	other	no	no
std.Io.Dispatch.Group.unlock	other	no	no
std.Io.Dispatch.Mutex.Waiter.add	other	no	no
std.Io.Dispatch.Mutex.Waiter.canceled	other	no	no
std.Io.Dispatch.Mutex.Waiter.remove	other	no	no
std.Io.Dispatch.Mutex.Waiter.wake	other	no	no
std.Io.Dispatch.Mutex.deinit	other	no	no
std.Io.Dispatch.Mutex.init	other	no	no
std.Io.Dispatch.Mutex.lock	other	yes	no
std.Io.Dispatch.Mutex.lockUncancelable	other	no	no
std.Io.Dispatch.Mutex.tryLock	other	no	no
std.Io.Dispatch.Mutex.unlock	other	no	no
std.Io.Dispatch.Random.seed	other	no	no
std.Io.Dispatch.SleepWaiter.canceled	other	no	no
std.Io.Dispatch.SleepWaiter.start	other	no	no
std.Io.Dispatch.SleepWaiter.timedOut	other	no	no
std.Io.Dispatch.SleepWaiter.wake	other	no	no
std.Io.Dispatch.Sleeper.init	other	no	no
std.Io.Dispatch.Sleeper.wake	other	no	no
std.Io.Dispatch.SwitchMessage.handle	other	no	no
std.Io.Dispatch.Thread.current	none	no	no
std.Io.Dispatch.Thread.currentFiber	other	no	no
std.Io.Dispatch.addBuf	other	yes	yes
std.Io.Dispatch.addConstBuf	other	no	no
std.Io.Dispatch.alloc	other	no	no
std.Io.Dispatch.allocator	other	no	no
std.Io.Dispatch.async	other	yes	no
std.Io.Dispatch.atomicFileInit	other	no	no
std.Io.Dispatch.await	other	yes	no
std.Io.Dispatch.batchAwaitAsync	other	yes	no
std.Io.Dispatch.batchAwaitConcurrent	other	yes	no
std.Io.Dispatch.batchCancel	other	yes	no
std.Io.Dispatch.batchDrainSubmitted	other	yes	no
std.Io.Dispatch.batchSourceCancel	other	no	no
std.Io.Dispatch.batchSourceEvent	other	no	no
std.Io.Dispatch.cancel	other	yes	no
std.Io.Dispatch.checkCancel	other	yes	no
std.Io.Dispatch.childCleanup	other	no	no
std.Io.Dispatch.childKill	other	no	no
std.Io.Dispatch.childWait	other	no	no
std.Io.Dispatch.clockResolution	other	yes	no
std.Io.Dispatch.concurrent	other	yes	no
std.Io.Dispatch.contextSwitch	other	no	no
std.Io.Dispatch.crashHandler	other	no	no
std.Io.Dispatch.deinit	other	no	no
std.Io.Dispatch.destroyPipe	other	no	no
std.Io.Dispatch.deviceIoControl	other	yes	no
std.Io.Dispatch.dirAccess	other	no	no
std.Io.Dispatch.dirClose	other	no	no
std.Io.Dispatch.dirCreateDir	other	no	no
std.Io.Dispatch.dirCreateDirPath	other	no	no
std.Io.Dispatch.dirCreateDirPathOpen	other	no	no
std.Io.Dispatch.dirCreateFile	other	no	no
std.Io.Dispatch.dirCreateFileAtomic	other	no	no
std.Io.Dispatch.dirDeleteDir	other	no	no
std.Io.Dispatch.dirDeleteFile	other	no	no
std.Io.Dispatch.dirHardLink	other	no	no
std.Io.Dispatch.dirOpenDir	other	no	no
std.Io.Dispatch.dirOpenFile	other	no	no
std.Io.Dispatch.dirRead	other	no	no
std.Io.Dispatch.dirReadLink	other	no	no
std.Io.Dispatch.dirRealPath	other	no	no
std.Io.Dispatch.dirRealPathFile	other	no	no
std.Io.Dispatch.dirRename	other	no	no
std.Io.Dispatch.dirRenamePreserve	other	no	no
std.Io.Dispatch.dirSetFileOwner	other	no	no
std.Io.Dispatch.dirSetFilePermissions	other	no	no
std.Io.Dispatch.dirSetOwner	other	no	no
std.Io.Dispatch.dirSetPermissions	other	no	no
std.Io.Dispatch.dirSetTimestamps	other	no	no
std.Io.Dispatch.dirStat	other	no	no
std.Io.Dispatch.dirStatFile	other	no	no
std.Io.Dispatch.dirSymLink	other	no	no
std.Io.Dispatch.dup2	other	no	no
std.Io.Dispatch.execv	other	no	no
std.Io.Dispatch.execvPath	other	no	no
std.Io.Dispatch.fchmod	other	no	no
std.Io.Dispatch.fchown	other	no	no
std.Io.Dispatch.fileClose	other	no	no
std.Io.Dispatch.fileDowngradeLock	other	no	no
std.Io.Dispatch.fileEnableAnsiEscapeCodes	other	no	no
std.Io.Dispatch.fileHardLink	other	no	no
std.Io.Dispatch.fileIsTty	other	yes	no
std.Io.Dispatch.fileLength	other	no	no
std.Io.Dispatch.fileLock	other	no	no
std.Io.Dispatch.fileMemoryMapCreate	other	no	no
std.Io.Dispatch.fileMemoryMapDestroy	other	no	no
std.Io.Dispatch.fileMemoryMapRead	other	no	no
std.Io.Dispatch.fileMemoryMapSetLength	other	no	no
std.Io.Dispatch.fileMemoryMapWrite	other	no	no
std.Io.Dispatch.fileReadPositional	other	no	no
std.Io.Dispatch.fileReadStreaming	other	no	no
std.Io.Dispatch.fileReadStreamingLimit	other	yes	no
std.Io.Dispatch.fileRealPath	other	no	no
std.Io.Dispatch.fileSeekBy	other	no	no
std.Io.Dispatch.fileSeekTo	other	no	no
std.Io.Dispatch.fileSetLength	other	no	no
std.Io.Dispatch.fileSetOwner	other	no	no
std.Io.Dispatch.fileSetPermissions	other	no	no
std.Io.Dispatch.fileSetTimestamps	other	no	no
std.Io.Dispatch.fileStat	other	no	no
std.Io.Dispatch.fileSync	other	no	no
std.Io.Dispatch.fileTryLock	other	no	no
std.Io.Dispatch.fileUnlock	other	no	no
std.Io.Dispatch.fileWriteFilePositional	other	yes	no
std.Io.Dispatch.fileWriteFileStreaming	other	yes	no
std.Io.Dispatch.fileWritePositional	other	no	no
std.Io.Dispatch.fileWriteStreaming	other	no	no
std.Io.Dispatch.fileWriteStreamingLimit	other	yes	no
std.Io.Dispatch.free	other	no	no
std.Io.Dispatch.futexForAddress	other	no	no
std.Io.Dispatch.futexWait	other	yes	no
std.Io.Dispatch.futexWaitUncancelable	other	no	no
std.Io.Dispatch.futexWake	other	no	no
std.Io.Dispatch.groupAsync	other	yes	no
std.Io.Dispatch.groupAwait	other	yes	no
std.Io.Dispatch.groupCancel	other	yes	no
std.Io.Dispatch.groupConcurrent	other	yes	no
std.Io.Dispatch.init	other	no	no
std.Io.Dispatch.initLockedStderr	other	yes	no
std.Io.Dispatch.initStderrWriter	other	no	no
std.Io.Dispatch.io	other	yes	no
std.Io.Dispatch.linkat	other	no	no
std.Io.Dispatch.lockStderr	other	yes	no
std.Io.Dispatch.lseek	other	no	no
std.Io.Dispatch.mainLoop	other	no	no
std.Io.Dispatch.mainLoopEntry	none	no	no
std.Io.Dispatch.netAcceptUnavailable	other	no	no
std.Io.Dispatch.netBindIpUnavailable	other	no	no
std.Io.Dispatch.netClose	other	no	no
std.Io.Dispatch.netConnectIpUnavailable	other	no	no
std.Io.Dispatch.netConnectUnixUnavailable	other	no	no
std.Io.Dispatch.netInterfaceNameResolveUnavailable	other	no	no
std.Io.Dispatch.netInterfaceNameUnavailable	other	no	no
std.Io.Dispatch.netListenIpUnavailable	other	no	no
std.Io.Dispatch.netListenUnixUnavailable	other	no	no
std.Io.Dispatch.netLookupUnavailable	other	yes	no
std.Io.Dispatch.netReadUnavailable	other	no	no
std.Io.Dispatch.netSendUnavailable	other	no	no
std.Io.Dispatch.netShutdownUnavailable	other	no	no
std.Io.Dispatch.netSocketCreatePairUnavailable	other	no	no
std.Io.Dispatch.netWriteFileUnavailable	other	yes	no
std.Io.Dispatch.netWriteUnavailable	other	no	no
std.Io.Dispatch.now	other	yes	no
std.Io.Dispatch.openDevNullFile	other	no	no
std.Io.Dispatch.operate	other	yes	no
std.Io.Dispatch.pipe2	other	no	no
std.Io.Dispatch.processCurrentPath	other	no	no
std.Io.Dispatch.processExecutableOpen	other	no	no
std.Io.Dispatch.processExecutablePath	other	no	no
std.Io.Dispatch.processReplace	other	no	no
std.Io.Dispatch.processReplacePath	other	no	no
std.Io.Dispatch.processSetCurrentDir	other	no	no
std.Io.Dispatch.processSetCurrentPath	other	no	no
std.Io.Dispatch.processSpawn	other	no	no
std.Io.Dispatch.processSpawnPath	other	no	no
std.Io.Dispatch.progressParentFile	other	no	no
std.Io.Dispatch.random	other	no	no
std.Io.Dispatch.randomSecure	other	yes	no
std.Io.Dispatch.readAll	other	no	no
std.Io.Dispatch.realPath	other	no	no
std.Io.Dispatch.recancel	other	no	no
std.Io.Dispatch.remap	other	no	no
std.Io.Dispatch.resize	other	no	no
std.Io.Dispatch.scanEnviron	other	no	no
std.Io.Dispatch.setUpChild	other	no	no
std.Io.Dispatch.setUpChildIo	other	yes	no
std.Io.Dispatch.sleep	other	yes	no
std.Io.Dispatch.spawn	other	no	no
std.Io.Dispatch.swapCancelProtection	other	yes	no
std.Io.Dispatch.timeFromTimeout	other	yes	no
std.Io.Dispatch.tryLockStderr	other	yes	no
std.Io.Dispatch.unlockStderr	other	no	no
std.Io.Dispatch.writeAll	other	no	no
std.Io.Dispatch.yield	other	no	no
std.Io.Duration.format	other	no	no
std.Io.Duration.formatUnsigned	other	no	no
std.Io.Duration.fromMicroseconds	other	no	no
std.Io.Duration.fromMilliseconds	other	no	no
std.Io.Duration.fromNanoseconds	other	no	no
std.Io.Duration.fromSeconds	other	no	no
std.Io.Duration.testFormat	other	no	no
std.Io.Duration.toMicroseconds	other	no	no
std.Io.Duration.toMilliseconds	other	no	no
std.Io.Duration.toNanoseconds	other	no	no
std.Io.Duration.toSeconds	other	no	no
std.Io.Event.isSet	other	no	no
std.Io.Event.reset	other	no	no
std.Io.Event.set	other	yes	no
std.Io.Event.wait	other	yes	no
std.Io.Event.waitTimeout	other	yes	no
std.Io.Event.waitUncancelable	other	yes	no
std.Io.File.Atomic.deinit	other	yes	no
std.Io.File.Atomic.link	other	yes	no
std.Io.File.Atomic.replace	other	yes	no
std.Io.File.MemoryMap.create	other	yes	no
std.Io.File.MemoryMap.destroy	other	yes	no
std.Io.File.MemoryMap.read	other	yes	no
std.Io.File.MemoryMap.setLength	other	yes	no
std.Io.File.MemoryMap.write	other	yes	no
std.Io.File.MultiReader.Buffer	other	no	yes
std.Io.File.MultiReader.Buffer().toStreams	other	no	no
std.Io.File.MultiReader.Streams.contexts	other	no	no
std.Io.File.MultiReader.Streams.storage	other	yes	no
std.Io.File.MultiReader.checkAnyError	other	no	no
std.Io.File.MultiReader.deinit	other	no	no
std.Io.File.MultiReader.discard	other	yes	no
std.Io.File.MultiReader.fileReader	other	no	no
std.Io.File.MultiReader.fill	other	yes	no
std.Io.File.MultiReader.fillRemaining	other	yes	no
std.Io.File.MultiReader.fillUntimed	other	yes	no
std.Io.File.MultiReader.init	other	yes	no
std.Io.File.MultiReader.readVec	other	yes	no
std.Io.File.MultiReader.reader	other	yes	no
std.Io.File.MultiReader.rebase	other	yes	no
std.Io.File.MultiReader.rebaseGrowing	other	no	no
std.Io.File.MultiReader.stream	other	yes	no
std.Io.File.MultiReader.toOwnedSlice	other	no	no
std.Io.File.Reader.Mode.toSimple	other	no	no
std.Io.File.Reader.Mode.toStreaming	other	no	no
std.Io.File.Reader.atEnd	other	no	no
std.Io.File.Reader.discard	other	yes	no
std.Io.File.Reader.getSize	other	no	no
std.Io.File.Reader.init	other	yes	no
std.Io.File.Reader.initInterface	other	yes	no
std.Io.File.Reader.initSize	other	yes	no
std.Io.File.Reader.initStreaming	other	yes	no
std.Io.File.Reader.logicalPos	other	no	no
std.Io.File.Reader.readVec	other	yes	no
std.Io.File.Reader.readVecPositional	other	yes	no
std.Io.File.Reader.readVecStreaming	other	yes	no
std.Io.File.Reader.seekBy	other	no	no
std.Io.File.Reader.seekTo	other	no	no
std.Io.File.Reader.setLogicalPos	other	no	no
std.Io.File.Reader.stream	other	yes	no
std.Io.File.Reader.streamMode	other	yes	no
std.Io.File.SetTimestamp.init	other	yes	no
std.Io.File.Writer.drain	other	yes	no
std.Io.File.Writer.drainPositional	other	yes	no
std.Io.File.Writer.drainStreaming	other	yes	no
std.Io.File.Writer.end	other	no	no
std.Io.File.Writer.flush	other	no	no
std.Io.File.Writer.init	other	yes	no
std.Io.File.Writer.initDetect	other	yes	no
std.Io.File.Writer.initInterface	other	yes	no
std.Io.File.Writer.initStreaming	other	yes	no
std.Io.File.Writer.logicalPos	other	no	no
std.Io.File.Writer.moveToReader	other	no	no
std.Io.File.Writer.seekTo	other	yes	no
std.Io.File.Writer.seekToUnbuffered	other	no	no
std.Io.File.Writer.sendFile	other	yes	no
std.Io.File.Writer.sendFilePositional	other	yes	no
std.Io.File.Writer.sendFileStreaming	other	yes	no
std.Io.File.close	other	yes	no
std.Io.File.closeMany	other	yes	no
std.Io.File.createMemoryMap	other	yes	no
std.Io.File.downgradeLock	other	yes	no
std.Io.File.enableAnsiEscapeCodes	other	yes	no
std.Io.File.hardLink	other	yes	no
std.Io.File.isTty	other	yes	no
std.Io.File.length	other	yes	no
std.Io.File.lock	other	yes	no
std.Io.File.readPositional	other	yes	no
std.Io.File.readPositionalAll	other	yes	no
std.Io.File.readStreaming	other	yes	no
std.Io.File.reader	other	yes	no
std.Io.File.readerStreaming	other	yes	no
std.Io.File.realPath	other	yes	no
std.Io.File.setLength	other	yes	no
std.Io.File.setOwner	other	yes	no
std.Io.File.setPermissions	other	yes	no
std.Io.File.setTimestamps	other	yes	no
std.Io.File.setTimestampsNow	other	yes	no
std.Io.File.stat	other	yes	no
std.Io.File.stderr	none	no	no
std.Io.File.stdin	none	no	no
std.Io.File.stdout	none	no	no
std.Io.File.supportsAnsiEscapeCodes	other	yes	no
std.Io.File.sync	other	yes	no
std.Io.File.tryLock	other	yes	no
std.Io.File.unlock	other	yes	no
std.Io.File.writePositional	other	yes	no
std.Io.File.writePositionalAll	other	yes	no
std.Io.File.writeStreaming	other	yes	no
std.Io.File.writeStreamingAll	other	yes	no
std.Io.File.writer	other	yes	no
std.Io.File.writerStreaming	other	yes	no
std.Io.Future	other	no	no
std.Io.Future().await	other	yes	no
std.Io.Future().cancel	other	yes	no
std.Io.Group.async	other	yes	yes
std.Io.Group.await	other	yes	no
std.Io.Group.cancel	other	yes	no
std.Io.Group.concurrent	other	yes	yes
std.Io.Kqueue.AsyncClosure.call	other	no	no
std.Io.Kqueue.AsyncClosure.contextPointer	other	no	no
std.Io.Kqueue.AsyncClosure.fromFiber	other	no	no
std.Io.Kqueue.Fiber.allocate	other	no	no
std.Io.Kqueue.Fiber.allocatedEnd	other	no	no
std.Io.Kqueue.Fiber.allocatedSlice	other	no	no
std.Io.Kqueue.Fiber.enterCancelRegion	other	no	no
std.Io.Kqueue.Fiber.exitCancelRegion	other	no	no
std.Io.Kqueue.Fiber.resultBytes	other	no	no
std.Io.Kqueue.Fiber.resultPointer	other	no	yes
std.Io.Kqueue.SwitchMessage.handle	other	no	no
std.Io.Kqueue.Thread.current	none	no	no
std.Io.Kqueue.Thread.currentFiber	other	no	no
std.Io.Kqueue.Thread.deinit	other	no	no
std.Io.Kqueue.async	other	yes	no
std.Io.Kqueue.await	other	yes	no
std.Io.Kqueue.cancel	other	yes	no
std.Io.Kqueue.cancelRequested	other	no	no
std.Io.Kqueue.checkCancel	other	no	no
std.Io.Kqueue.concurrent	other	yes	no
std.Io.Kqueue.contextSwitch	other	no	no
std.Io.Kqueue.createFileDescriptor	none	no	no
std.Io.Kqueue.deinit	other	no	no
std.Io.Kqueue.dirAccess	other	no	no
std.Io.Kqueue.dirClose	other	no	no
std.Io.Kqueue.dirCreateDir	other	no	no
std.Io.Kqueue.dirCreateDirPath	other	no	no
std.Io.Kqueue.dirCreateDirPathOpen	other	no	no
std.Io.Kqueue.dirCreateFile	other	no	no
std.Io.Kqueue.dirOpenDir	other	no	no
std.Io.Kqueue.dirOpenFile	other	no	no
std.Io.Kqueue.dirStat	other	no	no
std.Io.Kqueue.dirStatFile	other	no	no
std.Io.Kqueue.fiberEntry	none	no	no
std.Io.Kqueue.fileClose	other	no	no
std.Io.Kqueue.fileReadPositional	other	no	no
std.Io.Kqueue.fileReadStreaming	other	no	no
std.Io.Kqueue.fileSeekBy	other	no	no
std.Io.Kqueue.fileSeekTo	other	no	no
std.Io.Kqueue.fileStat	other	no	no
std.Io.Kqueue.fileWritePositional	other	no	no
std.Io.Kqueue.fileWriteStreaming	other	no	no
std.Io.Kqueue.findReadyFiber	other	no	no
std.Io.Kqueue.groupAsync	other	yes	no
std.Io.Kqueue.groupAwait	other	yes	no
std.Io.Kqueue.groupCancel	other	yes	no
std.Io.Kqueue.groupConcurrent	other	yes	no
std.Io.Kqueue.idle	other	no	no
std.Io.Kqueue.init	other	no	no
std.Io.Kqueue.io	other	yes	no
std.Io.Kqueue.kevent	other	no	no
std.Io.Kqueue.mainIdle	other	yes	no
std.Io.Kqueue.mainIdleEntry	none	no	no
std.Io.Kqueue.netAccept	other	no	no
std.Io.Kqueue.netBindIp	other	no	no
std.Io.Kqueue.netClose	other	no	no
std.Io.Kqueue.netConnectIp	other	no	no
std.Io.Kqueue.netConnectUnix	other	no	no
std.Io.Kqueue.netInterfaceName	other	no	no
std.Io.Kqueue.netInterfaceNameResolve	other	no	no
std.Io.Kqueue.netListenIp	other	no	no
std.Io.Kqueue.netListenUnix	other	no	no
std.Io.Kqueue.netLookup	other	yes	no
std.Io.Kqueue.netRead	other	no	no
std.Io.Kqueue.netReceive	other	yes	no
std.Io.Kqueue.netSend	other	no	no
std.Io.Kqueue.netSendOne	other	no	no
std.Io.Kqueue.netShutdown	other	no	no
std.Io.Kqueue.netWrite	other	no	no
std.Io.Kqueue.now	other	yes	no
std.Io.Kqueue.openSocketPosix	other	no	no
std.Io.Kqueue.posixBind	other	no	no
std.Io.Kqueue.posixConnect	other	no	no
std.Io.Kqueue.posixGetSockName	other	no	no
std.Io.Kqueue.recycle	other	no	no
std.Io.Kqueue.schedule	other	no	no
std.Io.Kqueue.setSocketOption	other	no	no
std.Io.Kqueue.sleep	other	yes	no
std.Io.Kqueue.threadEntry	other	no	no
std.Io.Kqueue.yield	other	no	no
std.Io.Limit.countVec	other	no	no
std.Io.Limit.limited	other	no	no
std.Io.Limit.limited64	other	no	no
std.Io.Limit.max	other	no	no
std.Io.Limit.min	other	no	no
std.Io.Limit.minInt	other	no	no
std.Io.Limit.minInt64	other	no	no
std.Io.Limit.nonzero	other	no	no
std.Io.Limit.slice	other	no	no
std.Io.Limit.slice1	other	no	no
std.Io.Limit.sliceConst	other	no	no
std.Io.Limit.subtract	other	no	no
std.Io.Limit.toInt	other	no	no
std.Io.LockedStderr.clear	other	no	no
std.Io.LockedStderr.terminal	other	no	no
std.Io.Mutex.lock	other	yes	no
std.Io.Mutex.lockUncancelable	other	yes	no
std.Io.Mutex.tryLock	other	no	no
std.Io.Mutex.unlock	other	yes	no
std.Io.Operation.OptionalIndex.fromIndex	other	no	no
std.Io.Operation.OptionalIndex.toIndex	other	no	no
std.Io.Queue	other	no	no
std.Io.Queue().capacity	other	no	no
std.Io.Queue().close	other	yes	no
std.Io.Queue().get	other	yes	no
std.Io.Queue().getOne	other	yes	no
std.Io.Queue().getOneUncancelable	other	yes	no
std.Io.Queue().getUncancelable	other	yes	no
std.Io.Queue().init	other	no	no
std.Io.Queue().put	other	yes	no
std.Io.Queue().putAll	other	yes	no
std.Io.Queue().putOne	other	yes	no
std.Io.Queue().putOneUncancelable	other	yes	no
std.Io.Queue().putUncancelable	other	yes	no
std.Io.Reader.Hashed	other	no	yes
std.Io.Reader.Hashed().discard	other	no	no
std.Io.Reader.Hashed().init	other	no	no
std.Io.Reader.Hashed().readVec	other	no	no
std.Io.Reader.Hashed().stream	other	no	no
std.Io.Reader.Limited.discard	other	no	no
std.Io.Reader.Limited.init	other	no	no
std.Io.Reader.Limited.stream	other	no	no
std.Io.Reader.allocRemaining	other	no	no
std.Io.Reader.allocRemainingAlignedSentinel	other	no	yes
std.Io.Reader.appendExact	other	no	no
std.Io.Reader.appendRemaining	other	no	no
std.Io.Reader.appendRemainingAligned	other	no	yes
std.Io.Reader.appendRemainingUnlimited	other	no	no
std.Io.Reader.buffered	other	no	no
std.Io.Reader.bufferedLen	other	no	no
std.Io.Reader.defaultDiscard	other	no	no
std.Io.Reader.defaultReadVec	other	no	no
std.Io.Reader.defaultRebase	other	no	no
std.Io.Reader.discard	other	no	no
std.Io.Reader.discardAll	other	no	no
std.Io.Reader.discardAll64	other	no	no
std.Io.Reader.discardDelimiterExclusive	other	no	no
std.Io.Reader.discardDelimiterInclusive	other	no	no
std.Io.Reader.discardDelimiterLimit	other	no	no
std.Io.Reader.discardRemaining	other	no	no
std.Io.Reader.discardShort	other	no	no
std.Io.Reader.endingDiscard	other	no	no
std.Io.Reader.endingReadVec	other	no	no
std.Io.Reader.endingRebase	other	no	no
std.Io.Reader.endingStream	other	no	no
std.Io.Reader.failingDiscard	other	no	no
std.Io.Reader.failingStream	other	no	no
std.Io.Reader.fill	other	no	no
std.Io.Reader.fillMore	other	no	no
std.Io.Reader.fillUnbuffered	other	no	no
std.Io.Reader.fixed	other	no	no
std.Io.Reader.hashed	other	no	yes
std.Io.Reader.limited	other	no	no
std.Io.Reader.peek	other	no	no
std.Io.Reader.peekArray	other	no	yes
std.Io.Reader.peekByte	other	no	no
std.Io.Reader.peekDelimiterExclusive	other	no	no
std.Io.Reader.peekDelimiterInclusive	other	no	no
std.Io.Reader.peekGreedy	other	no	no
std.Io.Reader.peekInt	other	no	yes
std.Io.Reader.peekSentinel	other	no	yes
std.Io.Reader.peekStruct	other	no	yes
std.Io.Reader.peekStructPointer	other	no	yes
std.Io.Reader.readAlloc	other	no	no
std.Io.Reader.readSliceAll	other	no	no
std.Io.Reader.readSliceEndian	other	no	yes
std.Io.Reader.readSliceEndianAlloc	other	no	yes
std.Io.Reader.readSliceShort	other	no	no
std.Io.Reader.readVec	other	no	no
std.Io.Reader.readVecAll	other	no	no
std.Io.Reader.rebase	other	no	no
std.Io.Reader.stream	other	no	no
std.Io.Reader.streamDelimiter	other	no	no
std.Io.Reader.streamDelimiterEnding	other	no	no
std.Io.Reader.streamDelimiterLimit	other	no	no
std.Io.Reader.streamExact	other	no	no
std.Io.Reader.streamExact64	other	no	no
std.Io.Reader.streamExactPreserve	other	no	no
std.Io.Reader.streamRemaining	other	no	no
std.Io.Reader.take	other	no	no
std.Io.Reader.takeArray	other	no	yes
std.Io.Reader.takeByte	other	no	no
std.Io.Reader.takeByteSigned	other	no	no
std.Io.Reader.takeDelimiter	other	no	no
std.Io.Reader.takeDelimiterExclusive	other	no	no
std.Io.Reader.takeDelimiterInclusive	other	no	no
std.Io.Reader.takeEnum	other	no	yes
std.Io.Reader.takeEnumNonexhaustive	other	no	yes
std.Io.Reader.takeInt	other	no	yes
std.Io.Reader.takeLeb128	other	no	yes
std.Io.Reader.takeSentinel	other	no	yes
std.Io.Reader.takeStruct	other	no	yes
std.Io.Reader.takeStructPointer	other	no	yes
std.Io.Reader.takeVarInt	other	no	yes
std.Io.Reader.testLeb128	other	no	yes
std.Io.Reader.toss	other	no	no
std.Io.Reader.tossBuffered	other	no	no
std.Io.Reader.writableVector	other	no	no
std.Io.Reader.writableVectorPosix	other	no	no
std.Io.Reader.writableVectorWsa	other	no	no
std.Io.RwLock.lock	other	yes	no
std.Io.RwLock.lockShared	other	yes	no
std.Io.RwLock.lockSharedUncancelable	other	yes	no
std.Io.RwLock.lockUncancelable	other	yes	no
std.Io.RwLock.mutexLockCancel	other	yes	no
std.Io.RwLock.semaphoreLockCancel	other	yes	no
std.Io.RwLock.tryLock	other	yes	no
std.Io.RwLock.tryLockShared	other	yes	no
std.Io.RwLock.unlock	other	yes	no
std.Io.RwLock.unlockShared	other	yes	no
std.Io.Select	other	no	yes
std.Io.Select().async	other	no	yes
std.Io.Select().await	other	no	no
std.Io.Select().awaitMany	other	no	no
std.Io.Select().cancel	other	no	no
std.Io.Select().cancelDiscard	other	no	no
std.Io.Select().concurrent	other	no	yes
std.Io.Select().init	other	yes	no
std.Io.Semaphore.post	other	yes	no
std.Io.Semaphore.wait	other	yes	no
std.Io.Semaphore.waitUncancelable	other	yes	no
std.Io.Terminal.Mode.detect	other	yes	no
std.Io.Terminal.setColor	other	no	no
std.Io.Threaded.AlertableSyscall.checkCancel	other	yes	no
std.Io.Threaded.AlertableSyscall.fail	other	no	yes
std.Io.Threaded.AlertableSyscall.finish	other	no	no
std.Io.Threaded.AlertableSyscall.ntstatusBug	other	yes	no
std.Io.Threaded.AlertableSyscall.start	none	yes	no
std.Io.Threaded.AlertableSyscall.unexpectedNtstatus	other	yes	no
std.Io.Threaded.AwaitableId.fromFuture	other	no	no
std.Io.Threaded.AwaitableId.fromGroup	other	yes	no
std.Io.Threaded.Csprng.isInitialized	other	no	no
std.Io.Threaded.Environ.scan	other	no	no
std.Io.Threaded.Future.contextPointer	other	no	no
std.Io.Threaded.Future.create	allocator	no	no
std.Io.Threaded.Future.destroy	other	no	no
std.Io.Threaded.Future.resultPointer	other	no	no
std.Io.Threaded.Future.start	other	no	no
std.Io.Threaded.Future.waitForCancelWithSignaling	other	no	no
std.Io.Threaded.GetFinalPathNameByHandle	other	no	no
std.Io.Threaded.Group.Task.contextPointer	other	no	no
std.Io.Threaded.Group.Task.create	allocator	no	no
std.Io.Threaded.Group.Task.destroy	other	no	no
std.Io.Threaded.Group.Task.start	other	no	no
std.Io.Threaded.Group.awaiter	other	no	no
std.Io.Threaded.Group.cancelThreads	other	no	no
std.Io.Threaded.Group.signalAllCanceledSyscalls	other	no	no
std.Io.Threaded.Group.status	other	no	no
std.Io.Threaded.Group.waitForCancelWithSignaling	other	no	no
std.Io.Threaded.LookupDnsWindows.completed	other	no	no
std.Io.Threaded.LookupDnsWindows.completedFallible	other	yes	no
std.Io.Threaded.OpenFile	other	no	no
std.Io.Threaded.ParkingMutex.State.fromWaiter	other	no	no
std.Io.Threaded.ParkingMutex.State.waiter	other	no	no
std.Io.Threaded.ParkingMutex.lock	other	no	no
std.Io.Threaded.ParkingMutex.unlock	other	no	no
std.Io.Threaded.QueryObjectName	other	no	no
std.Io.Threaded.Syscall.checkCancel	other	yes	no
std.Io.Threaded.Syscall.errnoBug	other	yes	no
std.Io.Threaded.Syscall.fail	other	no	yes
std.Io.Threaded.Syscall.finish	other	no	no
std.Io.Threaded.Syscall.ntstatusBug	other	yes	no
std.Io.Threaded.Syscall.start	none	yes	no
std.Io.Threaded.Syscall.toAlertable	other	yes	no
std.Io.Threaded.Syscall.unexpectedErrno	other	yes	no
std.Io.Threaded.Syscall.unexpectedNtstatus	other	yes	no
std.Io.Threaded.Thread.PackedPtr.pack	other	no	no
std.Io.Threaded.Thread.PackedPtr.unpack	other	no	no
std.Io.Threaded.Thread.cancelAwaitable	other	no	no
std.Io.Threaded.Thread.checkCancel	none	yes	no
std.Io.Threaded.Thread.currentId	none	no	no
std.Io.Threaded.Thread.futexWait	other	yes	no
std.Io.Threaded.Thread.futexWaitInner	other	yes	no
std.Io.Threaded.Thread.futexWaitUncancelable	other	no	no
std.Io.Threaded.Thread.futexWake	other	no	no
std.Io.Threaded.Thread.signalCanceledSyscall	other	no	no
std.Io.Threaded.WaitGroup.finish	other	no	no
std.Io.Threaded.WaitGroup.start	other	no	no
std.Io.Threaded.WaitGroup.value	other	no	no
std.Io.Threaded.WaitGroup.wait	other	no	no
std.Io.Threaded.WindowsBatchOperationUserdata.fromErased	other	no	no
std.Io.Threaded.WindowsBatchOperationUserdata.toErased	other	no	no
std.Io.Threaded.WindowsCommandLineCache.cmdExePath	self	no	no
std.Io.Threaded.WindowsCommandLineCache.commandLine	self	no	no
std.Io.Threaded.WindowsCommandLineCache.deinit	self	no	no
std.Io.Threaded.WindowsCommandLineCache.init	allocator	no	no
std.Io.Threaded.WindowsCommandLineCache.scriptCommandLine	self	no	no
std.Io.Threaded.WindowsEnvironStrings.scan	none	no	no
std.Io.Threaded.WindowsPathSpace.span	other	no	no
std.Io.Threaded.WindowsPathSpace.string	other	no	no
std.Io.Threaded.addAfdBuf	other	no	yes
std.Io.Threaded.addBuf	other	no	no
std.Io.Threaded.address4FromPosix	other	no	no
std.Io.Threaded.address4ToPosix	other	no	no
std.Io.Threaded.address6FromPosix	other	no	no
std.Io.Threaded.address6ToPosix	other	no	no
std.Io.Threaded.addressFromPosix	other	no	no
std.Io.Threaded.addressToPosix	other	no	no
std.Io.Threaded.addressUnixToPosix	other	no	no
std.Io.Threaded.argvToCommandLineWindows	allocator	no	no
std.Io.Threaded.argvToScriptCommandLineWindows	allocator	no	no
std.Io.Threaded.async	other	yes	no
std.Io.Threaded.atomicFileInit	other	yes	no
std.Io.Threaded.await	other	yes	no
std.Io.Threaded.batchApc	other	no	no
std.Io.Threaded.batchAwaitAsync	other	yes	no
std.Io.Threaded.batchAwaitConcurrent	other	yes	no
std.Io.Threaded.batchCancel	other	yes	no
std.Io.Threaded.batchCompleteBlockingWindows	other	yes	no
std.Io.Threaded.batchDrainSubmittedWindows	other	yes	no
std.Io.Threaded.bindSocketIpAfd	other	no	no
std.Io.Threaded.bindSocketUnixAfd	other	no	no
std.Io.Threaded.cancel	other	yes	no
std.Io.Threaded.chdir	other	no	no
std.Io.Threaded.checkCancel	other	yes	no
std.Io.Threaded.childCleanupPosix	other	no	no
std.Io.Threaded.childCleanupWindows	other	no	no
std.Io.Threaded.childKill	other	no	no
std.Io.Threaded.childKillPosix	other	no	no
std.Io.Threaded.childKillWindows	other	no	no
std.Io.Threaded.childWait	other	no	no
std.Io.Threaded.childWaitPosix	other	no	no
std.Io.Threaded.childWaitWindows	other	no	no
std.Io.Threaded.clockResolution	other	yes	no
std.Io.Threaded.clockResolutionPosix	other	yes	no
std.Io.Threaded.clockToPosix	other	yes	no
std.Io.Threaded.clockToWasi	other	yes	no
std.Io.Threaded.closeFd	other	no	no
std.Io.Threaded.concurrent	other	yes	no
std.Io.Threaded.condBroadcast	other	yes	no
std.Io.Threaded.condSignal	other	yes	no
std.Io.Threaded.condWait	other	yes	no
std.Io.Threaded.copyCanon	other	no	no
std.Io.Threaded.crashHandler	other	no	no
std.Io.Threaded.createFileMap	other	no	no
std.Io.Threaded.deferAcceptAfd	other	no	no
std.Io.Threaded.deinit	other	no	no
std.Io.Threaded.destroyPipe	other	no	no
std.Io.Threaded.deviceIoControl	other	yes	no
std.Io.Threaded.dirAccessPosix	other	no	no
std.Io.Threaded.dirAccessWasi	other	no	no
std.Io.Threaded.dirAccessWindows	other	no	no
std.Io.Threaded.dirClose	other	no	no
std.Io.Threaded.dirCreateDirPath	other	no	no
std.Io.Threaded.dirCreateDirPathOpenPosix	other	no	no
std.Io.Threaded.dirCreateDirPathOpenWasi	other	no	no
std.Io.Threaded.dirCreateDirPathOpenWindows	other	no	no
std.Io.Threaded.dirCreateDirPosix	other	no	no
std.Io.Threaded.dirCreateDirWasi	other	no	no
std.Io.Threaded.dirCreateDirWindows	other	no	no
std.Io.Threaded.dirCreateFileAtomic	other	no	no
std.Io.Threaded.dirCreateFilePosix	other	no	no
std.Io.Threaded.dirCreateFileWasi	other	no	no
std.Io.Threaded.dirCreateFileWindows	other	no	no
std.Io.Threaded.dirDeleteDirPosix	other	no	no
std.Io.Threaded.dirDeleteDirWasi	other	no	no
std.Io.Threaded.dirDeleteDirWindows	other	no	no
std.Io.Threaded.dirDeleteFilePosix	other	no	no
std.Io.Threaded.dirDeleteFileWasi	other	no	no
std.Io.Threaded.dirDeleteFileWindows	other	no	no
std.Io.Threaded.dirDeleteWindows	other	no	no
std.Io.Threaded.dirHardLink	other	no	no
std.Io.Threaded.dirOpenDirHaiku	other	no	no
std.Io.Threaded.dirOpenDirPosix	other	no	no
std.Io.Threaded.dirOpenDirWasi	other	no	no
std.Io.Threaded.dirOpenDirWindows	other	no	no
std.Io.Threaded.dirOpenFilePosix	other	no	no
std.Io.Threaded.dirOpenFileWasi	other	no	no
std.Io.Threaded.dirOpenFileWindows	other	no	no
std.Io.Threaded.dirOpenFileWtf16	other	no	no
std.Io.Threaded.dirReadBsd	other	no	no
std.Io.Threaded.dirReadDarwin	other	no	no
std.Io.Threaded.dirReadHaiku	other	no	no
std.Io.Threaded.dirReadIllumos	other	no	no
std.Io.Threaded.dirReadLink	other	no	no
std.Io.Threaded.dirReadLinkPosix	other	no	no
std.Io.Threaded.dirReadLinkWasi	other	no	no
std.Io.Threaded.dirReadLinkWindows	other	no	no
std.Io.Threaded.dirReadLinux	other	no	no
std.Io.Threaded.dirReadUnimplemented	other	no	no
std.Io.Threaded.dirReadWasi	other	no	no
std.Io.Threaded.dirReadWindows	other	no	no
std.Io.Threaded.dirRealPathFilePosix	other	no	no
std.Io.Threaded.dirRealPathFileWindows	other	no	no
std.Io.Threaded.dirRealPathPosix	other	no	no
std.Io.Threaded.dirRealPathWindows	other	no	no
std.Io.Threaded.dirRenamePosix	other	no	no
std.Io.Threaded.dirRenamePreserve	other	no	no
std.Io.Threaded.dirRenamePreserveLinux	other	no	no
std.Io.Threaded.dirRenameWasi	other	no	no
std.Io.Threaded.dirRenameWindows	other	no	no
std.Io.Threaded.dirRenameWindowsInner	other	no	no
std.Io.Threaded.dirSetFileOwner	other	no	no
std.Io.Threaded.dirSetFilePermissions	other	no	no
std.Io.Threaded.dirSetOwnerPosix	other	no	no
std.Io.Threaded.dirSetOwnerUnsupported	other	no	no
std.Io.Threaded.dirSetPermissionsPosix	other	no	no
std.Io.Threaded.dirSetPermissionsWindows	other	no	no
std.Io.Threaded.dirSetTimestamps	other	no	no
std.Io.Threaded.dirStat	other	no	no
std.Io.Threaded.dirStatFileLinux	other	no	no
std.Io.Threaded.dirStatFilePosix	other	no	no
std.Io.Threaded.dirStatFileWasi	other	no	no
std.Io.Threaded.dirStatFileWindows	other	no	no
std.Io.Threaded.dirSymLinkPosix	other	no	no
std.Io.Threaded.dirSymLinkWasi	other	no	no
std.Io.Threaded.dirSymLinkWindows	other	no	no
std.Io.Threaded.doNothingSignalHandler	other	no	no
std.Io.Threaded.dup2	other	no	no
std.Io.Threaded.environString	other	no	yes
std.Io.Threaded.errnoBug	other	yes	no
std.Io.Threaded.eventSet	other	yes	no
std.Io.Threaded.eventWait	other	yes	no
std.Io.Threaded.fallbackSeed	other	no	no
std.Io.Threaded.fallbackSeedPosix	other	no	no
std.Io.Threaded.fallbackSeedWasi	other	no	no
std.Io.Threaded.fallbackSeedWindows	other	no	no
std.Io.Threaded.fchdir	other	no	no
std.Io.Threaded.fchmodatFallback	other	no	no
std.Io.Threaded.fileClose	other	no	no
std.Io.Threaded.fileDowngradeLock	other	no	no
std.Io.Threaded.fileEnableAnsiEscapeCodes	other	no	no
std.Io.Threaded.fileHardLink	other	no	no
std.Io.Threaded.fileIsTty	other	yes	no
std.Io.Threaded.fileLength	other	no	no
std.Io.Threaded.fileLock	other	no	no
std.Io.Threaded.fileMemoryMapCreate	other	no	no
std.Io.Threaded.fileMemoryMapDestroy	other	no	no
std.Io.Threaded.fileMemoryMapRead	other	no	no
std.Io.Threaded.fileMemoryMapSetLength	other	no	no
std.Io.Threaded.fileMemoryMapWrite	other	no	no
std.Io.Threaded.filePathKind	other	no	no
std.Io.Threaded.fileReadPositional	other	no	no
std.Io.Threaded.fileReadPositionalPosix	other	no	no
std.Io.Threaded.fileReadPositionalWindows	other	no	no
std.Io.Threaded.fileReadStreaming	other	no	no
std.Io.Threaded.fileReadStreamingPosix	other	no	no
std.Io.Threaded.fileReadStreamingWindows	other	no	no
std.Io.Threaded.fileRealPathPosix	other	no	no
std.Io.Threaded.fileRealPathWindows	other	no	no
std.Io.Threaded.fileSeekBy	other	no	no
std.Io.Threaded.fileSeekTo	other	no	no
std.Io.Threaded.fileSetLength	other	no	no
std.Io.Threaded.fileSetOwner	other	no	no
std.Io.Threaded.fileSetPermissions	other	no	no
std.Io.Threaded.fileSetTimestamps	other	no	no
std.Io.Threaded.fileStatLinux	other	no	no
std.Io.Threaded.fileStatPosix	other	no	no
std.Io.Threaded.fileStatWasi	other	no	no
std.Io.Threaded.fileStatWindows	other	no	no
std.Io.Threaded.fileSupportsAnsiEscapeCodes	other	yes	no
std.Io.Threaded.fileSyncPosix	other	no	no
std.Io.Threaded.fileSyncWasi	other	no	no
std.Io.Threaded.fileSyncWindows	other	no	no
std.Io.Threaded.fileTryLock	other	no	no
std.Io.Threaded.fileUnlock	other	no	no
std.Io.Threaded.fileWriteFilePositional	other	yes	no
std.Io.Threaded.fileWriteFileStreaming	other	yes	no
std.Io.Threaded.fileWritePositional	other	no	no
std.Io.Threaded.fileWriteStreaming	other	no	no
std.Io.Threaded.fileWriteStreamingWindows	other	no	no
std.Io.Threaded.flagApc	other	no	no
std.Io.Threaded.forkBail	other	no	no
std.Io.Threaded.futexWait	other	yes	no
std.Io.Threaded.futexWaitUncancelable	other	no	no
std.Io.Threaded.futexWake	other	no	no
std.Io.Threaded.getCngDevice	other	yes	no
std.Io.Threaded.getDevNullFd	other	no	no
std.Io.Threaded.getLocalDevicePathType	other	no	yes
std.Io.Threaded.getNamedPipeDevice	other	no	no
std.Io.Threaded.getNulDevice	other	no	no
std.Io.Threaded.getRandomFd	other	yes	no
std.Io.Threaded.groupAsync	other	yes	no
std.Io.Threaded.groupAsyncEager	other	no	no
std.Io.Threaded.groupAwait	other	yes	no
std.Io.Threaded.groupCancel	other	yes	no
std.Io.Threaded.groupConcurrent	other	yes	no
std.Io.Threaded.inheritFile	none	no	no
std.Io.Threaded.init	other	yes	no
std.Io.Threaded.initLockedStderr	other	yes	no
std.Io.Threaded.io	other	yes	no
std.Io.Threaded.isCygwinPty	other	yes	no
std.Io.Threaded.isTty	other	yes	no
std.Io.Threaded.join	other	no	no
std.Io.Threaded.linkat	other	no	no
std.Io.Threaded.lockStderr	other	yes	no
std.Io.Threaded.lookupDns	other	yes	no
std.Io.Threaded.lookupDnsSearch	other	yes	no
std.Io.Threaded.lookupHosts	other	yes	no
std.Io.Threaded.lookupHostsReader	other	yes	no
std.Io.Threaded.mmSyncRead	other	no	no
std.Io.Threaded.mmSyncWrite	other	no	no
std.Io.Threaded.mountmgrIsVolumeName	other	no	no
std.Io.Threaded.mutexLock	other	yes	no
std.Io.Threaded.mutexUnlock	other	yes	no
std.Io.Threaded.nanosecondsFromPosix	other	no	no
std.Io.Threaded.netAcceptPosix	other	no	no
std.Io.Threaded.netAcceptWindows	other	no	no
std.Io.Threaded.netBindIpPosix	other	no	no
std.Io.Threaded.netBindIpWindows	other	no	no
std.Io.Threaded.netClose	other	no	no
std.Io.Threaded.netConnectIpPosix	other	no	no
std.Io.Threaded.netConnectIpWindows	other	no	no
std.Io.Threaded.netConnectUnixPosix	other	no	no
std.Io.Threaded.netConnectUnixWindows	other	no	no
std.Io.Threaded.netInterfaceName	other	no	no
std.Io.Threaded.netInterfaceNameResolve	other	no	no
std.Io.Threaded.netListenIpPosix	other	no	no
std.Io.Threaded.netListenIpWindows	other	no	no
std.Io.Threaded.netListenUnixPosix	other	no	no
std.Io.Threaded.netListenUnixWindows	other	no	no
std.Io.Threaded.netLookup	other	yes	no
std.Io.Threaded.netLookupFallible	other	yes	no
std.Io.Threaded.netReadPosix	other	no	no
std.Io.Threaded.netReadWindows	other	no	no
std.Io.Threaded.netReceiveOneWindows	other	no	no
std.Io.Threaded.netReceivePosix	other	no	no
std.Io.Threaded.netReceiveWindows	other	no	no
std.Io.Threaded.netSendManyPosix	other	no	no
std.Io.Threaded.netSendOnePosix	other	no	no
std.Io.Threaded.netSendOneWindows	other	no	no
std.Io.Threaded.netSendPosix	other	no	no
std.Io.Threaded.netSendWindows	other	no	no
std.Io.Threaded.netShutdownPosix	other	no	no
std.Io.Threaded.netShutdownWindows	other	no	no
std.Io.Threaded.netSocketCreatePair	other	no	no
std.Io.Threaded.netWriteFile	other	yes	no
std.Io.Threaded.netWritePosix	other	no	no
std.Io.Threaded.netWriteWindows	other	no	no
std.Io.Threaded.now	other	yes	no
std.Io.Threaded.nowPosix	other	yes	no
std.Io.Threaded.nowWasi	other	yes	no
std.Io.Threaded.nowWindows	other	yes	no
std.Io.Threaded.ntReadFileResult	other	no	no
std.Io.Threaded.ntWriteFileResult	other	no	no
std.Io.Threaded.openSocketAfd	other	no	no
std.Io.Threaded.openSocketPosix	other	no	no
std.Io.Threaded.operate	other	yes	no
std.Io.Threaded.park	other	yes	no
std.Io.Threaded.parking_futex.bucketForAddress	other	no	no
std.Io.Threaded.parking_futex.removeCanceledWaiter	other	no	no
std.Io.Threaded.parking_futex.wait	other	yes	no
std.Io.Threaded.parking_futex.wake	other	no	no
std.Io.Threaded.parking_sleep.sleep	other	yes	no
std.Io.Threaded.parseReadLinkPath	other	no	no
std.Io.Threaded.pathToPosix	other	no	no
std.Io.Threaded.pipe2	other	no	no
std.Io.Threaded.posixAddressFamily	other	no	no
std.Io.Threaded.posixBind	other	no	no
std.Io.Threaded.posixBindUnix	other	no	no
std.Io.Threaded.posixConnect	other	no	no
std.Io.Threaded.posixConnectUnix	other	no	no
std.Io.Threaded.posixExecv	other	no	no
std.Io.Threaded.posixExecvPath	other	no	no
std.Io.Threaded.posixFchmodat	other	no	no
std.Io.Threaded.posixFchown	other	no	no
std.Io.Threaded.posixGetSockName	other	no	no
std.Io.Threaded.posixSeekTo	other	no	no
std.Io.Threaded.posixSocketModeProtocol	other	no	no
std.Io.Threaded.posixStatFile	other	no	no
std.Io.Threaded.processCurrentPath	other	no	no
std.Io.Threaded.processExecutableOpen	other	no	no
std.Io.Threaded.processExecutablePath	other	no	no
std.Io.Threaded.processReplace	other	no	no
std.Io.Threaded.processReplacePath	other	no	no
std.Io.Threaded.processSetCurrentDir	other	no	no
std.Io.Threaded.processSetCurrentPath	other	no	no
std.Io.Threaded.processSpawnPath	other	no	no
std.Io.Threaded.processSpawnPosix	other	no	no
std.Io.Threaded.processSpawnUnsupported	other	no	no
std.Io.Threaded.processSpawnWindows	other	no	no
std.Io.Threaded.progressParentFile	other	no	no
std.Io.Threaded.random	other	no	no
std.Io.Threaded.randomMainThread	other	no	no
std.Io.Threaded.randomSecure	other	yes	no
std.Io.Threaded.readFilePositionalWindows	other	no	no
std.Io.Threaded.readIntFd	other	no	no
std.Io.Threaded.realPathPosix	other	no	no
std.Io.Threaded.realPathWindows	other	no	no
std.Io.Threaded.realPathWindowsBuf	other	no	no
std.Io.Threaded.recancel	other	no	no
std.Io.Threaded.recancelInner	none	no	no
std.Io.Threaded.recoverableOsBugDetected	none	no	no
std.Io.Threaded.renameat	other	no	no
std.Io.Threaded.renameatPreserve	other	no	no
std.Io.Threaded.scanEnviron	other	no	no
std.Io.Threaded.setAsyncLimit	other	yes	no
std.Io.Threaded.setCloexec	other	no	no
std.Io.Threaded.setPermissionsPosix	other	no	no
std.Io.Threaded.setSocketOptionAfd	other	no	yes
std.Io.Threaded.setSocketOptionPosix	other	no	no
std.Io.Threaded.setTimestampToPosix	other	no	no
std.Io.Threaded.setUnparkFlag	other	no	no
std.Io.Threaded.setUpChildIo	other	yes	no
std.Io.Threaded.sleep	other	yes	no
std.Io.Threaded.sleepNanosleep	other	yes	no
std.Io.Threaded.sleepPosix	other	yes	no
std.Io.Threaded.sleepWasi	other	yes	no
std.Io.Threaded.sliceToPrefixedFileW	other	no	no
std.Io.Threaded.socketOptionAfd	other	no	no
std.Io.Threaded.spawnPosix	other	no	no
std.Io.Threaded.statFromLinux	other	yes	no
std.Io.Threaded.statFromPosix	other	no	no
std.Io.Threaded.statFromWasi	other	no	no
std.Io.Threaded.statusToTerm	other	no	no
std.Io.Threaded.statxKind	other	no	no
std.Io.Threaded.submitComplete	other	yes	no
std.Io.Threaded.supportsAnsiEscapeCodes	other	yes	no
std.Io.Threaded.swapCancelProtection	other	yes	no
std.Io.Threaded.systemBasicInformation	other	no	no
std.Io.Threaded.testArgvToCommandLineWindows	other	no	no
std.Io.Threaded.timeoutToWindowsInterval	other	yes	no
std.Io.Threaded.timestampFromPosix	other	yes	no
std.Io.Threaded.timestampToPosix	other	no	no
std.Io.Threaded.tryLockStderr	other	yes	no
std.Io.Threaded.unlockStderr	other	no	no
std.Io.Threaded.unpark	other	no	no
std.Io.Threaded.wToPrefixedFileW	other	no	no
std.Io.Threaded.waitForApcOrAlert	none	no	no
std.Io.Threaded.windowsCreatePipe	other	no	no
std.Io.Threaded.windowsCreateProcess	other	no	no
std.Io.Threaded.windowsCreateProcessPathExt	allocator	no	no
std.Io.Threaded.windowsCreateProcessSupportsExtension	other	no	no
std.Io.Threaded.windowsWriteBuffer	other	no	no
std.Io.Threaded.worker	other	no	no
std.Io.Threaded.writeFilePositionalWindows	other	no	no
std.Io.Threaded.writeIntFd	other	no	no
std.Io.Threaded.writeResolutionQuery	other	no	no
std.Io.Timeout.sleep	other	yes	no
std.Io.Timeout.toDeadline	other	yes	no
std.Io.Timeout.toDurationFromNow	other	yes	no
std.Io.Timeout.toTimestamp	other	yes	no
std.Io.Timestamp.addDuration	other	no	no
std.Io.Timestamp.durationTo	other	no	no
std.Io.Timestamp.formatNumber	other	yes	no
std.Io.Timestamp.fromNanoseconds	other	no	no
std.Io.Timestamp.now	other	yes	no
std.Io.Timestamp.subDuration	other	no	no
std.Io.Timestamp.toMicroseconds	other	no	no
std.Io.Timestamp.toMilliseconds	other	no	no
std.Io.Timestamp.toNanoseconds	other	no	no
std.Io.Timestamp.toSeconds	other	no	no
std.Io.Timestamp.untilNow	other	yes	no
std.Io.Timestamp.withClock	other	no	no
std.Io.TypeErasedQueue.close	other	yes	no
std.Io.TypeErasedQueue.fillRingBufferFromPutters	other	yes	no
std.Io.TypeErasedQueue.get	other	yes	no
std.Io.TypeErasedQueue.getLocked	other	yes	no
std.Io.TypeErasedQueue.getUncancelable	other	yes	no
std.Io.TypeErasedQueue.gettableSlice	other	no	no
std.Io.TypeErasedQueue.init	other	no	no
std.Io.TypeErasedQueue.put	other	yes	no
std.Io.TypeErasedQueue.putLocked	other	yes	no
std.Io.TypeErasedQueue.putUncancelable	other	yes	no
std.Io.TypeErasedQueue.puttableSlice	other	no	no
std.Io.Uring.AsyncClosure.call	other	no	no
std.Io.Uring.AsyncClosure.contextPointer	other	no	no
std.Io.Uring.AsyncClosure.entry	none	no	no
std.Io.Uring.AsyncClosure.fromFiber	other	no	no
std.Io.Uring.CachedFd.Once.fromFd	other	no	no
std.Io.Uring.CachedFd.Once.toFd	other	no	no
std.Io.Uring.CachedFd.close	other	no	no
std.Io.Uring.CachedFd.open	other	no	no
std.Io.Uring.CancelRegion.Sync.Maybe.cancelRegion	other	no	no
std.Io.Uring.CancelRegion.Sync.Maybe.deinit	other	no	no
std.Io.Uring.CancelRegion.Sync.Maybe.enterSync	other	yes	no
std.Io.Uring.CancelRegion.Sync.Maybe.leaveSync	other	no	no
std.Io.Uring.CancelRegion.Sync.deinit	other	no	no
std.Io.Uring.CancelRegion.Sync.init	other	yes	no
std.Io.Uring.CancelRegion.Sync.initBlocked	other	no	no
std.Io.Uring.CancelRegion.await	other	yes	no
std.Io.Uring.CancelRegion.awaitIoUring	other	yes	no
std.Io.Uring.CancelRegion.completion	other	no	no
std.Io.Uring.CancelRegion.deinit	other	no	no
std.Io.Uring.CancelRegion.errno	other	no	no
std.Io.Uring.CancelRegion.init	none	no	no
std.Io.Uring.CancelRegion.initBlocked	none	no	no
std.Io.Uring.Completion.errno	other	no	no
std.Io.Uring.Fiber.CancelProtection.acknowledge	other	no	no
std.Io.Uring.Fiber.CancelProtection.check	other	yes	no
std.Io.Uring.Fiber.CancelProtection.recancel	other	no	no
std.Io.Uring.Fiber.CancelStatus.Awaiting.fromIoUringFd	other	yes	no
std.Io.Uring.Fiber.CancelStatus.Awaiting.subWrap	other	no	no
std.Io.Uring.Fiber.CancelStatus.Awaiting.toIoUringFd	other	yes	no
std.Io.Uring.Fiber.CancelStatus.changeAwaiting	other	no	no
std.Io.Uring.Fiber.PackedPtr.pack	other	no	no
std.Io.Uring.Fiber.PackedPtr.unpack	other	no	no
std.Io.Uring.Fiber.allocatedEnd	other	no	no
std.Io.Uring.Fiber.allocatedSlice	other	no	no
std.Io.Uring.Fiber.create	other	no	no
std.Io.Uring.Fiber.destroy	other	no	no
std.Io.Uring.Fiber.requestCancel	other	no	no
std.Io.Uring.Fiber.resultBytes	other	no	no
std.Io.Uring.Fiber.resultPointer	other	no	yes
std.Io.Uring.Group.AsyncClosure.call	other	no	no
std.Io.Uring.Group.AsyncClosure.contextPointer	other	no	no
std.Io.Uring.Group.AsyncClosure.entry	none	no	no
std.Io.Uring.Group.AsyncClosure.fromFiber	other	no	no
std.Io.Uring.Group.addFiber	other	no	no
std.Io.Uring.Group.await	other	no	no
std.Io.Uring.Group.awaiterPtr	other	no	no
std.Io.Uring.Group.cancel	other	no	no
std.Io.Uring.Group.cancelLocked	other	no	no
std.Io.Uring.Group.listPtr	other	no	no
std.Io.Uring.Group.lock	other	no	no
std.Io.Uring.Group.mutexPtr	other	no	no
std.Io.Uring.Group.registerAwaiter	other	no	no
std.Io.Uring.Group.removeFiber	other	no	no
std.Io.Uring.Group.unlock	other	no	no
std.Io.Uring.SwitchMessage.handle	other	no	no
std.Io.Uring.Thread.current	none	no	no
std.Io.Uring.Thread.currentFiber	other	no	no
std.Io.Uring.Thread.deinit	other	no	no
std.Io.Uring.Thread.enqueue	other	no	no
std.Io.Uring.Thread.submit	other	no	no
std.Io.Uring.addBuf	other	no	no
std.Io.Uring.alloc	other	no	no
std.Io.Uring.allocator	other	no	no
std.Io.Uring.async	other	yes	no
std.Io.Uring.atomicFileInit	other	no	no
std.Io.Uring.await	other	yes	no
std.Io.Uring.batchAwaitAsync	other	yes	no
std.Io.Uring.batchAwaitConcurrent	other	yes	no
std.Io.Uring.batchCancel	other	yes	no
std.Io.Uring.batchDrainReady	other	yes	no
std.Io.Uring.batchDrainSubmitted	other	yes	no
std.Io.Uring.bind	other	no	no
std.Io.Uring.cancel	other	yes	no
std.Io.Uring.chdir	other	no	no
std.Io.Uring.checkCancel	other	yes	no
std.Io.Uring.childCleanup	other	no	no
std.Io.Uring.childKill	other	no	no
std.Io.Uring.childWait	other	no	no
std.Io.Uring.clockResolution	other	yes	no
std.Io.Uring.close	other	no	no
std.Io.Uring.closeAsync	other	no	no
std.Io.Uring.concurrent	other	yes	no
std.Io.Uring.contextSwitch	other	no	no
std.Io.Uring.crashHandler	other	no	no
std.Io.Uring.deinit	other	no	no
std.Io.Uring.destroyPipe	other	no	no
std.Io.Uring.deviceIoControl	other	yes	no
std.Io.Uring.dirAccess	other	no	no
std.Io.Uring.dirClose	other	no	no
std.Io.Uring.dirCreateDir	other	no	no
std.Io.Uring.dirCreateDirPath	other	no	no
std.Io.Uring.dirCreateDirPathOpen	other	no	no
std.Io.Uring.dirCreateFile	other	no	no
std.Io.Uring.dirCreateFileAtomic	other	no	no
std.Io.Uring.dirDeleteDir	other	no	no
std.Io.Uring.dirDeleteFile	other	no	no
std.Io.Uring.dirHardLink	other	no	no
std.Io.Uring.dirOpenDir	other	no	no
std.Io.Uring.dirOpenFile	other	no	no
std.Io.Uring.dirRead	other	no	no
std.Io.Uring.dirReadLink	other	no	no
std.Io.Uring.dirRealPath	other	no	no
std.Io.Uring.dirRealPathFile	other	no	no
std.Io.Uring.dirRename	other	no	no
std.Io.Uring.dirRenamePreserve	other	no	no
std.Io.Uring.dirSetFileOwner	other	no	no
std.Io.Uring.dirSetFilePermissions	other	no	no
std.Io.Uring.dirSetOwner	other	no	no
std.Io.Uring.dirSetPermissions	other	no	no
std.Io.Uring.dirSetTimestamps	other	no	no
std.Io.Uring.dirStat	other	no	no
std.Io.Uring.dirStatFile	other	no	no
std.Io.Uring.dirSymLink	other	no	no
std.Io.Uring.dup2	other	no	no
std.Io.Uring.execv	other	no	no
std.Io.Uring.execvPath	other	no	no
std.Io.Uring.fchdir	other	no	no
std.Io.Uring.fchmodat	other	no	no
std.Io.Uring.fchownat	other	no	no
std.Io.Uring.fileClose	other	no	no
std.Io.Uring.fileDowngradeLock	other	no	no
std.Io.Uring.fileEnableAnsiEscapeCodes	other	no	no
std.Io.Uring.fileHardLink	other	no	no
std.Io.Uring.fileIsTty	other	yes	no
std.Io.Uring.fileLength	other	no	no
std.Io.Uring.fileLock	other	no	no
std.Io.Uring.fileMemoryMapCreate	other	no	no
std.Io.Uring.fileMemoryMapDestroy	other	no	no
std.Io.Uring.fileMemoryMapRead	other	no	no
std.Io.Uring.fileMemoryMapSetLength	other	no	no
std.Io.Uring.fileMemoryMapWrite	other	no	no
std.Io.Uring.filePathKind	other	no	no
std.Io.Uring.fileReadPositional	other	no	no
std.Io.Uring.fileReadStreaming	other	no	no
std.Io.Uring.fileRealPath	other	no	no
std.Io.Uring.fileSeekBy	other	no	no
std.Io.Uring.fileSeekTo	other	no	no
std.Io.Uring.fileSetLength	other	no	no
std.Io.Uring.fileSetOwner	other	no	no
std.Io.Uring.fileSetPermissions	other	no	no
std.Io.Uring.fileSetTimestamps	other	no	no
std.Io.Uring.fileStat	other	no	no
std.Io.Uring.fileSync	other	no	no
std.Io.Uring.fileTryLock	other	no	no
std.Io.Uring.fileUnlock	other	no	no
std.Io.Uring.fileWriteFilePositional	other	yes	no
std.Io.Uring.fileWriteFileStreaming	other	yes	no
std.Io.Uring.fileWritePositional	other	no	no
std.Io.Uring.fileWriteStreaming	other	no	no
std.Io.Uring.findReadyFiber	other	no	no
std.Io.Uring.flock	other	no	no
std.Io.Uring.free	other	no	no
std.Io.Uring.futexWait	other	yes	no
std.Io.Uring.futexWaitUncancelable	other	no	no
std.Io.Uring.futexWake	other	no	no
std.Io.Uring.getsockname	other	no	no
std.Io.Uring.groupAsync	other	yes	no
std.Io.Uring.groupAwait	other	yes	no
std.Io.Uring.groupCancel	other	yes	no
std.Io.Uring.groupConcurrent	other	yes	no
std.Io.Uring.idle	other	no	no
std.Io.Uring.init	other	no	no
std.Io.Uring.initLockedStderr	other	yes	no
std.Io.Uring.io	other	yes	no
std.Io.Uring.linkat	other	no	no
std.Io.Uring.lockStderr	other	yes	no
std.Io.Uring.lseek	other	no	no
std.Io.Uring.mainIdle	other	yes	no
std.Io.Uring.mainIdleEntry	none	no	no
std.Io.Uring.netAcceptUnavailable	other	no	no
std.Io.Uring.netBindIp	other	no	no
std.Io.Uring.netClose	other	no	no
std.Io.Uring.netConnectIpUnavailable	other	no	no
std.Io.Uring.netConnectUnixUnavailable	other	no	no
std.Io.Uring.netInterfaceNameResolveUnavailable	other	no	no
std.Io.Uring.netInterfaceNameUnavailable	other	no	no
std.Io.Uring.netListenIpUnavailable	other	no	no
std.Io.Uring.netListenUnixUnavailable	other	no	no
std.Io.Uring.netLookupUnavailable	other	yes	no
std.Io.Uring.netReadUnavailable	other	no	no
std.Io.Uring.netReceive	other	no	no
std.Io.Uring.netSendUnavailable	other	no	no
std.Io.Uring.netShutdown	other	no	no
std.Io.Uring.netSocketCreatePairUnavailable	other	no	no
std.Io.Uring.netWriteFileUnavailable	other	yes	no
std.Io.Uring.netWriteUnavailable	other	no	no
std.Io.Uring.now	other	yes	no
std.Io.Uring.openat	other	no	no
std.Io.Uring.operate	other	yes	no
std.Io.Uring.pipe2	other	no	no
std.Io.Uring.preadv	other	no	no
std.Io.Uring.processCurrentPath	other	no	no
std.Io.Uring.processExecutableOpen	other	no	no
std.Io.Uring.processExecutablePath	other	no	no
std.Io.Uring.processReplace	other	no	no
std.Io.Uring.processReplacePath	other	no	no
std.Io.Uring.processSetCurrentDir	other	no	no
std.Io.Uring.processSetCurrentPath	other	no	no
std.Io.Uring.processSpawn	other	no	no
std.Io.Uring.processSpawnPath	other	no	no
std.Io.Uring.progressParentFile	other	no	no
std.Io.Uring.pwritev	other	no	no
std.Io.Uring.random	other	no	no
std.Io.Uring.randomSecure	other	yes	no
std.Io.Uring.readAll	other	no	no
std.Io.Uring.realPath	other	no	no
std.Io.Uring.recancel	other	no	no
std.Io.Uring.remap	other	no	no
std.Io.Uring.renameat	other	no	no
std.Io.Uring.resize	other	no	no
std.Io.Uring.scanEnviron	other	yes	no
std.Io.Uring.schedule	other	no	no
std.Io.Uring.setUpChild	other	no	no
std.Io.Uring.setUpChildIo	other	yes	no
std.Io.Uring.setsockopt	other	no	no
std.Io.Uring.sleep	other	yes	no
std.Io.Uring.socket	other	no	no
std.Io.Uring.spawn	other	no	no
std.Io.Uring.stat	other	no	no
std.Io.Uring.statx	other	no	no
std.Io.Uring.swapCancelProtection	other	yes	no
std.Io.Uring.threadEntry	other	no	no
std.Io.Uring.tryLockStderr	other	yes	no
std.Io.Uring.unlockStderr	other	no	no
std.Io.Uring.urandomReadAll	other	no	no
std.Io.Uring.utimensat	other	no	no
std.Io.Uring.writeAllSync	other	no	no
std.Io.Uring.writeSync	other	no	no
std.Io.Uring.yield	other	no	no
std.Io.Writer.Allocating.clearRetainingCapacity	other	no	no
std.Io.Writer.Allocating.deinit	other	no	no
std.Io.Writer.Allocating.drain	other	no	no
std.Io.Writer.Allocating.ensureTotalCapacity	other	no	no
std.Io.Writer.Allocating.ensureTotalCapacityPrecise	other	no	no
std.Io.Writer.Allocating.ensureUnusedCapacity	other	no	no
std.Io.Writer.Allocating.fromArrayList	allocator	no	no
std.Io.Writer.Allocating.fromArrayListAligned	allocator	no	yes
std.Io.Writer.Allocating.growingRebase	other	no	no
std.Io.Writer.Allocating.init	allocator	no	no
std.Io.Writer.Allocating.initAligned	allocator	no	no
std.Io.Writer.Allocating.initCapacity	allocator	no	no
std.Io.Writer.Allocating.initOwnedSlice	allocator	no	no
std.Io.Writer.Allocating.initOwnedSliceAligned	allocator	no	yes
std.Io.Writer.Allocating.sendFile	other	no	no
std.Io.Writer.Allocating.shrinkRetainingCapacity	other	no	no
std.Io.Writer.Allocating.testAllocating	other	no	yes
std.Io.Writer.Allocating.toArrayList	other	no	no
std.Io.Writer.Allocating.toArrayListAligned	other	no	yes
std.Io.Writer.Allocating.toOwnedSlice	other	no	no
std.Io.Writer.Allocating.toOwnedSliceSentinel	other	no	yes
std.Io.Writer.Allocating.written	other	no	no
std.Io.Writer.Discarding.drain	other	no	no
std.Io.Writer.Discarding.fullCount	other	no	no
std.Io.Writer.Discarding.init	other	no	no
std.Io.Writer.Discarding.sendFile	other	no	no
std.Io.Writer.Hashed	other	no	yes
std.Io.Writer.Hashed().drain	other	no	no
std.Io.Writer.Hashed().init	other	no	no
std.Io.Writer.Hashed().initHasher	other	no	no
std.Io.Writer.Hashing	other	no	yes
std.Io.Writer.Hashing().drain	other	no	no
std.Io.Writer.Hashing().init	other	no	no
std.Io.Writer.Hashing().initHasher	other	no	no
std.Io.Writer.advance	other	no	no
std.Io.Writer.alignBuffer	other	no	no
std.Io.Writer.alignBufferOptions	other	no	no
std.Io.Writer.buffered	other	no	no
std.Io.Writer.consume	other	no	no
std.Io.Writer.consumeAll	other	no	no
std.Io.Writer.countSendFileLowerBound	other	no	no
std.Io.Writer.countSplat	other	no	no
std.Io.Writer.defaultFlush	other	no	no
std.Io.Writer.defaultRebase	other	no	no
std.Io.Writer.ensureUnusedCapacity	other	no	no
std.Io.Writer.failingDrain	other	no	no
std.Io.Writer.failingRebase	other	no	no
std.Io.Writer.failingSendFile	other	no	no
std.Io.Writer.fixed	other	no	no
std.Io.Writer.fixedDrain	other	no	no
std.Io.Writer.flush	other	no	no
std.Io.Writer.fromArrayList	other	no	no
std.Io.Writer.hashed	other	no	yes
std.Io.Writer.invalidFmtError	other	no	yes
std.Io.Writer.noopFlush	other	no	no
std.Io.Writer.optionsForbidden	other	no	no
std.Io.Writer.print	other	no	yes
std.Io.Writer.printAddress	other	no	yes
std.Io.Writer.printArray	other	no	yes
std.Io.Writer.printAscii	other	no	no
std.Io.Writer.printAsciiChar	other	no	no
std.Io.Writer.printBase64	other	no	no
std.Io.Writer.printByteSize	other	no	yes
std.Io.Writer.printEnumExhaustive	other	no	yes
std.Io.Writer.printEnumNonexhaustive	other	no	yes
std.Io.Writer.printErrorSet	other	no	no
std.Io.Writer.printFloat	other	no	yes
std.Io.Writer.printFloatHex	other	no	yes
std.Io.Writer.printFloatHexOptions	other	no	yes
std.Io.Writer.printHex	other	no	no
std.Io.Writer.printInt	other	no	yes
std.Io.Writer.printIntAny	other	no	yes
std.Io.Writer.printUnicodeCodepoint	other	no	no
std.Io.Writer.printValue	other	no	yes
std.Io.Writer.printVector	other	no	yes
std.Io.Writer.rebase	other	no	no
std.Io.Writer.sendFile	other	no	no
std.Io.Writer.sendFileAll	other	no	no
std.Io.Writer.sendFileHeader	other	no	no
std.Io.Writer.sendFileReading	other	no	no
std.Io.Writer.sendFileReadingAll	other	no	no
std.Io.Writer.splatByte	other	no	no
std.Io.Writer.splatByteAll	other	no	no
std.Io.Writer.splatBytePreserve	other	no	no
std.Io.Writer.splatBytes	other	no	no
std.Io.Writer.splatBytesAll	other	no	no
std.Io.Writer.stripOptionalOrErrorUnionSpec	other	no	yes
std.Io.Writer.testLeb128Encoding	other	no	yes
std.Io.Writer.testPrintIntCase	other	no	yes
std.Io.Writer.toArrayList	other	no	no
std.Io.Writer.undo	other	no	no
std.Io.Writer.unimplementedSendFile	other	no	no
std.Io.Writer.unreachableDrain	other	no	no
std.Io.Writer.unreachableRebase	other	no	no
std.Io.Writer.unusedCapacityLen	other	no	no
std.Io.Writer.unusedCapacitySlice	other	no	no
std.Io.Writer.writableArray	other	no	yes
std.Io.Writer.writableSlice	other	no	no
std.Io.Writer.writableSliceGreedy	other	no	no
std.Io.Writer.writableSliceGreedyPreserve	other	no	no
std.Io.Writer.writableSlicePreserve	other	no	no
std.Io.Writer.write	other	no	no
std.Io.Writer.writeAll	other	no	no
std.Io.Writer.writeByte	other	no	no
std.Io.Writer.writeBytePreserve	other	no	no
std.Io.Writer.writeInt	other	no	yes
std.Io.Writer.writeLeb128	other	no	yes
std.Io.Writer.writeSleb128	other	no	yes
std.Io.Writer.writeSliceEndian	other	no	no
std.Io.Writer.writeSliceSwap	other	no	no
std.Io.Writer.writeSplat	other	no	no
std.Io.Writer.writeSplatAll	other	no	no
std.Io.Writer.writeSplatHeader	other	no	no
std.Io.Writer.writeSplatHeaderLimit	other	no	no
std.Io.Writer.writeSplatHeaderLimitFinish	other	no	no
std.Io.Writer.writeStruct	other	no	yes
std.Io.Writer.writeUleb128	other	no	yes
std.Io.Writer.writeVec	other	no	no
std.Io.Writer.writeVecAll	other	no	no
std.Io.async	other	yes	yes
std.Io.checkCancel	other	yes	no
std.Io.concurrent	other	yes	yes
std.Io.failingClockResolution	other	no	no
std.Io.failingConcurrent	other	no	no
std.Io.failingDirAccess	other	no	no
std.Io.failingDirCreateDir	other	no	no
std.Io.failingDirCreateDirPath	other	no	no
std.Io.failingDirCreateDirPathOpen	other	no	no
std.Io.failingDirCreateFile	other	no	no
std.Io.failingDirCreateFileAtomic	other	no	no
std.Io.failingDirDeleteDir	other	no	no
std.Io.failingDirDeleteFile	other	no	no
std.Io.failingDirHardLink	other	no	no
std.Io.failingDirOpenDir	other	no	no
std.Io.failingDirOpenFile	other	no	no
std.Io.failingDirReadLink	other	no	no
std.Io.failingDirRealPath	other	no	no
std.Io.failingDirRealPathFile	other	no	no
std.Io.failingDirRename	other	no	no
std.Io.failingDirRenamePreserve	other	no	no
std.Io.failingDirSetFileOwner	other	yes	no
std.Io.failingDirSetFilePermissions	other	no	no
std.Io.failingDirSetOwner	other	no	no
std.Io.failingDirSetPermissions	other	no	no
std.Io.failingDirStat	other	no	no
std.Io.failingDirStatFile	other	no	no
std.Io.failingDirSymLink	other	no	no
std.Io.failingFileDowngradeLock	other	no	no
std.Io.failingFileHardLink	other	no	no
std.Io.failingFileLength	other	no	no
std.Io.failingFileLock	other	no	no
std.Io.failingFileMemoryMapCreate	other	no	no
std.Io.failingFileReadPositional	other	no	no
std.Io.failingFileRealPath	other	no	no
std.Io.failingFileSeekBy	other	no	no
std.Io.failingFileSeekTo	other	no	no
std.Io.failingFileSetLength	other	no	no
std.Io.failingFileSetOwner	other	no	no
std.Io.failingFileSetPermissions	other	no	no
std.Io.failingFileStat	other	no	no
std.Io.failingFileSync	other	no	no
std.Io.failingFileTryLock	other	no	no
std.Io.failingFileWritePositional	other	no	no
std.Io.failingGroupConcurrent	other	no	no
std.Io.failingNetAccept	other	no	no
std.Io.failingNetBindIp	other	no	no
std.Io.failingNetConnectIp	other	no	no
std.Io.failingNetConnectUnix	other	no	no
std.Io.failingNetInterfaceNameResolve	other	no	no
std.Io.failingNetListenIp	other	no	no
std.Io.failingNetListenUnix	other	no	no
std.Io.failingNetLookup	other	no	no
std.Io.failingNetRead	other	no	no
std.Io.failingNetSend	other	no	no
std.Io.failingNetShutdown	other	no	no
std.Io.failingNetSocketCreatePair	other	no	no
std.Io.failingNetWrite	other	no	no
std.Io.failingNetWriteFile	other	yes	no
std.Io.failingOperate	other	no	no
std.Io.failingProcessCurrentPath	other	no	no
std.Io.failingProcessExecutableOpen	other	no	no
std.Io.failingProcessExecutablePath	other	no	no
std.Io.failingProcessReplace	other	no	no
std.Io.failingProcessReplacePath	other	no	no
std.Io.failingProcessSetCurrentDir	other	no	no
std.Io.failingProcessSetCurrentPath	other	no	no
std.Io.failingProcessSpawn	other	no	no
std.Io.failingProcessSpawnPath	other	no	no
std.Io.failingProgressParentFile	other	no	no
std.Io.failingRandomSecure	other	no	no
std.Io.fiber.contextSwitch	other	no	no
std.Io.futexWait	other	yes	yes
std.Io.futexWaitTimeout	other	yes	yes
std.Io.futexWaitUncancelable	other	yes	yes
std.Io.futexWake	other	yes	yes
std.Io.lockStderr	other	yes	no
std.Io.net.HostName.DnsResponse.init	other	no	no
std.Io.net.HostName.DnsResponse.next	other	no	no
std.Io.net.HostName.ResolvConf.addNumeric	other	yes	no
std.Io.net.HostName.ResolvConf.init	other	yes	no
std.Io.net.HostName.ResolvConf.nameservers	other	no	no
std.Io.net.HostName.ResolvConf.parse	other	yes	no
std.Io.net.HostName.connect	other	yes	no
std.Io.net.HostName.connectMany	other	yes	no
std.Io.net.HostName.enqueueConnection	other	yes	no
std.Io.net.HostName.eql	other	no	no
std.Io.net.HostName.expand	other	no	no
std.Io.net.HostName.init	other	no	no
std.Io.net.HostName.lookup	other	yes	no
std.Io.net.HostName.sameParentDomain	other	no	no
std.Io.net.HostName.validate	other	no	no
std.Io.net.Interface.Name.fromSlice	other	no	no
std.Io.net.Interface.Name.fromSliceUnchecked	other	no	no
std.Io.net.Interface.Name.resolve	other	yes	no
std.Io.net.Interface.Name.toSlice	other	no	no
std.Io.net.Interface.isNone	other	no	no
std.Io.net.Interface.name	other	yes	no
std.Io.net.Ip4Address.eql	other	no	no
std.Io.net.Ip4Address.format	other	yes	no
std.Io.net.Ip4Address.fromAny	other	no	no
std.Io.net.Ip4Address.fromIp6	other	no	no
std.Io.net.Ip4Address.loopback	other	no	no
std.Io.net.Ip4Address.parse	other	no	no
std.Io.net.Ip4Address.unspecified	other	no	no
std.Io.net.Ip6Address.Unresolved.format	other	yes	no
std.Io.net.Ip6Address.Unresolved.parse	other	no	no
std.Io.net.Ip6Address.eql	other	no	no
std.Io.net.Ip6Address.format	other	yes	no
std.Io.net.Ip6Address.formatResolved	other	yes	no
std.Io.net.Ip6Address.fromAny	other	no	no
std.Io.net.Ip6Address.fromIp4	other	no	no
std.Io.net.Ip6Address.isLinkLocal	other	no	no
std.Io.net.Ip6Address.isLoopBack	other	no	no
std.Io.net.Ip6Address.isMultiCast	other	no	no
std.Io.net.Ip6Address.isSiteLocal	other	no	no
std.Io.net.Ip6Address.loopback	other	no	no
std.Io.net.Ip6Address.parse	other	no	no
std.Io.net.Ip6Address.policy	other	no	no
std.Io.net.Ip6Address.resolve	other	yes	no
std.Io.net.Ip6Address.scope	other	no	no
std.Io.net.Ip6Address.unspecified	other	no	no
std.Io.net.IpAddress.bind	other	yes	no
std.Io.net.IpAddress.connect	other	yes	no
std.Io.net.IpAddress.eql	other	no	no
std.Io.net.IpAddress.format	other	yes	no
std.Io.net.IpAddress.formatResolved	other	yes	no
std.Io.net.IpAddress.fromIp6	other	no	no
std.Io.net.IpAddress.getPort	other	no	no
std.Io.net.IpAddress.listen	other	yes	no
std.Io.net.IpAddress.parse	other	no	no
std.Io.net.IpAddress.parseIp4	other	no	no
std.Io.net.IpAddress.parseIp6	other	no	no
std.Io.net.IpAddress.parseLiteral	other	no	no
std.Io.net.IpAddress.resolve	other	yes	no
std.Io.net.IpAddress.resolveIp6	other	yes	no
std.Io.net.IpAddress.setPort	other	no	no
std.Io.net.Server.accept	other	yes	no
std.Io.net.Server.deinit	other	yes	no
std.Io.net.Socket.close	other	yes	no
std.Io.net.Socket.closeMany	other	yes	no
std.Io.net.Socket.createPair	other	yes	no
std.Io.net.Socket.receive	other	yes	no
std.Io.net.Socket.receiveManyTimeout	other	yes	no
std.Io.net.Socket.receiveTimeout	other	yes	no
std.Io.net.Socket.send	other	yes	no
std.Io.net.Socket.sendMany	other	yes	no
std.Io.net.Stream.Reader.init	other	yes	no
std.Io.net.Stream.Reader.readVec	other	yes	no
std.Io.net.Stream.Reader.streamImpl	other	yes	no
std.Io.net.Stream.Writer.drain	other	yes	no
std.Io.net.Stream.Writer.init	other	yes	no
std.Io.net.Stream.Writer.sendFile	other	yes	no
std.Io.net.Stream.close	other	yes	no
std.Io.net.Stream.reader	other	yes	no
std.Io.net.Stream.shutdown	other	yes	no
std.Io.net.Stream.writer	other	yes	no
std.Io.net.UnixAddress.connect	other	yes	no
std.Io.net.UnixAddress.init	other	no	no
std.Io.net.UnixAddress.isAbstract	other	no	no
std.Io.net.UnixAddress.listen	other	yes	no
std.Io.net.testIp6Parse	other	no	no
std.Io.net.testIp6ParseTransform	other	no	no
std.Io.noAsync	other	no	no
std.Io.noCrashHandler	other	no	no
std.Io.noDirRead	other	no	no
std.Io.noDirSetTimestamps	other	no	no
std.Io.noFileSetTimestamps	other	no	no
std.Io.noFileWriteFilePositional	other	yes	no
std.Io.noFileWriteFileStreaming	other	yes	no
std.Io.noFutexWait	other	no	no
std.Io.noFutexWaitUncancelable	other	no	no
std.Io.noFutexWake	other	no	no
std.Io.noGroupAsync	other	no	no
std.Io.noNow	other	no	no
std.Io.noRandom	other	no	no
std.Io.noSleep	other	no	no
std.Io.noTryLockStderr	other	no	no
std.Io.operate	other	yes	no
std.Io.operateTimeout	other	yes	no
std.Io.random	other	yes	no
std.Io.randomSecure	other	yes	no
std.Io.recancel	other	yes	no
std.Io.sleep	other	yes	no
std.Io.swapCancelProtection	other	yes	no
std.Io.tryLockStderr	other	yes	no
std.Io.unlockStderr	other	yes	no
std.Io.unreachableAwait	other	no	no
std.Io.unreachableBatchAwaitAsync	other	no	no
std.Io.unreachableBatchAwaitConcurrent	other	no	no
std.Io.unreachableBatchCancel	other	no	no
std.Io.unreachableCancel	other	no	no
std.Io.unreachableCheckCancel	other	no	no
std.Io.unreachableChildKill	other	no	no
std.Io.unreachableChildWait	other	no	no
std.Io.unreachableDirClose	other	no	no
std.Io.unreachableFileClose	other	no	no
std.Io.unreachableFileEnableAnsiEscapeCodes	other	no	no
std.Io.unreachableFileIsTty	other	no	no
std.Io.unreachableFileMemoryMapDestroy	other	no	no
std.Io.unreachableFileMemoryMapRead	other	no	no
std.Io.unreachableFileMemoryMapSetLength	other	no	no
std.Io.unreachableFileMemoryMapWrite	other	no	no
std.Io.unreachableFileSupportsAnsiEscapeCodes	other	no	no
std.Io.unreachableFileUnlock	other	no	no
std.Io.unreachableGroupAwait	other	no	no
std.Io.unreachableGroupCancel	other	no	no
std.Io.unreachableLockStderr	other	no	no
std.Io.unreachableNetClose	other	no	no
std.Io.unreachableNetInterfaceName	other	no	no
std.Io.unreachableRecancel	other	no	no
std.Io.unreachableSwapCancelProtection	other	no	no
std.Io.unreachableUnlockStderr	other	no	no
std.MultiArrayList	other	no	yes
std.MultiArrayList().FieldType	other	no	yes
std.MultiArrayList().Slice.dbHelper	self	no	no
std.MultiArrayList().Slice.deinit	self	no	no
std.MultiArrayList().Slice.get	self	no	no
std.MultiArrayList().Slice.items	self	no	yes
std.MultiArrayList().Slice.set	self	no	no
std.MultiArrayList().Slice.subslice	other	no	no
std.MultiArrayList().Slice.toMultiArrayList	self	no	no
std.MultiArrayList().addOne	self	no	no
std.MultiArrayList().addOneAssumeCapacity	self	no	no
std.MultiArrayList().addOneBounded	self	no	no
std.MultiArrayList().allocatedBytes	self	no	no
std.MultiArrayList().append	self	no	no
std.MultiArrayList().appendAssumeCapacity	self	no	no
std.MultiArrayList().appendBounded	self	no	no
std.MultiArrayList().capacityInBytes	other	no	no
std.MultiArrayList().clearAndFree	self	no	no
std.MultiArrayList().clearRetainingCapacity	self	no	no
std.MultiArrayList().clone	self	no	no
std.MultiArrayList().dbHelper	self	no	no
std.MultiArrayList().deinit	self	no	no
std.MultiArrayList().ensureTotalCapacity	self	no	no
std.MultiArrayList().ensureUnusedCapacity	self	no	no
std.MultiArrayList().get	self	no	no
std.MultiArrayList().growCapacity	other	no	no
std.MultiArrayList().initCapacity	allocator	no	no
std.MultiArrayList().insert	self	no	no
std.MultiArrayList().insertAssumeCapacity	self	no	no
std.MultiArrayList().insertBounded	self	no	no
std.MultiArrayList().items	self	no	yes
std.MultiArrayList().orderedRemove	self	no	no
std.MultiArrayList().orderedRemoveMany	self	no	no
std.MultiArrayList().pop	self	no	no
std.MultiArrayList().resize	self	no	no
std.MultiArrayList().set	self	no	no
std.MultiArrayList().setCapacity	self	no	no
std.MultiArrayList().shrinkAndFree	self	no	no
std.MultiArrayList().shrinkRetainingCapacity	self	no	no
std.MultiArrayList().slice	self	no	no
std.MultiArrayList().sort	self	no	yes
std.MultiArrayList().sortInternal	self	no	yes
std.MultiArrayList().sortSpan	self	no	yes
std.MultiArrayList().sortSpanUnstable	self	no	yes
std.MultiArrayList().sortUnstable	self	no	yes
std.MultiArrayList().swapRemove	self	no	no
std.MultiArrayList().toOwnedSlice	self	no	no
std.PriorityDequeue	other	no	yes
std.PriorityDequeue().Iterator.next	other	no	no
std.PriorityDequeue().Iterator.reset	other	no	no
std.PriorityDequeue().bestDescendent	self	no	no
std.PriorityDequeue().bestItem	self	no	no
std.PriorityDequeue().bestItemAtIndices	self	no	no
std.PriorityDequeue().capacity	self	no	no
std.PriorityDequeue().count	self	no	no
std.PriorityDequeue().deinit	self	no	no
std.PriorityDequeue().doSiftDown	self	no	no
std.PriorityDequeue().doSiftUp	self	no	no
std.PriorityDequeue().dump	self	no	no
std.PriorityDequeue().ensureTotalCapacity	self	no	no
std.PriorityDequeue().ensureUnusedCapacity	self	no	no
std.PriorityDequeue().firstChildIndex	other	no	no
std.PriorityDequeue().firstGrandchildIndex	other	no	no
std.PriorityDequeue().fromOwnedSlice	other	no	no
std.PriorityDequeue().getItem	self	no	no
std.PriorityDequeue().getStartForSiftUp	self	no	no
std.PriorityDequeue().grandparentIndex	other	no	no
std.PriorityDequeue().initContext	other	no	no
std.PriorityDequeue().isMinLayer	other	no	no
std.PriorityDequeue().iterator	self	no	no
std.PriorityDequeue().maxIndex	self	no	no
std.PriorityDequeue().nextIsMinLayer	self	no	no
std.PriorityDequeue().parentIndex	other	no	no
std.PriorityDequeue().peekMax	self	no	no
std.PriorityDequeue().peekMin	self	no	no
std.PriorityDequeue().popIndex	self	no	no
std.PriorityDequeue().popMax	self	no	no
std.PriorityDequeue().popMin	self	no	no
std.PriorityDequeue().push	self	no	no
std.PriorityDequeue().pushSlice	self	no	no
std.PriorityDequeue().pushUnchecked	self	no	no
std.PriorityDequeue().shrinkAndFree	self	no	no
std.PriorityDequeue().siftDown	self	no	no
std.PriorityDequeue().siftUp	self	no	no
std.PriorityDequeue().swapIfParentIsBetter	self	no	no
std.PriorityDequeue().update	self	no	no
std.PriorityQueue	other	no	yes
std.PriorityQueue().Iterator.next	other	no	no
std.PriorityQueue().Iterator.reset	other	no	no
std.PriorityQueue().allocatedSlice	self	no	no
std.PriorityQueue().capacity	self	no	no
std.PriorityQueue().clearAndFree	self	no	no
std.PriorityQueue().clearRetainingCapacity	self	no	no
std.PriorityQueue().count	self	no	no
std.PriorityQueue().deinit	self	no	no
std.PriorityQueue().ensureTotalCapacity	self	no	no
std.PriorityQueue().ensureTotalCapacityPrecise	self	no	no
std.PriorityQueue().ensureUnusedCapacity	self	no	no
std.PriorityQueue().fromOwnedSlice	other	no	no
std.PriorityQueue().initContext	other	no	no
std.PriorityQueue().iterator	self	no	no
std.PriorityQueue().peek	self	no	no
std.PriorityQueue().pop	self	no	no
std.PriorityQueue().popIndex	self	no	no
std.PriorityQueue().push	self	no	no
std.PriorityQueue().pushSlice	self	no	no
std.PriorityQueue().pushUnchecked	self	no	no
std.PriorityQueue().shrinkAndFree	self	no	no
std.PriorityQueue().siftDown	self	no	no
std.PriorityQueue().siftUp	self	no	no
std.PriorityQueue().update	self	no	no
std.Progress.Ipc.Data.findLastPacket	other	no	no
std.Progress.Ipc.Data.rebase	other	yes	no
std.Progress.Node.Index.toOptional	other	no	no
std.Progress.Node.Index.toParent	other	no	no
std.Progress.Node.OptionalIndex.toParent	other	no	no
std.Progress.Node.OptionalIndex.unwrap	other	no	no
std.Progress.Node.Parent.unwrap	other	no	no
std.Progress.Node.Storage.byteSwap	other	no	no
std.Progress.Node.Storage.copyRoot	other	no	no
std.Progress.Node.Storage.getIpcIndex	other	no	no
std.Progress.Node.Storage.setIpcIndex	other	no	no
std.Progress.Node.completeOne	other	no	no
std.Progress.Node.end	other	no	no
std.Progress.Node.freelistNextByIndex	other	no	no
std.Progress.Node.getName	other	no	no
std.Progress.Node.increaseEstimatedTotalItems	other	no	no
std.Progress.Node.init	other	no	no
std.Progress.Node.parentByIndex	other	no	no
std.Progress.Node.setCompletedItems	other	no	no
std.Progress.Node.setEstimatedTotalItems	other	no	no
std.Progress.Node.setIpcFile	other	yes	no
std.Progress.Node.setIpcIndex	other	no	no
std.Progress.Node.setName	other	no	no
std.Progress.Node.start	other	no	no
std.Progress.Node.startFmt	other	no	yes
std.Progress.Node.storageByIndex	other	no	no
std.Progress.Node.takeIpcIndex	other	no	no
std.Progress.Serialized.Buffer.init	other	no	no
std.Progress.TreeSymbol.bytes	other	no	no
std.Progress.TreeSymbol.escapeSeq	other	no	no
std.Progress.TreeSymbol.maxByteLen	other	no	no
std.Progress.appendTreeSymbol	other	no	no
std.Progress.clearWrittenWindowsApi	other	yes	no
std.Progress.clearWrittenWithEscapeCodes	other	yes	no
std.Progress.computeNode	other	no	no
std.Progress.computePrefix	other	no	no
std.Progress.computeRedraw	other	yes	no
std.Progress.copyAtomicLoad	other	no	no
std.Progress.copyAtomicStore	other	no	no
std.Progress.handleSigWinch	other	no	no
std.Progress.ipcThreadRun	other	yes	no
std.Progress.lineUpperBoundLen	other	no	no
std.Progress.maybeUpdateSize	other	yes	no
std.Progress.serialize	other	yes	no
std.Progress.setStatus	other	no	no
std.Progress.start	other	yes	no
std.Progress.updateTask	other	yes	no
std.Progress.wait	other	yes	no
std.Progress.windowsApiMoveToMarker	other	yes	no
std.Progress.windowsApiUpdateTask	other	yes	no
std.Progress.windowsApiWriteMarker	other	yes	no
std.Progress.withinRowLimit	other	no	no
std.Progress.writeIpc	other	yes	no
std.Random.Ascon.addEntropy	self	no	no
std.Random.Ascon.fill	self	no	no
std.Random.Ascon.init	other	no	no
std.Random.Ascon.random	self	no	no
std.Random.ChaCha.addEntropy	self	no	no
std.Random.ChaCha.fill	self	no	no
std.Random.ChaCha.init	other	no	no
std.Random.ChaCha.random	self	no	no
std.Random.ChaCha.refill	self	no	no
std.Random.IoSource.fill	other	no	no
std.Random.IoSource.interface	self	no	no
std.Random.Isaac64.fill	self	no	no
std.Random.Isaac64.init	other	no	no
std.Random.Isaac64.next	self	no	no
std.Random.Isaac64.random	self	no	no
std.Random.Isaac64.refill	self	no	no
std.Random.Isaac64.seed	self	no	yes
std.Random.Isaac64.step	self	no	yes
std.Random.MinArrayIndex	other	no	yes
std.Random.Pcg.fill	self	no	no
std.Random.Pcg.init	other	no	no
std.Random.Pcg.next	self	no	no
std.Random.Pcg.random	self	no	no
std.Random.Pcg.seed	self	no	no
std.Random.Pcg.seedTwo	self	no	no
std.Random.RomuTrio.fill	self	no	no
std.Random.RomuTrio.init	other	no	no
std.Random.RomuTrio.next	self	no	no
std.Random.RomuTrio.random	self	no	no
std.Random.RomuTrio.seed	self	no	no
std.Random.RomuTrio.seedWithBuf	self	no	no
std.Random.Sfc64.fill	self	no	no
std.Random.Sfc64.init	other	no	no
std.Random.Sfc64.next	self	no	no
std.Random.Sfc64.random	self	no	no
std.Random.Sfc64.seed	self	no	no
std.Random.SplitMix64.init	other	no	no
std.Random.SplitMix64.next	self	no	no
std.Random.Xoroshiro128.fill	self	no	no
std.Random.Xoroshiro128.init	other	no	no
std.Random.Xoroshiro128.jump	self	no	no
std.Random.Xoroshiro128.next	self	no	no
std.Random.Xoroshiro128.random	self	no	no
std.Random.Xoroshiro128.seed	self	no	no
std.Random.Xoshiro256.fill	self	no	no
std.Random.Xoshiro256.init	other	no	no
std.Random.Xoshiro256.jump	self	no	no
std.Random.Xoshiro256.next	self	no	no
std.Random.Xoshiro256.random	self	no	no
std.Random.Xoshiro256.seed	self	no	no
std.Random.array	other	no	yes
std.Random.boolean	other	no	no
std.Random.bytes	other	no	no
std.Random.enumValue	other	no	yes
std.Random.enumValueWithIndex	other	no	yes
std.Random.float	other	no	yes
std.Random.floatExp	other	no	yes
std.Random.floatNorm	other	no	yes
std.Random.init	other	no	yes
std.Random.int	other	no	yes
std.Random.intRangeAtMost	other	no	yes
std.Random.intRangeAtMostBiased	other	no	yes
std.Random.intRangeLessThan	other	no	yes
std.Random.intRangeLessThanBiased	other	no	yes
std.Random.lcg.Wrapping	other	no	yes
std.Random.lcg.Wrapping().init	other	no	no
std.Random.lcg.Wrapping().next	other	no	no
std.Random.limitRangeBiased	other	no	yes
std.Random.shuffle	other	no	yes
std.Random.shuffleWithIndex	other	no	yes
std.Random.uintAtMost	other	no	yes
std.Random.uintAtMostBiased	other	no	yes
std.Random.uintLessThan	other	no	yes
std.Random.uintLessThanBiased	other	no	yes
std.Random.weightedIndex	other	no	yes
std.Random.ziggurat.ZigTableGen	other	no	yes
std.Random.ziggurat.exp_f	other	no	no
std.Random.ziggurat.exp_f_inv	other	no	no
std.Random.ziggurat.exp_zero_case	other	no	no
std.Random.ziggurat.next_f64	other	no	yes
std.Random.ziggurat.norm_f	other	no	no
std.Random.ziggurat.norm_f_inv	other	no	no
std.Random.ziggurat.norm_zero_case	other	no	no
std.SemanticVersion.Range.includesVersion	self	no	no
std.SemanticVersion.Range.isAtLeast	self	no	no
std.SemanticVersion.format	self	yes	no
std.SemanticVersion.order	other	no	no
std.SemanticVersion.parse	other	no	no
std.SemanticVersion.parseNum	other	no	no
std.SinglyLinkedList.Node.countChildren	other	no	no
std.SinglyLinkedList.Node.findLast	other	no	no
std.SinglyLinkedList.Node.insertAfter	other	no	no
std.SinglyLinkedList.Node.removeNext	other	no	no
std.SinglyLinkedList.Node.reverse	other	no	no
std.SinglyLinkedList.len	other	no	no
std.SinglyLinkedList.popFirst	other	no	no
std.SinglyLinkedList.prepend	other	no	no
std.SinglyLinkedList.remove	other	no	no
std.Target.Abi.default	other	no	no
std.Target.Abi.float	other	no	no
std.Target.Abi.isAndroid	other	no	no
std.Target.Abi.isGnu	other	no	no
std.Target.Abi.isMusl	other	no	no
std.Target.Abi.isOpenHarmony	other	no	no
std.Target.Cpu.Arch.allCpuModels	other	no	no
std.Target.Cpu.Arch.allCpusFromDecls	other	no	yes
std.Target.Cpu.Arch.allFeaturesList	other	no	no
std.Target.Cpu.Arch.endian	other	no	no
std.Target.Cpu.Arch.family	other	no	no
std.Target.Cpu.Arch.fromCallingConvention	other	no	no
std.Target.Cpu.Arch.isAARCH64	other	no	no
std.Target.Cpu.Arch.isArc	other	no	no
std.Target.Cpu.Arch.isArm	other	no	no
std.Target.Cpu.Arch.isBpf	other	no	no
std.Target.Cpu.Arch.isHppa	other	no	no
std.Target.Cpu.Arch.isLoongArch	other	no	no
std.Target.Cpu.Arch.isMIPS	other	no	no
std.Target.Cpu.Arch.isMIPS32	other	no	no
std.Target.Cpu.Arch.isMIPS64	other	no	no
std.Target.Cpu.Arch.isMicroblaze	other	no	no
std.Target.Cpu.Arch.isNvptx	other	no	no
std.Target.Cpu.Arch.isPowerPC	other	no	no
std.Target.Cpu.Arch.isPowerPC32	other	no	no
std.Target.Cpu.Arch.isPowerPC64	other	no	no
std.Target.Cpu.Arch.isRISCV	other	no	no
std.Target.Cpu.Arch.isRiscv32	other	no	no
std.Target.Cpu.Arch.isRiscv64	other	no	no
std.Target.Cpu.Arch.isSPARC	other	no	no
std.Target.Cpu.Arch.isSh	other	no	no
std.Target.Cpu.Arch.isSpirV	other	no	no
std.Target.Cpu.Arch.isThumb	other	no	no
std.Target.Cpu.Arch.isWasm	other	no	no
std.Target.Cpu.Arch.isX86	other	no	no
std.Target.Cpu.Arch.isXtensa	other	no	no
std.Target.Cpu.Arch.parseCpuModel	other	no	no
std.Target.Cpu.Arch.plan9Ext	other	no	no
std.Target.Cpu.Feature.FeatureSetFns	other	no	yes
std.Target.Cpu.Feature.FeatureSetFns().featureSet	other	no	no
std.Target.Cpu.Feature.FeatureSetFns().featureSetHas	other	no	no
std.Target.Cpu.Feature.FeatureSetFns().featureSetHasAll	other	no	yes
std.Target.Cpu.Feature.FeatureSetFns().featureSetHasAny	other	no	yes
std.Target.Cpu.Feature.Set.addFeature	other	no	no
std.Target.Cpu.Feature.Set.addFeatureSet	other	no	no
std.Target.Cpu.Feature.Set.asBytes	other	no	no
std.Target.Cpu.Feature.Set.count	other	no	no
std.Target.Cpu.Feature.Set.eql	other	no	no
std.Target.Cpu.Feature.Set.isEmpty	other	no	no
std.Target.Cpu.Feature.Set.isEnabled	other	no	no
std.Target.Cpu.Feature.Set.isSuperSetOf	other	no	no
std.Target.Cpu.Feature.Set.populateDependencies	other	no	no
std.Target.Cpu.Feature.Set.removeFeature	other	no	no
std.Target.Cpu.Feature.Set.removeFeatureSet	other	no	no
std.Target.Cpu.Model.baseline	other	no	no
std.Target.Cpu.Model.generic	other	no	no
std.Target.Cpu.Model.toCpu	other	no	no
std.Target.Cpu.baseline	other	no	no
std.Target.Cpu.has	other	no	yes
std.Target.Cpu.hasAll	other	no	yes
std.Target.Cpu.hasAny	other	no	yes
std.Target.DynamicLinker.eql	other	no	no
std.Target.DynamicLinker.get	other	no	no
std.Target.DynamicLinker.init	other	no	no
std.Target.DynamicLinker.initFmt	other	no	yes
std.Target.DynamicLinker.kind	other	no	no
std.Target.DynamicLinker.set	other	no	no
std.Target.DynamicLinker.setFmt	other	no	yes
std.Target.DynamicLinker.standard	other	no	no
std.Target.ObjectFormat.default	other	no	no
std.Target.ObjectFormat.fileExt	other	no	no
std.Target.Os.HurdVersionRange.includesVersion	other	no	no
std.Target.Os.HurdVersionRange.isAtLeast	other	no	no
std.Target.Os.LinuxVersionRange.includesVersion	other	no	no
std.Target.Os.LinuxVersionRange.isAtLeast	other	no	no
std.Target.Os.Tag.defaultVersionRange	other	no	no
std.Target.Os.Tag.dynamicLibSuffix	other	no	no
std.Target.Os.Tag.exeFileExt	other	no	no
std.Target.Os.Tag.isBSD	other	no	no
std.Target.Os.Tag.isDarwin	other	no	no
std.Target.Os.Tag.libPrefix	other	no	no
std.Target.Os.Tag.staticLibSuffix	other	no	no
std.Target.Os.Tag.versionRangeTag	other	no	no
std.Target.Os.TaggedVersionRange.gnuLibCVersion	other	no	no
std.Target.Os.VersionRange.default	other	no	no
std.Target.Os.WindowsVersion.Range.includesVersion	other	no	no
std.Target.Os.WindowsVersion.Range.isAtLeast	other	no	no
std.Target.Os.WindowsVersion.format	other	yes	no
std.Target.Os.WindowsVersion.isAtLeast	other	no	no
std.Target.Os.WindowsVersion.parse	other	no	no
std.Target.Os.isAtLeast	other	no	yes
std.Target.Os.versionRange	other	no	no
std.Target.Query.CpuModel.eql	other	no	no
std.Target.Query.OsVersion.eql	other	no	no
std.Target.Query.OsVersion.eqlOpt	other	no	no
std.Target.Query.allocDescription	self	no	no
std.Target.Query.canDetectLibC	self	no	no
std.Target.Query.dynamicLinkerEqualOpt	other	no	no
std.Target.Query.eql	other	no	no
std.Target.Query.formatVersion	other	no	no
std.Target.Query.fromTarget	other	no	no
std.Target.Query.isNative	self	no	no
std.Target.Query.isNativeAbi	self	no	no
std.Target.Query.isNativeCpu	self	no	no
std.Target.Query.isNativeOs	self	no	no
std.Target.Query.isNativeTriple	self	no	no
std.Target.Query.parse	other	no	no
std.Target.Query.parseCpuArch	other	no	no
std.Target.Query.parseOs	other	no	no
std.Target.Query.parseVersion	other	no	no
std.Target.Query.serializeCpu	other	no	no
std.Target.Query.serializeCpuAlloc	other	no	no
std.Target.Query.setGnuLibCVersion	self	no	no
std.Target.Query.updateOsVersionRange	self	no	no
std.Target.Query.versionEqualOpt	other	no	no
std.Target.Query.zigTriple	self	no	no
std.Target.cCallingConvention	other	no	no
std.Target.cCharSignedness	other	no	no
std.Target.cMaxIntAlignment	other	no	no
std.Target.cTypeAlignment	other	no	no
std.Target.cTypeBitSize	other	no	no
std.Target.cTypeByteSize	other	no	no
std.Target.cTypePreferredAlignment	other	no	no
std.Target.dynamicLibSuffix	other	no	no
std.Target.exeFileExt	other	no	no
std.Target.hurdTuple	other	no	no
std.Target.hurdTupleSimple	allocator	no	no
std.Target.isBionicLibC	other	no	no
std.Target.isDarwinLibC	other	no	no
std.Target.isFreeBSDLibC	other	no	no
std.Target.isGnuLibC	other	no	no
std.Target.isMinGW	other	no	no
std.Target.isMuslLibC	other	no	no
std.Target.isNetBSDLibC	other	no	no
std.Target.isOpenBSDLibC	other	no	no
std.Target.isWasiLibC	other	no	no
std.Target.libPrefix	other	no	no
std.Target.linuxTriple	other	no	no
std.Target.linuxTripleSimple	allocator	no	no
std.Target.ptrBitWidth	other	no	no
std.Target.ptrBitWidth_arch_abi	other	no	no
std.Target.ptrBitWidth_cpu_abi	other	no	no
std.Target.requiresLibC	other	no	no
std.Target.stackAlignment	other	no	no
std.Target.stackGrowth	other	no	no
std.Target.standardDynamicLinkerPath	other	no	no
std.Target.staticLibSuffix	other	no	no
std.Target.supportsAddressSpace	other	no	no
std.Target.toCoffMachine	other	no	no
std.Target.toElfMachine	other	no	no
std.Target.zigTriple	other	no	no
std.Thread.LinuxThreadImpl.ThreadCompletion.freeAndExit	self	no	no
std.Thread.LinuxThreadImpl.detach	self	no	no
std.Thread.LinuxThreadImpl.getCpuCount	none	no	no
std.Thread.LinuxThreadImpl.getCurrentId	none	no	no
std.Thread.LinuxThreadImpl.getHandle	self	no	no
std.Thread.LinuxThreadImpl.join	self	no	no
std.Thread.LinuxThreadImpl.spawn	other	no	yes
std.Thread.PosixThreadImpl.detach	self	no	no
std.Thread.PosixThreadImpl.getCpuCount	none	no	no
std.Thread.PosixThreadImpl.getCurrentId	none	no	no
std.Thread.PosixThreadImpl.getHandle	self	no	no
std.Thread.PosixThreadImpl.join	self	no	no
std.Thread.PosixThreadImpl.spawn	other	no	yes
std.Thread.UnsupportedImpl.detach	self	no	no
std.Thread.UnsupportedImpl.getCpuCount	none	no	no
std.Thread.UnsupportedImpl.getCurrentId	none	no	no
std.Thread.UnsupportedImpl.getHandle	self	no	no
std.Thread.UnsupportedImpl.join	self	no	no
std.Thread.UnsupportedImpl.spawn	other	no	yes
std.Thread.UnsupportedImpl.unsupported	other	no	yes
std.Thread.WasiThreadImpl.@"thread-spawn"	other	no	no
std.Thread.WasiThreadImpl.__get_stack_pointer	none	no	no
std.Thread.WasiThreadImpl.__set_stack_pointer	other	no	no
std.Thread.WasiThreadImpl.__tls_align	none	no	no
std.Thread.WasiThreadImpl.__tls_base	none	no	no
std.Thread.WasiThreadImpl.__tls_size	none	no	no
std.Thread.WasiThreadImpl.__wasm_init_tls	other	no	no
std.Thread.WasiThreadImpl.detach	self	no	no
std.Thread.WasiThreadImpl.getCpuCount	none	no	no
std.Thread.WasiThreadImpl.getCurrentId	none	no	no
std.Thread.WasiThreadImpl.getHandle	self	no	no
std.Thread.WasiThreadImpl.join	self	no	no
std.Thread.WasiThreadImpl.spawn	other	no	yes
std.Thread.WasiThreadImpl.wasi_thread_start	other	no	no
std.Thread.WindowsThreadImpl.ThreadCompletion.free	self	no	no
std.Thread.WindowsThreadImpl.detach	self	no	no
std.Thread.WindowsThreadImpl.getCpuCount	none	no	no
std.Thread.WindowsThreadImpl.getCurrentId	none	no	no
std.Thread.WindowsThreadImpl.getHandle	self	no	no
std.Thread.WindowsThreadImpl.join	self	no	no
std.Thread.WindowsThreadImpl.spawn	other	no	yes
std.Thread.callFn	other	no	yes
std.Thread.detach	self	no	no
std.Thread.getCpuCount	none	no	no
std.Thread.getCurrentId	none	no	no
std.Thread.getHandle	self	no	no
std.Thread.getName	self	no	no
std.Thread.join	self	no	no
std.Thread.maybeAttachSignalStack	none	no	no
std.Thread.setName	self	yes	no
std.Thread.spawn	other	no	yes
std.Thread.testIncrementNotify	other	yes	no
std.Thread.testThreadIdFn	other	no	no
std.Thread.testThreadName	other	yes	no
std.Thread.testTls	none	no	no
std.Thread.yield	none	no	no
std.Treap	other	no	yes
std.Treap().Entry.set	self	no	no
std.Treap().InorderIterator.next	other	no	no
std.Treap().Node.next	other	no	no
std.Treap().Node.prev	other	no	no
std.Treap().Prng.random	self	no	no
std.Treap().compare	other	no	no
std.Treap().extremeInSubtreeOnDirection	other	no	no
std.Treap().find	self	no	no
std.Treap().getEntryFor	self	no	no
std.Treap().getEntryForExisting	self	no	no
std.Treap().getMax	self	no	no
std.Treap().getMin	self	no	no
std.Treap().inorderIterator	self	no	no
std.Treap().insert	self	no	no
std.Treap().nextOnDirection	other	no	no
std.Treap().remove	self	no	no
std.Treap().replace	self	no	no
std.Treap().rotate	self	no	no
std.Uri.Component.formatEscaped	other	no	no
std.Uri.Component.formatFragment	other	no	no
std.Uri.Component.formatHost	other	no	no
std.Uri.Component.formatPassword	other	no	no
std.Uri.Component.formatPath	other	no	no
std.Uri.Component.formatQuery	other	no	no
std.Uri.Component.formatRaw	other	no	no
std.Uri.Component.formatUser	other	no	no
std.Uri.Component.isEmpty	other	no	no
std.Uri.Component.percentEncode	other	no	yes
std.Uri.Component.toRaw	other	no	no
std.Uri.Component.toRawMaybeAlloc	other	no	no
std.Uri.Format.default	other	no	no
std.Uri.fmt	other	no	no
std.Uri.format	other	no	no
std.Uri.getHost	other	no	no
std.Uri.getHostAlloc	other	no	no
std.Uri.isHostChar	other	no	no
std.Uri.isPasswordChar	other	no	no
std.Uri.isPathChar	other	no	no
std.Uri.isQueryChar	other	no	no
std.Uri.isSubLimit	other	no	no
std.Uri.isUnreserved	other	no	no
std.Uri.isUserChar	other	no	no
std.Uri.isValidScheme	other	no	no
std.Uri.merge_paths	other	no	no
std.Uri.parse	other	no	no
std.Uri.parseAfterScheme	other	no	no
std.Uri.percentDecodeBackwards	other	no	no
std.Uri.percentDecodeInPlace	other	no	no
std.Uri.remove_dot_segments	other	no	no
std.Uri.resolveInPlace	other	no	no
std.Uri.testAuthorityHost	other	no	yes
std.Uri.validateHostComponent	other	no	no
std.Uri.writeToStream	other	no	no
std.array_hash_map.Auto	other	no	yes
std.array_hash_map.AutoContext	other	no	yes
std.array_hash_map.Custom	other	no	yes
std.array_hash_map.Custom().Iterator.next	other	no	no
std.array_hash_map.Custom().Iterator.reset	other	no	no
std.array_hash_map.Custom().capacity	self	no	no
std.array_hash_map.Custom().checkedEql	other	no	yes
std.array_hash_map.Custom().checkedHash	other	no	yes
std.array_hash_map.Custom().clearAndFree	self	no	no
std.array_hash_map.Custom().clearRetainingCapacity	self	no	no
std.array_hash_map.Custom().clone	self	no	no
std.array_hash_map.Custom().cloneContext	self	no	no
std.array_hash_map.Custom().contains	self	no	no
std.array_hash_map.Custom().containsAdapted	self	no	yes
std.array_hash_map.Custom().containsContext	self	no	no
std.array_hash_map.Custom().count	self	no	no
std.array_hash_map.Custom().deinit	self	no	no
std.array_hash_map.Custom().dumpIndex	other	no	yes
std.array_hash_map.Custom().dumpState	self	no	yes
std.array_hash_map.Custom().dumpStateContext	self	no	yes
std.array_hash_map.Custom().ensureTotalCapacity	self	no	no
std.array_hash_map.Custom().ensureTotalCapacityContext	self	no	no
std.array_hash_map.Custom().ensureUnusedCapacity	self	no	no
std.array_hash_map.Custom().ensureUnusedCapacityContext	self	no	no
std.array_hash_map.Custom().fetchOrderedRemove	self	no	no
std.array_hash_map.Custom().fetchOrderedRemoveAdapted	self	no	yes
std.array_hash_map.Custom().fetchOrderedRemoveContext	self	no	no
std.array_hash_map.Custom().fetchOrderedRemoveContextAdapted	self	no	yes
std.array_hash_map.Custom().fetchPut	self	no	no
std.array_hash_map.Custom().fetchPutAssumeCapacity	self	no	no
std.array_hash_map.Custom().fetchPutAssumeCapacityContext	self	no	no
std.array_hash_map.Custom().fetchPutContext	self	no	no
std.array_hash_map.Custom().fetchRemoveByKey	self	no	yes
std.array_hash_map.Custom().fetchRemoveByKeyGeneric	self	no	yes
std.array_hash_map.Custom().fetchSwapRemove	self	no	no
std.array_hash_map.Custom().fetchSwapRemoveAdapted	self	no	yes
std.array_hash_map.Custom().fetchSwapRemoveContext	self	no	no
std.array_hash_map.Custom().fetchSwapRemoveContextAdapted	self	no	yes
std.array_hash_map.Custom().get	self	no	no
std.array_hash_map.Custom().getAdapted	self	no	yes
std.array_hash_map.Custom().getContext	self	no	no
std.array_hash_map.Custom().getEntry	self	no	no
std.array_hash_map.Custom().getEntryAdapted	self	no	yes
std.array_hash_map.Custom().getEntryContext	self	no	no
std.array_hash_map.Custom().getIndex	self	no	no
std.array_hash_map.Custom().getIndexAdapted	self	no	yes
std.array_hash_map.Custom().getIndexContext	self	no	no
std.array_hash_map.Custom().getIndexWithHeaderGeneric	self	no	yes
std.array_hash_map.Custom().getKey	self	no	no
std.array_hash_map.Custom().getKeyAdapted	self	no	yes
std.array_hash_map.Custom().getKeyContext	self	no	no
std.array_hash_map.Custom().getKeyPtr	self	no	no
std.array_hash_map.Custom().getKeyPtrAdapted	self	no	yes
std.array_hash_map.Custom().getKeyPtrContext	self	no	no
std.array_hash_map.Custom().getOrPut	self	no	no
std.array_hash_map.Custom().getOrPutAdapted	self	no	yes
std.array_hash_map.Custom().getOrPutAssumeCapacity	self	no	no
std.array_hash_map.Custom().getOrPutAssumeCapacityAdapted	self	no	yes
std.array_hash_map.Custom().getOrPutAssumeCapacityContext	self	no	no
std.array_hash_map.Custom().getOrPutContext	self	no	no
std.array_hash_map.Custom().getOrPutContextAdapted	self	no	yes
std.array_hash_map.Custom().getOrPutInternal	self	no	yes
std.array_hash_map.Custom().getOrPutValue	self	no	no
std.array_hash_map.Custom().getOrPutValueContext	self	no	no
std.array_hash_map.Custom().getPtr	self	no	no
std.array_hash_map.Custom().getPtrAdapted	self	no	yes
std.array_hash_map.Custom().getPtrContext	self	no	no
std.array_hash_map.Custom().getSlotByIndex	self	no	yes
std.array_hash_map.Custom().getSlotByKey	self	no	yes
std.array_hash_map.Custom().init	allocator	no	no
std.array_hash_map.Custom().insertAllEntriesIntoNewHeader	self	no	no
std.array_hash_map.Custom().insertAllEntriesIntoNewHeaderGeneric	self	no	yes
std.array_hash_map.Custom().iterator	self	no	no
std.array_hash_map.Custom().keys	self	no	no
std.array_hash_map.Custom().lockPointers	self	no	no
std.array_hash_map.Custom().move	self	no	no
std.array_hash_map.Custom().orderedRemove	self	no	no
std.array_hash_map.Custom().orderedRemoveAdapted	self	no	yes
std.array_hash_map.Custom().orderedRemoveAt	self	no	no
std.array_hash_map.Custom().orderedRemoveAtContext	self	no	no
std.array_hash_map.Custom().orderedRemoveAtMany	self	no	no
std.array_hash_map.Custom().orderedRemoveAtManyContext	self	no	no
std.array_hash_map.Custom().orderedRemoveContext	self	no	no
std.array_hash_map.Custom().orderedRemoveContextAdapted	self	no	yes
std.array_hash_map.Custom().pop	self	no	no
std.array_hash_map.Custom().popContext	self	no	no
std.array_hash_map.Custom().put	self	no	no
std.array_hash_map.Custom().putAssumeCapacity	self	no	no
std.array_hash_map.Custom().putAssumeCapacityContext	self	no	no
std.array_hash_map.Custom().putAssumeCapacityNoClobber	self	no	no
std.array_hash_map.Custom().putAssumeCapacityNoClobberContext	self	no	no
std.array_hash_map.Custom().putContext	self	no	no
std.array_hash_map.Custom().putNoClobber	self	no	no
std.array_hash_map.Custom().putNoClobberContext	self	no	no
std.array_hash_map.Custom().reIndex	self	no	no
std.array_hash_map.Custom().reIndexContext	self	no	no
std.array_hash_map.Custom().rebuildIndex	self	no	no
std.array_hash_map.Custom().reinit	self	no	no
std.array_hash_map.Custom().removeByIndex	self	no	yes
std.array_hash_map.Custom().removeByIndexGeneric	self	no	yes
std.array_hash_map.Custom().removeByKey	self	no	yes
std.array_hash_map.Custom().removeByKeyGeneric	self	no	yes
std.array_hash_map.Custom().removeFromArrayAndUpdateIndex	self	no	yes
std.array_hash_map.Custom().removeFromIndexByIndex	self	no	no
std.array_hash_map.Custom().removeFromIndexByIndexGeneric	self	no	yes
std.array_hash_map.Custom().removeFromIndexByKey	self	no	yes
std.array_hash_map.Custom().removeSlot	other	no	yes
std.array_hash_map.Custom().setKey	self	no	no
std.array_hash_map.Custom().setKeyContext	self	no	no
std.array_hash_map.Custom().shrinkAndFree	self	no	no
std.array_hash_map.Custom().shrinkAndFreeContext	self	no	no
std.array_hash_map.Custom().shrinkRetainingCapacity	self	no	no
std.array_hash_map.Custom().shrinkRetainingCapacityContext	self	no	no
std.array_hash_map.Custom().sort	self	no	yes
std.array_hash_map.Custom().sortContext	self	no	yes
std.array_hash_map.Custom().sortContextInternal	self	no	yes
std.array_hash_map.Custom().sortUnstable	self	no	yes
std.array_hash_map.Custom().sortUnstableContext	self	no	yes
std.array_hash_map.Custom().swapRemove	self	no	no
std.array_hash_map.Custom().swapRemoveAdapted	self	no	yes
std.array_hash_map.Custom().swapRemoveAt	self	no	no
std.array_hash_map.Custom().swapRemoveAtContext	self	no	no
std.array_hash_map.Custom().swapRemoveContext	self	no	no
std.array_hash_map.Custom().swapRemoveContextAdapted	self	no	yes
std.array_hash_map.Custom().unlockPointers	self	no	no
std.array_hash_map.Custom().updateEntryIndex	self	no	yes
std.array_hash_map.Custom().values	self	no	no
std.array_hash_map.Index	other	no	yes
std.array_hash_map.Index().isEmpty	other	no	no
std.array_hash_map.Index().setEmpty	other	no	no
std.array_hash_map.IndexHeader.alloc	allocator	no	no
std.array_hash_map.IndexHeader.capacity	self	no	no
std.array_hash_map.IndexHeader.capacityIndexType	other	no	no
std.array_hash_map.IndexHeader.constrainIndex	other	no	no
std.array_hash_map.IndexHeader.findBitIndex	other	no	no
std.array_hash_map.IndexHeader.free	other	no	no
std.array_hash_map.IndexHeader.indexes	other	no	yes
std.array_hash_map.IndexHeader.length	self	no	no
std.array_hash_map.IndexHeader.mask	self	no	no
std.array_hash_map.IndexHeader.reset	other	no	no
std.array_hash_map.String	other	no	yes
std.array_hash_map.StringContext.eql	self	no	no
std.array_hash_map.StringContext.hash	self	no	no
std.array_hash_map.autoEqlIsCheap	other	no	yes
std.array_hash_map.capacityIndexSize	other	no	no
std.array_hash_map.capacityIndexType	other	no	no
std.array_hash_map.eqlString	other	no	no
std.array_hash_map.getAutoEqlFn	other	no	yes
std.array_hash_map.getAutoHashFn	other	no	yes
std.array_hash_map.getAutoHashStratFn	other	no	yes
std.array_hash_map.getHashPtrAddrFn	other	no	yes
std.array_hash_map.getTrivialEqlFn	other	no	yes
std.array_hash_map.hashString	other	no	no
std.array_hash_map.safeTruncate	other	no	yes
std.array_list.Aligned	other	no	yes
std.array_list.Aligned().SentinelSlice	other	no	yes
std.array_list.Aligned().addManyAsArray	self	no	yes
std.array_list.Aligned().addManyAsArrayAssumeCapacity	self	no	yes
std.array_list.Aligned().addManyAsArrayBounded	self	no	yes
std.array_list.Aligned().addManyAsSlice	self	no	no
std.array_list.Aligned().addManyAsSliceAssumeCapacity	self	no	no
std.array_list.Aligned().addManyAsSliceBounded	self	no	no
std.array_list.Aligned().addManyAt	self	no	no
std.array_list.Aligned().addManyAtAssumeCapacity	self	no	no
std.array_list.Aligned().addManyAtBounded	self	no	no
std.array_list.Aligned().addOne	self	no	no
std.array_list.Aligned().addOneAssumeCapacity	self	no	no
std.array_list.Aligned().addOneBounded	self	no	no
std.array_list.Aligned().allocatedSlice	self	no	no
std.array_list.Aligned().append	self	no	no
std.array_list.Aligned().appendAssumeCapacity	self	no	no
std.array_list.Aligned().appendBounded	self	no	no
std.array_list.Aligned().appendNTimes	self	no	no
std.array_list.Aligned().appendNTimesAssumeCapacity	self	no	no
std.array_list.Aligned().appendNTimesBounded	self	no	no
std.array_list.Aligned().appendSlice	self	no	no
std.array_list.Aligned().appendSliceAssumeCapacity	self	no	no
std.array_list.Aligned().appendSliceBounded	self	no	no
std.array_list.Aligned().appendUnalignedSlice	self	no	no
std.array_list.Aligned().appendUnalignedSliceAssumeCapacity	self	no	no
std.array_list.Aligned().appendUnalignedSliceBounded	self	no	no
std.array_list.Aligned().clearAndFree	self	no	no
std.array_list.Aligned().clearRetainingCapacity	self	no	no
std.array_list.Aligned().clone	self	no	no
std.array_list.Aligned().deinit	self	no	no
std.array_list.Aligned().ensureTotalCapacity	self	no	no
std.array_list.Aligned().ensureTotalCapacityPrecise	self	no	no
std.array_list.Aligned().ensureUnusedCapacity	self	no	no
std.array_list.Aligned().expandToCapacity	self	no	no
std.array_list.Aligned().fromOwnedSlice	other	no	no
std.array_list.Aligned().fromOwnedSliceSentinel	other	no	yes
std.array_list.Aligned().getLast	self	no	no
std.array_list.Aligned().getLastOrNull	self	no	no
std.array_list.Aligned().growCapacity	other	no	no
std.array_list.Aligned().initBuffer	other	no	no
std.array_list.Aligned().initCapacity	allocator	no	no
std.array_list.Aligned().insert	self	no	no
std.array_list.Aligned().insertAssumeCapacity	self	no	no
std.array_list.Aligned().insertBounded	self	no	no
std.array_list.Aligned().insertSlice	self	no	no
std.array_list.Aligned().insertSliceAssumeCapacity	self	no	no
std.array_list.Aligned().insertSliceBounded	self	no	no
std.array_list.Aligned().orderedRemove	self	no	no
std.array_list.Aligned().orderedRemoveMany	self	no	no
std.array_list.Aligned().pop	self	no	no
std.array_list.Aligned().print	self	no	yes
std.array_list.Aligned().printAssumeCapacity	self	no	yes
std.array_list.Aligned().printBounded	self	no	yes
std.array_list.Aligned().replaceRange	self	no	no
std.array_list.Aligned().replaceRangeAssumeCapacity	self	no	no
std.array_list.Aligned().replaceRangeBounded	self	no	no
std.array_list.Aligned().resize	self	no	no
std.array_list.Aligned().shrinkAndFree	self	no	no
std.array_list.Aligned().shrinkAndFreePrecise	self	no	no
std.array_list.Aligned().shrinkRetainingCapacity	self	no	no
std.array_list.Aligned().shrinkToLen	self	no	no
std.array_list.Aligned().shrinkToLenSentinel	self	no	no
std.array_list.Aligned().swapRemove	self	no	no
std.array_list.Aligned().toManaged	self	no	no
std.array_list.Aligned().toOwnedSlice	self	no	no
std.array_list.Aligned().toOwnedSliceAssert	self	no	no
std.array_list.Aligned().toOwnedSliceSentinel	self	no	yes
std.array_list.Aligned().toOwnedSliceSentinelAssert	self	no	yes
std.array_list.Aligned().unusedCapacitySlice	self	no	no
std.array_list.AlignedManaged	other	no	yes
std.array_list.AlignedManaged().SentinelSlice	other	no	yes
std.array_list.AlignedManaged().addManyAsArray	self	no	yes
std.array_list.AlignedManaged().addManyAsArrayAssumeCapacity	self	no	yes
std.array_list.AlignedManaged().addManyAsSlice	self	no	no
std.array_list.AlignedManaged().addManyAsSliceAssumeCapacity	self	no	no
std.array_list.AlignedManaged().addManyAt	self	no	no
std.array_list.AlignedManaged().addManyAtAssumeCapacity	self	no	no
std.array_list.AlignedManaged().addOne	self	no	no
std.array_list.AlignedManaged().addOneAssumeCapacity	self	no	no
std.array_list.AlignedManaged().allocatedSlice	self	no	no
std.array_list.AlignedManaged().append	self	no	no
std.array_list.AlignedManaged().appendAssumeCapacity	self	no	no
std.array_list.AlignedManaged().appendNTimes	self	no	no
std.array_list.AlignedManaged().appendNTimesAssumeCapacity	self	no	no
std.array_list.AlignedManaged().appendSlice	self	no	no
std.array_list.AlignedManaged().appendSliceAssumeCapacity	self	no	no
std.array_list.AlignedManaged().appendUnalignedSlice	self	no	no
std.array_list.AlignedManaged().appendUnalignedSliceAssumeCapacity	self	no	no
std.array_list.AlignedManaged().clearAndFree	self	no	no
std.array_list.AlignedManaged().clearRetainingCapacity	self	no	no
std.array_list.AlignedManaged().clone	self	no	no
std.array_list.AlignedManaged().deinit	self	no	no
std.array_list.AlignedManaged().ensureTotalCapacity	self	no	no
std.array_list.AlignedManaged().ensureTotalCapacityPrecise	self	no	no
std.array_list.AlignedManaged().ensureUnusedCapacity	self	no	no
std.array_list.AlignedManaged().expandToCapacity	self	no	no
std.array_list.AlignedManaged().fromOwnedSlice	allocator	no	no
std.array_list.AlignedManaged().fromOwnedSliceSentinel	allocator	no	yes
std.array_list.AlignedManaged().getLast	self	no	no
std.array_list.AlignedManaged().getLastOrNull	self	no	no
std.array_list.AlignedManaged().init	allocator	no	no
std.array_list.AlignedManaged().initCapacity	allocator	no	no
std.array_list.AlignedManaged().insert	self	no	no
std.array_list.AlignedManaged().insertAssumeCapacity	self	no	no
std.array_list.AlignedManaged().insertSlice	self	no	no
std.array_list.AlignedManaged().moveToUnmanaged	self	no	no
std.array_list.AlignedManaged().orderedRemove	self	no	no
std.array_list.AlignedManaged().pop	self	no	no
std.array_list.AlignedManaged().print	self	no	yes
std.array_list.AlignedManaged().replaceRange	self	no	no
std.array_list.AlignedManaged().replaceRangeAssumeCapacity	self	no	no
std.array_list.AlignedManaged().resize	self	no	no
std.array_list.AlignedManaged().shrinkAndFree	self	no	no
std.array_list.AlignedManaged().shrinkRetainingCapacity	self	no	no
std.array_list.AlignedManaged().swapRemove	self	no	no
std.array_list.AlignedManaged().toOwnedSlice	self	no	no
std.array_list.AlignedManaged().toOwnedSliceSentinel	self	no	yes
std.array_list.AlignedManaged().unusedCapacitySlice	self	no	no
std.array_list.Managed	other	no	yes
std.array_list.addOrOom	other	no	no
std.ascii.HexEscape.format	other	yes	no
std.ascii.allocLowerString	allocator	no	no
std.ascii.allocUpperString	allocator	no	no
std.ascii.boundedOrderIgnoreCaseZ	other	no	no
std.ascii.boyerMooreHorspoolPreprocessIgnoreCase	other	no	no
std.ascii.endsWithIgnoreCase	other	no	no
std.ascii.eqlIgnoreCase	other	no	no
std.ascii.findIgnoreCase	other	no	no
std.ascii.findIgnoreCasePos	other	no	no
std.ascii.findIgnoreCasePosLinear	other	no	no
std.ascii.hexEscape	other	no	no
std.ascii.isAlphabetic	other	no	no
std.ascii.isAlphanumeric	other	no	no
std.ascii.isAscii	other	no	no
std.ascii.isControl	other	no	no
std.ascii.isDigit	other	no	no
std.ascii.isGraphical	other	no	no
std.ascii.isHex	other	no	no
std.ascii.isLower	other	no	no
std.ascii.isPrint	other	no	no
std.ascii.isPunctuation	other	no	no
std.ascii.isUpper	other	no	no
std.ascii.isWhitespace	other	no	no
std.ascii.lessThanIgnoreCase	other	no	no
std.ascii.lowerString	other	no	no
std.ascii.orderIgnoreCase	other	no	no
std.ascii.orderIgnoreCaseZ	other	no	no
std.ascii.startsWithIgnoreCase	other	no	no
std.ascii.toLower	other	no	no
std.ascii.toUpper	other	no	no
std.ascii.upperString	other	no	no
std.atomic.Mutex.tryLock	other	no	no
std.atomic.Mutex.unlock	other	no	no
std.atomic.Value	other	no	yes
std.atomic.Value().bitReset	self	no	yes
std.atomic.Value().bitSet	self	no	yes
std.atomic.Value().bitToggle	self	no	yes
std.atomic.Value().cmpxchgStrong	self	no	yes
std.atomic.Value().cmpxchgWeak	self	no	yes
std.atomic.Value().fetchAdd	self	no	yes
std.atomic.Value().fetchAnd	self	no	yes
std.atomic.Value().fetchMax	self	no	yes
std.atomic.Value().fetchMin	self	no	yes
std.atomic.Value().fetchNand	self	no	yes
std.atomic.Value().fetchOr	self	no	yes
std.atomic.Value().fetchSub	self	no	yes
std.atomic.Value().fetchXor	self	no	yes
std.atomic.Value().init	other	no	no
std.atomic.Value().load	self	no	yes
std.atomic.Value().rmw	self	no	yes
std.atomic.Value().store	self	no	yes
std.atomic.Value().swap	self	no	yes
std.atomic.cacheLineForCpu	other	no	no
std.atomic.spinLoopHint	none	no	no
std.base64.Base64Decoder.calcSizeForSlice	other	no	no
std.base64.Base64Decoder.calcSizeUpperBound	other	no	no
std.base64.Base64Decoder.decode	other	no	no
std.base64.Base64Decoder.init	other	no	no
std.base64.Base64DecoderWithIgnore.calcSizeUpperBound	other	no	no
std.base64.Base64DecoderWithIgnore.decode	other	no	no
std.base64.Base64DecoderWithIgnore.init	other	no	no
std.base64.Base64Encoder.calcSize	other	no	no
std.base64.Base64Encoder.encode	other	no	no
std.base64.Base64Encoder.encodeWriter	other	yes	no
std.base64.Base64Encoder.init	other	no	no
std.base64.standardBase64DecoderWithIgnore	other	no	no
std.base64.testAllApis	other	no	no
std.base64.testBase64	none	no	no
std.base64.testBase64UrlSafeNoPad	none	no	no
std.base64.testDecodeIgnoreSpace	other	no	no
std.base64.testError	other	no	no
std.base64.testFourBytesDestNoSpaceLeftError	other	no	no
std.base64.testNoSpaceLeftError	other	no	no
std.base64.urlSafeBase64DecoderWithIgnore	other	no	no
std.bit_set.ArrayBitSet	other	no	yes
std.bit_set.ArrayBitSet().Iterator	other	no	yes
std.bit_set.ArrayBitSet().boolMaskBit	other	no	no
std.bit_set.ArrayBitSet().capacity	self	no	no
std.bit_set.ArrayBitSet().complement	self	no	no
std.bit_set.ArrayBitSet().count	self	no	no
std.bit_set.ArrayBitSet().differenceWith	self	no	no
std.bit_set.ArrayBitSet().eql	self	no	no
std.bit_set.ArrayBitSet().findFirstSet	self	no	no
std.bit_set.ArrayBitSet().findLastSet	self	no	no
std.bit_set.ArrayBitSet().initEmpty	none	no	no
std.bit_set.ArrayBitSet().initFull	none	no	no
std.bit_set.ArrayBitSet().intersectWith	self	no	no
std.bit_set.ArrayBitSet().isSet	self	no	no
std.bit_set.ArrayBitSet().iterator	self	no	yes
std.bit_set.ArrayBitSet().maskBit	other	no	no
std.bit_set.ArrayBitSet().maskIndex	other	no	no
std.bit_set.ArrayBitSet().set	self	no	no
std.bit_set.ArrayBitSet().setIntersection	self	no	no
std.bit_set.ArrayBitSet().setRangeValue	self	no	no
std.bit_set.ArrayBitSet().setUnion	self	no	no
std.bit_set.ArrayBitSet().setValue	self	no	no
std.bit_set.ArrayBitSet().subsetOf	self	no	no
std.bit_set.ArrayBitSet().supersetOf	self	no	no
std.bit_set.ArrayBitSet().toggle	self	no	no
std.bit_set.ArrayBitSet().toggleAll	self	no	no
std.bit_set.ArrayBitSet().toggleFirstSet	self	no	no
std.bit_set.ArrayBitSet().toggleSet	self	no	no
std.bit_set.ArrayBitSet().unionWith	self	no	no
std.bit_set.ArrayBitSet().unset	self	no	no
std.bit_set.ArrayBitSet().xorWith	self	no	no
std.bit_set.BitSetIterator	other	no	yes
std.bit_set.BitSetIterator().init	other	no	no
std.bit_set.BitSetIterator().next	self	no	no
std.bit_set.BitSetIterator().nextWord	self	no	yes
std.bit_set.DynamicBitSet.capacity	self	no	no
std.bit_set.DynamicBitSet.clone	self	no	no
std.bit_set.DynamicBitSet.count	self	no	no
std.bit_set.DynamicBitSet.deinit	self	no	no
std.bit_set.DynamicBitSet.eql	self	no	no
std.bit_set.DynamicBitSet.findFirstSet	self	no	no
std.bit_set.DynamicBitSet.findLastSet	self	no	no
std.bit_set.DynamicBitSet.initEmpty	allocator	no	no
std.bit_set.DynamicBitSet.initFull	allocator	no	no
std.bit_set.DynamicBitSet.isSet	self	no	no
std.bit_set.DynamicBitSet.iterator	self	no	yes
std.bit_set.DynamicBitSet.resize	self	no	no
std.bit_set.DynamicBitSet.set	self	no	no
std.bit_set.DynamicBitSet.setIntersection	self	no	no
std.bit_set.DynamicBitSet.setRangeValue	self	no	no
std.bit_set.DynamicBitSet.setUnion	self	no	no
std.bit_set.DynamicBitSet.setValue	self	no	no
std.bit_set.DynamicBitSet.toggle	self	no	no
std.bit_set.DynamicBitSet.toggleAll	self	no	no
std.bit_set.DynamicBitSet.toggleFirstSet	self	no	no
std.bit_set.DynamicBitSet.toggleSet	self	no	no
std.bit_set.DynamicBitSet.unset	self	no	no
std.bit_set.DynamicBitSetUnmanaged.Iterator	other	no	yes
std.bit_set.DynamicBitSetUnmanaged.boolMaskBit	other	no	no
std.bit_set.DynamicBitSetUnmanaged.capacity	self	no	no
std.bit_set.DynamicBitSetUnmanaged.clone	self	no	no
std.bit_set.DynamicBitSetUnmanaged.count	self	no	no
std.bit_set.DynamicBitSetUnmanaged.deinit	self	no	no
std.bit_set.DynamicBitSetUnmanaged.eql	self	no	no
std.bit_set.DynamicBitSetUnmanaged.findFirstSet	self	no	no
std.bit_set.DynamicBitSetUnmanaged.findLastSet	self	no	no
std.bit_set.DynamicBitSetUnmanaged.initEmpty	allocator	no	no
std.bit_set.DynamicBitSetUnmanaged.initFull	allocator	no	no
std.bit_set.DynamicBitSetUnmanaged.isSet	self	no	no
std.bit_set.DynamicBitSetUnmanaged.iterator	self	no	yes
std.bit_set.DynamicBitSetUnmanaged.maskBit	other	no	no
std.bit_set.DynamicBitSetUnmanaged.maskIndex	other	no	no
std.bit_set.DynamicBitSetUnmanaged.numMasks	other	no	no
std.bit_set.DynamicBitSetUnmanaged.resize	self	no	no
std.bit_set.DynamicBitSetUnmanaged.set	self	no	no
std.bit_set.DynamicBitSetUnmanaged.setAll	self	no	no
std.bit_set.DynamicBitSetUnmanaged.setIntersection	self	no	no
std.bit_set.DynamicBitSetUnmanaged.setRangeValue	self	no	no
std.bit_set.DynamicBitSetUnmanaged.setUnion	self	no	no
std.bit_set.DynamicBitSetUnmanaged.setValue	self	no	no
std.bit_set.DynamicBitSetUnmanaged.subsetOf	self	no	no
std.bit_set.DynamicBitSetUnmanaged.supersetOf	self	no	no
std.bit_set.DynamicBitSetUnmanaged.toggle	self	no	no
std.bit_set.DynamicBitSetUnmanaged.toggleAll	self	no	no
std.bit_set.DynamicBitSetUnmanaged.toggleFirstSet	self	no	no
std.bit_set.DynamicBitSetUnmanaged.toggleSet	self	no	no
std.bit_set.DynamicBitSetUnmanaged.unset	self	no	no
std.bit_set.DynamicBitSetUnmanaged.unsetAll	self	no	no
std.bit_set.IntegerBitSet	other	no	yes
std.bit_set.IntegerBitSet().Iterator	other	no	yes
std.bit_set.IntegerBitSet().SingleWordIterator	other	no	yes
std.bit_set.IntegerBitSet().SingleWordIterator().next	self	no	no
std.bit_set.IntegerBitSet().boolMaskBit	other	no	no
std.bit_set.IntegerBitSet().capacity	self	no	no
std.bit_set.IntegerBitSet().complement	self	no	no
std.bit_set.IntegerBitSet().count	self	no	no
std.bit_set.IntegerBitSet().differenceWith	self	no	no
std.bit_set.IntegerBitSet().eql	self	no	no
std.bit_set.IntegerBitSet().findFirstSet	self	no	no
std.bit_set.IntegerBitSet().findLastSet	self	no	no
std.bit_set.IntegerBitSet().initEmpty	none	no	no
std.bit_set.IntegerBitSet().initFull	none	no	no
std.bit_set.IntegerBitSet().intersectWith	self	no	no
std.bit_set.IntegerBitSet().isSet	self	no	no
std.bit_set.IntegerBitSet().iterator	self	no	yes
std.bit_set.IntegerBitSet().maskBit	other	no	no
std.bit_set.IntegerBitSet().set	self	no	no
std.bit_set.IntegerBitSet().setIntersection	self	no	no
std.bit_set.IntegerBitSet().setRangeValue	self	no	no
std.bit_set.IntegerBitSet().setUnion	self	no	no
std.bit_set.IntegerBitSet().setValue	self	no	no
std.bit_set.IntegerBitSet().subsetOf	self	no	no
std.bit_set.IntegerBitSet().supersetOf	self	no	no
std.bit_set.IntegerBitSet().toggle	self	no	no
std.bit_set.IntegerBitSet().toggleAll	self	no	no
std.bit_set.IntegerBitSet().toggleFirstSet	self	no	no
std.bit_set.IntegerBitSet().toggleSet	self	no	no
std.bit_set.IntegerBitSet().unionWith	self	no	no
std.bit_set.IntegerBitSet().unset	self	no	no
std.bit_set.IntegerBitSet().xorWith	self	no	no
std.bit_set.StaticBitSet	other	no	yes
std.bit_set.fillEven	other	no	yes
std.bit_set.fillOdd	other	no	yes
std.bit_set.testBitSet	other	no	yes
std.bit_set.testEql	other	no	yes
std.bit_set.testPureBitSet	other	no	yes
std.bit_set.testStaticBitSet	other	no	yes
std.bit_set.testSubsetOf	other	no	yes
std.bit_set.testSupersetOf	other	no	yes
std.builtin.CallingConvention.archs	other	no	no
std.builtin.CallingConvention.eql	other	no	no
std.builtin.CallingConvention.withStackAlign	other	no	no
std.builtin.Type.Array.sentinel	other	no	yes
std.builtin.Type.Pointer.sentinel	other	no	yes
std.builtin.Type.StructField.defaultValue	other	no	yes
std.builtin.returnError	none	no	no
std.c.MuslOnlyPadding	other	no	no
std.c._Exit	other	no	no
std.c._exit	other	no	no
std.c.abort	none	no	no
std.c.accept	other	no	no
std.c.accept4	other	no	no
std.c.access	other	no	no
std.c.alarm	other	no	no
std.c.bind	other	no	no
std.c.calloc	other	no	no
std.c.chdir	other	no	no
std.c.chmod	other	no	no
std.c.closedir	other	no	no
std.c.closelog	none	no	no
std.c.connect	other	no	no
std.c.darwin.@"close$NOCANCEL"	other	no	no
std.c.darwin.NSVersionOfRunTimeLibrary	other	no	no
std.c.darwin.VM.MAKE_TAG	other	no	no
std.c.darwin._NSGetExecutablePath	other	no	no
std.c.darwin.__getdirentries64	other	no	no
std.c.darwin.__ulock_wait	other	no	no
std.c.darwin.__ulock_wait2	other	no	no
std.c.darwin.__ulock_wake	other	no	no
std.c.darwin._dyld_get_image_header	other	no	no
std.c.darwin._dyld_get_image_header_containing_address	other	no	no
std.c.darwin._dyld_get_image_name	other	no	no
std.c.darwin._dyld_get_image_vmaddr_slide	other	no	no
std.c.darwin._dyld_image_count	none	no	no
std.c.darwin._host_page_size	other	no	no
std.c.darwin.clock_get_time	other	no	no
std.c.darwin.dispatch.QUEUE_CONCURRENT	none	no	no
std.c.darwin.dispatch.QUEUE_CONCURRENT_INACTIVE	none	no	no
std.c.darwin.dispatch.QUEUE_INACTIVE	none	no	no
std.c.darwin.dispatch.QUEUE_SERIAL	none	no	no
std.c.darwin.dispatch.dispatch_activate	other	no	no
std.c.darwin.dispatch.dispatch_after_f	other	no	no
std.c.darwin.dispatch.dispatch_apply_f	other	no	no
std.c.darwin.dispatch.dispatch_async_and_wait_f	other	no	no
std.c.darwin.dispatch.dispatch_async_f	other	no	no
std.c.darwin.dispatch.dispatch_get_context	other	no	no
std.c.darwin.dispatch.dispatch_get_current_queue	none	no	no
std.c.darwin.dispatch.dispatch_get_global_queue	other	no	no
std.c.darwin.dispatch.dispatch_main	none	no	no
std.c.darwin.dispatch.dispatch_once_f	other	no	no
std.c.darwin.dispatch.dispatch_queue_attr_make_initially_inactive	other	no	no
std.c.darwin.dispatch.dispatch_queue_create	other	no	no
std.c.darwin.dispatch.dispatch_queue_create_with_target	other	no	no
std.c.darwin.dispatch.dispatch_queue_get_label	other	no	no
std.c.darwin.dispatch.dispatch_release	other	no	no
std.c.darwin.dispatch.dispatch_resume	other	no	no
std.c.darwin.dispatch.dispatch_retain	other	no	no
std.c.darwin.dispatch.dispatch_semaphore_create	other	no	no
std.c.darwin.dispatch.dispatch_semaphore_signal	other	no	no
std.c.darwin.dispatch.dispatch_semaphore_wait	other	no	no
std.c.darwin.dispatch.dispatch_set_context	other	no	no
std.c.darwin.dispatch.dispatch_set_finalizer_f	other	no	no
std.c.darwin.dispatch.dispatch_set_target_queue	other	no	no
std.c.darwin.dispatch.dispatch_source_cancel	other	no	no
std.c.darwin.dispatch.dispatch_source_create	other	no	no
std.c.darwin.dispatch.dispatch_source_get_data	other	no	no
std.c.darwin.dispatch.dispatch_source_get_handle	other	no	no
std.c.darwin.dispatch.dispatch_source_get_mask	other	no	no
std.c.darwin.dispatch.dispatch_source_merge_data	other	no	no
std.c.darwin.dispatch.dispatch_source_set_cancel_handler_f	other	no	no
std.c.darwin.dispatch.dispatch_source_set_event_handler_f	other	no	no
std.c.darwin.dispatch.dispatch_source_set_registration_handler_f	other	no	no
std.c.darwin.dispatch.dispatch_source_set_timer	other	no	no
std.c.darwin.dispatch.dispatch_source_testcancel	other	no	no
std.c.darwin.dispatch.dispatch_suspend	other	no	no
std.c.darwin.dispatch.dispatch_sync_f	other	no	no
std.c.darwin.dispatch.dispatch_time	other	no	no
std.c.darwin.dispatch.dispatch_walltime	other	no	no
std.c.darwin.dispatch.get_main_queue	none	no	no
std.c.darwin.dispatch.once_t.once	other	no	no
std.c.darwin.dispatch.queue_attr_s.as_object	other	no	no
std.c.darwin.dispatch.queue_s.as_object	other	no	no
std.c.darwin.dispatch.semaphore_s.as_object	other	no	no
std.c.darwin.dispatch.source_s.as_object	other	no	no
std.c.darwin.dladdr	other	no	no
std.c.darwin.dyld_image_path_containing_address	other	no	no
std.c.darwin.fcopyfile	other	no	no
std.c.darwin.kevent64	other	no	no
std.c.darwin.mach_absolute_time	none	no	no
std.c.darwin.mach_continuous_time	none	no	no
std.c.darwin.mach_host_self	none	no	no
std.c.darwin.mach_msg	other	no	no
std.c.darwin.mach_msg_option_t.sendAndRcv	other	no	no
std.c.darwin.mach_msg_return_t.extractResourceError	other	no	no
std.c.darwin.mach_port_allocate	other	no	no
std.c.darwin.mach_port_deallocate	other	no	no
std.c.darwin.mach_port_insert_right	other	no	no
std.c.darwin.mach_task_self	none	no	no
std.c.darwin.mach_timebase_info	other	no	no
std.c.darwin.mach_vm_protect	other	no	no
std.c.darwin.mach_vm_read	other	no	no
std.c.darwin.mach_vm_region	other	no	no
std.c.darwin.mach_vm_region_recurse	other	no	no
std.c.darwin.mach_vm_write	other	no	no
std.c.darwin.os_log_create	other	no	no
std.c.darwin.os_log_type_enabled	other	no	no
std.c.darwin.os_signpost_enabled	other	no	no
std.c.darwin.os_signpost_id_generate	other	no	no
std.c.darwin.os_signpost_id_make_with_pointer	other	no	no
std.c.darwin.os_signpost_interval_begin	other	no	no
std.c.darwin.os_signpost_interval_end	other	no	no
std.c.darwin.os_unfair_lock_assert_not_owner	other	no	no
std.c.darwin.os_unfair_lock_assert_owner	other	no	no
std.c.darwin.os_unfair_lock_lock	other	no	no
std.c.darwin.os_unfair_lock_trylock	other	no	no
std.c.darwin.os_unfair_lock_unlock	other	no	no
std.c.darwin.pid_for_task	other	no	no
std.c.darwin.posix_spawn	other	no	no
std.c.darwin.posix_spawn_file_actions_addchdir_np	other	no	no
std.c.darwin.posix_spawn_file_actions_addclose	other	no	no
std.c.darwin.posix_spawn_file_actions_adddup2	other	no	no
std.c.darwin.posix_spawn_file_actions_addfchdir_np	other	no	no
std.c.darwin.posix_spawn_file_actions_addinherit_np	other	no	no
std.c.darwin.posix_spawn_file_actions_addopen	other	no	no
std.c.darwin.posix_spawn_file_actions_destroy	other	no	no
std.c.darwin.posix_spawn_file_actions_init	other	no	no
std.c.darwin.posix_spawnattr_destroy	other	no	no
std.c.darwin.posix_spawnattr_getflags	other	no	no
std.c.darwin.posix_spawnattr_init	other	no	no
std.c.darwin.posix_spawnattr_setflags	other	no	no
std.c.darwin.posix_spawnp	other	no	no
std.c.darwin.pthread_attr_get_qos_class_np	other	no	no
std.c.darwin.pthread_attr_set_qos_class_np	other	no	no
std.c.darwin.pthread_get_qos_class_np	other	no	no
std.c.darwin.pthread_set_qos_class_self_np	other	no	no
std.c.darwin.pthread_setname_np	other	no	no
std.c.darwin.ptrace	other	no	no
std.c.darwin.sendfile	other	no	no
std.c.darwin.shm_open	other	no	no
std.c.darwin.task_for_pid	other	no	no
std.c.darwin.task_get_exception_ports	other	no	no
std.c.darwin.task_info	other	no	no
std.c.darwin.task_resume	other	no	no
std.c.darwin.task_set_exception_ports	other	no	no
std.c.darwin.task_suspend	other	no	no
std.c.darwin.task_threads	other	no	no
std.c.darwin.thread_get_state	other	no	no
std.c.darwin.thread_info	other	no	no
std.c.darwin.thread_resume	other	no	no
std.c.darwin.thread_set_state	other	no	no
std.c.darwin.vm_deallocate	other	no	no
std.c.darwin.vm_machine_attribute	other	no	no
std.c.dl_iterate_phdr	other	no	no
std.c.dlclose	other	no	no
std.c.dlerror	none	no	no
std.c.dlopen	other	no	no
std.c.dlsym	other	no	no
std.c.dn_expand	other	no	no
std.c.dragonfly.lwp_gettid	none	no	no
std.c.dragonfly.ptrace	other	no	no
std.c.dragonfly.umtx_sleep	other	no	no
std.c.dragonfly.umtx_wakeup	other	no	no
std.c.dup	other	no	no
std.c.dup2	other	no	no
std.c.dup3	other	no	no
std.c.endgrent	none	no	no
std.c.endpwent	none	no	no
std.c.epoll_create1	other	no	no
std.c.epoll_ctl	other	no	no
std.c.epoll_pwait	other	no	no
std.c.epoll_wait	other	no	no
std.c.errno	other	no	yes
std.c.eventfd	other	no	no
std.c.execve	other	no	no
std.c.exit	other	no	no
std.c.faccessat	other	no	no
std.c.fallocate	other	no	no
std.c.fallocate64	other	no	no
std.c.fchdir	other	no	no
std.c.fchmod	other	no	no
std.c.fchmodat	other	no	no
std.c.fchown	other	no	no
std.c.fchownat	other	no	no
std.c.fclose	other	no	no
std.c.fcntl	other	no	no
std.c.fdatasync	other	no	no
std.c.fdopendir	other	no	no
std.c.fmemopen	other	no	no
std.c.fopen	other	no	no
std.c.fopen64	other	no	no
std.c.fread	other	no	no
std.c.free	other	no	no
std.c.freeaddrinfo	other	no	no
std.c.freebsd.Stat.atime	self	no	no
std.c.freebsd.Stat.birthtime	self	no	no
std.c.freebsd.Stat.ctime	self	no	no
std.c.freebsd.Stat.mtime	self	no	no
std.c.freebsd._umtx_op	other	no	no
std.c.freebsd.copy_file_range	other	no	no
std.c.freebsd.kinfo_getfile	other	no	no
std.c.freebsd.ptrace	other	no	no
std.c.freebsd.sendfile	other	no	no
std.c.fsync	other	no	no
std.c.ftruncate	other	no	no
std.c.ftruncate64	other	no	no
std.c.futimens	other	no	no
std.c.futimes	other	no	no
std.c.fwrite	other	no	no
std.c.gai_strerror	other	no	no
std.c.getaddrinfo	other	no	no
std.c.getauxval	other	no	no
std.c.getcwd	other	no	no
std.c.getegid	none	no	no
std.c.getenv	other	no	no
std.c.geteuid	none	no	no
std.c.getgid	none	no	no
std.c.getgrent	none	no	no
std.c.getgrgid	other	no	no
std.c.getgrgid_r	other	no	no
std.c.getgrnam	other	no	no
std.c.getgrnam_r	other	no	no
std.c.gethostname	other	no	no
std.c.getnameinfo	other	no	no
std.c.getpeername	other	no	no
std.c.getpid	none	no	no
std.c.getppid	none	no	no
std.c.getpwent	none	no	no
std.c.getpwnam	other	no	no
std.c.getpwnam_r	other	no	no
std.c.getpwuid	other	no	no
std.c.getpwuid_r	other	no	no
std.c.getresgid	other	no	no
std.c.getresuid	other	no	no
std.c.getrlimit	other	no	no
std.c.getrlimit64	other	no	no
std.c.getsockname	other	no	no
std.c.getsockopt	other	no	no
std.c.getuid	none	no	no
std.c.haiku.DirEnt.getName	other	no	no
std.c.haiku._errnop	none	no	no
std.c.haiku._get_next_area_info	other	no	no
std.c.haiku._get_next_image_info	other	no	no
std.c.haiku._get_team_info	other	no	no
std.c.haiku._kern_get_current_team	none	no	no
std.c.haiku._kern_open_dir	other	no	no
std.c.haiku._kern_read_dir	other	no	no
std.c.haiku._kern_read_stat	other	no	no
std.c.haiku._kern_rewind_dir	other	no	no
std.c.haiku.find_directory	other	no	no
std.c.haiku.find_thread	other	no	no
std.c.haiku.get_system_info	other	no	no
std.c.if_nametoindex	other	no	no
std.c.illumos.FILE_EVENT.isException	other	no	no
std.c.illumos.IO	other	no	no
std.c.illumos.IOR	other	no	yes
std.c.illumos.IOW	other	no	yes
std.c.illumos.IOWR	other	no	yes
std.c.illumos.ioImpl	other	yes	yes
std.c.illumos.pthread_setname_np	other	no	no
std.c.illumos.sysconf	other	no	no
std.c.inotify_add_watch	other	no	no
std.c.inotify_init1	other	no	no
std.c.inotify_rm_watch	other	no	no
std.c.isatty	other	no	no
std.c.kevent	other	no	no
std.c.kill	other	no	no
std.c.kqueue	none	no	no
std.c.link	other	no	no
std.c.linkat	other	no	no
std.c.listen	other	no	no
std.c.lseek	other	no	no
std.c.lseek64	other	no	no
std.c.madvise	other	no	no
std.c.malloc	other	no	no
std.c.memfd_create	other	no	no
std.c.mincore	other	no	no
std.c.mkdir	other	no	no
std.c.mkdirat	other	no	no
std.c.mmap	other	no	no
std.c.mmap64	other	no	no
std.c.mprotect	other	no	no
std.c.mremap	other	no	no
std.c.munmap	other	no	no
std.c.netbsd.IPTOS.CLASS	other	no	yes
std.c.netbsd.IPTOS.DSCP	other	no	yes
std.c.netbsd.IPTOS.ECN	other	no	yes
std.c.netbsd.___lwp_park60	other	no	no
std.c.netbsd._lwp_self	none	no	no
std.c.netbsd._lwp_unpark	other	no	no
std.c.netbsd._lwp_unpark_all	other	no	no
std.c.netbsd.pthread_setname_np	other	no	no
std.c.netbsd.ptrace	other	no	no
std.c.open	other	no	no
std.c.open64	other	no	no
std.c.openat	other	no	no
std.c.openat64	other	no	no
std.c.openbsd.auth_approval	other	no	no
std.c.openbsd.auth_call	other	no	no
std.c.openbsd.auth_cat	other	no	no
std.c.openbsd.auth_challenge	other	no	no
std.c.openbsd.auth_check_change	other	no	no
std.c.openbsd.auth_check_expire	other	no	no
std.c.openbsd.auth_checknologin	other	no	no
std.c.openbsd.auth_clean	other	no	no
std.c.openbsd.auth_close	other	no	no
std.c.openbsd.auth_clrenv	other	no	no
std.c.openbsd.auth_clroption	other	no	no
std.c.openbsd.auth_clroptions	other	no	no
std.c.openbsd.auth_getitem	other	no	no
std.c.openbsd.auth_getpwd	other	no	no
std.c.openbsd.auth_getstate	other	no	no
std.c.openbsd.auth_getvalue	other	no	no
std.c.openbsd.auth_mkvalue	other	no	no
std.c.openbsd.auth_open	none	no	no
std.c.openbsd.auth_setdata	other	no	no
std.c.openbsd.auth_setenv	other	no	no
std.c.openbsd.auth_setitem	other	no	no
std.c.openbsd.auth_setoption	other	no	no
std.c.openbsd.auth_setpwd	other	no	no
std.c.openbsd.auth_setstate	other	no	no
std.c.openbsd.auth_userchallenge	other	no	no
std.c.openbsd.auth_usercheck	other	no	no
std.c.openbsd.auth_userokay	other	no	no
std.c.openbsd.auth_userresponse	other	no	no
std.c.openbsd.auth_verify	other	no	no
std.c.openbsd.bcrypt	other	no	no
std.c.openbsd.bcrypt_checkpass	other	no	no
std.c.openbsd.bcrypt_gensalt	other	no	no
std.c.openbsd.bcrypt_newhash	other	no	no
std.c.openbsd.futex	other	no	no
std.c.openbsd.getpwnam_shadow	other	no	no
std.c.openbsd.getpwuid_shadow	other	no	no
std.c.openbsd.getthrid	none	no	no
std.c.openbsd.login_close	other	no	no
std.c.openbsd.login_getcapbool	other	no	no
std.c.openbsd.login_getcapnum	other	no	no
std.c.openbsd.login_getcapsize	other	no	no
std.c.openbsd.login_getcapstr	other	no	no
std.c.openbsd.login_getcaptime	other	no	no
std.c.openbsd.login_getclass	other	no	no
std.c.openbsd.login_getstyle	other	no	no
std.c.openbsd.pledge	other	no	no
std.c.openbsd.ptrace	other	no	no
std.c.openbsd.pw_dup	other	no	no
std.c.openbsd.setclasscontext	other	no	no
std.c.openbsd.setpassent	other	no	no
std.c.openbsd.setusercontext	other	no	no
std.c.openbsd.uid_from_user	other	no	no
std.c.openbsd.unveil	other	no	no
std.c.openbsd.user_from_uid	other	no	no
std.c.opendir	other	no	no
std.c.openlog	other	no	no
std.c.pipe	other	no	no
std.c.poll	other	no	no
std.c.port_alert	other	no	no
std.c.port_associate	other	no	no
std.c.port_create	none	no	no
std.c.port_dissociate	other	no	no
std.c.port_get	other	no	no
std.c.port_getn	other	no	no
std.c.port_send	other	no	no
std.c.port_sendn	other	no	no
std.c.ppoll	other	no	no
std.c.prctl	other	no	no
std.c.pread	other	no	no
std.c.pread64	other	no	no
std.c.preadv	other	no	no
std.c.preadv64	other	no	no
std.c.printf	other	no	no
std.c.private.@"fstat$INODE64"	other	no	no
std.c.private.@"fstatat$INODE64"	other	no	no
std.c.private.@"readdir$INODE64"	other	no	no
std.c.private.@"realpath$DARWIN_EXTSN"	other	no	no
std.c.private.@"stat$INODE64"	other	no	no
std.c.private.___errno	none	no	no
std.c.private.__clock_getres50	other	no	no
std.c.private.__clock_gettime50	other	no	no
std.c.private.__errno	none	no	no
std.c.private.__errno_location	none	no	no
std.c.private.__error	none	no	no
std.c.private.__fstat50	other	no	no
std.c.private.__getdents30	other	no	no
std.c.private.__getdirentries64	other	no	no
std.c.private.__getrusage50	other	no	no
std.c.private.__gettimeofday50	other	no	no
std.c.private.__libc_current_sigrtmax	none	no	no
std.c.private.__libc_current_sigrtmin	none	no	no
std.c.private.__libc_thr_yield	none	no	no
std.c.private.__msync13	other	no	no
std.c.private.__nanosleep50	other	no	no
std.c.private.__sigaction14	other	no	no
std.c.private.__sigaltstack14	other	no	no
std.c.private.__sigemptyset14	other	no	no
std.c.private.__sigfillset14	other	no	no
std.c.private.__sigprocmask14	other	no	no
std.c.private.__socket30	other	no	no
std.c.private.__stat50	other	no	no
std.c.private.__wait450	other	no	no
std.c.private._errno	none	no	no
std.c.private._msize	other	no	no
std.c.private.arc4random_buf	other	no	no
std.c.private.clock_getres	other	no	no
std.c.private.clock_gettime	other	no	no
std.c.private.clock_nanosleep	other	no	no
std.c.private.close	other	no	no
std.c.private.copy_file_range	other	no	no
std.c.private.errnoFromThreadLocal	none	no	no
std.c.private.flock	other	no	no
std.c.private.fork	none	no	no
std.c.private.fstat	other	no	no
std.c.private.fstatat	other	no	no
std.c.private.getdents	other	no	no
std.c.private.getdirentries	other	no	no
std.c.private.getentropy	other	no	no
std.c.private.getrandom	other	no	no
std.c.private.getrusage	other	no	no
std.c.private.gettimeofday	other	no	no
std.c.private.ioctl	other	no	no
std.c.private.malloc_size	other	no	no
std.c.private.malloc_usable_size	other	no	no
std.c.private.mlock	other	no	no
std.c.private.mlock2	other	no	no
std.c.private.mlockall	other	no	no
std.c.private.msync	other	no	no
std.c.private.munlock	other	no	no
std.c.private.munlockall	none	no	no
std.c.private.nanosleep	other	no	no
std.c.private.pipe2	other	no	no
std.c.private.posix_memalign	other	no	no
std.c.private.pthread_setname_np	other	no	no
std.c.private.pthread_threadid_np	other	no	no
std.c.private.ptrace	other	no	no
std.c.private.readdir	other	no	no
std.c.private.realpath	other	no	no
std.c.private.recvmsg	other	no	no
std.c.private.sched_yield	none	no	no
std.c.private.sendfile	other	no	no
std.c.private.shm_open	other	no	no
std.c.private.sigaction	other	no	no
std.c.private.sigaddset	other	no	no
std.c.private.sigaltstack	other	no	no
std.c.private.sigdelset	other	no	no
std.c.private.sigemptyset	other	no	no
std.c.private.sigfillset	other	no	no
std.c.private.sigismember	other	no	no
std.c.private.sigprocmask	other	no	no
std.c.private.socket	other	no	no
std.c.private.socketpair	other	no	no
std.c.private.sysconf	other	no	no
std.c.private.wait4	other	no	no
std.c.prlimit	other	no	no
std.c.pthread_atfork	other	no	no
std.c.pthread_attr_destroy	other	no	no
std.c.pthread_attr_init	other	no	no
std.c.pthread_attr_setguardsize	other	no	no
std.c.pthread_attr_setstack	other	no	no
std.c.pthread_attr_setstacksize	other	no	no
std.c.pthread_cancel	other	no	no
std.c.pthread_cond_broadcast	other	no	no
std.c.pthread_cond_destroy	other	no	no
std.c.pthread_cond_signal	other	no	no
std.c.pthread_cond_timedwait	other	no	no
std.c.pthread_cond_wait	other	no	no
std.c.pthread_create	other	no	no
std.c.pthread_detach	other	no	no
std.c.pthread_exit	other	no	no
std.c.pthread_get_name_np	other	no	no
std.c.pthread_getname_np	other	no	no
std.c.pthread_getspecific	other	no	no
std.c.pthread_getthreadid_np	none	no	no
std.c.pthread_join	other	no	no
std.c.pthread_key_create	other	no	no
std.c.pthread_key_delete	other	no	no
std.c.pthread_kill	other	no	no
std.c.pthread_mutex_destroy	other	no	no
std.c.pthread_mutex_lock	other	no	no
std.c.pthread_mutex_trylock	other	no	no
std.c.pthread_mutex_unlock	other	no	no
std.c.pthread_rwlock_destroy	other	no	no
std.c.pthread_rwlock_rdlock	other	no	no
std.c.pthread_rwlock_tryrdlock	other	no	no
std.c.pthread_rwlock_trywrlock	other	no	no
std.c.pthread_rwlock_unlock	other	no	no
std.c.pthread_rwlock_wrlock	other	no	no
std.c.pthread_self	none	no	no
std.c.pthread_set_name_np	other	no	no
std.c.pthread_setcancelstate	other	no	no
std.c.pthread_setspecific	other	no	no
std.c.pthread_sigmask	other	no	no
std.c.pwrite	other	no	no
std.c.pwrite64	other	no	no
std.c.pwritev	other	no	no
std.c.pwritev64	other	no	no
std.c.raise	other	no	no
std.c.read	other	no	no
std.c.readlink	other	no	no
std.c.readlinkat	other	no	no
std.c.readv	other	no	no
std.c.realloc	other	no	no
std.c.recv	other	no	no
std.c.recvfrom	other	no	no
std.c.rename	other	no	no
std.c.renameat	other	no	no
std.c.rewinddir	other	no	no
std.c.rmdir	other	no	no
std.c.sched_getaffinity	other	no	no
std.c.seekdir	other	no	no
std.c.sem_close	other	no	no
std.c.sem_destroy	other	no	no
std.c.sem_getvalue	other	no	no
std.c.sem_init	other	no	no
std.c.sem_open	other	no	no
std.c.sem_post	other	no	no
std.c.sem_timedwait	other	no	no
std.c.sem_trywait	other	no	no
std.c.sem_wait	other	no	no
std.c.send	other	no	no
std.c.sendfile64	other	no	no
std.c.sendmmsg	other	no	no
std.c.sendmsg	other	no	no
std.c.sendto	other	no	no
std.c.serenity.anon_create	other	no	no
std.c.serenity.disown	other	no	no
std.c.serenity.futex	other	no	no
std.c.serenity.futex_wait	other	no	no
std.c.serenity.futex_wake	other	no	no
std.c.serenity.get_stack_bounds	other	no	no
std.c.serenity.getkeymap	other	no	no
std.c.serenity.perf_event	other	no	no
std.c.serenity.perf_register_string	other	no	no
std.c.serenity.profiling_disable	other	no	no
std.c.serenity.profiling_enable	other	no	no
std.c.serenity.profiling_free_buffer	other	no	no
std.c.serenity.purge	other	no	no
std.c.serenity.serenity_open	other	no	no
std.c.serenity.serenity_readlink	other	no	no
std.c.serenity.setkeymap	other	no	no
std.c.setegid	other	no	no
std.c.seteuid	other	no	no
std.c.setgid	other	no	no
std.c.setgrent	none	no	no
std.c.setlocale	other	no	no
std.c.setlogmask	other	no	no
std.c.setpgid	other	no	no
std.c.setpwent	none	no	no
std.c.setregid	other	no	no
std.c.setresgid	other	no	no
std.c.setresuid	other	no	no
std.c.setreuid	other	no	no
std.c.setrlimit	other	no	no
std.c.setrlimit64	other	no	no
std.c.setsid	none	no	no
std.c.setsockopt	other	no	no
std.c.setuid	other	no	no
std.c.shm_unlink	other	no	no
std.c.shutdown	other	no	no
std.c.signalfd	other	no	no
std.c.sigrt_private.sigrtmax	none	no	no
std.c.sigrt_private.sigrtmin	none	no	no
std.c.sigwait	other	no	no
std.c.statx	other	no	no
std.c.symlink	other	no	no
std.c.symlinkat	other	no	no
std.c.sync	none	no	no
std.c.syncfs	other	no	no
std.c.sysctl	other	no	no
std.c.sysctlbyname	other	no	no
std.c.sysctlnametomib	other	no	no
std.c.syslog	other	no	no
std.c.tcgetattr	other	no	no
std.c.tcsetattr	other	no	no
std.c.telldir	other	no	no
std.c.timerfd_create	other	no	no
std.c.timerfd_gettime	other	no	no
std.c.timerfd_settime	other	no	no
std.c.umask	other	no	no
std.c.uname	other	no	no
std.c.unlink	other	no	no
std.c.unlinkat	other	no	no
std.c.utimensat	other	no	no
std.c.utimes	other	no	no
std.c.versionCheck	other	no	yes
std.c.waitpid	other	no	no
std.c.write	other	no	no
std.c.writev	other	no	no
std.coff.Coff.getDataDirectories	self	no	no
std.coff.Coff.getHeader	self	no	no
std.coff.Coff.getImageBase	self	no	no
std.coff.Coff.getNumberOfDataDirectories	self	no	no
std.coff.Coff.getOptionalHeader	self	no	no
std.coff.Coff.getOptionalHeader32	self	no	no
std.coff.Coff.getOptionalHeader64	self	no	no
std.coff.Coff.getPdbPath	self	no	no
std.coff.Coff.getSectionByName	self	no	yes
std.coff.Coff.getSectionData	self	no	no
std.coff.Coff.getSectionDataAlloc	self	no	no
std.coff.Coff.getSectionHeaders	self	no	no
std.coff.Coff.getSectionHeadersAlloc	self	no	no
std.coff.Coff.getSectionName	self	no	no
std.coff.Coff.getStrtab	self	no	no
std.coff.Coff.getSymtab	self	no	no
std.coff.Coff.init	other	no	no
std.coff.Coff.strtabRequired	self	no	no
std.coff.FileDefinition.getFileName	self	no	no
std.coff.ImportLookupEntry32.getImportByName	other	no	no
std.coff.ImportLookupEntry32.getImportByOrdinal	other	no	no
std.coff.ImportLookupEntry64.getImportByName	other	no	no
std.coff.ImportLookupEntry64.getImportByOrdinal	other	no	no
std.coff.SectionHeader.Flags.Align.fromByteUnits	other	no	no
std.coff.SectionHeader.Flags.Align.toByteUnits	other	no	no
std.coff.SectionHeader.getAlignment	self	no	no
std.coff.SectionHeader.getName	self	no	no
std.coff.SectionHeader.getNameOffset	self	no	no
std.coff.SectionHeader.isCode	self	no	no
std.coff.SectionHeader.isComdat	self	no	no
std.coff.SectionHeader.setAlignment	self	no	no
std.coff.Strtab.get	self	no	no
std.coff.Symbol.getName	self	no	no
std.coff.Symbol.getNameOffset	self	no	no
std.coff.Symbol.sizeOf	none	no	no
std.coff.Symtab.Slice.next	self	no	no
std.coff.Symtab.asDebugInfo	other	no	no
std.coff.Symtab.asFileDef	other	no	no
std.coff.Symtab.asFuncDef	other	no	no
std.coff.Symtab.asSectDef	other	no	no
std.coff.Symtab.asSymbol	other	no	no
std.coff.Symtab.asWeakExtDef	other	no	no
std.coff.Symtab.at	self	no	no
std.coff.Symtab.len	self	no	no
std.coff.Symtab.slice	self	no	no
std.coff.WeakExternalDefinition.sizeOf	none	no	no
std.compress.flate.Compress.BitWriter.byteAlign	other	no	no
std.compress.flate.Compress.BitWriter.byteAlignBlocks	other	no	no
std.compress.flate.Compress.BitWriter.init	other	no	no
std.compress.flate.Compress.BitWriter.write	other	no	no
std.compress.flate.Compress.BitWriter.writeClen	other	no	no
std.compress.flate.Compress.BlockHeader.Dynamic.int	other	no	no
std.compress.flate.Compress.BlockHeader.int	other	no	no
std.compress.flate.Compress.Huffman.drain	other	no	no
std.compress.flate.Compress.Huffman.finish	other	no	no
std.compress.flate.Compress.Huffman.flush	other	no	no
std.compress.flate.Compress.Huffman.init	other	no	no
std.compress.flate.Compress.Huffman.outputBytes	other	no	no
std.compress.flate.Compress.Huffman.outputHeader	other	no	no
std.compress.flate.Compress.Huffman.rebase	other	no	no
std.compress.flate.Compress.Huffman.rebaseInner	other	no	no
std.compress.flate.Compress.PackedContainer.val	other	no	no
std.compress.flate.Compress.PackedOptionalU15.int	other	no	no
std.compress.flate.Compress.Raw.drain	other	no	no
std.compress.flate.Compress.Raw.finish	other	no	no
std.compress.flate.Compress.Raw.flush	other	no	no
std.compress.flate.Compress.Raw.init	other	no	no
std.compress.flate.Compress.Raw.rebase	other	no	no
std.compress.flate.Compress.Raw.rebaseInner	other	no	no
std.compress.flate.Compress.addHash	other	no	no
std.compress.flate.Compress.betterMatchLen	other	no	no
std.compress.flate.Compress.buildClen	other	no	no
std.compress.flate.Compress.clenHlen	other	no	no
std.compress.flate.Compress.countVec	other	no	no
std.compress.flate.Compress.drain	other	no	no
std.compress.flate.Compress.finish	other	no	no
std.compress.flate.Compress.flush	other	no	no
std.compress.flate.Compress.fuzzedHuffmanDrainSpaceLimit	other	no	no
std.compress.flate.Compress.hash	other	no	no
std.compress.flate.Compress.huffman.Node.smaller	other	no	no
std.compress.flate.Compress.huffman.build	other	no	no
std.compress.flate.Compress.huffman.buildBits	other	no	no
std.compress.flate.Compress.huffman.buildValues	other	no	no
std.compress.flate.Compress.huffman.checkFuzzedBuildFreqs	other	no	no
std.compress.flate.Compress.huffman.heapRemoveRoot	other	no	no
std.compress.flate.Compress.huffman.heapSiftDown	other	no	no
std.compress.flate.Compress.init	other	no	no
std.compress.flate.Compress.matchAndAddHash	other	no	no
std.compress.flate.Compress.outputBytes	other	no	no
std.compress.flate.Compress.outputMatch	other	no	no
std.compress.flate.Compress.rebase	other	no	no
std.compress.flate.Compress.rebaseInner	other	no	no
std.compress.flate.Compress.testFuzzedCompressInput	other	no	no
std.compress.flate.Compress.testFuzzedHuffmanInput	other	no	no
std.compress.flate.Compress.testFuzzedMatchLen	other	no	no
std.compress.flate.Compress.testFuzzedRawInput	other	no	no
std.compress.flate.Compress.testingCheckContainerHash	other	no	no
std.compress.flate.Compress.testingCheckDecompressedMatches	other	no	no
std.compress.flate.Compress.testingFreqBufs	none	no	no
std.compress.flate.Compress.token.LookupDistCode.base	other	no	no
std.compress.flate.Compress.token.LookupDistCode.extraBits	other	no	no
std.compress.flate.Compress.token.LookupDistCode.fromInt	other	no	no
std.compress.flate.Compress.token.LookupDistCode.fromVal	other	no	no
std.compress.flate.Compress.token.LookupDistCode.toInt	other	no	no
std.compress.flate.Compress.token.LookupLenCode.base	other	no	no
std.compress.flate.Compress.token.LookupLenCode.extraBits	other	no	no
std.compress.flate.Compress.token.LookupLenCode.fromInt	other	no	no
std.compress.flate.Compress.token.LookupLenCode.fromVal	other	no	no
std.compress.flate.Compress.token.LookupLenCode.toInt	other	no	no
std.compress.flate.Compress.token.ShortCode	other	no	no
std.compress.flate.Compress.token.ShortCode().base	other	no	no
std.compress.flate.Compress.token.ShortCode().extraBits	other	no	no
std.compress.flate.Compress.token.ShortCode().fromInt	other	no	no
std.compress.flate.Compress.token.ShortCode().fromVal	other	no	no
std.compress.flate.Compress.token.ShortCode().toInt	other	no	no
std.compress.flate.Compress.writeBlock	other	no	no
std.compress.flate.Container.Hasher.container	other	no	no
std.compress.flate.Container.Hasher.init	other	no	no
std.compress.flate.Container.Hasher.update	other	no	no
std.compress.flate.Container.Hasher.writeFooter	other	yes	no
std.compress.flate.Container.Metadata.container	other	no	no
std.compress.flate.Container.Metadata.init	other	no	no
std.compress.flate.Container.footerSize	other	no	no
std.compress.flate.Container.header	other	no	no
std.compress.flate.Container.headerSize	other	no	no
std.compress.flate.Container.size	other	no	no
std.compress.flate.Decompress.HuffmanDecoder	other	no	yes
std.compress.flate.Decompress.HuffmanDecoder().checkCompleteness	other	no	no
std.compress.flate.Decompress.HuffmanDecoder().find	self	no	no
std.compress.flate.Decompress.HuffmanDecoder().findLinked	self	no	no
std.compress.flate.Decompress.HuffmanDecoder().generate	self	no	no
std.compress.flate.Decompress.HuffmanDecoder().reverseIdx	other	no	no
std.compress.flate.Decompress.alignBitsForward	other	no	no
std.compress.flate.Decompress.decodeDistance	self	no	no
std.compress.flate.Decompress.decodeLength	self	no	no
std.compress.flate.Decompress.decodeSymbol	self	no	yes
std.compress.flate.Decompress.discardDirect	other	yes	no
std.compress.flate.Decompress.discardIndirect	other	yes	no
std.compress.flate.Decompress.dynamicCodeLength	self	no	no
std.compress.flate.Decompress.init	other	no	no
std.compress.flate.Decompress.peekBits	other	no	no
std.compress.flate.Decompress.peekBitsEnding	other	no	no
std.compress.flate.Decompress.peekBitsShort	other	no	no
std.compress.flate.Decompress.peekBitsShortEnding	other	no	no
std.compress.flate.Decompress.peekIntBitsShort	other	no	no
std.compress.flate.Decompress.readFixedCode	other	no	no
std.compress.flate.Decompress.readVec	other	no	no
std.compress.flate.Decompress.rebase	other	no	no
std.compress.flate.Decompress.rebaseFallible	other	no	no
std.compress.flate.Decompress.streamDirect	other	yes	no
std.compress.flate.Decompress.streamFallible	other	yes	no
std.compress.flate.Decompress.streamIndirect	other	yes	no
std.compress.flate.Decompress.streamIndirectInner	other	no	no
std.compress.flate.Decompress.streamInner	other	yes	no
std.compress.flate.Decompress.takeBits	other	no	no
std.compress.flate.Decompress.takeIntBits	other	no	no
std.compress.flate.Decompress.testDecompress	other	no	no
std.compress.flate.Decompress.testFailure	other	no	no
std.compress.flate.Decompress.tossBits	other	no	no
std.compress.flate.Decompress.tossBitsShort	other	no	no
std.compress.flate.Decompress.writeMatch	other	no	no
std.compress.lzma.Decode.BitTree	other	no	yes
std.compress.lzma.Decode.BitTree().parse	self	no	no
std.compress.lzma.Decode.BitTree().parseReverse	self	no	no
std.compress.lzma.Decode.BitTree().reset	self	no	no
std.compress.lzma.Decode.CircularBuffer.appendLiteral	self	no	no
std.compress.lzma.Decode.CircularBuffer.appendLz	self	no	no
std.compress.lzma.Decode.CircularBuffer.deinit	self	no	no
std.compress.lzma.Decode.CircularBuffer.finish	self	no	no
std.compress.lzma.Decode.CircularBuffer.get	self	no	no
std.compress.lzma.Decode.CircularBuffer.init	other	no	no
std.compress.lzma.Decode.CircularBuffer.lastN	self	no	no
std.compress.lzma.Decode.CircularBuffer.lastOr	self	no	no
std.compress.lzma.Decode.CircularBuffer.set	self	no	no
std.compress.lzma.Decode.LenDecoder.decode	self	no	no
std.compress.lzma.Decode.LenDecoder.reset	self	no	no
std.compress.lzma.Decode.Params.readHeader	other	no	no
std.compress.lzma.Decode.Properties.validate	self	no	no
std.compress.lzma.Decode.Vec2d.deinit	other	no	no
std.compress.lzma.Decode.Vec2d.fill	other	no	no
std.compress.lzma.Decode.Vec2d.get	other	no	no
std.compress.lzma.Decode.Vec2d.init	allocator	no	no
std.compress.lzma.Decode.decodeDistance	self	no	no
std.compress.lzma.Decode.decodeLiteral	self	no	yes
std.compress.lzma.Decode.deinit	self	no	no
std.compress.lzma.Decode.init	allocator	no	no
std.compress.lzma.Decode.process	self	no	yes
std.compress.lzma.Decode.resetState	self	no	no
std.compress.lzma.Decompress.deinit	other	no	no
std.compress.lzma.Decompress.discard	other	yes	no
std.compress.lzma.Decompress.initOptions	other	no	no
std.compress.lzma.Decompress.initParams	other	no	no
std.compress.lzma.Decompress.readIndirect	other	no	no
std.compress.lzma.Decompress.readVec	other	no	no
std.compress.lzma.Decompress.stream	other	yes	no
std.compress.lzma.Decompress.takeBuffer	other	no	no
std.compress.lzma.RangeDecoder.decodeBit	self	no	no
std.compress.lzma.RangeDecoder.get	self	no	no
std.compress.lzma.RangeDecoder.getBit	self	no	no
std.compress.lzma.RangeDecoder.init	other	no	no
std.compress.lzma.RangeDecoder.initCounting	other	no	no
std.compress.lzma.RangeDecoder.isFinished	self	no	no
std.compress.lzma.RangeDecoder.normalize	self	no	no
std.compress.lzma.RangeDecoder.parseBitTree	self	no	no
std.compress.lzma.RangeDecoder.parseReverseBitTree	self	no	no
std.compress.lzma2.AccumBuffer.appendByte	self	no	no
std.compress.lzma2.AccumBuffer.appendLiteral	self	no	no
std.compress.lzma2.AccumBuffer.appendLz	self	no	no
std.compress.lzma2.AccumBuffer.deinit	self	no	no
std.compress.lzma2.AccumBuffer.finish	self	no	no
std.compress.lzma2.AccumBuffer.init	other	no	no
std.compress.lzma2.AccumBuffer.lastN	self	no	no
std.compress.lzma2.AccumBuffer.lastOr	self	no	no
std.compress.lzma2.AccumBuffer.reset	self	no	no
std.compress.lzma2.Decode.decompress	other	no	no
std.compress.lzma2.Decode.deinit	self	no	no
std.compress.lzma2.Decode.init	allocator	no	no
std.compress.lzma2.Decode.parseLzma	other	no	no
std.compress.lzma2.Decode.parseUncompressed	other	no	no
std.compress.xz.Decompress.countLeb128	other	no	yes
std.compress.xz.Decompress.deinit	other	no	no
std.compress.xz.Decompress.discard	other	yes	no
std.compress.xz.Decompress.finish	other	no	no
std.compress.xz.Decompress.init	other	no	no
std.compress.xz.Decompress.readBlock	other	no	no
std.compress.xz.Decompress.readIndirect	other	no	no
std.compress.xz.Decompress.readVec	other	no	no
std.compress.xz.Decompress.stream	other	yes	no
std.compress.xz.Decompress.takeBuffer	other	no	no
std.compress.zstd.Decompress.BitReader.alignToByte	self	no	no
std.compress.zstd.Decompress.BitReader.initBits	other	no	yes
std.compress.zstd.Decompress.BitReader.readBits	self	no	yes
std.compress.zstd.Decompress.BitReader.readBitsNoEof	self	no	yes
std.compress.zstd.Decompress.BitReader.readBitsTuple	self	no	yes
std.compress.zstd.Decompress.BitReader.removeBits	self	no	no
std.compress.zstd.Decompress.BitReader.takeByte	other	no	no
std.compress.zstd.Decompress.Bits	other	no	yes
std.compress.zstd.Decompress.Frame.Magic.isSkippable	other	no	no
std.compress.zstd.Decompress.Frame.Magic.kind	other	no	no
std.compress.zstd.Decompress.Frame.Zstandard.Decode.StateData	other	no	yes
std.compress.zstd.Decompress.Frame.Zstandard.Decode.decodeLiterals	other	no	no
std.compress.zstd.Decompress.Frame.Zstandard.Decode.decodeSequence	other	no	no
std.compress.zstd.Decompress.Frame.Zstandard.Decode.getCode	self	no	yes
std.compress.zstd.Decompress.Frame.Zstandard.Decode.initLiteralStream	self	no	no
std.compress.zstd.Decompress.Frame.Zstandard.Decode.isLiteralStreamEmpty	self	no	no
std.compress.zstd.Decompress.Frame.Zstandard.Decode.nextLiteralMultiStream	self	no	no
std.compress.zstd.Decompress.Frame.Zstandard.Decode.nextSequence	self	no	no
std.compress.zstd.Decompress.Frame.Zstandard.Decode.prepare	self	no	no
std.compress.zstd.Decompress.Frame.Zstandard.Decode.readInitialFseState	self	no	no
std.compress.zstd.Decompress.Frame.Zstandard.Decode.readLiteralsBits	self	no	no
std.compress.zstd.Decompress.Frame.Zstandard.Decode.updateFseTable	self	no	yes
std.compress.zstd.Decompress.Frame.Zstandard.Decode.updateRepeatOffset	self	no	no
std.compress.zstd.Decompress.Frame.Zstandard.Decode.updateState	self	no	yes
std.compress.zstd.Decompress.Frame.Zstandard.Decode.useRepeatOffset	self	no	no
std.compress.zstd.Decompress.Frame.Zstandard.Header.decode	other	no	no
std.compress.zstd.Decompress.Frame.Zstandard.Header.windowSize	other	no	no
std.compress.zstd.Decompress.Frame.init	other	no	no
std.compress.zstd.Decompress.LiteralsSection.Header.decode	other	no	no
std.compress.zstd.Decompress.LiteralsSection.HuffmanTree.assignSymbols	other	no	no
std.compress.zstd.Decompress.LiteralsSection.HuffmanTree.assignWeights	other	no	no
std.compress.zstd.Decompress.LiteralsSection.HuffmanTree.build	other	no	no
std.compress.zstd.Decompress.LiteralsSection.HuffmanTree.decode	other	no	no
std.compress.zstd.Decompress.LiteralsSection.HuffmanTree.decodeDirect	other	no	no
std.compress.zstd.Decompress.LiteralsSection.HuffmanTree.decodeFse	other	no	no
std.compress.zstd.Decompress.LiteralsSection.HuffmanTree.lessThanByWeight	other	no	no
std.compress.zstd.Decompress.LiteralsSection.HuffmanTree.query	self	no	no
std.compress.zstd.Decompress.LiteralsSection.HuffmanTree.weightToBitCount	other	no	no
std.compress.zstd.Decompress.LiteralsSection.Streams.decode	other	no	no
std.compress.zstd.Decompress.LiteralsSection.decode	other	no	no
std.compress.zstd.Decompress.LiteralsSection.streamCount	other	no	no
std.compress.zstd.Decompress.ReverseBitReader.init	other	no	no
std.compress.zstd.Decompress.ReverseBitReader.initBits	other	no	yes
std.compress.zstd.Decompress.ReverseBitReader.isEmpty	self	no	no
std.compress.zstd.Decompress.ReverseBitReader.readBits	self	no	yes
std.compress.zstd.Decompress.ReverseBitReader.readBitsNoEof	self	no	yes
std.compress.zstd.Decompress.ReverseBitReader.readBitsTuple	self	no	yes
std.compress.zstd.Decompress.ReverseBitReader.removeBits	self	no	no
std.compress.zstd.Decompress.ReverseBitReader.takeByte	other	no	no
std.compress.zstd.Decompress.SequencesSection.Header.decode	other	no	no
std.compress.zstd.Decompress.Table.build	other	no	no
std.compress.zstd.Decompress.Table.decode	other	no	no
std.compress.zstd.Decompress.discardDirect	other	yes	no
std.compress.zstd.Decompress.discardIndirect	other	yes	no
std.compress.zstd.Decompress.init	other	no	no
std.compress.zstd.Decompress.initFrame	other	no	no
std.compress.zstd.Decompress.readInFrame	other	no	no
std.compress.zstd.Decompress.readVec	other	no	no
std.compress.zstd.Decompress.rebase	other	no	no
std.compress.zstd.Decompress.rebaseFallible	other	no	no
std.compress.zstd.Decompress.rebaseForDiscard	other	yes	no
std.compress.zstd.Decompress.stream	other	no	no
std.compress.zstd.Decompress.streamDirect	other	yes	no
std.compress.zstd.Decompress.streamIndirect	other	yes	no
std.compress.zstd.Decompress.streamIndirectInner	other	no	no
std.compress.zstd.testDecompress	allocator	no	no
std.compress.zstd.testDiscard	allocator	no	no
std.compress.zstd.testExpectDecompress	other	no	no
std.compress.zstd.testExpectDecompressError	other	no	no
std.crypto.Certificate.Algorithm.Hash	other	no	yes
std.crypto.Certificate.Bundle.MapContext.eql	other	no	no
std.crypto.Certificate.Bundle.MapContext.hash	other	no	no
std.crypto.Certificate.Bundle.addCertsFromDir	other	yes	no
std.crypto.Certificate.Bundle.addCertsFromDirPath	other	yes	no
std.crypto.Certificate.Bundle.addCertsFromDirPathAbsolute	other	yes	no
std.crypto.Certificate.Bundle.addCertsFromFile	other	yes	no
std.crypto.Certificate.Bundle.addCertsFromFilePath	other	yes	no
std.crypto.Certificate.Bundle.addCertsFromFilePathAbsolute	other	yes	no
std.crypto.Certificate.Bundle.deinit	other	no	no
std.crypto.Certificate.Bundle.find	other	no	no
std.crypto.Certificate.Bundle.parseCert	other	no	no
std.crypto.Certificate.Bundle.rescan	other	yes	no
std.crypto.Certificate.Bundle.rescanLinux	other	yes	no
std.crypto.Certificate.Bundle.rescanMac	other	yes	no
std.crypto.Certificate.Bundle.rescanWindows	other	yes	no
std.crypto.Certificate.Bundle.rescanWithPath	other	yes	no
std.crypto.Certificate.Bundle.verify	other	no	no
std.crypto.Certificate.Date.toSeconds	other	no	no
std.crypto.Certificate.NamedCurve.Curve	other	no	yes
std.crypto.Certificate.Parsed.checkHostName	other	no	no
std.crypto.Certificate.Parsed.commonName	other	no	no
std.crypto.Certificate.Parsed.issuer	other	no	no
std.crypto.Certificate.Parsed.message	other	no	no
std.crypto.Certificate.Parsed.pubKey	other	no	no
std.crypto.Certificate.Parsed.signature	other	no	no
std.crypto.Certificate.Parsed.slice	other	no	no
std.crypto.Certificate.Parsed.subject	other	no	no
std.crypto.Certificate.Parsed.subjectAltName	other	no	no
std.crypto.Certificate.Parsed.verify	other	no	no
std.crypto.Certificate.Parsed.verifyHostName	other	no	no
std.crypto.Certificate.contents	other	no	no
std.crypto.Certificate.der.Element.parse	other	no	no
std.crypto.Certificate.parse	other	no	no
std.crypto.Certificate.parseAlgorithm	other	no	no
std.crypto.Certificate.parseAlgorithmCategory	other	no	no
std.crypto.Certificate.parseAttribute	other	no	no
std.crypto.Certificate.parseBitString	other	no	no
std.crypto.Certificate.parseEnum	other	no	yes
std.crypto.Certificate.parseExtensionId	other	no	no
std.crypto.Certificate.parseNamedCurve	other	no	no
std.crypto.Certificate.parseTime	other	no	no
std.crypto.Certificate.parseTimeDigits	other	no	no
std.crypto.Certificate.parseVersion	other	no	no
std.crypto.Certificate.parseYear4	other	no	no
std.crypto.Certificate.rsa.PKCS1v1_5Signature.EMSA_PKCS1_V1_5_ENCODE	other	no	yes
std.crypto.Certificate.rsa.PKCS1v1_5Signature.concatVerify	other	no	yes
std.crypto.Certificate.rsa.PKCS1v1_5Signature.fromBytes	other	no	yes
std.crypto.Certificate.rsa.PKCS1v1_5Signature.verify	other	no	yes
std.crypto.Certificate.rsa.PSSSignature.EMSA_PSS_VERIFY	other	no	yes
std.crypto.Certificate.rsa.PSSSignature.MGF1	other	no	yes
std.crypto.Certificate.rsa.PSSSignature.concatVerify	other	no	yes
std.crypto.Certificate.rsa.PSSSignature.fromBytes	other	no	yes
std.crypto.Certificate.rsa.PSSSignature.verify	other	no	yes
std.crypto.Certificate.rsa.PublicKey.fromBytes	other	no	no
std.crypto.Certificate.rsa.PublicKey.parseDer	other	no	no
std.crypto.Certificate.rsa.encrypt	other	no	yes
std.crypto.Certificate.verify	other	no	no
std.crypto.Certificate.verifyEd25519	other	no	no
std.crypto.Certificate.verifyRsa	other	no	yes
std.crypto.Certificate.verify_ecdsa	other	no	yes
std.crypto.aead.aegis.variants.Aegis128XGeneric	other	no	yes
std.crypto.aead.aegis.variants.Aegis128XGeneric().decrypt	other	no	no
std.crypto.aead.aegis.variants.Aegis128XGeneric().encrypt	other	no	no
std.crypto.aead.aegis.variants.Aegis256XGeneric	other	no	yes
std.crypto.aead.aegis.variants.Aegis256XGeneric().decrypt	other	no	no
std.crypto.aead.aegis.variants.Aegis256XGeneric().encrypt	other	no	no
std.crypto.aead.aegis.variants.AegisMac	other	no	yes
std.crypto.aead.aegis.variants.AegisMac().create	other	no	no
std.crypto.aead.aegis.variants.AegisMac().createWithNonce	other	no	no
std.crypto.aead.aegis.variants.AegisMac().final	self	no	no
std.crypto.aead.aegis.variants.AegisMac().init	other	no	no
std.crypto.aead.aegis.variants.AegisMac().initWithNonce	other	no	no
std.crypto.aead.aegis.variants.AegisMac().update	self	no	no
std.crypto.aead.aegis.variants.State128X	other	no	yes
std.crypto.aead.aegis.variants.State128X().absorb	other	no	no
std.crypto.aead.aegis.variants.State128X().dec	other	no	no
std.crypto.aead.aegis.variants.State128X().decLast	other	no	no
std.crypto.aead.aegis.variants.State128X().enc	other	no	no
std.crypto.aead.aegis.variants.State128X().finalize	other	no	yes
std.crypto.aead.aegis.variants.State128X().finalizeMac	other	no	yes
std.crypto.aead.aegis.variants.State128X().init	other	no	no
std.crypto.aead.aegis.variants.State128X().update	other	no	no
std.crypto.aead.aegis.variants.State256X	other	no	yes
std.crypto.aead.aegis.variants.State256X().absorb	other	no	no
std.crypto.aead.aegis.variants.State256X().dec	other	no	no
std.crypto.aead.aegis.variants.State256X().decLast	other	no	no
std.crypto.aead.aegis.variants.State256X().enc	other	no	no
std.crypto.aead.aegis.variants.State256X().finalize	other	no	yes
std.crypto.aead.aegis.variants.State256X().finalizeMac	other	no	yes
std.crypto.aead.aegis.variants.State256X().init	other	no	no
std.crypto.aead.aegis.variants.State256X().update	other	no	no
std.crypto.aead.aes_ccm.AesCcm	other	no	yes
std.crypto.aead.aes_ccm.AesCcm().computeCbcMac	other	no	no
std.crypto.aead.aes_ccm.AesCcm().decrypt	other	no	no
std.crypto.aead.aes_ccm.AesCcm().encodeAdLength	other	no	no
std.crypto.aead.aes_ccm.AesCcm().encrypt	other	no	no
std.crypto.aead.aes_ccm.AesCcm().formatB0Block	other	no	no
std.crypto.aead.aes_ccm.AesCcm().formatCtrBlock	other	no	no
std.crypto.aead.aes_ccm.cbc_mac.CbcMac	other	no	yes
std.crypto.aead.aes_ccm.cbc_mac.CbcMac().create	other	no	no
std.crypto.aead.aes_ccm.cbc_mac.CbcMac().final	self	no	no
std.crypto.aead.aes_ccm.cbc_mac.CbcMac().init	other	no	no
std.crypto.aead.aes_ccm.cbc_mac.CbcMac().update	self	no	no
std.crypto.aead.ascon.AsconAead128.AeadState.finalize	self	no	no
std.crypto.aead.ascon.AsconAead128.AeadState.init	other	no	no
std.crypto.aead.ascon.AsconAead128.AeadState.processAd	self	no	no
std.crypto.aead.ascon.AsconAead128.decrypt	other	no	no
std.crypto.aead.ascon.AsconAead128.encrypt	other	no	no
std.crypto.aead.isap.IsapA128A.absorb	other	no	no
std.crypto.aead.isap.IsapA128A.decrypt	other	no	no
std.crypto.aead.isap.IsapA128A.encrypt	other	no	no
std.crypto.aead.isap.IsapA128A.mac	other	no	no
std.crypto.aead.isap.IsapA128A.trickle	other	no	yes
std.crypto.aead.isap.IsapA128A.xor	other	no	no
std.crypto.aead.salsa_poly.XSalsa20Poly1305.decrypt	other	no	no
std.crypto.aead.salsa_poly.XSalsa20Poly1305.encrypt	other	no	no
std.crypto.auth.cmac.Cmac	other	no	yes
std.crypto.auth.cmac.Cmac().create	other	no	no
std.crypto.auth.cmac.Cmac().double	other	no	no
std.crypto.auth.cmac.Cmac().final	self	no	no
std.crypto.auth.cmac.Cmac().init	other	no	no
std.crypto.auth.cmac.Cmac().update	self	no	no
std.crypto.auth.hmac.Hmac	other	no	yes
std.crypto.auth.hmac.Hmac().create	other	no	no
std.crypto.auth.hmac.Hmac().final	other	no	no
std.crypto.auth.hmac.Hmac().init	other	no	no
std.crypto.auth.hmac.Hmac().update	other	no	no
std.crypto.auth.siphash.SipHash	other	no	yes
std.crypto.auth.siphash.SipHash().create	other	no	no
std.crypto.auth.siphash.SipHash().final	self	no	no
std.crypto.auth.siphash.SipHash().finalInt	self	no	no
std.crypto.auth.siphash.SipHash().finalResult	self	no	no
std.crypto.auth.siphash.SipHash().init	other	no	no
std.crypto.auth.siphash.SipHash().peek	self	no	no
std.crypto.auth.siphash.SipHash().toInt	other	no	no
std.crypto.auth.siphash.SipHash().update	self	no	no
std.crypto.auth.siphash.SipHash128	other	no	yes
std.crypto.auth.siphash.SipHash64	other	no	yes
std.crypto.auth.siphash.SipHashStateless	other	no	yes
std.crypto.auth.siphash.SipHashStateless().final	self	no	no
std.crypto.auth.siphash.SipHashStateless().hash	other	no	no
std.crypto.auth.siphash.SipHashStateless().init	other	no	no
std.crypto.auth.siphash.SipHashStateless().round	self	no	no
std.crypto.auth.siphash.SipHashStateless().sipRound	other	no	no
std.crypto.auth.siphash.SipHashStateless().update	self	no	no
std.crypto.codecs.asn1.Any.decodeDer	other	no	no
std.crypto.codecs.asn1.Any.encodeDer	self	no	no
std.crypto.codecs.asn1.BitString.bitLen	self	no	no
std.crypto.codecs.asn1.BitString.decodeDer	other	no	no
std.crypto.codecs.asn1.BitString.encodeDer	self	no	no
std.crypto.codecs.asn1.Element.Slice.len	self	no	no
std.crypto.codecs.asn1.Element.Slice.view	self	no	no
std.crypto.codecs.asn1.Element.decode	other	no	no
std.crypto.codecs.asn1.ExpectedTag.init	other	no	no
std.crypto.codecs.asn1.ExpectedTag.match	self	no	no
std.crypto.codecs.asn1.ExpectedTag.primitive	other	no	no
std.crypto.codecs.asn1.FieldTag.fromContainer	other	no	yes
std.crypto.codecs.asn1.FieldTag.initExplicit	other	no	no
std.crypto.codecs.asn1.FieldTag.initImplicit	other	no	no
std.crypto.codecs.asn1.FieldTag.toTag	self	no	no
std.crypto.codecs.asn1.Opaque	other	no	yes
std.crypto.codecs.asn1.Opaque().decodeDer	other	no	no
std.crypto.codecs.asn1.Opaque().encodeDer	self	no	no
std.crypto.codecs.asn1.Tag.decode	other	yes	no
std.crypto.codecs.asn1.Tag.encode	self	yes	no
std.crypto.codecs.asn1.Tag.fromZig	other	no	yes
std.crypto.codecs.asn1.Tag.init	other	no	no
std.crypto.codecs.asn1.Tag.toExpected	self	no	no
std.crypto.codecs.asn1.Tag.universal	other	no	no
std.crypto.codecs.asn1.der.Decoder.Oid.StaticMap	other	no	yes
std.crypto.codecs.asn1.der.Decoder.Oid.StaticMap().initComptime	other	no	yes
std.crypto.codecs.asn1.der.Decoder.Oid.TestCase.init	other	no	yes
std.crypto.codecs.asn1.der.Decoder.Oid.decodeDer	other	no	no
std.crypto.codecs.asn1.der.Decoder.Oid.encodeComptime	other	no	yes
std.crypto.codecs.asn1.der.Decoder.Oid.encodeDer	self	no	no
std.crypto.codecs.asn1.der.Decoder.Oid.encodedLen	other	no	no
std.crypto.codecs.asn1.der.Decoder.Oid.fromDot	other	no	no
std.crypto.codecs.asn1.der.Decoder.Oid.fromDotComptime	other	no	yes
std.crypto.codecs.asn1.der.Decoder.Oid.hexToBytes	other	no	yes
std.crypto.codecs.asn1.der.Decoder.Oid.toDot	self	no	yes
std.crypto.codecs.asn1.der.Decoder.any	self	no	yes
std.crypto.codecs.asn1.der.Decoder.element	self	no	no
std.crypto.codecs.asn1.der.Decoder.int	other	no	yes
std.crypto.codecs.asn1.der.Decoder.sequence	self	no	no
std.crypto.codecs.asn1.der.Decoder.view	self	no	no
std.crypto.codecs.asn1.der.Encoder.ArrayListReverse.allocatedSlice	self	no	no
std.crypto.codecs.asn1.der.Encoder.ArrayListReverse.clearAndFree	self	no	no
std.crypto.codecs.asn1.der.Encoder.ArrayListReverse.deinit	self	no	no
std.crypto.codecs.asn1.der.Encoder.ArrayListReverse.ensureCapacity	self	no	no
std.crypto.codecs.asn1.der.Encoder.ArrayListReverse.init	allocator	no	no
std.crypto.codecs.asn1.der.Encoder.ArrayListReverse.prependSlice	self	no	no
std.crypto.codecs.asn1.der.Encoder.ArrayListReverse.prependSliceSize	self	no	no
std.crypto.codecs.asn1.der.Encoder.ArrayListReverse.toOwnedSlice	self	no	no
std.crypto.codecs.asn1.der.Encoder.any	self	no	yes
std.crypto.codecs.asn1.der.Encoder.anyTag	self	no	yes
std.crypto.codecs.asn1.der.Encoder.deinit	self	no	no
std.crypto.codecs.asn1.der.Encoder.init	allocator	no	no
std.crypto.codecs.asn1.der.Encoder.int	self	no	yes
std.crypto.codecs.asn1.der.Encoder.length	self	no	no
std.crypto.codecs.asn1.der.Encoder.mergedTag	self	no	no
std.crypto.codecs.asn1.der.Encoder.tag	self	no	no
std.crypto.codecs.asn1.der.Encoder.tagBytes	self	no	no
std.crypto.codecs.asn1.der.Encoder.writer	self	no	no
std.crypto.codecs.asn1.der.decode	other	no	yes
std.crypto.codecs.asn1.der.encode	allocator	no	yes
std.crypto.codecs.base64.DecoderWithIgnore.decode	self	no	yes
std.crypto.codecs.base64.DecoderWithIgnore.decodedLenForSlice	other	no	no
std.crypto.codecs.base64.DecoderWithIgnore.decodedLenUpperBound	other	no	no
std.crypto.codecs.base64.byteFromChar	other	no	yes
std.crypto.codecs.base64.charFromByte	other	no	yes
std.crypto.codecs.base64.decode	other	no	yes
std.crypto.codecs.base64.decodeAny	other	no	yes
std.crypto.codecs.base64.decodedLen	other	no	no
std.crypto.codecs.base64.decoderWithIgnore	other	no	no
std.crypto.codecs.base64.encode	other	no	yes
std.crypto.codecs.base64.encodedLen	other	no	no
std.crypto.codecs.base64.eq	other	no	no
std.crypto.codecs.base64.ge	other	no	no
std.crypto.codecs.base64.gt	other	no	no
std.crypto.codecs.base64.le	other	no	no
std.crypto.codecs.base64.lt	other	no	no
std.crypto.codecs.base64.skipPadding	other	no	no
std.crypto.codecs.hex.DecoderWithIgnore.decode	self	no	no
std.crypto.codecs.hex.DecoderWithIgnore.decodedLenForSlice	other	no	no
std.crypto.codecs.hex.DecoderWithIgnore.decodedLenUpperBound	other	no	no
std.crypto.codecs.hex.decode	other	no	no
std.crypto.codecs.hex.decodeAny	other	no	no
std.crypto.codecs.hex.decoderWithIgnore	other	no	no
std.crypto.codecs.hex.encode	other	no	yes
std.crypto.core.Ascon	other	no	yes
std.crypto.core.Ascon().addByte	self	no	no
std.crypto.core.Ascon().addBytes	self	no	no
std.crypto.core.Ascon().asBytes	self	no	no
std.crypto.core.Ascon().clear	self	no	no
std.crypto.core.Ascon().endianSwap	self	no	no
std.crypto.core.Ascon().extractBytes	self	no	no
std.crypto.core.Ascon().init	other	no	no
std.crypto.core.Ascon().initFromWords	other	no	no
std.crypto.core.Ascon().initXof	none	no	no
std.crypto.core.Ascon().initXofA	none	no	no
std.crypto.core.Ascon().permute	other	no	no
std.crypto.core.Ascon().permuteR	other	no	yes
std.crypto.core.Ascon().permuteRatchet	other	no	yes
std.crypto.core.Ascon().round	other	no	no
std.crypto.core.Ascon().secureZero	self	no	no
std.crypto.core.Ascon().setBytes	self	no	no
std.crypto.core.Ascon().xorBytes	self	no	no
std.crypto.core.keccak.KeccakF	other	no	yes
std.crypto.core.keccak.KeccakF().addByte	self	no	no
std.crypto.core.keccak.KeccakF().addBytes	self	no	no
std.crypto.core.keccak.KeccakF().asBytes	self	no	no
std.crypto.core.keccak.KeccakF().clear	self	no	no
std.crypto.core.keccak.KeccakF().endianSwap	self	no	no
std.crypto.core.keccak.KeccakF().extractBytes	self	no	no
std.crypto.core.keccak.KeccakF().init	other	no	no
std.crypto.core.keccak.KeccakF().permute	self	no	no
std.crypto.core.keccak.KeccakF().permuteR	self	no	yes
std.crypto.core.keccak.KeccakF().round	self	no	no
std.crypto.core.keccak.KeccakF().secureZero	self	no	no
std.crypto.core.keccak.KeccakF().setBytes	self	no	no
std.crypto.core.keccak.KeccakF().xorBytes	self	no	no
std.crypto.core.keccak.State	other	no	yes
std.crypto.core.keccak.State().absorb	self	no	no
std.crypto.core.keccak.State().fillBlock	self	no	no
std.crypto.core.keccak.State().init	other	no	no
std.crypto.core.keccak.State().pad	self	no	no
std.crypto.core.keccak.State().permute	self	no	no
std.crypto.core.keccak.State().squeeze	self	no	no
std.crypto.core.modes.ctr	other	no	yes
std.crypto.core.modes.ctrSlice	other	no	yes
std.crypto.dh.X25519.Curve.Fe._carry128	other	no	no
std.crypto.dh.X25519.Curve.Fe._sq	other	no	yes
std.crypto.dh.X25519.Curve.Fe.abs	other	no	no
std.crypto.dh.X25519.Curve.Fe.add	other	no	no
std.crypto.dh.X25519.Curve.Fe.cMov	other	no	no
std.crypto.dh.X25519.Curve.Fe.cSwap2	other	no	no
std.crypto.dh.X25519.Curve.Fe.equivalent	other	no	no
std.crypto.dh.X25519.Curve.Fe.fromBytes	other	no	no
std.crypto.dh.X25519.Curve.Fe.fromBytes64	other	no	no
std.crypto.dh.X25519.Curve.Fe.invert	other	no	no
std.crypto.dh.X25519.Curve.Fe.isNegative	other	no	no
std.crypto.dh.X25519.Curve.Fe.isSquare	other	no	no
std.crypto.dh.X25519.Curve.Fe.isZero	other	no	no
std.crypto.dh.X25519.Curve.Fe.mul	other	no	no
std.crypto.dh.X25519.Curve.Fe.mul32	other	no	yes
std.crypto.dh.X25519.Curve.Fe.neg	other	no	no
std.crypto.dh.X25519.Curve.Fe.pow2523	other	no	no
std.crypto.dh.X25519.Curve.Fe.reduce	other	no	no
std.crypto.dh.X25519.Curve.Fe.rejectNonCanonical	other	no	yes
std.crypto.dh.X25519.Curve.Fe.sq	other	no	no
std.crypto.dh.X25519.Curve.Fe.sq2	other	no	no
std.crypto.dh.X25519.Curve.Fe.sqn	other	no	no
std.crypto.dh.X25519.Curve.Fe.sqrt	other	no	no
std.crypto.dh.X25519.Curve.Fe.sub	other	no	no
std.crypto.dh.X25519.Curve.Fe.toBytes	other	no	no
std.crypto.dh.X25519.Curve.Fe.uncheckedSqrt	other	no	no
std.crypto.dh.X25519.Curve.clampedMul	other	no	no
std.crypto.dh.X25519.Curve.clearCofactor	other	no	no
std.crypto.dh.X25519.Curve.elligator2	other	no	no
std.crypto.dh.X25519.Curve.fromBytes	other	no	no
std.crypto.dh.X25519.Curve.fromEdwards25519	other	no	no
std.crypto.dh.X25519.Curve.ladder	other	no	yes
std.crypto.dh.X25519.Curve.mul	other	no	no
std.crypto.dh.X25519.Curve.rejectIdentity	other	no	no
std.crypto.dh.X25519.Curve.rejectNonCanonical	other	no	no
std.crypto.dh.X25519.Curve.scalar.Scalar.add	other	no	no
std.crypto.dh.X25519.Curve.scalar.Scalar.fromBytes	other	no	no
std.crypto.dh.X25519.Curve.scalar.Scalar.fromBytes64	other	no	no
std.crypto.dh.X25519.Curve.scalar.Scalar.invert	other	no	no
std.crypto.dh.X25519.Curve.scalar.Scalar.isZero	other	no	no
std.crypto.dh.X25519.Curve.scalar.Scalar.mul	other	no	no
std.crypto.dh.X25519.Curve.scalar.Scalar.random	other	yes	no
std.crypto.dh.X25519.Curve.scalar.Scalar.sq	other	no	no
std.crypto.dh.X25519.Curve.scalar.Scalar.sqn	other	no	yes
std.crypto.dh.X25519.Curve.scalar.Scalar.sqn_mul	other	no	yes
std.crypto.dh.X25519.Curve.scalar.Scalar.toBytes	other	no	no
std.crypto.dh.X25519.Curve.scalar.ScalarDouble.fromBytes32	other	no	no
std.crypto.dh.X25519.Curve.scalar.ScalarDouble.fromBytes64	other	no	no
std.crypto.dh.X25519.Curve.scalar.ScalarDouble.reduce	other	no	yes
std.crypto.dh.X25519.Curve.scalar.ScalarDouble.toBytes	other	no	no
std.crypto.dh.X25519.Curve.scalar.add	other	no	no
std.crypto.dh.X25519.Curve.scalar.clamp	other	no	no
std.crypto.dh.X25519.Curve.scalar.mul	other	no	no
std.crypto.dh.X25519.Curve.scalar.mul8	other	no	no
std.crypto.dh.X25519.Curve.scalar.mulAdd	other	no	no
std.crypto.dh.X25519.Curve.scalar.neg	other	no	no
std.crypto.dh.X25519.Curve.scalar.random	other	yes	no
std.crypto.dh.X25519.Curve.scalar.reduce	other	no	no
std.crypto.dh.X25519.Curve.scalar.reduce64	other	no	no
std.crypto.dh.X25519.Curve.scalar.rejectNonCanonical	other	no	no
std.crypto.dh.X25519.Curve.scalar.sub	other	no	no
std.crypto.dh.X25519.Curve.toBytes	other	no	no
std.crypto.dh.X25519.KeyPair.fromEd25519	other	no	no
std.crypto.dh.X25519.KeyPair.generate	other	yes	no
std.crypto.dh.X25519.KeyPair.generateDeterministic	other	no	no
std.crypto.dh.X25519.publicKeyFromEd25519	other	no	no
std.crypto.dh.X25519.recoverPublicKey	other	no	no
std.crypto.dh.X25519.scalarmult	other	no	no
std.crypto.ecc.Curve25519.Fe._carry128	other	no	no
std.crypto.ecc.Curve25519.Fe._sq	other	no	yes
std.crypto.ecc.Curve25519.Fe.abs	other	no	no
std.crypto.ecc.Curve25519.Fe.add	other	no	no
std.crypto.ecc.Curve25519.Fe.cMov	other	no	no
std.crypto.ecc.Curve25519.Fe.cSwap2	other	no	no
std.crypto.ecc.Curve25519.Fe.equivalent	other	no	no
std.crypto.ecc.Curve25519.Fe.fromBytes	other	no	no
std.crypto.ecc.Curve25519.Fe.fromBytes64	other	no	no
std.crypto.ecc.Curve25519.Fe.invert	other	no	no
std.crypto.ecc.Curve25519.Fe.isNegative	other	no	no
std.crypto.ecc.Curve25519.Fe.isSquare	other	no	no
std.crypto.ecc.Curve25519.Fe.isZero	other	no	no
std.crypto.ecc.Curve25519.Fe.mul	other	no	no
std.crypto.ecc.Curve25519.Fe.mul32	other	no	yes
std.crypto.ecc.Curve25519.Fe.neg	other	no	no
std.crypto.ecc.Curve25519.Fe.pow2523	other	no	no
std.crypto.ecc.Curve25519.Fe.reduce	other	no	no
std.crypto.ecc.Curve25519.Fe.rejectNonCanonical	other	no	yes
std.crypto.ecc.Curve25519.Fe.sq	other	no	no
std.crypto.ecc.Curve25519.Fe.sq2	other	no	no
std.crypto.ecc.Curve25519.Fe.sqn	other	no	no
std.crypto.ecc.Curve25519.Fe.sqrt	other	no	no
std.crypto.ecc.Curve25519.Fe.sub	other	no	no
std.crypto.ecc.Curve25519.Fe.toBytes	other	no	no
std.crypto.ecc.Curve25519.Fe.uncheckedSqrt	other	no	no
std.crypto.ecc.Curve25519.clampedMul	other	no	no
std.crypto.ecc.Curve25519.clearCofactor	other	no	no
std.crypto.ecc.Curve25519.elligator2	other	no	no
std.crypto.ecc.Curve25519.fromBytes	other	no	no
std.crypto.ecc.Curve25519.fromEdwards25519	other	no	no
std.crypto.ecc.Curve25519.ladder	other	no	yes
std.crypto.ecc.Curve25519.mul	other	no	no
std.crypto.ecc.Curve25519.rejectIdentity	other	no	no
std.crypto.ecc.Curve25519.rejectNonCanonical	other	no	no
std.crypto.ecc.Curve25519.toBytes	other	no	no
std.crypto.ecc.Edwards25519.Fe._carry128	other	no	no
std.crypto.ecc.Edwards25519.Fe._sq	other	no	yes
std.crypto.ecc.Edwards25519.Fe.abs	other	no	no
std.crypto.ecc.Edwards25519.Fe.add	other	no	no
std.crypto.ecc.Edwards25519.Fe.cMov	other	no	no
std.crypto.ecc.Edwards25519.Fe.cSwap2	other	no	no
std.crypto.ecc.Edwards25519.Fe.equivalent	other	no	no
std.crypto.ecc.Edwards25519.Fe.fromBytes	other	no	no
std.crypto.ecc.Edwards25519.Fe.fromBytes64	other	no	no
std.crypto.ecc.Edwards25519.Fe.invert	other	no	no
std.crypto.ecc.Edwards25519.Fe.isNegative	other	no	no
std.crypto.ecc.Edwards25519.Fe.isSquare	other	no	no
std.crypto.ecc.Edwards25519.Fe.isZero	other	no	no
std.crypto.ecc.Edwards25519.Fe.mul	other	no	no
std.crypto.ecc.Edwards25519.Fe.mul32	other	no	yes
std.crypto.ecc.Edwards25519.Fe.neg	other	no	no
std.crypto.ecc.Edwards25519.Fe.pow2523	other	no	no
std.crypto.ecc.Edwards25519.Fe.reduce	other	no	no
std.crypto.ecc.Edwards25519.Fe.rejectNonCanonical	other	no	yes
std.crypto.ecc.Edwards25519.Fe.sq	other	no	no
std.crypto.ecc.Edwards25519.Fe.sq2	other	no	no
std.crypto.ecc.Edwards25519.Fe.sqn	other	no	no
std.crypto.ecc.Edwards25519.Fe.sqrt	other	no	no
std.crypto.ecc.Edwards25519.Fe.sub	other	no	no
std.crypto.ecc.Edwards25519.Fe.toBytes	other	no	no
std.crypto.ecc.Edwards25519.Fe.uncheckedSqrt	other	no	no
std.crypto.ecc.Edwards25519.add	other	no	no
std.crypto.ecc.Edwards25519.cMov	other	no	no
std.crypto.ecc.Edwards25519.clampedMul	other	no	no
std.crypto.ecc.Edwards25519.clearCofactor	other	no	no
std.crypto.ecc.Edwards25519.dbl	other	no	no
std.crypto.ecc.Edwards25519.elligator2	other	no	no
std.crypto.ecc.Edwards25519.fromBytes	other	no	no
std.crypto.ecc.Edwards25519.fromHash	other	no	no
std.crypto.ecc.Edwards25519.fromString	other	no	yes
std.crypto.ecc.Edwards25519.fromUniform	other	no	no
std.crypto.ecc.Edwards25519.montToEd	other	no	no
std.crypto.ecc.Edwards25519.mul	other	no	no
std.crypto.ecc.Edwards25519.mulDoubleBasePublic	other	no	no
std.crypto.ecc.Edwards25519.mulMulti	other	no	yes
std.crypto.ecc.Edwards25519.mulPublic	other	no	no
std.crypto.ecc.Edwards25519.neg	other	no	no
std.crypto.ecc.Edwards25519.pcMul	other	no	yes
std.crypto.ecc.Edwards25519.pcMul16	other	no	yes
std.crypto.ecc.Edwards25519.pcSelect	other	no	yes
std.crypto.ecc.Edwards25519.precompute	other	no	yes
std.crypto.ecc.Edwards25519.rejectIdentity	other	no	no
std.crypto.ecc.Edwards25519.rejectLowOrder	other	no	no
std.crypto.ecc.Edwards25519.rejectNonCanonical	other	no	no
std.crypto.ecc.Edwards25519.rejectUnexpectedSubgroup	other	no	no
std.crypto.ecc.Edwards25519.shift	other	no	no
std.crypto.ecc.Edwards25519.slide	other	no	no
std.crypto.ecc.Edwards25519.stringToPoints	other	no	yes
std.crypto.ecc.Edwards25519.sub	other	no	no
std.crypto.ecc.Edwards25519.toBytes	other	no	no
std.crypto.ecc.Edwards25519.xmontToYmont	other	no	no
std.crypto.ecc.P256.add	other	no	no
std.crypto.ecc.P256.addMixed	other	no	no
std.crypto.ecc.P256.affineCoordinates	other	no	no
std.crypto.ecc.P256.cMov	other	no	no
std.crypto.ecc.P256.dbl	other	no	no
std.crypto.ecc.P256.equivalent	other	no	no
std.crypto.ecc.P256.fromAffineCoordinates	other	no	no
std.crypto.ecc.P256.fromSec1	other	no	no
std.crypto.ecc.P256.fromSerializedAffineCoordinates	other	no	no
std.crypto.ecc.P256.mul	other	no	no
std.crypto.ecc.P256.mulDoubleBasePublic	other	no	no
std.crypto.ecc.P256.mulPublic	other	no	no
std.crypto.ecc.P256.neg	other	no	no
std.crypto.ecc.P256.pcMul	other	no	yes
std.crypto.ecc.P256.pcMul16	other	no	yes
std.crypto.ecc.P256.pcSelect	other	no	yes
std.crypto.ecc.P256.precompute	other	no	yes
std.crypto.ecc.P256.random	other	yes	no
std.crypto.ecc.P256.recoverY	other	no	no
std.crypto.ecc.P256.rejectIdentity	other	no	no
std.crypto.ecc.P256.scalar.Scalar.add	other	no	no
std.crypto.ecc.P256.scalar.Scalar.dbl	other	no	no
std.crypto.ecc.P256.scalar.Scalar.equivalent	other	no	no
std.crypto.ecc.P256.scalar.Scalar.fromBytes	other	no	no
std.crypto.ecc.P256.scalar.Scalar.fromBytes48	other	no	no
std.crypto.ecc.P256.scalar.Scalar.fromBytes64	other	no	no
std.crypto.ecc.P256.scalar.Scalar.invert	other	no	no
std.crypto.ecc.P256.scalar.Scalar.isOdd	other	no	no
std.crypto.ecc.P256.scalar.Scalar.isSquare	other	no	no
std.crypto.ecc.P256.scalar.Scalar.isZero	other	no	no
std.crypto.ecc.P256.scalar.Scalar.mul	other	no	no
std.crypto.ecc.P256.scalar.Scalar.neg	other	no	no
std.crypto.ecc.P256.scalar.Scalar.pow	other	no	yes
std.crypto.ecc.P256.scalar.Scalar.random	other	yes	no
std.crypto.ecc.P256.scalar.Scalar.sq	other	no	no
std.crypto.ecc.P256.scalar.Scalar.sqrt	other	no	no
std.crypto.ecc.P256.scalar.Scalar.sub	other	no	no
std.crypto.ecc.P256.scalar.Scalar.toBytes	other	no	no
std.crypto.ecc.P256.scalar.ScalarDouble.fromBytes	other	no	yes
std.crypto.ecc.P256.scalar.ScalarDouble.reduce	other	no	yes
std.crypto.ecc.P256.scalar.add	other	no	no
std.crypto.ecc.P256.scalar.common.Field	other	no	yes
std.crypto.ecc.P256.scalar.common.Field().add	other	no	no
std.crypto.ecc.P256.scalar.common.Field().cMov	other	no	no
std.crypto.ecc.P256.scalar.common.Field().dbl	other	no	no
std.crypto.ecc.P256.scalar.common.Field().equivalent	other	no	no
std.crypto.ecc.P256.scalar.common.Field().fromBytes	other	no	no
std.crypto.ecc.P256.scalar.common.Field().fromInt	other	no	yes
std.crypto.ecc.P256.scalar.common.Field().invert	other	no	no
std.crypto.ecc.P256.scalar.common.Field().isOdd	other	no	no
std.crypto.ecc.P256.scalar.common.Field().isSquare	other	no	no
std.crypto.ecc.P256.scalar.common.Field().isZero	other	no	no
std.crypto.ecc.P256.scalar.common.Field().mul	other	no	no
std.crypto.ecc.P256.scalar.common.Field().neg	other	no	no
std.crypto.ecc.P256.scalar.common.Field().orderSwap	other	no	no
std.crypto.ecc.P256.scalar.common.Field().pow	other	no	yes
std.crypto.ecc.P256.scalar.common.Field().rejectNonCanonical	other	no	no
std.crypto.ecc.P256.scalar.common.Field().sq	other	no	no
std.crypto.ecc.P256.scalar.common.Field().sqn	other	no	yes
std.crypto.ecc.P256.scalar.common.Field().sqrt	other	no	no
std.crypto.ecc.P256.scalar.common.Field().sub	other	no	no
std.crypto.ecc.P256.scalar.common.Field().toBytes	other	no	no
std.crypto.ecc.P256.scalar.common.Field().toInt	other	no	no
std.crypto.ecc.P256.scalar.common.Field().uncheckedSqrt	other	no	no
std.crypto.ecc.P256.scalar.mul	other	no	no
std.crypto.ecc.P256.scalar.mulAdd	other	no	no
std.crypto.ecc.P256.scalar.neg	other	no	no
std.crypto.ecc.P256.scalar.random	other	yes	no
std.crypto.ecc.P256.scalar.reduce48	other	no	no
std.crypto.ecc.P256.scalar.reduce64	other	no	no
std.crypto.ecc.P256.scalar.rejectNonCanonical	other	no	no
std.crypto.ecc.P256.scalar.sub	other	no	no
std.crypto.ecc.P256.slide	other	no	no
std.crypto.ecc.P256.sub	other	no	no
std.crypto.ecc.P256.subMixed	other	no	no
std.crypto.ecc.P256.toCompressedSec1	other	no	no
std.crypto.ecc.P256.toUncompressedSec1	other	no	no
std.crypto.ecc.P384.add	other	no	no
std.crypto.ecc.P384.addMixed	other	no	no
std.crypto.ecc.P384.affineCoordinates	other	no	no
std.crypto.ecc.P384.cMov	other	no	no
std.crypto.ecc.P384.dbl	other	no	no
std.crypto.ecc.P384.equivalent	other	no	no
std.crypto.ecc.P384.fromAffineCoordinates	other	no	no
std.crypto.ecc.P384.fromSec1	other	no	no
std.crypto.ecc.P384.fromSerializedAffineCoordinates	other	no	no
std.crypto.ecc.P384.mul	other	no	no
std.crypto.ecc.P384.mulDoubleBasePublic	other	no	no
std.crypto.ecc.P384.mulPublic	other	no	no
std.crypto.ecc.P384.neg	other	no	no
std.crypto.ecc.P384.pcMul	other	no	yes
std.crypto.ecc.P384.pcMul16	other	no	yes
std.crypto.ecc.P384.pcSelect	other	no	yes
std.crypto.ecc.P384.precompute	other	no	yes
std.crypto.ecc.P384.random	other	yes	no
std.crypto.ecc.P384.recoverY	other	no	no
std.crypto.ecc.P384.rejectIdentity	other	no	no
std.crypto.ecc.P384.scalar.Scalar.add	other	no	no
std.crypto.ecc.P384.scalar.Scalar.dbl	other	no	no
std.crypto.ecc.P384.scalar.Scalar.equivalent	other	no	no
std.crypto.ecc.P384.scalar.Scalar.fromBytes	other	no	no
std.crypto.ecc.P384.scalar.Scalar.fromBytes64	other	no	no
std.crypto.ecc.P384.scalar.Scalar.invert	other	no	no
std.crypto.ecc.P384.scalar.Scalar.isOdd	other	no	no
std.crypto.ecc.P384.scalar.Scalar.isSquare	other	no	no
std.crypto.ecc.P384.scalar.Scalar.isZero	other	no	no
std.crypto.ecc.P384.scalar.Scalar.mul	other	no	no
std.crypto.ecc.P384.scalar.Scalar.neg	other	no	no
std.crypto.ecc.P384.scalar.Scalar.pow	other	no	yes
std.crypto.ecc.P384.scalar.Scalar.random	other	yes	no
std.crypto.ecc.P384.scalar.Scalar.sq	other	no	no
std.crypto.ecc.P384.scalar.Scalar.sqrt	other	no	no
std.crypto.ecc.P384.scalar.Scalar.sub	other	no	no
std.crypto.ecc.P384.scalar.Scalar.toBytes	other	no	no
std.crypto.ecc.P384.scalar.ScalarDouble.fromBytes	other	no	yes
std.crypto.ecc.P384.scalar.ScalarDouble.reduce	other	no	yes
std.crypto.ecc.P384.scalar.add	other	no	no
std.crypto.ecc.P384.scalar.mul	other	no	no
std.crypto.ecc.P384.scalar.mulAdd	other	no	no
std.crypto.ecc.P384.scalar.neg	other	no	no
std.crypto.ecc.P384.scalar.random	other	yes	no
std.crypto.ecc.P384.scalar.reduce64	other	no	no
std.crypto.ecc.P384.scalar.rejectNonCanonical	other	no	no
std.crypto.ecc.P384.scalar.sub	other	no	no
std.crypto.ecc.P384.slide	other	no	no
std.crypto.ecc.P384.sub	other	no	no
std.crypto.ecc.P384.subMixed	other	no	no
std.crypto.ecc.P384.toCompressedSec1	other	no	no
std.crypto.ecc.P384.toUncompressedSec1	other	no	no
std.crypto.ecc.Ristretto255.Curve.Fe._carry128	other	no	no
std.crypto.ecc.Ristretto255.Curve.Fe._sq	other	no	yes
std.crypto.ecc.Ristretto255.Curve.Fe.abs	other	no	no
std.crypto.ecc.Ristretto255.Curve.Fe.add	other	no	no
std.crypto.ecc.Ristretto255.Curve.Fe.cMov	other	no	no
std.crypto.ecc.Ristretto255.Curve.Fe.cSwap2	other	no	no
std.crypto.ecc.Ristretto255.Curve.Fe.equivalent	other	no	no
std.crypto.ecc.Ristretto255.Curve.Fe.fromBytes	other	no	no
std.crypto.ecc.Ristretto255.Curve.Fe.fromBytes64	other	no	no
std.crypto.ecc.Ristretto255.Curve.Fe.invert	other	no	no
std.crypto.ecc.Ristretto255.Curve.Fe.isNegative	other	no	no
std.crypto.ecc.Ristretto255.Curve.Fe.isSquare	other	no	no
std.crypto.ecc.Ristretto255.Curve.Fe.isZero	other	no	no
std.crypto.ecc.Ristretto255.Curve.Fe.mul	other	no	no
std.crypto.ecc.Ristretto255.Curve.Fe.mul32	other	no	yes
std.crypto.ecc.Ristretto255.Curve.Fe.neg	other	no	no
std.crypto.ecc.Ristretto255.Curve.Fe.pow2523	other	no	no
std.crypto.ecc.Ristretto255.Curve.Fe.reduce	other	no	no
std.crypto.ecc.Ristretto255.Curve.Fe.rejectNonCanonical	other	no	yes
std.crypto.ecc.Ristretto255.Curve.Fe.sq	other	no	no
std.crypto.ecc.Ristretto255.Curve.Fe.sq2	other	no	no
std.crypto.ecc.Ristretto255.Curve.Fe.sqn	other	no	no
std.crypto.ecc.Ristretto255.Curve.Fe.sqrt	other	no	no
std.crypto.ecc.Ristretto255.Curve.Fe.sub	other	no	no
std.crypto.ecc.Ristretto255.Curve.Fe.toBytes	other	no	no
std.crypto.ecc.Ristretto255.Curve.Fe.uncheckedSqrt	other	no	no
std.crypto.ecc.Ristretto255.Curve.add	other	no	no
std.crypto.ecc.Ristretto255.Curve.cMov	other	no	no
std.crypto.ecc.Ristretto255.Curve.clampedMul	other	no	no
std.crypto.ecc.Ristretto255.Curve.clearCofactor	other	no	no
std.crypto.ecc.Ristretto255.Curve.dbl	other	no	no
std.crypto.ecc.Ristretto255.Curve.elligator2	other	no	no
std.crypto.ecc.Ristretto255.Curve.fromBytes	other	no	no
std.crypto.ecc.Ristretto255.Curve.fromHash	other	no	no
std.crypto.ecc.Ristretto255.Curve.fromString	other	no	yes
std.crypto.ecc.Ristretto255.Curve.fromUniform	other	no	no
std.crypto.ecc.Ristretto255.Curve.montToEd	other	no	no
std.crypto.ecc.Ristretto255.Curve.mul	other	no	no
std.crypto.ecc.Ristretto255.Curve.mulDoubleBasePublic	other	no	no
std.crypto.ecc.Ristretto255.Curve.mulMulti	other	no	yes
std.crypto.ecc.Ristretto255.Curve.mulPublic	other	no	no
std.crypto.ecc.Ristretto255.Curve.neg	other	no	no
std.crypto.ecc.Ristretto255.Curve.pcMul	other	no	yes
std.crypto.ecc.Ristretto255.Curve.pcMul16	other	no	yes
std.crypto.ecc.Ristretto255.Curve.pcSelect	other	no	yes
std.crypto.ecc.Ristretto255.Curve.precompute	other	no	yes
std.crypto.ecc.Ristretto255.Curve.rejectIdentity	other	no	no
std.crypto.ecc.Ristretto255.Curve.rejectLowOrder	other	no	no
std.crypto.ecc.Ristretto255.Curve.rejectNonCanonical	other	no	no
std.crypto.ecc.Ristretto255.Curve.rejectUnexpectedSubgroup	other	no	no
std.crypto.ecc.Ristretto255.Curve.shift	other	no	no
std.crypto.ecc.Ristretto255.Curve.slide	other	no	no
std.crypto.ecc.Ristretto255.Curve.stringToPoints	other	no	yes
std.crypto.ecc.Ristretto255.Curve.sub	other	no	no
std.crypto.ecc.Ristretto255.Curve.toBytes	other	no	no
std.crypto.ecc.Ristretto255.Curve.xmontToYmont	other	no	no
std.crypto.ecc.Ristretto255.add	other	no	no
std.crypto.ecc.Ristretto255.dbl	other	no	no
std.crypto.ecc.Ristretto255.elligator	other	no	no
std.crypto.ecc.Ristretto255.equivalent	other	no	no
std.crypto.ecc.Ristretto255.fromBytes	other	no	no
std.crypto.ecc.Ristretto255.fromUniform	other	no	no
std.crypto.ecc.Ristretto255.mul	other	no	no
std.crypto.ecc.Ristretto255.rejectIdentity	other	no	no
std.crypto.ecc.Ristretto255.rejectNonCanonical	other	no	no
std.crypto.ecc.Ristretto255.sqrtRatioM1	other	no	no
std.crypto.ecc.Ristretto255.sub	other	no	no
std.crypto.ecc.Ristretto255.toBytes	other	no	no
std.crypto.ecc.Secp256k1.Endormorphism.splitScalar	other	no	no
std.crypto.ecc.Secp256k1.add	other	no	no
std.crypto.ecc.Secp256k1.addMixed	other	no	no
std.crypto.ecc.Secp256k1.affineCoordinates	other	no	no
std.crypto.ecc.Secp256k1.cMov	other	no	no
std.crypto.ecc.Secp256k1.dbl	other	no	no
std.crypto.ecc.Secp256k1.equivalent	other	no	no
std.crypto.ecc.Secp256k1.fromAffineCoordinates	other	no	no
std.crypto.ecc.Secp256k1.fromSec1	other	no	no
std.crypto.ecc.Secp256k1.fromSerializedAffineCoordinates	other	no	no
std.crypto.ecc.Secp256k1.mul	other	no	no
std.crypto.ecc.Secp256k1.mulDoubleBasePublic	other	no	no
std.crypto.ecc.Secp256k1.mulDoubleBasePublicEndo	other	no	no
std.crypto.ecc.Secp256k1.mulPublic	other	no	no
std.crypto.ecc.Secp256k1.neg	other	no	no
std.crypto.ecc.Secp256k1.pcMul	other	no	yes
std.crypto.ecc.Secp256k1.pcMul16	other	no	yes
std.crypto.ecc.Secp256k1.pcSelect	other	no	yes
std.crypto.ecc.Secp256k1.precompute	other	no	yes
std.crypto.ecc.Secp256k1.random	other	yes	no
std.crypto.ecc.Secp256k1.recoverY	other	no	no
std.crypto.ecc.Secp256k1.rejectIdentity	other	no	no
std.crypto.ecc.Secp256k1.scalar.Scalar.add	other	no	no
std.crypto.ecc.Secp256k1.scalar.Scalar.dbl	other	no	no
std.crypto.ecc.Secp256k1.scalar.Scalar.equivalent	other	no	no
std.crypto.ecc.Secp256k1.scalar.Scalar.fromBytes	other	no	no
std.crypto.ecc.Secp256k1.scalar.Scalar.fromBytes48	other	no	no
std.crypto.ecc.Secp256k1.scalar.Scalar.fromBytes64	other	no	no
std.crypto.ecc.Secp256k1.scalar.Scalar.invert	other	no	no
std.crypto.ecc.Secp256k1.scalar.Scalar.isOdd	other	no	no
std.crypto.ecc.Secp256k1.scalar.Scalar.isSquare	other	no	no
std.crypto.ecc.Secp256k1.scalar.Scalar.isZero	other	no	no
std.crypto.ecc.Secp256k1.scalar.Scalar.mul	other	no	no
std.crypto.ecc.Secp256k1.scalar.Scalar.neg	other	no	no
std.crypto.ecc.Secp256k1.scalar.Scalar.pow	other	no	yes
std.crypto.ecc.Secp256k1.scalar.Scalar.random	other	yes	no
std.crypto.ecc.Secp256k1.scalar.Scalar.sq	other	no	no
std.crypto.ecc.Secp256k1.scalar.Scalar.sqrt	other	no	no
std.crypto.ecc.Secp256k1.scalar.Scalar.sub	other	no	no
std.crypto.ecc.Secp256k1.scalar.Scalar.toBytes	other	no	no
std.crypto.ecc.Secp256k1.scalar.ScalarDouble.fromBytes	other	no	yes
std.crypto.ecc.Secp256k1.scalar.ScalarDouble.reduce	other	no	yes
std.crypto.ecc.Secp256k1.scalar.add	other	no	no
std.crypto.ecc.Secp256k1.scalar.mul	other	no	no
std.crypto.ecc.Secp256k1.scalar.mulAdd	other	no	no
std.crypto.ecc.Secp256k1.scalar.neg	other	no	no
std.crypto.ecc.Secp256k1.scalar.random	other	yes	no
std.crypto.ecc.Secp256k1.scalar.reduce48	other	no	no
std.crypto.ecc.Secp256k1.scalar.reduce64	other	no	no
std.crypto.ecc.Secp256k1.scalar.rejectNonCanonical	other	no	no
std.crypto.ecc.Secp256k1.scalar.sub	other	no	no
std.crypto.ecc.Secp256k1.slide	other	no	no
std.crypto.ecc.Secp256k1.sub	other	no	no
std.crypto.ecc.Secp256k1.subMixed	other	no	no
std.crypto.ecc.Secp256k1.toCompressedSec1	other	no	no
std.crypto.ecc.Secp256k1.toUncompressedSec1	other	no	no
std.crypto.ff.Fe_	other	no	yes
std.crypto.ff.Fe_().compare	other	no	no
std.crypto.ff.Fe_().eql	other	no	no
std.crypto.ff.Fe_().fromBytes	other	no	yes
std.crypto.ff.Fe_().fromPrimitive	other	no	yes
std.crypto.ff.Fe_().isOdd	self	no	no
std.crypto.ff.Fe_().isZero	self	no	no
std.crypto.ff.Fe_().limbs_count	self	no	no
std.crypto.ff.Fe_().toBytes	self	no	yes
std.crypto.ff.Fe_().toPrimitive	self	no	yes
std.crypto.ff.Modulus	other	no	yes
std.crypto.ff.Modulus().add	self	no	no
std.crypto.ff.Modulus().bits	self	no	no
std.crypto.ff.Modulus().computeRR	self	no	no
std.crypto.ff.Modulus().fromBytes	other	no	yes
std.crypto.ff.Modulus().fromMontgomery	self	no	no
std.crypto.ff.Modulus().fromPrimitive	other	no	yes
std.crypto.ff.Modulus().fromUint	other	no	no
std.crypto.ff.Modulus().limbs_count	self	no	no
std.crypto.ff.Modulus().montgomeryLoop	self	no	no
std.crypto.ff.Modulus().montgomeryMul	self	no	no
std.crypto.ff.Modulus().montgomerySq	self	no	no
std.crypto.ff.Modulus().mul	self	no	no
std.crypto.ff.Modulus().one	self	no	no
std.crypto.ff.Modulus().pow	self	no	no
std.crypto.ff.Modulus().powPublic	self	no	no
std.crypto.ff.Modulus().powWithEncodedExponent	self	no	no
std.crypto.ff.Modulus().powWithEncodedExponentInternal	self	no	yes
std.crypto.ff.Modulus().powWithEncodedPublicExponent	self	no	no
std.crypto.ff.Modulus().reduce	self	no	yes
std.crypto.ff.Modulus().rejectNonCanonical	self	no	no
std.crypto.ff.Modulus().shiftIn	self	no	no
std.crypto.ff.Modulus().shrink	self	no	no
std.crypto.ff.Modulus().sq	self	no	no
std.crypto.ff.Modulus().sub	self	no	no
std.crypto.ff.Modulus().toBytes	self	no	yes
std.crypto.ff.Modulus().toMontgomery	self	no	no
std.crypto.ff.Uint	other	no	yes
std.crypto.ff.Uint().addWithOverflow	other	no	no
std.crypto.ff.Uint().cmov	other	no	no
std.crypto.ff.Uint().compare	other	no	no
std.crypto.ff.Uint().conditionalAddWithOverflow	other	no	no
std.crypto.ff.Uint().conditionalSubWithOverflow	other	no	no
std.crypto.ff.Uint().eql	other	no	no
std.crypto.ff.Uint().fromBytes	other	no	yes
std.crypto.ff.Uint().fromPrimitive	other	no	yes
std.crypto.ff.Uint().isOdd	other	no	no
std.crypto.ff.Uint().isZero	other	no	no
std.crypto.ff.Uint().limbs	self	no	no
std.crypto.ff.Uint().limbsConst	self	no	no
std.crypto.ff.Uint().normalize	self	no	no
std.crypto.ff.Uint().subWithOverflow	other	no	no
std.crypto.ff.Uint().toBytes	self	no	yes
std.crypto.ff.Uint().toPrimitive	self	no	yes
std.crypto.ff.ct_protected.eql	other	no	yes
std.crypto.ff.ct_protected.limbsCmpGeq	other	no	yes
std.crypto.ff.ct_protected.limbsCmpLt	other	no	yes
std.crypto.ff.ct_protected.mulWide	other	no	no
std.crypto.ff.ct_protected.select	other	no	no
std.crypto.ff.ct_unprotected.eql	other	no	yes
std.crypto.ff.ct_unprotected.limbsCmpGeq	other	no	yes
std.crypto.ff.ct_unprotected.limbsCmpLt	other	no	yes
std.crypto.ff.ct_unprotected.mulWide	other	no	no
std.crypto.ff.ct_unprotected.select	other	no	no
std.crypto.ff.testCt	other	no	yes
std.crypto.hash.Blake3.final	self	no	no
std.crypto.hash.Blake3.finalizeSeek	self	no	no
std.crypto.hash.Blake3.hash	other	no	no
std.crypto.hash.Blake3.hashParallel	other	yes	no
std.crypto.hash.Blake3.init	other	no	no
std.crypto.hash.Blake3.initKdf	other	no	no
std.crypto.hash.Blake3.init_internal	other	no	no
std.crypto.hash.Blake3.mergeCvStack	self	no	no
std.crypto.hash.Blake3.pushCv	self	no	no
std.crypto.hash.Blake3.reset	self	no	no
std.crypto.hash.Blake3.update	self	no	no
std.crypto.hash.Md5.final	other	no	no
std.crypto.hash.Md5.hash	other	no	no
std.crypto.hash.Md5.hashResult	other	no	no
std.crypto.hash.Md5.init	other	no	no
std.crypto.hash.Md5.round	other	no	no
std.crypto.hash.Md5.update	other	no	no
std.crypto.hash.Sha1.RoundParam.abcdei	other	no	no
std.crypto.hash.Sha1.final	other	no	no
std.crypto.hash.Sha1.finalResult	other	no	no
std.crypto.hash.Sha1.hash	other	no	no
std.crypto.hash.Sha1.init	other	no	no
std.crypto.hash.Sha1.peek	other	no	no
std.crypto.hash.Sha1.round	other	no	no
std.crypto.hash.Sha1.update	other	no	no
std.crypto.hash.ascon.variants.AsconAead128.AeadState.finalize	self	no	no
std.crypto.hash.ascon.variants.AsconAead128.AeadState.init	other	no	no
std.crypto.hash.ascon.variants.AsconAead128.AeadState.processAd	self	no	no
std.crypto.hash.ascon.variants.AsconAead128.decrypt	other	no	no
std.crypto.hash.ascon.variants.AsconAead128.encrypt	other	no	no
std.crypto.hash.ascon.variants.AsconCxof128.hash	other	no	no
std.crypto.hash.ascon.variants.AsconCxof128.init	other	no	no
std.crypto.hash.ascon.variants.AsconCxof128.squeeze	self	no	no
std.crypto.hash.ascon.variants.AsconCxof128.update	self	no	no
std.crypto.hash.ascon.variants.AsconHash256.final	self	no	no
std.crypto.hash.ascon.variants.AsconHash256.hash	other	no	no
std.crypto.hash.ascon.variants.AsconHash256.init	other	no	no
std.crypto.hash.ascon.variants.AsconHash256.update	self	no	no
std.crypto.hash.ascon.variants.AsconXof128.hash	other	no	no
std.crypto.hash.ascon.variants.AsconXof128.init	other	no	no
std.crypto.hash.ascon.variants.AsconXof128.squeeze	self	no	no
std.crypto.hash.ascon.variants.AsconXof128.update	self	no	no
std.crypto.hash.ascon.variants.State	other	no	yes
std.crypto.hash.ascon.variants.State().addByte	self	no	no
std.crypto.hash.ascon.variants.State().addBytes	self	no	no
std.crypto.hash.ascon.variants.State().asBytes	self	no	no
std.crypto.hash.ascon.variants.State().clear	self	no	no
std.crypto.hash.ascon.variants.State().endianSwap	self	no	no
std.crypto.hash.ascon.variants.State().extractBytes	self	no	no
std.crypto.hash.ascon.variants.State().init	other	no	no
std.crypto.hash.ascon.variants.State().initFromWords	other	no	no
std.crypto.hash.ascon.variants.State().initXof	none	no	no
std.crypto.hash.ascon.variants.State().initXofA	none	no	no
std.crypto.hash.ascon.variants.State().permute	other	no	no
std.crypto.hash.ascon.variants.State().permuteR	other	no	yes
std.crypto.hash.ascon.variants.State().permuteRatchet	other	no	yes
std.crypto.hash.ascon.variants.State().round	other	no	no
std.crypto.hash.ascon.variants.State().secureZero	self	no	no
std.crypto.hash.ascon.variants.State().setBytes	self	no	no
std.crypto.hash.ascon.variants.State().xorBytes	self	no	no
std.crypto.hash.blake2.Blake2b	other	no	yes
std.crypto.hash.blake2.Blake2b().final	other	no	no
std.crypto.hash.blake2.Blake2b().hash	other	no	no
std.crypto.hash.blake2.Blake2b().init	other	no	no
std.crypto.hash.blake2.Blake2b().round	other	no	no
std.crypto.hash.blake2.Blake2b().update	other	no	no
std.crypto.hash.blake2.Blake2s	other	no	yes
std.crypto.hash.blake2.Blake2s().final	other	no	no
std.crypto.hash.blake2.Blake2s().hash	other	no	no
std.crypto.hash.blake2.Blake2s().init	other	no	no
std.crypto.hash.blake2.Blake2s().round	other	no	no
std.crypto.hash.blake2.Blake2s().update	other	no	no
std.crypto.hash.blake2.roundParam	other	no	no
std.crypto.hash.composition.Composition	other	no	yes
std.crypto.hash.composition.Composition().final	other	no	no
std.crypto.hash.composition.Composition().hash	other	no	no
std.crypto.hash.composition.Composition().init	other	no	no
std.crypto.hash.composition.Composition().update	other	no	no
std.crypto.hash.sha2.Sha2x32	other	no	yes
std.crypto.hash.sha2.Sha2x32().final	other	no	no
std.crypto.hash.sha2.Sha2x32().finalResult	other	no	no
std.crypto.hash.sha2.Sha2x32().hash	other	no	no
std.crypto.hash.sha2.Sha2x32().init	other	no	no
std.crypto.hash.sha2.Sha2x32().peek	other	no	no
std.crypto.hash.sha2.Sha2x32().round	other	no	no
std.crypto.hash.sha2.Sha2x32().update	other	no	no
std.crypto.hash.sha2.Sha2x64	other	no	yes
std.crypto.hash.sha2.Sha2x64().final	other	no	no
std.crypto.hash.sha2.Sha2x64().finalResult	other	no	no
std.crypto.hash.sha2.Sha2x64().hash	other	no	no
std.crypto.hash.sha2.Sha2x64().init	other	no	no
std.crypto.hash.sha2.Sha2x64().peek	other	no	no
std.crypto.hash.sha2.Sha2x64().round	other	no	no
std.crypto.hash.sha2.Sha2x64().update	other	no	no
std.crypto.hash.sha2.roundParam256	other	no	no
std.crypto.hash.sha2.roundParam512	other	no	no
std.crypto.hash.sha2.truncatedSha512Iv	other	no	no
std.crypto.hash.sha3.CShake	other	no	yes
std.crypto.hash.sha3.CShakeLike	other	no	yes
std.crypto.hash.sha3.CShakeLike().fillBlock	self	no	no
std.crypto.hash.sha3.CShakeLike().final	self	no	no
std.crypto.hash.sha3.CShakeLike().hash	other	no	no
std.crypto.hash.sha3.CShakeLike().init	other	no	no
std.crypto.hash.sha3.CShakeLike().squeeze	self	no	no
std.crypto.hash.sha3.CShakeLike().update	self	no	no
std.crypto.hash.sha3.KMac	other	no	yes
std.crypto.hash.sha3.KMacLike	other	no	yes
std.crypto.hash.sha3.KMacLike().create	other	no	no
std.crypto.hash.sha3.KMacLike().createWithOptions	other	no	no
std.crypto.hash.sha3.KMacLike().final	self	no	no
std.crypto.hash.sha3.KMacLike().init	other	no	no
std.crypto.hash.sha3.KMacLike().initWithOptions	other	no	no
std.crypto.hash.sha3.KMacLike().squeeze	self	no	no
std.crypto.hash.sha3.KMacLike().update	self	no	no
std.crypto.hash.sha3.Keccak	other	no	yes
std.crypto.hash.sha3.Keccak().final	self	no	no
std.crypto.hash.sha3.Keccak().hash	other	no	no
std.crypto.hash.sha3.Keccak().init	other	no	no
std.crypto.hash.sha3.Keccak().update	self	no	no
std.crypto.hash.sha3.NistLengthEncoding.Length.slice	self	no	no
std.crypto.hash.sha3.NistLengthEncoding.encode	other	no	yes
std.crypto.hash.sha3.Shake	other	no	yes
std.crypto.hash.sha3.ShakeLike	other	no	yes
std.crypto.hash.sha3.ShakeLike().fillBlock	self	no	no
std.crypto.hash.sha3.ShakeLike().final	self	no	no
std.crypto.hash.sha3.ShakeLike().hash	other	no	no
std.crypto.hash.sha3.ShakeLike().init	other	no	no
std.crypto.hash.sha3.ShakeLike().squeeze	self	no	no
std.crypto.hash.sha3.ShakeLike().update	self	no	no
std.crypto.hash.sha3.TupleHash	other	no	yes
std.crypto.hash.sha3.TupleHashLike	other	no	yes
std.crypto.hash.sha3.TupleHashLike().fillBlock	self	no	no
std.crypto.hash.sha3.TupleHashLike().final	self	no	no
std.crypto.hash.sha3.TupleHashLike().init	none	no	no
std.crypto.hash.sha3.TupleHashLike().initWithOptions	other	no	no
std.crypto.hash.sha3.TupleHashLike().squeeze	self	no	no
std.crypto.hash.sha3.TupleHashLike().update	self	no	no
std.crypto.hash.sha3.TurboShake	other	no	yes
std.crypto.hash.sha3.TurboShake128	other	no	no
std.crypto.hash.sha3.TurboShake256	other	no	yes
std.crypto.hash.sha3.kangarootwelve.BatchResult	other	no	yes
std.crypto.hash.sha3.kangarootwelve.FinalLeafContext	other	no	yes
std.crypto.hash.sha3.kangarootwelve.FinalLeafContext().process	other	no	no
std.crypto.hash.sha3.kangarootwelve.KTHash	other	no	yes
std.crypto.hash.sha3.kangarootwelve.KTHash().final	self	no	no
std.crypto.hash.sha3.kangarootwelve.KTHash().flushPendingChunks	self	no	no
std.crypto.hash.sha3.kangarootwelve.KTHash().hash	other	no	no
std.crypto.hash.sha3.kangarootwelve.KTHash().hashParallel	other	yes	no
std.crypto.hash.sha3.kangarootwelve.KTHash().init	other	no	no
std.crypto.hash.sha3.kangarootwelve.KTHash().update	self	no	no
std.crypto.hash.sha3.kangarootwelve.KangarooVariant	other	no	yes
std.crypto.hash.sha3.kangarootwelve.KangarooVariant().turboShakeMultiSliceAlloc	allocator	no	no
std.crypto.hash.sha3.kangarootwelve.KangarooVariant().turboShakeToBuffer	other	no	no
std.crypto.hash.sha3.kangarootwelve.MultiSliceView.copyRange	self	no	no
std.crypto.hash.sha3.kangarootwelve.MultiSliceView.getByte	self	no	no
std.crypto.hash.sha3.kangarootwelve.MultiSliceView.init	other	no	no
std.crypto.hash.sha3.kangarootwelve.MultiSliceView.totalLen	self	no	no
std.crypto.hash.sha3.kangarootwelve.MultiSliceView.tryGetSlice	self	no	no
std.crypto.hash.sha3.kangarootwelve.RightEncoded.slice	self	no	no
std.crypto.hash.sha3.kangarootwelve.SelectLeafContext	other	no	yes
std.crypto.hash.sha3.kangarootwelve.SelectLeafContext().process	other	no	no
std.crypto.hash.sha3.kangarootwelve.addLanesAll	other	no	yes
std.crypto.hash.sha3.kangarootwelve.generatePattern	allocator	no	no
std.crypto.hash.sha3.kangarootwelve.keccakP	other	no	no
std.crypto.hash.sha3.kangarootwelve.keccakP1600timesN	other	no	yes
std.crypto.hash.sha3.kangarootwelve.keccakPLanes	other	no	no
std.crypto.hash.sha3.kangarootwelve.ktMultiThreaded	other	yes	yes
std.crypto.hash.sha3.kangarootwelve.ktSingleThreaded	other	no	yes
std.crypto.hash.sha3.kangarootwelve.load64	other	no	no
std.crypto.hash.sha3.kangarootwelve.processAndAbsorbNLeaves	other	no	yes
std.crypto.hash.sha3.kangarootwelve.processLeafBatch	other	no	yes
std.crypto.hash.sha3.kangarootwelve.processLeaves	other	no	yes
std.crypto.hash.sha3.kangarootwelve.processNLeaves	other	no	yes
std.crypto.hash.sha3.kangarootwelve.rightEncode	other	no	no
std.crypto.hash.sha3.kangarootwelve.rol64Vec	other	no	yes
std.crypto.hash.sha3.kangarootwelve.store64	other	no	no
std.crypto.hash.sha3.kangarootwelve.turboShake128MultiSlice	allocator	no	no
std.crypto.hash.sha3.kangarootwelve.turboShake128MultiSliceToBuffer	other	no	no
std.crypto.hash.sha3.kangarootwelve.turboShake256MultiSlice	allocator	no	no
std.crypto.hash.sha3.kangarootwelve.turboShake256MultiSliceToBuffer	other	no	no
std.crypto.hash.sha3.kangarootwelve.turboShakeMultiSlice	other	no	yes
std.crypto.hash.sha3.kangarootwelve.turboShakeMultiSliceToBuffer	other	no	yes
std.crypto.kdf.hkdf.Hkdf	other	no	yes
std.crypto.kdf.hkdf.Hkdf().expand	other	no	no
std.crypto.kdf.hkdf.Hkdf().extract	other	no	no
std.crypto.kdf.hkdf.Hkdf().extractInit	other	no	no
std.crypto.kem.hybrid.HybridKem	other	no	yes
std.crypto.kem.hybrid.HybridKem().KeyPair.generate	other	yes	no
std.crypto.kem.hybrid.HybridKem().KeyPair.generateDeterministic	other	no	no
std.crypto.kem.hybrid.HybridKem().PublicKey.encaps	other	yes	no
std.crypto.kem.hybrid.HybridKem().PublicKey.encapsDeterministic	other	no	no
std.crypto.kem.hybrid.HybridKem().PublicKey.encapsInner	other	no	no
std.crypto.kem.hybrid.HybridKem().PublicKey.fromBytes	other	no	no
std.crypto.kem.hybrid.HybridKem().PublicKey.toBytes	self	no	no
std.crypto.kem.hybrid.HybridKem().SecretKey.decaps	self	no	no
std.crypto.kem.hybrid.HybridKem().SecretKey.fromBytes	other	no	no
std.crypto.kem.hybrid.HybridKem().SecretKey.toBytes	self	no	no
std.crypto.kem.hybrid.HybridKem().c2priCombiner	other	no	no
std.crypto.kem.hybrid.HybridKem().expandDecapsKeyG	other	no	no
std.crypto.kem.hybrid.HybridKem().expandRandomnessSeed	other	no	no
std.crypto.kem.hybrid.NistCurveGroup	other	no	yes
std.crypto.kem.hybrid.NistCurveGroup().decodePoint	other	no	no
std.crypto.kem.hybrid.NistCurveGroup().elementToSharedSecret	other	no	no
std.crypto.kem.hybrid.NistCurveGroup().encodePoint	other	no	no
std.crypto.kem.hybrid.NistCurveGroup().mul	other	no	no
std.crypto.kem.hybrid.NistCurveGroup().mulBase	other	no	no
std.crypto.kem.hybrid.NistCurveGroup().randomScalar	other	no	no
std.crypto.kem.hybrid.X25519Group.decodePoint	other	no	no
std.crypto.kem.hybrid.X25519Group.elementToSharedSecret	other	no	no
std.crypto.kem.hybrid.X25519Group.encodePoint	other	no	no
std.crypto.kem.hybrid.X25519Group.mul	other	no	no
std.crypto.kem.hybrid.X25519Group.mulBase	other	no	no
std.crypto.kem.hybrid.X25519Group.randomScalar	other	no	no
std.crypto.nacl.salsa20.Box.createSharedSecret	other	no	no
std.crypto.nacl.salsa20.Box.open	other	no	no
std.crypto.nacl.salsa20.Box.seal	other	no	no
std.crypto.nacl.salsa20.Salsa	other	no	yes
std.crypto.nacl.salsa20.Salsa().xor	other	no	no
std.crypto.nacl.salsa20.SalsaNonVecImpl	other	no	yes
std.crypto.nacl.salsa20.SalsaNonVecImpl().Rp	other	no	no
std.crypto.nacl.salsa20.SalsaNonVecImpl().hashToBytes	other	no	no
std.crypto.nacl.salsa20.SalsaNonVecImpl().hsalsa	other	no	no
std.crypto.nacl.salsa20.SalsaNonVecImpl().initContext	other	no	no
std.crypto.nacl.salsa20.SalsaNonVecImpl().salsaCore	other	no	yes
std.crypto.nacl.salsa20.SalsaNonVecImpl().salsaXor	other	no	no
std.crypto.nacl.salsa20.SalsaVecImpl	other	no	yes
std.crypto.nacl.salsa20.SalsaVecImpl().hashToBytes	other	no	no
std.crypto.nacl.salsa20.SalsaVecImpl().hsalsa	other	no	no
std.crypto.nacl.salsa20.SalsaVecImpl().initContext	other	no	no
std.crypto.nacl.salsa20.SalsaVecImpl().salsaCore	other	no	yes
std.crypto.nacl.salsa20.SalsaVecImpl().salsaXor	other	no	no
std.crypto.nacl.salsa20.SealedBox.createNonce	other	no	no
std.crypto.nacl.salsa20.SealedBox.open	other	no	no
std.crypto.nacl.salsa20.SealedBox.seal	other	yes	no
std.crypto.nacl.salsa20.SecretBox.open	other	no	no
std.crypto.nacl.salsa20.SecretBox.seal	other	no	no
std.crypto.nacl.salsa20.XSalsa	other	no	yes
std.crypto.nacl.salsa20.XSalsa().xor	other	no	no
std.crypto.nacl.salsa20.XSalsa20Poly1305.decrypt	other	no	no
std.crypto.nacl.salsa20.XSalsa20Poly1305.encrypt	other	no	no
std.crypto.nacl.salsa20.extend	other	no	yes
std.crypto.nacl.salsa20.keyToWords	other	no	no
std.crypto.onetimeauth.Poly1305.add	other	no	no
std.crypto.onetimeauth.Poly1305.blocks	other	no	yes
std.crypto.onetimeauth.Poly1305.create	other	no	no
std.crypto.onetimeauth.Poly1305.final	other	no	no
std.crypto.onetimeauth.Poly1305.init	other	no	no
std.crypto.onetimeauth.Poly1305.pad	other	no	no
std.crypto.onetimeauth.Poly1305.sub	other	no	no
std.crypto.onetimeauth.Poly1305.update	other	no	no
std.crypto.pwhash.argon2.Params.fromLimits	other	no	no
std.crypto.pwhash.argon2.PhcFormatHasher.create	allocator	yes	no
std.crypto.pwhash.argon2.PhcFormatHasher.verify	allocator	yes	no
std.crypto.pwhash.argon2.Rp	other	no	no
std.crypto.pwhash.argon2.blake2bLong	other	no	no
std.crypto.pwhash.argon2.blamkaGeneric	other	no	no
std.crypto.pwhash.argon2.fBlaMka	other	no	no
std.crypto.pwhash.argon2.finalize	other	no	no
std.crypto.pwhash.argon2.indexAlpha	other	no	no
std.crypto.pwhash.argon2.initBlocks	other	no	no
std.crypto.pwhash.argon2.initHash	other	no	no
std.crypto.pwhash.argon2.kdf	allocator	yes	no
std.crypto.pwhash.argon2.processBlock	other	no	no
std.crypto.pwhash.argon2.processBlockGeneric	other	no	yes
std.crypto.pwhash.argon2.processBlockXor	other	no	no
std.crypto.pwhash.argon2.processBlocks	other	yes	no
std.crypto.pwhash.argon2.processBlocksAsync	other	yes	no
std.crypto.pwhash.argon2.processBlocksSync	other	no	no
std.crypto.pwhash.argon2.processSegment	other	no	no
std.crypto.pwhash.argon2.strHash	other	yes	no
std.crypto.pwhash.argon2.strVerify	other	yes	no
std.crypto.pwhash.bcrypt.CryptFormatHasher.create	other	yes	no
std.crypto.pwhash.bcrypt.CryptFormatHasher.createWithSalt	other	no	no
std.crypto.pwhash.bcrypt.CryptFormatHasher.verify	other	no	no
std.crypto.pwhash.bcrypt.PhcFormatHasher.create	other	yes	no
std.crypto.pwhash.bcrypt.PhcFormatHasher.createWithSalt	other	no	no
std.crypto.pwhash.bcrypt.PhcFormatHasher.verify	other	no	no
std.crypto.pwhash.bcrypt.State.encipher	other	no	no
std.crypto.pwhash.bcrypt.State.encrypt	other	no	no
std.crypto.pwhash.bcrypt.State.expand	other	no	no
std.crypto.pwhash.bcrypt.State.expand0	other	no	no
std.crypto.pwhash.bcrypt.State.halfRound	other	no	no
std.crypto.pwhash.bcrypt.State.toWord	other	no	no
std.crypto.pwhash.bcrypt.bcrypt	other	no	no
std.crypto.pwhash.bcrypt.bcryptWithTruncation	other	no	no
std.crypto.pwhash.bcrypt.crypt_format.strHashInternal	other	no	no
std.crypto.pwhash.bcrypt.opensshKdf	other	no	no
std.crypto.pwhash.bcrypt.pbkdf	other	no	no
std.crypto.pwhash.bcrypt.pbkdf_prf.create	other	no	no
std.crypto.pwhash.bcrypt.pbkdf_prf.final	self	no	no
std.crypto.pwhash.bcrypt.pbkdf_prf.hash	other	no	no
std.crypto.pwhash.bcrypt.pbkdf_prf.init	other	no	no
std.crypto.pwhash.bcrypt.pbkdf_prf.update	self	no	no
std.crypto.pwhash.bcrypt.phc_format.BinValue	other	no	yes
std.crypto.pwhash.bcrypt.phc_format.BinValue().constSlice	self	no	no
std.crypto.pwhash.bcrypt.phc_format.BinValue().fromB64	self	no	no
std.crypto.pwhash.bcrypt.phc_format.BinValue().fromSlice	other	no	no
std.crypto.pwhash.bcrypt.phc_format.BinValue().toB64	self	no	no
std.crypto.pwhash.bcrypt.phc_format.calcSize	other	no	yes
std.crypto.pwhash.bcrypt.phc_format.deserialize	other	no	yes
std.crypto.pwhash.bcrypt.phc_format.kvSplit	other	no	no
std.crypto.pwhash.bcrypt.phc_format.serialize	other	no	yes
std.crypto.pwhash.bcrypt.phc_format.serializeTo	other	yes	yes
std.crypto.pwhash.bcrypt.strHash	other	yes	no
std.crypto.pwhash.bcrypt.strHashWithSalt	other	no	no
std.crypto.pwhash.bcrypt.strVerify	other	no	no
std.crypto.pwhash.pbkdf2	other	no	yes
std.crypto.pwhash.scrypt.CryptFormatHasher.create	allocator	yes	no
std.crypto.pwhash.scrypt.CryptFormatHasher.createWithSalt	allocator	no	no
std.crypto.pwhash.scrypt.CryptFormatHasher.verify	allocator	no	no
std.crypto.pwhash.scrypt.Params.fromLimits	other	no	no
std.crypto.pwhash.scrypt.PhcFormatHasher.create	allocator	yes	no
std.crypto.pwhash.scrypt.PhcFormatHasher.createWithSalt	allocator	no	no
std.crypto.pwhash.scrypt.PhcFormatHasher.verify	allocator	no	no
std.crypto.pwhash.scrypt.Rp	other	no	no
std.crypto.pwhash.scrypt.blockCopy	other	no	no
std.crypto.pwhash.scrypt.blockMix	other	no	no
std.crypto.pwhash.scrypt.blockXor	other	no	no
std.crypto.pwhash.scrypt.crypt_format.BinValue	other	no	yes
std.crypto.pwhash.scrypt.crypt_format.BinValue().constSlice	self	no	no
std.crypto.pwhash.scrypt.crypt_format.BinValue().fromB64	self	no	no
std.crypto.pwhash.scrypt.crypt_format.BinValue().fromSlice	other	no	no
std.crypto.pwhash.scrypt.crypt_format.BinValue().toB64	self	no	no
std.crypto.pwhash.scrypt.crypt_format.CustomB64Codec	other	no	yes
std.crypto.pwhash.scrypt.crypt_format.CustomB64Codec().decode	other	no	no
std.crypto.pwhash.scrypt.crypt_format.CustomB64Codec().decodedLen	other	no	no
std.crypto.pwhash.scrypt.crypt_format.CustomB64Codec().encode	other	no	no
std.crypto.pwhash.scrypt.crypt_format.CustomB64Codec().encodedLen	other	no	no
std.crypto.pwhash.scrypt.crypt_format.CustomB64Codec().intDecode	other	no	yes
std.crypto.pwhash.scrypt.crypt_format.CustomB64Codec().intEncode	other	no	yes
std.crypto.pwhash.scrypt.crypt_format.HashResult	other	no	yes
std.crypto.pwhash.scrypt.crypt_format.calcSize	other	no	yes
std.crypto.pwhash.scrypt.crypt_format.deserialize	other	no	yes
std.crypto.pwhash.scrypt.crypt_format.saltFromBin	other	no	yes
std.crypto.pwhash.scrypt.crypt_format.serialize	other	no	yes
std.crypto.pwhash.scrypt.crypt_format.serializeTo	other	yes	yes
std.crypto.pwhash.scrypt.integerify	other	no	no
std.crypto.pwhash.scrypt.kdf	allocator	no	no
std.crypto.pwhash.scrypt.salsa8core	other	no	no
std.crypto.pwhash.scrypt.salsaXor	other	no	no
std.crypto.pwhash.scrypt.smix	other	no	no
std.crypto.pwhash.scrypt.strHash	other	yes	no
std.crypto.pwhash.scrypt.strHashWithSalt	other	no	no
std.crypto.pwhash.scrypt.strVerify	other	no	no
std.crypto.secureZero	other	no	yes
std.crypto.sign.Ed25519.KeyPair.fromSecretKey	other	no	no
std.crypto.sign.Ed25519.KeyPair.generate	other	yes	no
std.crypto.sign.Ed25519.KeyPair.generateDeterministic	other	no	no
std.crypto.sign.Ed25519.KeyPair.sign	other	no	no
std.crypto.sign.Ed25519.KeyPair.signer	other	yes	no
std.crypto.sign.Ed25519.KeyPair.signerWithBaseNonce	other	no	no
std.crypto.sign.Ed25519.PublicKey.computeNonceAndSign	other	no	no
std.crypto.sign.Ed25519.PublicKey.fromBytes	other	no	no
std.crypto.sign.Ed25519.PublicKey.signWithNonce	other	no	no
std.crypto.sign.Ed25519.PublicKey.toBytes	other	no	no
std.crypto.sign.Ed25519.SecretKey.fromBytes	other	no	no
std.crypto.sign.Ed25519.SecretKey.publicKeyBytes	self	no	no
std.crypto.sign.Ed25519.SecretKey.scalarAndPrefix	self	no	no
std.crypto.sign.Ed25519.SecretKey.seed	self	no	no
std.crypto.sign.Ed25519.SecretKey.toBytes	other	no	no
std.crypto.sign.Ed25519.Signature.fromBytes	other	no	no
std.crypto.sign.Ed25519.Signature.toBytes	other	no	no
std.crypto.sign.Ed25519.Signature.verifier	other	no	no
std.crypto.sign.Ed25519.Signature.verify	other	no	no
std.crypto.sign.Ed25519.Signature.verifyStrict	other	no	no
std.crypto.sign.Ed25519.Signer.finalize	self	no	no
std.crypto.sign.Ed25519.Signer.init	other	no	no
std.crypto.sign.Ed25519.Signer.update	self	no	no
std.crypto.sign.Ed25519.Verifier.init	other	no	no
std.crypto.sign.Ed25519.Verifier.isIdentity	other	no	no
std.crypto.sign.Ed25519.Verifier.update	self	no	no
std.crypto.sign.Ed25519.Verifier.verify	self	no	no
std.crypto.sign.Ed25519.Verifier.verifyStrict	self	no	no
std.crypto.sign.Ed25519.key_blinding.BlindKeyPair.init	other	no	no
std.crypto.sign.Ed25519.key_blinding.BlindKeyPair.sign	other	no	no
std.crypto.sign.Ed25519.key_blinding.BlindPublicKey.unblind	other	no	no
std.crypto.sign.Ed25519.key_blinding.blindCtx	other	no	no
std.crypto.sign.Ed25519.verifyBatch	other	yes	yes
std.crypto.sign.ecdsa.Ecdsa	other	no	yes
std.crypto.sign.ecdsa.Ecdsa().KeyPair.fromSecretKey	other	no	no
std.crypto.sign.ecdsa.Ecdsa().KeyPair.generate	other	yes	no
std.crypto.sign.ecdsa.Ecdsa().KeyPair.generateDeterministic	other	no	no
std.crypto.sign.ecdsa.Ecdsa().KeyPair.sign	other	no	no
std.crypto.sign.ecdsa.Ecdsa().KeyPair.signPrehashed	other	no	no
std.crypto.sign.ecdsa.Ecdsa().KeyPair.signer	other	no	no
std.crypto.sign.ecdsa.Ecdsa().PublicKey.fromSec1	other	no	no
std.crypto.sign.ecdsa.Ecdsa().PublicKey.toCompressedSec1	other	no	no
std.crypto.sign.ecdsa.Ecdsa().PublicKey.toUncompressedSec1	other	no	no
std.crypto.sign.ecdsa.Ecdsa().SecretKey.fromBytes	other	no	no
std.crypto.sign.ecdsa.Ecdsa().SecretKey.toBytes	other	no	no
std.crypto.sign.ecdsa.Ecdsa().Signature.fromBytes	other	no	no
std.crypto.sign.ecdsa.Ecdsa().Signature.fromDer	other	no	no
std.crypto.sign.ecdsa.Ecdsa().Signature.readDerInt	other	yes	no
std.crypto.sign.ecdsa.Ecdsa().Signature.toBytes	other	no	no
std.crypto.sign.ecdsa.Ecdsa().Signature.toDer	other	no	no
std.crypto.sign.ecdsa.Ecdsa().Signature.verifier	other	no	no
std.crypto.sign.ecdsa.Ecdsa().Signature.verify	other	no	no
std.crypto.sign.ecdsa.Ecdsa().Signature.verifyPrehashed	other	no	no
std.crypto.sign.ecdsa.Ecdsa().Signer.finalize	self	no	no
std.crypto.sign.ecdsa.Ecdsa().Signer.finalizePrehashed	self	no	no
std.crypto.sign.ecdsa.Ecdsa().Signer.init	other	no	no
std.crypto.sign.ecdsa.Ecdsa().Signer.update	self	no	no
std.crypto.sign.ecdsa.Ecdsa().Verifier.init	other	no	no
std.crypto.sign.ecdsa.Ecdsa().Verifier.update	self	no	no
std.crypto.sign.ecdsa.Ecdsa().Verifier.verify	self	no	no
std.crypto.sign.ecdsa.Ecdsa().Verifier.verifyPrehashed	self	no	no
std.crypto.sign.ecdsa.Ecdsa().deterministicScalar	other	no	no
std.crypto.sign.ecdsa.Ecdsa().reduceToScalar	other	no	yes
std.crypto.sign.ecdsa.tvTry	other	no	yes
std.crypto.sign.mldsa.MLDSAImpl	other	no	yes
std.crypto.sign.mldsa.MLDSAImpl().KeyPair.fromSecretKey	other	no	no
std.crypto.sign.mldsa.MLDSAImpl().KeyPair.generate	other	yes	no
std.crypto.sign.mldsa.MLDSAImpl().KeyPair.generateDeterministic	other	no	no
std.crypto.sign.mldsa.MLDSAImpl().KeyPair.sign	other	no	no
std.crypto.sign.mldsa.MLDSAImpl().KeyPair.signWithContext	other	no	no
std.crypto.sign.mldsa.MLDSAImpl().KeyPair.signer	self	no	no
std.crypto.sign.mldsa.MLDSAImpl().KeyPair.signerWithContext	self	no	no
std.crypto.sign.mldsa.MLDSAImpl().PublicKey.fromBytes	other	no	no
std.crypto.sign.mldsa.MLDSAImpl().PublicKey.toBytes	self	no	no
std.crypto.sign.mldsa.MLDSAImpl().SecretKey.fromBytes	other	no	no
std.crypto.sign.mldsa.MLDSAImpl().SecretKey.public	self	no	no
std.crypto.sign.mldsa.MLDSAImpl().SecretKey.signer	self	no	no
std.crypto.sign.mldsa.MLDSAImpl().SecretKey.signerWithContext	self	no	no
std.crypto.sign.mldsa.MLDSAImpl().SecretKey.toBytes	self	no	no
std.crypto.sign.mldsa.MLDSAImpl().Signature.fromBytes	other	no	no
std.crypto.sign.mldsa.MLDSAImpl().Signature.toBytes	self	no	no
std.crypto.sign.mldsa.MLDSAImpl().Signature.verifier	self	no	no
std.crypto.sign.mldsa.MLDSAImpl().Signature.verifierWithContext	self	no	no
std.crypto.sign.mldsa.MLDSAImpl().Signature.verify	other	no	no
std.crypto.sign.mldsa.MLDSAImpl().Signature.verifyWithContext	other	no	no
std.crypto.sign.mldsa.MLDSAImpl().Signer.finalize	self	no	no
std.crypto.sign.mldsa.MLDSAImpl().Signer.init	other	no	no
std.crypto.sign.mldsa.MLDSAImpl().Signer.update	self	no	no
std.crypto.sign.mldsa.MLDSAImpl().Verifier.init	other	no	no
std.crypto.sign.mldsa.MLDSAImpl().Verifier.update	self	no	no
std.crypto.sign.mldsa.MLDSAImpl().Verifier.verify	self	no	no
std.crypto.sign.mldsa.MLDSAImpl().computeT	other	no	no
std.crypto.sign.mldsa.MLDSAImpl().crh	other	no	yes
std.crypto.sign.mldsa.MLDSAImpl().newKeyFromSeed	other	no	no
std.crypto.sign.mldsa.MLDSAImpl().polyLeGamma1PackedSize	none	no	no
std.crypto.sign.mldsa.MLDSAImpl().polyLeqEtaPackedSize	none	no	no
std.crypto.sign.mldsa.MLDSAImpl().polyT0PackedSize	none	no	no
std.crypto.sign.mldsa.MLDSAImpl().polyT1PackedSize	none	no	no
std.crypto.sign.mldsa.MLDSAImpl().polyW1PackedSize	none	no	no
std.crypto.sign.mldsa.Mat	other	no	yes
std.crypto.sign.mldsa.Mat().derive	other	no	no
std.crypto.sign.mldsa.Mat().mulVec	self	no	no
std.crypto.sign.mldsa.Mat().mulVecHat	self	no	no
std.crypto.sign.mldsa.Poly.add	other	no	no
std.crypto.sign.mldsa.Poly.exceeds	other	no	no
std.crypto.sign.mldsa.Poly.invNTT	other	no	no
std.crypto.sign.mldsa.Poly.invNTTInPlace	other	no	no
std.crypto.sign.mldsa.Poly.mulHat	other	no	no
std.crypto.sign.mldsa.Poly.normalize	other	no	no
std.crypto.sign.mldsa.Poly.normalizeAssumingLe2Q	other	no	no
std.crypto.sign.mldsa.Poly.ntt	other	no	no
std.crypto.sign.mldsa.Poly.nttInPlace	other	no	no
std.crypto.sign.mldsa.Poly.power2RoundPoly	other	no	no
std.crypto.sign.mldsa.Poly.reduceLe2Q	other	no	no
std.crypto.sign.mldsa.Poly.sub	other	no	no
std.crypto.sign.mldsa.PolyVec	other	no	yes
std.crypto.sign.mldsa.PolyVec().add	other	no	no
std.crypto.sign.mldsa.PolyVec().decomposeVec	other	no	yes
std.crypto.sign.mldsa.PolyVec().deriveUniformLeGamma1	other	no	yes
std.crypto.sign.mldsa.PolyVec().exceeds	other	no	no
std.crypto.sign.mldsa.PolyVec().invNTT	other	no	no
std.crypto.sign.mldsa.PolyVec().makeHintVec	other	no	yes
std.crypto.sign.mldsa.PolyVec().map	other	no	yes
std.crypto.sign.mldsa.PolyVec().mapBinary	other	no	yes
std.crypto.sign.mldsa.PolyVec().mapBinaryPoly	other	no	yes
std.crypto.sign.mldsa.PolyVec().mulBy2toD	other	no	no
std.crypto.sign.mldsa.PolyVec().normalize	other	no	no
std.crypto.sign.mldsa.PolyVec().normalizeAssumingLe2Q	other	no	no
std.crypto.sign.mldsa.PolyVec().ntt	other	no	no
std.crypto.sign.mldsa.PolyVec().packHint	other	no	yes
std.crypto.sign.mldsa.PolyVec().packLeGamma1	other	no	yes
std.crypto.sign.mldsa.PolyVec().packLeqEta	other	no	yes
std.crypto.sign.mldsa.PolyVec().packT0	other	no	no
std.crypto.sign.mldsa.PolyVec().packT1	other	no	no
std.crypto.sign.mldsa.PolyVec().packW1	other	no	yes
std.crypto.sign.mldsa.PolyVec().packWith	other	no	yes
std.crypto.sign.mldsa.PolyVec().power2Round	other	no	no
std.crypto.sign.mldsa.PolyVec().reduceLe2Q	other	no	no
std.crypto.sign.mldsa.PolyVec().sub	other	no	no
std.crypto.sign.mldsa.PolyVec().unpackHint	other	no	yes
std.crypto.sign.mldsa.PolyVec().unpackLeGamma1	other	no	yes
std.crypto.sign.mldsa.PolyVec().unpackLeqEta	other	no	yes
std.crypto.sign.mldsa.PolyVec().unpackT0	other	no	no
std.crypto.sign.mldsa.PolyVec().unpackT1	other	no	no
std.crypto.sign.mldsa.PolyVec().unpackWith	other	no	yes
std.crypto.sign.mldsa.PolyVec().useHint	other	no	yes
std.crypto.sign.mldsa.bitMask	other	no	yes
std.crypto.sign.mldsa.centeredToPositive	other	no	yes
std.crypto.sign.mldsa.computeInvZetas	none	no	no
std.crypto.sign.mldsa.computeZetas	none	no	no
std.crypto.sign.mldsa.decompose	other	no	yes
std.crypto.sign.mldsa.dotHat	other	no	yes
std.crypto.sign.mldsa.expandMask	other	no	yes
std.crypto.sign.mldsa.expandS	other	no	yes
std.crypto.sign.mldsa.extendedEuclidean	other	no	yes
std.crypto.sign.mldsa.hexToBytes	other	no	yes
std.crypto.sign.mldsa.le2Q	other	no	no
std.crypto.sign.mldsa.le2qModQ	other	no	no
std.crypto.sign.mldsa.makeHint	other	no	yes
std.crypto.sign.mldsa.modQ	other	no	no
std.crypto.sign.mldsa.modularInverse	other	no	yes
std.crypto.sign.mldsa.modularPow	other	no	yes
std.crypto.sign.mldsa.montReduceLe2Q	other	no	no
std.crypto.sign.mldsa.montgomeryReduce	other	no	yes
std.crypto.sign.mldsa.polyDeriveUniform	other	no	no
std.crypto.sign.mldsa.polyMakeHint	other	no	yes
std.crypto.sign.mldsa.polyPackLeGamma1	other	no	yes
std.crypto.sign.mldsa.polyPackLeqEta	other	no	yes
std.crypto.sign.mldsa.polyPackT0	other	no	no
std.crypto.sign.mldsa.polyPackT1	other	no	no
std.crypto.sign.mldsa.polyPackW1	other	no	yes
std.crypto.sign.mldsa.polyUnpackLeGamma1	other	no	yes
std.crypto.sign.mldsa.polyUnpackLeqEta	other	no	yes
std.crypto.sign.mldsa.polyUnpackT0	other	no	no
std.crypto.sign.mldsa.polyUnpackT1	other	no	no
std.crypto.sign.mldsa.polyUseHint	other	no	yes
std.crypto.sign.mldsa.power2Round	other	no	no
std.crypto.sign.mldsa.sampleInBall	other	no	yes
std.crypto.sign.mldsa.sampleUniformRejection	other	no	yes
std.crypto.sign.mldsa.signMask	other	no	yes
std.crypto.sign.mldsa.testKeyGenerationBasic	other	no	yes
std.crypto.sign.mldsa.testSignAndVerify	other	no	yes
std.crypto.sign.mldsa.toMont	other	no	no
std.crypto.sign.mldsa.useHint	other	no	yes
std.crypto.stream.salsa.Salsa	other	no	yes
std.crypto.stream.salsa.Salsa().xor	other	no	no
std.crypto.stream.salsa.XSalsa	other	no	yes
std.crypto.stream.salsa.XSalsa().xor	other	no	no
std.crypto.timing_safe.add	other	no	yes
std.crypto.timing_safe.classify	other	no	yes
std.crypto.timing_safe.compare	other	no	yes
std.crypto.timing_safe.declassify	other	no	yes
std.crypto.timing_safe.eql	other	no	yes
std.crypto.timing_safe.markSecret	other	no	yes
std.crypto.timing_safe.sub	other	no	yes
std.crypto.tls.Alert.Description.toError	other	no	no
std.crypto.tls.ApplicationCipherT	other	no	yes
std.crypto.tls.CipherSuite.with	other	no	no
std.crypto.tls.Client.CertificatePublicKey.init	other	no	no
std.crypto.tls.Client.CertificatePublicKey.verifySignature	other	no	no
std.crypto.tls.Client.KeyShare.exchange	other	no	no
std.crypto.tls.Client.KeyShare.getSharedSecret	other	no	no
std.crypto.tls.Client.KeyShare.init	other	no	no
std.crypto.tls.Client.SchemeEcdsa	other	no	yes
std.crypto.tls.Client.SchemeEddsa	other	no	yes
std.crypto.tls.Client.SchemeHash	other	no	yes
std.crypto.tls.Client.SchemeRsa	other	no	yes
std.crypto.tls.Client.SslKeyLog.clientCounter	other	no	no
std.crypto.tls.Client.SslKeyLog.serverCounter	other	no	no
std.crypto.tls.Client.big	other	no	yes
std.crypto.tls.Client.drain	other	no	no
std.crypto.tls.Client.end	other	no	no
std.crypto.tls.Client.eof	other	no	no
std.crypto.tls.Client.failRead	other	no	no
std.crypto.tls.Client.flush	other	no	no
std.crypto.tls.Client.init	other	no	no
std.crypto.tls.Client.logSecrets	other	no	yes
std.crypto.tls.Client.prepareCiphertextRecord	other	no	no
std.crypto.tls.Client.readIndirect	other	no	no
std.crypto.tls.Client.readVec	other	no	no
std.crypto.tls.Client.rebase	other	no	no
std.crypto.tls.Client.stream	other	yes	no
std.crypto.tls.Client.tryDownloadRootCert	other	no	no
std.crypto.tls.Decoder.array	other	no	yes
std.crypto.tls.Decoder.decode	other	no	yes
std.crypto.tls.Decoder.ensure	other	no	no
std.crypto.tls.Decoder.eof	other	no	no
std.crypto.tls.Decoder.fromTheirSlice	other	no	no
std.crypto.tls.Decoder.readAtLeast	other	yes	no
std.crypto.tls.Decoder.readAtLeastOurAmt	other	yes	no
std.crypto.tls.Decoder.rest	other	no	no
std.crypto.tls.Decoder.skip	other	no	no
std.crypto.tls.Decoder.slice	other	no	no
std.crypto.tls.Decoder.sub	other	no	no
std.crypto.tls.HandshakeCipherT	other	no	yes
std.crypto.tls.array	other	no	yes
std.crypto.tls.emptyHash	other	no	yes
std.crypto.tls.extension	other	no	yes
std.crypto.tls.hkdfExpandLabel	other	no	yes
std.crypto.tls.hmac	other	no	yes
std.crypto.tls.hmacExpandLabel	other	no	yes
std.crypto.tls.int	other	no	yes
std.debug.ConfigurableTrace	other	no	yes
std.debug.ConfigurableTrace().addAddr	other	no	no
std.debug.ConfigurableTrace().addNoInline	other	no	no
std.debug.ConfigurableTrace().addNoOp	other	no	no
std.debug.ConfigurableTrace().dump	other	no	no
std.debug.ConfigurableTrace().format	other	no	yes
std.debug.Coverage.File.MapContext.eql	self	no	no
std.debug.Coverage.File.MapContext.hash	self	no	no
std.debug.Coverage.File.SliceAdapter.eql	self	no	no
std.debug.Coverage.File.SliceAdapter.hash	self	no	no
std.debug.Coverage.String.MapContext.eql	self	no	no
std.debug.Coverage.String.MapContext.hash	self	no	no
std.debug.Coverage.String.SliceAdapter.eql	self	no	no
std.debug.Coverage.String.SliceAdapter.hash	self	no	no
std.debug.Coverage.addStringAssumeCapacity	other	no	no
std.debug.Coverage.deinit	other	no	no
std.debug.Coverage.fileAt	other	no	no
std.debug.Coverage.resolveAddressesDwarf	other	yes	no
std.debug.Coverage.span	other	no	no
std.debug.Coverage.stringAt	other	no	no
std.debug.Dwarf.Abbrev.Table.deinit	other	no	no
std.debug.Dwarf.Abbrev.Table.get	other	no	no
std.debug.Dwarf.Abbrev.deinit	other	no	no
std.debug.Dwarf.CompileUnit.SrcLocCache.LineEntry.isInvalid	other	no	no
std.debug.Dwarf.CompileUnit.SrcLocCache.findSource	other	no	no
std.debug.Dwarf.DebugRangeIterator.init	other	no	no
std.debug.Dwarf.DebugRangeIterator.next	self	no	no
std.debug.Dwarf.Die.deinit	self	no	no
std.debug.Dwarf.Die.getAttr	self	no	no
std.debug.Dwarf.Die.getAttrAddr	self	no	no
std.debug.Dwarf.Die.getAttrRef	self	no	no
std.debug.Dwarf.Die.getAttrSecOffset	self	no	no
std.debug.Dwarf.Die.getAttrString	self	no	no
std.debug.Dwarf.Die.getAttrUnsignedLe	self	no	no
std.debug.Dwarf.FormValue.getString	other	no	no
std.debug.Dwarf.FormValue.getUInt	other	no	yes
std.debug.Dwarf.LineNumberProgram.addRow	other	no	no
std.debug.Dwarf.LineNumberProgram.init	other	no	no
std.debug.Dwarf.LineNumberProgram.reset	self	no	no
std.debug.Dwarf.SelfUnwinder.CacheEntry.find	other	no	no
std.debug.Dwarf.SelfUnwinder.CacheEntry.populate	other	no	no
std.debug.Dwarf.SelfUnwinder.applyOffset	other	no	no
std.debug.Dwarf.SelfUnwinder.computeRules	other	no	no
std.debug.Dwarf.SelfUnwinder.deinit	other	no	no
std.debug.Dwarf.SelfUnwinder.getFp	other	no	no
std.debug.Dwarf.SelfUnwinder.init	other	no	no
std.debug.Dwarf.SelfUnwinder.next	other	no	no
std.debug.Dwarf.SelfUnwinder.nextInner	other	no	no
std.debug.Dwarf.SelfUnwinder.regNative	other	no	no
std.debug.Dwarf.Unwind.CommonInformationEntry.parse	other	no	no
std.debug.Dwarf.Unwind.EhFrameHeader.SearchTable.entrySize	other	no	no
std.debug.Dwarf.Unwind.EhFrameHeader.SearchTable.findEntry	other	no	no
std.debug.Dwarf.Unwind.EhFrameHeader.parse	other	no	no
std.debug.Dwarf.Unwind.EntryHeader.read	other	no	no
std.debug.Dwarf.Unwind.FrameDescriptionEntry.parse	other	no	no
std.debug.Dwarf.Unwind.VirtualMachine.Instruction.read	other	yes	no
std.debug.Dwarf.Unwind.VirtualMachine.deinit	self	no	no
std.debug.Dwarf.Unwind.VirtualMachine.evalInstructions	other	no	no
std.debug.Dwarf.Unwind.VirtualMachine.getOrAddColumn	self	no	no
std.debug.Dwarf.Unwind.VirtualMachine.populateCieLastRow	allocator	no	no
std.debug.Dwarf.Unwind.VirtualMachine.reset	self	no	no
std.debug.Dwarf.Unwind.VirtualMachine.rowColumns	self	no	no
std.debug.Dwarf.Unwind.VirtualMachine.runTo	other	no	no
std.debug.Dwarf.Unwind.VirtualMachine.takeExprBlock	other	yes	no
std.debug.Dwarf.Unwind.deinit	other	no	no
std.debug.Dwarf.Unwind.findCie	other	no	no
std.debug.Dwarf.Unwind.getFde	other	no	no
std.debug.Dwarf.Unwind.initEhFrameHdr	other	no	no
std.debug.Dwarf.Unwind.initSection	other	no	no
std.debug.Dwarf.Unwind.lookupPc	other	no	no
std.debug.Dwarf.Unwind.maxSlice	other	no	no
std.debug.Dwarf.Unwind.prepare	other	no	no
std.debug.Dwarf.Unwind.readEhPointer	other	no	no
std.debug.Dwarf.Unwind.readEhPointerAbs	other	no	no
std.debug.Dwarf.bad	none	no	no
std.debug.Dwarf.compactUnwindToDwarfRegNumber	other	no	no
std.debug.Dwarf.deinit	other	no	no
std.debug.Dwarf.expression.Builder	other	no	yes
std.debug.Dwarf.expression.Builder().writeAddr	other	no	no
std.debug.Dwarf.expression.Builder().writeAddrx	other	no	yes
std.debug.Dwarf.expression.Builder().writeBra	other	no	no
std.debug.Dwarf.expression.Builder().writeBreg	other	no	yes
std.debug.Dwarf.expression.Builder().writeBregx	other	no	yes
std.debug.Dwarf.expression.Builder().writeCall	other	no	yes
std.debug.Dwarf.expression.Builder().writeCallRef	other	no	yes
std.debug.Dwarf.expression.Builder().writeConst	other	no	yes
std.debug.Dwarf.expression.Builder().writeConstType	other	no	yes
std.debug.Dwarf.expression.Builder().writeConstx	other	no	yes
std.debug.Dwarf.expression.Builder().writeConvert	other	no	yes
std.debug.Dwarf.expression.Builder().writeDerefSize	other	no	no
std.debug.Dwarf.expression.Builder().writeDerefType	other	no	yes
std.debug.Dwarf.expression.Builder().writeEntryValue	other	no	no
std.debug.Dwarf.expression.Builder().writeFbreg	other	no	yes
std.debug.Dwarf.expression.Builder().writeImplicitValue	other	no	no
std.debug.Dwarf.expression.Builder().writeLiteral	other	no	no
std.debug.Dwarf.expression.Builder().writeOpcode	other	no	yes
std.debug.Dwarf.expression.Builder().writePick	other	no	no
std.debug.Dwarf.expression.Builder().writePlusUconst	other	no	yes
std.debug.Dwarf.expression.Builder().writeReg	other	no	no
std.debug.Dwarf.expression.Builder().writeRegvalType	other	no	yes
std.debug.Dwarf.expression.Builder().writeRegx	other	no	yes
std.debug.Dwarf.expression.Builder().writeReinterpret	other	no	yes
std.debug.Dwarf.expression.Builder().writeSkip	other	no	no
std.debug.Dwarf.expression.Builder().writeXDerefSize	other	no	no
std.debug.Dwarf.expression.Builder().writeXDerefType	other	no	yes
std.debug.Dwarf.expression.StackMachine	other	no	yes
std.debug.Dwarf.expression.StackMachine().Value.asIntegral	self	no	no
std.debug.Dwarf.expression.StackMachine().deinit	self	no	no
std.debug.Dwarf.expression.StackMachine().generic	other	no	yes
std.debug.Dwarf.expression.StackMachine().readOperand	other	yes	no
std.debug.Dwarf.expression.StackMachine().reset	self	no	no
std.debug.Dwarf.expression.StackMachine().run	self	no	no
std.debug.Dwarf.expression.StackMachine().step	self	yes	no
std.debug.Dwarf.expression.isOpcodeRegisterLocation	other	no	no
std.debug.Dwarf.expression.isOpcodeValidInCFA	other	no	no
std.debug.Dwarf.findCompileUnit	other	no	no
std.debug.Dwarf.fpRegNum	other	no	no
std.debug.Dwarf.getAbbrevTable	other	no	no
std.debug.Dwarf.getLineNumberInfo	other	no	no
std.debug.Dwarf.getLineString	other	no	no
std.debug.Dwarf.getString	other	no	no
std.debug.Dwarf.getStringGeneric	other	no	no
std.debug.Dwarf.getSymbolName	other	no	no
std.debug.Dwarf.getSymbols	other	no	no
std.debug.Dwarf.invalidDebugInfoDetected	none	no	no
std.debug.Dwarf.ipRegNum	other	no	no
std.debug.Dwarf.missing	none	no	no
std.debug.Dwarf.open	other	no	no
std.debug.Dwarf.parseAbbrevTable	other	no	no
std.debug.Dwarf.parseDie	other	no	no
std.debug.Dwarf.parseFormValue	other	no	no
std.debug.Dwarf.populateRanges	other	no	no
std.debug.Dwarf.populateSrcLocCache	other	no	no
std.debug.Dwarf.readAddress	other	no	no
std.debug.Dwarf.readDebugAddr	other	no	no
std.debug.Dwarf.readFormatSizedInt	other	no	no
std.debug.Dwarf.readUnitHeader	other	no	no
std.debug.Dwarf.runLineNumberProgram	other	no	no
std.debug.Dwarf.scanAllCompileUnits	other	no	no
std.debug.Dwarf.scanAllFunctions	other	no	no
std.debug.Dwarf.section	other	no	no
std.debug.Dwarf.spRegNum	other	no	no
std.debug.Dwarf.supportsUnwinding	other	no	no
std.debug.ElfFile.DebugInfoSearchPaths.native	other	no	no
std.debug.ElfFile.buildSymbolSearchTable	allocator	no	yes
std.debug.ElfFile.deinit	other	no	no
std.debug.ElfFile.load	allocator	yes	no
std.debug.ElfFile.loadInner	allocator	yes	no
std.debug.ElfFile.loadSeparateDebugFile	allocator	yes	yes
std.debug.ElfFile.searchSymtab	other	no	no
std.debug.FormatStackTrace.format	other	no	no
std.debug.FullPanic	other	no	yes
std.debug.FullPanic().castToNull	none	no	no
std.debug.FullPanic().copyLenMismatch	none	no	no
std.debug.FullPanic().corruptSwitch	none	no	no
std.debug.FullPanic().divideByZero	none	no	no
std.debug.FullPanic().exactDivisionRemainder	none	no	no
std.debug.FullPanic().forLenMismatch	none	no	no
std.debug.FullPanic().inactiveUnionField	other	no	yes
std.debug.FullPanic().incorrectAlignment	none	no	no
std.debug.FullPanic().integerOutOfBounds	none	no	no
std.debug.FullPanic().integerOverflow	none	no	no
std.debug.FullPanic().integerPartOutOfBounds	none	no	no
std.debug.FullPanic().invalidEnumValue	none	no	no
std.debug.FullPanic().invalidErrorCode	none	no	no
std.debug.FullPanic().memcpyAlias	none	no	no
std.debug.FullPanic().noreturnReturned	none	no	no
std.debug.FullPanic().outOfBounds	other	no	no
std.debug.FullPanic().reachedUnreachable	none	no	no
std.debug.FullPanic().sentinelMismatch	other	no	yes
std.debug.FullPanic().shiftRhsTooBig	none	no	no
std.debug.FullPanic().shlOverflow	none	no	no
std.debug.FullPanic().shrOverflow	none	no	no
std.debug.FullPanic().sliceCastLenRemainder	other	no	no
std.debug.FullPanic().startGreaterThanEnd	other	no	no
std.debug.FullPanic().unwrapError	other	no	no
std.debug.FullPanic().unwrapNull	none	no	no
std.debug.Info.deinit	other	no	no
std.debug.Info.load	allocator	yes	no
std.debug.Info.resolveAddresses	other	yes	no
std.debug.MachOFile.OFile.SymbolAdapter.eql	other	no	no
std.debug.MachOFile.OFile.SymbolAdapter.hash	other	no	no
std.debug.MachOFile.Symbol.addressLessThan	other	no	no
std.debug.MachOFile.Symbol.find	other	no	no
std.debug.MachOFile.appendStabSymbol	other	no	no
std.debug.MachOFile.deinit	other	no	no
std.debug.MachOFile.getDwarfForAddress	other	yes	no
std.debug.MachOFile.load	allocator	yes	no
std.debug.MachOFile.loadOFile	allocator	yes	no
std.debug.MachOFile.lookupSymbolName	other	no	no
std.debug.MachOFile.mapDebugInfoFile	other	yes	no
std.debug.Pdb.BinaryAnnotation.Iterator.next	self	no	no
std.debug.Pdb.BinaryAnnotation.RangeIterator.PartialRange.resolve	self	no	no
std.debug.Pdb.BinaryAnnotation.RangeIterator.Range.contains	self	no	no
std.debug.Pdb.BinaryAnnotation.RangeIterator.init	other	no	no
std.debug.Pdb.BinaryAnnotation.RangeIterator.next	self	no	no
std.debug.Pdb.BinaryAnnotation.decodeI32	other	no	no
std.debug.Pdb.BinaryAnnotation.expect	other	no	yes
std.debug.Pdb.BinaryAnnotation.take	other	yes	no
std.debug.Pdb.BinaryAnnotation.takePackedI32	other	yes	no
std.debug.Pdb.BinaryAnnotation.takePackedU32	other	yes	no
std.debug.Pdb.InlineSiteSymIterator.next	other	no	no
std.debug.Pdb.InlineeSourceLine.compare	other	no	no
std.debug.Pdb.InlineeSourceLine.lessThan	other	no	no
std.debug.Pdb.Module.deinit	self	no	no
std.debug.Pdb.Msf.deinit	self	no	no
std.debug.Pdb.Msf.init	allocator	no	no
std.debug.Pdb.MsfStream.getFilePos	other	no	no
std.debug.Pdb.MsfStream.getSize	other	no	no
std.debug.Pdb.MsfStream.init	other	no	no
std.debug.Pdb.MsfStream.logicalPos	other	no	no
std.debug.Pdb.MsfStream.seekBy	other	no	no
std.debug.Pdb.MsfStream.seekTo	other	no	no
std.debug.Pdb.MsfStream.stream	other	yes	no
std.debug.Pdb.blockCountFromSize	other	no	no
std.debug.Pdb.deinit	self	no	no
std.debug.Pdb.findInlineeName	self	no	no
std.debug.Pdb.getBinaryAnnotations	self	no	no
std.debug.Pdb.getFileName	self	no	no
std.debug.Pdb.getInlineSiteSourceLocation	self	no	no
std.debug.Pdb.getInlineeSourceLines	self	no	no
std.debug.Pdb.getInlinees	self	no	no
std.debug.Pdb.getLineNumberInfo	self	no	no
std.debug.Pdb.getModule	self	no	no
std.debug.Pdb.getProcSym	self	no	no
std.debug.Pdb.getStream	self	no	no
std.debug.Pdb.getStreamById	self	no	no
std.debug.Pdb.getSymbolName	self	no	no
std.debug.Pdb.init	allocator	no	no
std.debug.Pdb.parseDbiStream	self	no	no
std.debug.Pdb.parseInfoStream	self	no	no
std.debug.Pdb.parseIpiStream	self	no	no
std.debug.Pdb.readSparseBitVector	other	yes	no
std.debug.SafetyLock.assertLocked	other	no	no
std.debug.SafetyLock.assertUnlocked	other	no	no
std.debug.SafetyLock.lock	other	no	no
std.debug.SafetyLock.unlock	other	no	no
std.debug.StackIterator.applyOffset	other	no	yes
std.debug.StackIterator.deinit	other	no	no
std.debug.StackIterator.flushSparcWindows	none	no	no
std.debug.StackIterator.init	other	no	no
std.debug.StackIterator.next	other	yes	no
std.debug.StackIterator.stratOk	other	no	no
std.debug.assert	other	no	no
std.debug.assertAligned	other	no	yes
std.debug.assertReadable	other	no	no
std.debug.attachSegfaultHandler	none	no	no
std.debug.captureCurrentStackTrace	other	no	no
std.debug.cpu_context.Aarch64.current	none	no	no
std.debug.cpu_context.Aarch64.dwarfRegisterBytes	other	no	no
std.debug.cpu_context.Aarch64.getFp	other	no	no
std.debug.cpu_context.Aarch64.getPc	other	no	no
std.debug.cpu_context.Arc.current	none	no	no
std.debug.cpu_context.Arc.dwarfRegisterBytes	other	no	no
std.debug.cpu_context.Arc.getFp	other	no	no
std.debug.cpu_context.Arc.getPc	other	no	no
std.debug.cpu_context.Arm.current	none	no	no
std.debug.cpu_context.Arm.dwarfRegisterBytes	other	no	no
std.debug.cpu_context.Arm.getFp	other	no	no
std.debug.cpu_context.Arm.getPc	other	no	no
std.debug.cpu_context.Csky.current	none	no	no
std.debug.cpu_context.Csky.dwarfRegisterBytes	other	no	no
std.debug.cpu_context.Csky.getFp	other	no	no
std.debug.cpu_context.Csky.getPc	other	no	no
std.debug.cpu_context.Hexagon.current	none	no	no
std.debug.cpu_context.Hexagon.dwarfRegisterBytes	other	no	no
std.debug.cpu_context.Hexagon.getFp	other	no	no
std.debug.cpu_context.Hexagon.getPc	other	no	no
std.debug.cpu_context.Kvx.current	none	no	no
std.debug.cpu_context.Kvx.dwarfRegisterBytes	other	no	no
std.debug.cpu_context.Kvx.getFp	other	no	no
std.debug.cpu_context.Kvx.getPc	other	no	no
std.debug.cpu_context.Lanai.current	none	no	no
std.debug.cpu_context.Lanai.dwarfRegisterBytes	other	no	no
std.debug.cpu_context.Lanai.getFp	other	no	no
std.debug.cpu_context.Lanai.getPc	other	no	no
std.debug.cpu_context.LoongArch.current	none	no	no
std.debug.cpu_context.LoongArch.dwarfRegisterBytes	other	no	no
std.debug.cpu_context.LoongArch.getFp	other	no	no
std.debug.cpu_context.LoongArch.getPc	other	no	no
std.debug.cpu_context.M68k.current	none	no	no
std.debug.cpu_context.M68k.dwarfRegisterBytes	other	no	no
std.debug.cpu_context.M68k.getFp	other	no	no
std.debug.cpu_context.M68k.getPc	other	no	no
std.debug.cpu_context.Mips.current	none	no	no
std.debug.cpu_context.Mips.dwarfRegisterBytes	other	no	no
std.debug.cpu_context.Mips.getFp	other	no	no
std.debug.cpu_context.Mips.getPc	other	no	no
std.debug.cpu_context.Or1k.current	none	no	no
std.debug.cpu_context.Or1k.dwarfRegisterBytes	other	no	no
std.debug.cpu_context.Or1k.getFp	other	no	no
std.debug.cpu_context.Or1k.getPc	other	no	no
std.debug.cpu_context.Powerpc.current	none	no	no
std.debug.cpu_context.Powerpc.dwarfRegisterBytes	other	no	no
std.debug.cpu_context.Powerpc.getFp	other	no	no
std.debug.cpu_context.Powerpc.getPc	other	no	no
std.debug.cpu_context.Riscv.current	none	no	no
std.debug.cpu_context.Riscv.dwarfRegisterBytes	other	no	no
std.debug.cpu_context.Riscv.getFp	other	no	no
std.debug.cpu_context.Riscv.getPc	other	no	no
std.debug.cpu_context.S390x.current	none	no	no
std.debug.cpu_context.S390x.dwarfRegisterBytes	other	no	no
std.debug.cpu_context.S390x.getFp	other	no	no
std.debug.cpu_context.S390x.getPc	other	no	no
std.debug.cpu_context.Sparc.current	none	no	no
std.debug.cpu_context.Sparc.dwarfRegisterBytes	other	no	no
std.debug.cpu_context.Sparc.flushWindows	none	no	no
std.debug.cpu_context.Sparc.getFp	other	no	no
std.debug.cpu_context.Sparc.getPc	other	no	no
std.debug.cpu_context.Ve.current	none	no	no
std.debug.cpu_context.Ve.dwarfRegisterBytes	other	no	no
std.debug.cpu_context.Ve.getFp	other	no	no
std.debug.cpu_context.Ve.getPc	other	no	no
std.debug.cpu_context.X86.current	none	no	no
std.debug.cpu_context.X86.dwarfRegisterBytes	other	no	no
std.debug.cpu_context.X86.getFp	other	no	no
std.debug.cpu_context.X86.getPc	other	no	no
std.debug.cpu_context.X86_16.current	none	no	no
std.debug.cpu_context.X86_16.dwarfRegisterBytes	other	no	no
std.debug.cpu_context.X86_16.getFp	other	no	no
std.debug.cpu_context.X86_16.getPc	other	no	no
std.debug.cpu_context.X86_64.current	none	no	no
std.debug.cpu_context.X86_64.dwarfRegisterBytes	other	no	no
std.debug.cpu_context.X86_64.getFp	other	no	no
std.debug.cpu_context.X86_64.getPc	other	no	no
std.debug.cpu_context.fromPosixSignalContext	other	no	no
std.debug.cpu_context.fromWindowsContext	other	no	no
std.debug.defaultHandleSegfault	other	no	no
std.debug.defaultPanic	other	no	no
std.debug.dumpCurrentStackTrace	other	no	no
std.debug.dumpErrorReturnTrace	other	no	no
std.debug.dumpHex	other	no	no
std.debug.dumpHexFallible	other	yes	no
std.debug.dumpStackPointerAddr	other	no	no
std.debug.dumpStackTrace	other	no	no
std.debug.getDebugInfoAllocator	none	no	no
std.debug.getSelfDebugInfo	none	no	no
std.debug.handleSegfault	other	no	no
std.debug.handleSegfaultPosix	other	no	no
std.debug.handleSegfaultWindows	other	no	no
std.debug.inValgrind	none	no	no
std.debug.lockStderr	other	yes	no
std.debug.maybeEnableSegfaultHandler	none	no	no
std.debug.no_panic.call	other	no	no
std.debug.no_panic.castToNull	none	no	no
std.debug.no_panic.copyLenMismatch	none	no	no
std.debug.no_panic.corruptSwitch	none	no	no
std.debug.no_panic.divideByZero	none	no	no
std.debug.no_panic.exactDivisionRemainder	none	no	no
std.debug.no_panic.forLenMismatch	none	no	no
std.debug.no_panic.inactiveUnionField	other	no	yes
std.debug.no_panic.incorrectAlignment	none	no	no
std.debug.no_panic.integerOutOfBounds	none	no	no
std.debug.no_panic.integerOverflow	none	no	no
std.debug.no_panic.integerPartOutOfBounds	none	no	no
std.debug.no_panic.invalidEnumValue	none	no	no
std.debug.no_panic.invalidErrorCode	none	no	no
std.debug.no_panic.memcpyAlias	none	no	no
std.debug.no_panic.noreturnReturned	none	no	no
std.debug.no_panic.outOfBounds	other	no	no
std.debug.no_panic.reachedUnreachable	none	no	no
std.debug.no_panic.sentinelMismatch	other	no	yes
std.debug.no_panic.shiftRhsTooBig	none	no	no
std.debug.no_panic.shlOverflow	none	no	no
std.debug.no_panic.shrOverflow	none	no	no
std.debug.no_panic.sliceCastLenRemainder	other	no	no
std.debug.no_panic.startGreaterThanEnd	other	no	no
std.debug.no_panic.unwrapError	other	no	no
std.debug.no_panic.unwrapNull	none	no	no
std.debug.panic	other	no	yes
std.debug.panicExtra	other	no	yes
std.debug.print	other	no	yes
std.debug.printLineFromFile	other	yes	no
std.debug.printLineInfo	other	yes	no
std.debug.printSourceAtAddress	other	yes	no
std.debug.resetSegfaultHandler	none	no	no
std.debug.simple_panic.call	other	no	no
std.debug.simple_panic.castToNull	none	no	no
std.debug.simple_panic.copyLenMismatch	none	no	no
std.debug.simple_panic.corruptSwitch	none	no	no
std.debug.simple_panic.divideByZero	none	no	no
std.debug.simple_panic.exactDivisionRemainder	none	no	no
std.debug.simple_panic.forLenMismatch	none	no	no
std.debug.simple_panic.inactiveUnionField	other	no	yes
std.debug.simple_panic.incorrectAlignment	none	no	no
std.debug.simple_panic.integerOutOfBounds	none	no	no
std.debug.simple_panic.integerOverflow	none	no	no
std.debug.simple_panic.integerPartOutOfBounds	none	no	no
std.debug.simple_panic.invalidEnumValue	none	no	no
std.debug.simple_panic.invalidErrorCode	none	no	no
std.debug.simple_panic.memcpyAlias	none	no	no
std.debug.simple_panic.noreturnReturned	none	no	no
std.debug.simple_panic.outOfBounds	other	no	no
std.debug.simple_panic.reachedUnreachable	none	no	no
std.debug.simple_panic.sentinelMismatch	other	no	yes
std.debug.simple_panic.shiftRhsTooBig	none	no	no
std.debug.simple_panic.shlOverflow	none	no	no
std.debug.simple_panic.shrOverflow	none	no	no
std.debug.simple_panic.sliceCastLenRemainder	other	no	no
std.debug.simple_panic.startGreaterThanEnd	other	no	no
std.debug.simple_panic.unwrapError	other	no	no
std.debug.simple_panic.unwrapNull	none	no	no
std.debug.stripInstructionPtrAuthCode	other	no	no
std.debug.unlockStderr	none	no	no
std.debug.updateSegfaultHandler	other	no	no
std.debug.waitForOtherThreadToFinishPanicking	none	no	no
std.debug.writeCurrentStackTrace	other	yes	no
std.debug.writeErrorReturnTrace	other	yes	no
std.debug.writeStackTrace	other	yes	no
std.debug.writeTrace	other	yes	no
std.elf.CLASS.ElfN	other	no	yes
std.elf.DynamicSectionBufferIterator.next	other	no	no
std.elf.DynamicSectionIterator.next	other	no	no
std.elf.Elf32_Rel.r_sym	self	no	no
std.elf.Elf32_Rel.r_type	self	no	no
std.elf.Elf32_Rela.r_sym	self	no	no
std.elf.Elf32_Rela.r_type	self	no	no
std.elf.Elf32_Sym.st_bind	self	no	no
std.elf.Elf32_Sym.st_type	self	no	no
std.elf.Elf64_Rel.r_sym	self	no	no
std.elf.Elf64_Rel.r_type	self	no	no
std.elf.Elf64_Rela.r_sym	self	no	no
std.elf.Elf64_Rela.r_type	self	no	no
std.elf.Elf64_Sym.st_bind	self	no	no
std.elf.Elf64_Sym.st_type	self	no	no
std.elf.Header.init	other	no	yes
std.elf.Header.iterateDynamicSection	other	yes	no
std.elf.Header.iterateDynamicSectionBuffer	other	no	no
std.elf.Header.iterateProgramHeaders	other	yes	no
std.elf.Header.iterateProgramHeadersBuffer	other	no	no
std.elf.Header.iterateSectionHeaders	other	yes	no
std.elf.Header.iterateSectionHeadersBuffer	other	no	no
std.elf.Header.read	other	yes	no
std.elf.ProgramHeaderBufferIterator.next	other	no	no
std.elf.ProgramHeaderIterator.next	other	no	no
std.elf.SectionHeaderBufferIterator.next	other	no	no
std.elf.SectionHeaderIterator.next	other	no	no
std.elf.ar_hdr.date	self	no	no
std.elf.ar_hdr.isStrtab	self	no	no
std.elf.ar_hdr.isSymdef	self	no	no
std.elf.ar_hdr.isSymdefSorted	self	no	no
std.elf.ar_hdr.isSymtab	self	no	no
std.elf.ar_hdr.isSymtab64	self	no	no
std.elf.ar_hdr.name	self	no	no
std.elf.ar_hdr.nameOffset	self	no	no
std.elf.ar_hdr.size	self	no	no
std.elf.genSpecialMemberName	other	no	yes
std.elf.gnu_hash.calculate	other	no	no
std.elf.takeDynamicSection	other	yes	no
std.elf.takeProgramHeader	other	yes	no
std.elf.takeSectionHeader	other	yes	no
std.enums.BoundedEnumMultiset	other	no	yes
std.enums.BoundedEnumMultiset().add	self	no	no
std.enums.BoundedEnumMultiset().addAssertSafe	self	no	no
std.enums.BoundedEnumMultiset().addSet	self	no	no
std.enums.BoundedEnumMultiset().addSetAssertSafe	self	no	no
std.enums.BoundedEnumMultiset().contains	self	no	no
std.enums.BoundedEnumMultiset().count	self	no	no
std.enums.BoundedEnumMultiset().eql	self	no	no
std.enums.BoundedEnumMultiset().getCount	self	no	no
std.enums.BoundedEnumMultiset().init	other	no	no
std.enums.BoundedEnumMultiset().initWithCount	other	no	yes
std.enums.BoundedEnumMultiset().iterator	self	no	no
std.enums.BoundedEnumMultiset().minus	self	no	no
std.enums.BoundedEnumMultiset().plus	self	no	no
std.enums.BoundedEnumMultiset().plusAssertSafe	self	no	no
std.enums.BoundedEnumMultiset().remove	self	no	no
std.enums.BoundedEnumMultiset().removeAll	self	no	no
std.enums.BoundedEnumMultiset().removeSet	self	no	no
std.enums.BoundedEnumMultiset().setCount	self	no	no
std.enums.BoundedEnumMultiset().subsetOf	self	no	no
std.enums.BoundedEnumMultiset().supersetOf	self	no	no
std.enums.EnumArray	other	no	yes
std.enums.EnumArray().Iterator.next	self	no	no
std.enums.EnumArray().get	self	no	no
std.enums.EnumArray().getPtr	self	no	no
std.enums.EnumArray().getPtrConst	self	no	no
std.enums.EnumArray().init	other	no	no
std.enums.EnumArray().initDefault	other	no	yes
std.enums.EnumArray().initFill	other	no	no
std.enums.EnumArray().initUndefined	none	no	no
std.enums.EnumArray().iterator	self	no	no
std.enums.EnumArray().set	self	no	no
std.enums.EnumFieldStruct	other	no	yes
std.enums.EnumIndexer	other	no	yes
std.enums.EnumIndexer().indexOf	other	no	no
std.enums.EnumIndexer().keyForIndex	other	no	no
std.enums.EnumMap	other	no	yes
std.enums.EnumMap().Iterator.next	self	no	no
std.enums.EnumMap().contains	self	no	no
std.enums.EnumMap().count	self	no	no
std.enums.EnumMap().fetchPut	self	no	no
std.enums.EnumMap().fetchRemove	self	no	no
std.enums.EnumMap().get	self	no	no
std.enums.EnumMap().getAssertContains	self	no	no
std.enums.EnumMap().getPtr	self	no	no
std.enums.EnumMap().getPtrAssertContains	self	no	no
std.enums.EnumMap().getPtrConst	self	no	no
std.enums.EnumMap().getPtrConstAssertContains	self	no	no
std.enums.EnumMap().init	other	no	no
std.enums.EnumMap().initFull	other	no	no
std.enums.EnumMap().initFullWith	other	no	no
std.enums.EnumMap().initFullWithDefault	other	no	yes
std.enums.EnumMap().iterator	self	no	no
std.enums.EnumMap().put	self	no	no
std.enums.EnumMap().putUninitialized	self	no	no
std.enums.EnumMap().remove	self	no	no
std.enums.EnumMultiset	other	no	yes
std.enums.EnumSet	other	no	yes
std.enums.EnumSet().Iterator.next	self	no	no
std.enums.EnumSet().complement	self	no	no
std.enums.EnumSet().contains	self	no	no
std.enums.EnumSet().count	self	no	no
std.enums.EnumSet().differenceWith	self	no	no
std.enums.EnumSet().eql	self	no	no
std.enums.EnumSet().init	other	no	no
std.enums.EnumSet().initEmpty	none	no	no
std.enums.EnumSet().initFull	none	no	no
std.enums.EnumSet().initMany	other	no	no
std.enums.EnumSet().initOne	other	no	no
std.enums.EnumSet().insert	self	no	no
std.enums.EnumSet().intersectWith	self	no	no
std.enums.EnumSet().iterator	self	no	no
std.enums.EnumSet().remove	self	no	no
std.enums.EnumSet().setIntersection	self	no	no
std.enums.EnumSet().setPresent	self	no	no
std.enums.EnumSet().setUnion	self	no	no
std.enums.EnumSet().subsetOf	self	no	no
std.enums.EnumSet().supersetOf	self	no	no
std.enums.EnumSet().toggle	self	no	no
std.enums.EnumSet().toggleAll	self	no	no
std.enums.EnumSet().toggleSet	self	no	no
std.enums.EnumSet().unionWith	self	no	no
std.enums.EnumSet().xorWith	self	no	no
std.enums.directEnumArray	other	no	yes
std.enums.directEnumArrayDefault	other	no	yes
std.enums.directEnumArrayLen	other	no	yes
std.enums.fromInt	other	no	yes
std.enums.tagName	other	no	yes
std.enums.values	other	no	yes
std.enums.valuesFromFields	other	no	yes
std.fmt.Alt	other	no	yes
std.fmt.Alt().format	self	no	no
std.fmt.ArgState.hasUnusedArgs	self	no	no
std.fmt.ArgState.nextArg	self	no	no
std.fmt.Number.Mode.base	other	no	no
std.fmt.Options.toNumber	other	no	no
std.fmt.Parser.char	self	no	no
std.fmt.Parser.maybe	self	no	no
std.fmt.Parser.number	self	no	no
std.fmt.Parser.peek	self	no	no
std.fmt.Parser.specifier	self	no	no
std.fmt.Parser.until	self	no	no
std.fmt.Placeholder.parse	other	no	yes
std.fmt.allocPrint	allocator	no	yes
std.fmt.allocPrintSentinel	allocator	no	yes
std.fmt.alt	other	no	yes
std.fmt.bufPrint	other	no	yes
std.fmt.bufPrintSentinel	other	no	yes
std.fmt.bufPrintZ	other	no	yes
std.fmt.bytesToHex	other	no	yes
std.fmt.charToDigit	other	no	no
std.fmt.comptimePrint	other	no	yes
std.fmt.count	other	no	yes
std.fmt.digitToChar	other	no	no
std.fmt.digits2	other	no	no
std.fmt.expectArrayFmt	other	no	yes
std.fmt.float.Backend128_Tables.computeInvPow5	other	no	no
std.fmt.float.Backend128_Tables.computePow5	other	no	no
std.fmt.float.Backend64_TablesFull.computeInvPow5	other	no	no
std.fmt.float.Backend64_TablesFull.computePow5	other	no	no
std.fmt.float.Backend64_TablesSmall.computeInvPow5	other	no	no
std.fmt.float.Backend64_TablesSmall.computePow5	other	no	no
std.fmt.float.FloatDecimal	other	no	yes
std.fmt.float.binaryToDecimal	other	no	yes
std.fmt.float.bufferSize	other	no	yes
std.fmt.float.cast_i32	other	no	yes
std.fmt.float.check	other	no	yes
std.fmt.float.copySpecialStr	other	no	yes
std.fmt.float.decimalLength	other	no	yes
std.fmt.float.formatDecimal	other	no	yes
std.fmt.float.formatScientific	other	no	yes
std.fmt.float.isPowerOf10	other	no	no
std.fmt.float.log10Pow2	other	no	no
std.fmt.float.log10Pow5	other	no	no
std.fmt.float.mulShift128	other	no	no
std.fmt.float.mulShift64	other	no	no
std.fmt.float.mul_128_256_shift	other	no	no
std.fmt.float.multipleOfPowerOf2	other	no	yes
std.fmt.float.multipleOfPowerOf5	other	no	yes
std.fmt.float.pow5Bits	other	no	no
std.fmt.float.pow5Factor	other	no	yes
std.fmt.float.render	other	no	yes
std.fmt.float.round	other	no	yes
std.fmt.float.writeDecimal	other	no	yes
std.fmt.hex	other	no	yes
std.fmt.hexToBytes	other	no	no
std.fmt.parseFloat	other	no	yes
std.fmt.parseInt	other	no	yes
std.fmt.parseIntSizeSuffix	other	no	no
std.fmt.parseIntWithGenericCharacter	other	no	yes
std.fmt.parseIntWithSign	other	no	yes
std.fmt.parseUnsigned	other	no	yes
std.fmt.printInt	other	no	yes
std.fs.path.ComponentIterator	other	no	yes
std.fs.path.ComponentIterator().first	self	no	no
std.fs.path.ComponentIterator().init	other	no	no
std.fs.path.ComponentIterator().last	self	no	no
std.fs.path.ComponentIterator().next	self	no	no
std.fs.path.ComponentIterator().peekNext	self	no	no
std.fs.path.ComponentIterator().peekPrevious	self	no	no
std.fs.path.ComponentIterator().previous	self	no	no
std.fs.path.ComponentIterator().root	self	no	no
std.fs.path.PathType.isSep	other	no	yes
std.fs.path.WindowsPath2	other	no	yes
std.fs.path.WindowsUNC	other	no	yes
std.fs.path.basename	other	no	no
std.fs.path.basenameInner	other	no	yes
std.fs.path.basenamePosix	other	no	no
std.fs.path.basenameWindows	other	no	no
std.fs.path.compareDiskDesignators	other	no	yes
std.fs.path.componentIterator	other	no	no
std.fs.path.dirname	other	no	no
std.fs.path.dirnameInner	other	no	yes
std.fs.path.dirnamePosix	other	no	no
std.fs.path.dirnameWindows	other	no	no
std.fs.path.diskDesignator	other	no	no
std.fs.path.diskDesignatorWindows	other	no	no
std.fs.path.extension	other	no	no
std.fs.path.fmtJoin	other	no	no
std.fs.path.formatJoin	other	yes	no
std.fs.path.getDriveLetter	other	no	yes
std.fs.path.getWin32PathType	other	no	yes
std.fs.path.isAbsolute	other	no	no
std.fs.path.isAbsolutePosix	other	no	no
std.fs.path.isAbsolutePosixZ	other	no	no
std.fs.path.isAbsoluteWindows	other	no	no
std.fs.path.isAbsoluteWindowsImpl	other	no	yes
std.fs.path.isAbsoluteWindowsW	other	no	no
std.fs.path.isAbsoluteWindowsWtf16	other	no	no
std.fs.path.isAbsoluteWindowsZ	other	no	no
std.fs.path.isAbsoluteZ	other	no	no
std.fs.path.isSep	other	no	no
std.fs.path.join	allocator	no	no
std.fs.path.joinSepMaybeZ	allocator	no	yes
std.fs.path.joinZ	allocator	no	no
std.fs.path.parsePath	other	no	no
std.fs.path.parsePathPosix	other	no	no
std.fs.path.parsePathWindows	other	no	yes
std.fs.path.parseUNC	other	no	yes
std.fs.path.relative	allocator	no	no
std.fs.path.relativePosix	allocator	no	no
std.fs.path.relativeWindows	allocator	no	no
std.fs.path.resolve	allocator	no	no
std.fs.path.resolvePosix	allocator	no	no
std.fs.path.resolveWindows	allocator	no	no
std.fs.path.stem	other	no	no
std.fs.path.testBasename	other	no	no
std.fs.path.testBasenamePosix	other	no	no
std.fs.path.testBasenameWindows	other	no	no
std.fs.path.testCompareDiskDesignators	other	no	no
std.fs.path.testDirnamePosix	other	no	no
std.fs.path.testDirnameWindows	other	no	no
std.fs.path.testExtension	other	no	no
std.fs.path.testIsAbsolutePosix	other	no	no
std.fs.path.testIsAbsoluteWindows	other	no	no
std.fs.path.testJoinMaybeZPosix	other	no	no
std.fs.path.testJoinMaybeZUefi	other	no	no
std.fs.path.testJoinMaybeZWindows	other	no	no
std.fs.path.testRelativePosix	other	no	no
std.fs.path.testRelativeWindows	other	no	no
std.fs.path.testResolvePosix	other	no	no
std.fs.path.testResolveWindows	other	no	no
std.fs.path.testStem	other	no	no
std.fs.path.testWindowsParsePathHarmony	other	no	no
std.fs.path.windowsParsePath	other	no	no
std.fs.path.windowsResolveAgainstCwd	allocator	no	no
std.gpu.executionMode	other	no	yes
std.hash.Adler32.hash	other	no	no
std.hash.Adler32.permute	other	no	no
std.hash.Adler32.update	other	no	no
std.hash.auto_hash.autoHash	other	no	yes
std.hash.auto_hash.hash	other	no	yes
std.hash.auto_hash.hashArray	other	no	yes
std.hash.auto_hash.hashPointer	other	no	yes
std.hash.auto_hash.testHash	other	no	yes
std.hash.auto_hash.testHashDeep	other	no	yes
std.hash.auto_hash.testHashDeepRecursive	other	no	yes
std.hash.auto_hash.testHashShallow	other	no	yes
std.hash.auto_hash.typeContainsSlice	other	no	yes
std.hash.cityhash.CityHash32.fmix	other	no	no
std.hash.cityhash.CityHash32.hash	other	no	no
std.hash.cityhash.CityHash32.hash32Len0To4	other	no	no
std.hash.cityhash.CityHash32.hash32Len13To24	other	no	no
std.hash.cityhash.CityHash32.hash32Len5To12	other	no	no
std.hash.cityhash.CityHash32.mur	other	no	no
std.hash.cityhash.CityHash32.rotr32	other	no	yes
std.hash.cityhash.CityHash32hashIgnoreSeed	other	no	no
std.hash.cityhash.CityHash64.hash	other	no	no
std.hash.cityhash.CityHash64.hash128To64	other	no	no
std.hash.cityhash.CityHash64.hashLen0To16	other	no	no
std.hash.cityhash.CityHash64.hashLen16	other	no	no
std.hash.cityhash.CityHash64.hashLen16Mul	other	no	no
std.hash.cityhash.CityHash64.hashLen17To32	other	no	no
std.hash.cityhash.CityHash64.hashLen33To64	other	no	no
std.hash.cityhash.CityHash64.hashWithSeed	other	no	no
std.hash.cityhash.CityHash64.hashWithSeeds	other	no	no
std.hash.cityhash.CityHash64.rotr64	other	no	yes
std.hash.cityhash.CityHash64.shiftmix	other	no	no
std.hash.cityhash.CityHash64.weakHashLen32WithSeeds	other	no	no
std.hash.cityhash.CityHash64.weakHashLen32WithSeedsHelper	other	no	no
std.hash.cityhash.fetch32	other	no	no
std.hash.cityhash.fetch64	other	no	no
std.hash.cityhash.offsetPtr	other	no	no
std.hash.crc.impl.Algorithm	other	no	yes
std.hash.crc.impl.Crc	other	no	yes
std.hash.crc.impl.Crc().final	self	no	no
std.hash.crc.impl.Crc().hash	other	no	no
std.hash.crc.impl.Crc().init	none	no	no
std.hash.crc.impl.Crc().tableEntry	other	no	no
std.hash.crc.impl.Crc().update	self	no	no
std.hash.fnv.Fnv1a	other	no	yes
std.hash.fnv.Fnv1a().final	self	no	no
std.hash.fnv.Fnv1a().hash	other	no	no
std.hash.fnv.Fnv1a().init	none	no	no
std.hash.fnv.Fnv1a().update	self	no	no
std.hash.fnv.verify.hashMaybeSeed	other	no	yes
std.hash.fnv.verify.initMaybeSeed	other	no	yes
std.hash.fnv.verify.iterativeApi	other	no	yes
std.hash.fnv.verify.smhasher	other	no	yes
std.hash.int	other	no	yes
std.hash.murmur.Murmur2_32.hash	other	no	no
std.hash.murmur.Murmur2_32.hashUint32	other	no	no
std.hash.murmur.Murmur2_32.hashUint32WithSeed	other	no	no
std.hash.murmur.Murmur2_32.hashUint64	other	no	no
std.hash.murmur.Murmur2_32.hashUint64WithSeed	other	no	no
std.hash.murmur.Murmur2_32.hashWithSeed	other	no	no
std.hash.murmur.Murmur2_64.hash	other	no	no
std.hash.murmur.Murmur2_64.hashUint32	other	no	no
std.hash.murmur.Murmur2_64.hashUint32WithSeed	other	no	no
std.hash.murmur.Murmur2_64.hashUint64	other	no	no
std.hash.murmur.Murmur2_64.hashUint64WithSeed	other	no	no
std.hash.murmur.Murmur2_64.hashWithSeed	other	no	no
std.hash.murmur.Murmur3_32.hash	other	no	no
std.hash.murmur.Murmur3_32.hashUint32	other	no	no
std.hash.murmur.Murmur3_32.hashUint32WithSeed	other	no	no
std.hash.murmur.Murmur3_32.hashUint64	other	no	no
std.hash.murmur.Murmur3_32.hashUint64WithSeed	other	no	no
std.hash.murmur.Murmur3_32.hashWithSeed	other	no	no
std.hash.murmur.Murmur3_32.rotl32	other	no	yes
std.hash.uint16	other	no	no
std.hash.uint32	other	no	no
std.hash.uint64	other	no	no
std.hash.wyhash.Wyhash.final	self	no	no
std.hash.wyhash.Wyhash.final0	self	no	no
std.hash.wyhash.Wyhash.final1	self	no	no
std.hash.wyhash.Wyhash.final2	self	no	no
std.hash.wyhash.Wyhash.hash	other	no	no
std.hash.wyhash.Wyhash.init	other	no	no
std.hash.wyhash.Wyhash.mix	other	no	no
std.hash.wyhash.Wyhash.mum	other	no	no
std.hash.wyhash.Wyhash.read	other	no	yes
std.hash.wyhash.Wyhash.round	self	no	no
std.hash.wyhash.Wyhash.shallowCopy	self	no	no
std.hash.wyhash.Wyhash.smallKey	self	no	no
std.hash.wyhash.Wyhash.update	self	no	no
std.hash.xxhash.XxHash3.Accumulator.accumulate	other	no	no
std.hash.xxhash.XxHash3.Accumulator.consume	other	no	no
std.hash.xxhash.XxHash3.Accumulator.digest	other	no	no
std.hash.xxhash.XxHash3.Accumulator.init	other	no	no
std.hash.xxhash.XxHash3.Accumulator.round	other	no	no
std.hash.xxhash.XxHash3.Accumulator.scramble	self	no	no
std.hash.xxhash.XxHash3.avalanche	other	no	no
std.hash.xxhash.XxHash3.disableAutoVectorization	other	no	yes
std.hash.xxhash.XxHash3.final	self	no	no
std.hash.xxhash.XxHash3.fold	other	no	no
std.hash.xxhash.XxHash3.hash	other	no	yes
std.hash.xxhash.XxHash3.hash128	other	no	yes
std.hash.xxhash.XxHash3.hash16	other	no	yes
std.hash.xxhash.XxHash3.hash240	other	no	yes
std.hash.xxhash.XxHash3.hash3	other	no	yes
std.hash.xxhash.XxHash3.hash8	other	no	yes
std.hash.xxhash.XxHash3.hashLong	other	no	no
std.hash.xxhash.XxHash3.init	other	no	no
std.hash.xxhash.XxHash3.mix16	other	no	no
std.hash.xxhash.XxHash3.swap	other	no	yes
std.hash.xxhash.XxHash3.update	self	no	yes
std.hash.xxhash.XxHash32.Accumulator.init	other	no	no
std.hash.xxhash.XxHash32.Accumulator.merge	self	no	no
std.hash.xxhash.XxHash32.Accumulator.processStripe	self	no	no
std.hash.xxhash.XxHash32.Accumulator.updateEmpty	self	no	yes
std.hash.xxhash.XxHash32.avalanche	other	no	no
std.hash.xxhash.XxHash32.final	self	no	no
std.hash.xxhash.XxHash32.finalize	other	no	yes
std.hash.xxhash.XxHash32.finalize1	other	no	no
std.hash.xxhash.XxHash32.finalize4	other	no	no
std.hash.xxhash.XxHash32.hash	other	no	yes
std.hash.xxhash.XxHash32.init	other	no	no
std.hash.xxhash.XxHash32.round	other	no	no
std.hash.xxhash.XxHash32.update	self	no	no
std.hash.xxhash.XxHash64.Accumulator.init	other	no	no
std.hash.xxhash.XxHash64.Accumulator.merge	self	no	no
std.hash.xxhash.XxHash64.Accumulator.mergeAccumulator	other	no	no
std.hash.xxhash.XxHash64.Accumulator.processStripe	self	no	no
std.hash.xxhash.XxHash64.Accumulator.updateEmpty	self	no	yes
std.hash.xxhash.XxHash64.avalanche	other	no	no
std.hash.xxhash.XxHash64.final	self	no	no
std.hash.xxhash.XxHash64.finalize	other	no	yes
std.hash.xxhash.XxHash64.finalize1	other	no	no
std.hash.xxhash.XxHash64.finalize4	other	no	no
std.hash.xxhash.XxHash64.finalize8	other	no	no
std.hash.xxhash.XxHash64.hash	other	no	yes
std.hash.xxhash.XxHash64.init	other	no	no
std.hash.xxhash.XxHash64.round	other	no	no
std.hash.xxhash.XxHash64.update	self	no	yes
std.hash.xxhash.testExpect	other	no	yes
std.hash_map.AutoContext	other	no	yes
std.hash_map.AutoHashMap	other	no	yes
std.hash_map.AutoHashMapUnmanaged	other	no	yes
std.hash_map.HashMap	other	no	yes
std.hash_map.HashMap().capacity	self	no	no
std.hash_map.HashMap().clearAndFree	self	no	no
std.hash_map.HashMap().clearRetainingCapacity	self	no	no
std.hash_map.HashMap().clone	self	no	no
std.hash_map.HashMap().cloneWithAllocator	self	no	no
std.hash_map.HashMap().cloneWithAllocatorAndContext	self	no	yes
std.hash_map.HashMap().cloneWithContext	self	no	yes
std.hash_map.HashMap().contains	self	no	no
std.hash_map.HashMap().containsAdapted	self	no	yes
std.hash_map.HashMap().count	self	no	no
std.hash_map.HashMap().deinit	self	no	no
std.hash_map.HashMap().ensureTotalCapacity	self	no	no
std.hash_map.HashMap().ensureUnusedCapacity	self	no	no
std.hash_map.HashMap().fetchPut	self	no	no
std.hash_map.HashMap().fetchPutAssumeCapacity	self	no	no
std.hash_map.HashMap().fetchRemove	self	no	no
std.hash_map.HashMap().fetchRemoveAdapted	self	no	yes
std.hash_map.HashMap().get	self	no	no
std.hash_map.HashMap().getAdapted	self	no	yes
std.hash_map.HashMap().getEntry	self	no	no
std.hash_map.HashMap().getEntryAdapted	self	no	yes
std.hash_map.HashMap().getKey	self	no	no
std.hash_map.HashMap().getKeyAdapted	self	no	yes
std.hash_map.HashMap().getKeyPtr	self	no	no
std.hash_map.HashMap().getKeyPtrAdapted	self	no	yes
std.hash_map.HashMap().getOrPut	self	no	no
std.hash_map.HashMap().getOrPutAdapted	self	no	yes
std.hash_map.HashMap().getOrPutAssumeCapacity	self	no	no
std.hash_map.HashMap().getOrPutAssumeCapacityAdapted	self	no	yes
std.hash_map.HashMap().getOrPutValue	self	no	no
std.hash_map.HashMap().getPtr	self	no	no
std.hash_map.HashMap().getPtrAdapted	self	no	yes
std.hash_map.HashMap().init	allocator	no	no
std.hash_map.HashMap().initContext	allocator	no	no
std.hash_map.HashMap().iterator	self	no	no
std.hash_map.HashMap().keyIterator	self	no	no
std.hash_map.HashMap().lockPointers	self	no	no
std.hash_map.HashMap().move	self	no	no
std.hash_map.HashMap().put	self	no	no
std.hash_map.HashMap().putAssumeCapacity	self	no	no
std.hash_map.HashMap().putAssumeCapacityNoClobber	self	no	no
std.hash_map.HashMap().putNoClobber	self	no	no
std.hash_map.HashMap().rehash	self	no	no
std.hash_map.HashMap().remove	self	no	no
std.hash_map.HashMap().removeAdapted	self	no	yes
std.hash_map.HashMap().removeByPtr	self	no	no
std.hash_map.HashMap().unlockPointers	self	no	no
std.hash_map.HashMap().valueIterator	self	no	no
std.hash_map.HashMapUnmanaged	other	no	yes
std.hash_map.HashMapUnmanaged().FieldIterator	other	no	yes
std.hash_map.HashMapUnmanaged().FieldIterator().next	self	no	no
std.hash_map.HashMapUnmanaged().Iterator.next	other	no	no
std.hash_map.HashMapUnmanaged().Metadata.fill	self	no	no
std.hash_map.HashMapUnmanaged().Metadata.isFree	self	no	no
std.hash_map.HashMapUnmanaged().Metadata.isTombstone	self	no	no
std.hash_map.HashMapUnmanaged().Metadata.isUsed	self	no	no
std.hash_map.HashMapUnmanaged().Metadata.remove	self	no	no
std.hash_map.HashMapUnmanaged().Metadata.takeFingerprint	other	no	no
std.hash_map.HashMapUnmanaged().allocate	self	no	no
std.hash_map.HashMapUnmanaged().capacity	self	no	no
std.hash_map.HashMapUnmanaged().capacityForSize	other	no	no
std.hash_map.HashMapUnmanaged().clearAndFree	self	no	no
std.hash_map.HashMapUnmanaged().clearRetainingCapacity	self	no	no
std.hash_map.HashMapUnmanaged().clone	self	no	no
std.hash_map.HashMapUnmanaged().cloneContext	self	no	yes
std.hash_map.HashMapUnmanaged().contains	self	no	no
std.hash_map.HashMapUnmanaged().containsAdapted	self	no	yes
std.hash_map.HashMapUnmanaged().containsContext	self	no	no
std.hash_map.HashMapUnmanaged().count	self	no	no
std.hash_map.HashMapUnmanaged().dbHelper	self	no	no
std.hash_map.HashMapUnmanaged().deallocate	self	no	no
std.hash_map.HashMapUnmanaged().deinit	self	no	no
std.hash_map.HashMapUnmanaged().ensureTotalCapacity	self	no	no
std.hash_map.HashMapUnmanaged().ensureTotalCapacityContext	self	no	no
std.hash_map.HashMapUnmanaged().ensureUnusedCapacity	self	no	no
std.hash_map.HashMapUnmanaged().ensureUnusedCapacityContext	self	no	no
std.hash_map.HashMapUnmanaged().fetchPut	self	no	no
std.hash_map.HashMapUnmanaged().fetchPutAssumeCapacity	self	no	no
std.hash_map.HashMapUnmanaged().fetchPutAssumeCapacityContext	self	no	no
std.hash_map.HashMapUnmanaged().fetchPutContext	self	no	no
std.hash_map.HashMapUnmanaged().fetchRemove	self	no	no
std.hash_map.HashMapUnmanaged().fetchRemoveAdapted	self	no	yes
std.hash_map.HashMapUnmanaged().fetchRemoveContext	self	no	no
std.hash_map.HashMapUnmanaged().get	self	no	no
std.hash_map.HashMapUnmanaged().getAdapted	self	no	yes
std.hash_map.HashMapUnmanaged().getContext	self	no	no
std.hash_map.HashMapUnmanaged().getEntry	self	no	no
std.hash_map.HashMapUnmanaged().getEntryAdapted	self	no	yes
std.hash_map.HashMapUnmanaged().getEntryContext	self	no	no
std.hash_map.HashMapUnmanaged().getIndex	self	no	yes
std.hash_map.HashMapUnmanaged().getKey	self	no	no
std.hash_map.HashMapUnmanaged().getKeyAdapted	self	no	yes
std.hash_map.HashMapUnmanaged().getKeyContext	self	no	no
std.hash_map.HashMapUnmanaged().getKeyPtr	self	no	no
std.hash_map.HashMapUnmanaged().getKeyPtrAdapted	self	no	yes
std.hash_map.HashMapUnmanaged().getKeyPtrContext	self	no	no
std.hash_map.HashMapUnmanaged().getOrPut	self	no	no
std.hash_map.HashMapUnmanaged().getOrPutAdapted	self	no	yes
std.hash_map.HashMapUnmanaged().getOrPutAssumeCapacity	self	no	no
std.hash_map.HashMapUnmanaged().getOrPutAssumeCapacityAdapted	self	no	yes
std.hash_map.HashMapUnmanaged().getOrPutAssumeCapacityContext	self	no	no
std.hash_map.HashMapUnmanaged().getOrPutContext	self	no	no
std.hash_map.HashMapUnmanaged().getOrPutContextAdapted	self	no	yes
std.hash_map.HashMapUnmanaged().getOrPutValue	self	no	no
std.hash_map.HashMapUnmanaged().getOrPutValueContext	self	no	no
std.hash_map.HashMapUnmanaged().getPtr	self	no	no
std.hash_map.HashMapUnmanaged().getPtrAdapted	self	no	yes
std.hash_map.HashMapUnmanaged().getPtrContext	self	no	no
std.hash_map.HashMapUnmanaged().grow	self	no	no
std.hash_map.HashMapUnmanaged().growIfNeeded	self	no	no
std.hash_map.HashMapUnmanaged().header	self	no	no
std.hash_map.HashMapUnmanaged().initMetadatas	self	no	no
std.hash_map.HashMapUnmanaged().isUnderMaxLoadPercentage	other	no	no
std.hash_map.HashMapUnmanaged().iterator	self	no	no
std.hash_map.HashMapUnmanaged().keyIterator	self	no	no
std.hash_map.HashMapUnmanaged().keys	self	no	no
std.hash_map.HashMapUnmanaged().load	self	no	no
std.hash_map.HashMapUnmanaged().lockPointers	self	no	no
std.hash_map.HashMapUnmanaged().move	self	no	no
std.hash_map.HashMapUnmanaged().promote	self	no	no
std.hash_map.HashMapUnmanaged().promoteContext	self	no	no
std.hash_map.HashMapUnmanaged().put	self	no	no
std.hash_map.HashMapUnmanaged().putAssumeCapacity	self	no	no
std.hash_map.HashMapUnmanaged().putAssumeCapacityContext	self	no	no
std.hash_map.HashMapUnmanaged().putAssumeCapacityNoClobber	self	no	no
std.hash_map.HashMapUnmanaged().putAssumeCapacityNoClobberContext	self	no	no
std.hash_map.HashMapUnmanaged().putContext	self	no	no
std.hash_map.HashMapUnmanaged().putNoClobber	self	no	no
std.hash_map.HashMapUnmanaged().putNoClobberContext	self	no	no
std.hash_map.HashMapUnmanaged().rehash	self	no	yes
std.hash_map.HashMapUnmanaged().remove	self	no	no
std.hash_map.HashMapUnmanaged().removeAdapted	self	no	yes
std.hash_map.HashMapUnmanaged().removeByIndex	self	no	no
std.hash_map.HashMapUnmanaged().removeByPtr	self	no	no
std.hash_map.HashMapUnmanaged().removeContext	self	no	no
std.hash_map.HashMapUnmanaged().unlockPointers	self	no	no
std.hash_map.HashMapUnmanaged().valueIterator	self	no	no
std.hash_map.HashMapUnmanaged().values	self	no	no
std.hash_map.StringContext.eql	self	no	no
std.hash_map.StringContext.hash	self	no	no
std.hash_map.StringHashMap	other	no	yes
std.hash_map.StringHashMapUnmanaged	other	no	yes
std.hash_map.StringIndexAdapter.eql	other	no	no
std.hash_map.StringIndexAdapter.hash	other	no	no
std.hash_map.StringIndexContext.eql	other	no	no
std.hash_map.StringIndexContext.hash	other	no	no
std.hash_map.eqlString	other	no	no
std.hash_map.getAutoEqlFn	other	no	yes
std.hash_map.getAutoHashFn	other	no	yes
std.hash_map.hashString	other	no	no
std.heap.ArenaAllocator.FuzzAllocator.alloc	other	no	no
std.heap.ArenaAllocator.FuzzAllocator.allocator	allocator	no	no
std.heap.ArenaAllocator.FuzzAllocator.free	other	no	no
std.heap.ArenaAllocator.FuzzAllocator.init	other	no	no
std.heap.ArenaAllocator.FuzzAllocator.prepareFailures	allocator	no	no
std.heap.ArenaAllocator.FuzzAllocator.remap	other	no	no
std.heap.ArenaAllocator.FuzzAllocator.reset	allocator	no	no
std.heap.ArenaAllocator.FuzzAllocator.resize	other	no	no
std.heap.ArenaAllocator.FuzzContext.check	other	no	no
std.heap.ArenaAllocator.FuzzContext.deinit	other	no	no
std.heap.ArenaAllocator.FuzzContext.doOneAlloc	other	no	no
std.heap.ArenaAllocator.FuzzContext.doOneFree	other	no	no
std.heap.ArenaAllocator.FuzzContext.doOneRemap	other	no	no
std.heap.ArenaAllocator.FuzzContext.doOneResize	other	no	no
std.heap.ArenaAllocator.FuzzContext.init	allocator	no	no
std.heap.ArenaAllocator.Node.Size.fromInt	other	no	no
std.heap.ArenaAllocator.Node.Size.toInt	other	no	no
std.heap.ArenaAllocator.Node.allocatedSliceUnsafe	other	no	no
std.heap.ArenaAllocator.Node.beginResize	other	no	no
std.heap.ArenaAllocator.Node.endResize	other	no	no
std.heap.ArenaAllocator.Node.loadBuf	other	no	no
std.heap.ArenaAllocator.State.promote	other	no	no
std.heap.ArenaAllocator.alignedIndex	other	no	no
std.heap.ArenaAllocator.alloc	other	no	no
std.heap.ArenaAllocator.allocator	allocator	no	no
std.heap.ArenaAllocator.countListCapacity	other	no	no
std.heap.ArenaAllocator.deinit	allocator	no	no
std.heap.ArenaAllocator.free	other	no	no
std.heap.ArenaAllocator.fuzzMultiThreaded	other	no	no
std.heap.ArenaAllocator.init	allocator	no	no
std.heap.ArenaAllocator.loadFirstNode	allocator	no	no
std.heap.ArenaAllocator.nextLen	other	no	no
std.heap.ArenaAllocator.pushFreeList	allocator	no	no
std.heap.ArenaAllocator.queryCapacity	allocator	no	no
std.heap.ArenaAllocator.remap	other	no	no
std.heap.ArenaAllocator.reset	allocator	no	no
std.heap.ArenaAllocator.resize	other	no	no
std.heap.ArenaAllocator.stealFreeList	allocator	no	no
std.heap.ArenaAllocator.tryPushNode	allocator	no	no
std.heap.BrkAllocator.alloc	other	no	no
std.heap.BrkAllocator.allocBigPages	other	no	no
std.heap.BrkAllocator.bigPagesNeeded	other	no	no
std.heap.BrkAllocator.free	other	no	no
std.heap.BrkAllocator.remap	other	no	no
std.heap.BrkAllocator.resize	other	no	no
std.heap.DebugAllocator	other	no	yes
std.heap.DebugAllocator().BucketHeader.captureStackTrace	other	no	no
std.heap.DebugAllocator().BucketHeader.fromPage	other	no	no
std.heap.DebugAllocator().BucketHeader.log2PtrAligns	other	no	no
std.heap.DebugAllocator().BucketHeader.requestedSizes	other	no	no
std.heap.DebugAllocator().BucketHeader.stackTracePtr	other	no	no
std.heap.DebugAllocator().BucketHeader.usedBits	other	no	no
std.heap.DebugAllocator().LargeAlloc.captureStackTrace	self	no	no
std.heap.DebugAllocator().LargeAlloc.dumpStackTrace	self	no	no
std.heap.DebugAllocator().LargeAlloc.getStackTrace	self	no	no
std.heap.DebugAllocator().alloc	other	no	no
std.heap.DebugAllocator().allocator	self	no	no
std.heap.DebugAllocator().bucketAlignsStart	other	no	no
std.heap.DebugAllocator().bucketRequestedSizesStart	other	no	no
std.heap.DebugAllocator().bucketSize	other	no	no
std.heap.DebugAllocator().bucketStackFramesStart	other	no	no
std.heap.DebugAllocator().bucketStackTrace	other	no	no
std.heap.DebugAllocator().calculateSlotCount	other	no	no
std.heap.DebugAllocator().collectStackTrace	other	no	no
std.heap.DebugAllocator().deinit	self	no	no
std.heap.DebugAllocator().deinitWithoutLeakChecks	self	no	no
std.heap.DebugAllocator().detectLeaks	self	no	no
std.heap.DebugAllocator().detectLeaksInBucket	other	no	no
std.heap.DebugAllocator().flushRetainedMetadata	self	no	no
std.heap.DebugAllocator().free	other	no	no
std.heap.DebugAllocator().freeLarge	self	no	no
std.heap.DebugAllocator().freeRetainedMetadata	self	no	no
std.heap.DebugAllocator().remap	other	no	no
std.heap.DebugAllocator().reportDoubleFree	other	no	no
std.heap.DebugAllocator().resize	other	no	no
std.heap.DebugAllocator().resizeLarge	self	no	no
std.heap.DebugAllocator().resizeSmall	self	no	no
std.heap.DebugAllocator().usedBitsCount	other	no	no
std.heap.DebugAllocator().usedBitsSize	other	no	no
std.heap.FixedBufferAllocator.alloc	other	no	no
std.heap.FixedBufferAllocator.allocator	self	no	no
std.heap.FixedBufferAllocator.free	other	no	no
std.heap.FixedBufferAllocator.init	other	no	no
std.heap.FixedBufferAllocator.isLastAllocation	self	no	no
std.heap.FixedBufferAllocator.ownsPtr	self	no	no
std.heap.FixedBufferAllocator.ownsSlice	self	no	no
std.heap.FixedBufferAllocator.remap	other	no	no
std.heap.FixedBufferAllocator.reset	self	no	no
std.heap.FixedBufferAllocator.resize	other	no	no
std.heap.FixedBufferAllocator.sliceContainsPtr	other	no	no
std.heap.FixedBufferAllocator.sliceContainsSlice	other	no	no
std.heap.FixedBufferAllocator.threadSafeAlloc	other	no	no
std.heap.FixedBufferAllocator.threadSafeAllocator	self	no	no
std.heap.FixedBufferAllocator.threadSafeFree	other	no	no
std.heap.FixedBufferAllocator.threadSafeRemap	other	no	no
std.heap.FixedBufferAllocator.threadSafeResize	other	no	no
std.heap.MemoryPool	other	no	yes
std.heap.PageAllocator.alloc	other	no	no
std.heap.PageAllocator.free	other	no	no
std.heap.PageAllocator.map	other	no	no
std.heap.PageAllocator.realloc	other	no	no
std.heap.PageAllocator.remap	other	no	no
std.heap.PageAllocator.resize	other	no	no
std.heap.PageAllocator.unmap	other	no	no
std.heap.SmpAllocator.Thread.lock	none	no	no
std.heap.SmpAllocator.Thread.unlock	other	no	no
std.heap.SmpAllocator.alloc	other	no	no
std.heap.SmpAllocator.free	other	no	no
std.heap.SmpAllocator.getCpuCount	none	no	no
std.heap.SmpAllocator.remap	other	no	no
std.heap.SmpAllocator.resize	other	no	no
std.heap.SmpAllocator.sizeClassIndex	other	no	no
std.heap.SmpAllocator.slotSize	other	no	no
std.heap.StackFallbackAllocator	other	no	yes
std.heap.StackFallbackAllocator().alloc	other	no	no
std.heap.StackFallbackAllocator().free	other	no	no
std.heap.StackFallbackAllocator().get	self	no	no
std.heap.StackFallbackAllocator().remap	other	no	no
std.heap.StackFallbackAllocator().resize	other	no	no
std.heap.c_allocator_impl.alloc	other	no	no
std.heap.c_allocator_impl.allocStrat	other	no	no
std.heap.c_allocator_impl.free	other	no	no
std.heap.c_allocator_impl.manualAlignHeader	other	no	no
std.heap.c_allocator_impl.remap	other	no	no
std.heap.c_allocator_impl.resize	other	no	no
std.heap.defaultQueryPageSize	none	no	no
std.heap.memory_pool.Aligned	other	no	yes
std.heap.memory_pool.AlignedManaged	other	no	yes
std.heap.memory_pool.Extra	other	no	yes
std.heap.memory_pool.Extra().addCapacity	other	no	no
std.heap.memory_pool.Extra().allocNew	other	no	no
std.heap.memory_pool.Extra().create	other	no	no
std.heap.memory_pool.Extra().deinit	other	no	no
std.heap.memory_pool.Extra().destroy	other	no	no
std.heap.memory_pool.Extra().initCapacity	allocator	no	no
std.heap.memory_pool.Extra().reset	other	no	no
std.heap.memory_pool.Extra().toManaged	other	no	no
std.heap.memory_pool.ExtraManaged	other	no	yes
std.heap.memory_pool.ExtraManaged().addCapacity	other	no	no
std.heap.memory_pool.ExtraManaged().allocNew	other	no	no
std.heap.memory_pool.ExtraManaged().create	other	no	no
std.heap.memory_pool.ExtraManaged().deinit	other	no	no
std.heap.memory_pool.ExtraManaged().destroy	other	no	no
std.heap.memory_pool.ExtraManaged().init	allocator	no	no
std.heap.memory_pool.ExtraManaged().initCapacity	allocator	no	no
std.heap.memory_pool.ExtraManaged().reset	other	no	no
std.heap.memory_pool.Managed	other	no	yes
std.heap.pageSize	none	no	no
std.heap.stackFallback	other	no	yes
std.heap.testAllocator	allocator	no	no
std.heap.testAllocatorAligned	allocator	no	no
std.heap.testAllocatorAlignedShrink	allocator	no	no
std.heap.testAllocatorLargeAlignment	allocator	no	no
std.http.BodyWriter.chunkedDrain	other	no	no
std.http.BodyWriter.chunkedSendFile	other	yes	no
std.http.BodyWriter.contentLengthDrain	other	no	no
std.http.BodyWriter.contentLengthSendFile	other	yes	no
std.http.BodyWriter.elidingDrain	other	no	no
std.http.BodyWriter.elidingSendFile	other	yes	no
std.http.BodyWriter.end	other	no	no
std.http.BodyWriter.endChunked	other	no	no
std.http.BodyWriter.endChunkedUnflushed	other	no	no
std.http.BodyWriter.endUnflushed	other	no	no
std.http.BodyWriter.flush	other	no	no
std.http.BodyWriter.isEliding	other	no	no
std.http.BodyWriter.noneDrain	other	no	no
std.http.BodyWriter.noneSendFile	other	yes	no
std.http.BodyWriter.writeHex	other	no	no
std.http.ChunkParser.feed	other	no	no
std.http.Client.Connection.Plain.allocLen	other	no	no
std.http.Client.Connection.Plain.create	other	yes	no
std.http.Client.Connection.Plain.destroy	other	no	no
std.http.Client.Connection.Plain.host	other	no	no
std.http.Client.Connection.Tls.allocLen	other	no	no
std.http.Client.Connection.Tls.create	other	yes	no
std.http.Client.Connection.Tls.destroy	other	no	no
std.http.Client.Connection.Tls.host	other	no	no
std.http.Client.Connection.destroy	other	yes	no
std.http.Client.Connection.end	other	no	no
std.http.Client.Connection.flush	other	no	no
std.http.Client.Connection.getReadError	other	no	no
std.http.Client.Connection.getStream	other	yes	no
std.http.Client.Connection.host	other	no	no
std.http.Client.Connection.reader	other	no	no
std.http.Client.Connection.writer	other	no	no
std.http.Client.ConnectionPool.acquire	other	yes	no
std.http.Client.ConnectionPool.acquireUnsafe	other	no	no
std.http.Client.ConnectionPool.addUsed	other	yes	no
std.http.Client.ConnectionPool.deinit	other	yes	no
std.http.Client.ConnectionPool.findConnection	other	yes	no
std.http.Client.ConnectionPool.release	other	yes	no
std.http.Client.ConnectionPool.resize	other	yes	no
std.http.Client.Protocol.fromScheme	other	no	no
std.http.Client.Protocol.fromUri	other	no	no
std.http.Client.Protocol.port	other	no	no
std.http.Client.Request.RedirectBehavior.init	other	no	no
std.http.Client.Request.RedirectBehavior.remaining	other	no	no
std.http.Client.Request.RedirectBehavior.subtractOne	other	no	no
std.http.Client.Request.deinit	other	no	no
std.http.Client.Request.emitOverridableHeader	other	no	no
std.http.Client.Request.receiveHead	other	no	no
std.http.Client.Request.redirect	other	no	no
std.http.Client.Request.sendBodiless	other	no	no
std.http.Client.Request.sendBodilessUnflushed	other	no	no
std.http.Client.Request.sendBody	other	no	no
std.http.Client.Request.sendBodyComplete	other	no	no
std.http.Client.Request.sendBodyUnflushed	other	no	no
std.http.Client.Request.sendHead	other	no	no
std.http.Client.Response.Head.int64	other	no	no
std.http.Client.Response.Head.invalidateStrings	other	no	no
std.http.Client.Response.Head.iterateHeaders	other	no	no
std.http.Client.Response.Head.parse	other	no	no
std.http.Client.Response.Head.parseInt3	other	no	no
std.http.Client.Response.bodyErr	other	no	no
std.http.Client.Response.iterateTrailers	other	no	no
std.http.Client.Response.reader	other	no	no
std.http.Client.Response.readerDecompressing	other	no	no
std.http.Client.basic_authorization.value	other	no	no
std.http.Client.basic_authorization.valueLength	other	no	no
std.http.Client.basic_authorization.valueLengthFromUri	other	no	no
std.http.Client.basic_authorization.write	other	no	no
std.http.Client.connect	other	no	no
std.http.Client.connectProxied	other	no	no
std.http.Client.connectTcp	other	no	no
std.http.Client.connectTcpOptions	other	no	no
std.http.Client.connectUnix	other	no	no
std.http.Client.createProxyFromEnvVar	allocator	no	no
std.http.Client.deinit	other	no	no
std.http.Client.fetch	other	no	no
std.http.Client.initDefaultProxies	other	no	no
std.http.Client.request	other	no	no
std.http.Client.uriPort	other	no	no
std.http.ContentEncoding.fromString	other	no	no
std.http.ContentEncoding.minBufferCapacity	other	no	no
std.http.Decompress.init	other	yes	no
std.http.HeadParser.feed	other	no	no
std.http.HeadParser.int16	other	no	no
std.http.HeadParser.int24	other	no	no
std.http.HeadParser.int32	other	no	no
std.http.HeadParser.intShift	other	no	yes
std.http.HeaderIterator.init	other	no	no
std.http.HeaderIterator.next	other	no	no
std.http.Method.cacheable	other	no	no
std.http.Method.idempotent	other	no	no
std.http.Method.requestHasBody	other	no	no
std.http.Method.responseHasBody	other	no	no
std.http.Method.safe	other	no	no
std.http.Reader.RemainingChunkLen.init	other	no	no
std.http.Reader.RemainingChunkLen.int	other	no	no
std.http.Reader.bodyReader	other	yes	no
std.http.Reader.bodyReaderDecompressing	other	yes	no
std.http.Reader.chunkedDiscard	other	yes	no
std.http.Reader.chunkedDiscardEndless	other	yes	no
std.http.Reader.chunkedReadEndless	other	yes	no
std.http.Reader.chunkedStream	other	yes	no
std.http.Reader.contentLengthDiscard	other	yes	no
std.http.Reader.contentLengthStream	other	yes	no
std.http.Reader.parseTrailers	other	yes	no
std.http.Reader.receiveHead	other	no	no
std.http.Server.Request.Head.int64	other	no	no
std.http.Server.Request.Head.invalidateStrings	other	no	no
std.http.Server.Request.Head.parse	other	no	no
std.http.Server.Request.discardBody	other	no	no
std.http.Server.Request.iterateHeaders	other	no	no
std.http.Server.Request.readerExpectContinue	other	no	no
std.http.Server.Request.readerExpectNone	other	no	no
std.http.Server.Request.respond	other	no	no
std.http.Server.Request.respondStreaming	other	no	no
std.http.Server.Request.respondUnflushed	other	no	no
std.http.Server.Request.respondWebSocket	other	no	no
std.http.Server.Request.upgradeRequested	other	no	no
std.http.Server.Request.writeExpectContinue	other	no	no
std.http.Server.WebSocket.flush	other	no	no
std.http.Server.WebSocket.readSmallMessage	other	no	no
std.http.Server.WebSocket.writeMessage	other	no	no
std.http.Server.WebSocket.writeMessageUnflushed	other	no	no
std.http.Server.WebSocket.writeMessageVec	other	no	no
std.http.Server.WebSocket.writeMessageVecUnflushed	other	no	no
std.http.Server.init	other	no	no
std.http.Server.receiveHead	other	no	no
std.http.Status.class	self	no	no
std.http.Status.phrase	self	no	no
std.json.ArrayHashMap	other	no	yes
std.json.ArrayHashMap().deinit	self	no	no
std.json.ArrayHashMap().jsonParse	allocator	no	yes
std.json.ArrayHashMap().jsonParseFromValue	allocator	no	no
std.json.ArrayHashMap().jsonStringify	self	no	yes
std.json.Formatter	other	no	yes
std.json.Formatter().format	self	yes	no
std.json.ParseError	other	no	yes
std.json.Parsed	other	no	yes
std.json.Parsed().deinit	self	no	no
std.json.Scanner.Diagnostics.getByteOffset	self	no	no
std.json.Scanner.Diagnostics.getColumn	self	no	no
std.json.Scanner.Diagnostics.getLine	self	no	no
std.json.Scanner.Reader.allocNextIntoArrayList	self	no	no
std.json.Scanner.Reader.allocNextIntoArrayListMax	self	no	no
std.json.Scanner.Reader.deinit	self	no	no
std.json.Scanner.Reader.enableDiagnostics	self	no	no
std.json.Scanner.Reader.ensureTotalStackCapacity	self	no	no
std.json.Scanner.Reader.init	allocator	yes	no
std.json.Scanner.Reader.next	self	no	no
std.json.Scanner.Reader.nextAlloc	self	no	no
std.json.Scanner.Reader.nextAllocMax	self	no	no
std.json.Scanner.Reader.peekNextTokenType	self	no	no
std.json.Scanner.Reader.refillBuffer	self	yes	no
std.json.Scanner.Reader.skipUntilStackHeight	self	no	no
std.json.Scanner.Reader.skipValue	self	no	no
std.json.Scanner.Reader.stackHeight	self	no	no
std.json.Scanner.allocNextIntoArrayList	self	no	no
std.json.Scanner.allocNextIntoArrayListMax	self	no	no
std.json.Scanner.appendSlice	other	no	no
std.json.Scanner.deinit	self	no	no
std.json.Scanner.enableDiagnostics	self	no	no
std.json.Scanner.endInput	self	no	no
std.json.Scanner.endOfBufferInNumber	self	no	no
std.json.Scanner.endOfBufferInString	self	no	no
std.json.Scanner.ensureTotalStackCapacity	self	no	no
std.json.Scanner.expectByte	self	no	no
std.json.Scanner.feedInput	self	no	no
std.json.Scanner.initCompleteInput	allocator	no	no
std.json.Scanner.initStreaming	allocator	no	no
std.json.Scanner.isNumberFormattedLikeAnInteger	other	no	no
std.json.Scanner.next	self	no	no
std.json.Scanner.nextAlloc	self	no	no
std.json.Scanner.nextAllocMax	self	no	no
std.json.Scanner.partialStringCodepoint	other	no	no
std.json.Scanner.peekNextTokenType	self	no	no
std.json.Scanner.skipUntilStackHeight	self	no	no
std.json.Scanner.skipValue	self	no	no
std.json.Scanner.skipWhitespace	self	no	no
std.json.Scanner.skipWhitespaceCheckEnd	self	no	no
std.json.Scanner.skipWhitespaceExpectByte	self	no	no
std.json.Scanner.stackHeight	self	no	no
std.json.Scanner.takeValueSlice	self	no	no
std.json.Scanner.takeValueSliceMinusTrailingOffset	self	no	no
std.json.Scanner.validate	allocator	no	no
std.json.Stringify.beginArray	self	no	no
std.json.Stringify.beginObject	self	no	no
std.json.Stringify.beginObjectFieldRaw	self	no	no
std.json.Stringify.beginWriteRaw	self	no	no
std.json.Stringify.encodeJsonString	other	no	no
std.json.Stringify.encodeJsonStringChars	other	no	no
std.json.Stringify.endArray	self	no	no
std.json.Stringify.endObject	self	no	no
std.json.Stringify.endObjectFieldRaw	self	no	no
std.json.Stringify.endWriteRaw	self	no	no
std.json.Stringify.getJsonObject	allocator	no	no
std.json.Stringify.indent	self	no	no
std.json.Stringify.isComplete	self	no	no
std.json.Stringify.isObjectKeyExpected	self	no	no
std.json.Stringify.objectField	self	no	no
std.json.Stringify.objectFieldRaw	self	no	no
std.json.Stringify.objectFieldStart	self	no	no
std.json.Stringify.outputSpecialEscape	other	no	no
std.json.Stringify.outputUnicodeEscape	other	no	no
std.json.Stringify.popIndentation	self	no	no
std.json.Stringify.print	self	no	yes
std.json.Stringify.pushIndentation	self	no	no
std.json.Stringify.stringValue	self	no	no
std.json.Stringify.testBasicWriteStream	other	no	no
std.json.Stringify.testStringify	other	no	yes
std.json.Stringify.value	other	no	yes
std.json.Stringify.valueAlloc	allocator	no	yes
std.json.Stringify.valueDone	self	no	no
std.json.Stringify.valueStart	self	no	no
std.json.Stringify.valueStartAssumeTypeOk	self	no	no
std.json.Stringify.write	self	no	yes
std.json.Value.dump	other	no	no
std.json.Value.jsonParse	allocator	no	yes
std.json.Value.jsonParseFromValue	allocator	no	no
std.json.Value.jsonStringify	other	no	yes
std.json.Value.parseFromNumberSlice	other	no	no
std.json.fmt	other	no	yes
std.json.innerParse	other	no	yes
std.json.innerParseFromValue	other	no	yes
std.json.parseFromSlice	other	no	yes
std.json.parseFromSliceLeaky	other	no	yes
std.json.parseFromTokenSource	other	no	yes
std.json.parseFromTokenSourceLeaky	other	no	yes
std.json.parseFromValue	other	no	yes
std.json.parseFromValueLeaky	other	no	yes
std.leb.writeSignedFixed	other	no	yes
std.leb.writeUnsignedExtended	other	no	yes
std.leb.writeUnsignedFixed	other	no	yes
std.log.Level.asText	other	no	yes
std.log.defaultLog	other	no	yes
std.log.defaultLogFileTerminal	other	yes	yes
std.log.defaultTerminalMode	none	yes	no
std.log.log	other	no	yes
std.log.logEnabled	other	no	yes
std.log.scoped	other	no	yes
std.log.scoped().debug	other	no	yes
std.log.scoped().err	other	no	yes
std.log.scoped().info	other	no	yes
std.log.scoped().warn	other	no	yes
std.macho.LoadCommandIterator.LoadCommand.cast	other	no	yes
std.macho.LoadCommandIterator.LoadCommand.getBuildVersionTools	other	no	no
std.macho.LoadCommandIterator.LoadCommand.getDylibPathName	other	no	no
std.macho.LoadCommandIterator.LoadCommand.getRpathPathName	other	no	no
std.macho.LoadCommandIterator.LoadCommand.getSections	other	no	no
std.macho.LoadCommandIterator.init	other	no	no
std.macho.LoadCommandIterator.next	other	no	no
std.macho.nlist_64.tentative	other	no	no
std.macho.parseName	other	no	no
std.macho.section_64.@"type"	other	no	no
std.macho.section_64.attrs	other	no	no
std.macho.section_64.isCode	other	no	no
std.macho.section_64.isDebug	other	no	no
std.macho.section_64.isDontDeadStrip	other	no	no
std.macho.section_64.isDontDeadStripIfReferencesLive	other	no	no
std.macho.section_64.isSymbolStubs	other	no	no
std.macho.section_64.isZerofill	other	no	no
std.macho.section_64.sectName	other	no	no
std.macho.section_64.segName	other	no	no
std.macho.segment_command_64.isWriteable	other	no	no
std.macho.segment_command_64.segName	other	no	no
std.math.AlignCastResult	other	no	yes
std.math.ByteAlignedInt	other	no	yes
std.math.CompareOperator.reverse	other	no	no
std.math.F80.fromFloat	other	no	no
std.math.F80.toFloat	self	no	no
std.math.Frexp	other	no	yes
std.math.IntFittingRange	other	no	yes
std.math.Log2Int	other	no	yes
std.math.Log2IntCeil	other	no	yes
std.math.Min	other	no	yes
std.math.Modf	other	no	yes
std.math.Order.compare	self	no	no
std.math.Order.differ	self	no	no
std.math.Order.invert	self	no	no
std.math.SignOf	other	no	no
std.math.acos	other	no	yes
std.math.acosh	other	no	yes
std.math.add	other	no	yes
std.math.alignCast	other	no	yes
std.math.approxEqAbs	other	no	yes
std.math.approxEqRel	other	no	yes
std.math.asin	other	no	yes
std.math.asinh	other	no	yes
std.math.atan	other	no	yes
std.math.atan2	other	no	yes
std.math.atanh	other	no	yes
std.math.big.int.Const.abs	self	no	no
std.math.big.int.Const.bitCountAbs	self	no	no
std.math.big.int.Const.bitCountTwosComp	self	no	no
std.math.big.int.Const.bitCountTwosCompForSignedness	self	no	no
std.math.big.int.Const.clz	other	no	no
std.math.big.int.Const.ctz	other	no	no
std.math.big.int.Const.dump	self	no	no
std.math.big.int.Const.eql	other	no	no
std.math.big.int.Const.eqlAbs	other	no	no
std.math.big.int.Const.eqlZero	other	no	no
std.math.big.int.Const.fits	self	no	yes
std.math.big.int.Const.fitsInTwosComp	self	no	no
std.math.big.int.Const.format	self	yes	no
std.math.big.int.Const.formatNumber	self	yes	no
std.math.big.int.Const.isEven	self	no	no
std.math.big.int.Const.isOdd	self	no	no
std.math.big.int.Const.log10	other	no	no
std.math.big.int.Const.log10Alloc	other	no	no
std.math.big.int.Const.log2	other	no	no
std.math.big.int.Const.negate	self	no	no
std.math.big.int.Const.order	other	no	no
std.math.big.int.Const.orderAbs	other	no	no
std.math.big.int.Const.orderAgainstScalar	other	no	yes
std.math.big.int.Const.popCount	self	no	no
std.math.big.int.Const.sizeInBaseUpperBound	self	no	no
std.math.big.int.Const.toFloat	self	no	yes
std.math.big.int.Const.toInt	self	no	yes
std.math.big.int.Const.toManaged	self	no	no
std.math.big.int.Const.toMutable	self	no	no
std.math.big.int.Const.toString	self	no	no
std.math.big.int.Const.toStringAlloc	self	no	no
std.math.big.int.Const.writePackedTwosComplement	other	no	no
std.math.big.int.Const.writeTwosComplement	other	no	no
std.math.big.int.Managed.abs	self	no	no
std.math.big.int.Managed.add	other	no	no
std.math.big.int.Managed.addSat	other	no	no
std.math.big.int.Managed.addScalar	other	no	yes
std.math.big.int.Managed.addWrap	other	no	no
std.math.big.int.Managed.bitAnd	other	no	no
std.math.big.int.Managed.bitCountAbs	self	no	no
std.math.big.int.Managed.bitCountTwosComp	self	no	no
std.math.big.int.Managed.bitNotWrap	other	no	no
std.math.big.int.Managed.bitOr	other	no	no
std.math.big.int.Managed.bitXor	other	no	no
std.math.big.int.Managed.clone	other	no	no
std.math.big.int.Managed.cloneWithDifferentAllocator	other	no	no
std.math.big.int.Managed.copy	self	no	no
std.math.big.int.Managed.deinit	self	no	no
std.math.big.int.Managed.divFloor	other	no	no
std.math.big.int.Managed.divTrunc	other	no	no
std.math.big.int.Managed.dump	self	no	no
std.math.big.int.Managed.ensureAddCapacity	other	no	no
std.math.big.int.Managed.ensureAddScalarCapacity	other	no	yes
std.math.big.int.Managed.ensureAliasAwareCapacity	other	no	no
std.math.big.int.Managed.ensureCapacity	self	no	no
std.math.big.int.Managed.ensureMulCapacity	other	no	no
std.math.big.int.Managed.ensureTwosCompCapacity	other	no	no
std.math.big.int.Managed.eql	other	no	no
std.math.big.int.Managed.eqlAbs	other	no	no
std.math.big.int.Managed.eqlZero	other	no	no
std.math.big.int.Managed.fits	self	no	yes
std.math.big.int.Managed.fitsInTwosComp	self	no	no
std.math.big.int.Managed.format	self	yes	no
std.math.big.int.Managed.formatNumber	self	yes	no
std.math.big.int.Managed.gcd	other	no	no
std.math.big.int.Managed.init	allocator	no	no
std.math.big.int.Managed.initCapacity	allocator	no	no
std.math.big.int.Managed.initSet	allocator	no	yes
std.math.big.int.Managed.isEven	self	no	no
std.math.big.int.Managed.isOdd	self	no	no
std.math.big.int.Managed.isPositive	self	no	no
std.math.big.int.Managed.len	self	no	no
std.math.big.int.Managed.limbsAliasDistinct	other	no	no
std.math.big.int.Managed.mul	other	no	no
std.math.big.int.Managed.mulWrap	other	no	no
std.math.big.int.Managed.negate	self	no	no
std.math.big.int.Managed.normalize	other	no	no
std.math.big.int.Managed.order	other	no	no
std.math.big.int.Managed.orderAbs	other	no	no
std.math.big.int.Managed.popCount	other	no	no
std.math.big.int.Managed.pow	other	no	no
std.math.big.int.Managed.saturate	other	no	no
std.math.big.int.Managed.set	self	no	yes
std.math.big.int.Managed.setLen	self	no	no
std.math.big.int.Managed.setMetadata	self	no	no
std.math.big.int.Managed.setSign	self	no	no
std.math.big.int.Managed.setString	self	no	no
std.math.big.int.Managed.setTwosCompIntLimit	other	no	no
std.math.big.int.Managed.shiftLeft	other	no	no
std.math.big.int.Managed.shiftLeftSat	other	no	no
std.math.big.int.Managed.shiftRight	other	no	no
std.math.big.int.Managed.sizeInBaseUpperBound	self	no	no
std.math.big.int.Managed.sqr	other	no	no
std.math.big.int.Managed.sqrt	other	no	no
std.math.big.int.Managed.sub	other	no	no
std.math.big.int.Managed.subSat	other	no	no
std.math.big.int.Managed.subWrap	other	no	no
std.math.big.int.Managed.swap	self	no	no
std.math.big.int.Managed.toConst	self	no	no
std.math.big.int.Managed.toFloat	self	no	yes
std.math.big.int.Managed.toInt	self	no	yes
std.math.big.int.Managed.toMutable	self	no	no
std.math.big.int.Managed.toString	self	no	no
std.math.big.int.Managed.truncate	other	no	no
std.math.big.int.Mutable.abs	self	no	no
std.math.big.int.Mutable.add	other	no	no
std.math.big.int.Mutable.addCarry	other	no	no
std.math.big.int.Mutable.addSat	other	no	no
std.math.big.int.Mutable.addScalar	other	no	yes
std.math.big.int.Mutable.addWrap	other	no	no
std.math.big.int.Mutable.bitAnd	other	no	no
std.math.big.int.Mutable.bitNotWrap	other	no	no
std.math.big.int.Mutable.bitOr	other	no	no
std.math.big.int.Mutable.bitReverse	other	no	no
std.math.big.int.Mutable.bitXor	other	no	no
std.math.big.int.Mutable.byteSwap	other	no	no
std.math.big.int.Mutable.clone	other	no	no
std.math.big.int.Mutable.copy	self	no	no
std.math.big.int.Mutable.div	other	no	no
std.math.big.int.Mutable.divFloor	other	no	no
std.math.big.int.Mutable.divTrunc	other	no	no
std.math.big.int.Mutable.divmod	other	no	no
std.math.big.int.Mutable.dump	self	no	no
std.math.big.int.Mutable.eqlZero	self	no	no
std.math.big.int.Mutable.format	self	yes	no
std.math.big.int.Mutable.formatNumber	self	yes	no
std.math.big.int.Mutable.gcd	other	no	no
std.math.big.int.Mutable.gcdLehmer	other	no	no
std.math.big.int.Mutable.gcdNoAlias	other	no	no
std.math.big.int.Mutable.init	other	no	yes
std.math.big.int.Mutable.mul	other	no	no
std.math.big.int.Mutable.mulNoAlias	other	no	no
std.math.big.int.Mutable.mulWrap	other	no	no
std.math.big.int.Mutable.mulWrapNoAlias	other	no	no
std.math.big.int.Mutable.negate	self	no	no
std.math.big.int.Mutable.normalize	other	no	no
std.math.big.int.Mutable.popCount	other	no	no
std.math.big.int.Mutable.pow	other	no	no
std.math.big.int.Mutable.readPackedTwosComplement	other	no	no
std.math.big.int.Mutable.readTwosComplement	other	no	no
std.math.big.int.Mutable.saturate	other	no	no
std.math.big.int.Mutable.set	self	no	yes
std.math.big.int.Mutable.setFloat	self	no	yes
std.math.big.int.Mutable.setString	self	no	no
std.math.big.int.Mutable.setTwosCompIntLimit	other	no	no
std.math.big.int.Mutable.shiftLeft	other	no	no
std.math.big.int.Mutable.shiftLeftSat	other	no	no
std.math.big.int.Mutable.shiftRight	other	no	no
std.math.big.int.Mutable.sqrNoAlias	other	no	no
std.math.big.int.Mutable.sqrt	other	no	no
std.math.big.int.Mutable.sub	other	no	no
std.math.big.int.Mutable.subCarry	other	no	no
std.math.big.int.Mutable.subSat	other	no	no
std.math.big.int.Mutable.subWrap	other	no	no
std.math.big.int.Mutable.swap	self	no	no
std.math.big.int.Mutable.toConst	self	no	no
std.math.big.int.Mutable.toFloat	self	no	yes
std.math.big.int.Mutable.toInt	self	no	yes
std.math.big.int.Mutable.toManaged	self	no	no
std.math.big.int.Mutable.truncate	other	no	no
std.math.big.int.addMulLimbWithCarry	other	no	no
std.math.big.int.calcDivLimbsBufferLen	other	no	no
std.math.big.int.calcLimbLen	other	no	yes
std.math.big.int.calcLog10LimbsBufferLen	other	no	no
std.math.big.int.calcMulLimbsBufferLen	other	no	no
std.math.big.int.calcMulWrapLimbsBufferLen	other	no	no
std.math.big.int.calcNonZeroTwosCompLimbCount	other	no	no
std.math.big.int.calcPowLimbsBufferLen	other	no	no
std.math.big.int.calcSetStringLimbCount	other	no	no
std.math.big.int.calcSetStringLimbsBufferLen	other	no	no
std.math.big.int.calcSqrtLimbsBufferLen	other	no	no
std.math.big.int.calcToStringLimbsBufferLen	other	no	no
std.math.big.int.calcTwosCompLimbCount	other	no	no
std.math.big.int.fixedIntFromSignedDoubleLimb	other	no	no
std.math.big.int.llaccum	other	no	yes
std.math.big.int.lladd	other	no	no
std.math.big.int.lladdcarry	other	no	no
std.math.big.int.llcmp	other	no	no
std.math.big.int.lldiv0p5	other	no	no
std.math.big.int.lldiv1	other	no	no
std.math.big.int.llmulLimb	other	no	yes
std.math.big.int.llmulacc	other	no	yes
std.math.big.int.llmulaccKaratsuba	other	no	yes
std.math.big.int.llmulaccLong	other	no	yes
std.math.big.int.llnormalize	other	no	no
std.math.big.int.llnot	other	no	no
std.math.big.int.llpow	other	no	no
std.math.big.int.llshl	other	no	no
std.math.big.int.llshr	other	no	no
std.math.big.int.llsignedand	other	no	no
std.math.big.int.llsignedor	other	no	no
std.math.big.int.llsignedxor	other	no	no
std.math.big.int.llsquareBasecase	other	no	no
std.math.big.int.llsub	other	no	no
std.math.big.int.llsubcarry	other	no	no
std.math.big.int.slicesOverlap	other	no	no
std.math.big.int.subMulLimbWithBorrow	other	no	no
std.math.big.int.testFormat	other	no	no
std.math.big.int.testOneShiftCase	other	no	yes
std.math.big.int.testOneShiftCaseAliasing	other	no	no
std.math.big.int.testOneShiftCaseNoAliasing	other	no	no
std.math.boolMask	other	no	yes
std.math.cast	other	no	yes
std.math.cbrt	other	no	yes
std.math.ceil	other	no	yes
std.math.ceilPowerOfTwo	other	no	yes
std.math.ceilPowerOfTwoAssert	other	no	yes
std.math.ceilPowerOfTwoPromote	other	no	yes
std.math.clamp	other	no	yes
std.math.compare	other	no	yes
std.math.complex.Complex	other	no	yes
std.math.complex.Complex().add	self	no	no
std.math.complex.Complex().conjugate	self	no	no
std.math.complex.Complex().div	self	no	no
std.math.complex.Complex().init	other	no	no
std.math.complex.Complex().magnitude	self	no	no
std.math.complex.Complex().mul	self	no	no
std.math.complex.Complex().mulbyi	self	no	no
std.math.complex.Complex().neg	self	no	no
std.math.complex.Complex().reciprocal	self	no	no
std.math.complex.Complex().squaredMagnitude	self	no	no
std.math.complex.Complex().sub	self	no	no
std.math.complex.abs	other	no	yes
std.math.complex.acos	other	no	yes
std.math.complex.acosh	other	no	yes
std.math.complex.arg	other	no	yes
std.math.complex.asin	other	no	yes
std.math.complex.asinh	other	no	yes
std.math.complex.atan	other	no	yes
std.math.complex.atanh	other	no	yes
std.math.complex.conj	other	no	yes
std.math.complex.cos	other	no	yes
std.math.complex.cosh	other	no	yes
std.math.complex.exp	other	no	yes
std.math.complex.log	other	no	yes
std.math.complex.pow	other	no	yes
std.math.complex.proj	other	no	yes
std.math.complex.sin	other	no	yes
std.math.complex.sinh	other	no	yes
std.math.complex.sqrt	other	no	yes
std.math.complex.tan	other	no	yes
std.math.complex.tanh	other	no	yes
std.math.comptimeMod	other	no	yes
std.math.copysign	other	no	yes
std.math.cos	other	no	yes
std.math.cosh	other	no	yes
std.math.degreesToRadians	other	no	yes
std.math.divCeil	other	no	yes
std.math.divExact	other	no	yes
std.math.divFloor	other	no	yes
std.math.divTrunc	other	no	yes
std.math.exp	other	no	yes
std.math.exp2	other	no	yes
std.math.expm1	other	no	yes
std.math.float.FloatRepr	other	no	yes
std.math.float.FloatRepr().BiasedExponent.bias	other	no	no
std.math.float.FloatRepr().BiasedExponent.unbias	other	no	no
std.math.float.FloatRepr().Normalized.reconstruct	other	no	no
std.math.float.FloatRepr().classify	other	no	no
std.math.float.floatBits	other	no	yes
std.math.float.floatEps	other	no	yes
std.math.float.floatEpsAt	other	no	yes
std.math.float.floatExponentBits	other	no	yes
std.math.float.floatExponentMax	other	no	yes
std.math.float.floatExponentMin	other	no	yes
std.math.float.floatFractionalBits	other	no	yes
std.math.float.floatMantissaBits	other	no	yes
std.math.float.floatMax	other	no	yes
std.math.float.floatMin	other	no	yes
std.math.float.floatTrueMin	other	no	yes
std.math.float.inf	other	no	yes
std.math.float.mantissaOne	other	no	yes
std.math.float.nan	other	no	yes
std.math.float.reconstructFloat	other	no	yes
std.math.float.snan	other	no	yes
std.math.floor	other	no	yes
std.math.floorPowerOfTwo	other	no	yes
std.math.frexp	other	no	yes
std.math.gamma	other	no	yes
std.math.gcd	other	no	yes
std.math.hypot	other	no	yes
std.math.ilogb	other	no	yes
std.math.isFinite	other	no	yes
std.math.isInf	other	no	yes
std.math.isNan	other	no	yes
std.math.isNegativeInf	other	no	yes
std.math.isNegativeZero	other	no	yes
std.math.isNormal	other	no	yes
std.math.isPositiveInf	other	no	yes
std.math.isPositiveZero	other	no	yes
std.math.isPowerOfTwo	other	no	yes
std.math.isSignalNan	other	no	yes
std.math.lcm	other	no	yes
std.math.ldexp	other	no	yes
std.math.lerp	other	no	yes
std.math.lgamma	other	no	yes
std.math.log	other	no	yes
std.math.log10	other	no	yes
std.math.log10_int	other	no	yes
std.math.log1p	other	no	yes
std.math.log2	other	no	yes
std.math.log2_int	other	no	yes
std.math.log2_int_ceil	other	no	yes
std.math.log_int	other	no	yes
std.math.lossyCast	other	no	yes
std.math.maxInt	other	no	yes
std.math.minInt	other	no	yes
std.math.mod	other	no	yes
std.math.modf	other	no	yes
std.math.mul	other	no	yes
std.math.mulWide	other	no	yes
std.math.negate	other	no	yes
std.math.negateCast	other	no	yes
std.math.nextAfter	other	no	yes
std.math.order	other	no	yes
std.math.pow	other	no	yes
std.math.powi	other	no	yes
std.math.radiansToDegrees	other	no	yes
std.math.raiseDivByZero	none	no	no
std.math.raiseInexact	none	no	no
std.math.raiseInvalid	none	no	no
std.math.raiseOverflow	none	no	no
std.math.raiseUnderflow	none	no	no
std.math.rem	other	no	yes
std.math.rotl	other	no	yes
std.math.rotr	other	no	yes
std.math.round	other	no	yes
std.math.scalbn	other	no	yes
std.math.shl	other	no	yes
std.math.shlExact	other	no	yes
std.math.shr	other	no	yes
std.math.sign	other	no	yes
std.math.signbit	other	no	yes
std.math.sin	other	no	yes
std.math.sinh	other	no	yes
std.math.sqrt	other	no	yes
std.math.sub	other	no	yes
std.math.tan	other	no	yes
std.math.tanh	other	no	yes
std.math.testCeilPowerOfTwo	none	no	no
std.math.testCeilPowerOfTwoPromote	none	no	no
std.math.testDivCeil	none	no	no
std.math.testDivExact	none	no	no
std.math.testDivFloor	none	no	no
std.math.testDivTrunc	none	no	no
std.math.testFloorPowerOfTwo	none	no	no
std.math.testMod	none	no	no
std.math.testOverflow	none	no	no
std.math.testRem	none	no	no
std.math.testSign	none	no	no
std.math.trunc	other	no	yes
std.math.wrap	other	no	yes
std.mem.AbsorbSentinelReturnType	other	no	yes
std.mem.AlignedSlice	other	no	yes
std.mem.Alignment.backward	other	no	no
std.mem.Alignment.check	other	no	no
std.mem.Alignment.compare	other	no	no
std.mem.Alignment.forward	other	no	no
std.mem.Alignment.fromByteUnits	other	no	no
std.mem.Alignment.fromByteUnitsOptional	other	no	no
std.mem.Alignment.max	other	no	no
std.mem.Alignment.min	other	no	no
std.mem.Alignment.of	other	no	yes
std.mem.Alignment.order	other	no	no
std.mem.Alignment.toByteUnits	other	no	no
std.mem.Allocator.AllocWithOptionsPayload	other	no	yes
std.mem.Allocator.alignedAlloc	self	no	yes
std.mem.Allocator.alloc	self	no	yes
std.mem.Allocator.allocAdvancedWithRetAddr	self	no	yes
std.mem.Allocator.allocBytesWithAlignment	self	no	yes
std.mem.Allocator.allocSentinel	self	no	yes
std.mem.Allocator.allocWithOptions	self	no	yes
std.mem.Allocator.allocWithOptionsRetAddr	self	no	yes
std.mem.Allocator.allocWithSizeAndAlignment	self	no	yes
std.mem.Allocator.create	allocator	no	yes
std.mem.Allocator.destroy	self	no	yes
std.mem.Allocator.dupe	allocator	no	yes
std.mem.Allocator.dupeSentinel	allocator	no	yes
std.mem.Allocator.dupeZ	allocator	no	yes
std.mem.Allocator.free	self	no	yes
std.mem.Allocator.noAlloc	self	no	no
std.mem.Allocator.noFree	self	no	no
std.mem.Allocator.noRemap	self	no	no
std.mem.Allocator.noResize	self	no	no
std.mem.Allocator.rawAlloc	allocator	no	no
std.mem.Allocator.rawFree	allocator	no	no
std.mem.Allocator.rawRemap	allocator	no	no
std.mem.Allocator.rawResize	allocator	no	no
std.mem.Allocator.realloc	self	no	yes
std.mem.Allocator.reallocAdvanced	self	no	yes
std.mem.Allocator.remap	self	no	yes
std.mem.Allocator.resize	self	no	yes
std.mem.Allocator.unreachableFree	self	no	no
std.mem.Allocator.unreachableRemap	self	no	no
std.mem.Allocator.unreachableResize	self	no	no
std.mem.AsBytesReturnType	other	no	yes
std.mem.BytesAsSliceReturnType	other	no	yes
std.mem.BytesAsValueReturnType	other	no	yes
std.mem.CopyPtrAttrs	other	no	yes
std.mem.ReverseIterator	other	no	yes
std.mem.ReverseIterator().next	self	no	no
std.mem.ReverseIterator().nextPtr	self	no	no
std.mem.SliceAsBytesReturnType	other	no	yes
std.mem.SliceTo	other	no	yes
std.mem.Span	other	no	yes
std.mem.SplitBackwardsIterator	other	no	yes
std.mem.SplitBackwardsIterator().first	self	no	no
std.mem.SplitBackwardsIterator().next	self	no	no
std.mem.SplitBackwardsIterator().reset	self	no	no
std.mem.SplitBackwardsIterator().rest	self	no	no
std.mem.SplitIterator	other	no	yes
std.mem.SplitIterator().first	self	no	no
std.mem.SplitIterator().next	self	no	no
std.mem.SplitIterator().peek	self	no	no
std.mem.SplitIterator().reset	self	no	no
std.mem.SplitIterator().rest	self	no	no
std.mem.TokenIterator	other	no	yes
std.mem.TokenIterator().isDelimiter	self	no	no
std.mem.TokenIterator().next	self	no	no
std.mem.TokenIterator().peek	self	no	no
std.mem.TokenIterator().reset	self	no	no
std.mem.TokenIterator().rest	self	no	no
std.mem.ValidationAllocator	other	no	yes
std.mem.ValidationAllocator().alloc	other	no	no
std.mem.ValidationAllocator().allocator	self	no	no
std.mem.ValidationAllocator().free	other	no	no
std.mem.ValidationAllocator().getUnderlyingAllocatorPtr	self	no	no
std.mem.ValidationAllocator().init	other	no	no
std.mem.ValidationAllocator().remap	other	no	no
std.mem.ValidationAllocator().reset	self	no	no
std.mem.ValidationAllocator().resize	other	no	no
std.mem.WindowIterator	other	no	yes
std.mem.WindowIterator().next	self	no	no
std.mem.WindowIterator().reset	self	no	no
std.mem.absorbSentinel	other	no	yes
std.mem.alignBackward	other	no	yes
std.mem.alignBackwardAnyAlign	other	no	yes
std.mem.alignForward	other	no	yes
std.mem.alignForwardAnyAlign	other	no	yes
std.mem.alignForwardLog2	other	no	no
std.mem.alignInBytes	other	no	yes
std.mem.alignInSlice	other	no	yes
std.mem.alignPointer	other	no	yes
std.mem.alignPointerOffset	other	no	yes
std.mem.allEqual	other	no	yes
std.mem.asBytes	other	no	yes
std.mem.bigToNative	other	no	yes
std.mem.boundedOrderZ	other	no	yes
std.mem.boyerMooreHorspoolPreprocess	other	no	no
std.mem.boyerMooreHorspoolPreprocessReverse	other	no	no
std.mem.byteSwapAllElements	other	no	yes
std.mem.byteSwapAllFields	other	no	yes
std.mem.byteSwapAllFieldsAligned	other	no	yes
std.mem.bytesAsSlice	other	no	yes
std.mem.bytesAsValue	other	no	yes
std.mem.bytesToValue	other	no	yes
std.mem.collapseRepeats	other	no	yes
std.mem.collapseRepeatsLen	other	no	yes
std.mem.concat	allocator	no	yes
std.mem.concatMaybeSentinel	allocator	no	yes
std.mem.concatWithSentinel	allocator	no	yes
std.mem.containsAtLeast	other	no	yes
std.mem.containsAtLeastScalar	other	no	yes
std.mem.containsAtLeastScalar2	other	no	yes
std.mem.copyBackwards	other	no	yes
std.mem.copyForwards	other	no	yes
std.mem.count	other	no	yes
std.mem.countScalar	other	no	yes
std.mem.cut	other	no	yes
std.mem.cutLast	other	no	yes
std.mem.cutPrefix	other	no	yes
std.mem.cutScalar	other	no	yes
std.mem.cutScalarLast	other	no	yes
std.mem.cutSuffix	other	no	yes
std.mem.doNotOptimizeAway	other	no	yes
std.mem.doNotOptimizeAwayC	other	no	yes
std.mem.endsWith	other	no	yes
std.mem.eql	other	no	yes
std.mem.eqlBytes	other	no	no
std.mem.find	other	no	yes
std.mem.findAny	other	no	yes
std.mem.findAnyPos	other	no	yes
std.mem.findDiff	other	no	yes
std.mem.findLast	other	no	yes
std.mem.findLastAny	other	no	yes
std.mem.findLastLinear	other	no	yes
std.mem.findLastNone	other	no	yes
std.mem.findMax	other	no	yes
std.mem.findMin	other	no	yes
std.mem.findMinMax	other	no	yes
std.mem.findNone	other	no	yes
std.mem.findNonePos	other	no	yes
std.mem.findPos	other	no	yes
std.mem.findPosLinear	other	no	yes
std.mem.findScalar	other	no	yes
std.mem.findScalarLast	other	no	yes
std.mem.findScalarPos	other	no	yes
std.mem.findSentinel	other	no	yes
std.mem.isAligned	other	no	no
std.mem.isAlignedAnyAlign	other	no	no
std.mem.isAlignedGeneric	other	no	yes
std.mem.isAlignedLog2	other	no	no
std.mem.isValidAlign	other	no	no
std.mem.isValidAlignGeneric	other	no	yes
std.mem.join	allocator	no	no
std.mem.joinMaybeZ	allocator	no	no
std.mem.joinZ	allocator	no	no
std.mem.len	other	no	yes
std.mem.lenSliceTo	other	no	yes
std.mem.lessThan	other	no	yes
std.mem.littleToNative	other	no	yes
std.mem.max	other	no	yes
std.mem.min	other	no	yes
std.mem.minMax	other	no	yes
std.mem.moreReadIntTests	none	no	no
std.mem.nativeTo	other	no	yes
std.mem.nativeToBig	other	no	yes
std.mem.nativeToLittle	other	no	yes
std.mem.order	other	no	yes
std.mem.orderZ	other	no	yes
std.mem.readInt	other	no	yes
std.mem.readPackedInt	other	no	yes
std.mem.readPackedIntBig	other	no	yes
std.mem.readPackedIntLittle	other	no	yes
std.mem.readVarInt	other	no	yes
std.mem.readVarPackedInt	other	no	yes
std.mem.replace	other	no	yes
std.mem.replaceOwned	other	no	yes
std.mem.replaceScalar	other	no	yes
std.mem.replacementSize	other	no	yes
std.mem.reverse	other	no	yes
std.mem.reverseIterator	other	no	yes
std.mem.reverseVector	other	no	yes
std.mem.rotate	other	no	yes
std.mem.sliceAsBytes	other	no	yes
std.mem.sliceTo	other	no	yes
std.mem.sort	other	no	yes
std.mem.sortContext	other	no	yes
std.mem.sortUnstable	other	no	yes
std.mem.sortUnstableContext	other	no	yes
std.mem.span	other	no	yes
std.mem.splitAny	other	no	yes
std.mem.splitBackwardsAny	other	no	yes
std.mem.splitBackwardsScalar	other	no	yes
std.mem.splitBackwardsSequence	other	no	yes
std.mem.splitScalar	other	no	yes
std.mem.splitSequence	other	no	yes
std.mem.startsWith	other	no	yes
std.mem.swap	other	no	yes
std.mem.testCollapseRepeats	other	no	no
std.mem.toBytes	other	no	yes
std.mem.toNative	other	no	yes
std.mem.tokenizeAny	other	no	yes
std.mem.tokenizeScalar	other	no	yes
std.mem.tokenizeSequence	other	no	yes
std.mem.trim	other	no	yes
std.mem.trimEnd	other	no	yes
std.mem.trimStart	other	no	yes
std.mem.validationWrap	other	no	yes
std.mem.window	other	no	yes
std.mem.writeInt	other	no	yes
std.mem.writePackedInt	other	no	yes
std.mem.writePackedIntBig	other	no	yes
std.mem.writePackedIntLittle	other	no	yes
std.mem.writeVarPackedInt	other	no	yes
std.mem.zeroInit	other	no	yes
std.mem.zeroes	other	no	yes
std.meta.ArgsTuple	other	no	yes
std.meta.Child	other	no	yes
std.meta.DeclEnum	other	no	yes
std.meta.Elem	other	no	yes
std.meta.FieldEnum	other	no	yes
std.meta.Float	other	no	yes
std.meta.Int	other	no	yes
std.meta.Sentinel	other	no	yes
std.meta.Tag	other	no	yes
std.meta.TrailerFlags	other	no	yes
std.meta.TrailerFlags().Field	other	no	yes
std.meta.TrailerFlags().get	self	no	yes
std.meta.TrailerFlags().has	self	no	yes
std.meta.TrailerFlags().init	other	no	no
std.meta.TrailerFlags().offset	self	no	yes
std.meta.TrailerFlags().ptr	self	no	yes
std.meta.TrailerFlags().ptrConst	self	no	yes
std.meta.TrailerFlags().set	self	no	yes
std.meta.TrailerFlags().setFlag	self	no	yes
std.meta.TrailerFlags().setMany	self	no	no
std.meta.TrailerFlags().sizeInBytes	self	no	no
std.meta.Tuple	other	no	yes
std.meta.TupleTester.assertTuple	other	no	yes
std.meta.TupleTester.assertTypeEqual	other	no	yes
std.meta.activeTag	other	no	yes
std.meta.alignment	other	no	yes
std.meta.containerLayout	other	no	yes
std.meta.declarationInfo	other	no	yes
std.meta.declarations	other	no	yes
std.meta.eql	other	no	yes
std.meta.expectEqualEnum	other	no	yes
std.meta.fieldIndex	other	no	yes
std.meta.fieldInfo	other	no	yes
std.meta.fieldNames	other	no	yes
std.meta.fields	other	no	yes
std.meta.hasFn	other	no	yes
std.meta.hasMethod	other	no	yes
std.meta.hasUniqueRepresentation	other	no	yes
std.meta.isError	other	no	yes
std.meta.sentinel	other	no	yes
std.meta.stringToEnum	other	no	yes
std.meta.tags	other	no	yes
std.meta.testSentinel	none	no	no
std.os.emscripten.CPU_COUNT	other	no	no
std.os.emscripten.S.ISBLK	other	no	no
std.os.emscripten.S.ISCHR	other	no	no
std.os.emscripten.S.ISDIR	other	no	no
std.os.emscripten.S.ISFIFO	other	no	no
std.os.emscripten.S.ISLNK	other	no	no
std.os.emscripten.S.ISREG	other	no	no
std.os.emscripten.S.ISSOCK	other	no	no
std.os.emscripten.Stat.atime	self	no	no
std.os.emscripten.Stat.ctime	self	no	no
std.os.emscripten.Stat.mtime	self	no	no
std.os.emscripten.W.EXITSTATUS	other	no	no
std.os.emscripten.W.IFEXITED	other	no	no
std.os.emscripten.W.IFSIGNALED	other	no	no
std.os.emscripten.W.IFSTOPPED	other	no	no
std.os.emscripten.W.STOPSIG	other	no	no
std.os.emscripten.W.TERMSIG	other	no	no
std.os.emscripten._emscripten_push_main_loop_blocker	other	no	no
std.os.emscripten._emscripten_push_uncounted_main_loop_blocker	other	no	no
std.os.emscripten.emscripten_async_call	other	no	no
std.os.emscripten.emscripten_async_load_script	other	no	no
std.os.emscripten.emscripten_async_run_script	other	no	no
std.os.emscripten.emscripten_async_wget	other	no	no
std.os.emscripten.emscripten_async_wget2	other	no	no
std.os.emscripten.emscripten_async_wget2_abort	other	no	no
std.os.emscripten.emscripten_async_wget2_data	other	no	no
std.os.emscripten.emscripten_async_wget_data	other	no	no
std.os.emscripten.emscripten_call_worker	other	no	no
std.os.emscripten.emscripten_cancel_main_loop	none	no	no
std.os.emscripten.emscripten_create_worker	other	no	no
std.os.emscripten.emscripten_debugger	none	no	no
std.os.emscripten.emscripten_destroy_worker	other	no	no
std.os.emscripten.emscripten_dlopen	other	no	no
std.os.emscripten.emscripten_dlopen_promise	other	no	no
std.os.emscripten.emscripten_exit_with_live_runtime	none	no	no
std.os.emscripten.emscripten_force_exit	other	no	no
std.os.emscripten.emscripten_get_callstack	other	no	no
std.os.emscripten.emscripten_get_canvas_size	other	no	no
std.os.emscripten.emscripten_get_compiler_setting	other	no	no
std.os.emscripten.emscripten_get_device_pixel_ratio	none	no	no
std.os.emscripten.emscripten_get_main_loop_timing	other	no	no
std.os.emscripten.emscripten_get_now	none	no	no
std.os.emscripten.emscripten_get_preloaded_image_data	other	no	no
std.os.emscripten.emscripten_get_preloaded_image_data_from_FILE	other	no	no
std.os.emscripten.emscripten_get_screen_size	other	no	no
std.os.emscripten.emscripten_get_window_title	none	no	no
std.os.emscripten.emscripten_get_worker_queue_size	other	no	no
std.os.emscripten.emscripten_has_asyncify	none	no	no
std.os.emscripten.emscripten_hide_mouse	none	no	no
std.os.emscripten.emscripten_idb_async_delete	other	no	no
std.os.emscripten.emscripten_idb_async_exists	other	no	no
std.os.emscripten.emscripten_idb_async_load	other	no	no
std.os.emscripten.emscripten_idb_async_store	other	no	no
std.os.emscripten.emscripten_idb_delete	other	no	no
std.os.emscripten.emscripten_idb_exists	other	no	no
std.os.emscripten.emscripten_idb_free_blob	other	no	no
std.os.emscripten.emscripten_idb_load	other	no	no
std.os.emscripten.emscripten_idb_load_blob	other	no	no
std.os.emscripten.emscripten_idb_read_from_blob	other	no	no
std.os.emscripten.emscripten_idb_store	other	no	no
std.os.emscripten.emscripten_idb_store_blob	other	no	no
std.os.emscripten.emscripten_lazy_load_code	none	no	no
std.os.emscripten.emscripten_log	other	no	no
std.os.emscripten.emscripten_pause_main_loop	none	no	no
std.os.emscripten.emscripten_print_double	other	no	no
std.os.emscripten.emscripten_promise_all	other	no	no
std.os.emscripten.emscripten_promise_create	none	no	no
std.os.emscripten.emscripten_promise_destroy	other	no	no
std.os.emscripten.emscripten_promise_resolve	other	no	no
std.os.emscripten.emscripten_promise_then	other	no	no
std.os.emscripten.emscripten_random	none	no	no
std.os.emscripten.emscripten_resume_main_loop	none	no	no
std.os.emscripten.emscripten_run_preload_plugins	other	no	no
std.os.emscripten.emscripten_run_preload_plugins_data	other	no	no
std.os.emscripten.emscripten_run_script	other	no	no
std.os.emscripten.emscripten_run_script_int	other	no	no
std.os.emscripten.emscripten_run_script_string	other	no	no
std.os.emscripten.emscripten_scan_registers	other	no	no
std.os.emscripten.emscripten_scan_stack	other	no	no
std.os.emscripten.emscripten_set_canvas_size	other	no	no
std.os.emscripten.emscripten_set_main_loop	other	no	no
std.os.emscripten.emscripten_set_main_loop_arg	other	no	no
std.os.emscripten.emscripten_set_main_loop_expected_blockers	other	no	no
std.os.emscripten.emscripten_set_main_loop_timing	other	no	no
std.os.emscripten.emscripten_set_socket_close_callback	other	no	no
std.os.emscripten.emscripten_set_socket_connection_callback	other	no	no
std.os.emscripten.emscripten_set_socket_error_callback	other	no	no
std.os.emscripten.emscripten_set_socket_listen_callback	other	no	no
std.os.emscripten.emscripten_set_socket_message_callback	other	no	no
std.os.emscripten.emscripten_set_socket_open_callback	other	no	no
std.os.emscripten.emscripten_set_window_title	other	no	no
std.os.emscripten.emscripten_sleep	other	no	no
std.os.emscripten.emscripten_throw_number	other	no	no
std.os.emscripten.emscripten_throw_string	other	no	no
std.os.emscripten.emscripten_wget	other	no	no
std.os.emscripten.emscripten_wget_data	other	no	no
std.os.emscripten.emscripten_worker_respond	other	no	no
std.os.emscripten.emscripten_worker_respond_provisionally	other	no	no
std.os.emscripten.sigemptyset	none	no	no
std.os.linux.AUDIT.ARCH.toAudit	other	no	no
std.os.linux.BPF.Insn.add	other	no	yes
std.os.linux.BPF.Insn.alu	other	no	yes
std.os.linux.BPF.Insn.alu_and	other	no	yes
std.os.linux.BPF.Insn.alu_or	other	no	yes
std.os.linux.BPF.Insn.arsh	other	no	yes
std.os.linux.BPF.Insn.be	other	no	yes
std.os.linux.BPF.Insn.call	other	no	no
std.os.linux.BPF.Insn.div	other	no	yes
std.os.linux.BPF.Insn.endian_swap	other	no	yes
std.os.linux.BPF.Insn.exit	none	no	no
std.os.linux.BPF.Insn.imm_reg	other	no	yes
std.os.linux.BPF.Insn.ja	other	no	no
std.os.linux.BPF.Insn.jeq	other	no	yes
std.os.linux.BPF.Insn.jge	other	no	yes
std.os.linux.BPF.Insn.jgt	other	no	yes
std.os.linux.BPF.Insn.jle	other	no	yes
std.os.linux.BPF.Insn.jlt	other	no	yes
std.os.linux.BPF.Insn.jmp	other	no	yes
std.os.linux.BPF.Insn.jne	other	no	yes
std.os.linux.BPF.Insn.jset	other	no	yes
std.os.linux.BPF.Insn.jsge	other	no	yes
std.os.linux.BPF.Insn.jsgt	other	no	yes
std.os.linux.BPF.Insn.jsle	other	no	yes
std.os.linux.BPF.Insn.jslt	other	no	yes
std.os.linux.BPF.Insn.ld	other	no	no
std.os.linux.BPF.Insn.ld_abs	other	no	no
std.os.linux.BPF.Insn.ld_dw1	other	no	no
std.os.linux.BPF.Insn.ld_dw2	other	no	no
std.os.linux.BPF.Insn.ld_imm_impl1	other	no	no
std.os.linux.BPF.Insn.ld_imm_impl2	other	no	no
std.os.linux.BPF.Insn.ld_ind	other	no	no
std.os.linux.BPF.Insn.ld_map_fd1	other	no	no
std.os.linux.BPF.Insn.ld_map_fd2	other	no	no
std.os.linux.BPF.Insn.ldx	other	no	no
std.os.linux.BPF.Insn.le	other	no	yes
std.os.linux.BPF.Insn.lsh	other	no	yes
std.os.linux.BPF.Insn.mod	other	no	yes
std.os.linux.BPF.Insn.mov	other	no	yes
std.os.linux.BPF.Insn.mul	other	no	yes
std.os.linux.BPF.Insn.neg	other	no	no
std.os.linux.BPF.Insn.rsh	other	no	yes
std.os.linux.BPF.Insn.st	other	no	no
std.os.linux.BPF.Insn.stx	other	no	no
std.os.linux.BPF.Insn.sub	other	no	yes
std.os.linux.BPF.Insn.xadd	other	no	no
std.os.linux.BPF.Insn.xor	other	no	yes
std.os.linux.BPF.expect_opcode	other	no	no
std.os.linux.BPF.map_create	other	no	no
std.os.linux.BPF.map_delete_elem	other	no	no
std.os.linux.BPF.map_get_next_key	other	no	no
std.os.linux.BPF.map_lookup_elem	other	no	no
std.os.linux.BPF.map_update_elem	other	no	no
std.os.linux.BPF.prog_load	other	no	no
std.os.linux.CAP.TO_INDEX	other	no	no
std.os.linux.CAP.TO_MASK	other	no	no
std.os.linux.CAP.valid	other	no	no
std.os.linux.CPU_COUNT	other	no	no
std.os.linux.IOCTL.IO	other	no	no
std.os.linux.IOCTL.IOR	other	no	yes
std.os.linux.IOCTL.IOW	other	no	yes
std.os.linux.IOCTL.IOWR	other	no	yes
std.os.linux.IOCTL.io_impl	other	no	yes
std.os.linux.IPTOS.PREC	other	no	yes
std.os.linux.IPTOS.TOS	other	no	yes
std.os.linux.IoUring.BufferGroup.deinit	self	no	no
std.os.linux.IoUring.BufferGroup.get	self	no	no
std.os.linux.IoUring.BufferGroup.get_by_id	self	no	no
std.os.linux.IoUring.BufferGroup.init	other	yes	no
std.os.linux.IoUring.BufferGroup.put	self	no	no
std.os.linux.IoUring.BufferGroup.recv	self	no	no
std.os.linux.IoUring.BufferGroup.recv_multishot	self	no	no
std.os.linux.IoUring.CompletionQueue.deinit	self	no	no
std.os.linux.IoUring.CompletionQueue.init	other	no	no
std.os.linux.IoUring.SubmissionQueue.deinit	self	no	no
std.os.linux.IoUring.SubmissionQueue.init	other	no	no
std.os.linux.IoUring.accept	self	yes	no
std.os.linux.IoUring.accept_direct	self	yes	no
std.os.linux.IoUring.accept_multishot	self	yes	no
std.os.linux.IoUring.accept_multishot_direct	self	yes	no
std.os.linux.IoUring.bind	self	yes	no
std.os.linux.IoUring.buf_ring_add	other	no	no
std.os.linux.IoUring.buf_ring_advance	other	no	no
std.os.linux.IoUring.buf_ring_init	other	no	no
std.os.linux.IoUring.buf_ring_mask	other	no	no
std.os.linux.IoUring.cancel	self	yes	no
std.os.linux.IoUring.close	self	yes	no
std.os.linux.IoUring.close_direct	self	yes	no
std.os.linux.IoUring.cmd_sock	self	yes	no
std.os.linux.IoUring.connect	self	yes	no
std.os.linux.IoUring.copy_cqe	other	yes	no
std.os.linux.IoUring.copy_cqes	self	yes	no
std.os.linux.IoUring.copy_cqes_ready	self	yes	no
std.os.linux.IoUring.cq_advance	self	yes	no
std.os.linux.IoUring.cq_ready	self	yes	no
std.os.linux.IoUring.cq_ring_needs_flush	self	yes	no
std.os.linux.IoUring.cqe_seen	self	yes	no
std.os.linux.IoUring.deinit	self	yes	no
std.os.linux.IoUring.enter	self	yes	no
std.os.linux.IoUring.epoll_ctl	self	yes	no
std.os.linux.IoUring.fallocate	self	yes	no
std.os.linux.IoUring.flush_sq	self	yes	no
std.os.linux.IoUring.free_buf_ring	other	no	no
std.os.linux.IoUring.fsync	self	yes	no
std.os.linux.IoUring.get_probe	self	yes	no
std.os.linux.IoUring.get_sqe	self	yes	no
std.os.linux.IoUring.getsockopt	self	yes	no
std.os.linux.IoUring.handle_register_buf_ring_result	other	no	no
std.os.linux.IoUring.handle_registration_result	other	no	no
std.os.linux.IoUring.init	other	yes	no
std.os.linux.IoUring.init_params	other	yes	no
std.os.linux.IoUring.link_timeout	self	yes	no
std.os.linux.IoUring.linkat	self	yes	no
std.os.linux.IoUring.listen	self	yes	no
std.os.linux.IoUring.mkdirat	self	yes	no
std.os.linux.IoUring.nop	self	yes	no
std.os.linux.IoUring.openat	self	yes	no
std.os.linux.IoUring.openat_direct	self	yes	no
std.os.linux.IoUring.poll_add	self	yes	no
std.os.linux.IoUring.poll_remove	self	yes	no
std.os.linux.IoUring.poll_update	self	yes	no
std.os.linux.IoUring.provide_buffers	self	yes	no
std.os.linux.IoUring.read	self	yes	no
std.os.linux.IoUring.read_fixed	self	yes	no
std.os.linux.IoUring.recv	self	yes	no
std.os.linux.IoUring.recvmsg	self	yes	no
std.os.linux.IoUring.register_buf_ring	other	no	no
std.os.linux.IoUring.register_buffers	self	yes	no
std.os.linux.IoUring.register_eventfd	self	yes	no
std.os.linux.IoUring.register_eventfd_async	self	yes	no
std.os.linux.IoUring.register_file_alloc_range	self	yes	no
std.os.linux.IoUring.register_files	self	yes	no
std.os.linux.IoUring.register_files_sparse	self	yes	no
std.os.linux.IoUring.register_files_update	self	yes	no
std.os.linux.IoUring.register_napi	self	yes	no
std.os.linux.IoUring.remove_buffers	self	yes	no
std.os.linux.IoUring.renameat	self	yes	no
std.os.linux.IoUring.send	self	yes	no
std.os.linux.IoUring.send_zc	self	yes	no
std.os.linux.IoUring.send_zc_fixed	self	yes	no
std.os.linux.IoUring.sendmsg	self	yes	no
std.os.linux.IoUring.sendmsg_zc	self	yes	no
std.os.linux.IoUring.setsockopt	self	yes	no
std.os.linux.IoUring.setup_buf_ring	other	no	no
std.os.linux.IoUring.shutdown	self	yes	no
std.os.linux.IoUring.socket	self	yes	no
std.os.linux.IoUring.socket_direct	self	yes	no
std.os.linux.IoUring.socket_direct_alloc	self	yes	no
std.os.linux.IoUring.splice	self	yes	no
std.os.linux.IoUring.sq_ready	self	yes	no
std.os.linux.IoUring.sq_ring_needs_enter	self	yes	no
std.os.linux.IoUring.statx	self	yes	no
std.os.linux.IoUring.submit	self	yes	no
std.os.linux.IoUring.submit_and_wait	self	yes	no
std.os.linux.IoUring.symlinkat	self	yes	no
std.os.linux.IoUring.timeout	self	yes	no
std.os.linux.IoUring.timeout_remove	self	yes	no
std.os.linux.IoUring.unlinkat	self	yes	no
std.os.linux.IoUring.unregister_buf_ring	other	no	no
std.os.linux.IoUring.unregister_buffers	self	yes	no
std.os.linux.IoUring.unregister_eventfd	self	yes	no
std.os.linux.IoUring.unregister_files	self	yes	no
std.os.linux.IoUring.unregister_napi	self	yes	no
std.os.linux.IoUring.waitid	self	yes	no
std.os.linux.IoUring.write	self	yes	no
std.os.linux.IoUring.write_fixed	self	yes	no
std.os.linux.IoUring.writev	self	yes	no
std.os.linux.S.ISBLK	other	no	no
std.os.linux.S.ISCHR	other	no	no
std.os.linux.S.ISDIR	other	no	no
std.os.linux.S.ISFIFO	other	no	no
std.os.linux.S.ISLNK	other	no	no
std.os.linux.S.ISREG	other	no	no
std.os.linux.S.ISSOCK	other	no	no
std.os.linux.SER.ISO7816.T	other	no	yes
std.os.linux.W.EXITSTATUS	other	no	no
std.os.linux.W.IFEXITED	other	no	no
std.os.linux.W.IFSIGNALED	other	no	no
std.os.linux.W.IFSTOPPED	other	no	no
std.os.linux.W.STOPSIG	other	no	no
std.os.linux.W.TERMSIG	other	no	no
std.os.linux.accept	other	no	no
std.os.linux.accept4	other	no	no
std.os.linux.access	other	no	no
std.os.linux.acct	other	no	no
std.os.linux.bind	other	no	no
std.os.linux.bpf	other	no	no
std.os.linux.brk	other	no	no
std.os.linux.cachestat	other	no	no
std.os.linux.capget	other	no	no
std.os.linux.capset	other	no	no
std.os.linux.chdir	other	no	no
std.os.linux.chmod	other	no	no
std.os.linux.chown	other	no	no
std.os.linux.chroot	other	no	no
std.os.linux.clock_getres	other	no	no
std.os.linux.clock_gettime	other	no	no
std.os.linux.clock_nanosleep	other	no	no
std.os.linux.clock_settime	other	no	no
std.os.linux.clone	other	no	no
std.os.linux.clone2	other	no	no
std.os.linux.clone5	other	no	no
std.os.linux.close	other	no	no
std.os.linux.close_range	other	no	no
std.os.linux.connect	other	no	no
std.os.linux.copy_file_range	other	no	no
std.os.linux.create	other	no	no
std.os.linux.dl.DlDynLib.close	self	no	no
std.os.linux.dl.DlDynLib.getError	none	no	no
std.os.linux.dl.DlDynLib.lookup	self	no	yes
std.os.linux.dl.DlDynLib.open	other	no	no
std.os.linux.dl.DlDynLib.openZ	other	no	no
std.os.linux.dl.DynLib.close	self	no	no
std.os.linux.dl.DynLib.lookup	self	no	yes
std.os.linux.dl.DynLib.open	other	no	no
std.os.linux.dl.DynLib.openZ	other	no	no
std.os.linux.dl.ElfDynLib.GnuHashSection32.fromPtr	other	no	no
std.os.linux.dl.ElfDynLib.GnuHashSection64.fromPtr	other	no	no
std.os.linux.dl.ElfDynLib.close	self	no	no
std.os.linux.dl.ElfDynLib.elfToProt	other	no	no
std.os.linux.dl.ElfDynLib.lookup	self	no	yes
std.os.linux.dl.ElfDynLib.lookupAddress	self	no	no
std.os.linux.dl.ElfDynLib.open	other	no	no
std.os.linux.dl.ElfDynLib.openPath	other	yes	no
std.os.linux.dl.ElfDynLib.openZ	other	no	no
std.os.linux.dl.ElfDynLib.resolveFromName	other	yes	no
std.os.linux.dl.ElfDynLib.resolveFromParent	other	yes	no
std.os.linux.dl.ElfDynLib.resolveFromSearchPath	other	yes	no
std.os.linux.dl.LinkMap.Iterator.end	self	no	no
std.os.linux.dl.LinkMap.Iterator.next	self	no	no
std.os.linux.dl.checkver	other	no	no
std.os.linux.dl.get_DYNAMIC	none	no	no
std.os.linux.dl.linkmap_iterator	none	no	no
std.os.linux.dup	other	no	no
std.os.linux.dup2	other	no	no
std.os.linux.dup3	other	no	no
std.os.linux.epoll_create	none	no	no
std.os.linux.epoll_create1	other	no	no
std.os.linux.epoll_ctl	other	no	no
std.os.linux.epoll_pwait	other	no	no
std.os.linux.epoll_wait	other	no	no
std.os.linux.errno	other	no	no
std.os.linux.eventfd	other	no	no
std.os.linux.execve	other	no	no
std.os.linux.execveat	other	no	no
std.os.linux.exit	other	no	no
std.os.linux.exit_group	other	no	no
std.os.linux.faccessat	other	no	no
std.os.linux.fadvise	other	no	no
std.os.linux.fallocate	other	no	no
std.os.linux.fanotify_init	other	no	no
std.os.linux.fanotify_mark	other	no	no
std.os.linux.fchdir	other	no	no
std.os.linux.fchmod	other	no	no
std.os.linux.fchmodat	other	no	no
std.os.linux.fchmodat2	other	no	no
std.os.linux.fchown	other	no	no
std.os.linux.fchownat	other	no	no
std.os.linux.fcntl	other	no	no
std.os.linux.fd_to_usize	other	no	no
std.os.linux.fdatasync	other	no	no
std.os.linux.fgetxattr	other	no	no
std.os.linux.flistxattr	other	no	no
std.os.linux.flock	other	no	no
std.os.linux.fork	none	no	no
std.os.linux.fremovexattr	other	no	no
std.os.linux.fsconfig	other	no	no
std.os.linux.fsetxattr	other	no	no
std.os.linux.fsmount	other	no	no
std.os.linux.fsopen	other	no	no
std.os.linux.fspick	other	no	no
std.os.linux.fsync	other	no	no
std.os.linux.ftruncate	other	no	no
std.os.linux.futex	other	no	no
std.os.linux.futex2_requeue	other	no	no
std.os.linux.futex2_wait	other	no	no
std.os.linux.futex2_waitv	other	no	no
std.os.linux.futex2_wake	other	no	no
std.os.linux.futex_3arg	other	no	no
std.os.linux.futex_4arg	other	no	no
std.os.linux.futimens	other	no	no
std.os.linux.getauxvalImpl	other	no	no
std.os.linux.getcpu	other	no	no
std.os.linux.getcwd	other	no	no
std.os.linux.getdents	other	no	no
std.os.linux.getdents64	other	no	no
std.os.linux.getegid	none	no	no
std.os.linux.geteuid	none	no	no
std.os.linux.getgid	none	no	no
std.os.linux.getgroups	other	no	no
std.os.linux.getitimer	other	no	no
std.os.linux.getpeername	other	no	no
std.os.linux.getpgid	other	no	no
std.os.linux.getpid	none	no	no
std.os.linux.getppid	none	no	no
std.os.linux.getrandom	other	no	no
std.os.linux.getresgid	other	no	no
std.os.linux.getresuid	other	no	no
std.os.linux.getrlimit	other	no	no
std.os.linux.getrusage	other	no	no
std.os.linux.getsid	other	no	no
std.os.linux.getsockname	other	no	no
std.os.linux.getsockopt	other	no	no
std.os.linux.gettid	none	no	no
std.os.linux.gettimeofday	other	no	no
std.os.linux.getuid	none	no	no
std.os.linux.getxattr	other	no	no
std.os.linux.init_vdso_clock_gettime	other	no	no
std.os.linux.inotify_add_watch	other	no	no
std.os.linux.inotify_event.getName	self	no	no
std.os.linux.inotify_init1	other	no	no
std.os.linux.inotify_rm_watch	other	no	no
std.os.linux.io_uring_cqe.buffer_id	self	no	no
std.os.linux.io_uring_cqe.err	self	no	no
std.os.linux.io_uring_enter	other	no	no
std.os.linux.io_uring_probe.is_supported	self	no	no
std.os.linux.io_uring_probe_op.is_supported	self	no	no
std.os.linux.io_uring_register	other	no	no
std.os.linux.io_uring_setup	other	no	no
std.os.linux.io_uring_sqe.__io_uring_set_target_fixed_file	other	no	no
std.os.linux.io_uring_sqe.link_next	other	no	no
std.os.linux.io_uring_sqe.prep_accept	other	no	no
std.os.linux.io_uring_sqe.prep_accept_direct	other	no	no
std.os.linux.io_uring_sqe.prep_bind	other	no	no
std.os.linux.io_uring_sqe.prep_cancel	other	no	no
std.os.linux.io_uring_sqe.prep_cancel_fd	other	no	no
std.os.linux.io_uring_sqe.prep_close	other	no	no
std.os.linux.io_uring_sqe.prep_close_direct	other	no	no
std.os.linux.io_uring_sqe.prep_cmd_sock	other	no	no
std.os.linux.io_uring_sqe.prep_connect	other	no	no
std.os.linux.io_uring_sqe.prep_epoll_ctl	other	no	no
std.os.linux.io_uring_sqe.prep_fallocate	other	no	no
std.os.linux.io_uring_sqe.prep_files_update	other	no	no
std.os.linux.io_uring_sqe.prep_files_update_alloc	other	no	no
std.os.linux.io_uring_sqe.prep_fsync	other	no	no
std.os.linux.io_uring_sqe.prep_link_timeout	other	no	no
std.os.linux.io_uring_sqe.prep_linkat	other	no	no
std.os.linux.io_uring_sqe.prep_listen	other	no	no
std.os.linux.io_uring_sqe.prep_mkdirat	other	no	no
std.os.linux.io_uring_sqe.prep_multishot_accept	other	no	no
std.os.linux.io_uring_sqe.prep_multishot_accept_direct	other	no	no
std.os.linux.io_uring_sqe.prep_nop	other	no	no
std.os.linux.io_uring_sqe.prep_openat	other	no	no
std.os.linux.io_uring_sqe.prep_openat_direct	other	no	no
std.os.linux.io_uring_sqe.prep_poll_add	other	no	no
std.os.linux.io_uring_sqe.prep_poll_remove	other	no	no
std.os.linux.io_uring_sqe.prep_poll_update	other	no	no
std.os.linux.io_uring_sqe.prep_provide_buffers	other	no	no
std.os.linux.io_uring_sqe.prep_read	other	no	no
std.os.linux.io_uring_sqe.prep_read_fixed	other	no	no
std.os.linux.io_uring_sqe.prep_readv	other	no	no
std.os.linux.io_uring_sqe.prep_recv	other	no	no
std.os.linux.io_uring_sqe.prep_recv_multishot	other	no	no
std.os.linux.io_uring_sqe.prep_recvmsg	other	no	no
std.os.linux.io_uring_sqe.prep_recvmsg_multishot	other	no	no
std.os.linux.io_uring_sqe.prep_remove_buffers	other	no	no
std.os.linux.io_uring_sqe.prep_renameat	other	no	no
std.os.linux.io_uring_sqe.prep_rw	other	no	no
std.os.linux.io_uring_sqe.prep_send	other	no	no
std.os.linux.io_uring_sqe.prep_send_zc	other	no	no
std.os.linux.io_uring_sqe.prep_send_zc_fixed	other	no	no
std.os.linux.io_uring_sqe.prep_sendmsg	other	no	no
std.os.linux.io_uring_sqe.prep_sendmsg_zc	other	no	no
std.os.linux.io_uring_sqe.prep_shutdown	other	no	no
std.os.linux.io_uring_sqe.prep_socket	other	no	no
std.os.linux.io_uring_sqe.prep_socket_direct	other	no	no
std.os.linux.io_uring_sqe.prep_socket_direct_alloc	other	no	no
std.os.linux.io_uring_sqe.prep_splice	other	no	no
std.os.linux.io_uring_sqe.prep_statx	other	no	no
std.os.linux.io_uring_sqe.prep_symlinkat	other	no	no
std.os.linux.io_uring_sqe.prep_timeout	other	no	no
std.os.linux.io_uring_sqe.prep_timeout_remove	other	no	no
std.os.linux.io_uring_sqe.prep_unlinkat	other	no	no
std.os.linux.io_uring_sqe.prep_waitid	other	no	no
std.os.linux.io_uring_sqe.prep_write	other	no	no
std.os.linux.io_uring_sqe.prep_write_fixed	other	no	no
std.os.linux.io_uring_sqe.prep_writev	other	no	no
std.os.linux.io_uring_sqe.set_flags	other	no	no
std.os.linux.ioctl	other	no	no
std.os.linux.issecure_mask	other	no	yes
std.os.linux.kill	other	no	no
std.os.linux.lchown	other	no	no
std.os.linux.lgetxattr	other	no	no
std.os.linux.link	other	no	no
std.os.linux.linkat	other	no	no
std.os.linux.listen	other	no	no
std.os.linux.listxattr	other	no	no
std.os.linux.llistxattr	other	no	no
std.os.linux.llseek	other	no	no
std.os.linux.lremovexattr	other	no	no
std.os.linux.lseek	other	no	no
std.os.linux.lsetxattr	other	no	no
std.os.linux.madvise	other	no	no
std.os.linux.map_shadow_stack	other	no	no
std.os.linux.memfd_create	other	no	no
std.os.linux.mincore	other	no	no
std.os.linux.mkdir	other	no	no
std.os.linux.mkdirat	other	no	no
std.os.linux.mknod	other	no	no
std.os.linux.mknodat	other	no	no
std.os.linux.mlock	other	no	no
std.os.linux.mlock2	other	no	no
std.os.linux.mlockall	other	no	no
std.os.linux.mmap	other	no	no
std.os.linux.mmap2Unit	none	no	no
std.os.linux.mount	other	no	no
std.os.linux.mount_setattr	other	no	no
std.os.linux.move_mount	other	no	no
std.os.linux.mprotect	other	no	no
std.os.linux.mremap	other	no	no
std.os.linux.mseal	other	no	no
std.os.linux.msync	other	no	no
std.os.linux.munlock	other	no	no
std.os.linux.munlockall	none	no	no
std.os.linux.munmap	other	no	no
std.os.linux.name_to_handle_at	other	no	no
std.os.linux.nanosleep	other	no	no
std.os.linux.open	other	no	no
std.os.linux.openat	other	no	no
std.os.linux.pause	none	no	no
std.os.linux.perf_event_open	other	no	no
std.os.linux.pidfd_getfd	other	no	no
std.os.linux.pidfd_open	other	no	no
std.os.linux.pidfd_send_signal	other	no	no
std.os.linux.pipe	other	no	no
std.os.linux.pipe2	other	no	no
std.os.linux.pivot_root	other	no	no
std.os.linux.poll	other	no	no
std.os.linux.ppoll	other	no	no
std.os.linux.prctl	other	no	no
std.os.linux.pread	other	no	no
std.os.linux.preadv	other	no	no
std.os.linux.preadv2	other	no	no
std.os.linux.prlimit	other	no	no
std.os.linux.process_vm_readv	other	no	no
std.os.linux.process_vm_writev	other	no	no
std.os.linux.ptrace	other	no	no
std.os.linux.pwrite	other	no	no
std.os.linux.pwritev	other	no	no
std.os.linux.pwritev2	other	no	no
std.os.linux.read	other	no	no
std.os.linux.readlink	other	no	no
std.os.linux.readlinkat	other	no	no
std.os.linux.readv	other	no	no
std.os.linux.reboot	other	no	no
std.os.linux.recvfrom	other	no	no
std.os.linux.recvmmsg	other	no	no
std.os.linux.recvmsg	other	no	no
std.os.linux.removexattr	other	no	no
std.os.linux.rename	other	no	no
std.os.linux.renameat	other	no	no
std.os.linux.renameat2	other	no	no
std.os.linux.rmdir	other	no	no
std.os.linux.sched_get_priority_max	other	no	no
std.os.linux.sched_get_priority_min	other	no	no
std.os.linux.sched_getaffinity	other	no	no
std.os.linux.sched_getattr	other	no	no
std.os.linux.sched_getparam	other	no	no
std.os.linux.sched_getscheduler	other	no	no
std.os.linux.sched_rr_get_interval	other	no	no
std.os.linux.sched_setaffinity	other	no	no
std.os.linux.sched_setattr	other	no	no
std.os.linux.sched_setparam	other	no	no
std.os.linux.sched_setscheduler	other	no	no
std.os.linux.sched_yield	none	no	no
std.os.linux.seccomp	other	no	no
std.os.linux.sendfile	other	no	no
std.os.linux.sendmmsg	other	no	no
std.os.linux.sendmsg	other	no	no
std.os.linux.sendto	other	no	no
std.os.linux.set_tid_address	other	no	no
std.os.linux.setegid	other	no	no
std.os.linux.seteuid	other	no	no
std.os.linux.setgid	other	no	no
std.os.linux.setgroups	other	no	no
std.os.linux.setitimer	other	no	no
std.os.linux.setns	other	no	no
std.os.linux.setpgid	other	no	no
std.os.linux.setregid	other	no	no
std.os.linux.setresgid	other	no	no
std.os.linux.setresuid	other	no	no
std.os.linux.setreuid	other	no	no
std.os.linux.setrlimit	other	no	no
std.os.linux.setsid	none	no	no
std.os.linux.setsockopt	other	no	no
std.os.linux.settimeofday	other	no	no
std.os.linux.setuid	other	no	no
std.os.linux.setxattr	other	no	no
std.os.linux.shutdown	other	no	no
std.os.linux.sigaction	other	no	no
std.os.linux.sigaddset	other	no	no
std.os.linux.sigaltstack	other	no	no
std.os.linux.sigdelset	other	no	no
std.os.linux.sigemptyset	none	no	no
std.os.linux.sigfillset	none	no	no
std.os.linux.sigismember	other	no	no
std.os.linux.signalfd	other	no	no
std.os.linux.sigprocmask	other	no	no
std.os.linux.sigrtmax	none	no	no
std.os.linux.sigrtmin	none	no	no
std.os.linux.sigset_bit_index	other	no	no
std.os.linux.socket	other	no	no
std.os.linux.socketpair	other	no	no
std.os.linux.splitValue64	other	no	no
std.os.linux.splitValueBE64	other	no	no
std.os.linux.splitValueLE64	other	no	no
std.os.linux.statx	other	no	no
std.os.linux.symlink	other	no	no
std.os.linux.symlinkat	other	no	no
std.os.linux.sync	none	no	no
std.os.linux.syncfs	other	no	no
std.os.linux.sysinfo	other	no	no
std.os.linux.tcdrain	other	no	no
std.os.linux.tcgetattr	other	no	no
std.os.linux.tcgetpgrp	other	no	no
std.os.linux.tcsetattr	other	no	no
std.os.linux.tcsetpgrp	other	no	no
std.os.linux.tgkill	other	no	no
std.os.linux.timerfd_create	other	no	no
std.os.linux.timerfd_gettime	other	no	no
std.os.linux.timerfd_settime	other	no	no
std.os.linux.tkill	other	no	no
std.os.linux.tls.alignBackward	other	no	no
std.os.linux.tls.alignForward	other	no	no
std.os.linux.tls.alignPtrCast	other	no	yes
std.os.linux.tls.computeAreaDesc	other	no	no
std.os.linux.tls.initStatic	other	no	no
std.os.linux.tls.mmap_tls	other	no	no
std.os.linux.tls.prepareArea	other	no	no
std.os.linux.tls.setThreadPointer	other	no	no
std.os.linux.umount	other	no	no
std.os.linux.umount2	other	no	no
std.os.linux.uname	other	no	no
std.os.linux.unlink	other	no	no
std.os.linux.unlinkat	other	no	no
std.os.linux.unshare	other	no	no
std.os.linux.utimensat	other	no	no
std.os.linux.vdso.checkver	other	no	no
std.os.linux.vdso.lookup	other	no	no
std.os.linux.vfork	none	no	no
std.os.linux.wait4	other	no	no
std.os.linux.waitid	other	no	no
std.os.linux.waitpid	other	no	no
std.os.linux.write	other	no	no
std.os.linux.writev	other	no	no
std.os.plan9.brk_	other	no	no
std.os.plan9.close	other	no	no
std.os.plan9.create	other	no	no
std.os.plan9.errno	other	no	no
std.os.plan9.errstr	none	no	no
std.os.plan9.exit	other	no	no
std.os.plan9.exits	other	no	no
std.os.plan9.fd2path	other	no	no
std.os.plan9.getpid	none	no	no
std.os.plan9.open	other	no	no
std.os.plan9.openat	other	no	no
std.os.plan9.pread	other	no	no
std.os.plan9.pwrite	other	no	no
std.os.plan9.read	other	no	no
std.os.plan9.sbrk	other	no	no
std.os.plan9.sigaction	other	no	no
std.os.plan9.sigemptyset	none	no	no
std.os.plan9.write	other	no	no
std.os.uefi.DevicePath.Acpi.AdrDevicePath.adrs	self	no	no
std.os.uefi.DevicePath.BiosBootSpecification.BBS101DevicePath.getDescription	self	no	no
std.os.uefi.DevicePath.Media.FilePathDevicePath.getPath	self	no	no
std.os.uefi.DevicePath.Messaging.UsbWwidDevicePath.serial_number	self	no	no
std.os.uefi.Guid.eql	other	no	no
std.os.uefi.Guid.format	self	yes	no
std.os.uefi.Status.err	self	no	no
std.os.uefi.Status.fromError	other	no	no
std.os.uefi.Time.daysInYear	other	no	no
std.os.uefi.Time.toEpoch	self	no	no
std.os.uefi.hii.SimplifiedFontPackage.getNarrowGlyphs	self	no	no
std.os.uefi.protocol.AbsolutePointer.getState	self	no	no
std.os.uefi.protocol.AbsolutePointer.reset	self	no	no
std.os.uefi.protocol.BlockIo.flushBlocks	self	no	no
std.os.uefi.protocol.BlockIo.readBlocks	self	no	no
std.os.uefi.protocol.BlockIo.reset	self	no	no
std.os.uefi.protocol.BlockIo.writeBlocks	self	no	no
std.os.uefi.protocol.DevicePath.createFileDevicePath	self	no	no
std.os.uefi.protocol.DevicePath.getDevicePath	self	no	no
std.os.uefi.protocol.DevicePath.initSubtype	self	no	yes
std.os.uefi.protocol.DevicePath.next	self	no	no
std.os.uefi.protocol.DevicePath.size	self	no	no
std.os.uefi.protocol.File.Info.File.getFileName	self	no	no
std.os.uefi.protocol.File.Info.FileSystem.getVolumeLabel	self	no	no
std.os.uefi.protocol.File.Info.VolumeLabel.getVolumeLabel	self	no	no
std.os.uefi.protocol.File.close	self	no	no
std.os.uefi.protocol.File.delete	self	no	no
std.os.uefi.protocol.File.flush	self	no	no
std.os.uefi.protocol.File.getInfo	self	no	yes
std.os.uefi.protocol.File.getInfoSize	self	no	yes
std.os.uefi.protocol.File.getPosition	self	no	no
std.os.uefi.protocol.File.open	self	no	no
std.os.uefi.protocol.File.read	self	no	no
std.os.uefi.protocol.File.seekBy	self	no	no
std.os.uefi.protocol.File.setInfo	self	no	yes
std.os.uefi.protocol.File.setPosition	self	no	no
std.os.uefi.protocol.File.write	self	no	no
std.os.uefi.protocol.GraphicsOutput.blt	self	no	no
std.os.uefi.protocol.GraphicsOutput.queryMode	self	no	no
std.os.uefi.protocol.GraphicsOutput.setMode	self	no	no
std.os.uefi.protocol.HiiDatabase.exportPackageLists	self	no	no
std.os.uefi.protocol.HiiDatabase.listPackageLists	self	no	no
std.os.uefi.protocol.HiiDatabase.removePackageList	self	no	no
std.os.uefi.protocol.HiiDatabase.updatePackageList	self	no	no
std.os.uefi.protocol.HiiPopup.createPopup	self	no	no
std.os.uefi.protocol.Ip6.cancel	self	no	no
std.os.uefi.protocol.Ip6.configure	self	no	no
std.os.uefi.protocol.Ip6.disable	self	no	no
std.os.uefi.protocol.Ip6.getModeData	self	no	no
std.os.uefi.protocol.Ip6.groups	self	no	no
std.os.uefi.protocol.Ip6.leaveAllGroups	self	no	no
std.os.uefi.protocol.Ip6.neighbors	self	no	no
std.os.uefi.protocol.Ip6.poll	self	no	no
std.os.uefi.protocol.Ip6.receive	self	no	no
std.os.uefi.protocol.Ip6.routes	self	no	no
std.os.uefi.protocol.Ip6.transmit	self	no	no
std.os.uefi.protocol.Ip6Config.getData	self	no	yes
std.os.uefi.protocol.Ip6Config.registerDataNotify	self	no	no
std.os.uefi.protocol.Ip6Config.setData	self	no	yes
std.os.uefi.protocol.Ip6Config.unregisterDataNotify	self	no	no
std.os.uefi.protocol.LoadedImage.unload	self	no	no
std.os.uefi.protocol.ManagedNetwork.ServiceBinding.createChild	self	no	no
std.os.uefi.protocol.ManagedNetwork.ServiceBinding.destroyChild	self	no	no
std.os.uefi.protocol.ManagedNetwork.TransmitData.getFragments	self	no	no
std.os.uefi.protocol.ManagedNetwork.cancel	self	no	no
std.os.uefi.protocol.ManagedNetwork.configure	self	no	no
std.os.uefi.protocol.ManagedNetwork.getModeData	self	no	no
std.os.uefi.protocol.ManagedNetwork.groups	self	no	no
std.os.uefi.protocol.ManagedNetwork.mcastIpToMac	self	no	no
std.os.uefi.protocol.ManagedNetwork.poll	self	no	no
std.os.uefi.protocol.ManagedNetwork.receive	self	no	no
std.os.uefi.protocol.ManagedNetwork.transmit	self	no	no
std.os.uefi.protocol.Rng.getInfo	self	no	no
std.os.uefi.protocol.Rng.getRNG	self	no	no
std.os.uefi.protocol.SerialIo.getControl	self	yes	no
std.os.uefi.protocol.SerialIo.read	self	yes	no
std.os.uefi.protocol.SerialIo.reset	self	yes	no
std.os.uefi.protocol.SerialIo.setAttribute	self	yes	no
std.os.uefi.protocol.SerialIo.setControl	self	yes	no
std.os.uefi.protocol.SerialIo.write	self	yes	no
std.os.uefi.protocol.ServiceBinding	other	no	no
std.os.uefi.protocol.ServiceBinding().addToHandle	self	no	no
std.os.uefi.protocol.ServiceBinding().createChild	self	no	no
std.os.uefi.protocol.ServiceBinding().destroyChild	self	no	no
std.os.uefi.protocol.SimpleFileSystem.openVolume	self	no	no
std.os.uefi.protocol.SimpleNetwork.getStatus	self	no	no
std.os.uefi.protocol.SimpleNetwork.initialize	self	no	no
std.os.uefi.protocol.SimpleNetwork.mcastIpToMac	self	no	no
std.os.uefi.protocol.SimpleNetwork.nvData	self	no	no
std.os.uefi.protocol.SimpleNetwork.receive	self	no	no
std.os.uefi.protocol.SimpleNetwork.receiveFilters	self	no	no
std.os.uefi.protocol.SimpleNetwork.reset	self	no	no
std.os.uefi.protocol.SimpleNetwork.resetStatistics	self	no	no
std.os.uefi.protocol.SimpleNetwork.shutdown	self	no	no
std.os.uefi.protocol.SimpleNetwork.start	self	no	no
std.os.uefi.protocol.SimpleNetwork.stationAddress	self	no	no
std.os.uefi.protocol.SimpleNetwork.statistics	self	no	no
std.os.uefi.protocol.SimpleNetwork.stop	self	no	no
std.os.uefi.protocol.SimpleNetwork.transmit	self	no	no
std.os.uefi.protocol.SimplePointer.getState	self	no	no
std.os.uefi.protocol.SimplePointer.reset	self	no	no
std.os.uefi.protocol.SimpleTextInput.readKeyStroke	self	no	no
std.os.uefi.protocol.SimpleTextInput.reset	self	no	no
std.os.uefi.protocol.SimpleTextInputEx.readKeyStroke	self	no	no
std.os.uefi.protocol.SimpleTextInputEx.registerKeyNotify	self	no	no
std.os.uefi.protocol.SimpleTextInputEx.reset	self	no	no
std.os.uefi.protocol.SimpleTextInputEx.setState	self	no	no
std.os.uefi.protocol.SimpleTextInputEx.unregisterKeyNotify	self	no	no
std.os.uefi.protocol.SimpleTextOutput.clearScreen	self	no	no
std.os.uefi.protocol.SimpleTextOutput.enableCursor	self	no	no
std.os.uefi.protocol.SimpleTextOutput.outputString	self	no	no
std.os.uefi.protocol.SimpleTextOutput.queryMode	self	no	no
std.os.uefi.protocol.SimpleTextOutput.reset	self	no	no
std.os.uefi.protocol.SimpleTextOutput.setAttribute	self	no	no
std.os.uefi.protocol.SimpleTextOutput.setCursorPosition	self	no	no
std.os.uefi.protocol.SimpleTextOutput.setMode	self	no	no
std.os.uefi.protocol.SimpleTextOutput.testString	self	no	no
std.os.uefi.protocol.Udp6.ReceiveData.getFragments	self	no	no
std.os.uefi.protocol.Udp6.TransmitData.getFragments	self	no	no
std.os.uefi.protocol.Udp6.cancel	self	no	no
std.os.uefi.protocol.Udp6.configure	self	no	no
std.os.uefi.protocol.Udp6.getModeData	self	no	no
std.os.uefi.protocol.Udp6.groups	self	no	no
std.os.uefi.protocol.Udp6.poll	self	no	no
std.os.uefi.protocol.Udp6.receive	self	no	no
std.os.uefi.protocol.Udp6.transmit	self	no	no
std.os.uefi.protocol.edid.Override.getEdid	self	no	no
std.os.uefi.tables.BootServices.allocatePages	self	no	no
std.os.uefi.tables.BootServices.allocatePool	self	no	no
std.os.uefi.tables.BootServices.calculateCrc32	self	no	no
std.os.uefi.tables.BootServices.checkEvent	self	no	no
std.os.uefi.tables.BootServices.closeEvent	self	no	no
std.os.uefi.tables.BootServices.closeProtocol	self	no	no
std.os.uefi.tables.BootServices.connectController	self	no	no
std.os.uefi.tables.BootServices.createEvent	self	no	no
std.os.uefi.tables.BootServices.disconnectController	self	no	no
std.os.uefi.tables.BootServices.exit	self	no	no
std.os.uefi.tables.BootServices.exitBootServices	self	no	no
std.os.uefi.tables.BootServices.exitWithData	self	no	no
std.os.uefi.tables.BootServices.freePages	self	no	no
std.os.uefi.tables.BootServices.freePool	self	no	no
std.os.uefi.tables.BootServices.getMemoryMap	self	no	no
std.os.uefi.tables.BootServices.getMemoryMapInfo	self	no	no
std.os.uefi.tables.BootServices.getNextMonotonicCount	self	no	no
std.os.uefi.tables.BootServices.handleProtocol	self	no	no
std.os.uefi.tables.BootServices.installConfigurationTable	self	no	no
std.os.uefi.tables.BootServices.installProtocolInterface	self	no	yes
std.os.uefi.tables.BootServices.installProtocolInterfaces	self	no	yes
std.os.uefi.tables.BootServices.loadImage	self	no	no
std.os.uefi.tables.BootServices.locateDevicePath	self	no	no
std.os.uefi.tables.BootServices.locateHandle	self	no	no
std.os.uefi.tables.BootServices.locateHandleBuffer	self	no	no
std.os.uefi.tables.BootServices.locateHandleLen	self	no	no
std.os.uefi.tables.BootServices.locateProtocol	self	no	no
std.os.uefi.tables.BootServices.openProtocol	self	no	no
std.os.uefi.tables.BootServices.openProtocolInformation	self	no	no
std.os.uefi.tables.BootServices.protocolsPerHandle	self	no	no
std.os.uefi.tables.BootServices.registerProtocolNotify	self	no	no
std.os.uefi.tables.BootServices.reinstallProtocolInterface	self	no	no
std.os.uefi.tables.BootServices.setTimer	self	no	no
std.os.uefi.tables.BootServices.setWatchdogTimer	self	no	no
std.os.uefi.tables.BootServices.signalEvent	self	no	no
std.os.uefi.tables.BootServices.stall	self	no	no
std.os.uefi.tables.BootServices.startImage	self	no	no
std.os.uefi.tables.BootServices.uninstallConfigurationTable	self	no	no
std.os.uefi.tables.BootServices.uninstallProtocolInterface	self	no	yes
std.os.uefi.tables.BootServices.uninstallProtocolInterfaces	self	no	yes
std.os.uefi.tables.BootServices.unloadImage	self	no	no
std.os.uefi.tables.BootServices.waitForEvent	self	no	no
std.os.uefi.tables.MemoryDescriptorIterator.next	self	no	no
std.os.uefi.tables.MemoryMapSlice.get	self	no	no
std.os.uefi.tables.MemoryMapSlice.getUnchecked	self	no	no
std.os.uefi.tables.MemoryMapSlice.iterator	self	no	no
std.os.uefi.tables.MemoryType.format	self	yes	no
std.os.uefi.tables.MemoryType.fromOem	other	no	no
std.os.uefi.tables.MemoryType.fromVendor	other	no	no
std.os.uefi.tables.MemoryType.toOem	other	no	no
std.os.uefi.tables.MemoryType.toVendor	other	no	no
std.os.uefi.tables.OpenProtocolAttributes.fromBits	other	no	no
std.os.uefi.tables.OpenProtocolAttributes.toBits	self	no	no
std.os.uefi.tables.RuntimeServices.VariableAuthentication3.payload	self	no	no
std.os.uefi.tables.RuntimeServices.VariableAuthentication3.payloadConst	self	no	no
std.os.uefi.tables.RuntimeServices.VariableNameIterator.next	self	no	no
std.os.uefi.tables.RuntimeServices.VariableNameIterator.nextSize	self	no	no
std.os.uefi.tables.RuntimeServices.convertPointer	self	no	yes
std.os.uefi.tables.RuntimeServices.getNextHighMonotonicCount	self	no	no
std.os.uefi.tables.RuntimeServices.getTime	self	no	no
std.os.uefi.tables.RuntimeServices.getVariable	self	no	no
std.os.uefi.tables.RuntimeServices.getVariableSize	self	no	no
std.os.uefi.tables.RuntimeServices.getWakeupTime	self	no	no
std.os.uefi.tables.RuntimeServices.queryCapsuleCapabilities	self	no	no
std.os.uefi.tables.RuntimeServices.queryVariableInfo	self	no	no
std.os.uefi.tables.RuntimeServices.resetSystem	self	no	no
std.os.uefi.tables.RuntimeServices.setTime	self	no	no
std.os.uefi.tables.RuntimeServices.setVariable	self	no	no
std.os.uefi.tables.RuntimeServices.setVirtualAddressMap	self	no	no
std.os.uefi.tables.RuntimeServices.setWakeupTime	self	no	no
std.os.uefi.tables.RuntimeServices.updateCapsule	self	no	no
std.os.uefi.tables.RuntimeServices.variableNameIterator	self	no	no
std.os.uefi.unexpectedStatus	other	no	no
std.os.wasi.args_get	other	no	no
std.os.wasi.args_sizes_get	other	no	no
std.os.wasi.clock_res_get	other	no	no
std.os.wasi.clock_time_get	other	no	no
std.os.wasi.environ_get	other	no	no
std.os.wasi.environ_sizes_get	other	no	no
std.os.wasi.fd_advise	other	no	no
std.os.wasi.fd_allocate	other	no	no
std.os.wasi.fd_close	other	no	no
std.os.wasi.fd_datasync	other	no	no
std.os.wasi.fd_fdstat_get	other	no	no
std.os.wasi.fd_fdstat_set_flags	other	no	no
std.os.wasi.fd_fdstat_set_rights	other	no	no
std.os.wasi.fd_filestat_get	other	no	no
std.os.wasi.fd_filestat_set_size	other	no	no
std.os.wasi.fd_filestat_set_times	other	no	no
std.os.wasi.fd_pread	other	no	no
std.os.wasi.fd_prestat_dir_name	other	no	no
std.os.wasi.fd_prestat_get	other	no	no
std.os.wasi.fd_pwrite	other	no	no
std.os.wasi.fd_read	other	no	no
std.os.wasi.fd_readdir	other	no	no
std.os.wasi.fd_renumber	other	no	no
std.os.wasi.fd_seek	other	no	no
std.os.wasi.fd_sync	other	no	no
std.os.wasi.fd_tell	other	no	no
std.os.wasi.fd_write	other	no	no
std.os.wasi.path_create_directory	other	no	no
std.os.wasi.path_filestat_get	other	no	no
std.os.wasi.path_filestat_set_times	other	no	no
std.os.wasi.path_link	other	no	no
std.os.wasi.path_open	other	no	no
std.os.wasi.path_readlink	other	no	no
std.os.wasi.path_remove_directory	other	no	no
std.os.wasi.path_rename	other	no	no
std.os.wasi.path_symlink	other	no	no
std.os.wasi.path_unlink_file	other	no	no
std.os.wasi.poll_oneoff	other	no	no
std.os.wasi.proc_exit	other	no	no
std.os.wasi.random_get	other	no	no
std.os.wasi.sched_yield	none	no	no
std.os.wasi.sock_accept	other	no	no
std.os.wasi.sock_recv	other	no	no
std.os.wasi.sock_send	other	no	no
std.os.wasi.sock_shutdown	other	no	no
std.os.windows.AFD.WSABUF	other	no	yes
std.os.windows.BASE_STATIC_SERVER_DATA.ForeignString.relocate	other	no	no
std.os.windows.Bool	other	no	yes
std.os.windows.Bool().fromBool	other	no	no
std.os.windows.Bool().toBool	other	no	no
std.os.windows.CONSOLE.USER_IO.FILL	other	no	no
std.os.windows.CONSOLE.USER_IO.GET_CP	other	no	no
std.os.windows.CONSOLE.USER_IO.Header.With	other	no	yes
std.os.windows.CONSOLE.USER_IO.Header.With().init	other	no	no
std.os.windows.CONSOLE.USER_IO.Header.With().operate	other	yes	no
std.os.windows.CONSOLE.USER_IO.Header.With().request	other	yes	yes
std.os.windows.CONSOLE.USER_IO.READ_OUTPUT_CHARACTER	other	no	no
std.os.windows.CONSOLE.USER_IO.Request	other	no	yes
std.os.windows.CONSOLE.USER_IO.Request().init	other	no	no
std.os.windows.CONSOLE.USER_IO.SET_CP	other	no	no
std.os.windows.CONSOLE.USER_IO.SET_CURSOR_POSITION	other	no	no
std.os.windows.CONSOLE.USER_IO.SET_MODE	other	no	no
std.os.windows.CONSOLE.USER_IO.SET_TEXT_ATTRIBUTE	other	no	no
std.os.windows.CONSOLE.USER_IO.WRITE	other	no	no
std.os.windows.CloseHandle	other	no	no
std.os.windows.FILE.FS_VOLUME_INFORMATION.getVolumeLabel	other	no	no
std.os.windows.FILE.NOTIFY.EXTENDED_INFORMATION.fileName	other	no	no
std.os.windows.FILE.NOTIFY.FULL_INFORMATION.fileName	other	no	no
std.os.windows.FILE.NOTIFY.INFORMATION.fileName	other	no	no
std.os.windows.FILE.PIPE.WAIT_FOR_BUFFER.getName	other	no	no
std.os.windows.FILE.PIPE.WAIT_FOR_BUFFER.init	other	no	no
std.os.windows.FILE.PIPE.WAIT_FOR_BUFFER.toBuffer	other	no	no
std.os.windows.FILE.RENAME_INFORMATION.getFileName	other	no	no
std.os.windows.FILE.RENAME_INFORMATION.init	other	no	no
std.os.windows.FILE.RENAME_INFORMATION.toBuffer	other	no	no
std.os.windows.FileInformationIterator	other	no	yes
std.os.windows.FileInformationIterator().next	self	no	no
std.os.windows.GUID.format	self	yes	no
std.os.windows.GUID.parse	other	no	no
std.os.windows.GUID.parseNoBraces	other	no	no
std.os.windows.GetCurrentProcess	none	no	no
std.os.windows.GetCurrentProcessId	none	no	no
std.os.windows.GetCurrentThread	none	no	no
std.os.windows.GetCurrentThreadId	none	no	no
std.os.windows.GetLastError	none	no	no
std.os.windows.GetProcessHeap	none	no	no
std.os.windows.IO_REPARSE_TAG.CLOUD	other	no	no
std.os.windows.IO_REPARSE_TAG.WCI	other	no	no
std.os.windows.IO_REPARSE_TAG.WCI_LINK	other	no	no
std.os.windows.IsProcessorFeaturePresent	other	no	no
std.os.windows.KEY.VALUE.PARTIAL_INFORMATION.data	other	no	no
std.os.windows.MAKELANGID	other	no	no
std.os.windows.PAGE.fromProtection	other	no	no
std.os.windows.PS.ATTRIBUTE.Type.construct	other	no	no
std.os.windows.STRING	other	no	yes
std.os.windows.STRING().init	other	no	no
std.os.windows.STRING().initZ	other	no	no
std.os.windows.STRING().isEmpty	other	no	no
std.os.windows.STRING().slice	other	no	no
std.os.windows.STRING().sliceZ	other	no	no
std.os.windows.crypt32.CERT_CHAIN.POLICY.fromString	other	no	no
std.os.windows.crypt32.CERT_STORE.PROV.fromString	other	no	no
std.os.windows.crypt32.CertAddEncodedCertificateToStore	other	no	no
std.os.windows.crypt32.CertCloseStore	other	no	no
std.os.windows.crypt32.CertEnumCertificatesInStore	other	no	no
std.os.windows.crypt32.CertFreeCertificateChain	other	no	no
std.os.windows.crypt32.CertFreeCertificateContext	other	no	no
std.os.windows.crypt32.CertGetCertificateChain	other	no	no
std.os.windows.crypt32.CertOpenStore	other	no	no
std.os.windows.crypt32.CertOpenSystemStoreW	other	no	no
std.os.windows.crypt32.CertVerifyCertificateChainPolicy	other	no	no
std.os.windows.crypt32.HCERTCHAINENGINE.fromHandle	other	no	no
std.os.windows.eqlIgnoreCaseWtf16	other	no	no
std.os.windows.eqlIgnoreCaseWtf8	other	no	no
std.os.windows.errorBug	other	no	no
std.os.windows.fromSysTime	other	yes	no
std.os.windows.getSystemDirectoryWtf16Le	none	no	no
std.os.windows.hasCommonNtPrefix	other	no	yes
std.os.windows.kernel32.CreateProcessW	other	no	no
std.os.windows.nls.upcaseW	other	no	no
std.os.windows.normalizePath	other	no	yes
std.os.windows.ntToWin32Namespace	other	no	no
std.os.windows.ntdll.LdrAddRefDll	other	no	no
std.os.windows.ntdll.LdrFindEntryForAddress	other	no	no
std.os.windows.ntdll.LdrGetDllFullName	other	no	no
std.os.windows.ntdll.LdrGetDllHandle	other	no	no
std.os.windows.ntdll.LdrGetDllHandleByMapping	other	no	no
std.os.windows.ntdll.LdrGetDllHandleByName	other	no	no
std.os.windows.ntdll.LdrGetDllHandleEx	other	no	no
std.os.windows.ntdll.LdrGetDllPath	other	no	no
std.os.windows.ntdll.LdrGetProcedureAddress	other	no	no
std.os.windows.ntdll.LdrGetProcedureAddressEx	other	no	no
std.os.windows.ntdll.LdrGetProcedureAddressForCaller	other	no	no
std.os.windows.ntdll.LdrLoadDll	other	no	no
std.os.windows.ntdll.LdrRegisterDllNotification	other	no	no
std.os.windows.ntdll.LdrUnloadDll	other	no	no
std.os.windows.ntdll.LdrUnregisterDllNotification	other	no	no
std.os.windows.ntdll.NtAlertMultipleThreadByThreadId	other	no	no
std.os.windows.ntdll.NtAlertThread	other	no	no
std.os.windows.ntdll.NtAlertThreadByThreadId	other	no	no
std.os.windows.ntdll.NtAllocateVirtualMemory	other	no	no
std.os.windows.ntdll.NtCancelIoFile	other	yes	no
std.os.windows.ntdll.NtCancelIoFileEx	other	yes	no
std.os.windows.ntdll.NtCancelSynchronousIoFile	other	yes	no
std.os.windows.ntdll.NtClose	other	no	no
std.os.windows.ntdll.NtCreateEvent	other	no	no
std.os.windows.ntdll.NtCreateFile	other	yes	no
std.os.windows.ntdll.NtCreateKeyedEvent	other	no	no
std.os.windows.ntdll.NtCreateNamedPipeFile	other	yes	no
std.os.windows.ntdll.NtCreateSection	other	no	no
std.os.windows.ntdll.NtCreateThreadEx	other	no	no
std.os.windows.ntdll.NtDelayExecution	other	no	no
std.os.windows.ntdll.NtDeviceIoControlFile	other	yes	no
std.os.windows.ntdll.NtExtendSection	other	no	no
std.os.windows.ntdll.NtFlushBuffersFile	other	yes	no
std.os.windows.ntdll.NtFreeVirtualMemory	other	no	no
std.os.windows.ntdll.NtFsControlFile	other	yes	no
std.os.windows.ntdll.NtLoadKeyEx	other	no	no
std.os.windows.ntdll.NtLockFile	other	yes	no
std.os.windows.ntdll.NtMapViewOfSection	other	no	no
std.os.windows.ntdll.NtNotifyChangeDirectoryFileEx	other	yes	no
std.os.windows.ntdll.NtOpenFile	other	yes	no
std.os.windows.ntdll.NtOpenKey	other	no	no
std.os.windows.ntdll.NtOpenKeyEx	other	no	no
std.os.windows.ntdll.NtOpenThread	other	no	no
std.os.windows.ntdll.NtProtectVirtualMemory	other	no	no
std.os.windows.ntdll.NtQueryAttributesFile	other	no	no
std.os.windows.ntdll.NtQueryDirectoryFile	other	yes	no
std.os.windows.ntdll.NtQueryInformationFile	other	yes	no
std.os.windows.ntdll.NtQueryInformationProcess	other	no	no
std.os.windows.ntdll.NtQueryInformationThread	other	no	no
std.os.windows.ntdll.NtQueryObject	other	no	no
std.os.windows.ntdll.NtQuerySystemInformation	other	no	no
std.os.windows.ntdll.NtQueryValueKey	other	no	no
std.os.windows.ntdll.NtQueryVolumeInformationFile	other	yes	no
std.os.windows.ntdll.NtQueueApcThread	other	no	no
std.os.windows.ntdll.NtReadFile	other	yes	no
std.os.windows.ntdll.NtReadVirtualMemory	other	no	no
std.os.windows.ntdll.NtReleaseKeyedEvent	other	no	no
std.os.windows.ntdll.NtResumeThread	other	no	no
std.os.windows.ntdll.NtSetEvent	other	no	no
std.os.windows.ntdll.NtSetInformationFile	other	yes	no
std.os.windows.ntdll.NtSetInformationThread	other	no	no
std.os.windows.ntdll.NtTerminateProcess	other	no	no
std.os.windows.ntdll.NtUnlockFile	other	yes	no
std.os.windows.ntdll.NtUnmapViewOfSection	other	no	no
std.os.windows.ntdll.NtUnmapViewOfSectionEx	other	no	no
std.os.windows.ntdll.NtWaitForAlertByThreadId	other	no	no
std.os.windows.ntdll.NtWaitForKeyedEvent	other	no	no
std.os.windows.ntdll.NtWaitForSingleObject	other	no	no
std.os.windows.ntdll.NtWriteFile	other	yes	no
std.os.windows.ntdll.NtWriteVirtualMemory	other	no	no
std.os.windows.ntdll.NtYieldExecution	none	no	no
std.os.windows.ntdll.RtlAcquireSRWLockExclusive	other	no	no
std.os.windows.ntdll.RtlActivateActivationContextEx	other	no	no
std.os.windows.ntdll.RtlAddVectoredExceptionHandler	other	no	no
std.os.windows.ntdll.RtlAllocateHeap	other	no	no
std.os.windows.ntdll.RtlCaptureContext	other	no	no
std.os.windows.ntdll.RtlCaptureStackBackTrace	other	no	no
std.os.windows.ntdll.RtlCreateHeap	other	no	no
std.os.windows.ntdll.RtlDeleteCriticalSection	other	no	no
std.os.windows.ntdll.RtlDestroyHeap	other	no	no
std.os.windows.ntdll.RtlDosPathNameToNtPathName_U	other	no	no
std.os.windows.ntdll.RtlEnterCriticalSection	other	no	no
std.os.windows.ntdll.RtlEqualUnicodeString	other	no	no
std.os.windows.ntdll.RtlExitUserProcess	other	no	no
std.os.windows.ntdll.RtlFreeHeap	other	no	no
std.os.windows.ntdll.RtlFreeUnicodeString	other	no	no
std.os.windows.ntdll.RtlGetActiveActivationContext	other	no	no
std.os.windows.ntdll.RtlGetCurrentDirectory_U	other	no	no
std.os.windows.ntdll.RtlGetFullPathName_U	other	no	no
std.os.windows.ntdll.RtlGetSystemTimePrecise	none	no	no
std.os.windows.ntdll.RtlGetVersion	other	no	no
std.os.windows.ntdll.RtlInitializeCriticalSection	other	no	no
std.os.windows.ntdll.RtlLeaveCriticalSection	other	no	no
std.os.windows.ntdll.RtlLookupFunctionEntry	other	no	no
std.os.windows.ntdll.RtlOpenCurrentUser	other	no	no
std.os.windows.ntdll.RtlQueryPerformanceCounter	other	no	no
std.os.windows.ntdll.RtlQueryPerformanceFrequency	other	no	no
std.os.windows.ntdll.RtlQueryRegistryValues	other	no	no
std.os.windows.ntdll.RtlReAllocateHeap	other	no	no
std.os.windows.ntdll.RtlReleaseActivationContext	other	no	no
std.os.windows.ntdll.RtlReleaseSRWLockExclusive	other	no	no
std.os.windows.ntdll.RtlRemoveVectoredExceptionHandler	other	no	no
std.os.windows.ntdll.RtlReportSilentProcessExit	other	no	no
std.os.windows.ntdll.RtlSetCurrentDirectory_U	other	no	no
std.os.windows.ntdll.RtlTryAcquireSRWLockExclusive	other	no	no
std.os.windows.ntdll.RtlUpcaseUnicodeChar	other	no	no
std.os.windows.ntdll.RtlVirtualUnwind	other	no	no
std.os.windows.ntdll.RtlWaitOnAddress	other	no	no
std.os.windows.ntdll.RtlWakeAddressAll	other	no	no
std.os.windows.ntdll.RtlWakeAddressSingle	other	no	no
std.os.windows.ntdll.RtlWakeAllConditionVariable	other	no	no
std.os.windows.ntdll.RtlWakeConditionVariable	other	no	no
std.os.windows.peb	none	no	no
std.os.windows.relocateCsrssAddress	other	no	no
std.os.windows.removeDotDirsSanitized	other	no	yes
std.os.windows.statusBug	other	no	no
std.os.windows.teb	none	no	no
std.os.windows.testEqlIgnoreCase	other	no	yes
std.os.windows.toSysTime	other	yes	no
std.os.windows.toUpperWtf16	other	no	no
std.os.windows.unexpectedError	other	no	no
std.os.windows.unexpectedStatus	other	no	no
std.os.windows.wtf8ToWtf16Le	other	no	no
std.pie.getDynamicSymbol	none	no	no
std.pie.relocate	other	no	no
std.posix.dl_iterate_phdr	other	no	yes
std.posix.fanotify_init	other	no	no
std.posix.fanotify_mark	other	no	no
std.posix.fanotify_markZ	other	no	no
std.posix.fdatasync	other	no	no
std.posix.getSelfPhdrs	none	no	no
std.posix.gethostname	other	no	no
std.posix.getpeername	other	no	no
std.posix.getppid	none	no	no
std.posix.getrlimit	other	no	no
std.posix.getrusage	other	no	no
std.posix.kill	other	no	no
std.posix.madvise	other	no	no
std.posix.memfd_create	other	no	no
std.posix.memfd_createZ	other	no	no
std.posix.mincore	other	no	no
std.posix.mmap	other	no	no
std.posix.mremap	other	no	no
std.posix.msync	other	no	no
std.posix.munmap	other	no	no
std.posix.name_to_handle_at	other	no	no
std.posix.name_to_handle_atZ	other	no	no
std.posix.openat	other	no	no
std.posix.openatZ	other	no	no
std.posix.perf_event_open	other	no	no
std.posix.poll	other	no	no
std.posix.ppoll	other	no	no
std.posix.prctl	other	no	yes
std.posix.ptrace	other	no	no
std.posix.raise	other	no	no
std.posix.read	other	no	no
std.posix.reboot	other	no	no
std.posix.sched_getaffinity	other	no	no
std.posix.setrlimit	other	no	no
std.posix.setsockopt	other	no	no
std.posix.sigaction	other	no	no
std.posix.sigaddset	other	no	no
std.posix.sigaltstack	other	no	no
std.posix.sigdelset	other	no	no
std.posix.sigemptyset	none	no	no
std.posix.sigfillset	none	no	no
std.posix.sigismember	other	no	no
std.posix.signalfd	other	no	no
std.posix.sigprocmask	other	no	no
std.posix.sync	none	no	no
std.posix.syncfs	other	no	no
std.posix.sysctl	other	no	no
std.posix.tcgetattr	other	no	no
std.posix.tcgetpgrp	other	no	no
std.posix.tcsetattr	other	no	no
std.posix.tcsetpgrp	other	no	no
std.posix.toPosixPath	other	no	no
std.posix.uname	none	no	no
std.posix.unexpectedErrno	other	no	no
std.process.Args.Iterator.Posix.init	other	no	no
std.process.Args.Iterator.Posix.next	other	no	no
std.process.Args.Iterator.Posix.skip	other	no	no
std.process.Args.Iterator.Wasi.deinit	self	no	no
std.process.Args.Iterator.Wasi.init	allocator	no	no
std.process.Args.Iterator.Wasi.internalInit	allocator	no	no
std.process.Args.Iterator.Wasi.next	self	no	no
std.process.Args.Iterator.Wasi.skip	self	no	no
std.process.Args.Iterator.Windows.deinit	self	no	no
std.process.Args.Iterator.Windows.init	allocator	no	no
std.process.Args.Iterator.Windows.next	self	no	no
std.process.Args.Iterator.Windows.nextWithStrategy	self	no	yes
std.process.Args.Iterator.Windows.next_strategy.emitBackslashes	self	no	no
std.process.Args.Iterator.Windows.next_strategy.emitCharacter	self	no	no
std.process.Args.Iterator.Windows.next_strategy.yieldArg	self	no	no
std.process.Args.Iterator.Windows.skip	self	no	no
std.process.Args.Iterator.Windows.skip_strategy.emitBackslashes	other	no	no
std.process.Args.Iterator.Windows.skip_strategy.emitCharacter	other	no	no
std.process.Args.Iterator.Windows.skip_strategy.yieldArg	other	no	no
std.process.Args.Iterator.deinit	other	no	no
std.process.Args.Iterator.init	other	no	no
std.process.Args.Iterator.initAllocator	other	no	no
std.process.Args.Iterator.next	other	no	no
std.process.Args.Iterator.skip	other	no	no
std.process.Args.IteratorGeneral	other	no	yes
std.process.Args.IteratorGeneral().deinit	self	no	no
std.process.Args.IteratorGeneral().emitBackslashes	self	no	no
std.process.Args.IteratorGeneral().emitCharacter	self	no	no
std.process.Args.IteratorGeneral().init	allocator	no	no
std.process.Args.IteratorGeneral().initTakeOwnership	allocator	no	no
std.process.Args.IteratorGeneral().next	self	no	no
std.process.Args.IteratorGeneral().skip	self	no	no
std.process.Args.IteratorGeneral().skipWhitespace	self	no	no
std.process.Args.iterate	other	no	no
std.process.Args.iterateAllocator	other	no	no
std.process.Args.testGeneralCmdLine	other	no	no
std.process.Args.testIteratorWindows	other	no	no
std.process.Args.testResponseFileCmdLine	other	no	no
std.process.Args.toSlice	other	no	no
std.process.Child.ResourceUsageStatistics.getMaxRss	other	no	no
std.process.Child.kill	other	yes	no
std.process.Child.wait	other	yes	no
std.process.Environ.GlobalBlock.deinit	other	no	no
std.process.Environ.GlobalBlock.isEmpty	other	no	no
std.process.Environ.Map.EnvNameHashContext.eql	self	no	no
std.process.Environ.Map.EnvNameHashContext.hash	self	no	no
std.process.Environ.Map.clone	other	no	no
std.process.Environ.Map.contains	other	no	no
std.process.Environ.Map.count	self	no	no
std.process.Environ.Map.createPosixBlock	other	no	no
std.process.Environ.Map.createWindowsBlock	other	no	no
std.process.Environ.Map.deinit	self	no	no
std.process.Environ.Map.eqlKeys	other	no	no
std.process.Environ.Map.get	self	no	no
std.process.Environ.Map.getPtr	self	no	no
std.process.Environ.Map.init	allocator	no	no
std.process.Environ.Map.iterator	self	no	no
std.process.Environ.Map.keys	other	no	no
std.process.Environ.Map.orderedRemove	self	no	no
std.process.Environ.Map.put	self	no	no
std.process.Environ.Map.putMove	self	no	no
std.process.Environ.Map.putPosixBlock	other	no	no
std.process.Environ.Map.putWindowsBlock	other	no	no
std.process.Environ.Map.swapRemove	self	no	no
std.process.Environ.Map.validateKeyForFetch	other	no	no
std.process.Environ.Map.validateKeyForPut	other	no	no
std.process.Environ.Map.values	other	no	no
std.process.Environ.PosixBlock.View.isEmpty	other	no	no
std.process.Environ.PosixBlock.deinit	other	no	no
std.process.Environ.PosixBlock.isEmpty	other	no	no
std.process.Environ.PosixBlock.view	other	no	no
std.process.Environ.WindowsBlock.View.isEmpty	other	no	no
std.process.Environ.WindowsBlock.deinit	other	no	no
std.process.Environ.WindowsBlock.isEmpty	other	no	no
std.process.Environ.WindowsBlock.view	other	no	no
std.process.Environ.contains	other	no	no
std.process.Environ.containsConstant	other	no	yes
std.process.Environ.containsUnempty	other	no	no
std.process.Environ.containsUnemptyConstant	other	no	yes
std.process.Environ.createMap	other	no	no
std.process.Environ.createPosixBlock	other	no	no
std.process.Environ.createWindowsBlock	other	no	no
std.process.Environ.getAlloc	other	no	no
std.process.Environ.getPosix	other	no	no
std.process.Environ.getWindows	other	no	no
std.process.Preopens.get	other	no	no
std.process.Preopens.init	allocator	no	no
std.process.abort	none	no	no
std.process.cleanExit	other	yes	no
std.process.currentPath	other	yes	no
std.process.currentPathAlloc	other	yes	no
std.process.executableDirPath	other	yes	no
std.process.executableDirPathAlloc	other	yes	no
std.process.executablePath	other	yes	no
std.process.executablePathAlloc	other	yes	no
std.process.exit	other	no	no
std.process.fatal	other	no	yes
std.process.getBaseAddress	none	no	no
std.process.getUserInfo	other	no	no
std.process.lockMemory	other	no	no
std.process.lockMemoryAll	other	no	no
std.process.openExecutable	other	yes	no
std.process.posixGetUserInfo	other	yes	no
std.process.posixGetUserInfoPasswdStream	other	yes	no
std.process.protectMemory	other	no	no
std.process.raiseFileDescriptorLimit	none	no	no
std.process.replace	other	yes	no
std.process.replacePath	other	yes	no
std.process.run	allocator	yes	no
std.process.setCurrentDir	other	yes	no
std.process.setCurrentPath	other	yes	no
std.process.spawn	other	yes	no
std.process.spawnPath	other	yes	no
std.process.totalSystemMemory	none	no	no
std.process.unlockMemory	other	no	no
std.process.unlockMemoryAll	none	no	no
std.simd.VectorCount	other	no	yes
std.simd.VectorIndex	other	no	yes
std.simd.countElementsWithValue	other	no	yes
std.simd.countTrues	other	no	yes
std.simd.deinterlace	other	no	yes
std.simd.extract	other	no	yes
std.simd.firstIndexOfValue	other	no	yes
std.simd.firstTrue	other	no	yes
std.simd.interlace	other	no	yes
std.simd.iota	other	no	yes
std.simd.join	other	no	yes
std.simd.lastIndexOfValue	other	no	yes
std.simd.lastTrue	other	no	yes
std.simd.mergeShift	other	no	yes
std.simd.prefixScan	other	no	yes
std.simd.prefixScanWithFunc	other	no	yes
std.simd.repeat	other	no	yes
std.simd.reverseOrder	other	no	yes
std.simd.rotateElementsLeft	other	no	yes
std.simd.rotateElementsRight	other	no	yes
std.simd.shiftElementsLeft	other	no	yes
std.simd.shiftElementsRight	other	no	yes
std.simd.suggestVectorLength	other	no	yes
std.simd.suggestVectorLengthForCpu	other	no	yes
std.simd.vectorLength	other	no	yes
std.sort.IdAndValue.lessThan	other	no	no
std.sort.argMax	other	no	yes
std.sort.argMin	other	no	yes
std.sort.asc	other	no	yes
std.sort.binarySearch	other	no	yes
std.sort.block	other	no	yes
std.sort.desc	other	no	yes
std.sort.equalRange	other	no	yes
std.sort.heap	other	no	yes
std.sort.heapContext	other	no	yes
std.sort.insertion	other	no	yes
std.sort.insertionContext	other	no	yes
std.sort.isSorted	other	no	yes
std.sort.lowerBound	other	no	yes
std.sort.max	other	no	yes
std.sort.min	other	no	yes
std.sort.partitionPoint	other	no	yes
std.sort.pdq	other	no	yes
std.sort.pdqContext	other	no	yes
std.sort.siftDown	other	no	yes
std.sort.upperBound	other	no	yes
std.start.EfiMain	other	no	no
std.start.WinStartup	none	no	no
std.start._DllMainCRTStartup	other	no	no
std.start._start	none	no	no
std.start.callMain	other	no	no
std.start.callMainWithArgs	other	no	no
std.start.call_wWinMain	none	no	no
std.start.expandStackSize	other	no	no
std.start.main	other	no	no
std.start.mainWithoutEnv	other	no	no
std.start.posixCallMainAndExit	other	no	no
std.start.startWasi	none	no	no
std.start.wWinMain	other	no	no
std.start.wWinMainCRTStartup	none	no	no
std.start.wasm_freestanding_start	none	no	no
std.start.wrapMain	other	no	yes
std.static_string_map.StaticStringMap	other	no	yes
std.static_string_map.StaticStringMapWithEql	other	no	yes
std.static_string_map.StaticStringMapWithEql().SortContext.lessThan	other	no	no
std.static_string_map.StaticStringMapWithEql().SortContext.swap	other	no	no
std.static_string_map.StaticStringMapWithEql().deinit	self	no	no
std.static_string_map.StaticStringMapWithEql().get	self	no	no
std.static_string_map.StaticStringMapWithEql().getIndex	self	no	no
std.static_string_map.StaticStringMapWithEql().getLongestPrefix	self	no	no
std.static_string_map.StaticStringMapWithEql().getLongestPrefixIndex	self	no	no
std.static_string_map.StaticStringMapWithEql().has	self	no	no
std.static_string_map.StaticStringMapWithEql().init	other	no	yes
std.static_string_map.StaticStringMapWithEql().initComptime	other	no	yes
std.static_string_map.StaticStringMapWithEql().initLenIndexes	self	no	no
std.static_string_map.StaticStringMapWithEql().initSortedKVs	self	no	yes
std.static_string_map.StaticStringMapWithEql().keys	self	no	no
std.static_string_map.StaticStringMapWithEql().values	self	no	no
std.static_string_map.defaultEql	other	no	no
std.static_string_map.eqlAsciiIgnoreCase	other	no	no
std.static_string_map.testMap	other	no	yes
std.static_string_map.testSet	other	no	no
std.static_string_map.testStaticStringMapWithEql	other	no	no
std.tar.Diagnostics.deinit	other	no	no
std.tar.Diagnostics.findRoot	other	no	no
std.tar.Diagnostics.rootDir	other	no	no
std.tar.Header.checkChksum	other	no	no
std.tar.Header.chksum	other	no	no
std.tar.Header.computeChksum	other	no	no
std.tar.Header.fullName	other	no	no
std.tar.Header.is_ustar	other	no	no
std.tar.Header.kind	other	no	no
std.tar.Header.linkName	other	no	no
std.tar.Header.mode	other	no	no
std.tar.Header.name	other	no	no
std.tar.Header.octal	other	no	no
std.tar.Header.prefix	other	no	no
std.tar.Header.size	other	no	no
std.tar.Header.str	other	no	no
std.tar.Iterator.blockPadding	other	no	no
std.tar.Iterator.init	other	yes	no
std.tar.Iterator.newFile	self	no	no
std.tar.Iterator.next	self	no	no
std.tar.Iterator.readHeader	self	no	no
std.tar.Iterator.readString	self	no	no
std.tar.Iterator.skipGnuSparseExtendedHeaders	self	no	no
std.tar.Iterator.streamRemaining	other	yes	no
std.tar.PaxIterator.Attribute.value	self	no	no
std.tar.PaxIterator.eql	other	no	no
std.tar.PaxIterator.hasNull	other	no	no
std.tar.PaxIterator.next	self	no	no
std.tar.PaxIterator.validateAttributeEnding	other	yes	no
std.tar.Writer.Header.init	other	no	no
std.tar.Writer.Header.octal	other	no	no
std.tar.Writer.Header.setLinkname	other	no	no
std.tar.Writer.Header.setMode	other	no	no
std.tar.Writer.Header.setMtime	other	no	no
std.tar.Writer.Header.setPath	other	no	no
std.tar.Writer.Header.setSize	other	no	no
std.tar.Writer.Header.updateChecksum	other	no	no
std.tar.Writer.Header.write	other	yes	no
std.tar.Writer.finishPedantically	other	yes	no
std.tar.Writer.setPath	other	no	no
std.tar.Writer.setRoot	other	no	no
std.tar.Writer.writeDir	other	no	no
std.tar.Writer.writeExtendedHeader	other	no	no
std.tar.Writer.writeFile	other	yes	no
std.tar.Writer.writeFileBytes	other	no	no
std.tar.Writer.writeFileStream	other	yes	no
std.tar.Writer.writeFileTimestamp	other	yes	no
std.tar.Writer.writeHeader	other	no	no
std.tar.Writer.writeLink	other	no	no
std.tar.Writer.writePadding	other	yes	no
std.tar.Writer.writePadding64	other	yes	no
std.tar.Writer.writePaddingPos	other	yes	no
std.tar.createDirAndFile	other	yes	no
std.tar.createDirAndSymlink	other	yes	no
std.tar.extract	other	yes	no
std.tar.filePermissions	other	yes	no
std.tar.normalizePath	other	no	no
std.tar.nullStr	other	no	no
std.tar.sanitizePath	other	no	no
std.tar.testSanitizePath	other	no	no
std.tar.testSanitizePathError	other	no	no
std.testing.BytesDiffer.terminal	self	yes	no
std.testing.BytesDiffer.write	self	yes	no
std.testing.BytesDiffer.writeDiff	self	yes	yes
std.testing.CheckAllAllocationFailuresExtraArgs	other	no	yes
std.testing.FailingAllocator.alloc	other	no	no
std.testing.FailingAllocator.allocator	self	no	no
std.testing.FailingAllocator.free	other	no	no
std.testing.FailingAllocator.getStackTrace	self	no	no
std.testing.FailingAllocator.init	allocator	no	no
std.testing.FailingAllocator.remap	other	no	no
std.testing.FailingAllocator.resize	other	no	no
std.testing.Reader.init	other	no	no
std.testing.Reader.stream	other	yes	no
std.testing.ReaderIndirect.init	other	yes	no
std.testing.ReaderIndirect.readVec	other	yes	no
std.testing.ReaderIndirect.stream	other	yes	no
std.testing.ReaderIndirect.streamInner	other	yes	no
std.testing.SliceDiffer	other	no	yes
std.testing.SliceDiffer().write	self	yes	no
std.testing.Smith.Backing	other	no	no
std.testing.Smith.UnionTagWithoutUninitializable	other	no	no
std.testing.Smith.allBitPatternsValid	other	no	no
std.testing.Smith.baselineWeights	other	no	no
std.testing.Smith.boolWeighted	other	no	no
std.testing.Smith.boolWeightedWithHash	other	no	no
std.testing.Smith.bytes	other	no	no
std.testing.Smith.bytesUid	other	no	no
std.testing.Smith.bytesWeighted	other	no	no
std.testing.Smith.bytesWeightedWithHash	other	no	no
std.testing.Smith.bytesWithHash	other	no	no
std.testing.Smith.checkWeights	other	no	no
std.testing.Smith.constructInput	other	no	yes
std.testing.Smith.enumFieldLessThan	other	no	no
std.testing.Smith.eos	other	no	no
std.testing.Smith.eosWeighted	other	no	no
std.testing.Smith.eosWeightedSimple	other	no	no
std.testing.Smith.eosWeightedSimpleWithHash	other	no	no
std.testing.Smith.eosWeightedWithHash	other	no	no
std.testing.Smith.eosWithHash	other	no	no
std.testing.Smith.firstHash	none	no	no
std.testing.Smith.fromExcessK	other	no	no
std.testing.Smith.index	other	no	no
std.testing.Smith.indexWithHash	other	no	no
std.testing.Smith.intUid	other	no	no
std.testing.Smith.slice	other	no	no
std.testing.Smith.sliceWeighted	other	no	no
std.testing.Smith.sliceWeightedBytes	other	no	no
std.testing.Smith.sliceWeightedBytesWithHash	other	no	no
std.testing.Smith.sliceWeightedWithHash	other	no	no
std.testing.Smith.sliceWithHash	other	no	no
std.testing.Smith.toExcessK	other	no	no
std.testing.Smith.value	other	no	no
std.testing.Smith.valueFromInt	other	no	yes
std.testing.Smith.valueRangeAtMost	other	no	no
std.testing.Smith.valueRangeAtMostWithHash	other	no	no
std.testing.Smith.valueRangeLessThan	other	no	no
std.testing.Smith.valueRangeLessThanWithHash	other	no	no
std.testing.Smith.valueWeighted	other	no	no
std.testing.Smith.valueWeightedWithHash	other	no	no
std.testing.Smith.valueWeightedWithHashInner	other	no	no
std.testing.Smith.valueWithHash	other	no	no
std.testing.Smith.weightsContain	other	no	no
std.testing.TmpDir.cleanup	self	no	no
std.testing.checkAllAllocationFailures	allocator	no	yes
std.testing.expect	other	no	no
std.testing.expectApproxEqAbs	other	no	yes
std.testing.expectApproxEqAbsInner	other	no	yes
std.testing.expectApproxEqRel	other	no	yes
std.testing.expectApproxEqRelInner	other	no	yes
std.testing.expectEqual	other	no	yes
std.testing.expectEqualDeep	other	no	yes
std.testing.expectEqualDeepInner	other	no	yes
std.testing.expectEqualInner	other	no	yes
std.testing.expectEqualSentinel	other	no	yes
std.testing.expectEqualSlices	other	no	yes
std.testing.expectEqualStrings	other	no	no
std.testing.expectError	other	no	yes
std.testing.expectFmt	other	no	yes
std.testing.expectStringEndsWith	other	no	no
std.testing.expectStringStartsWith	other	no	no
std.testing.failEqualSlices	other	yes	yes
std.testing.fuzz	other	no	yes
std.testing.print	other	no	yes
std.testing.printIndicatorLine	other	no	no
std.testing.printLine	other	no	no
std.testing.printWithVisibleNewlines	other	no	no
std.testing.refAllDecls	other	no	yes
std.testing.tmpDir	other	yes	no
std.time.epoch.DaySeconds.getHoursIntoDay	self	no	no
std.time.epoch.DaySeconds.getMinutesIntoHour	self	no	no
std.time.epoch.DaySeconds.getSecondsIntoMinute	self	no	no
std.time.epoch.EpochDay.calculateYearDay	self	no	no
std.time.epoch.EpochSeconds.getDaySeconds	self	no	no
std.time.epoch.EpochSeconds.getEpochDay	self	no	no
std.time.epoch.Month.numeric	self	no	no
std.time.epoch.YearAndDay.calculateMonthDay	self	no	no
std.time.epoch.getDaysInMonth	other	no	no
std.time.epoch.getDaysInYear	other	no	no
std.time.epoch.isLeapYear	other	no	no
std.time.epoch.testEpoch	other	no	no
std.tz.Timetype.isDst	self	no	no
std.tz.Timetype.name	self	no	no
std.tz.Timetype.standardTimeIndicator	self	no	no
std.tz.Timetype.utIndicator	self	no	no
std.tz.Tz.deinit	self	no	no
std.tz.Tz.parse	allocator	no	no
std.tz.Tz.parseBlock	allocator	no	no
std.unicode.Utf16LeIterator.init	other	no	no
std.unicode.Utf16LeIterator.nextCodepoint	other	no	no
std.unicode.Utf8Iterator.nextCodepoint	other	no	no
std.unicode.Utf8Iterator.nextCodepointSlice	other	no	no
std.unicode.Utf8Iterator.peek	other	no	no
std.unicode.Utf8View.init	other	no	no
std.unicode.Utf8View.initComptime	other	no	yes
std.unicode.Utf8View.initUnchecked	other	no	no
std.unicode.Utf8View.iterator	other	no	no
std.unicode.Wtf16LeIterator.init	other	no	no
std.unicode.Wtf16LeIterator.nextCodepoint	other	no	no
std.unicode.Wtf8Iterator.nextCodepoint	other	no	no
std.unicode.Wtf8Iterator.nextCodepointSlice	other	no	no
std.unicode.Wtf8Iterator.peek	other	no	no
std.unicode.Wtf8View.init	other	no	no
std.unicode.Wtf8View.initComptime	other	no	yes
std.unicode.Wtf8View.initUnchecked	other	no	no
std.unicode.Wtf8View.iterator	other	no	no
std.unicode.calcUtf16LeLen	other	no	no
std.unicode.calcUtf16LeLenImpl	other	no	yes
std.unicode.calcWtf16LeLen	other	no	no
std.unicode.calcWtf8Len	other	no	no
std.unicode.fmtUtf16Le	other	no	no
std.unicode.fmtUtf8	other	no	no
std.unicode.formatUtf16Le	other	yes	no
std.unicode.formatUtf8	other	yes	no
std.unicode.isSurrogateCodepoint	other	no	no
std.unicode.testCalcUtf16LeLenImpl	other	no	yes
std.unicode.testCalcWtf8Len	none	no	no
std.unicode.testDecode	other	no	no
std.unicode.testError	other	no	no
std.unicode.testErrorEncode	other	no	no
std.unicode.testInvalidUtf8ContinuationBytes	none	no	no
std.unicode.testMiscInvalidUtf8	none	no	no
std.unicode.testOverlongUtf8Codepoint	none	no	no
std.unicode.testRoundtripWtf16	other	no	no
std.unicode.testRoundtripWtf8	other	no	no
std.unicode.testUtf16CountCodepoints	none	no	no
std.unicode.testUtf8CountCodepoints	none	no	no
std.unicode.testUtf8Encode	none	no	no
std.unicode.testUtf8EncodeError	none	no	no
std.unicode.testUtf8IteratorOnAscii	none	no	no
std.unicode.testUtf8Peeking	none	no	no
std.unicode.testUtf8ToUtf16LeStringLiteral	other	no	yes
std.unicode.testUtf8ValidCodepoint	none	no	no
std.unicode.testUtf8ViewBad	none	no	no
std.unicode.testUtf8ViewOk	none	no	no
std.unicode.testValid	other	no	no
std.unicode.testValidUtf8	none	no	no
std.unicode.testValidateSlice	none	no	no
std.unicode.testValidateWtf8Slice	none	no	no
std.unicode.utf16CodeUnitSequenceLength	other	no	no
std.unicode.utf16CodepointSequenceLength	other	no	no
std.unicode.utf16CountCodepoints	other	no	no
std.unicode.utf16DecodeSurrogatePair	other	no	no
std.unicode.utf16IsHighSurrogate	other	no	no
std.unicode.utf16IsLowSurrogate	other	no	no
std.unicode.utf16LeToUtf8	other	no	no
std.unicode.utf16LeToUtf8Alloc	allocator	no	no
std.unicode.utf16LeToUtf8AllocZ	allocator	no	no
std.unicode.utf16LeToUtf8ArrayList	other	no	no
std.unicode.utf16LeToUtf8ArrayListImpl	other	no	yes
std.unicode.utf16LeToUtf8Impl	other	no	yes
std.unicode.utf8ByteSequenceLength	other	no	no
std.unicode.utf8CodepointSequenceLength	other	no	no
std.unicode.utf8CountCodepoints	other	no	no
std.unicode.utf8Decode	other	no	no
std.unicode.utf8Decode2	other	no	no
std.unicode.utf8Decode3	other	no	no
std.unicode.utf8Decode3AllowSurrogateHalf	other	no	no
std.unicode.utf8Decode4	other	no	no
std.unicode.utf8Encode	other	no	no
std.unicode.utf8EncodeComptime	other	no	yes
std.unicode.utf8EncodeImpl	other	no	yes
std.unicode.utf8ToUtf16Le	other	no	no
std.unicode.utf8ToUtf16LeAlloc	allocator	no	no
std.unicode.utf8ToUtf16LeAllocZ	allocator	no	no
std.unicode.utf8ToUtf16LeArrayList	other	no	no
std.unicode.utf8ToUtf16LeArrayListImpl	other	no	yes
std.unicode.utf8ToUtf16LeImpl	other	no	yes
std.unicode.utf8ToUtf16LeStringLiteral	other	no	yes
std.unicode.utf8ToUtf16LeStringLiteralImpl	other	no	yes
std.unicode.utf8ValidCodepoint	other	no	no
std.unicode.utf8ValidateSlice	other	no	no
std.unicode.utf8ValidateSliceImpl	other	no	yes
std.unicode.wtf16LeToWtf8	other	no	no
std.unicode.wtf16LeToWtf8Alloc	allocator	no	no
std.unicode.wtf16LeToWtf8AllocZ	allocator	no	no
std.unicode.wtf16LeToWtf8ArrayList	other	no	no
std.unicode.wtf8Decode	other	no	no
std.unicode.wtf8Encode	other	no	no
std.unicode.wtf8ToUtf8Lossy	other	no	no
std.unicode.wtf8ToUtf8LossyAlloc	allocator	no	no
std.unicode.wtf8ToUtf8LossyAllocZ	allocator	no	no
std.unicode.wtf8ToWtf16Le	other	no	no
std.unicode.wtf8ToWtf16LeAlloc	allocator	no	no
std.unicode.wtf8ToWtf16LeAllocZ	allocator	no	no
std.unicode.wtf8ToWtf16LeArrayList	other	no	no
std.unicode.wtf8ToWtf16LeStringLiteral	other	no	yes
std.unicode.wtf8ValidateSlice	other	no	no
std.valgrind.IsTool	other	no	no
std.valgrind.ToolBase	other	no	no
std.valgrind.cachegrind.doClientRequestExpr	other	no	no
std.valgrind.cachegrind.doClientRequestStmt	other	no	no
std.valgrind.cachegrind.startInstrumentation	none	no	no
std.valgrind.cachegrind.stopInstrumentation	none	no	no
std.valgrind.callgrind.doClientRequestExpr	other	no	no
std.valgrind.callgrind.doClientRequestStmt	other	no	no
std.valgrind.callgrind.dumpStats	none	no	no
std.valgrind.callgrind.dumpStatsAt	other	no	no
std.valgrind.callgrind.startInstrumentation	none	no	no
std.valgrind.callgrind.stopInstrumentation	none	no	no
std.valgrind.callgrind.toggleCollect	none	no	no
std.valgrind.callgrind.zeroStats	none	no	no
std.valgrind.countErrors	none	no	no
std.valgrind.createMempool	other	no	no
std.valgrind.destroyMempool	other	no	no
std.valgrind.disableErrorReporting	none	no	no
std.valgrind.discardTranslations	other	no	no
std.valgrind.doClientRequest	other	no	no
std.valgrind.doClientRequestExpr	other	no	no
std.valgrind.doClientRequestStmt	other	no	no
std.valgrind.enableErrorReporting	none	no	no
std.valgrind.freeLikeBlock	other	no	no
std.valgrind.innerThreads	other	no	no
std.valgrind.mallocLikeBlock	other	no	no
std.valgrind.mapIpToSrcloc	other	no	no
std.valgrind.memcheck.checkMemIsAddressable	other	no	no
std.valgrind.memcheck.checkMemIsDefined	other	no	no
std.valgrind.memcheck.countLeakBlocks	none	no	no
std.valgrind.memcheck.countLeaks	none	no	no
std.valgrind.memcheck.createBlock	other	no	no
std.valgrind.memcheck.disableAddrErrorReportingInRange	other	no	no
std.valgrind.memcheck.discard	other	no	no
std.valgrind.memcheck.doAddedLeakCheck	none	no	no
std.valgrind.memcheck.doChangedLeakCheck	none	no	no
std.valgrind.memcheck.doClientRequestExpr	other	no	no
std.valgrind.memcheck.doClientRequestStmt	other	no	no
std.valgrind.memcheck.doLeakCheck	none	no	no
std.valgrind.memcheck.doQuickLeakCheck	none	no	no
std.valgrind.memcheck.enableAddrErrorReportingInRange	other	no	no
std.valgrind.memcheck.getVbits	other	no	no
std.valgrind.memcheck.makeMemDefined	other	no	no
std.valgrind.memcheck.makeMemDefinedIfAddressable	other	no	no
std.valgrind.memcheck.makeMemNoAccess	other	no	no
std.valgrind.memcheck.makeMemUndefined	other	no	no
std.valgrind.memcheck.setVbits	other	no	no
std.valgrind.mempoolAlloc	other	no	no
std.valgrind.mempoolChange	other	no	no
std.valgrind.mempoolExists	other	no	no
std.valgrind.mempoolFree	other	no	no
std.valgrind.mempoolTrim	other	no	no
std.valgrind.monitorCommand	other	no	no
std.valgrind.moveMempool	other	no	no
std.valgrind.nonSimdCall0	other	no	no
std.valgrind.nonSimdCall1	other	no	no
std.valgrind.nonSimdCall2	other	no	no
std.valgrind.nonSimdCall3	other	no	no
std.valgrind.resizeInPlaceBlock	other	no	no
std.valgrind.runningOnValgrind	none	no	no
std.valgrind.stackChange	other	no	no
std.valgrind.stackDeregister	other	no	no
std.valgrind.stackRegister	other	no	no
std.wasm.BlockType.fromValtype	other	no	no
std.zig.Ast.Node.Index.toOffset	other	no	no
std.zig.Ast.Node.Index.toOptional	other	no	no
std.zig.Ast.Node.Offset.toAbsolute	other	no	no
std.zig.Ast.Node.Offset.toOptional	other	no	no
std.zig.Ast.Node.OptionalIndex.fromOptional	other	no	no
std.zig.Ast.Node.OptionalIndex.unwrap	other	no	no
std.zig.Ast.Node.OptionalOffset.unwrap	other	no	no
std.zig.Ast.Node.Tag.isContainerField	other	no	no
std.zig.Ast.OptionalTokenIndex.fromOptional	other	no	no
std.zig.Ast.OptionalTokenIndex.fromToken	other	no	no
std.zig.Ast.OptionalTokenIndex.unwrap	other	no	no
std.zig.Ast.OptionalTokenOffset.unwrap	other	no	no
std.zig.Ast.Parse.Members.toSpan	self	no	no
std.zig.Ast.Parse.addExtra	other	no	yes
std.zig.Ast.Parse.addNode	other	no	no
std.zig.Ast.Parse.assertToken	other	no	no
std.zig.Ast.Parse.assignOpNode	other	no	no
std.zig.Ast.Parse.eatDocComments	other	no	no
std.zig.Ast.Parse.eatToken	other	no	no
std.zig.Ast.Parse.eatTokens	other	no	no
std.zig.Ast.Parse.expectAsmExpr	other	no	no
std.zig.Ast.Parse.expectAssignExpr	other	no	no
std.zig.Ast.Parse.expectBlockExprStatement	other	no	no
std.zig.Ast.Parse.expectComptimeStatement	other	no	no
std.zig.Ast.Parse.expectContainerField	other	no	no
std.zig.Ast.Parse.expectExpr	other	no	no
std.zig.Ast.Parse.expectFieldInit	other	no	no
std.zig.Ast.Parse.expectIfStatement	other	no	no
std.zig.Ast.Parse.expectParamDecl	other	no	no
std.zig.Ast.Parse.expectPrefixExpr	other	no	no
std.zig.Ast.Parse.expectPrimaryTypeExpr	other	no	no
std.zig.Ast.Parse.expectSemicolon	other	no	no
std.zig.Ast.Parse.expectSingleAssignExpr	other	no	no
std.zig.Ast.Parse.expectStatement	other	no	no
std.zig.Ast.Parse.expectStatementRecoverable	other	no	no
std.zig.Ast.Parse.expectSwitchExpr	other	no	no
std.zig.Ast.Parse.expectSwitchSuffix	other	no	no
std.zig.Ast.Parse.expectTestDecl	other	no	no
std.zig.Ast.Parse.expectTestDeclRecoverable	other	no	no
std.zig.Ast.Parse.expectToken	other	no	no
std.zig.Ast.Parse.expectTopLevelDecl	other	no	no
std.zig.Ast.Parse.expectTopLevelDeclRecoverable	other	no	no
std.zig.Ast.Parse.expectTypeExpr	other	no	no
std.zig.Ast.Parse.expectVarDeclExprStatement	other	no	no
std.zig.Ast.Parse.fail	other	no	no
std.zig.Ast.Parse.failExpected	other	no	no
std.zig.Ast.Parse.failMsg	other	no	no
std.zig.Ast.Parse.findNextContainerMember	other	no	no
std.zig.Ast.Parse.findNextStmt	other	no	no
std.zig.Ast.Parse.finishAssignDestructureExpr	other	no	no
std.zig.Ast.Parse.finishAssignExpr	other	no	no
std.zig.Ast.Parse.forPrefix	other	no	no
std.zig.Ast.Parse.listToSpan	other	no	no
std.zig.Ast.Parse.nextToken	other	no	no
std.zig.Ast.Parse.nodeData	other	no	no
std.zig.Ast.Parse.nodeMainToken	other	no	no
std.zig.Ast.Parse.nodeTag	other	no	no
std.zig.Ast.Parse.parseAddrSpace	other	no	no
std.zig.Ast.Parse.parseAsmInputItem	other	no	no
std.zig.Ast.Parse.parseAsmOutputItem	other	no	no
std.zig.Ast.Parse.parseAssignExpr	other	no	no
std.zig.Ast.Parse.parseBlock	other	no	no
std.zig.Ast.Parse.parseBlockExpr	other	no	no
std.zig.Ast.Parse.parseBlockExprStatement	other	no	no
std.zig.Ast.Parse.parseBlockLabel	other	no	no
std.zig.Ast.Parse.parseBreakLabel	other	no	no
std.zig.Ast.Parse.parseBuiltinCall	other	no	no
std.zig.Ast.Parse.parseByteAlign	other	no	no
std.zig.Ast.Parse.parseCStyleContainer	other	no	no
std.zig.Ast.Parse.parseCallconv	other	no	no
std.zig.Ast.Parse.parseContainerDeclAuto	other	no	no
std.zig.Ast.Parse.parseContainerMembers	other	no	no
std.zig.Ast.Parse.parseCurlySuffixExpr	other	no	no
std.zig.Ast.Parse.parseErrorUnionExpr	other	no	no
std.zig.Ast.Parse.parseExpr	other	no	no
std.zig.Ast.Parse.parseExprPrecedence	other	no	no
std.zig.Ast.Parse.parseFieldInit	other	no	no
std.zig.Ast.Parse.parseFnProto	other	no	no
std.zig.Ast.Parse.parseFor	other	no	yes
std.zig.Ast.Parse.parseForStatement	other	no	no
std.zig.Ast.Parse.parseGlobalVarDecl	other	no	no
std.zig.Ast.Parse.parseIf	other	no	yes
std.zig.Ast.Parse.parseIfExpr	other	no	no
std.zig.Ast.Parse.parseLabeledStatement	other	no	no
std.zig.Ast.Parse.parseLinkSection	other	no	no
std.zig.Ast.Parse.parseLoopStatement	other	no	no
std.zig.Ast.Parse.parseParamDeclList	other	no	no
std.zig.Ast.Parse.parsePayload	other	no	no
std.zig.Ast.Parse.parsePrefixExpr	other	no	no
std.zig.Ast.Parse.parsePrimaryExpr	other	no	no
std.zig.Ast.Parse.parsePrimaryTypeExpr	other	no	no
std.zig.Ast.Parse.parsePtrIndexPayload	other	no	no
std.zig.Ast.Parse.parsePtrModifiers	other	no	no
std.zig.Ast.Parse.parsePtrPayload	other	no	no
std.zig.Ast.Parse.parseRoot	other	no	no
std.zig.Ast.Parse.parseSingleAssignExpr	other	no	no
std.zig.Ast.Parse.parseSuffixExpr	other	no	no
std.zig.Ast.Parse.parseSuffixOp	other	no	no
std.zig.Ast.Parse.parseSwitchExpr	other	no	no
std.zig.Ast.Parse.parseSwitchItem	other	no	no
std.zig.Ast.Parse.parseSwitchProng	other	no	no
std.zig.Ast.Parse.parseSwitchProngList	other	no	no
std.zig.Ast.Parse.parseTypeExpr	other	no	no
std.zig.Ast.Parse.parseVarDeclProto	other	no	no
std.zig.Ast.Parse.parseWhileContinueExpr	other	no	no
std.zig.Ast.Parse.parseWhileExpr	other	no	no
std.zig.Ast.Parse.parseWhileStatement	other	no	no
std.zig.Ast.Parse.parseWhileTypeExpr	other	no	no
std.zig.Ast.Parse.parseZon	other	no	no
std.zig.Ast.Parse.reserveNode	other	no	no
std.zig.Ast.Parse.setNode	other	no	no
std.zig.Ast.Parse.setVarDeclInitExpr	other	no	no
std.zig.Ast.Parse.tokenStart	other	no	no
std.zig.Ast.Parse.tokenTag	other	no	no
std.zig.Ast.Parse.tokensOnSameLine	other	no	no
std.zig.Ast.Parse.unreserveNode	other	no	no
std.zig.Ast.Parse.warn	other	no	no
std.zig.Ast.Parse.warnExpected	other	no	no
std.zig.Ast.Parse.warnMsg	other	no	no
std.zig.Ast.Render.AutoIndentingStream.applyIndent	other	no	no
std.zig.Ast.Render.AutoIndentingStream.currentIndent	other	no	no
std.zig.Ast.Render.AutoIndentingStream.deinit	self	no	no
std.zig.Ast.Render.AutoIndentingStream.disableIndentCommitting	other	no	no
std.zig.Ast.Render.AutoIndentingStream.disableSpaceMode	other	no	no
std.zig.Ast.Render.AutoIndentingStream.enableIndentCommitting	other	no	no
std.zig.Ast.Render.AutoIndentingStream.enableSpaceMode	other	no	no
std.zig.Ast.Render.AutoIndentingStream.forceLastIndent	other	no	no
std.zig.Ast.Render.AutoIndentingStream.forcePushIndent	other	no	no
std.zig.Ast.Render.AutoIndentingStream.indentStackEmpty	other	no	no
std.zig.Ast.Render.AutoIndentingStream.init	allocator	no	no
std.zig.Ast.Render.AutoIndentingStream.insertNewline	other	no	no
std.zig.Ast.Render.AutoIndentingStream.isLineOverIndented	other	no	no
std.zig.Ast.Render.AutoIndentingStream.lastSpaceModeIndent	other	no	no
std.zig.Ast.Render.AutoIndentingStream.maybeInsertNewline	other	no	no
std.zig.Ast.Render.AutoIndentingStream.popIndent	other	no	no
std.zig.Ast.Render.AutoIndentingStream.popSpace	other	no	no
std.zig.Ast.Render.AutoIndentingStream.print	other	no	yes
std.zig.Ast.Render.AutoIndentingStream.pushIndent	other	no	no
std.zig.Ast.Render.AutoIndentingStream.pushSpace	other	no	no
std.zig.Ast.Render.AutoIndentingStream.resetLine	other	no	no
std.zig.Ast.Render.AutoIndentingStream.setIndentDelta	other	no	no
std.zig.Ast.Render.AutoIndentingStream.splatByteAll	other	no	no
std.zig.Ast.Render.AutoIndentingStream.writeAll	other	no	no
std.zig.Ast.Render.AutoIndentingStream.writeByte	other	no	no
std.zig.Ast.Render.Fixups.clearRetainingCapacity	other	no	no
std.zig.Ast.Render.Fixups.count	other	no	no
std.zig.Ast.Render.Fixups.deinit	other	no	no
std.zig.Ast.Render.anythingBetween	other	no	no
std.zig.Ast.Render.discardAllParams	other	no	no
std.zig.Ast.Render.drainNoNewline	other	no	no
std.zig.Ast.Render.finishRenderBlock	other	no	no
std.zig.Ast.Render.fnProtoRparen	other	no	no
std.zig.Ast.Render.hasComment	other	no	no
std.zig.Ast.Render.hasDocComment	other	no	no
std.zig.Ast.Render.hasMultilineString	other	no	no
std.zig.Ast.Render.hasTrailingComment	other	no	no
std.zig.Ast.Render.isOneLineContainerDecl	other	no	no
std.zig.Ast.Render.isOneLineErrorSetDecl	other	no	no
std.zig.Ast.Render.isOneLineFnProto	other	no	no
std.zig.Ast.Render.nodeCausesSliceOpSpace	other	no	no
std.zig.Ast.Render.nodeIsBlock	other	no	no
std.zig.Ast.Render.nodeIsIfForWhileSwitch	other	no	no
std.zig.Ast.Render.renderArrayInit	other	no	no
std.zig.Ast.Render.renderArrayType	other	no	no
std.zig.Ast.Render.renderAsm	other	no	no
std.zig.Ast.Render.renderAsmInput	other	no	no
std.zig.Ast.Render.renderAsmOutput	other	no	no
std.zig.Ast.Render.renderBlock	other	no	no
std.zig.Ast.Render.renderBuiltinCall	other	no	no
std.zig.Ast.Render.renderCall	other	no	no
std.zig.Ast.Render.renderComments	other	no	no
std.zig.Ast.Render.renderContainerDecl	other	no	no
std.zig.Ast.Render.renderContainerDocComments	other	no	no
std.zig.Ast.Render.renderContainerField	other	no	no
std.zig.Ast.Render.renderDocComments	other	no	no
std.zig.Ast.Render.renderExpression	other	no	no
std.zig.Ast.Render.renderExpressionComma	other	no	no
std.zig.Ast.Render.renderExpressionFixup	other	no	no
std.zig.Ast.Render.renderExpressions	other	no	no
std.zig.Ast.Render.renderExtraNewline	other	no	no
std.zig.Ast.Render.renderExtraNewlineToken	other	no	no
std.zig.Ast.Render.renderFnProto	other	no	no
std.zig.Ast.Render.renderFor	other	no	no
std.zig.Ast.Render.renderIdentifier	other	no	no
std.zig.Ast.Render.renderIdentifierComma	other	no	no
std.zig.Ast.Render.renderIdentifierContents	other	no	no
std.zig.Ast.Render.renderIf	other	no	no
std.zig.Ast.Render.renderMember	other	no	no
std.zig.Ast.Render.renderMembers	other	no	no
std.zig.Ast.Render.renderOnlySpace	other	no	no
std.zig.Ast.Render.renderParamList	other	no	no
std.zig.Ast.Render.renderPtrType	other	no	no
std.zig.Ast.Render.renderQuotedIdentifier	other	no	yes
std.zig.Ast.Render.renderSlice	other	no	no
std.zig.Ast.Render.renderSpace	other	no	no
std.zig.Ast.Render.renderStructInit	other	no	no
std.zig.Ast.Render.renderSwitchCase	other	no	no
std.zig.Ast.Render.renderThenElse	other	no	no
std.zig.Ast.Render.renderToken	other	no	no
std.zig.Ast.Render.renderTokenComma	other	no	no
std.zig.Ast.Render.renderTokenOverrideSpaceMode	other	no	no
std.zig.Ast.Render.renderTree	allocator	no	no
std.zig.Ast.Render.renderVarDecl	other	no	no
std.zig.Ast.Render.renderVarDeclWithoutFixups	other	no	no
std.zig.Ast.Render.renderWhile	other	no	no
std.zig.Ast.Render.rendersMultiline	other	no	no
std.zig.Ast.Render.tokenSliceForRender	other	no	no
std.zig.Ast.Render.writeFixingWhitespace	other	no	no
std.zig.Ast.TokenOffset.init	other	no	no
std.zig.Ast.TokenOffset.toAbsolute	other	no	no
std.zig.Ast.TokenOffset.toOptional	other	no	no
std.zig.Ast.alignedVarDecl	other	no	no
std.zig.Ast.arrayInit	other	no	no
std.zig.Ast.arrayInitDot	other	no	no
std.zig.Ast.arrayInitDotTwo	other	no	no
std.zig.Ast.arrayInitOne	other	no	no
std.zig.Ast.arrayType	other	no	no
std.zig.Ast.arrayTypeSentinel	other	no	no
std.zig.Ast.asmFull	other	no	no
std.zig.Ast.asmSimple	other	no	no
std.zig.Ast.assignDestructure	other	no	no
std.zig.Ast.blockStatements	other	no	no
std.zig.Ast.builtinCallParams	other	no	no
std.zig.Ast.callFull	other	no	no
std.zig.Ast.callOne	other	no	no
std.zig.Ast.containerDecl	other	no	no
std.zig.Ast.containerDeclArg	other	no	no
std.zig.Ast.containerDeclRoot	other	no	no
std.zig.Ast.containerDeclTwo	other	no	no
std.zig.Ast.containerField	other	no	no
std.zig.Ast.containerFieldAlign	other	no	no
std.zig.Ast.containerFieldInit	other	no	no
std.zig.Ast.deinit	other	no	no
std.zig.Ast.errorOffset	other	no	no
std.zig.Ast.extraData	other	no	yes
std.zig.Ast.extraDataSlice	other	no	yes
std.zig.Ast.extraDataSliceWithLen	other	no	yes
std.zig.Ast.firstToken	other	no	no
std.zig.Ast.fnProto	other	no	no
std.zig.Ast.fnProtoMulti	other	no	no
std.zig.Ast.fnProtoOne	other	no	no
std.zig.Ast.fnProtoSimple	other	no	no
std.zig.Ast.forFull	other	no	no
std.zig.Ast.forSimple	other	no	no
std.zig.Ast.full.ContainerField.convertToNonTupleLike	other	no	no
std.zig.Ast.full.ContainerField.firstToken	other	no	no
std.zig.Ast.full.FnProto.Iterator.next	other	no	no
std.zig.Ast.full.FnProto.firstToken	other	no	no
std.zig.Ast.full.FnProto.iterate	other	no	no
std.zig.Ast.full.VarDecl.firstToken	other	no	no
std.zig.Ast.fullArrayInit	other	no	no
std.zig.Ast.fullArrayType	other	no	no
std.zig.Ast.fullAsm	other	no	no
std.zig.Ast.fullAsmComponents	other	no	no
std.zig.Ast.fullAssignDestructureComponents	other	no	no
std.zig.Ast.fullCall	other	no	no
std.zig.Ast.fullContainerDecl	other	no	no
std.zig.Ast.fullContainerDeclComponents	other	no	no
std.zig.Ast.fullContainerField	other	no	no
std.zig.Ast.fullContainerFieldComponents	other	no	no
std.zig.Ast.fullFnProto	other	no	no
std.zig.Ast.fullFnProtoComponents	other	no	no
std.zig.Ast.fullFor	other	no	no
std.zig.Ast.fullForComponents	other	no	no
std.zig.Ast.fullIf	other	no	no
std.zig.Ast.fullIfComponents	other	no	no
std.zig.Ast.fullPtrType	other	no	no
std.zig.Ast.fullPtrTypeComponents	other	no	no
std.zig.Ast.fullSlice	other	no	no
std.zig.Ast.fullStructInit	other	no	no
std.zig.Ast.fullSwitch	other	no	no
std.zig.Ast.fullSwitchCase	other	no	no
std.zig.Ast.fullSwitchCaseComponents	other	no	no
std.zig.Ast.fullSwitchComponents	other	no	no
std.zig.Ast.fullVarDecl	other	no	no
std.zig.Ast.fullVarDeclComponents	other	no	no
std.zig.Ast.fullWhile	other	no	no
std.zig.Ast.fullWhileComponents	other	no	no
std.zig.Ast.getNodeSource	other	no	no
std.zig.Ast.globalVarDecl	other	no	no
std.zig.Ast.ifFull	other	no	no
std.zig.Ast.ifSimple	other	no	no
std.zig.Ast.isTokenPrecededByTags	other	no	no
std.zig.Ast.lastToken	other	no	no
std.zig.Ast.loadOptionalNodesIntoBuffer	other	no	yes
std.zig.Ast.localVarDecl	other	no	no
std.zig.Ast.nodeData	other	no	no
std.zig.Ast.nodeMainToken	other	no	no
std.zig.Ast.nodeTag	other	no	no
std.zig.Ast.nodeToSpan	other	no	no
std.zig.Ast.parse	allocator	no	no
std.zig.Ast.parseTokens	allocator	no	no
std.zig.Ast.ptrType	other	no	no
std.zig.Ast.ptrTypeAligned	other	no	no
std.zig.Ast.ptrTypeBitRange	other	no	no
std.zig.Ast.ptrTypeSentinel	other	no	no
std.zig.Ast.render	other	no	no
std.zig.Ast.renderAlloc	other	no	no
std.zig.Ast.renderError	other	no	no
std.zig.Ast.rootDecls	other	no	no
std.zig.Ast.simpleVarDecl	other	no	no
std.zig.Ast.slice	other	no	no
std.zig.Ast.sliceOpen	other	no	no
std.zig.Ast.sliceSentinel	other	no	no
std.zig.Ast.structInit	other	no	no
std.zig.Ast.structInitDot	other	no	no
std.zig.Ast.structInitDotTwo	other	no	no
std.zig.Ast.structInitOne	other	no	no
std.zig.Ast.switchCase	other	no	no
std.zig.Ast.switchCaseOne	other	no	no
std.zig.Ast.switchFull	other	no	no
std.zig.Ast.taggedUnion	other	no	no
std.zig.Ast.taggedUnionEnumTag	other	no	no
std.zig.Ast.taggedUnionTwo	other	no	no
std.zig.Ast.tokenLocation	self	no	no
std.zig.Ast.tokenSlice	other	no	no
std.zig.Ast.tokenStart	other	no	no
std.zig.Ast.tokenTag	other	no	no
std.zig.Ast.tokenToSpan	other	no	no
std.zig.Ast.tokensOnSameLine	other	no	no
std.zig.Ast.tokensToSpan	other	no	no
std.zig.Ast.whileCont	other	no	no
std.zig.Ast.whileFull	other	no	no
std.zig.Ast.whileSimple	other	no	no
std.zig.AstGen.GenZir.add	other	no	no
std.zig.AstGen.GenZir.addAllocExtended	other	no	no
std.zig.AstGen.GenZir.addAsIndex	other	no	no
std.zig.AstGen.GenZir.addAsm	other	no	no
std.zig.AstGen.GenZir.addBin	other	no	no
std.zig.AstGen.GenZir.addBreak	other	no	no
std.zig.AstGen.GenZir.addBreakWithSrcNode	other	no	no
std.zig.AstGen.GenZir.addBuiltinValue	other	no	no
std.zig.AstGen.GenZir.addCondBr	other	no	no
std.zig.AstGen.GenZir.addDbgVar	other	no	no
std.zig.AstGen.GenZir.addDecl	other	no	no
std.zig.AstGen.GenZir.addDefer	other	no	no
std.zig.AstGen.GenZir.addExtendedMultiOp	other	no	no
std.zig.AstGen.GenZir.addExtendedMultiOpPayloadIndex	other	no	no
std.zig.AstGen.GenZir.addExtendedNodeSmall	other	no	no
std.zig.AstGen.GenZir.addExtendedPayload	other	no	yes
std.zig.AstGen.GenZir.addExtendedPayloadSmall	other	no	yes
std.zig.AstGen.GenZir.addFloat	other	no	no
std.zig.AstGen.GenZir.addFunc	other	no	no
std.zig.AstGen.GenZir.addInstNode	other	no	no
std.zig.AstGen.GenZir.addInt	other	no	no
std.zig.AstGen.GenZir.addIntBig	other	no	no
std.zig.AstGen.GenZir.addNode	other	no	no
std.zig.AstGen.GenZir.addNodeExtended	other	no	no
std.zig.AstGen.GenZir.addParam	other	no	no
std.zig.AstGen.GenZir.addPlNode	other	no	yes
std.zig.AstGen.GenZir.addPlNodePayloadIndex	other	no	no
std.zig.AstGen.GenZir.addRestoreErrRetIndex	other	no	no
std.zig.AstGen.GenZir.addRet	other	no	no
std.zig.AstGen.GenZir.addSaveErrRetIndex	other	no	no
std.zig.AstGen.GenZir.addStrTok	other	no	no
std.zig.AstGen.GenZir.addUnNode	other	no	no
std.zig.AstGen.GenZir.addUnTok	other	no	no
std.zig.AstGen.GenZir.endsWithNoReturn	other	no	no
std.zig.AstGen.GenZir.fancyFnExprExtraLen	other	no	no
std.zig.AstGen.GenZir.instructionsSlice	self	no	no
std.zig.AstGen.GenZir.instructionsSliceUpto	self	no	no
std.zig.AstGen.GenZir.instructionsSliceUptoOpt	other	no	no
std.zig.AstGen.GenZir.isEmpty	self	no	no
std.zig.AstGen.GenZir.makeBlockInst	other	no	no
std.zig.AstGen.GenZir.makeBreak	other	no	no
std.zig.AstGen.GenZir.makeBreakCommon	other	no	no
std.zig.AstGen.GenZir.makeBreakWithSrcNode	other	no	no
std.zig.AstGen.GenZir.makeDeclaration	other	no	no
std.zig.AstGen.GenZir.makeSubBlock	other	no	no
std.zig.AstGen.GenZir.makeUnNode	other	no	no
std.zig.AstGen.GenZir.makeUnTok	other	no	no
std.zig.AstGen.GenZir.nodeIndexToRelative	other	no	no
std.zig.AstGen.GenZir.refIsNoReturn	other	no	no
std.zig.AstGen.GenZir.reserveInstructionIndex	other	no	no
std.zig.AstGen.GenZir.setBlockBody	other	no	no
std.zig.AstGen.GenZir.setBlockComptimeBody	other	no	no
std.zig.AstGen.GenZir.setBoolBrBody	other	no	no
std.zig.AstGen.GenZir.setBreakResultInfo	other	no	no
std.zig.AstGen.GenZir.setEnum	other	no	no
std.zig.AstGen.GenZir.setOpaque	other	no	no
std.zig.AstGen.GenZir.setStruct	other	no	no
std.zig.AstGen.GenZir.setTryBody	other	no	no
std.zig.AstGen.GenZir.setUnion	other	no	no
std.zig.AstGen.GenZir.srcToken	other	no	no
std.zig.AstGen.GenZir.tokenIndexToRelative	other	no	no
std.zig.AstGen.GenZir.unstack	self	no	no
std.zig.AstGen.ResultInfo.Loc.resultType	other	no	no
std.zig.AstGen.ResultInfo.Loc.resultTypeForCast	other	no	no
std.zig.AstGen.ResultInfo.br	other	no	no
std.zig.AstGen.ResultInfo.zirTag	other	no	no
std.zig.AstGen.Scope.Namespace.deinit	self	no	no
std.zig.AstGen.Scope.cast	other	no	yes
std.zig.AstGen.Scope.parent	other	no	no
std.zig.AstGen.Scope.unwrap	other	no	no
std.zig.AstGen.Scratch.Slice.get	other	no	no
std.zig.AstGen.Scratch.addOptionalSlice	other	no	no
std.zig.AstGen.Scratch.addSlice	other	no	no
std.zig.AstGen.Scratch.all	other	no	no
std.zig.AstGen.Scratch.appendBodyWithFixups	other	no	no
std.zig.AstGen.Scratch.init	other	no	no
std.zig.AstGen.Scratch.reset	other	no	no
std.zig.AstGen.WipDecls.finish	other	no	no
std.zig.AstGen.WipDecls.init	other	no	no
std.zig.AstGen.WipDecls.nextDecl	other	no	no
std.zig.AstGen.addEnsureResult	other	no	no
std.zig.AstGen.addExtra	other	no	yes
std.zig.AstGen.addExtraAssumeCapacity	other	no	yes
std.zig.AstGen.addFailedDeclaration	other	no	no
std.zig.AstGen.addFieldAccess	other	no	no
std.zig.AstGen.advanceSourceCursor	other	no	no
std.zig.AstGen.advanceSourceCursorToNode	other	no	no
std.zig.AstGen.appendBodyWithFixups	other	no	no
std.zig.AstGen.appendBodyWithFixupsArrayList	other	no	no
std.zig.AstGen.appendBodyWithFixupsExtraRefsArrayList	other	no	no
std.zig.AstGen.appendErrorNode	other	no	yes
std.zig.AstGen.appendErrorNodeNotes	other	no	yes
std.zig.AstGen.appendErrorTok	other	no	yes
std.zig.AstGen.appendErrorTokNotes	other	no	yes
std.zig.AstGen.appendErrorTokNotesOff	other	no	yes
std.zig.AstGen.appendIdentStr	other	no	no
std.zig.AstGen.appendPlaceholder	other	no	no
std.zig.AstGen.appendPossiblyRefdBodyInst	other	no	no
std.zig.AstGen.appendRefs	other	no	no
std.zig.AstGen.appendRefsAssumeCapacity	other	no	no
std.zig.AstGen.arrayAccess	other	no	no
std.zig.AstGen.arrayInitExpr	other	no	no
std.zig.AstGen.arrayInitExprAnon	other	no	no
std.zig.AstGen.arrayInitExprPtr	other	no	no
std.zig.AstGen.arrayInitExprTyped	other	no	no
std.zig.AstGen.arrayType	other	no	no
std.zig.AstGen.arrayTypeSentinel	other	no	no
std.zig.AstGen.as	other	no	no
std.zig.AstGen.asmExpr	other	no	no
std.zig.AstGen.assign	other	no	no
std.zig.AstGen.assignDestructure	other	no	no
std.zig.AstGen.assignDestructureMaybeDecls	other	no	no
std.zig.AstGen.assignOp	other	no	no
std.zig.AstGen.assignShift	other	no	no
std.zig.AstGen.assignShiftSat	other	no	no
std.zig.AstGen.bitBuiltin	other	no	no
std.zig.AstGen.bitCast	other	no	no
std.zig.AstGen.blockExpr	other	no	no
std.zig.AstGen.blockExprStmts	other	no	no
std.zig.AstGen.boolBinOp	other	no	no
std.zig.AstGen.breakExpr	other	no	no
std.zig.AstGen.builtinCall	other	no	no
std.zig.AstGen.cImport	other	no	no
std.zig.AstGen.callExpr	other	no	no
std.zig.AstGen.calleeExpr	other	no	no
std.zig.AstGen.charLiteral	other	no	no
std.zig.AstGen.checkLabelRedefinition	other	no	no
std.zig.AstGen.checkUsed	other	no	no
std.zig.AstGen.cmpxchg	other	no	no
std.zig.AstGen.comptimeDecl	other	no	no
std.zig.AstGen.comptimeExpr	other	no	no
std.zig.AstGen.comptimeExpr2	other	no	no
std.zig.AstGen.comptimeExprAst	other	no	no
std.zig.AstGen.containerDecl	other	no	no
std.zig.AstGen.containerMember	other	no	no
std.zig.AstGen.continueExpr	other	no	no
std.zig.AstGen.countBodyLenAfterFixups	other	no	no
std.zig.AstGen.countBodyLenAfterFixupsExtraRefs	other	no	no
std.zig.AstGen.countDefers	other	no	no
std.zig.AstGen.deferStmt	other	no	no
std.zig.AstGen.deinit	other	no	no
std.zig.AstGen.detectLocalShadowing	other	no	no
std.zig.AstGen.divBuiltin	other	no	no
std.zig.AstGen.emitDbgNode	other	no	no
std.zig.AstGen.emitDbgStmt	other	no	no
std.zig.AstGen.emitDbgStmtForceCurrentIndex	other	no	no
std.zig.AstGen.errNoteNode	other	no	yes
std.zig.AstGen.errNoteTok	other	no	yes
std.zig.AstGen.errNoteTokOff	other	no	yes
std.zig.AstGen.errorSetDecl	other	no	no
std.zig.AstGen.expr	other	no	no
std.zig.AstGen.failNode	other	no	yes
std.zig.AstGen.failNodeNotes	other	no	yes
std.zig.AstGen.failOff	other	no	yes
std.zig.AstGen.failTok	other	no	yes
std.zig.AstGen.failTokNotes	other	no	yes
std.zig.AstGen.failWithNumberError	other	no	no
std.zig.AstGen.failWithStrLitError	other	no	no
std.zig.AstGen.fetchRemoveRefEntries	other	no	no
std.zig.AstGen.fieldAccess	other	no	no
std.zig.AstGen.floatRoundOp	other	no	no
std.zig.AstGen.floatUnOp	other	no	no
std.zig.AstGen.fnDecl	other	no	no
std.zig.AstGen.fnDeclInner	other	no	no
std.zig.AstGen.fnProtoExpr	other	no	no
std.zig.AstGen.fnProtoExprInner	other	no	no
std.zig.AstGen.forExpr	other	no	no
std.zig.AstGen.fullBodyExpr	other	no	no
std.zig.AstGen.genDefers	other	no	no
std.zig.AstGen.generate	allocator	no	no
std.zig.AstGen.globalVarDecl	other	no	no
std.zig.AstGen.hasDeclOrField	other	no	no
std.zig.AstGen.identAsString	other	no	no
std.zig.AstGen.identifier	other	no	no
std.zig.AstGen.identifierTokenString	other	no	no
std.zig.AstGen.ifExpr	other	no	no
std.zig.AstGen.labeledBlockExpr	other	no	no
std.zig.AstGen.localVarRef	other	no	no
std.zig.AstGen.lowerAstErrors	other	no	no
std.zig.AstGen.lvalExpr	other	no	no
std.zig.AstGen.maybeAdvanceSourceCursorToMainToken	other	no	no
std.zig.AstGen.minMax	other	no	yes
std.zig.AstGen.multilineStringLiteral	other	no	no
std.zig.AstGen.nameStratExpr	other	no	no
std.zig.AstGen.negation	other	no	no
std.zig.AstGen.nodeIsTriviallyZero	other	no	no
std.zig.AstGen.nodeMayAppendToErrorTrace	other	no	no
std.zig.AstGen.nodeMayEvalToError	other	no	no
std.zig.AstGen.nosuspendExpr	other	no	no
std.zig.AstGen.nullTerminatedString	other	no	no
std.zig.AstGen.numberLiteral	other	no	no
std.zig.AstGen.offsetOf	other	no	no
std.zig.AstGen.orelseCatchExpr	other	no	no
std.zig.AstGen.overflowArithmetic	other	no	no
std.zig.AstGen.parseBitCount	other	no	no
std.zig.AstGen.parseStrLit	other	no	no
std.zig.AstGen.ptrCast	other	no	no
std.zig.AstGen.ptrType	other	no	no
std.zig.AstGen.reachableExpr	other	no	no
std.zig.AstGen.reachableExprComptime	other	no	yes
std.zig.AstGen.reachableTypeExpr	other	no	no
std.zig.AstGen.reserveExtra	other	no	no
std.zig.AstGen.restoreErrRetIndex	other	no	no
std.zig.AstGen.restoreSourceCursor	other	no	no
std.zig.AstGen.resumeExpr	other	no	no
std.zig.AstGen.ret	other	no	no
std.zig.AstGen.rvalue	other	no	no
std.zig.AstGen.rvalueInner	other	no	no
std.zig.AstGen.rvalueNoCoercePreRef	other	no	no
std.zig.AstGen.saveSourceCursor	other	no	no
std.zig.AstGen.scanContainer	other	no	no
std.zig.AstGen.setCondBrPayload	other	no	no
std.zig.AstGen.setDeclaration	other	no	no
std.zig.AstGen.setExtra	other	no	yes
std.zig.AstGen.shiftOp	other	no	no
std.zig.AstGen.simpleBinOp	other	no	no
std.zig.AstGen.simpleCBuiltin	other	no	no
std.zig.AstGen.simpleStrTok	other	no	no
std.zig.AstGen.simpleUnOp	other	no	no
std.zig.AstGen.simpleUnOpType	other	no	no
std.zig.AstGen.strLitAsString	other	no	no
std.zig.AstGen.strLitNodeAsString	other	no	no
std.zig.AstGen.stringLiteral	other	no	no
std.zig.AstGen.structDeclInner	other	no	no
std.zig.AstGen.structInitExpr	other	no	no
std.zig.AstGen.structInitExprAnon	other	no	no
std.zig.AstGen.structInitExprPtr	other	no	no
std.zig.AstGen.structInitExprTyped	other	no	no
std.zig.AstGen.suspendExpr	other	no	no
std.zig.AstGen.switchExpr	other	no	no
std.zig.AstGen.testDecl	other	no	no
std.zig.AstGen.tokenIdentEql	other	no	no
std.zig.AstGen.tryExpr	other	no	no
std.zig.AstGen.tunnelThroughClosure	other	no	no
std.zig.AstGen.tupleDecl	other	no	no
std.zig.AstGen.typeCast	other	no	no
std.zig.AstGen.typeExpr	other	no	no
std.zig.AstGen.typeOf	other	no	no
std.zig.AstGen.unionDeclInner	other	no	no
std.zig.AstGen.unionInit	other	no	no
std.zig.AstGen.unusedResultExpr	other	no	no
std.zig.AstGen.varDecl	other	no	no
std.zig.AstGen.whileExpr	other	no	no
std.zig.AstRlAnnotate.annotate	allocator	no	no
std.zig.AstRlAnnotate.blockExpr	other	no	no
std.zig.AstRlAnnotate.builtinCall	other	no	no
std.zig.AstRlAnnotate.containerDecl	other	no	no
std.zig.AstRlAnnotate.deinit	other	no	no
std.zig.AstRlAnnotate.expr	other	no	no
std.zig.AstRlAnnotate.identString	other	no	no
std.zig.AstSmith.addSource	other	no	no
std.zig.AstSmith.addSourceAsSlice	other	no	no
std.zig.AstSmith.addSourceAsSliceAssumeCapacity	other	no	no
std.zig.AstSmith.addSourceAssumeCapacity	other	no	no
std.zig.AstSmith.addSourceByte	other	no	no
std.zig.AstSmith.addSourceByteAssumeCapacity	other	no	no
std.zig.AstSmith.addTokenTag	other	no	no
std.zig.AstSmith.checkGenerated	other	no	no
std.zig.AstSmith.ensureSourceCapacity	other	no	no
std.zig.AstSmith.ensureTokenCapacity	other	no	no
std.zig.AstSmith.generate	other	no	no
std.zig.AstSmith.generateSource	other	no	no
std.zig.AstSmith.init	other	no	no
std.zig.AstSmith.isAlphanumeric	other	no	no
std.zig.AstSmith.logBadSource	other	no	no
std.zig.AstSmith.logBadSourceInner	other	yes	no
std.zig.AstSmith.logSource	other	no	no
std.zig.AstSmith.logSourceInner	other	yes	no
std.zig.AstSmith.pegAdditionExpr	other	no	no
std.zig.AstSmith.pegAdditionOp	other	no	no
std.zig.AstSmith.pegAddrSpace	other	no	no
std.zig.AstSmith.pegArrayTypeStart	other	no	no
std.zig.AstSmith.pegAsmClobbers	other	no	no
std.zig.AstSmith.pegAsmExpr	other	no	no
std.zig.AstSmith.pegAsmInput	other	no	no
std.zig.AstSmith.pegAsmInputItem	other	no	no
std.zig.AstSmith.pegAsmInputList	other	no	no
std.zig.AstSmith.pegAsmOutput	other	no	no
std.zig.AstSmith.pegAsmOutputItem	other	no	no
std.zig.AstSmith.pegAsmOutputList	other	no	no
std.zig.AstSmith.pegAssignExpr	other	no	no
std.zig.AstSmith.pegAssignOp	other	no	no
std.zig.AstSmith.pegBitAlign	other	no	no
std.zig.AstSmith.pegBitShiftExpr	other	no	no
std.zig.AstSmith.pegBitShiftOp	other	no	no
std.zig.AstSmith.pegBitwiseExpr	other	no	no
std.zig.AstSmith.pegBitwiseOp	other	no	no
std.zig.AstSmith.pegBlock	other	no	no
std.zig.AstSmith.pegBlockExpr	other	no	no
std.zig.AstSmith.pegBlockExprStatement	other	no	no
std.zig.AstSmith.pegBlockLabel	other	no	no
std.zig.AstSmith.pegBlockStatement	other	no	no
std.zig.AstSmith.pegBoolAndExpr	other	no	no
std.zig.AstSmith.pegBoolOrExpr	other	no	no
std.zig.AstSmith.pegBreakLabel	other	no	no
std.zig.AstSmith.pegBuiltinIdentifier	other	no	no
std.zig.AstSmith.pegByteAlign	other	no	no
std.zig.AstSmith.pegCallConv	other	no	no
std.zig.AstSmith.pegChar	other	no	no
std.zig.AstSmith.pegCharLiteral	other	no	no
std.zig.AstSmith.pegCompareExpr	other	no	no
std.zig.AstSmith.pegCompareOp	other	no	no
std.zig.AstSmith.pegComptimeDecl	other	no	no
std.zig.AstSmith.pegContainerDecl	other	no	no
std.zig.AstSmith.pegContainerDeclAuto	other	no	no
std.zig.AstSmith.pegContainerDeclType	other	no	no
std.zig.AstSmith.pegContainerDeclaration	other	no	no
std.zig.AstSmith.pegContainerDocComment	other	no	no
std.zig.AstSmith.pegContainerField	other	no	no
std.zig.AstSmith.pegContainerMembers	other	no	no
std.zig.AstSmith.pegCurlySuffixExpr	other	no	no
std.zig.AstSmith.pegDecl	other	no	no
std.zig.AstSmith.pegDocComment	other	no	no
std.zig.AstSmith.pegErrorSetDecl	other	no	no
std.zig.AstSmith.pegErrorUnionExpr	other	no	no
std.zig.AstSmith.pegExprList	other	no	no
std.zig.AstSmith.pegFieldInit	other	no	no
std.zig.AstSmith.pegFloat	other	no	no
std.zig.AstSmith.pegFnCallArguments	other	no	no
std.zig.AstSmith.pegFnProto	other	no	no
std.zig.AstSmith.pegForArgumentsList	other	no	no
std.zig.AstSmith.pegForExpr	other	no	no
std.zig.AstSmith.pegForItem	other	no	no
std.zig.AstSmith.pegForPrefix	other	no	no
std.zig.AstSmith.pegForStatement	other	no	no
std.zig.AstSmith.pegForTypeExpr	other	no	no
std.zig.AstSmith.pegGenericLine	other	no	no
std.zig.AstSmith.pegGlobalVarDecl	other	no	no
std.zig.AstSmith.pegGroupedExpr	other	no	no
std.zig.AstSmith.pegIdentifier	other	no	no
std.zig.AstSmith.pegIdentifierList	other	no	no
std.zig.AstSmith.pegIfExpr	other	no	no
std.zig.AstSmith.pegIfPrefix	other	no	no
std.zig.AstSmith.pegIfStatement	other	no	no
std.zig.AstSmith.pegIfTypeExpr	other	no	no
std.zig.AstSmith.pegInitList	other	no	no
std.zig.AstSmith.pegInteger	other	no	no
std.zig.AstSmith.pegLabeledStatement	other	no	no
std.zig.AstSmith.pegLabeledTypeExpr	other	no	no
std.zig.AstSmith.pegLineComment	other	no	no
std.zig.AstSmith.pegLineString	other	no	no
std.zig.AstSmith.pegLinkSection	other	no	no
std.zig.AstSmith.pegLoopExpr	other	no	no
std.zig.AstSmith.pegLoopStatement	other	no	no
std.zig.AstSmith.pegLoopTypeExpr	other	no	no
std.zig.AstSmith.pegManyPtrTypeStart	other	no	no
std.zig.AstSmith.pegMaybeDocComment	other	no	no
std.zig.AstSmith.pegMultiplyExpr	other	no	no
std.zig.AstSmith.pegMultiplyOp	other	no	no
std.zig.AstSmith.pegParamDecl	other	no	no
std.zig.AstSmith.pegParamDeclList	other	no	no
std.zig.AstSmith.pegParamType	other	no	no
std.zig.AstSmith.pegPayload	other	no	no
std.zig.AstSmith.pegPrefixExpr	other	no	no
std.zig.AstSmith.pegPrefixOp	other	no	no
std.zig.AstSmith.pegPrefixTypeOp	other	no	no
std.zig.AstSmith.pegPrimaryExpr	other	no	no
std.zig.AstSmith.pegPrimaryTypeExpr	other	no	no
std.zig.AstSmith.pegPtrIndexPayload	other	no	no
std.zig.AstSmith.pegPtrListPayload	other	no	no
std.zig.AstSmith.pegPtrPayload	other	no	no
std.zig.AstSmith.pegRoot	other	no	no
std.zig.AstSmith.pegSingleAssignExpr	other	no	no
std.zig.AstSmith.pegSinglePtrTypeStart	other	no	no
std.zig.AstSmith.pegSkip	other	no	no
std.zig.AstSmith.pegSliceTypeStart	other	no	no
std.zig.AstSmith.pegStatement	other	no	no
std.zig.AstSmith.pegStringLiteral	other	no	no
std.zig.AstSmith.pegStringLiteralSingle	other	no	no
std.zig.AstSmith.pegSuffixExpr	other	no	no
std.zig.AstSmith.pegSuffixOp	other	no	no
std.zig.AstSmith.pegSwitchCase	other	no	no
std.zig.AstSmith.pegSwitchExpr	other	no	no
std.zig.AstSmith.pegSwitchItem	other	no	no
std.zig.AstSmith.pegSwitchProng	other	no	no
std.zig.AstSmith.pegSwitchProngList	other	no	no
std.zig.AstSmith.pegTestDecl	other	no	no
std.zig.AstSmith.pegToken	other	no	no
std.zig.AstSmith.pegTokenWhitespaceAround	other	no	no
std.zig.AstSmith.pegTypeExpr	other	no	no
std.zig.AstSmith.pegVarAssignStatement	other	no	no
std.zig.AstSmith.pegVarDeclProto	other	no	no
std.zig.AstSmith.pegWhileContinueExpr	other	no	no
std.zig.AstSmith.pegWhileExpr	other	no	no
std.zig.AstSmith.pegWhilePrefix	other	no	no
std.zig.AstSmith.pegWhileStatement	other	no	no
std.zig.AstSmith.pegWhileTypeExpr	other	no	no
std.zig.AstSmith.preservePegEndOfWord	other	no	no
std.zig.AstSmith.smithListItemBool	other	no	no
std.zig.AstSmith.smithListItemEos	other	no	no
std.zig.AstSmith.source	other	no	no
std.zig.AstSmith.sourceCapacity	other	no	no
std.zig.AstSmith.sourceCapacityLen	other	no	no
std.zig.AstSmith.stringLiteralSingleInner	other	no	no
std.zig.AstSmith.tokenCapacityLen	other	no	no
std.zig.AstSmith.tokens	other	no	no
std.zig.AstSmith.variableChar	other	no	no
std.zig.BuildId.HexString.toSlice	other	no	no
std.zig.BuildId.eql	other	no	no
std.zig.BuildId.format	other	no	no
std.zig.BuildId.initHexString	other	no	no
std.zig.BuildId.parse	other	no	no
std.zig.ClangCliParam.matchEql	self	no	no
std.zig.ClangCliParam.matchStartsWith	self	no	no
std.zig.Color.terminalMode	other	yes	no
std.zig.EmitArtifact.cacheName	other	no	no
std.zig.EnvVar.get	other	no	no
std.zig.EnvVar.isSet	other	no	no
std.zig.ErrorBundle.Wip.addBundleAsNotes	other	no	no
std.zig.ErrorBundle.Wip.addBundleAsRoots	other	no	no
std.zig.ErrorBundle.Wip.addErrorMessage	other	no	no
std.zig.ErrorBundle.Wip.addErrorMessageAssumeCapacity	other	no	no
std.zig.ErrorBundle.Wip.addExtra	other	no	yes
std.zig.ErrorBundle.Wip.addExtraAssumeCapacity	other	no	yes
std.zig.ErrorBundle.Wip.addOtherMessage	other	no	no
std.zig.ErrorBundle.Wip.addOtherSourceLocation	other	no	no
std.zig.ErrorBundle.Wip.addReferenceTrace	other	no	no
std.zig.ErrorBundle.Wip.addRootErrorMessage	other	no	no
std.zig.ErrorBundle.Wip.addRootErrorMessageWithNotes	other	no	no
std.zig.ErrorBundle.Wip.addSourceLocation	other	no	no
std.zig.ErrorBundle.Wip.addString	other	no	no
std.zig.ErrorBundle.Wip.addZirErrorMessages	other	no	no
std.zig.ErrorBundle.Wip.addZoirErrorMessages	other	no	no
std.zig.ErrorBundle.Wip.deinit	other	no	no
std.zig.ErrorBundle.Wip.init	other	no	no
std.zig.ErrorBundle.Wip.printString	other	no	yes
std.zig.ErrorBundle.Wip.reserveNotes	other	no	no
std.zig.ErrorBundle.Wip.setExtra	other	no	yes
std.zig.ErrorBundle.Wip.tmpBundle	other	no	no
std.zig.ErrorBundle.Wip.toOwnedBundle	other	no	no
std.zig.ErrorBundle.deinit	other	no	no
std.zig.ErrorBundle.errorMessageCount	other	no	no
std.zig.ErrorBundle.extraData	other	no	yes
std.zig.ErrorBundle.getCompileLogOutput	other	no	no
std.zig.ErrorBundle.getErrorMessage	other	no	no
std.zig.ErrorBundle.getErrorMessageList	other	no	no
std.zig.ErrorBundle.getMessages	other	no	no
std.zig.ErrorBundle.getNotes	other	no	no
std.zig.ErrorBundle.getSourceLocation	other	no	no
std.zig.ErrorBundle.nullTerminatedString	other	no	no
std.zig.ErrorBundle.renderErrorMessage	other	yes	no
std.zig.ErrorBundle.renderToStderr	other	yes	no
std.zig.ErrorBundle.renderToTerminal	other	yes	no
std.zig.ErrorBundle.renderToWriter	other	no	no
std.zig.ErrorBundle.writeMsg	other	no	no
std.zig.FormatId.format	other	no	no
std.zig.LibCDirs.detect	allocator	yes	no
std.zig.LibCDirs.detectFromBuilding	allocator	no	no
std.zig.LibCDirs.detectFromInstallation	allocator	no	no
std.zig.LibCDirs.libCGenericName	other	no	no
std.zig.LibCInstallation.CrtBasenames.get	other	no	no
std.zig.LibCInstallation.appendCcExe	other	no	no
std.zig.LibCInstallation.ccPrintFileName	allocator	yes	no
std.zig.LibCInstallation.deinit	self	no	no
std.zig.LibCInstallation.fillInstallations	other	no	no
std.zig.LibCInstallation.findNative	allocator	yes	no
std.zig.LibCInstallation.findNativeCrtDirPosix	self	yes	no
std.zig.LibCInstallation.findNativeCrtDirWindows	self	yes	no
std.zig.LibCInstallation.findNativeGccDirHaiku	self	yes	no
std.zig.LibCInstallation.findNativeIncludeDirPosix	self	yes	no
std.zig.LibCInstallation.findNativeIncludeDirWindows	self	yes	no
std.zig.LibCInstallation.findNativeKernel32LibDir	self	yes	no
std.zig.LibCInstallation.findNativeMsvcIncludeDir	self	yes	no
std.zig.LibCInstallation.findNativeMsvcLibDir	self	no	no
std.zig.LibCInstallation.parse	allocator	yes	no
std.zig.LibCInstallation.printVerboseInvocation	other	no	no
std.zig.LibCInstallation.render	self	yes	no
std.zig.LibCInstallation.resolveCrtPaths	other	no	no
std.zig.Loc.eql	other	no	no
std.zig.Server.allocErrorBundle	allocator	no	no
std.zig.Server.init	other	no	no
std.zig.Server.receiveBody_u32	other	no	no
std.zig.Server.receiveBody_u64	other	no	no
std.zig.Server.receiveBody_u8	other	no	no
std.zig.Server.receiveMessage	other	no	no
std.zig.Server.serveBroadcastFuzzInputMessage	other	no	no
std.zig.Server.serveCoverageIdMessage	other	no	no
std.zig.Server.serveEmitDigest	other	no	no
std.zig.Server.serveErrorBundle	other	no	no
std.zig.Server.serveMessageHeader	other	no	no
std.zig.Server.serveStringMessage	other	no	no
std.zig.Server.serveTestMetadata	other	no	no
std.zig.Server.serveTestResults	other	no	no
std.zig.Server.serveU32Message	other	no	no
std.zig.Server.serveU64Message	other	no	no
std.zig.SimpleComptimeReason.message	other	no	no
std.zig.TokenSmith.checkSource	other	no	no
std.zig.TokenSmith.gen	other	no	no
std.zig.TokenSmith.list	other	no	no
std.zig.TokenSmith.source	other	no	no
std.zig.TokenSmith.symbolLenWeights	other	no	no
std.zig.WindowsSdk.Installation.find	allocator	yes	no
std.zig.WindowsSdk.Installation.findFromInstallationFolder	allocator	no	no
std.zig.WindowsSdk.Installation.findFromRoot	allocator	yes	no
std.zig.WindowsSdk.Installation.free	other	no	no
std.zig.WindowsSdk.Installation.isValidVersion	other	no	no
std.zig.WindowsSdk.MsvcLibDir.find	allocator	yes	no
std.zig.WindowsSdk.MsvcLibDir.findInstancesDir	allocator	yes	no
std.zig.WindowsSdk.MsvcLibDir.findInstancesDirViaCLSID	allocator	yes	no
std.zig.WindowsSdk.MsvcLibDir.findInstancesDirViaSetup	allocator	yes	no
std.zig.WindowsSdk.MsvcLibDir.findViaCOM	allocator	yes	no
std.zig.WindowsSdk.MsvcLibDir.findViaRegistry	allocator	yes	no
std.zig.WindowsSdk.MsvcLibDir.findViaVs7Key	allocator	yes	no
std.zig.WindowsSdk.MsvcLibDir.libDirFromInstallationPath	allocator	yes	no
std.zig.WindowsSdk.MsvcLibDir.parseVersionQuad	other	no	no
std.zig.WindowsSdk.MsvcLibDir.verifyLibDir	other	yes	no
std.zig.WindowsSdk.Registry.Cache.getSoftware	other	no	no
std.zig.WindowsSdk.Registry.Key.close	self	no	no
std.zig.WindowsSdk.Registry.Key.getDword	other	no	no
std.zig.WindowsSdk.Registry.Key.getString	other	no	yes
std.zig.WindowsSdk.Registry.Key.open	self	no	no
std.zig.WindowsSdk.Registry.Software.getOrOpenKey	self	no	no
std.zig.WindowsSdk.Registry.deinit	self	no	no
std.zig.WindowsSdk.Registry.openSoftwareKey	other	no	no
std.zig.WindowsSdk.Registry.tryOpenSoftwareKeyWithPrecedence	other	no	no
std.zig.WindowsSdk.find	allocator	yes	no
std.zig.WindowsSdk.free	other	no	no
std.zig.WindowsSdk.iterateAndFilterByVersion	other	yes	no
std.zig.Zir.DeclContents.clear	other	no	no
std.zig.Zir.DeclContents.deinit	other	no	no
std.zig.Zir.ExtraData	other	no	yes
std.zig.Zir.Inst.Capture.unwrap	other	no	no
std.zig.Zir.Inst.Capture.wrap	other	no	no
std.zig.Zir.Inst.CompileErrors.Item.notesLen	other	no	no
std.zig.Zir.Inst.Declaration.Flags.Id.hasLibName	other	no	no
std.zig.Zir.Inst.Declaration.Flags.Id.hasName	other	no	no
std.zig.Zir.Inst.Declaration.Flags.Id.hasSpecialBodies	other	no	no
std.zig.Zir.Inst.Declaration.Flags.Id.hasTypeBody	other	no	no
std.zig.Zir.Inst.Declaration.Flags.Id.hasValueBody	other	no	no
std.zig.Zir.Inst.Declaration.Flags.Id.isPub	other	no	no
std.zig.Zir.Inst.Declaration.Flags.Id.isThreadlocal	other	no	no
std.zig.Zir.Inst.Declaration.Flags.Id.kind	other	no	no
std.zig.Zir.Inst.Declaration.Flags.Id.linkage	other	no	no
std.zig.Zir.Inst.Declaration.Name.isNamedTest	other	no	no
std.zig.Zir.Inst.Declaration.Name.toString	other	no	no
std.zig.Zir.Inst.Declaration.getBodies	other	no	no
std.zig.Zir.Inst.Float128.get	self	no	no
std.zig.Zir.Inst.FullPtrCastFlags.needResultTypeBuiltinName	other	no	no
std.zig.Zir.Inst.Index.toOptional	other	no	no
std.zig.Zir.Inst.Index.toRef	other	no	no
std.zig.Zir.Inst.OptionalIndex.unwrap	other	no	no
std.zig.Zir.Inst.Ref.toIndex	other	no	no
std.zig.Zir.Inst.Ref.toIndexAllowNone	other	no	no
std.zig.Zir.Inst.SwitchBlock.ItemInfo.bodyLen	other	no	no
std.zig.Zir.Inst.SwitchBlock.ItemInfo.unwrap	other	no	no
std.zig.Zir.Inst.SwitchBlock.ItemInfo.wrap	other	no	no
std.zig.Zir.Inst.Tag.isAlwaysVoid	other	no	no
std.zig.Zir.Inst.Tag.isNoReturn	other	no	no
std.zig.Zir.Inst.UnionDecl.Kind.hasArgType	other	no	no
std.zig.Zir.Inst.UnionDecl.Kind.layout	other	no	no
std.zig.Zir.UnwrappedEnumDecl.FieldIterator.body	other	no	no
std.zig.Zir.UnwrappedEnumDecl.FieldIterator.next	other	no	no
std.zig.Zir.UnwrappedEnumDecl.iterateFields	other	no	no
std.zig.Zir.UnwrappedStructDecl.FieldIterator.body	other	no	no
std.zig.Zir.UnwrappedStructDecl.FieldIterator.next	other	no	no
std.zig.Zir.UnwrappedStructDecl.iterateFields	other	no	no
std.zig.Zir.UnwrappedSwitchBlock.Case.Iterator.itemInfos	other	no	no
std.zig.Zir.UnwrappedSwitchBlock.Case.Iterator.next	other	no	no
std.zig.Zir.UnwrappedSwitchBlock.anyRanges	other	no	no
std.zig.Zir.UnwrappedSwitchBlock.iterateCases	other	no	no
std.zig.Zir.UnwrappedSwitchBlock.multiCasesLen	other	no	no
std.zig.Zir.UnwrappedSwitchBlock.scalarCasesLen	other	no	no
std.zig.Zir.UnwrappedSwitchBlock.totalItemsLen	other	no	no
std.zig.Zir.UnwrappedUnionDecl.FieldIterator.body	other	no	no
std.zig.Zir.UnwrappedUnionDecl.FieldIterator.next	other	no	no
std.zig.Zir.UnwrappedUnionDecl.iterateFields	other	no	no
std.zig.Zir.assertTrackable	other	no	no
std.zig.Zir.bodySlice	other	no	no
std.zig.Zir.deinit	other	no	no
std.zig.Zir.extraData	other	no	yes
std.zig.Zir.findTrackable	other	no	no
std.zig.Zir.findTrackableBody	other	no	no
std.zig.Zir.findTrackableInner	other	no	no
std.zig.Zir.findTrackableRoot	other	no	no
std.zig.Zir.getAssociatedSrcHash	other	no	no
std.zig.Zir.getDeclaration	other	no	no
std.zig.Zir.getEnumDecl	other	no	no
std.zig.Zir.getFnInfo	other	no	no
std.zig.Zir.getOpaqueDecl	other	no	no
std.zig.Zir.getParamBody	other	no	no
std.zig.Zir.getParamName	other	no	no
std.zig.Zir.getStructDecl	other	no	no
std.zig.Zir.getSwitchBlock	other	no	no
std.zig.Zir.getUnionDecl	other	no	no
std.zig.Zir.hasCompileErrors	other	no	no
std.zig.Zir.loweringFailed	other	no	no
std.zig.Zir.nullTerminatedString	other	no	no
std.zig.Zir.refSlice	other	no	no
std.zig.Zir.typeDecls	other	no	no
std.zig.Zoir.CompileError.getNotes	other	no	no
std.zig.Zoir.Node.Index.Range.at	other	no	no
std.zig.Zoir.Node.Index.get	other	no	no
std.zig.Zoir.Node.Index.getAstNode	other	no	no
std.zig.Zoir.NullTerminatedString.get	other	no	no
std.zig.Zoir.deinit	other	no	no
std.zig.Zoir.hasCompileErrors	other	no	no
std.zig.ZonGen.addErrorInner	other	no	yes
std.zig.ZonGen.addErrorNode	other	no	yes
std.zig.ZonGen.addErrorNodeNotes	other	no	yes
std.zig.ZonGen.addErrorTok	other	no	yes
std.zig.ZonGen.addErrorTokNotes	other	no	yes
std.zig.ZonGen.addErrorTokNotesOff	other	no	yes
std.zig.ZonGen.addErrorTokOff	other	no	yes
std.zig.ZonGen.appendIdentStr	other	no	no
std.zig.ZonGen.charLiteral	other	no	no
std.zig.ZonGen.errNoteNode	other	no	yes
std.zig.ZonGen.errNoteTok	other	no	yes
std.zig.ZonGen.expr	other	no	no
std.zig.ZonGen.generate	allocator	no	no
std.zig.ZonGen.identAsString	other	no	no
std.zig.ZonGen.identifier	other	no	no
std.zig.ZonGen.lowerAstErrors	other	no	no
std.zig.ZonGen.lowerNumberError	other	no	no
std.zig.ZonGen.lowerStrLitError	other	no	no
std.zig.ZonGen.numberLiteral	other	no	no
std.zig.ZonGen.parseStrLit	other	no	no
std.zig.ZonGen.setBigIntLiteralNode	other	no	no
std.zig.ZonGen.setNode	other	no	no
std.zig.ZonGen.strLitAsString	other	no	no
std.zig.ZonGen.strLitSizeHint	other	no	no
std.zig.binNameAlloc	allocator	no	no
std.zig.c_translation.builtins.@"unreachable"	none	no	no
std.zig.c_translation.builtins.abs	other	no	no
std.zig.c_translation.builtins.assume	other	no	no
std.zig.c_translation.builtins.bswap16	other	no	no
std.zig.c_translation.builtins.bswap32	other	no	no
std.zig.c_translation.builtins.bswap64	other	no	no
std.zig.c_translation.builtins.ceil	other	no	no
std.zig.c_translation.builtins.ceilf	other	no	no
std.zig.c_translation.builtins.clz	other	no	no
std.zig.c_translation.builtins.constant_p	other	no	yes
std.zig.c_translation.builtins.cos	other	no	no
std.zig.c_translation.builtins.cosf	other	no	no
std.zig.c_translation.builtins.ctz	other	no	no
std.zig.c_translation.builtins.exp	other	no	no
std.zig.c_translation.builtins.exp2	other	no	no
std.zig.c_translation.builtins.exp2f	other	no	no
std.zig.c_translation.builtins.expect	other	no	no
std.zig.c_translation.builtins.expf	other	no	no
std.zig.c_translation.builtins.fabs	other	no	no
std.zig.c_translation.builtins.fabsf	other	no	no
std.zig.c_translation.builtins.floor	other	no	no
std.zig.c_translation.builtins.floorf	other	no	no
std.zig.c_translation.builtins.has_builtin	other	no	yes
std.zig.c_translation.builtins.huge_valf	none	no	no
std.zig.c_translation.builtins.inff	none	no	no
std.zig.c_translation.builtins.isinf	other	no	yes
std.zig.c_translation.builtins.isinf_sign	other	no	yes
std.zig.c_translation.builtins.isnan	other	no	yes
std.zig.c_translation.builtins.labs	other	no	no
std.zig.c_translation.builtins.llabs	other	no	no
std.zig.c_translation.builtins.log	other	no	no
std.zig.c_translation.builtins.log10	other	no	no
std.zig.c_translation.builtins.log10f	other	no	no
std.zig.c_translation.builtins.log2	other	no	no
std.zig.c_translation.builtins.log2f	other	no	no
std.zig.c_translation.builtins.logf	other	no	no
std.zig.c_translation.builtins.memcpy	other	no	no
std.zig.c_translation.builtins.memcpy_chk	other	no	no
std.zig.c_translation.builtins.memset	other	no	no
std.zig.c_translation.builtins.memset_chk	other	no	no
std.zig.c_translation.builtins.mul_overflow	other	no	yes
std.zig.c_translation.builtins.nanf	other	no	no
std.zig.c_translation.builtins.object_size	other	no	no
std.zig.c_translation.builtins.popcount	other	no	no
std.zig.c_translation.builtins.round	other	no	no
std.zig.c_translation.builtins.roundf	other	no	no
std.zig.c_translation.builtins.signbit	other	no	no
std.zig.c_translation.builtins.signbitf	other	no	no
std.zig.c_translation.builtins.sin	other	no	no
std.zig.c_translation.builtins.sinf	other	no	no
std.zig.c_translation.builtins.sqrt	other	no	no
std.zig.c_translation.builtins.sqrtf	other	no	no
std.zig.c_translation.builtins.strcmp	other	no	no
std.zig.c_translation.builtins.strlen	other	no	no
std.zig.c_translation.builtins.trunc	other	no	no
std.zig.c_translation.builtins.truncf	other	no	no
std.zig.c_translation.helpers.ArithmeticConversion	other	no	yes
std.zig.c_translation.helpers.CAST_OR_CALL	other	no	yes
std.zig.c_translation.helpers.DISCARD	other	no	yes
std.zig.c_translation.helpers.F_SUFFIX	other	no	yes
std.zig.c_translation.helpers.FlexibleArrayType	other	no	yes
std.zig.c_translation.helpers.LL_SUFFIX	other	no	yes
std.zig.c_translation.helpers.L_SUFFIX	other	no	yes
std.zig.c_translation.helpers.L_SUFFIX_ReturnType	other	no	yes
std.zig.c_translation.helpers.PromoteIntLiteralReturnType	other	no	yes
std.zig.c_translation.helpers.PromotedIntType	other	no	yes
std.zig.c_translation.helpers.ToUnsigned	other	no	yes
std.zig.c_translation.helpers.ULL_SUFFIX	other	no	yes
std.zig.c_translation.helpers.UL_SUFFIX	other	no	yes
std.zig.c_translation.helpers.U_SUFFIX	other	no	yes
std.zig.c_translation.helpers.WL_CONTAINER_OF	other	no	yes
std.zig.c_translation.helpers.cast	other	no	yes
std.zig.c_translation.helpers.castInt	other	no	yes
std.zig.c_translation.helpers.castPtr	other	no	yes
std.zig.c_translation.helpers.castToPtr	other	no	yes
std.zig.c_translation.helpers.div	other	no	yes
std.zig.c_translation.helpers.integerRank	other	no	yes
std.zig.c_translation.helpers.promoteIntLiteral	other	no	yes
std.zig.c_translation.helpers.rem	other	no	yes
std.zig.c_translation.helpers.shuffleVectorIndex	other	no	yes
std.zig.c_translation.helpers.signedRemainder	other	no	yes
std.zig.c_translation.helpers.sizeof	other	no	yes
std.zig.charEscape	other	no	no
std.zig.findLineColumn	other	no	no
std.zig.fmtChar	other	no	no
std.zig.fmtId	other	no	no
std.zig.fmtIdFlags	other	no	no
std.zig.fmtIdP	other	no	no
std.zig.fmtIdPU	other	no	no
std.zig.fmtString	other	no	no
std.zig.hashName	other	no	no
std.zig.hashSrc	other	no	no
std.zig.isUnderscore	other	no	no
std.zig.isValidId	other	no	no
std.zig.lineDelta	other	no	no
std.zig.llvm.BitcodeReader.Abbrev.Builtin.toRecordId	other	no	no
std.zig.llvm.BitcodeReader.Abbrev.Store.addAbbrev	other	no	no
std.zig.llvm.BitcodeReader.Abbrev.Store.addAbbrevAssumeCapacity	other	no	no
std.zig.llvm.BitcodeReader.Abbrev.Store.addOwnedAbbrev	other	no	no
std.zig.llvm.BitcodeReader.Abbrev.Store.addOwnedAbbrevAssumeCapacity	other	no	no
std.zig.llvm.BitcodeReader.Abbrev.Store.deinit	other	no	no
std.zig.llvm.BitcodeReader.Block.Info.deinit	other	no	no
std.zig.llvm.BitcodeReader.Record.toOwnedAbbrev	other	no	no
std.zig.llvm.BitcodeReader.State.deinit	other	no	no
std.zig.llvm.BitcodeReader.align32Bits	other	no	no
std.zig.llvm.BitcodeReader.checkMagic	other	no	no
std.zig.llvm.BitcodeReader.deinit	other	no	no
std.zig.llvm.BitcodeReader.endBlock	other	no	no
std.zig.llvm.BitcodeReader.init	allocator	no	no
std.zig.llvm.BitcodeReader.next	other	no	no
std.zig.llvm.BitcodeReader.nextRecord	other	no	no
std.zig.llvm.BitcodeReader.parseBlockInfoBlock	other	no	no
std.zig.llvm.BitcodeReader.read32Bits	other	no	no
std.zig.llvm.BitcodeReader.readBytes	other	no	no
std.zig.llvm.BitcodeReader.readChar6	other	no	no
std.zig.llvm.BitcodeReader.readFixed	other	no	yes
std.zig.llvm.BitcodeReader.readVbr	other	no	yes
std.zig.llvm.BitcodeReader.skipBlock	other	no	no
std.zig.llvm.BitcodeReader.startBlock	other	no	no
std.zig.llvm.Builder.AddrSpace.Prefixed.format	other	no	no
std.zig.llvm.Builder.AddrSpace.fmt	other	no	no
std.zig.llvm.Builder.AddrSpace.format	other	no	no
std.zig.llvm.Builder.Alias.Index.getAliasee	self	no	no
std.zig.llvm.Builder.Alias.Index.name	self	no	no
std.zig.llvm.Builder.Alias.Index.ptr	self	no	no
std.zig.llvm.Builder.Alias.Index.ptrConst	self	no	no
std.zig.llvm.Builder.Alias.Index.rename	self	no	no
std.zig.llvm.Builder.Alias.Index.setAliasee	self	no	no
std.zig.llvm.Builder.Alias.Index.toConst	self	no	no
std.zig.llvm.Builder.Alias.Index.toValue	self	no	no
std.zig.llvm.Builder.Alias.Index.typeOf	self	no	no
std.zig.llvm.Builder.Alignment.Lazy.fromFwdRefIndex	other	no	no
std.zig.llvm.Builder.Alignment.Lazy.resolve	other	no	no
std.zig.llvm.Builder.Alignment.Lazy.toFwdRefIndex	other	no	no
std.zig.llvm.Builder.Alignment.Lazy.wrap	other	no	no
std.zig.llvm.Builder.Alignment.Prefixed.format	other	no	no
std.zig.llvm.Builder.Alignment.fmt	other	no	no
std.zig.llvm.Builder.Alignment.fromByteUnits	other	no	no
std.zig.llvm.Builder.Alignment.toByteUnits	self	no	no
std.zig.llvm.Builder.Alignment.toLlvm	self	no	no
std.zig.llvm.Builder.AtomicOrdering.Prefixed.format	other	no	no
std.zig.llvm.Builder.AtomicOrdering.fmt	other	no	no
std.zig.llvm.Builder.AtomicOrdering.format	other	no	no
std.zig.llvm.Builder.Attribute.AllocSize.toLlvm	self	no	no
std.zig.llvm.Builder.Attribute.Index.fmt	self	no	no
std.zig.llvm.Builder.Attribute.Index.format	other	no	no
std.zig.llvm.Builder.Attribute.Index.getKind	self	no	no
std.zig.llvm.Builder.Attribute.Index.toAttribute	self	no	no
std.zig.llvm.Builder.Attribute.Index.toStorage	self	no	no
std.zig.llvm.Builder.Attribute.Kind.fromString	other	no	no
std.zig.llvm.Builder.Attribute.Kind.toString	self	no	no
std.zig.llvm.Builder.Attribute.Memory.all	other	no	no
std.zig.llvm.Builder.Attribute.VScaleRange.toLlvm	self	no	no
std.zig.llvm.Builder.Attribute.getKind	self	no	no
std.zig.llvm.Builder.Attribute.toStorage	self	no	no
std.zig.llvm.Builder.Attributes.fmt	self	no	no
std.zig.llvm.Builder.Attributes.format	other	no	no
std.zig.llvm.Builder.Attributes.slice	self	no	no
std.zig.llvm.Builder.CallConv.format	self	no	no
std.zig.llvm.Builder.Constant.Tag.toBinaryOpcode	self	no	no
std.zig.llvm.Builder.Constant.Tag.toCastOpcode	self	no	no
std.zig.llvm.Builder.Constant.fmt	self	no	no
std.zig.llvm.Builder.Constant.format	other	no	no
std.zig.llvm.Builder.Constant.getBase	self	no	no
std.zig.llvm.Builder.Constant.isZeroInit	self	no	no
std.zig.llvm.Builder.Constant.toValue	self	no	no
std.zig.llvm.Builder.Constant.typeOf	self	no	no
std.zig.llvm.Builder.Constant.unwrap	self	no	no
std.zig.llvm.Builder.ConstantExtraDataTrail.next	self	no	yes
std.zig.llvm.Builder.ConstantExtraDataTrail.nextMut	self	no	yes
std.zig.llvm.Builder.DebugLocation.toMetadata	self	no	no
std.zig.llvm.Builder.DllStorageClass.format	self	no	no
std.zig.llvm.Builder.ExternallyInitialized.format	self	no	no
std.zig.llvm.Builder.FastMathKind.toCallKind	self	no	no
std.zig.llvm.Builder.FormatFlags.onlyPercent	other	no	no
std.zig.llvm.Builder.Function.ExtraDataTrail.next	self	no	yes
std.zig.llvm.Builder.Function.ExtraDataTrail.nextMut	self	no	yes
std.zig.llvm.Builder.Function.Index.getSubprogram	self	no	no
std.zig.llvm.Builder.Function.Index.name	self	no	no
std.zig.llvm.Builder.Function.Index.ptr	self	no	no
std.zig.llvm.Builder.Function.Index.ptrConst	self	no	no
std.zig.llvm.Builder.Function.Index.rename	self	no	no
std.zig.llvm.Builder.Function.Index.setAlignment	self	no	no
std.zig.llvm.Builder.Function.Index.setAttributes	self	no	no
std.zig.llvm.Builder.Function.Index.setCallConv	self	no	no
std.zig.llvm.Builder.Function.Index.setLinkage	self	no	no
std.zig.llvm.Builder.Function.Index.setSection	self	no	no
std.zig.llvm.Builder.Function.Index.setSubprogram	self	no	no
std.zig.llvm.Builder.Function.Index.setUnnamedAddr	self	no	no
std.zig.llvm.Builder.Function.Index.toConst	self	no	no
std.zig.llvm.Builder.Function.Index.toValue	self	no	no
std.zig.llvm.Builder.Function.Index.typeOf	self	no	no
std.zig.llvm.Builder.Function.Instruction.BrCond.Weights.fromMetadata	other	no	no
std.zig.llvm.Builder.Function.Instruction.BrCond.Weights.toMetadata	other	no	no
std.zig.llvm.Builder.Function.Instruction.Index.fmt	self	no	no
std.zig.llvm.Builder.Function.Instruction.Index.format	other	no	no
std.zig.llvm.Builder.Function.Instruction.Index.hasResultWip	self	no	no
std.zig.llvm.Builder.Function.Instruction.Index.isTerminatorWip	self	no	no
std.zig.llvm.Builder.Function.Instruction.Index.name	self	no	no
std.zig.llvm.Builder.Function.Instruction.Index.toValue	self	no	no
std.zig.llvm.Builder.Function.Instruction.Index.typeOf	self	no	no
std.zig.llvm.Builder.Function.Instruction.Index.typeOfWip	self	no	no
std.zig.llvm.Builder.Function.Instruction.Index.valueIndex	self	no	no
std.zig.llvm.Builder.Function.Instruction.Tag.toBinaryOpcode	self	no	no
std.zig.llvm.Builder.Function.Instruction.Tag.toCastOpcode	self	no	no
std.zig.llvm.Builder.Function.Instruction.Tag.toCmpPredicate	self	no	no
std.zig.llvm.Builder.Function.arg	self	no	no
std.zig.llvm.Builder.Function.deinit	self	no	no
std.zig.llvm.Builder.Function.extraData	self	no	yes
std.zig.llvm.Builder.Function.extraDataTrail	self	no	yes
std.zig.llvm.Builder.FunctionAttributes.Wip.addAttr	self	no	no
std.zig.llvm.Builder.FunctionAttributes.Wip.addAttrIndex	self	no	no
std.zig.llvm.Builder.FunctionAttributes.Wip.addFnAttr	self	no	no
std.zig.llvm.Builder.FunctionAttributes.Wip.addFnAttrIndex	self	no	no
std.zig.llvm.Builder.FunctionAttributes.Wip.addParamAttr	self	no	no
std.zig.llvm.Builder.FunctionAttributes.Wip.addParamAttrIndex	self	no	no
std.zig.llvm.Builder.FunctionAttributes.Wip.addRetAttr	self	no	no
std.zig.llvm.Builder.FunctionAttributes.Wip.addRetAttrIndex	self	no	no
std.zig.llvm.Builder.FunctionAttributes.Wip.deinit	self	no	no
std.zig.llvm.Builder.FunctionAttributes.Wip.ensureTotalLength	self	no	no
std.zig.llvm.Builder.FunctionAttributes.Wip.finish	self	no	no
std.zig.llvm.Builder.FunctionAttributes.Wip.getMap	self	no	no
std.zig.llvm.Builder.FunctionAttributes.Wip.getOrPutMap	self	no	no
std.zig.llvm.Builder.FunctionAttributes.Wip.removeAttr	self	no	no
std.zig.llvm.Builder.FunctionAttributes.Wip.removeFnAttr	self	no	no
std.zig.llvm.Builder.FunctionAttributes.Wip.removeParamAttr	self	no	no
std.zig.llvm.Builder.FunctionAttributes.Wip.removeRetAttr	self	no	no
std.zig.llvm.Builder.FunctionAttributes.func	self	no	no
std.zig.llvm.Builder.FunctionAttributes.get	self	no	no
std.zig.llvm.Builder.FunctionAttributes.param	self	no	no
std.zig.llvm.Builder.FunctionAttributes.ret	self	no	no
std.zig.llvm.Builder.FunctionAttributes.slice	self	no	no
std.zig.llvm.Builder.FunctionAttributes.toWip	self	no	no
std.zig.llvm.Builder.Global.Index.delete	self	no	no
std.zig.llvm.Builder.Global.Index.eql	self	no	no
std.zig.llvm.Builder.Global.Index.fmt	self	no	no
std.zig.llvm.Builder.Global.Index.format	other	no	no
std.zig.llvm.Builder.Global.Index.getDebugMetadata	self	no	no
std.zig.llvm.Builder.Global.Index.name	self	no	no
std.zig.llvm.Builder.Global.Index.ptr	self	no	no
std.zig.llvm.Builder.Global.Index.ptrConst	self	no	no
std.zig.llvm.Builder.Global.Index.rename	self	no	no
std.zig.llvm.Builder.Global.Index.renameAssumeCapacity	self	no	no
std.zig.llvm.Builder.Global.Index.replace	self	no	no
std.zig.llvm.Builder.Global.Index.replaceAssumeCapacity	self	no	no
std.zig.llvm.Builder.Global.Index.setDebugMetadata	self	no	no
std.zig.llvm.Builder.Global.Index.setDllStorageClass	self	no	no
std.zig.llvm.Builder.Global.Index.setLinkage	self	no	no
std.zig.llvm.Builder.Global.Index.setUnnamedAddr	self	no	no
std.zig.llvm.Builder.Global.Index.setVisibility	self	no	no
std.zig.llvm.Builder.Global.Index.strtab	self	no	no
std.zig.llvm.Builder.Global.Index.takeName	self	no	no
std.zig.llvm.Builder.Global.Index.takeNameAssumeCapacity	self	no	no
std.zig.llvm.Builder.Global.Index.toConst	other	no	no
std.zig.llvm.Builder.Global.Index.toNewAlias	other	no	no
std.zig.llvm.Builder.Global.Index.toNewFunction	other	no	no
std.zig.llvm.Builder.Global.Index.toNewVariable	other	no	no
std.zig.llvm.Builder.Global.Index.toValue	other	no	no
std.zig.llvm.Builder.Global.Index.typeOf	self	no	no
std.zig.llvm.Builder.Global.Index.unwrap	other	no	no
std.zig.llvm.Builder.Global.Index.updateDsoLocal	self	no	no
std.zig.llvm.Builder.Linkage.fmtOptional	self	no	no
std.zig.llvm.Builder.Linkage.format	self	no	no
std.zig.llvm.Builder.Linkage.formatOptional	other	no	no
std.zig.llvm.Builder.MemoryAccessKind.Prefixed.format	other	no	no
std.zig.llvm.Builder.MemoryAccessKind.fmt	other	no	no
std.zig.llvm.Builder.MemoryAccessKind.format	other	no	no
std.zig.llvm.Builder.Metadata.BasicType.bitSize	self	no	no
std.zig.llvm.Builder.Metadata.CompositeType.bitAlign	self	no	no
std.zig.llvm.Builder.Metadata.CompositeType.bitSize	self	no	no
std.zig.llvm.Builder.Metadata.DIFlags.format	self	no	no
std.zig.llvm.Builder.Metadata.DerivedType.bitAlign	self	no	no
std.zig.llvm.Builder.Metadata.DerivedType.bitOffset	self	no	no
std.zig.llvm.Builder.Metadata.DerivedType.bitSize	self	no	no
std.zig.llvm.Builder.Metadata.Formatter.fmt	other	no	yes
std.zig.llvm.Builder.Metadata.Formatter.fmtLocal	other	no	no
std.zig.llvm.Builder.Metadata.Formatter.format	other	no	no
std.zig.llvm.Builder.Metadata.Formatter.refUnwrapped	other	no	no
std.zig.llvm.Builder.Metadata.Formatter.specialized	other	no	yes
std.zig.llvm.Builder.Metadata.Optional.toString	other	no	no
std.zig.llvm.Builder.Metadata.Optional.toValue	other	no	no
std.zig.llvm.Builder.Metadata.Optional.unwrap	other	no	no
std.zig.llvm.Builder.Metadata.Optional.wrap	other	no	no
std.zig.llvm.Builder.Metadata.String.Adapter.eql	other	no	no
std.zig.llvm.Builder.Metadata.String.Adapter.hash	other	no	no
std.zig.llvm.Builder.Metadata.String.Optional.toMetadata	other	no	no
std.zig.llvm.Builder.Metadata.String.Optional.unwrap	other	no	no
std.zig.llvm.Builder.Metadata.String.Optional.wrap	other	no	no
std.zig.llvm.Builder.Metadata.String.fmt	self	no	no
std.zig.llvm.Builder.Metadata.String.format	other	no	no
std.zig.llvm.Builder.Metadata.String.slice	other	no	no
std.zig.llvm.Builder.Metadata.String.toMetadata	other	no	no
std.zig.llvm.Builder.Metadata.String.toOptional	other	no	no
std.zig.llvm.Builder.Metadata.Subprogram.DISPFlags.format	self	no	no
std.zig.llvm.Builder.Metadata.Tag.isInline	other	no	no
std.zig.llvm.Builder.Metadata.getSubprogram	other	no	no
std.zig.llvm.Builder.Metadata.isInline	other	no	no
std.zig.llvm.Builder.Metadata.item	other	no	no
std.zig.llvm.Builder.Metadata.tag	other	no	no
std.zig.llvm.Builder.Metadata.toOptional	other	no	no
std.zig.llvm.Builder.Metadata.toString	other	no	no
std.zig.llvm.Builder.Metadata.toValue	other	no	no
std.zig.llvm.Builder.Metadata.unwrap	other	no	no
std.zig.llvm.Builder.MetadataExtraDataTrail.next	self	no	yes
std.zig.llvm.Builder.MetadataExtraDataTrail.nextMut	self	no	yes
std.zig.llvm.Builder.Preemption.format	self	no	no
std.zig.llvm.Builder.String.Adapter.eql	other	no	no
std.zig.llvm.Builder.String.Adapter.hash	other	no	no
std.zig.llvm.Builder.String.fmt	self	no	no
std.zig.llvm.Builder.String.fmtQ	self	no	no
std.zig.llvm.Builder.String.fmtRaw	self	no	no
std.zig.llvm.Builder.String.format	other	no	no
std.zig.llvm.Builder.String.fromIndex	other	no	no
std.zig.llvm.Builder.String.isAnon	self	no	no
std.zig.llvm.Builder.String.slice	self	no	no
std.zig.llvm.Builder.String.toIndex	self	no	no
std.zig.llvm.Builder.StrtabString.Adapter.eql	other	no	no
std.zig.llvm.Builder.StrtabString.Adapter.hash	other	no	no
std.zig.llvm.Builder.StrtabString.fmt	self	no	no
std.zig.llvm.Builder.StrtabString.format	other	no	no
std.zig.llvm.Builder.StrtabString.fromIndex	other	no	no
std.zig.llvm.Builder.StrtabString.isAnon	self	no	no
std.zig.llvm.Builder.StrtabString.slice	self	no	no
std.zig.llvm.Builder.StrtabString.toIndex	self	no	no
std.zig.llvm.Builder.SyncScope.Prefixed.format	other	no	no
std.zig.llvm.Builder.SyncScope.fmt	other	no	no
std.zig.llvm.Builder.SyncScope.format	other	no	no
std.zig.llvm.Builder.ThreadLocal.Prefixed.format	other	no	no
std.zig.llvm.Builder.ThreadLocal.fmt	other	no	no
std.zig.llvm.Builder.ThreadLocal.format	other	no	no
std.zig.llvm.Builder.Type.Array.length	self	no	no
std.zig.llvm.Builder.Type.Vector.length	self	no	no
std.zig.llvm.Builder.Type.aggregateLen	self	no	no
std.zig.llvm.Builder.Type.changeLength	self	no	no
std.zig.llvm.Builder.Type.changeLengthAssumeCapacity	self	no	no
std.zig.llvm.Builder.Type.changeScalar	self	no	no
std.zig.llvm.Builder.Type.changeScalarAssumeCapacity	self	no	no
std.zig.llvm.Builder.Type.childType	self	no	no
std.zig.llvm.Builder.Type.childTypeAt	self	no	no
std.zig.llvm.Builder.Type.fmt	self	no	no
std.zig.llvm.Builder.Type.format	other	no	no
std.zig.llvm.Builder.Type.functionKind	self	no	no
std.zig.llvm.Builder.Type.functionParameters	self	no	no
std.zig.llvm.Builder.Type.functionReturn	self	no	no
std.zig.llvm.Builder.Type.isAggregate	self	no	no
std.zig.llvm.Builder.Type.isFloatingPoint	self	no	no
std.zig.llvm.Builder.Type.isFunction	self	no	no
std.zig.llvm.Builder.Type.isInteger	self	no	no
std.zig.llvm.Builder.Type.isPointer	self	no	no
std.zig.llvm.Builder.Type.isSized	self	no	no
std.zig.llvm.Builder.Type.isSizedVisited	self	no	no
std.zig.llvm.Builder.Type.isStruct	self	no	no
std.zig.llvm.Builder.Type.isVector	self	no	no
std.zig.llvm.Builder.Type.pointerAddrSpace	self	no	no
std.zig.llvm.Builder.Type.scalarBits	self	no	no
std.zig.llvm.Builder.Type.scalarTag	self	no	no
std.zig.llvm.Builder.Type.scalarType	self	no	no
std.zig.llvm.Builder.Type.structFields	self	no	no
std.zig.llvm.Builder.Type.structKind	self	no	no
std.zig.llvm.Builder.Type.tag	self	no	no
std.zig.llvm.Builder.Type.targetLayoutType	self	no	no
std.zig.llvm.Builder.Type.unnamedTag	self	no	no
std.zig.llvm.Builder.Type.vectorKind	self	no	no
std.zig.llvm.Builder.Type.vectorLen	self	no	no
std.zig.llvm.Builder.TypeExtraDataTrail.next	self	no	yes
std.zig.llvm.Builder.TypeExtraDataTrail.nextMut	self	no	yes
std.zig.llvm.Builder.UnnamedAddr.format	self	no	no
std.zig.llvm.Builder.Value.fmt	self	no	no
std.zig.llvm.Builder.Value.format	other	no	no
std.zig.llvm.Builder.Value.toConst	self	no	no
std.zig.llvm.Builder.Value.typeOf	self	no	no
std.zig.llvm.Builder.Value.typeOfWip	self	no	no
std.zig.llvm.Builder.Value.unwrap	self	no	no
std.zig.llvm.Builder.Variable.Index.getAlignment	self	no	no
std.zig.llvm.Builder.Variable.Index.getGlobalVariableExpression	self	no	no
std.zig.llvm.Builder.Variable.Index.name	self	no	no
std.zig.llvm.Builder.Variable.Index.ptr	self	no	no
std.zig.llvm.Builder.Variable.Index.ptrConst	self	no	no
std.zig.llvm.Builder.Variable.Index.rename	self	no	no
std.zig.llvm.Builder.Variable.Index.setAlignment	self	no	no
std.zig.llvm.Builder.Variable.Index.setGlobalVariableExpression	self	no	no
std.zig.llvm.Builder.Variable.Index.setInitializer	self	no	no
std.zig.llvm.Builder.Variable.Index.setMutability	self	no	no
std.zig.llvm.Builder.Variable.Index.setSection	self	no	no
std.zig.llvm.Builder.Variable.Index.setThreadLocal	self	no	no
std.zig.llvm.Builder.Variable.Index.toConst	self	no	no
std.zig.llvm.Builder.Variable.Index.toValue	self	no	no
std.zig.llvm.Builder.Variable.Index.typeOf	self	no	no
std.zig.llvm.Builder.Visibility.format	self	no	no
std.zig.llvm.Builder.Visibility.fromSymbolVisibility	other	no	no
std.zig.llvm.Builder.WipFunction.@"switch"	self	no	no
std.zig.llvm.Builder.WipFunction.@"unreachable"	self	no	no
std.zig.llvm.Builder.WipFunction.Block.Index.ptr	self	no	no
std.zig.llvm.Builder.WipFunction.Block.Index.ptrConst	self	no	no
std.zig.llvm.Builder.WipFunction.Block.Index.toInst	self	no	no
std.zig.llvm.Builder.WipFunction.ExtraDataTrail.next	self	no	yes
std.zig.llvm.Builder.WipFunction.ExtraDataTrail.nextMut	self	no	yes
std.zig.llvm.Builder.WipFunction.WipPhi.finish	self	no	no
std.zig.llvm.Builder.WipFunction.WipPhi.toValue	self	no	no
std.zig.llvm.Builder.WipFunction.WipSwitch.addCase	self	no	no
std.zig.llvm.Builder.WipFunction.WipSwitch.finish	self	no	no
std.zig.llvm.Builder.WipFunction.addExtraAssumeCapacity	self	no	yes
std.zig.llvm.Builder.WipFunction.addInst	self	no	no
std.zig.llvm.Builder.WipFunction.alloca	self	no	no
std.zig.llvm.Builder.WipFunction.arg	self	no	no
std.zig.llvm.Builder.WipFunction.atomicrmw	self	no	no
std.zig.llvm.Builder.WipFunction.bin	self	no	no
std.zig.llvm.Builder.WipFunction.block	self	no	no
std.zig.llvm.Builder.WipFunction.br	self	no	no
std.zig.llvm.Builder.WipFunction.brCond	self	no	no
std.zig.llvm.Builder.WipFunction.buildAggregate	self	no	no
std.zig.llvm.Builder.WipFunction.call	self	no	no
std.zig.llvm.Builder.WipFunction.callAsm	self	no	no
std.zig.llvm.Builder.WipFunction.callInner	self	no	no
std.zig.llvm.Builder.WipFunction.callIntrinsic	self	no	no
std.zig.llvm.Builder.WipFunction.callIntrinsicAssumeCold	self	no	no
std.zig.llvm.Builder.WipFunction.callMemCpy	self	no	no
std.zig.llvm.Builder.WipFunction.callMemMove	self	no	no
std.zig.llvm.Builder.WipFunction.callMemSet	self	no	no
std.zig.llvm.Builder.WipFunction.cast	self	no	no
std.zig.llvm.Builder.WipFunction.cmpTag	self	no	no
std.zig.llvm.Builder.WipFunction.cmpxchg	self	no	no
std.zig.llvm.Builder.WipFunction.conv	self	no	no
std.zig.llvm.Builder.WipFunction.debugValue	self	no	no
std.zig.llvm.Builder.WipFunction.deinit	self	no	no
std.zig.llvm.Builder.WipFunction.ensureUnusedExtraCapacity	self	no	yes
std.zig.llvm.Builder.WipFunction.extraData	self	no	yes
std.zig.llvm.Builder.WipFunction.extraDataTrail	self	no	yes
std.zig.llvm.Builder.WipFunction.extractElement	self	no	no
std.zig.llvm.Builder.WipFunction.extractValue	self	no	no
std.zig.llvm.Builder.WipFunction.fcmp	self	no	no
std.zig.llvm.Builder.WipFunction.fence	self	no	no
std.zig.llvm.Builder.WipFunction.finish	self	no	no
std.zig.llvm.Builder.WipFunction.gep	self	no	no
std.zig.llvm.Builder.WipFunction.gepStruct	self	no	no
std.zig.llvm.Builder.WipFunction.icmp	self	no	no
std.zig.llvm.Builder.WipFunction.indirectbr	self	no	no
std.zig.llvm.Builder.WipFunction.init	other	no	no
std.zig.llvm.Builder.WipFunction.insertElement	self	no	no
std.zig.llvm.Builder.WipFunction.insertValue	self	no	no
std.zig.llvm.Builder.WipFunction.load	self	no	no
std.zig.llvm.Builder.WipFunction.loadAtomic	self	no	no
std.zig.llvm.Builder.WipFunction.neg	self	no	no
std.zig.llvm.Builder.WipFunction.not	self	no	no
std.zig.llvm.Builder.WipFunction.phi	self	no	no
std.zig.llvm.Builder.WipFunction.phiFast	self	no	no
std.zig.llvm.Builder.WipFunction.phiTag	self	no	no
std.zig.llvm.Builder.WipFunction.ret	self	no	no
std.zig.llvm.Builder.WipFunction.retVoid	self	no	no
std.zig.llvm.Builder.WipFunction.select	self	no	no
std.zig.llvm.Builder.WipFunction.selectTag	self	no	no
std.zig.llvm.Builder.WipFunction.shuffleVector	self	no	no
std.zig.llvm.Builder.WipFunction.splatVector	self	no	no
std.zig.llvm.Builder.WipFunction.store	self	no	no
std.zig.llvm.Builder.WipFunction.storeAtomic	self	no	no
std.zig.llvm.Builder.WipFunction.un	self	no	no
std.zig.llvm.Builder.WipFunction.vaArg	self	no	no
std.zig.llvm.Builder.addAlias	self	no	no
std.zig.llvm.Builder.addAliasAssumeCapacity	self	no	no
std.zig.llvm.Builder.addConstantExtraAssumeCapacity	self	no	yes
std.zig.llvm.Builder.addFunction	self	no	no
std.zig.llvm.Builder.addFunctionAssumeCapacity	self	no	no
std.zig.llvm.Builder.addGlobal	self	no	no
std.zig.llvm.Builder.addGlobalAssumeCapacity	self	no	no
std.zig.llvm.Builder.addMetadataExtraAssumeCapacity	self	no	yes
std.zig.llvm.Builder.addNamedMetadata	self	no	no
std.zig.llvm.Builder.addNamedMetadataAssumeCapacity	self	no	no
std.zig.llvm.Builder.addTypeExtraAssumeCapacity	self	no	yes
std.zig.llvm.Builder.addVariable	self	no	no
std.zig.llvm.Builder.addVariableAssumeCapacity	self	no	no
std.zig.llvm.Builder.alignmentForwardReference	other	no	no
std.zig.llvm.Builder.arrayConst	self	no	no
std.zig.llvm.Builder.arrayConstAssumeCapacity	self	no	no
std.zig.llvm.Builder.arrayType	self	no	no
std.zig.llvm.Builder.arrayTypeAssumeCapacity	self	no	no
std.zig.llvm.Builder.arrayValue	self	no	no
std.zig.llvm.Builder.asmConst	self	no	no
std.zig.llvm.Builder.asmConstAssumeCapacity	self	no	no
std.zig.llvm.Builder.asmValue	self	no	no
std.zig.llvm.Builder.attr	self	no	no
std.zig.llvm.Builder.attrGeneric	self	no	no
std.zig.llvm.Builder.attrs	self	no	no
std.zig.llvm.Builder.bfloatConst	self	no	no
std.zig.llvm.Builder.bfloatConstAssumeCapacity	self	no	no
std.zig.llvm.Builder.bfloatValue	self	no	no
std.zig.llvm.Builder.bigIntConst	self	no	no
std.zig.llvm.Builder.bigIntConstAssumeCapacity	self	no	no
std.zig.llvm.Builder.bigIntValue	self	no	no
std.zig.llvm.Builder.binConst	self	no	no
std.zig.llvm.Builder.binConstAssumeCapacity	self	no	no
std.zig.llvm.Builder.binValue	self	no	no
std.zig.llvm.Builder.blockAddrConst	self	no	no
std.zig.llvm.Builder.blockAddrConstAssumeCapacity	self	no	no
std.zig.llvm.Builder.blockAddrValue	self	no	no
std.zig.llvm.Builder.castConst	self	no	no
std.zig.llvm.Builder.castConstAssumeCapacity	self	no	no
std.zig.llvm.Builder.castValue	self	no	no
std.zig.llvm.Builder.clearAndFree	self	no	no
std.zig.llvm.Builder.constantExtraData	self	no	yes
std.zig.llvm.Builder.constantExtraDataTrail	self	no	yes
std.zig.llvm.Builder.convConst	self	no	no
std.zig.llvm.Builder.convConstAssumeCapacity	self	no	no
std.zig.llvm.Builder.convConstTag	self	no	no
std.zig.llvm.Builder.convTag	self	no	no
std.zig.llvm.Builder.convValue	self	no	no
std.zig.llvm.Builder.debugArrayType	self	no	no
std.zig.llvm.Builder.debugArrayTypeAssumeCapacity	self	no	no
std.zig.llvm.Builder.debugBoolType	self	no	no
std.zig.llvm.Builder.debugBoolTypeAssumeCapacity	self	no	no
std.zig.llvm.Builder.debugCompileUnit	self	no	no
std.zig.llvm.Builder.debugCompileUnitAssumeCapacity	self	no	no
std.zig.llvm.Builder.debugCompositeTypeAssumeCapacity	self	no	no
std.zig.llvm.Builder.debugEnumerationType	self	no	no
std.zig.llvm.Builder.debugEnumerationTypeAssumeCapacity	self	no	no
std.zig.llvm.Builder.debugEnumerator	self	no	no
std.zig.llvm.Builder.debugEnumeratorAssumeCapacity	self	no	no
std.zig.llvm.Builder.debugExpression	self	no	no
std.zig.llvm.Builder.debugExpressionAssumeCapacity	self	no	no
std.zig.llvm.Builder.debugFile	self	no	no
std.zig.llvm.Builder.debugFileAssumeCapacity	self	no	no
std.zig.llvm.Builder.debugFloatType	self	no	no
std.zig.llvm.Builder.debugFloatTypeAssumeCapacity	self	no	no
std.zig.llvm.Builder.debugForwardReference	self	no	no
std.zig.llvm.Builder.debugForwardReferenceAssumeCapacity	self	no	no
std.zig.llvm.Builder.debugGlobalVar	self	no	no
std.zig.llvm.Builder.debugGlobalVarAssumeCapacity	self	no	no
std.zig.llvm.Builder.debugGlobalVarExpression	self	no	no
std.zig.llvm.Builder.debugGlobalVarExpressionAssumeCapacity	self	no	no
std.zig.llvm.Builder.debugLexicalBlock	self	no	no
std.zig.llvm.Builder.debugLexicalBlockAssumeCapacity	self	no	no
std.zig.llvm.Builder.debugLocalVar	self	no	no
std.zig.llvm.Builder.debugLocalVarAssumeCapacity	self	no	no
std.zig.llvm.Builder.debugLocation	self	no	no
std.zig.llvm.Builder.debugLocationAssumeCapacity	self	no	no
std.zig.llvm.Builder.debugMemberType	self	no	no
std.zig.llvm.Builder.debugMemberTypeAssumeCapacity	self	no	no
std.zig.llvm.Builder.debugParameter	self	no	no
std.zig.llvm.Builder.debugParameterAssumeCapacity	self	no	no
std.zig.llvm.Builder.debugPointerType	self	no	no
std.zig.llvm.Builder.debugPointerTypeAssumeCapacity	self	no	no
std.zig.llvm.Builder.debugSignedType	self	no	no
std.zig.llvm.Builder.debugSignedTypeAssumeCapacity	self	no	no
std.zig.llvm.Builder.debugStructType	self	no	no
std.zig.llvm.Builder.debugStructTypeAssumeCapacity	self	no	no
std.zig.llvm.Builder.debugSubprogram	self	no	no
std.zig.llvm.Builder.debugSubprogramAssumeCapacity	self	no	no
std.zig.llvm.Builder.debugSubrange	self	no	no
std.zig.llvm.Builder.debugSubrangeAssumeCapacity	self	no	no
std.zig.llvm.Builder.debugSubroutineType	self	no	no
std.zig.llvm.Builder.debugSubroutineTypeAssumeCapacity	self	no	no
std.zig.llvm.Builder.debugTypedefType	self	no	no
std.zig.llvm.Builder.debugTypedefTypeAssumeCapacity	self	no	no
std.zig.llvm.Builder.debugUnionType	self	no	no
std.zig.llvm.Builder.debugUnionTypeAssumeCapacity	self	no	no
std.zig.llvm.Builder.debugUnsignedType	self	no	no
std.zig.llvm.Builder.debugUnsignedTypeAssumeCapacity	self	no	no
std.zig.llvm.Builder.debugVectorType	self	no	no
std.zig.llvm.Builder.debugVectorTypeAssumeCapacity	self	no	no
std.zig.llvm.Builder.deinit	self	no	no
std.zig.llvm.Builder.doubleConst	self	no	no
std.zig.llvm.Builder.doubleConstAssumeCapacity	self	no	no
std.zig.llvm.Builder.doubleValue	self	no	no
std.zig.llvm.Builder.dsoLocalEquivalentConst	self	no	no
std.zig.llvm.Builder.dsoLocalEquivalentConstAssumeCapacity	self	no	no
std.zig.llvm.Builder.dsoLocalEquivalentValue	self	no	no
std.zig.llvm.Builder.dump	other	yes	no
std.zig.llvm.Builder.ensureUnusedConstantCapacity	self	no	yes
std.zig.llvm.Builder.ensureUnusedGlobalCapacity	self	no	no
std.zig.llvm.Builder.ensureUnusedMetadataCapacity	self	no	yes
std.zig.llvm.Builder.ensureUnusedTypeCapacity	self	no	yes
std.zig.llvm.Builder.finishModuleAsm	self	no	no
std.zig.llvm.Builder.floatConst	self	no	no
std.zig.llvm.Builder.floatConstAssumeCapacity	self	no	no
std.zig.llvm.Builder.floatValue	self	no	no
std.zig.llvm.Builder.fmt	self	no	yes
std.zig.llvm.Builder.fmtAssumeCapacity	self	no	yes
std.zig.llvm.Builder.fnAttrs	self	no	no
std.zig.llvm.Builder.fnType	self	no	no
std.zig.llvm.Builder.fnTypeAssumeCapacity	self	no	yes
std.zig.llvm.Builder.fp128Const	self	no	no
std.zig.llvm.Builder.fp128ConstAssumeCapacity	self	no	no
std.zig.llvm.Builder.fp128Value	self	no	no
std.zig.llvm.Builder.fpConst	self	no	yes
std.zig.llvm.Builder.fpValue	self	no	yes
std.zig.llvm.Builder.gepConst	self	no	yes
std.zig.llvm.Builder.gepConstAssumeCapacity	self	no	yes
std.zig.llvm.Builder.gepValue	self	no	yes
std.zig.llvm.Builder.getGlobal	self	no	no
std.zig.llvm.Builder.getIntrinsic	self	no	no
std.zig.llvm.Builder.getOrPutConstantAggregateAssumeCapacity	self	no	no
std.zig.llvm.Builder.getOrPutConstantNoExtraAssumeCapacity	self	no	no
std.zig.llvm.Builder.getOrPutTypeNoExtraAssumeCapacity	self	no	no
std.zig.llvm.Builder.halfConst	self	no	no
std.zig.llvm.Builder.halfConstAssumeCapacity	self	no	no
std.zig.llvm.Builder.halfValue	self	no	no
std.zig.llvm.Builder.init	other	no	no
std.zig.llvm.Builder.intConst	self	no	yes
std.zig.llvm.Builder.intType	self	no	no
std.zig.llvm.Builder.intTypeAssumeCapacity	self	no	no
std.zig.llvm.Builder.intValue	self	no	yes
std.zig.llvm.Builder.isValidIdentifier	other	no	no
std.zig.llvm.Builder.metadataConstant	self	no	no
std.zig.llvm.Builder.metadataConstantAssumeCapacity	self	no	no
std.zig.llvm.Builder.metadataDistinctAssumeCapacity	self	no	yes
std.zig.llvm.Builder.metadataExtraData	self	no	yes
std.zig.llvm.Builder.metadataExtraDataTrail	self	no	yes
std.zig.llvm.Builder.metadataSimpleAssumeCapacity	self	no	yes
std.zig.llvm.Builder.metadataString	self	no	no
std.zig.llvm.Builder.metadataStringFmt	self	no	yes
std.zig.llvm.Builder.metadataStringFmtAssumeCapacity	self	no	yes
std.zig.llvm.Builder.metadataStringFromStrtabString	self	no	no
std.zig.llvm.Builder.metadataTuple	self	no	no
std.zig.llvm.Builder.metadataTupleOptionals	self	no	no
std.zig.llvm.Builder.metadataTupleOptionalsAssumeCapacity	self	no	no
std.zig.llvm.Builder.namedTypeSetBody	self	no	no
std.zig.llvm.Builder.nanConst	self	no	no
std.zig.llvm.Builder.nanValue	self	no	no
std.zig.llvm.Builder.noCfiConst	self	no	no
std.zig.llvm.Builder.noCfiConstAssumeCapacity	self	no	no
std.zig.llvm.Builder.noCfiValue	self	no	no
std.zig.llvm.Builder.noneConst	self	no	no
std.zig.llvm.Builder.noneConstAssumeCapacity	self	no	no
std.zig.llvm.Builder.noneValue	self	no	no
std.zig.llvm.Builder.nullConst	self	no	no
std.zig.llvm.Builder.nullConstAssumeCapacity	self	no	no
std.zig.llvm.Builder.nullValue	self	no	no
std.zig.llvm.Builder.opaqueType	self	no	no
std.zig.llvm.Builder.opaqueTypeAssumeCapacity	self	no	no
std.zig.llvm.Builder.poisonConst	self	no	no
std.zig.llvm.Builder.poisonConstAssumeCapacity	self	no	no
std.zig.llvm.Builder.poisonValue	self	no	no
std.zig.llvm.Builder.ppc_fp128Const	self	no	no
std.zig.llvm.Builder.ppc_fp128ConstAssumeCapacity	self	no	no
std.zig.llvm.Builder.ppc_fp128Value	self	no	no
std.zig.llvm.Builder.print	self	no	no
std.zig.llvm.Builder.printEscapedString	other	no	no
std.zig.llvm.Builder.printToFile	other	yes	no
std.zig.llvm.Builder.printToFilePath	other	yes	no
std.zig.llvm.Builder.ptrType	self	no	no
std.zig.llvm.Builder.ptrTypeAssumeCapacity	self	no	no
std.zig.llvm.Builder.resolveAlignmentForwardReference	other	no	no
std.zig.llvm.Builder.resolveDebugForwardReference	self	no	no
std.zig.llvm.Builder.splatConst	self	no	no
std.zig.llvm.Builder.splatConstAssumeCapacity	self	no	no
std.zig.llvm.Builder.splatValue	self	no	no
std.zig.llvm.Builder.string	self	no	no
std.zig.llvm.Builder.stringConst	self	no	no
std.zig.llvm.Builder.stringConstAssumeCapacity	self	no	no
std.zig.llvm.Builder.stringIfExists	self	no	no
std.zig.llvm.Builder.stringNull	self	no	no
std.zig.llvm.Builder.stringValue	self	no	no
std.zig.llvm.Builder.strtabString	self	no	no
std.zig.llvm.Builder.strtabStringFmt	self	no	yes
std.zig.llvm.Builder.strtabStringFmtAssumeCapacity	self	no	yes
std.zig.llvm.Builder.strtabStringIfExists	self	no	no
std.zig.llvm.Builder.structConst	self	no	no
std.zig.llvm.Builder.structConstAssumeCapacity	self	no	no
std.zig.llvm.Builder.structType	self	no	no
std.zig.llvm.Builder.structTypeAssumeCapacity	self	no	yes
std.zig.llvm.Builder.structValue	self	no	no
std.zig.llvm.Builder.toBitcode	self	no	no
std.zig.llvm.Builder.trailingMetadataString	self	no	no
std.zig.llvm.Builder.trailingMetadataStringAssumeCapacity	self	no	no
std.zig.llvm.Builder.trailingString	self	no	no
std.zig.llvm.Builder.trailingStringAssumeCapacity	self	no	no
std.zig.llvm.Builder.trailingStrtabString	self	no	no
std.zig.llvm.Builder.trailingStrtabStringAssumeCapacity	self	no	no
std.zig.llvm.Builder.typeExtraData	self	no	yes
std.zig.llvm.Builder.typeExtraDataTrail	self	no	yes
std.zig.llvm.Builder.undefConst	self	no	no
std.zig.llvm.Builder.undefConstAssumeCapacity	self	no	no
std.zig.llvm.Builder.undefValue	self	no	no
std.zig.llvm.Builder.vectorConst	self	no	no
std.zig.llvm.Builder.vectorConstAssumeCapacity	self	no	no
std.zig.llvm.Builder.vectorType	self	no	no
std.zig.llvm.Builder.vectorTypeAssumeCapacity	self	no	yes
std.zig.llvm.Builder.vectorValue	self	no	no
std.zig.llvm.Builder.x86_fp80Const	self	no	no
std.zig.llvm.Builder.x86_fp80ConstAssumeCapacity	self	no	no
std.zig.llvm.Builder.x86_fp80Value	self	no	no
std.zig.llvm.Builder.zeroInitConst	self	no	no
std.zig.llvm.Builder.zeroInitConstAssumeCapacity	self	no	no
std.zig.llvm.Builder.zeroInitValue	self	no	no
std.zig.llvm.bitcode_writer.BitcodeWriter	other	no	yes
std.zig.llvm.bitcode_writer.BitcodeWriter().BlockWriter	other	no	yes
std.zig.llvm.bitcode_writer.BitcodeWriter().BlockWriter().abbrevId	other	no	yes
std.zig.llvm.bitcode_writer.BitcodeWriter().BlockWriter().defineAbbrev	self	no	yes
std.zig.llvm.bitcode_writer.BitcodeWriter().BlockWriter().end	self	no	no
std.zig.llvm.bitcode_writer.BitcodeWriter().BlockWriter().enterSubBlock	self	no	yes
std.zig.llvm.bitcode_writer.BitcodeWriter().BlockWriter().init	other	no	yes
std.zig.llvm.bitcode_writer.BitcodeWriter().BlockWriter().writeAbbrev	self	no	yes
std.zig.llvm.bitcode_writer.BitcodeWriter().BlockWriter().writeAbbrevAdapted	self	no	yes
std.zig.llvm.bitcode_writer.BitcodeWriter().BlockWriter().writeUnabbrev	self	no	no
std.zig.llvm.bitcode_writer.BitcodeWriter().alignTo32	self	no	no
std.zig.llvm.bitcode_writer.BitcodeWriter().bitsVbr	other	no	yes
std.zig.llvm.bitcode_writer.BitcodeWriter().deinit	self	no	no
std.zig.llvm.bitcode_writer.BitcodeWriter().enterTopBlock	self	no	yes
std.zig.llvm.bitcode_writer.BitcodeWriter().getTypeWidth	self	no	yes
std.zig.llvm.bitcode_writer.BitcodeWriter().init	allocator	no	no
std.zig.llvm.bitcode_writer.BitcodeWriter().length	self	no	no
std.zig.llvm.bitcode_writer.BitcodeWriter().toOwnedSlice	self	no	no
std.zig.llvm.bitcode_writer.BitcodeWriter().write6BitChar	self	no	no
std.zig.llvm.bitcode_writer.BitcodeWriter().writeBits	self	no	yes
std.zig.llvm.bitcode_writer.BitcodeWriter().writeBlob	self	no	no
std.zig.llvm.bitcode_writer.BitcodeWriter().writeVbr	self	no	yes
std.zig.llvm.bitcode_writer.BufType	other	no	yes
std.zig.llvm.bitcode_writer.bufValue	other	no	yes
std.zig.llvm.bitcode_writer.charTo6Bit	other	no	no
std.zig.number_literal.parseNumberLiteral	other	no	no
std.zig.parseTargetQueryOrReportFatalError	allocator	no	no
std.zig.primitives.isPrimitive	other	no	no
std.zig.printAstErrorsToStderr	allocator	yes	no
std.zig.putAstErrorsIntoBundle	allocator	no	no
std.zig.readSourceFileToEndAlloc	allocator	yes	no
std.zig.resolveTargetQueryOrFatal	other	yes	no
std.zig.serializeCpu	other	no	no
std.zig.serializeCpuAlloc	allocator	no	no
std.zig.srcHashEql	other	no	no
std.zig.stringEscape	other	no	no
std.zig.string_literal.Error.fmt	self	no	no
std.zig.string_literal.Error.formatMessage	self	no	no
std.zig.string_literal.Error.offset	other	no	no
std.zig.string_literal.parseAlloc	allocator	no	no
std.zig.string_literal.parseCharLiteral	other	no	no
std.zig.string_literal.parseEscapeSequence	other	no	no
std.zig.string_literal.parseWrite	other	no	no
std.zig.system.NativePaths.addFrameworkDir	self	no	no
std.zig.system.NativePaths.addFrameworkDirFmt	self	no	yes
std.zig.system.NativePaths.addIncludeDir	self	no	no
std.zig.system.NativePaths.addIncludeDirFmt	self	no	yes
std.zig.system.NativePaths.addLibDir	self	no	no
std.zig.system.NativePaths.addLibDirFmt	self	no	yes
std.zig.system.NativePaths.addRPath	self	no	no
std.zig.system.NativePaths.addWarning	self	no	no
std.zig.system.NativePaths.addWarningFmt	self	no	yes
std.zig.system.NativePaths.detect	allocator	yes	no
std.zig.system.abiAndDynamicLinkerFromFile	other	yes	no
std.zig.system.darwin.getSdk	allocator	yes	no
std.zig.system.darwin.isSdkInstalled	allocator	yes	no
std.zig.system.darwin.macos.SystemVersionTokenizer.expectContent	self	no	no
std.zig.system.darwin.macos.SystemVersionTokenizer.next	self	no	no
std.zig.system.darwin.macos.SystemVersionTokenizer.skipUntilTag	self	no	no
std.zig.system.darwin.macos.detect	other	yes	no
std.zig.system.darwin.macos.detectNativeCpuAndFeatures	none	no	no
std.zig.system.darwin.macos.parseSystemVersion	other	no	no
std.zig.system.defaultAbiAndDynamicLinker	other	no	no
std.zig.system.detectAbiAndDynamicLinker	other	yes	no
std.zig.system.detectAndroidApiLevel	other	yes	no
std.zig.system.detectNativeCpuAndFeatures	other	yes	no
std.zig.system.getExternalExecutor	other	yes	no
std.zig.system.glibcVerFromLinkName	other	no	no
std.zig.system.glibcVerFromRPath	other	yes	no
std.zig.system.glibcVerFromSoFile	other	yes	no
std.zig.system.linux.ArmCpuinfoImpl.addOne	self	no	no
std.zig.system.linux.ArmCpuinfoImpl.cpu_models.isKnown	other	no	no
std.zig.system.linux.ArmCpuinfoImpl.finalize	self	no	no
std.zig.system.linux.ArmCpuinfoImpl.line_hook	self	no	no
std.zig.system.linux.CpuinfoParser	other	no	yes
std.zig.system.linux.CpuinfoParser().parse	other	yes	no
std.zig.system.linux.PowerpcCpuinfoImpl.finalize	self	no	no
std.zig.system.linux.PowerpcCpuinfoImpl.line_hook	self	no	no
std.zig.system.linux.RiscvCpuinfoImpl.finalize	self	no	no
std.zig.system.linux.RiscvCpuinfoImpl.line_hook	self	no	no
std.zig.system.linux.S390xCpuinfoImpl.finalize	self	no	no
std.zig.system.linux.S390xCpuinfoImpl.line_hook	self	no	no
std.zig.system.linux.SparcCpuinfoImpl.finalize	self	no	no
std.zig.system.linux.SparcCpuinfoImpl.line_hook	self	no	no
std.zig.system.linux.detectNativeCpuAndFeatures	other	yes	no
std.zig.system.linux.getAArch64CpuFeature	other	no	yes
std.zig.system.linux.testParser	other	no	yes
std.zig.system.resolveTargetQuery	other	yes	no
std.zig.system.updateCpuFeatures	other	no	no
std.zig.system.windows.detectNativeCpuAndFeatures	none	no	no
std.zig.system.windows.detectRuntimeVersion	none	no	no
std.zig.system.windows.genericCpuAndNativeFeatures	other	no	no
std.zig.system.windows.getCpuCount	none	no	no
std.zig.system.windows.getCpuInfoFromRegistry	other	no	yes
std.zig.system.windows.setFeature	other	no	yes
std.zig.target.canBuildLibC	other	no	no
std.zig.target.eqlIgnoreCase	other	no	no
std.zig.target.freebsdArchNameHeaders	other	no	no
std.zig.target.glibcAbiNameHeaders	other	no	no
std.zig.target.glibcArchNameHeaders	other	no	no
std.zig.target.glibcRuntimeTriple	allocator	no	no
std.zig.target.intAlignment	other	no	no
std.zig.target.intByteSize	other	no	no
std.zig.target.isLibCLibName	other	no	no
std.zig.target.isLibCxxLibName	other	no	no
std.zig.target.muslAbiNameHeaders	other	no	no
std.zig.target.muslArchName	other	no	no
std.zig.target.muslArchNameHeaders	other	no	no
std.zig.target.muslRuntimeTriple	allocator	no	no
std.zig.target.netbsdAbiNameHeaders	other	no	no
std.zig.target.netbsdArchNameHeaders	other	no	no
std.zig.target.openbsdArchNameHeaders	other	no	no
std.zig.target.osArchName	other	no	no
std.zig.tokenizer.Token.Tag.lexeme	other	no	no
std.zig.tokenizer.Token.Tag.symbol	other	no	no
std.zig.tokenizer.Token.getKeyword	other	no	no
std.zig.tokenizer.Tokenizer.dump	self	no	no
std.zig.tokenizer.Tokenizer.init	other	no	no
std.zig.tokenizer.Tokenizer.next	self	no	no
std.zig.tokenizer.testPropertiesUpheld	other	no	no
std.zig.tokenizer.testTokenize	other	no	no
std.zip.Decompress.init	other	no	no
std.zip.Decompress.streamDeflate	other	yes	no
std.zip.Decompress.streamStore	other	yes	no
std.zip.Diagnostics.deinit	self	no	no
std.zip.Diagnostics.nextFilename	self	no	no
std.zip.EndRecord.findBuffer	other	no	no
std.zip.EndRecord.findFile	other	no	no
std.zip.EndRecord.need_zip64	self	no	no
std.zip.Iterator.Entry.extract	self	yes	no
std.zip.Iterator.init	other	no	no
std.zip.Iterator.next	self	no	no
std.zip.extract	other	yes	no
std.zip.filenameInRoot	other	no	no
std.zip.isBadFilename	other	no	no
std.zip.isMaxInt	other	no	yes
std.zip.readZip64FileExtents	other	no	yes
std.zon.Serializer.Container.begin	other	no	no
std.zon.Serializer.Container.end	self	no	no
std.zon.Serializer.Container.field	self	no	yes
std.zon.Serializer.Container.fieldArbitraryDepth	self	no	yes
std.zon.Serializer.Container.fieldMaxDepth	self	no	yes
std.zon.Serializer.Container.fieldPrefix	self	no	no
std.zon.Serializer.Container.shouldElideSpaces	self	no	no
std.zon.Serializer.ContainerOptions.shouldWrap	self	no	no
std.zon.Serializer.EmitCodepointLiterals.emitAsCodepoint	self	no	yes
std.zon.Serializer.Struct.begin	other	no	no
std.zon.Serializer.Struct.beginStructField	self	no	no
std.zon.Serializer.Struct.beginTupleField	self	no	no
std.zon.Serializer.Struct.end	self	no	no
std.zon.Serializer.Struct.field	self	no	yes
std.zon.Serializer.Struct.fieldArbitraryDepth	self	no	yes
std.zon.Serializer.Struct.fieldMaxDepth	self	no	yes
std.zon.Serializer.Struct.fieldPrefix	self	no	no
std.zon.Serializer.Tuple.begin	other	no	no
std.zon.Serializer.Tuple.beginStructField	self	no	no
std.zon.Serializer.Tuple.beginTupleField	self	no	no
std.zon.Serializer.Tuple.end	self	no	no
std.zon.Serializer.Tuple.field	self	no	yes
std.zon.Serializer.Tuple.fieldArbitraryDepth	self	no	yes
std.zon.Serializer.Tuple.fieldMaxDepth	self	no	yes
std.zon.Serializer.Tuple.fieldPrefix	self	no	no
std.zon.Serializer.beginStruct	self	no	no
std.zon.Serializer.beginTuple	self	no	no
std.zon.Serializer.canSerializeType	other	no	no
std.zon.Serializer.canSerializeTypeInner	other	no	no
std.zon.Serializer.checkValueDepth	other	no	yes
std.zon.Serializer.codePoint	self	no	no
std.zon.Serializer.expectValueDepthEquals	other	no	yes
std.zon.Serializer.float	self	no	yes
std.zon.Serializer.ident	self	no	no
std.zon.Serializer.indent	self	no	no
std.zon.Serializer.int	self	no	yes
std.zon.Serializer.multilineString	self	no	no
std.zon.Serializer.newline	self	no	no
std.zon.Serializer.newlineOrSpace	self	no	no
std.zon.Serializer.space	self	no	no
std.zon.Serializer.string	self	no	no
std.zon.Serializer.tuple	self	no	yes
std.zon.Serializer.tupleArbitraryDepth	self	no	yes
std.zon.Serializer.tupleImpl	self	no	yes
std.zon.Serializer.tupleMaxDepth	self	no	yes
std.zon.Serializer.typeIsRecursive	other	no	yes
std.zon.Serializer.typeIsRecursiveInner	other	no	yes
std.zon.Serializer.value	self	no	yes
std.zon.Serializer.valueArbitraryDepth	self	no	yes
std.zon.Serializer.valueArbitraryDepthArray	other	no	yes
std.zon.Serializer.valueMaxDepth	self	no	yes
std.zon.parse.Diagnostics.assertEmpty	self	no	no
std.zon.parse.Diagnostics.deinit	self	no	no
std.zon.parse.Diagnostics.format	self	yes	no
std.zon.parse.Diagnostics.iterateErrors	self	no	no
std.zon.parse.Error.Iterator.next	self	no	no
std.zon.parse.Error.Note.Iterator.next	self	no	no
std.zon.parse.Error.Note.fmtMessage	self	no	no
std.zon.parse.Error.Note.formatMessage	self	yes	no
std.zon.parse.Error.Note.getLocation	self	no	no
std.zon.parse.Error.TypeCheckFailure.Note.deinit	self	no	no
std.zon.parse.Error.TypeCheckFailure.deinit	self	no	no
std.zon.parse.Error.TypeCheckFailure.getNote	self	no	no
std.zon.parse.Error.TypeCheckFailure.getNoteCount	self	no	no
std.zon.parse.Error.fmtMessage	self	no	no
std.zon.parse.Error.formatMessage	self	yes	no
std.zon.parse.Error.getLocation	self	no	no
std.zon.parse.Error.iterateNotes	self	no	no
std.zon.parse.Error.zoirErrorLocation	other	no	no
std.zon.parse.Parser.failCannotRepresent	self	no	no
std.zon.parse.Parser.failComptimeField	self	no	no
std.zon.parse.Parser.failExpectedType	self	no	no
std.zon.parse.Parser.failExpectedTypeInner	self	no	no
std.zon.parse.Parser.failNode	self	no	no
std.zon.parse.Parser.failNodeFmt	self	no	yes
std.zon.parse.Parser.failToken	self	no	no
std.zon.parse.Parser.failTokenFmt	self	no	yes
std.zon.parse.Parser.failTokenFmtNote	self	no	yes
std.zon.parse.Parser.failUnexpected	self	no	no
std.zon.parse.Parser.parseArray	self	no	no
std.zon.parse.Parser.parseBool	self	no	no
std.zon.parse.Parser.parseEnumLiteral	self	no	no
std.zon.parse.Parser.parseExpr	self	no	no
std.zon.parse.Parser.parseExprInner	self	no	no
std.zon.parse.Parser.parseFloat	self	no	no
std.zon.parse.Parser.parseInt	self	no	no
std.zon.parse.Parser.parseSlice	self	no	no
std.zon.parse.Parser.parseSlicePointer	self	no	no
std.zon.parse.Parser.parseString	self	no	no
std.zon.parse.Parser.parseStruct	self	no	no
std.zon.parse.Parser.parseTuple	self	no	no
std.zon.parse.Parser.parseUnion	self	no	no
std.zon.parse.canParseType	other	no	no
std.zon.parse.canParseTypeInner	other	no	no
std.zon.parse.free	allocator	no	yes
std.zon.parse.freeArray	allocator	no	yes
std.zon.parse.fromSlice	other	no	no
std.zon.parse.fromSliceAlloc	other	no	yes
std.zon.parse.fromZoir	other	no	no
std.zon.parse.fromZoirAlloc	other	no	no
std.zon.parse.fromZoirNode	other	no	no
std.zon.parse.fromZoirNodeAlloc	other	no	no
std.zon.parse.intFromFloatExact	other	no	yes
std.zon.parse.requiresAllocator	other	no	no
std.zon.stringify.expectSerializeEqual	other	no	yes
std.zon.stringify.isNestedOptional	other	no	no
std.zon.stringify.isNestedOptionalInner	other	no	no
std.zon.stringify.serialize	other	no	yes
std.zon.stringify.serializeArbitraryDepth	other	no	yes
std.zon.stringify.serializeMaxDepth	other	no	yes
