file,line,indent,name,kind,is_import,is_reexport,signature,doc
crypto.zig,5,0,timing_safe,const,true,true,"pub const timing_safe = @import(""crypto/timing_safe.zig"");",
crypto.zig,8,0,aead,const,false,true,pub const aead = struct {,Authenticated Encryption with Associated Data
crypto.zig,9,4,aegis,const,false,true,pub const aegis = struct {,
crypto.zig,12,8,Aegis128X4,const,false,true,pub const Aegis128X4 = variants.Aegis128X4;,
crypto.zig,13,8,Aegis128X2,const,false,true,pub const Aegis128X2 = variants.Aegis128X2;,
crypto.zig,14,8,Aegis128L,const,false,true,pub const Aegis128L = variants.Aegis128L;,
crypto.zig,16,8,Aegis256X4,const,false,true,pub const Aegis256X4 = variants.Aegis256X4;,
crypto.zig,17,8,Aegis256X2,const,false,true,pub const Aegis256X2 = variants.Aegis256X2;,
crypto.zig,18,8,Aegis256,const,false,true,pub const Aegis256 = variants.Aegis256;,
crypto.zig,20,8,Aegis128X4_256,const,false,true,pub const Aegis128X4_256 = variants.Aegis128X4_256;,
crypto.zig,21,8,Aegis128X2_256,const,false,true,pub const Aegis128X2_256 = variants.Aegis128X2_256;,
crypto.zig,22,8,Aegis128L_256,const,false,true,pub const Aegis128L_256 = variants.Aegis128L_256;,
crypto.zig,24,8,Aegis256X4_256,const,false,true,pub const Aegis256X4_256 = variants.Aegis256X4_256;,
crypto.zig,25,8,Aegis256X2_256,const,false,true,pub const Aegis256X2_256 = variants.Aegis256X2_256;,
crypto.zig,26,8,Aegis256_256,const,false,true,pub const Aegis256_256 = variants.Aegis256_256;,
crypto.zig,29,4,aes_gcm,const,false,true,pub const aes_gcm = struct {,
crypto.zig,30,8,Aes128Gcm,const,true,true,"pub const Aes128Gcm = @import(""crypto/aes_gcm.zig"").Aes128Gcm;",
crypto.zig,31,8,Aes256Gcm,const,true,true,"pub const Aes256Gcm = @import(""crypto/aes_gcm.zig"").Aes256Gcm;",
crypto.zig,34,4,aes_gcm_siv,const,false,true,pub const aes_gcm_siv = struct {,
crypto.zig,35,8,Aes128GcmSiv,const,true,true,"pub const Aes128GcmSiv = @import(""crypto/aes_gcm_siv.zig"").Aes128GcmSiv;",
crypto.zig,36,8,Aes256GcmSiv,const,true,true,"pub const Aes256GcmSiv = @import(""crypto/aes_gcm_siv.zig"").Aes256GcmSiv;",
crypto.zig,39,4,aes_siv,const,false,true,pub const aes_siv = struct {,
crypto.zig,40,8,Aes128Siv,const,true,true,"pub const Aes128Siv = @import(""crypto/aes_siv.zig"").Aes128Siv;",
crypto.zig,41,8,Aes256Siv,const,true,true,"pub const Aes256Siv = @import(""crypto/aes_siv.zig"").Aes256Siv;",
crypto.zig,44,4,aes_ocb,const,false,true,pub const aes_ocb = struct {,
crypto.zig,45,8,Aes128Ocb,const,true,true,"pub const Aes128Ocb = @import(""crypto/aes_ocb.zig"").Aes128Ocb;",
crypto.zig,46,8,Aes256Ocb,const,true,true,"pub const Aes256Ocb = @import(""crypto/aes_ocb.zig"").Aes256Ocb;",
crypto.zig,49,4,aes_ccm,const,true,true,"pub const aes_ccm = @import(""crypto/aes_ccm.zig"");",
crypto.zig,51,4,ascon,const,false,true,pub const ascon = struct {,
crypto.zig,52,8,AsconAead128,const,true,true,"pub const AsconAead128 = @import(""crypto/ascon.zig"").AsconAead128;",
crypto.zig,55,4,chacha_poly,const,false,true,pub const chacha_poly = struct {,
crypto.zig,56,8,ChaCha20Poly1305,const,true,true,"pub const ChaCha20Poly1305 = @import(""crypto/chacha20.zig"").ChaCha20Poly1305;",
crypto.zig,57,8,ChaCha12Poly1305,const,true,true,"pub const ChaCha12Poly1305 = @import(""crypto/chacha20.zig"").ChaCha12Poly1305;",
crypto.zig,58,8,ChaCha8Poly1305,const,true,true,"pub const ChaCha8Poly1305 = @import(""crypto/chacha20.zig"").ChaCha8Poly1305;",
crypto.zig,59,8,XChaCha20Poly1305,const,true,true,"pub const XChaCha20Poly1305 = @import(""crypto/chacha20.zig"").XChaCha20Poly1305;",
crypto.zig,60,8,XChaCha12Poly1305,const,true,true,"pub const XChaCha12Poly1305 = @import(""crypto/chacha20.zig"").XChaCha12Poly1305;",
crypto.zig,61,8,XChaCha8Poly1305,const,true,true,"pub const XChaCha8Poly1305 = @import(""crypto/chacha20.zig"").XChaCha8Poly1305;",
crypto.zig,64,4,isap,const,true,true,"pub const isap = @import(""crypto/isap.zig"");",
crypto.zig,66,4,salsa_poly,const,false,true,pub const salsa_poly = struct {,
crypto.zig,67,8,XSalsa20Poly1305,const,true,true,"pub const XSalsa20Poly1305 = @import(""crypto/salsa20.zig"").XSalsa20Poly1305;",
crypto.zig,72,0,auth,const,false,true,pub const auth = struct {,Authentication (MAC) functions.
crypto.zig,73,4,hmac,const,true,true,"pub const hmac = @import(""crypto/hmac.zig"");",
crypto.zig,74,4,siphash,const,true,true,"pub const siphash = @import(""crypto/siphash.zig"");",
crypto.zig,75,4,aegis,const,false,true,pub const aegis = struct {,
crypto.zig,77,8,Aegis128X4Mac,const,false,true,pub const Aegis128X4Mac = variants.Aegis128X4Mac;,
crypto.zig,78,8,Aegis128X2Mac,const,false,true,pub const Aegis128X2Mac = variants.Aegis128X2Mac;,
crypto.zig,79,8,Aegis128LMac,const,false,true,pub const Aegis128LMac = variants.Aegis128LMac;,
crypto.zig,81,8,Aegis256X4Mac,const,false,true,pub const Aegis256X4Mac = variants.Aegis256X4Mac;,
crypto.zig,82,8,Aegis256X2Mac,const,false,true,pub const Aegis256X2Mac = variants.Aegis256X2Mac;,
crypto.zig,83,8,Aegis256Mac,const,false,true,pub const Aegis256Mac = variants.Aegis256Mac;,
crypto.zig,85,8,Aegis128X4Mac_128,const,false,true,pub const Aegis128X4Mac_128 = variants.Aegis128X4Mac_128;,
crypto.zig,86,8,Aegis128X2Mac_128,const,false,true,pub const Aegis128X2Mac_128 = variants.Aegis128X2Mac_128;,
crypto.zig,87,8,Aegis128LMac_128,const,false,true,pub const Aegis128LMac_128 = variants.Aegis128LMac_128;,
crypto.zig,89,8,Aegis256X4Mac_128,const,false,true,pub const Aegis256X4Mac_128 = variants.Aegis256X4Mac_128;,
crypto.zig,90,8,Aegis256X2Mac_128,const,false,true,pub const Aegis256X2Mac_128 = variants.Aegis256X2Mac_128;,
crypto.zig,91,8,Aegis256Mac_128,const,false,true,pub const Aegis256Mac_128 = variants.Aegis256Mac_128;,
crypto.zig,93,4,cmac,const,true,true,"pub const cmac = @import(""crypto/cmac.zig"");",
crypto.zig,94,4,cbc_mac,const,true,true,"pub const cbc_mac = @import(""crypto/cbc_mac.zig"");",
crypto.zig,98,0,core,const,false,true,pub const core = struct {,"Core functions, that should rarely be used directly by applications."
crypto.zig,99,4,aes,const,true,true,"pub const aes = @import(""crypto/aes.zig"");",
crypto.zig,100,4,keccak,const,true,true,"pub const keccak = @import(""crypto/keccak_p.zig"");",
crypto.zig,102,4,Ascon,const,true,true,"pub const Ascon = @import(""crypto/ascon.zig"").State;",
crypto.zig,109,4,modes,const,true,true,"pub const modes = @import(""crypto/modes.zig"");","Modes are generic compositions to construct encryption/decryption functions from block ciphers and permutations. |  | These modes are designed to be building blocks for higher-level constructions, and should generally not be used directly by applications, as they may not provide the expected properties and security guarantees. |  | Most applications may want to use AEADs instead."
crypto.zig,113,0,dh,const,false,true,pub const dh = struct {,Diffie-Hellman key exchange functions.
crypto.zig,114,4,X25519,const,true,true,"pub const X25519 = @import(""crypto/25519/x25519.zig"").X25519;",
crypto.zig,118,0,kem,const,false,true,pub const kem = struct {,Key Encapsulation Mechanisms.
crypto.zig,119,4,hybrid,const,true,true,"pub const hybrid = @import(""crypto/hybrid_kem.zig"");",
crypto.zig,120,4,kyber_d00,const,true,true,"pub const kyber_d00 = @import(""crypto/ml_kem.zig"").d00;",
crypto.zig,121,4,ml_kem,const,true,true,"pub const ml_kem = @import(""crypto/ml_kem.zig"").nist;",
crypto.zig,125,0,ecc,const,false,true,pub const ecc = struct {,Elliptic-curve arithmetic.
crypto.zig,126,4,Curve25519,const,true,true,"pub const Curve25519 = @import(""crypto/25519/curve25519.zig"").Curve25519;",
crypto.zig,127,4,Edwards25519,const,true,true,"pub const Edwards25519 = @import(""crypto/25519/edwards25519.zig"").Edwards25519;",
crypto.zig,128,4,P256,const,true,true,"pub const P256 = @import(""crypto/pcurves/p256.zig"").P256;",
crypto.zig,129,4,P384,const,true,true,"pub const P384 = @import(""crypto/pcurves/p384.zig"").P384;",
crypto.zig,130,4,Ristretto255,const,true,true,"pub const Ristretto255 = @import(""crypto/25519/ristretto255.zig"").Ristretto255;",
crypto.zig,131,4,Secp256k1,const,true,true,"pub const Secp256k1 = @import(""crypto/pcurves/secp256k1.zig"").Secp256k1;",
crypto.zig,135,0,hash,const,false,true,pub const hash = struct {,Hash functions.
crypto.zig,136,4,ascon,const,false,true,pub const ascon = struct {,
crypto.zig,138,8,AsconHash256,const,false,true,pub const AsconHash256 = variants.AsconHash256;,
crypto.zig,139,8,AsconXof128,const,false,true,pub const AsconXof128 = variants.AsconXof128;,
crypto.zig,140,8,AsconCxof128,const,false,true,pub const AsconCxof128 = variants.AsconCxof128;,
crypto.zig,142,4,blake2,const,true,true,"pub const blake2 = @import(""crypto/blake2.zig"");",
crypto.zig,143,4,Blake3,const,true,true,"pub const Blake3 = @import(""crypto/blake3.zig"").Blake3;",
crypto.zig,144,4,Md5,const,true,true,"pub const Md5 = @import(""crypto/md5.zig"").Md5;",
crypto.zig,145,4,Sha1,const,true,true,"pub const Sha1 = @import(""crypto/Sha1.zig"");",
crypto.zig,146,4,sha2,const,true,true,"pub const sha2 = @import(""crypto/sha2.zig"");",
crypto.zig,147,4,sha3,const,true,true,"pub const sha3 = @import(""crypto/sha3.zig"");",
crypto.zig,148,4,composition,const,true,true,"pub const composition = @import(""crypto/hash_composition.zig"");",
crypto.zig,152,0,kdf,const,false,true,pub const kdf = struct {,Key derivation functions.
crypto.zig,153,4,hkdf,const,true,true,"pub const hkdf = @import(""crypto/hkdf.zig"");",
crypto.zig,157,0,onetimeauth,const,false,true,pub const onetimeauth = struct {,MAC functions requiring single-use secret keys.
crypto.zig,158,4,Ghash,const,true,true,"pub const Ghash = @import(""crypto/ghash_polyval.zig"").Ghash;",
crypto.zig,159,4,Polyval,const,true,true,"pub const Polyval = @import(""crypto/ghash_polyval.zig"").Polyval;",
crypto.zig,160,4,Poly1305,const,true,true,"pub const Poly1305 = @import(""crypto/poly1305.zig"").Poly1305;",
crypto.zig,179,0,pwhash,const,false,true,pub const pwhash = struct {,"A password hashing function derives a uniform key from low-entropy input material such as passwords. | It is intentionally slow or expensive. |  | With the standard definition of a key derivation function, if a key space is small, an exhaustive search may be practical. | Password hashing functions make exhaustive searches way slower or way more expensive, even when implemented on GPUs and ASICs, by using different, optionally combined strategies: |  | - Requiring a lot of computation cycles to complete | - Requiring a lot of memory to complete | - Requiring multiple CPU cores to complete | - Requiring cache-local data to complete in reasonable time | - Requiring large static tables | - Avoiding precomputations and time/memory tradeoffs | - Requiring multi-party computations | - Combining the input material with random per-entry data (salts), application-specific contexts and keys |  | Password hashing functions must be used whenever sensitive data has to be directly derived from a password."
crypto.zig,180,4,Encoding,const,false,true,pub const Encoding = enum {,
crypto.zig,185,4,Error,const,false,true,pub const Error = HasherError || error{AllocatorRequired};,
crypto.zig,186,4,HasherError,const,false,true,pub const HasherError = KdfError || phc_format.Error;,
crypto.zig,187,4,KdfError,const,false,true,pub const KdfError = errors.Error || std.mem.Allocator.Error || std.Thread.SpawnError || std.Io.Cancelable;,
crypto.zig,189,4,argon2,const,true,true,"pub const argon2 = @import(""crypto/argon2.zig"");",
crypto.zig,190,4,bcrypt,const,true,true,"pub const bcrypt = @import(""crypto/bcrypt.zig"");",
crypto.zig,191,4,scrypt,const,true,true,"pub const scrypt = @import(""crypto/scrypt.zig"");",
crypto.zig,192,4,pbkdf2,const,true,true,"pub const pbkdf2 = @import(""crypto/pbkdf2.zig"").pbkdf2;",
crypto.zig,194,4,phc_format,const,true,true,"pub const phc_format = @import(""crypto/phc_encoding.zig"");",
crypto.zig,198,0,sign,const,false,true,pub const sign = struct {,Digital signature functions.
crypto.zig,199,4,Ed25519,const,true,true,"pub const Ed25519 = @import(""crypto/25519/ed25519.zig"").Ed25519;",
crypto.zig,200,4,ecdsa,const,true,true,"pub const ecdsa = @import(""crypto/ecdsa.zig"");",
crypto.zig,201,4,mldsa,const,true,true,"pub const mldsa = @import(""crypto/ml_dsa.zig"");",
crypto.zig,206,0,stream,const,false,true,pub const stream = struct {,Stream ciphers. These do not provide any kind of authentication. | Most applications should be using AEAD constructions instead of stream ciphers directly.
crypto.zig,207,4,chacha,const,false,true,pub const chacha = struct {,
crypto.zig,208,8,ChaCha20IETF,const,true,true,"pub const ChaCha20IETF = @import(""crypto/chacha20.zig"").ChaCha20IETF;",
crypto.zig,209,8,ChaCha12IETF,const,true,true,"pub const ChaCha12IETF = @import(""crypto/chacha20.zig"").ChaCha12IETF;",
crypto.zig,210,8,ChaCha8IETF,const,true,true,"pub const ChaCha8IETF = @import(""crypto/chacha20.zig"").ChaCha8IETF;",
crypto.zig,211,8,ChaCha20With64BitNonce,const,true,true,"pub const ChaCha20With64BitNonce = @import(""crypto/chacha20.zig"").ChaCha20With64BitNonce;",
crypto.zig,212,8,ChaCha12With64BitNonce,const,true,true,"pub const ChaCha12With64BitNonce = @import(""crypto/chacha20.zig"").ChaCha12With64BitNonce;",
crypto.zig,213,8,ChaCha8With64BitNonce,const,true,true,"pub const ChaCha8With64BitNonce = @import(""crypto/chacha20.zig"").ChaCha8With64BitNonce;",
crypto.zig,214,8,XChaCha20IETF,const,true,true,"pub const XChaCha20IETF = @import(""crypto/chacha20.zig"").XChaCha20IETF;",
crypto.zig,215,8,XChaCha12IETF,const,true,true,"pub const XChaCha12IETF = @import(""crypto/chacha20.zig"").XChaCha12IETF;",
crypto.zig,216,8,XChaCha8IETF,const,true,true,"pub const XChaCha8IETF = @import(""crypto/chacha20.zig"").XChaCha8IETF;",
crypto.zig,219,4,salsa,const,false,true,pub const salsa = struct {,
crypto.zig,220,8,Salsa,const,true,true,"pub const Salsa = @import(""crypto/salsa20.zig"").Salsa;",
crypto.zig,221,8,XSalsa,const,true,true,"pub const XSalsa = @import(""crypto/salsa20.zig"").XSalsa;",
crypto.zig,222,8,Salsa20,const,true,true,"pub const Salsa20 = @import(""crypto/salsa20.zig"").Salsa20;",
crypto.zig,223,8,XSalsa20,const,true,true,"pub const XSalsa20 = @import(""crypto/salsa20.zig"").XSalsa20;",
crypto.zig,227,0,nacl,const,false,true,pub const nacl = struct {,
crypto.zig,230,4,Box,const,false,true,pub const Box = salsa20.Box;,
crypto.zig,231,4,SecretBox,const,false,true,pub const SecretBox = salsa20.SecretBox;,
crypto.zig,232,4,SealedBox,const,false,true,pub const SealedBox = salsa20.SealedBox;,
crypto.zig,236,0,ff,const,true,true,"pub const ff = @import(""crypto/ff.zig"");",Finite-field arithmetic.
crypto.zig,239,0,codecs,const,true,true,"pub const codecs = @import(""crypto/codecs.zig"");",Encoding and decoding
crypto.zig,241,0,errors,const,true,true,"pub const errors = @import(""crypto/errors.zig"");",
crypto.zig,243,0,tls,const,true,true,"pub const tls = @import(""crypto/tls.zig"");",
crypto.zig,244,0,Certificate,const,true,true,"pub const Certificate = @import(""crypto/Certificate.zig"");",
crypto.zig,247,0,SideChannelsMitigations,const,false,true,pub const SideChannelsMitigations = enum {,Side-channels mitigations.
crypto.zig,265,0,default_side_channels_mitigations,const,false,true,pub const default_side_channels_mitigations = .medium;,
crypto.zig,414,0,secureZero,fn,false,true,"pub fn secureZero(comptime T: type, s: []volatile T) void {",Sets a slice to zeroes. | Prevents the store from being optimized out.
crypto/25519/curve25519.zig,9,0,Curve25519,const,false,false,pub const Curve25519 = struct {,Group operations over Curve25519.
crypto/25519/curve25519.zig,11,4,Fe,const,true,false,"pub const Fe = @import(""field.zig"").Fe;",The underlying prime field.
crypto/25519/curve25519.zig,13,4,scalar,const,true,false,"pub const scalar = @import(""scalar.zig"");",Field arithmetic mod the order of the main subgroup.
crypto/25519/curve25519.zig,18,4,fromBytes,fn,false,false,pub fn fromBytes(s: [32]u8) Curve25519 {,Decode a Curve25519 point from its compressed (X) coordinates.
crypto/25519/curve25519.zig,23,4,toBytes,fn,false,false,pub fn toBytes(p: Curve25519) [32]u8 {,Encode a Curve25519 point.
crypto/25519/curve25519.zig,28,4,basePoint,const,false,false,pub const basePoint = Curve25519{ .x = Fe.curve25519BasePoint };,The Curve25519 base point.
crypto/25519/curve25519.zig,31,4,rejectNonCanonical,fn,false,false,pub fn rejectNonCanonical(s: [32]u8) NonCanonicalError!void {,Check that the encoding of a Curve25519 point is canonical.
crypto/25519/curve25519.zig,36,4,rejectIdentity,fn,false,false,pub fn rejectIdentity(p: Curve25519) IdentityElementError!void {,Reject the neutral element.
crypto/25519/curve25519.zig,43,4,clearCofactor,fn,false,false,pub fn clearCofactor(p: Curve25519) WeakPublicKeyError!Curve25519 {,"Multiply a point by the cofactor, returning WeakPublicKey if the element is in a small-order group."
crypto/25519/curve25519.zig,89,4,clampedMul,fn,false,false,"pub fn clampedMul(p: Curve25519, s: [32]u8) IdentityElementError!Curve25519 {","Multiply a Curve25519 point by a scalar after ""clamping"" it. | Clamping forces the scalar to be a multiple of the cofactor in | order to prevent small subgroups attacks. This is the standard | way to use Curve25519 for a DH operation. | Return error.IdentityElement if the resulting point is | the identity element."
crypto/25519/curve25519.zig,99,4,mul,fn,false,false,"pub fn mul(p: Curve25519, s: [32]u8) (IdentityElementError || WeakPublicKeyError)!Curve25519 {",Multiply a Curve25519 point by a scalar without clamping it. | Return error.IdentityElement if the resulting point is | the identity element or error.WeakPublicKey if the public | key is a low-order point.
crypto/25519/curve25519.zig,105,4,elligator2,fn,false,false,pub fn elligator2(r: Fe) Curve25519 {,Elligator2 map for Curve25519.
crypto/25519/curve25519.zig,118,4,fromEdwards25519,fn,false,false,pub fn fromEdwards25519(p: crypto.ecc.Edwards25519) IdentityElementError!Curve25519 {,"Compute the Curve25519 equivalent to an Edwards25519 point. |  | Note that the function doesn't check that the input point is | on the prime order group, e.g. that it is an Ed25519 public key | for which an Ed25519 secret key exists. |  | If this is required, for example for compatibility with libsodium's strict | validation policy, the caller can call the `rejectUnexpectedSubgroup` function | on the input point before calling this function."
crypto/25519/ed25519.zig,17,0,Ed25519,const,false,false,pub const Ed25519 = struct {,Ed25519 (EdDSA) signatures.
crypto/25519/ed25519.zig,19,4,Curve,const,false,false,pub const Curve = std.crypto.ecc.Edwards25519;,The underlying elliptic curve.
crypto/25519/ed25519.zig,22,4,noise_length,const,false,false,pub const noise_length = 32;,"Length (in bytes) of optional random bytes, for non-deterministic signatures."
crypto/25519/ed25519.zig,28,4,SecretKey,const,false,false,pub const SecretKey = struct {,An Ed25519 secret key.
crypto/25519/ed25519.zig,30,8,encoded_length,const,false,false,pub const encoded_length = 64;,Length (in bytes) of a raw secret key.
crypto/25519/ed25519.zig,35,8,seed,fn,false,false,pub fn seed(self: SecretKey) [KeyPair.seed_length]u8 {,Return the seed used to generate this secret key.
crypto/25519/ed25519.zig,40,8,publicKeyBytes,fn,false,false,pub fn publicKeyBytes(self: SecretKey) [PublicKey.encoded_length]u8 {,Return the raw public key bytes corresponding to this secret key.
crypto/25519/ed25519.zig,45,8,fromBytes,fn,false,false,pub fn fromBytes(bytes: [encoded_length]u8) !SecretKey {,Create a secret key from raw bytes.
crypto/25519/ed25519.zig,50,8,toBytes,fn,false,false,pub fn toBytes(sk: SecretKey) [encoded_length]u8 {,Return the secret key as raw bytes.
crypto/25519/ed25519.zig,70,4,Signer,const,false,false,pub const Signer = struct {,"A Signer is used to incrementally compute a signature. | It can be obtained from a `KeyPair`, using the `signer()` function."
crypto/25519/ed25519.zig,90,8,update,fn,false,false,"pub fn update(self: *Signer, data: []const u8) void {",Add new data to the message being signed.
crypto/25519/ed25519.zig,95,8,finalize,fn,false,false,pub fn finalize(self: *Signer) Signature {,Compute a signature over the entire message.
crypto/25519/ed25519.zig,107,4,PublicKey,const,false,false,pub const PublicKey = struct {,An Ed25519 public key.
crypto/25519/ed25519.zig,109,8,encoded_length,const,false,false,pub const encoded_length = 32;,Length (in bytes) of a raw public key.
crypto/25519/ed25519.zig,114,8,fromBytes,fn,false,false,pub fn fromBytes(bytes: [encoded_length]u8) NonCanonicalError!PublicKey {,Create a public key from raw bytes.
crypto/25519/ed25519.zig,120,8,toBytes,fn,false,false,pub fn toBytes(pk: PublicKey) [encoded_length]u8 {,Convert a public key to raw bytes.
crypto/25519/ed25519.zig,148,4,Verifier,const,false,false,pub const Verifier = struct {,"A Verifier is used to incrementally verify a signature. | It can be obtained from a `Signature`, using the `verifier()` function."
crypto/25519/ed25519.zig,154,8,InitError,const,false,false,pub const InitError = NonCanonicalError || EncodingError || IdentityElementError;,
crypto/25519/ed25519.zig,174,8,update,fn,false,false,"pub fn update(self: *Verifier, msg: []const u8) void {",Add new content to the message to be verified.
crypto/25519/ed25519.zig,182,8,VerifyError,const,false,false,pub const VerifyError = WeakPublicKeyError || IdentityElementError ||,
crypto/25519/ed25519.zig,192,8,verify,fn,false,false,pub fn verify(self: *Verifier) VerifyError!void {,"Verify that the signature is valid for the entire message. |  | This function uses cofactored verification for broad interoperability. | It aligns single-signature verification with common batch verification approaches. |  | Return IdentityElement or NonCanonical if the public key or signature are not in the expected range, | or SignatureVerificationError if the signature is invalid for the given message and key."
crypto/25519/ed25519.zig,218,8,verifyStrict,fn,false,false,pub fn verifyStrict(self: *Verifier) VerifyError!void {,"Verify that the signature is valid for the entire message using cofactorless verification. |  | This function performs strict verification without cofactor multiplication, | checking the exact equation: [s]B = R + [H(R,A,m)]A |  | This is more restrictive than the cofactored `verify()` method and may reject | specially crafted signatures that would be accepted by cofactored verification. | But it will never reject valid signatures created using the `sign()` method. |  | Return IdentityElement or NonCanonical if the public key or signature are not in the expected range, | or SignatureVerificationError if the signature is invalid for the given message and key."
crypto/25519/ed25519.zig,235,4,Signature,const,false,false,pub const Signature = struct {,An Ed25519 signature.
crypto/25519/ed25519.zig,237,8,encoded_length,const,false,false,pub const encoded_length = Curve.encoded_length + @sizeOf(CompressedScalar);,Length (in bytes) of a raw signature.
crypto/25519/ed25519.zig,245,8,toBytes,fn,false,false,pub fn toBytes(sig: Signature) [encoded_length]u8 {,"Return the raw signature (r, s) in little-endian format."
crypto/25519/ed25519.zig,254,8,fromBytes,fn,false,false,pub fn fromBytes(bytes: [encoded_length]u8) Signature {,"Create a signature from a raw encoding of (r, s). | EdDSA always assumes little-endian."
crypto/25519/ed25519.zig,262,8,verifier,fn,false,false,"pub fn verifier(sig: Signature, public_key: PublicKey) Verifier.InitError!Verifier {",Create a Verifier for incremental verification of a signature.
crypto/25519/ed25519.zig,266,8,VerifyError,const,false,false,pub const VerifyError = Verifier.InitError || Verifier.VerifyError;,
crypto/25519/ed25519.zig,275,8,verify,fn,false,false,"pub fn verify(sig: Signature, msg: []const u8, public_key: PublicKey) VerifyError!void {","Verify the signature against a message and public key. |  | This function uses cofactored verification for broad interoperability. | It aligns single-signature verification with common batch verification approaches. |  | Return IdentityElement or NonCanonical if the public key or signature are not in the expected range, | or SignatureVerificationError if the signature is invalid for the given message and key."
crypto/25519/ed25519.zig,292,8,verifyStrict,fn,false,false,"pub fn verifyStrict(sig: Signature, msg: []const u8, public_key: PublicKey) VerifyError!void {","Verify the signature against a message and public key using cofactorless verification. |  | This performs strict verification without cofactor multiplication, | checking the exact equation: [s]B = R + [H(R,A,m)]A |  | This is more restrictive than the standard `verify()` method and may reject | specially crafted signatures that would be accepted by cofactored verification. | But it will never reject valid signatures created using the `sign()` method. |  | Return IdentityElement or NonCanonical if the public key or signature are not in the expected range, | or SignatureVerificationError if the signature is invalid for the given message and key."
crypto/25519/ed25519.zig,300,4,KeyPair,const,false,false,pub const KeyPair = struct {,An Ed25519 key pair.
crypto/25519/ed25519.zig,302,8,seed_length,const,false,false,pub const seed_length = noise_length;,Length (in bytes) of a seed required to create a key pair.
crypto/25519/ed25519.zig,319,8,generateDeterministic,fn,false,false,pub fn generateDeterministic(seed: [seed_length]u8) IdentityElementError!KeyPair {,"Deterministically derive a key pair from a cryptograpically secure secret seed. |  | To create a new key, applications should generally call `generate()` instead of this function. |  | As in RFC 8032, an Ed25519 public key is generated by hashing | the secret key using the SHA-512 function, and interpreting the | bit-swapped, clamped lower-half of the output as the secret scalar. |  | For this reason, an EdDSA secret key is commonly called a seed, | from which the actual secret is derived."
crypto/25519/ed25519.zig,336,8,generate,fn,false,false,pub fn generate(io: std.Io) KeyPair {,"Generate a new, random key pair."
crypto/25519/ed25519.zig,354,8,fromSecretKey,fn,false,false,pub fn fromSecretKey(secret_key: SecretKey) (NonCanonicalError || EncodingError || IdentityElementError)!KeyPair {,"Create a key pair from an existing secret key. |  | Note that with EdDSA, storing the seed, and recovering the key pair | from it is recommended over storing the entire secret key. | The seed of an exiting key pair can be obtained with | `key_pair.secret_key.seed()`, and the secret key can then be | recomputed using `SecretKey.generateDeterministic()`."
crypto/25519/ed25519.zig,375,8,sign,fn,false,false,"pub fn sign(key_pair: KeyPair, msg: []const u8, noise: ?[noise_length]u8) (IdentityElementError || NonCanonicalError || KeyMismatchError || WeakPublicKeyError)!Signature {","Sign a message using the key pair. | The noise can be null in order to create deterministic signatures. | If deterministic signatures are not required, the noise should be randomly generated instead. | This helps defend against fault attacks."
crypto/25519/ed25519.zig,392,8,signerWithBaseNonce,fn,false,false,pub fn signerWithBaseNonce(,"Create a signer that can be used for incremental signing, using a custom base nonce. | `base_nonce` must be unique for each signed message; otherwise, the secret key can | be trivially recovered by an attacker. | It can be generated using a cryptographically secure random number generator."
crypto/25519/ed25519.zig,417,8,signer,fn,false,false,pub fn signer(,"Create a Signer, that can be used for incremental signing. | Note that the signature is not deterministic."
crypto/25519/ed25519.zig,431,4,BatchElement,const,false,false,pub const BatchElement = struct {,"A (signature, message, public_key) tuple for batch verification"
crypto/25519/ed25519.zig,438,4,verifyBatch,fn,false,false,"pub fn verifyBatch(io: std.Io, comptime count: usize, signature_batch: [count]BatchElement) (SignatureVerificationError || IdentityElementError || WeakPublicKeyError || EncodingError || NonCanonicalError)!void {","Verify several signatures in a single operation, much faster than verifying signatures one-by-one"
crypto/25519/ed25519.zig,498,4,key_blinding,const,false,false,pub const key_blinding = struct {,Ed25519 signatures with key blinding.
crypto/25519/ed25519.zig,500,8,blind_seed_length,const,false,false,pub const blind_seed_length = 32;,Length (in bytes) of a blinding seed.
crypto/25519/ed25519.zig,503,8,BlindSecretKey,const,false,false,pub const BlindSecretKey = struct {,A blind secret key.
crypto/25519/ed25519.zig,510,8,BlindPublicKey,const,false,false,pub const BlindPublicKey = struct {,A blind public key.
crypto/25519/ed25519.zig,515,12,unblind,fn,false,false,"pub fn unblind(blind_public_key: BlindPublicKey, blind_seed: [blind_seed_length]u8, ctx: []const u8) (IdentityElementError || NonCanonicalError || EncodingError || WeakPublicKeyError)!PublicKey {",Recover a public key from a blind version of it.
crypto/25519/ed25519.zig,524,8,BlindKeyPair,const,false,false,pub const BlindKeyPair = struct {,A blind key pair.
crypto/25519/ed25519.zig,529,12,init,fn,false,false,"pub fn init(key_pair: Ed25519.KeyPair, blind_seed: [blind_seed_length]u8, ctx: []const u8) (NonCanonicalError || IdentityElementError)!BlindKeyPair {","Create an blind key pair from an existing key pair, a blinding seed and a context."
crypto/25519/ed25519.zig,561,12,sign,fn,false,false,"pub fn sign(key_pair: BlindKeyPair, msg: []const u8, noise: ?[noise_length]u8) (IdentityElementError || KeyMismatchError || NonCanonicalError || WeakPublicKeyError)!Signature {","Sign a message using a blind key pair, and optional random noise. | Having noise creates non-standard, non-deterministic signatures, | but has been proven to increase resilience against fault attacks."
crypto/25519/edwards25519.zig,15,0,Edwards25519,const,false,false,pub const Edwards25519 = struct {,Group operations over Edwards25519.
crypto/25519/edwards25519.zig,17,4,Fe,const,true,false,"pub const Fe = @import(""field.zig"").Fe;",The underlying prime field.
crypto/25519/edwards25519.zig,19,4,scalar,const,true,false,"pub const scalar = @import(""scalar.zig"");",Field arithmetic mod the order of the main subgroup.
crypto/25519/edwards25519.zig,21,4,encoded_length,const,false,false,pub const encoded_length: usize = 32;,Length in bytes of a compressed representation of a point.
crypto/25519/edwards25519.zig,31,4,fromBytes,fn,false,false,pub fn fromBytes(s: [encoded_length]u8) EncodingError!Edwards25519 {,Decode an Edwards25519 point from its compressed (Y+sign) coordinates.
crypto/25519/edwards25519.zig,52,4,toBytes,fn,false,false,pub fn toBytes(p: Edwards25519) [encoded_length]u8 {,Encode an Edwards25519 point.
crypto/25519/edwards25519.zig,60,4,rejectNonCanonical,fn,false,false,pub fn rejectNonCanonical(s: [32]u8) NonCanonicalError!void {,Check that the encoding of a point is canonical.
crypto/25519/edwards25519.zig,65,4,basePoint,const,false,false,pub const basePoint = Edwards25519{,The edwards25519 base point.
crypto/25519/edwards25519.zig,73,4,identityElement,const,false,false,"pub const identityElement = Edwards25519{ .x = Fe.zero, .y = Fe.one, .z = Fe.one, .t = Fe.zero };",
crypto/25519/edwards25519.zig,76,4,rejectIdentity,fn,false,false,pub fn rejectIdentity(p: Edwards25519) IdentityElementError!void {,Reject the neutral element.
crypto/25519/edwards25519.zig,88,4,rejectUnexpectedSubgroup,fn,false,false,pub fn rejectUnexpectedSubgroup(p: Edwards25519) (WeakPublicKeyError || UnexpectedSubgroupError)!void {,Reject a point if it is not in the prime order subgroup generated by the standard base point. |  | If the point is not in the main subgroup: |  | - `WeakPublicKeyError` is returned if the point belongs to a low-order subgroup. | - `UnexpectedSubgroupError` is returned otherwise.
crypto/25519/edwards25519.zig,123,4,clearCofactor,fn,false,false,pub fn clearCofactor(p: Edwards25519) Edwards25519 {,Multiply a point by the cofactor
crypto/25519/edwards25519.zig,129,4,rejectLowOrder,fn,false,false,pub fn rejectLowOrder(p: Edwards25519) WeakPublicKeyError!void {,Check that the point does not generate a low-order group. | Return a `WeakPublicKey` error if it does.
crypto/25519/edwards25519.zig,139,4,neg,fn,false,false,pub fn neg(p: Edwards25519) Edwards25519 {,Flip the sign of the X coordinate.
crypto/25519/edwards25519.zig,144,4,dbl,fn,false,false,pub fn dbl(p: Edwards25519) Edwards25519 {,Double an Edwards25519 point.
crypto/25519/edwards25519.zig,161,4,add,fn,false,false,"pub fn add(p: Edwards25519, q: Edwards25519) Edwards25519 {",Add two Edwards25519 points.
crypto/25519/edwards25519.zig,180,4,sub,fn,false,false,"pub fn sub(p: Edwards25519, q: Edwards25519) Edwards25519 {",Subtract two Edwards25519 points.
crypto/25519/edwards25519.zig,289,4,mul,fn,false,false,"pub fn mul(p: Edwards25519, s: [32]u8) (IdentityElementError || WeakPublicKeyError)!Edwards25519 {","Multiply an Edwards25519 point by a scalar without clamping it. | Return error.WeakPublicKey if the base generates a small-order group, | and error.IdentityElement if the result is the identity element."
crypto/25519/edwards25519.zig,300,4,mulPublic,fn,false,false,"pub fn mulPublic(p: Edwards25519, s: [32]u8) (IdentityElementError || WeakPublicKeyError)!Edwards25519 {",Multiply an Edwards25519 point by a *PUBLIC* scalar *IN VARIABLE TIME* | This can be used for signature verification.
crypto/25519/edwards25519.zig,312,4,mulDoubleBasePublic,fn,false,false,"pub fn mulDoubleBasePublic(p1: Edwards25519, s1: [32]u8, p2: Edwards25519, s2: [32]u8) WeakPublicKeyError!Edwards25519 {",Double-base multiplication of public parameters - Compute (p1*s1)+(p2*s2) *IN VARIABLE TIME* | This can be used for signature verification.
crypto/25519/edwards25519.zig,350,4,mulMulti,fn,false,false,"pub fn mulMulti(comptime count: usize, ps: [count]Edwards25519, ss: [count][32]u8) (IdentityElementError || WeakPublicKeyError)!Edwards25519 {",Multiscalar multiplication *IN VARIABLE TIME* for public data | Computes ps0*ss0 + ps1*ss1 + ps2*ss2... faster than doing many of these operations individually
crypto/25519/edwards25519.zig,392,4,clampedMul,fn,false,false,"pub fn clampedMul(p: Edwards25519, s: [32]u8) (IdentityElementError || WeakPublicKeyError)!Edwards25519 {","Multiply an Edwards25519 point by a scalar after ""clamping"" it. | Clamping forces the scalar to be a multiple of the cofactor in | order to prevent small subgroups attacks. | This is strongly recommended for DH operations. | Return error.WeakPublicKey if the resulting point is | the identity element."
crypto/25519/edwards25519.zig,428,4,elligator2,fn,false,false,"pub fn elligator2(r: Fe) struct { x: Fe, y: Fe, not_square: bool } {",Elligator2 map - Returns Montgomery affine coordinates
crypto/25519/edwards25519.zig,450,4,fromHash,fn,false,false,pub fn fromHash(h: [64]u8) Edwards25519 {,Map a 64-bit hash into an Edwards25519 point
crypto/25519/edwards25519.zig,517,4,fromString,fn,false,false,"pub fn fromString(comptime random_oracle: bool, ctx: []const u8, s: []const u8) Edwards25519 {","Hash a context `ctx` and a string `s` into an Edwards25519 point |  | This function implements the edwards25519_XMD:SHA-512_ELL2_RO_ and edwards25519_XMD:SHA-512_ELL2_NU_ | methods from the ""Hashing to Elliptic Curves"" standard document. |  | Although not strictly required by the standard, it is recommended to avoid NUL characters in | the context in order to be compatible with other implementations."
crypto/25519/edwards25519.zig,527,4,fromUniform,fn,false,false,pub fn fromUniform(r: [32]u8) Edwards25519 {,Map a 32 bit uniform bit string into an edwards25519 point
crypto/25519/field.zig,14,0,Fe,const,false,false,pub const Fe = struct {,
crypto/25519/field.zig,20,4,zero,const,false,false,"pub const zero = Fe{ .limbs = .{ 0, 0, 0, 0, 0 } };",0
crypto/25519/field.zig,23,4,one,const,false,false,"pub const one = Fe{ .limbs = .{ 1, 0, 0, 0, 0 } };",1
crypto/25519/field.zig,26,4,sqrtm1,const,false,false,"pub const sqrtm1 = Fe{ .limbs = .{ 1718705420411056, 234908883556509, 2233514472574048, 2117202627021982, 765476049583133 } };",sqrt(-1)
crypto/25519/field.zig,29,4,curve25519BasePoint,const,false,false,"pub const curve25519BasePoint = Fe{ .limbs = .{ 9, 0, 0, 0, 0 } };",The Curve25519 base point
crypto/25519/field.zig,32,4,edwards25519d,const,false,false,"pub const edwards25519d = Fe{ .limbs = .{ 929955233495203, 466365720129213, 1662059464998953, 2033849074728123, 1442794654840575 } };",Edwards25519 d = 37095705934669439343138083508754565189542113879843219016388785533085940283555
crypto/25519/field.zig,35,4,edwards25519d2,const,false,false,"pub const edwards25519d2 = Fe{ .limbs = .{ 1859910466990425, 932731440258426, 1072319116312658, 1815898335770999, 633789495995903 } };",Edwards25519 2d
crypto/25519/field.zig,38,4,edwards25519sqrtamd,const,false,false,"pub const edwards25519sqrtamd = Fe{ .limbs = .{ 278908739862762, 821645201101625, 8113234426968, 1777959178193151, 2118520810568447 } };",Edwards25519 1/sqrt(a-d)
crypto/25519/field.zig,41,4,edwards25519eonemsqd,const,false,false,"pub const edwards25519eonemsqd = Fe{ .limbs = .{ 1136626929484150, 1998550399581263, 496427632559748, 118527312129759, 45110755273534 } };",Edwards25519 1-d^2
crypto/25519/field.zig,44,4,edwards25519sqdmone,const,false,false,"pub const edwards25519sqdmone = Fe{ .limbs = .{ 1507062230895904, 1572317787530805, 683053064812840, 317374165784489, 1572899562415810 } };",Edwards25519 (d-1)^2
crypto/25519/field.zig,47,4,edwards25519sqrtadm1,const,false,false,"pub const edwards25519sqrtadm1 = Fe{ .limbs = .{ 2241493124984347, 425987919032274, 2207028919301688, 1220490630685848, 974799131293748 } };",Edwards25519 sqrt(ad-1) with a = -1 (mod p)
crypto/25519/field.zig,50,4,edwards25519a_32,const,false,false,pub const edwards25519a_32: u32 = 486662;,"Edwards25519 A, as a single limb"
crypto/25519/field.zig,53,4,edwards25519a,const,false,false,"pub const edwards25519a = Fe{ .limbs = .{ @as(u64, edwards25519a_32), 0, 0, 0, 0 } };",Edwards25519 A
crypto/25519/field.zig,56,4,edwards25519sqrtam2,const,false,false,"pub const edwards25519sqrtam2 = Fe{ .limbs = .{ 1693982333959686, 608509411481997, 2235573344831311, 947681270984193, 266558006233600 } };",Edwards25519 sqrt(A-2)
crypto/25519/field.zig,59,4,isZero,fn,false,false,pub fn isZero(fe: Fe) bool {,Return true if the field element is zero
crypto/25519/field.zig,67,4,equivalent,fn,false,false,"pub fn equivalent(a: Fe, b: Fe) bool {",Return true if both field elements are equivalent
crypto/25519/field.zig,72,4,fromBytes,fn,false,false,pub fn fromBytes(s: [32]u8) Fe {,Unpack a field element
crypto/25519/field.zig,84,4,toBytes,fn,false,false,pub fn toBytes(fe: Fe) [32]u8 {,Pack a field element
crypto/25519/field.zig,97,4,fromBytes64,fn,false,false,pub fn fromBytes64(s: [64]u8) Fe {,Map a 64 bytes big endian string into a field element
crypto/25519/field.zig,119,4,rejectNonCanonical,fn,false,false,"pub fn rejectNonCanonical(s: [32]u8, comptime ignore_extra_bit: bool) NonCanonicalError!void {","Reject non-canonical encodings of an element, possibly ignoring the top bit"
crypto/25519/field.zig,171,4,add,fn,false,false,"pub fn add(a: Fe, b: Fe) Fe {",Add a field element
crypto/25519/field.zig,181,4,sub,fn,false,false,"pub fn sub(a: Fe, b: Fe) Fe {",Subtract a field element
crypto/25519/field.zig,200,4,neg,fn,false,false,pub fn neg(a: Fe) Fe {,Negate a field element
crypto/25519/field.zig,205,4,isNegative,fn,false,false,pub fn isNegative(a: Fe) bool {,Return true if a field element is negative
crypto/25519/field.zig,210,4,cMov,fn,false,false,"pub fn cMov(fe: *Fe, a: Fe, c: u64) void {",Conditonally replace a field element with `a` if `c` is positive
crypto/25519/field.zig,228,4,cSwap2,fn,false,false,"pub fn cSwap2(a0: *Fe, b0: *Fe, a1: *Fe, b1: *Fe, c: u64) void {",Conditionally swap two pairs of field elements if `c` is positive
crypto/25519/field.zig,272,4,mul,fn,false,false,"pub fn mul(a: Fe, b: Fe) callconv(bloaty_inline) Fe {",Multiply two field elements
crypto/25519/field.zig,324,4,sq,fn,false,false,pub fn sq(a: Fe) Fe {,Square a field element
crypto/25519/field.zig,329,4,sq2,fn,false,false,pub fn sq2(a: Fe) Fe {,Square and double a field element
crypto/25519/field.zig,334,4,mul32,fn,false,false,"pub fn mul32(a: Fe, comptime n: u32) Fe {",Multiply a field element with a small (32-bit) integer
crypto/25519/field.zig,359,4,invert,fn,false,false,pub fn invert(a: Fe) Fe {,"Return the inverse of a field element, or 0 if a=0."
crypto/25519/field.zig,374,4,pow2523,fn,false,false,pub fn pow2523(a: Fe) Fe {,Return a^((p-5)/8) = a^(2^252-3) | Used to compute square roots since we have p=5 (mod 8); see Cohen and Frey.
crypto/25519/field.zig,386,4,abs,fn,false,false,pub fn abs(a: Fe) Fe {,Return the absolute value of a field element
crypto/25519/field.zig,393,4,isSquare,fn,false,false,pub fn isSquare(a: Fe) bool {,Return true if the field element is a square
crypto/25519/field.zig,418,4,sqrt,fn,false,false,pub fn sqrt(x2: Fe) NotSquareError!Fe {,"Compute the square root of `x2`, returning `error.NotSquare` if `x2` was not a square"
crypto/25519/ristretto255.zig,10,0,Ristretto255,const,false,false,pub const Ristretto255 = struct {,Group operations over Edwards25519.
crypto/25519/ristretto255.zig,12,4,Curve,const,true,false,"pub const Curve = @import(""edwards25519.zig"").Edwards25519;",The underlying elliptic curve.
crypto/25519/ristretto255.zig,14,4,Fe,const,false,false,pub const Fe = Curve.Fe;,The underlying prime field.
crypto/25519/ristretto255.zig,16,4,scalar,const,false,false,pub const scalar = Curve.scalar;,Field arithmetic mod the order of the main subgroup.
crypto/25519/ristretto255.zig,18,4,encoded_length,const,false,false,pub const encoded_length: usize = 32;,Length in byte of an encoded element.
crypto/25519/ristretto255.zig,45,4,rejectIdentity,fn,false,false,pub fn rejectIdentity(p: Ristretto255) IdentityElementError!void {,Reject the neutral element.
crypto/25519/ristretto255.zig,50,4,basePoint,const,false,false,pub const basePoint = Ristretto255{ .p = Curve.basePoint };,The base point (Ristretto is a curve in desguise).
crypto/25519/ristretto255.zig,53,4,fromBytes,fn,false,false,pub fn fromBytes(s: [encoded_length]u8) (NonCanonicalError || EncodingError)!Ristretto255 {,Decode a Ristretto255 representative.
crypto/25519/ristretto255.zig,83,4,toBytes,fn,false,false,pub fn toBytes(e: Ristretto255) [encoded_length]u8 {,Encode to a Ristretto255 representative.
crypto/25519/ristretto255.zig,137,4,fromUniform,fn,false,false,pub fn fromUniform(h: [64]u8) Ristretto255 {,Map a 64-bit string into a Ristretto255 group element
crypto/25519/ristretto255.zig,144,4,dbl,fn,false,false,pub fn dbl(p: Ristretto255) Ristretto255 {,Double a Ristretto255 element.
crypto/25519/ristretto255.zig,149,4,add,fn,false,false,"pub fn add(p: Ristretto255, q: Ristretto255) Ristretto255 {",Add two Ristretto255 elements.
crypto/25519/ristretto255.zig,154,4,sub,fn,false,false,"pub fn sub(p: Ristretto255, q: Ristretto255) Ristretto255 {",Subtract two Ristretto255 elements.
crypto/25519/ristretto255.zig,161,4,mul,fn,false,false,"pub fn mul(p: Ristretto255, s: [encoded_length]u8) (IdentityElementError || WeakPublicKeyError)!Ristretto255 {",Multiply a Ristretto255 element with a scalar. | Return error.WeakPublicKey if the resulting element is | the identity element.
crypto/25519/ristretto255.zig,166,4,equivalent,fn,false,false,"pub fn equivalent(p: Ristretto255, q: Ristretto255) bool {",Return true if two Ristretto255 elements are equivalent
crypto/25519/scalar.zig,8,0,field_order,const,false,false,pub const field_order: u256 = 7237005577332262213973186563042994240857116359379907606001950938285454250989;,The scalar field order.
crypto/25519/scalar.zig,11,0,CompressedScalar,const,false,false,pub const CompressedScalar = [32]u8;,A compressed scalar
crypto/25519/scalar.zig,14,0,zero,const,false,false,pub const zero = [_]u8{0} ** 32;,Zero
crypto/25519/scalar.zig,23,0,rejectNonCanonical,fn,false,false,pub fn rejectNonCanonical(s: CompressedScalar) NonCanonicalError!void {,Reject a scalar whose encoding is not canonical.
crypto/25519/scalar.zig,40,0,reduce,fn,false,false,pub fn reduce(s: CompressedScalar) CompressedScalar {,Reduce a scalar to the field size.
crypto/25519/scalar.zig,46,0,reduce64,fn,false,false,pub fn reduce64(s: [64]u8) CompressedScalar {,Reduce a 64-bytes scalar to the field size.
crypto/25519/scalar.zig,53,0,clamp,fn,false,false,pub fn clamp(s: *CompressedScalar) void {,"Perform the X25519 ""clamping"" operation. | The scalar is then guaranteed to be a multiple of the cofactor."
crypto/25519/scalar.zig,59,0,mul,fn,false,false,"pub fn mul(a: CompressedScalar, b: CompressedScalar) CompressedScalar {",Return a*b (mod L)
crypto/25519/scalar.zig,64,0,mulAdd,fn,false,false,"pub fn mulAdd(a: CompressedScalar, b: CompressedScalar, c: CompressedScalar) CompressedScalar {",Return a*b+c (mod L)
crypto/25519/scalar.zig,69,0,mul8,fn,false,false,pub fn mul8(s: CompressedScalar) CompressedScalar {,Return a*8 (mod L)
crypto/25519/scalar.zig,78,0,add,fn,false,false,"pub fn add(a: CompressedScalar, b: CompressedScalar) CompressedScalar {",Return a+b (mod L)
crypto/25519/scalar.zig,83,0,neg,fn,false,false,pub fn neg(s: CompressedScalar) CompressedScalar {,Return -s (mod L)
crypto/25519/scalar.zig,99,0,sub,fn,false,false,"pub fn sub(a: CompressedScalar, b: CompressedScalar) CompressedScalar {",Return (a-b) (mod L)
crypto/25519/scalar.zig,104,0,random,fn,false,false,pub fn random(io: std.Io) CompressedScalar {,Return a random scalar < L
crypto/25519/scalar.zig,109,0,Scalar,const,false,false,pub const Scalar = struct {,A scalar in unpacked representation
crypto/25519/scalar.zig,114,4,fromBytes,fn,false,false,pub fn fromBytes(bytes: CompressedScalar) Scalar {,Unpack a 32-byte representation of a scalar
crypto/25519/scalar.zig,120,4,fromBytes64,fn,false,false,pub fn fromBytes64(bytes: [64]u8) Scalar {,Unpack a 64-byte representation of a scalar
crypto/25519/scalar.zig,126,4,toBytes,fn,false,false,pub fn toBytes(expanded: *const Scalar) CompressedScalar {,Pack a scalar into bytes
crypto/25519/scalar.zig,137,4,isZero,fn,false,false,pub fn isZero(n: Scalar) bool {,Return true if the scalar is zero
crypto/25519/scalar.zig,143,4,add,fn,false,false,"pub fn add(x: Scalar, y: Scalar) Scalar {",Return x+y (mod L)
crypto/25519/scalar.zig,200,4,mul,fn,false,false,"pub fn mul(x: Scalar, y: Scalar) Scalar {",Return x*r (mod L)
crypto/25519/scalar.zig,512,4,sq,fn,false,false,pub fn sq(x: Scalar) Scalar {,Return x^2 (mod L)
crypto/25519/scalar.zig,532,4,invert,fn,false,false,pub fn invert(x: Scalar) Scalar {,"Return the inverse of a scalar (mod L), or 0 if x=0."
crypto/25519/scalar.zig,563,4,random,fn,false,false,pub fn random(io: std.Io) Scalar {,Return a random scalar < L.
crypto/25519/x25519.zig,13,0,X25519,const,false,false,pub const X25519 = struct {,X25519 DH function.
crypto/25519/x25519.zig,15,4,Curve,const,true,false,"pub const Curve = @import(""curve25519.zig"").Curve25519;",The underlying elliptic curve.
crypto/25519/x25519.zig,17,4,secret_length,const,false,false,pub const secret_length = 32;,Length (in bytes) of a secret key.
crypto/25519/x25519.zig,19,4,public_length,const,false,false,pub const public_length = 32;,Length (in bytes) of a public key.
crypto/25519/x25519.zig,21,4,shared_length,const,false,false,pub const shared_length = 32;,Length (in bytes) of the output of the DH function.
crypto/25519/x25519.zig,23,4,seed_length,const,false,false,pub const seed_length = 32;,Seed (for key pair creation) length in bytes.
crypto/25519/x25519.zig,26,4,KeyPair,const,false,false,pub const KeyPair = struct {,An X25519 key pair.
crypto/25519/x25519.zig,35,8,generateDeterministic,fn,false,false,pub fn generateDeterministic(seed: [seed_length]u8) IdentityElementError!KeyPair {,"Deterministically derive a key pair from a cryptograpically secure secret seed. |  | Except in tests, applications should generally call `generate()` instead of this function."
crypto/25519/x25519.zig,44,8,generate,fn,false,false,pub fn generate(io: std.Io) KeyPair {,"Generate a new, random key pair."
crypto/25519/x25519.zig,56,8,fromEd25519,fn,false,false,pub fn fromEd25519(ed25519_key_pair: crypto.sign.Ed25519.KeyPair) (IdentityElementError || EncodingError)!KeyPair {,Create a key pair from an Ed25519 key pair
crypto/25519/x25519.zig,71,4,recoverPublicKey,fn,false,false,pub fn recoverPublicKey(secret_key: [secret_length]u8) IdentityElementError![public_length]u8 {,Compute the public key for a given private key.
crypto/25519/x25519.zig,77,4,publicKeyFromEd25519,fn,false,false,pub fn publicKeyFromEd25519(ed25519_public_key: crypto.sign.Ed25519.PublicKey) (IdentityElementError || EncodingError)![public_length]u8 {,Compute the X25519 equivalent to an Ed25519 public eky.
crypto/25519/x25519.zig,86,4,scalarmult,fn,false,false,"pub fn scalarmult(secret_key: [secret_length]u8, public_key: [public_length]u8) IdentityElementError![shared_length]u8 {",Compute the scalar product of a public key and a secret scalar. | Note that the output should not be used as a shared secret without | hashing it first.
crypto/Certificate.zig,4,0,Bundle,const,true,false,"pub const Bundle = @import(""Certificate/Bundle.zig"");",
crypto/Certificate.zig,5,0,Chain,const,false,false,pub const Chain = switch (builtin.os.tag) {,
crypto/Certificate.zig,10,0,Version,const,false,false,"pub const Version = enum { v1, v2, v3 };",
crypto/Certificate.zig,12,0,Algorithm,const,false,false,pub const Algorithm = enum {,
crypto/Certificate.zig,26,4,map,const,false,false,pub const map = std.StaticStringMap(Algorithm).initComptime(.{,
crypto/Certificate.zig,41,4,Hash,fn,false,false,pub fn Hash(comptime algorithm: Algorithm) type {,
crypto/Certificate.zig,54,0,AlgorithmCategory,const,false,false,pub const AlgorithmCategory = enum {,
crypto/Certificate.zig,60,4,map,const,false,false,pub const map = std.StaticStringMap(AlgorithmCategory).initComptime(.{,
crypto/Certificate.zig,68,0,Attribute,const,false,false,pub const Attribute = enum {,
crypto/Certificate.zig,82,4,map,const,false,false,pub const map = std.StaticStringMap(Attribute).initComptime(.{,
crypto/Certificate.zig,98,0,NamedCurve,const,false,false,pub const NamedCurve = enum {,
crypto/Certificate.zig,103,4,map,const,false,false,pub const map = std.StaticStringMap(NamedCurve).initComptime(.{,
crypto/Certificate.zig,109,4,Curve,fn,false,false,pub fn Curve(comptime curve: NamedCurve) type {,
crypto/Certificate.zig,118,0,ExtensionId,const,false,false,pub const ExtensionId = enum {,
crypto/Certificate.zig,139,4,map,const,false,false,pub const map = std.StaticStringMap(ExtensionId).initComptime(.{,
crypto/Certificate.zig,165,0,GeneralNameTag,const,false,false,pub const GeneralNameTag = enum(u5) {,
crypto/Certificate.zig,178,0,Parsed,const,false,false,pub const Parsed = struct {,
crypto/Certificate.zig,192,4,PubKeyAlgo,const,false,false,pub const PubKeyAlgo = union(AlgorithmCategory) {,
crypto/Certificate.zig,199,4,Validity,const,false,false,pub const Validity = struct {,
crypto/Certificate.zig,204,4,Slice,const,false,false,pub const Slice = der.Element.Slice;,
crypto/Certificate.zig,206,4,slice,fn,false,false,"pub fn slice(p: Parsed, s: Slice) []const u8 {",
crypto/Certificate.zig,210,4,issuer,fn,false,false,pub fn issuer(p: Parsed) []const u8 {,
crypto/Certificate.zig,214,4,subject,fn,false,false,pub fn subject(p: Parsed) []const u8 {,
crypto/Certificate.zig,218,4,commonName,fn,false,false,pub fn commonName(p: Parsed) []const u8 {,
crypto/Certificate.zig,222,4,signature,fn,false,false,pub fn signature(p: Parsed) []const u8 {,
crypto/Certificate.zig,226,4,pubKey,fn,false,false,pub fn pubKey(p: Parsed) []const u8 {,
crypto/Certificate.zig,230,4,message,fn,false,false,pub fn message(p: Parsed) []const u8 {,
crypto/Certificate.zig,234,4,subjectAltName,fn,false,false,pub fn subjectAltName(p: Parsed) []const u8 {,
crypto/Certificate.zig,238,4,VerifyError,const,false,false,pub const VerifyError = error{,
crypto/Certificate.zig,257,4,verify,fn,false,false,"pub fn verify(parsed_subject: Parsed, parsed_issuer: Parsed, now_sec: i64) VerifyError!void {",This function verifies: | * That the subject's issuer is indeed the provided issuer. | * The time validity of the subject. | * The signature.
crypto/Certificate.zig,308,4,VerifyHostNameError,const,false,false,pub const VerifyHostNameError = error{,
crypto/Certificate.zig,313,4,verifyHostName,fn,false,false,"pub fn verifyHostName(parsed_subject: Parsed, host_name: []const u8) VerifyHostNameError!void {",
crypto/Certificate.zig,420,0,ParseError,const,false,false,pub const ParseError = der.Element.ParseError || ParseVersionError || ParseTimeError || ParseEnumError || ParseBitStringError;,
crypto/Certificate.zig,422,0,parse,fn,false,false,pub fn parse(cert: Certificate) ParseError!Parsed {,
crypto/Certificate.zig,551,0,verify,fn,false,false,"pub fn verify(subject: Certificate, issuer: Certificate, now_sec: i64) !void {",
crypto/Certificate.zig,557,0,contents,fn,false,false,"pub fn contents(cert: Certificate, elem: der.Element) []const u8 {",
crypto/Certificate.zig,561,0,ParseBitStringError,const,false,false,"pub const ParseBitStringError = error{ CertificateFieldHasWrongDataType, CertificateHasInvalidBitString };",
crypto/Certificate.zig,563,0,parseBitString,fn,false,false,"pub fn parseBitString(cert: Certificate, elem: der.Element) !der.Element.Slice {",
crypto/Certificate.zig,569,0,ParseTimeError,const,false,false,"pub const ParseTimeError = error{ CertificateTimeInvalid, CertificateFieldHasWrongDataType };",
crypto/Certificate.zig,572,0,parseTime,fn,false,false,"pub fn parseTime(cert: Certificate, elem: der.Element) ParseTimeError!u64 {",Returns number of seconds since epoch.
crypto/Certificate.zig,626,4,toSeconds,fn,false,false,pub fn toSeconds(date: Date) u64 {,Convert to number of seconds since epoch.
crypto/Certificate.zig,657,0,parseTimeDigits,fn,false,false,"pub fn parseTimeDigits(text: *const [2]u8, min: u8, max: u8) !u8 {",
crypto/Certificate.zig,686,0,parseYear4,fn,false,false,pub fn parseYear4(text: *const [4]u8) !u16 {,
crypto/Certificate.zig,715,0,parseAlgorithm,fn,false,false,"pub fn parseAlgorithm(bytes: []const u8, element: der.Element) ParseEnumError!Algorithm {",
crypto/Certificate.zig,719,0,parseAlgorithmCategory,fn,false,false,"pub fn parseAlgorithmCategory(bytes: []const u8, element: der.Element) ParseEnumError!AlgorithmCategory {",
crypto/Certificate.zig,723,0,parseAttribute,fn,false,false,"pub fn parseAttribute(bytes: []const u8, element: der.Element) ParseEnumError!Attribute {",
crypto/Certificate.zig,727,0,parseNamedCurve,fn,false,false,"pub fn parseNamedCurve(bytes: []const u8, element: der.Element) ParseEnumError!NamedCurve {",
crypto/Certificate.zig,731,0,parseExtensionId,fn,false,false,"pub fn parseExtensionId(bytes: []const u8, element: der.Element) ParseEnumError!ExtensionId {",
crypto/Certificate.zig,735,0,ParseEnumError,const,false,false,"pub const ParseEnumError = error{ CertificateFieldHasWrongDataType, CertificateHasUnrecognizedObjectId };",
crypto/Certificate.zig,744,0,ParseVersionError,const,false,false,"pub const ParseVersionError = error{ UnsupportedCertificateVersion, CertificateFieldHasInvalidLength };",
crypto/Certificate.zig,746,0,parseVersion,fn,false,false,"pub fn parseVersion(bytes: []const u8, version_elem: der.Element) ParseVersionError!Version {",
crypto/Certificate.zig,857,0,der,const,false,false,pub const der = struct {,
crypto/Certificate.zig,858,4,Class,const,false,false,pub const Class = enum(u2) {,
crypto/Certificate.zig,865,4,PC,const,false,false,pub const PC = enum(u1) {,
crypto/Certificate.zig,870,4,Identifier,const,false,false,pub const Identifier = packed struct(u8) {,
crypto/Certificate.zig,876,4,Tag,const,false,false,pub const Tag = enum(u5) {,
crypto/Certificate.zig,890,4,Element,const,false,false,pub const Element = struct {,
crypto/Certificate.zig,894,8,Slice,const,false,false,pub const Slice = struct {,
crypto/Certificate.zig,898,12,empty,const,false,false,"pub const empty: Slice = .{ .start = 0, .end = 0 };",
crypto/Certificate.zig,901,8,ParseError,const,false,false,pub const ParseError = error{CertificateFieldHasInvalidLength};,
crypto/Certificate.zig,903,8,parse,fn,false,false,"pub fn parse(bytes: []const u8, index: u32) Element.ParseError!Element {",
crypto/Certificate.zig,945,0,rsa,const,false,false,pub const rsa = struct {,
crypto/Certificate.zig,952,4,PSSSignature,const,false,false,pub const PSSSignature = struct {,RFC 3447 8.1 RSASSA-PSS
crypto/Certificate.zig,953,8,fromBytes,fn,false,false,"pub fn fromBytes(comptime modulus_len: usize, msg: []const u8) [modulus_len]u8 {",
crypto/Certificate.zig,960,8,VerifyError,const,false,false,pub const VerifyError = EncryptError || error{InvalidSignature};,
crypto/Certificate.zig,962,8,verify,fn,false,false,pub fn verify(,
crypto/Certificate.zig,972,8,concatVerify,fn,false,false,pub fn concatVerify(,
crypto/Certificate.zig,1115,4,PKCS1v1_5Signature,const,false,false,pub const PKCS1v1_5Signature = struct {,RFC 3447 8.2 RSASSA-PKCS1-v1_5
crypto/Certificate.zig,1116,8,fromBytes,fn,false,false,"pub fn fromBytes(comptime modulus_len: usize, msg: []const u8) [modulus_len]u8 {",
crypto/Certificate.zig,1123,8,VerifyError,const,false,false,pub const VerifyError = EncryptError || error{InvalidSignature};,
crypto/Certificate.zig,1125,8,verify,fn,false,false,pub fn verify(,
crypto/Certificate.zig,1135,8,concatVerify,fn,false,false,pub fn concatVerify(,
crypto/Certificate.zig,1229,4,PublicKey,const,false,false,pub const PublicKey = struct {,
crypto/Certificate.zig,1233,8,FromBytesError,const,false,false,pub const FromBytesError = error{CertificatePublicKeyInvalid};,
crypto/Certificate.zig,1235,8,fromBytes,fn,false,false,"pub fn fromBytes(pub_bytes: []const u8, modulus_bytes: []const u8) FromBytesError!PublicKey {",
crypto/Certificate.zig,1260,8,ParseDerError,const,false,false,pub const ParseDerError = der.Element.ParseError || error{CertificateFieldHasWrongDataType};,
crypto/Certificate.zig,1262,8,parseDer,fn,false,false,"pub fn parseDer(pub_key: []const u8) ParseDerError!struct { modulus: []const u8, exponent: []const u8 } {",
crypto/Certificate/Bundle.zig,26,0,empty,const,false,false,"pub const empty: Bundle = .{ .map = .empty, .bytes = .empty };",
crypto/Certificate/Bundle.zig,28,0,VerifyError,const,false,false,pub const VerifyError = Certificate.Parsed.VerifyError || error{,
crypto/Certificate/Bundle.zig,32,0,verify,fn,false,false,"pub fn verify(cb: Bundle, subject: Certificate.Parsed, now_sec: i64) VerifyError!void {",
crypto/Certificate/Bundle.zig,46,0,find,fn,false,false,"pub fn find(cb: Bundle, subject_name: []const u8) ?u32 {",The returned bytes become invalid after calling any of the rescan functions | or add functions.
crypto/Certificate/Bundle.zig,50,8,hash,fn,false,false,"pub fn hash(ctx: @This(), k: []const u8) u64 {",
crypto/Certificate/Bundle.zig,55,8,eql,fn,false,false,"pub fn eql(ctx: @This(), a: []const u8, b_key: der.Element.Slice) bool {",
crypto/Certificate/Bundle.zig,63,0,deinit,fn,false,false,"pub fn deinit(cb: *Bundle, gpa: Allocator) void {",
crypto/Certificate/Bundle.zig,69,0,RescanError,const,false,false,pub const RescanError = RescanLinuxError || RescanMacError || RescanWithPathError || RescanWindowsError;,
crypto/Certificate/Bundle.zig,75,0,rescan,fn,false,false,"pub fn rescan(cb: *Bundle, gpa: Allocator, io: Io, now: Io.Timestamp) RescanError!void {","Clears the set of certificates and then scans the host operating system | file system standard locations for certificates. | For operating systems that do not have standard CA installations to be | found, this function clears the set of certificates."
crypto/Certificate/Bundle.zig,176,0,AddCertsFromDirPathError,const,false,false,pub const AddCertsFromDirPathError = Io.File.OpenError || AddCertsFromDirError;,
crypto/Certificate/Bundle.zig,178,0,addCertsFromDirPath,fn,false,false,pub fn addCertsFromDirPath(,
crypto/Certificate/Bundle.zig,191,0,addCertsFromDirPathAbsolute,fn,false,false,pub fn addCertsFromDirPathAbsolute(,
crypto/Certificate/Bundle.zig,204,0,AddCertsFromDirError,const,false,false,pub const AddCertsFromDirError = AddCertsFromFilePathError;,
crypto/Certificate/Bundle.zig,206,0,addCertsFromDir,fn,false,false,"pub fn addCertsFromDir(cb: *Bundle, gpa: Allocator, io: Io, now: Io.Timestamp, iterable_dir: Io.Dir) AddCertsFromDirError!void {",
crypto/Certificate/Bundle.zig,218,0,AddCertsFromFilePathError,const,false,false,pub const AddCertsFromFilePathError = Io.File.OpenError || AddCertsFromFileError;,
crypto/Certificate/Bundle.zig,220,0,addCertsFromFilePathAbsolute,fn,false,false,pub fn addCertsFromFilePathAbsolute(,
crypto/Certificate/Bundle.zig,233,0,addCertsFromFilePath,fn,false,false,pub fn addCertsFromFilePath(,
crypto/Certificate/Bundle.zig,247,0,AddCertsFromFileError,const,false,false,pub const AddCertsFromFileError = Allocator.Error ||,
crypto/Certificate/Bundle.zig,254,0,addCertsFromFile,fn,false,false,"pub fn addCertsFromFile(cb: *Bundle, gpa: Allocator, file_reader: *Io.File.Reader, now_sec: i64) AddCertsFromFileError!void {",
crypto/Certificate/Bundle.zig,288,0,ParseCertError,const,false,false,pub const ParseCertError = Allocator.Error || Certificate.ParseError;,
crypto/Certificate/Bundle.zig,290,0,parseCert,fn,false,false,"pub fn parseCert(cb: *Bundle, gpa: Allocator, decoded_start: u32, now_sec: i64) ParseCertError!void {",
crypto/Certificate/Bundle.zig,321,4,hash,fn,false,false,"pub fn hash(ctx: MapContext, k: der.Element.Slice) u64 {",
crypto/Certificate/Bundle.zig,325,4,eql,fn,false,false,"pub fn eql(ctx: MapContext, a: der.Element.Slice, b: der.Element.Slice) bool {",
crypto/Certificate/Bundle/macos.zig,9,0,RescanMacError,const,false,false,pub const RescanMacError = Allocator.Error || Io.File.OpenError || Io.File.Reader.Error || Io.File.SeekError || Bundle.ParseCertError || error{EndOfStream};,
crypto/Certificate/Bundle/macos.zig,11,0,rescanMac,fn,false,false,"pub fn rescanMac(cb: *Bundle, gpa: Allocator, io: Io, now: Io.Timestamp) RescanMacError!void {",
crypto/Certificate/Chain.zig,7,0,empty,const,false,false,"pub const empty: Chain = .{ .store = null, .primary = null };",
crypto/Certificate/Chain.zig,9,0,deinit,fn,false,false,pub fn deinit(chain: *Chain) void {,
crypto/Certificate/Chain.zig,17,0,addCert,fn,false,false,"pub fn addCert(chain: *Chain, cert: []const u8) std.Io.UnexpectedError!void {",
crypto/Certificate/Chain.zig,39,0,VerifyError,const,false,false,pub const VerifyError = error{,
crypto/Certificate/Chain.zig,43,0,verify,fn,false,false,"pub fn verify(chain: *const Chain, now: std.Io.Timestamp) VerifyError!void {",
crypto/Sha1.zig,10,0,block_length,const,false,false,pub const block_length = 64;,
crypto/Sha1.zig,11,0,digest_length,const,false,false,pub const digest_length = 20;,
crypto/Sha1.zig,12,0,Options,const,false,false,pub const Options = struct {};,
crypto/Sha1.zig,20,0,init,fn,false,false,pub fn init(options: Options) Sha1 {,
crypto/Sha1.zig,33,0,hash,fn,false,false,"pub fn hash(b: []const u8, out: *[digest_length]u8, options: Options) void {",
crypto/Sha1.zig,39,0,update,fn,false,false,"pub fn update(d: *Sha1, b: []const u8) void {",
crypto/Sha1.zig,63,0,peek,fn,false,false,pub fn peek(d: Sha1) [digest_length]u8 {,
crypto/Sha1.zig,68,0,final,fn,false,false,"pub fn final(d: *Sha1, out: *[digest_length]u8) void {",
crypto/Sha1.zig,98,0,finalResult,fn,false,false,pub fn finalResult(d: *Sha1) [digest_length]u8 {,
crypto/aegis.zig,31,0,Aegis128X4,const,false,false,"pub const Aegis128X4 = Aegis128XGeneric(4, 128);",AEGIS-128X4 with a 128 bit tag
crypto/aegis.zig,33,0,Aegis128X2,const,false,false,"pub const Aegis128X2 = Aegis128XGeneric(2, 128);",AEGIS-128X2 with a 128 bit tag
crypto/aegis.zig,35,0,Aegis128L,const,false,false,"pub const Aegis128L = Aegis128XGeneric(1, 128);",AEGIS-128L with a 128 bit tag
crypto/aegis.zig,38,0,Aegis256X4,const,false,false,"pub const Aegis256X4 = Aegis256XGeneric(4, 128);",AEGIS-256X4 with a 128 bit tag
crypto/aegis.zig,40,0,Aegis256X2,const,false,false,"pub const Aegis256X2 = Aegis256XGeneric(2, 128);",AEGIS-256X2 with a 128 bit tag
crypto/aegis.zig,42,0,Aegis256,const,false,false,"pub const Aegis256 = Aegis256XGeneric(1, 128);",AEGIS-256 with a 128 bit tag
crypto/aegis.zig,45,0,Aegis128X4_256,const,false,false,"pub const Aegis128X4_256 = Aegis128XGeneric(4, 256);",AEGIS-128X4 with a 256 bit tag
crypto/aegis.zig,47,0,Aegis128X2_256,const,false,false,"pub const Aegis128X2_256 = Aegis128XGeneric(2, 256);",AEGIS-128X2 with a 256 bit tag
crypto/aegis.zig,49,0,Aegis128L_256,const,false,false,"pub const Aegis128L_256 = Aegis128XGeneric(1, 256);",AEGIS-128L with a 256 bit tag
crypto/aegis.zig,52,0,Aegis256X4_256,const,false,false,"pub const Aegis256X4_256 = Aegis256XGeneric(4, 256);",AEGIS-256X4 with a 256 bit tag
crypto/aegis.zig,54,0,Aegis256X2_256,const,false,false,"pub const Aegis256X2_256 = Aegis256XGeneric(2, 256);",AEGIS-256X2 with a 256 bit tag
crypto/aegis.zig,56,0,Aegis256_256,const,false,false,"pub const Aegis256_256 = Aegis256XGeneric(1, 256);",AEGIS-256 with a 256 bit tag
crypto/aegis.zig,273,8,tag_length,const,false,false,pub const tag_length = tag_bits / 8;,
crypto/aegis.zig,274,8,nonce_length,const,false,false,pub const nonce_length = 16;,
crypto/aegis.zig,275,8,key_length,const,false,false,pub const key_length = 16;,
crypto/aegis.zig,276,8,block_length,const,false,false,pub const block_length = State.rate;,
crypto/aegis.zig,286,8,encrypt,fn,false,false,"pub fn encrypt(c: []u8, tag: *[tag_length]u8, m: []const u8, ad: []const u8, npub: [nonce_length]u8, key: [key_length]u8) void {",c: ciphertext: output buffer should be of size m.len | tag: authentication tag: output MAC | m: message | ad: Associated Data | npub: public nonce | k: private key
crypto/aegis.zig,322,8,decrypt,fn,false,false,"pub fn decrypt(m: []u8, c: []const u8, tag: [tag_length]u8, ad: []const u8, npub: [nonce_length]u8, key: [key_length]u8) AuthenticationError!void {",`m`: Message | `c`: Ciphertext | `tag`: Authentication tag | `ad`: Associated data | `npub`: Public nonce | `k`: Private key | Asserts `c.len == m.len`. |  | Contents of `m` are undefined if an error is returned.
crypto/aegis.zig,568,8,tag_length,const,false,false,pub const tag_length = tag_bits / 8;,
crypto/aegis.zig,569,8,nonce_length,const,false,false,pub const nonce_length = 32;,
crypto/aegis.zig,570,8,key_length,const,false,false,pub const key_length = 32;,
crypto/aegis.zig,571,8,block_length,const,false,false,pub const block_length = State.rate;,
crypto/aegis.zig,581,8,encrypt,fn,false,false,"pub fn encrypt(c: []u8, tag: *[tag_length]u8, m: []const u8, ad: []const u8, npub: [nonce_length]u8, key: [key_length]u8) void {",c: ciphertext: output buffer should be of size m.len | tag: authentication tag: output MAC | m: message | ad: Associated Data | npub: public nonce | k: private key
crypto/aegis.zig,617,8,decrypt,fn,false,false,"pub fn decrypt(m: []u8, c: []const u8, tag: [tag_length]u8, ad: []const u8, npub: [nonce_length]u8, key: [key_length]u8) AuthenticationError!void {",`m`: Message | `c`: Ciphertext | `tag`: Authentication tag | `ad`: Associated data | `npub`: Public nonce | `k`: Private key | Asserts `c.len == m.len`. |  | Contents of `m` are undefined if an error is returned.
crypto/aegis.zig,655,0,Aegis128X4Mac,const,false,false,pub const Aegis128X4Mac = AegisMac(Aegis128X4_256);,"The `Aegis128X4Mac` message authentication function outputs 256 bit tags. | In addition to being extremely fast, its large state, non-linearity | and non-invertibility provides the following properties: | - 128 bit security, stronger than GHash/Polyval/Poly1305. | - Recovering the secret key from the state would require ~2^128 attempts, | which is infeasible for any practical adversary. | - It has a large security margin against internal collisions."
crypto/aegis.zig,664,0,Aegis128X2Mac,const,false,false,pub const Aegis128X2Mac = AegisMac(Aegis128X2_256);,"The `Aegis128X2Mac` message authentication function outputs 256 bit tags. | In addition to being extremely fast, its large state, non-linearity | and non-invertibility provides the following properties: | - 128 bit security, stronger than GHash/Polyval/Poly1305. | - Recovering the secret key from the state would require ~2^128 attempts, | which is infeasible for any practical adversary. | - It has a large security margin against internal collisions."
crypto/aegis.zig,673,0,Aegis128LMac,const,false,false,pub const Aegis128LMac = AegisMac(Aegis128L_256);,"The `Aegis128LMac` message authentication function outputs 256 bit tags. | In addition to being extremely fast, its large state, non-linearity | and non-invertibility provides the following properties: | - 128 bit security, stronger than GHash/Polyval/Poly1305. | - Recovering the secret key from the state would require ~2^128 attempts, | which is infeasible for any practical adversary. | - It has a large security margin against internal collisions."
crypto/aegis.zig,684,0,Aegis256X4Mac,const,false,false,pub const Aegis256X4Mac = AegisMac(Aegis256X4_256);,"The `Aegis256X4Mac` message authentication function has a 256-bit key size, | and outputs 256 bit tags. | The key size is the main practical difference with `Aegis128X4Mac`. | AEGIS' large state, non-linearity and non-invertibility provides the | following properties: | - 256 bit security against forgery. | - Recovering the secret key from the state would require ~2^256 attempts, | which is infeasible for any practical adversary. | - It has a large security margin against internal collisions."
crypto/aegis.zig,695,0,Aegis256X2Mac,const,false,false,pub const Aegis256X2Mac = AegisMac(Aegis256X2_256);,"The `Aegis256X2Mac` message authentication function has a 256-bit key size, | and outputs 256 bit tags. | The key size is the main practical difference with `Aegis128X2Mac`. | AEGIS' large state, non-linearity and non-invertibility provides the | following properties: | - 256 bit security against forgery. | - Recovering the secret key from the state would require ~2^256 attempts, | which is infeasible for any practical adversary. | - It has a large security margin against internal collisions."
crypto/aegis.zig,706,0,Aegis256Mac,const,false,false,pub const Aegis256Mac = AegisMac(Aegis256_256);,"The `Aegis256Mac` message authentication function has a 256-bit key size, | and outputs 256 bit tags. | The key size is the main practical difference with `Aegis128LMac`. | AEGIS' large state, non-linearity and non-invertibility provides the | following properties: | - 256 bit security against forgery. | - Recovering the secret key from the state would require ~2^256 attempts, | which is infeasible for any practical adversary. | - It has a large security margin against internal collisions."
crypto/aegis.zig,709,0,Aegis128X4Mac_128,const,false,false,pub const Aegis128X4Mac_128 = AegisMac(Aegis128X4);,AEGIS-128X4 MAC with 128-bit tags
crypto/aegis.zig,712,0,Aegis128X2Mac_128,const,false,false,pub const Aegis128X2Mac_128 = AegisMac(Aegis128X2);,AEGIS-128X2 MAC with 128-bit tags
crypto/aegis.zig,715,0,Aegis128LMac_128,const,false,false,pub const Aegis128LMac_128 = AegisMac(Aegis128L);,AEGIS-128L MAC with 128-bit tags
crypto/aegis.zig,718,0,Aegis256X4Mac_128,const,false,false,pub const Aegis256X4Mac_128 = AegisMac(Aegis256X4);,AEGIS-256X4 MAC with 128-bit tags
crypto/aegis.zig,721,0,Aegis256X2Mac_128,const,false,false,pub const Aegis256X2Mac_128 = AegisMac(Aegis256X2);,AEGIS-256X2 MAC with 128-bit tags
crypto/aegis.zig,724,0,Aegis256Mac_128,const,false,false,pub const Aegis256Mac_128 = AegisMac(Aegis256);,AEGIS-256 MAC with 128-bit tags
crypto/aegis.zig,730,8,mac_length,const,false,false,pub const mac_length = T.tag_length;,
crypto/aegis.zig,731,8,key_length,const,false,false,pub const key_length = T.key_length;,
crypto/aegis.zig,732,8,nonce_length,const,false,false,pub const nonce_length = T.nonce_length;,
crypto/aegis.zig,733,8,block_length,const,false,false,pub const block_length = T.block_length;,
crypto/aegis.zig,741,8,initWithNonce,fn,false,false,"pub fn initWithNonce(key: *const [key_length]u8, nonce: *const [nonce_length]u8) Mac {","Initialize a state for the MAC function, with a key and a nonce"
crypto/aegis.zig,748,8,init,fn,false,false,pub fn init(key: *const [key_length]u8) Mac {,"Initialize a state for the MAC function, with a default nonce"
crypto/aegis.zig,755,8,update,fn,false,false,"pub fn update(self: *Mac, b: []const u8) void {",Add data to the state
crypto/aegis.zig,782,8,final,fn,false,false,"pub fn final(self: *Mac, out: *[mac_length]u8) void {",Return an authentication tag for the current state
crypto/aegis.zig,792,8,createWithNonce,fn,false,false,"pub fn createWithNonce(out: *[mac_length]u8, msg: []const u8, key: *const [key_length]u8, nonce: *const [nonce_length]u8) void {","Return an authentication tag for a message, a key and a nonce"
crypto/aegis.zig,799,8,create,fn,false,false,"pub fn create(out: *[mac_length]u8, msg: []const u8, key: *const [key_length]u8) void {",Return an authentication tag for a message and a key
crypto/aes.zig,19,0,has_hardware_support,const,false,false,pub const has_hardware_support =,"`true` if AES is backed by hardware (AES-NI on x86_64, ARM Crypto Extensions on AArch64). | Software implementations are much slower, and should be avoided if possible."
crypto/aes.zig,23,0,Block,const,false,false,pub const Block = impl.Block;,
crypto/aes.zig,24,0,BlockVec,const,false,false,pub const BlockVec = impl.BlockVec;,
crypto/aes.zig,25,0,AesEncryptCtx,const,false,false,pub const AesEncryptCtx = impl.AesEncryptCtx;,
crypto/aes.zig,26,0,AesDecryptCtx,const,false,false,pub const AesDecryptCtx = impl.AesDecryptCtx;,
crypto/aes.zig,27,0,Aes128,const,false,false,pub const Aes128 = impl.Aes128;,
crypto/aes.zig,28,0,Aes256,const,false,false,pub const Aes256 = impl.Aes256;,
crypto/aes/aesni.zig,10,0,Block,const,false,false,pub const Block = struct {,A single AES block.
crypto/aes/aesni.zig,14,4,block_length,const,false,false,pub const block_length: usize = 16;,The length of an AES block in bytes.
crypto/aes/aesni.zig,20,4,fromBytes,fn,false,false,pub fn fromBytes(bytes: *const [16]u8) Block {,Convert a byte sequence into an internal representation.
crypto/aes/aesni.zig,26,4,toBytes,fn,false,false,pub fn toBytes(block: Block) [16]u8 {,Convert the internal representation of a block into a byte sequence.
crypto/aes/aesni.zig,31,4,xorBytes,fn,false,false,"pub fn xorBytes(block: Block, bytes: *const [16]u8) [16]u8 {",XOR the block with a byte sequence.
crypto/aes/aesni.zig,37,4,encrypt,fn,false,false,"pub fn encrypt(block: Block, round_key: Block) Block {",Encrypt a block with a round key.
crypto/aes/aesni.zig,49,4,encryptLast,fn,false,false,"pub fn encryptLast(block: Block, round_key: Block) Block {",Encrypt a block with the last round key.
crypto/aes/aesni.zig,61,4,decrypt,fn,false,false,"pub fn decrypt(block: Block, inv_round_key: Block) Block {",Decrypt a block with a round key.
crypto/aes/aesni.zig,73,4,decryptLast,fn,false,false,"pub fn decryptLast(block: Block, inv_round_key: Block) Block {",Decrypt a block with the last round key.
crypto/aes/aesni.zig,85,4,xorBlocks,fn,false,false,"pub fn xorBlocks(block1: Block, block2: Block) Block {",Apply the bitwise XOR operation to the content of two blocks.
crypto/aes/aesni.zig,90,4,andBlocks,fn,false,false,"pub fn andBlocks(block1: Block, block2: Block) Block {",Apply the bitwise AND operation to the content of two blocks.
crypto/aes/aesni.zig,95,4,orBlocks,fn,false,false,"pub fn orBlocks(block1: Block, block2: Block) Block {",Apply the bitwise OR operation to the content of two blocks.
crypto/aes/aesni.zig,100,4,invMixColumns,fn,false,false,pub fn invMixColumns(block: Block) Block {,Apply the inverse MixColumns operation to a block.
crypto/aes/aesni.zig,111,4,parallel,const,false,false,pub const parallel = struct {,Perform operations on multiple blocks in parallel.
crypto/aes/aesni.zig,115,8,optimal_parallel_blocks,const,false,false,pub const optimal_parallel_blocks = switch (builtin.cpu.model) {,The recommended number of AES encryption/decryption to perform in parallel for the chosen implementation.
crypto/aes/aesni.zig,126,8,encryptParallel,fn,false,false,"pub fn encryptParallel(comptime count: usize, blocks: [count]Block, round_keys: [count]Block) [count]Block {","Encrypt multiple blocks in parallel, each their own round key."
crypto/aes/aesni.zig,136,8,decryptParallel,fn,false,false,"pub fn decryptParallel(comptime count: usize, blocks: [count]Block, round_keys: [count]Block) [count]Block {","Decrypt multiple blocks in parallel, each their own round key."
crypto/aes/aesni.zig,146,8,encryptWide,fn,false,false,"pub fn encryptWide(comptime count: usize, blocks: [count]Block, round_key: Block) [count]Block {",Encrypt multiple blocks in parallel with the same round key.
crypto/aes/aesni.zig,156,8,decryptWide,fn,false,false,"pub fn decryptWide(comptime count: usize, blocks: [count]Block, round_key: Block) [count]Block {",Decrypt multiple blocks in parallel with the same round key.
crypto/aes/aesni.zig,166,8,encryptLastWide,fn,false,false,"pub fn encryptLastWide(comptime count: usize, blocks: [count]Block, round_key: Block) [count]Block {",Encrypt multiple blocks in parallel with the same last round key.
crypto/aes/aesni.zig,176,8,decryptLastWide,fn,false,false,"pub fn decryptLastWide(comptime count: usize, blocks: [count]Block, round_key: Block) [count]Block {",Decrypt multiple blocks in parallel with the same last round key.
crypto/aes/aesni.zig,189,0,BlockVec,fn,false,false,pub fn BlockVec(comptime blocks_count: comptime_int) type {,"A fixed-size vector of AES blocks. | All operations are performed in parallel, using SIMD instructions when available."
crypto/aes/aesni.zig,194,8,native_vector_size,const,false,false,pub const native_vector_size = w: {,The number of AES blocks the target architecture can process with a single instruction.
crypto/aes/aesni.zig,201,8,native_word_size,const,false,false,pub const native_word_size = native_vector_size * 16;,"The size of the AES block vector that the target architecture can process with a single instruction, in bytes."
crypto/aes/aesni.zig,211,8,block_length,const,false,false,pub const block_length: usize = blocks_count * 16;,Length of the block vector in bytes.
crypto/aes/aesni.zig,214,8,fromBytes,fn,false,false,pub fn fromBytes(bytes: *const [blocks_count * 16]u8) Self {,Convert a byte sequence into an internal representation.
crypto/aes/aesni.zig,223,8,toBytes,fn,false,false,pub fn toBytes(block_vec: Self) [blocks_count * 16]u8 {,Convert the internal representation of a block vector into a byte sequence.
crypto/aes/aesni.zig,232,8,xorBytes,fn,false,false,"pub fn xorBytes(block_vec: Self, bytes: *const [blocks_count * 16]u8) [blocks_count * 16]u8 {",XOR the block vector with a byte sequence.
crypto/aes/aesni.zig,241,8,encrypt,fn,false,false,"pub fn encrypt(block_vec: Self, round_key_vec: Self) Self {",Apply the forward AES operation to the block vector with a vector of round keys.
crypto/aes/aesni.zig,255,8,encryptLast,fn,false,false,"pub fn encryptLast(block_vec: Self, round_key_vec: Self) Self {",Apply the forward AES operation to the block vector with a vector of last round keys.
crypto/aes/aesni.zig,269,8,decrypt,fn,false,false,"pub fn decrypt(block_vec: Self, inv_round_key_vec: Self) Self {",Apply the inverse AES operation to the block vector with a vector of round keys.
crypto/aes/aesni.zig,283,8,decryptLast,fn,false,false,"pub fn decryptLast(block_vec: Self, inv_round_key_vec: Self) Self {",Apply the inverse AES operation to the block vector with a vector of last round keys.
crypto/aes/aesni.zig,297,8,xorBlocks,fn,false,false,"pub fn xorBlocks(block_vec1: Self, block_vec2: Self) Self {",Apply the bitwise XOR operation to the content of two block vectors.
crypto/aes/aesni.zig,306,8,andBlocks,fn,false,false,"pub fn andBlocks(block_vec1: Self, block_vec2: Self) Self {",Apply the bitwise AND operation to the content of two block vectors.
crypto/aes/aesni.zig,315,8,orBlocks,fn,false,false,"pub fn orBlocks(block_vec1: Self, block_vec2: Block) Self {",Apply the bitwise OR operation to the content of two block vectors.
crypto/aes/aesni.zig,324,8,invMixColumns,fn,false,false,pub fn invMixColumns(block_vec: Self) Self {,Apply the inverse MixColumns operation to each block in the vector.
crypto/aes/aesni.zig,396,8,invert,fn,false,false,pub fn invert(key_schedule: Self) Self {,Invert the key schedule.
crypto/aes/aesni.zig,417,0,AesEncryptCtx,fn,false,false,pub fn AesEncryptCtx(comptime Aes: type) type {,A context to perform encryption using the standard AES key schedule.
crypto/aes/aesni.zig,423,8,block,const,false,false,pub const block = Aes.block;,
crypto/aes/aesni.zig,424,8,block_length,const,false,false,pub const block_length = block.block_length;,
crypto/aes/aesni.zig,428,8,init,fn,false,false,pub fn init(key: [Aes.key_bits / 8]u8) Self {,Create a new encryption context with the given key.
crypto/aes/aesni.zig,442,8,encrypt,fn,false,false,"pub fn encrypt(ctx: Self, dst: *[16]u8, src: *const [16]u8) void {",Encrypt a single block.
crypto/aes/aesni.zig,454,8,xor,fn,false,false,"pub fn xor(ctx: Self, dst: *[16]u8, src: *const [16]u8, counter: [16]u8) void {",Encrypt+XOR a single block.
crypto/aes/aesni.zig,466,8,encryptWide,fn,false,false,"pub fn encryptWide(ctx: Self, comptime count: usize, dst: *[16 * count]u8, src: *const [16 * count]u8) void {","Encrypt multiple blocks, possibly leveraging parallelization."
crypto/aes/aesni.zig,485,8,xorWide,fn,false,false,"pub fn xorWide(ctx: Self, comptime count: usize, dst: *[16 * count]u8, src: *const [16 * count]u8, counters: [16 * count]u8) void {","Encrypt+XOR multiple blocks, possibly leveraging parallelization."
crypto/aes/aesni.zig,506,0,AesDecryptCtx,fn,false,false,pub fn AesDecryptCtx(comptime Aes: type) type {,A context to perform decryption using the standard AES key schedule.
crypto/aes/aesni.zig,512,8,block,const,false,false,pub const block = Aes.block;,
crypto/aes/aesni.zig,513,8,block_length,const,false,false,pub const block_length = block.block_length;,
crypto/aes/aesni.zig,517,8,initFromEnc,fn,false,false,pub fn initFromEnc(ctx: AesEncryptCtx(Aes)) Self {,Create a decryption context from an existing encryption context.
crypto/aes/aesni.zig,524,8,init,fn,false,false,pub fn init(key: [Aes.key_bits / 8]u8) Self {,Create a new decryption context with the given key.
crypto/aes/aesni.zig,530,8,decrypt,fn,false,false,"pub fn decrypt(ctx: Self, dst: *[16]u8, src: *const [16]u8) void {",Decrypt a single block.
crypto/aes/aesni.zig,542,8,decryptWide,fn,false,false,"pub fn decryptWide(ctx: Self, comptime count: usize, dst: *[16 * count]u8, src: *const [16 * count]u8) void {","Decrypt multiple blocks, possibly leveraging parallelization."
crypto/aes/aesni.zig,563,0,Aes128,const,false,false,pub const Aes128 = struct {,AES-128 with the standard key schedule.
crypto/aes/aesni.zig,564,4,key_bits,const,false,false,pub const key_bits: usize = 128;,
crypto/aes/aesni.zig,565,4,rounds,const,false,false,pub const rounds = ((key_bits - 64) / 32 + 8);,
crypto/aes/aesni.zig,566,4,block,const,false,false,pub const block = Block;,
crypto/aes/aesni.zig,569,4,initEnc,fn,false,false,pub fn initEnc(key: [key_bits / 8]u8) AesEncryptCtx(Aes128) {,Create a new context for encryption.
crypto/aes/aesni.zig,574,4,initDec,fn,false,false,pub fn initDec(key: [key_bits / 8]u8) AesDecryptCtx(Aes128) {,Create a new context for decryption.
crypto/aes/aesni.zig,580,0,Aes256,const,false,false,pub const Aes256 = struct {,AES-256 with the standard key schedule.
crypto/aes/aesni.zig,581,4,key_bits,const,false,false,pub const key_bits: usize = 256;,
crypto/aes/aesni.zig,582,4,rounds,const,false,false,pub const rounds = ((key_bits - 64) / 32 + 8);,
crypto/aes/aesni.zig,583,4,block,const,false,false,pub const block = Block;,
crypto/aes/aesni.zig,586,4,initEnc,fn,false,false,pub fn initEnc(key: [key_bits / 8]u8) AesEncryptCtx(Aes256) {,Create a new context for encryption.
crypto/aes/aesni.zig,591,4,initDec,fn,false,false,pub fn initDec(key: [key_bits / 8]u8) AesDecryptCtx(Aes256) {,Create a new context for decryption.
crypto/aes/armcrypto.zig,6,0,Block,const,false,false,pub const Block = struct {,A single AES block.
crypto/aes/armcrypto.zig,9,4,block_length,const,false,false,pub const block_length: usize = 16;,
crypto/aes/armcrypto.zig,15,4,fromBytes,fn,false,false,pub fn fromBytes(bytes: *const [16]u8) Block {,Convert a byte sequence into an internal representation.
crypto/aes/armcrypto.zig,21,4,toBytes,fn,false,false,pub fn toBytes(block: Block) [16]u8 {,Convert the internal representation of a block into a byte sequence.
crypto/aes/armcrypto.zig,26,4,xorBytes,fn,false,false,"pub fn xorBytes(block: Block, bytes: *const [16]u8) [16]u8 {",XOR the block with a byte sequence.
crypto/aes/armcrypto.zig,34,4,encrypt,fn,false,false,"pub fn encrypt(block: Block, round_key: Block) Block {",Encrypt a block with a round key.
crypto/aes/armcrypto.zig,48,4,encryptLast,fn,false,false,"pub fn encryptLast(block: Block, round_key: Block) Block {",Encrypt a block with the last round key.
crypto/aes/armcrypto.zig,61,4,decrypt,fn,false,false,"pub fn decrypt(block: Block, inv_round_key: Block) Block {",Decrypt a block with a round key.
crypto/aes/armcrypto.zig,75,4,decryptLast,fn,false,false,"pub fn decryptLast(block: Block, inv_round_key: Block) Block {",Decrypt a block with the last round key.
crypto/aes/armcrypto.zig,88,4,xorBlocks,fn,false,false,"pub fn xorBlocks(block1: Block, block2: Block) Block {",Apply the bitwise XOR operation to the content of two blocks.
crypto/aes/armcrypto.zig,93,4,andBlocks,fn,false,false,"pub fn andBlocks(block1: Block, block2: Block) Block {",Apply the bitwise AND operation to the content of two blocks.
crypto/aes/armcrypto.zig,98,4,orBlocks,fn,false,false,"pub fn orBlocks(block1: Block, block2: Block) Block {",Apply the bitwise OR operation to the content of two blocks.
crypto/aes/armcrypto.zig,103,4,invMixColumns,fn,false,false,pub fn invMixColumns(block: Block) Block {,Apply the inverse MixColumns operation to a block.
crypto/aes/armcrypto.zig,114,4,parallel,const,false,false,pub const parallel = struct {,Perform operations on multiple blocks in parallel.
crypto/aes/armcrypto.zig,116,8,optimal_parallel_blocks,const,false,false,pub const optimal_parallel_blocks = 6;,The recommended number of AES encryption/decryption to perform in parallel for the chosen implementation.
crypto/aes/armcrypto.zig,119,8,encryptParallel,fn,false,false,"pub fn encryptParallel(comptime count: usize, blocks: [count]Block, round_keys: [count]Block) [count]Block {","Encrypt multiple blocks in parallel, each their own round key."
crypto/aes/armcrypto.zig,129,8,decryptParallel,fn,false,false,"pub fn decryptParallel(comptime count: usize, blocks: [count]Block, round_keys: [count]Block) [count]Block {","Decrypt multiple blocks in parallel, each their own round key."
crypto/aes/armcrypto.zig,139,8,encryptWide,fn,false,false,"pub fn encryptWide(comptime count: usize, blocks: [count]Block, round_key: Block) [count]Block {",Encrypt multiple blocks in parallel with the same round key.
crypto/aes/armcrypto.zig,149,8,decryptWide,fn,false,false,"pub fn decryptWide(comptime count: usize, blocks: [count]Block, round_key: Block) [count]Block {",Decrypt multiple blocks in parallel with the same round key.
crypto/aes/armcrypto.zig,159,8,encryptLastWide,fn,false,false,"pub fn encryptLastWide(comptime count: usize, blocks: [count]Block, round_key: Block) [count]Block {",Encrypt multiple blocks in parallel with the same last round key.
crypto/aes/armcrypto.zig,169,8,decryptLastWide,fn,false,false,"pub fn decryptLastWide(comptime count: usize, blocks: [count]Block, round_key: Block) [count]Block {",Decrypt multiple blocks in parallel with the same last round key.
crypto/aes/armcrypto.zig,182,0,BlockVec,fn,false,false,pub fn BlockVec(comptime blocks_count: comptime_int) type {,"A fixed-size vector of AES blocks. | All operations are performed in parallel, using SIMD instructions when available."
crypto/aes/armcrypto.zig,187,8,native_vector_size,const,false,false,pub const native_vector_size = 1;,The number of AES blocks the target architecture can process with a single instruction.
crypto/aes/armcrypto.zig,190,8,native_word_size,const,false,false,pub const native_word_size = native_vector_size * 16;,"The size of the AES block vector that the target architecture can process with a single instruction, in bytes."
crypto/aes/armcrypto.zig,198,8,block_length,const,false,false,pub const block_length: usize = blocks_count * 16;,Length of the block vector in bytes.
crypto/aes/armcrypto.zig,201,8,fromBytes,fn,false,false,pub fn fromBytes(bytes: *const [blocks_count * 16]u8) Self {,Convert a byte sequence into an internal representation.
crypto/aes/armcrypto.zig,210,8,toBytes,fn,false,false,pub fn toBytes(block_vec: Self) [blocks_count * 16]u8 {,Convert the internal representation of a block vector into a byte sequence.
crypto/aes/armcrypto.zig,219,8,xorBytes,fn,false,false,"pub fn xorBytes(block_vec: Self, bytes: *const [blocks_count * 16]u8) [32]u8 {",XOR the block vector with a byte sequence.
crypto/aes/armcrypto.zig,228,8,encrypt,fn,false,false,"pub fn encrypt(block_vec: Self, round_key_vec: Self) Self {",Apply the forward AES operation to the block vector with a vector of round keys.
crypto/aes/armcrypto.zig,237,8,encryptLast,fn,false,false,"pub fn encryptLast(block_vec: Self, round_key_vec: Self) Self {",Apply the forward AES operation to the block vector with a vector of last round keys.
crypto/aes/armcrypto.zig,246,8,decrypt,fn,false,false,"pub fn decrypt(block_vec: Self, inv_round_key_vec: Self) Self {",Apply the inverse AES operation to the block vector with a vector of round keys.
crypto/aes/armcrypto.zig,255,8,decryptLast,fn,false,false,"pub fn decryptLast(block_vec: Self, inv_round_key_vec: Self) Self {",Apply the inverse AES operation to the block vector with a vector of last round keys.
crypto/aes/armcrypto.zig,264,8,xorBlocks,fn,false,false,"pub fn xorBlocks(block_vec1: Self, block_vec2: Self) Self {",Apply the bitwise XOR operation to the content of two block vectors.
crypto/aes/armcrypto.zig,273,8,andBlocks,fn,false,false,"pub fn andBlocks(block_vec1: Self, block_vec2: Self) Self {",Apply the bitwise AND operation to the content of two block vectors.
crypto/aes/armcrypto.zig,282,8,orBlocks,fn,false,false,"pub fn orBlocks(block_vec1: Self, block_vec2: Block) Self {",Apply the bitwise OR operation to the content of two block vectors.
crypto/aes/armcrypto.zig,291,8,invMixColumns,fn,false,false,pub fn invMixColumns(block_vec: Self) Self {,Apply the inverse MixColumns operation to each block in the vector.
crypto/aes/armcrypto.zig,405,8,invert,fn,false,false,pub fn invert(key_schedule: Self) Self {,Invert the key schedule.
crypto/aes/armcrypto.zig,426,0,AesEncryptCtx,fn,false,false,pub fn AesEncryptCtx(comptime Aes: type) type {,A context to perform encryption using the standard AES key schedule.
crypto/aes/armcrypto.zig,432,8,block,const,false,false,pub const block = Aes.block;,
crypto/aes/armcrypto.zig,433,8,block_length,const,false,false,pub const block_length = block.block_length;,
crypto/aes/armcrypto.zig,437,8,init,fn,false,false,pub fn init(key: [Aes.key_bits / 8]u8) Self {,Create a new encryption context with the given key.
crypto/aes/armcrypto.zig,451,8,encrypt,fn,false,false,"pub fn encrypt(ctx: Self, dst: *[16]u8, src: *const [16]u8) void {",Encrypt a single block.
crypto/aes/armcrypto.zig,463,8,xor,fn,false,false,"pub fn xor(ctx: Self, dst: *[16]u8, src: *const [16]u8, counter: [16]u8) void {",Encrypt+XOR a single block.
crypto/aes/armcrypto.zig,475,8,encryptWide,fn,false,false,"pub fn encryptWide(ctx: Self, comptime count: usize, dst: *[16 * count]u8, src: *const [16 * count]u8) void {","Encrypt multiple blocks, possibly leveraging parallelization."
crypto/aes/armcrypto.zig,494,8,xorWide,fn,false,false,"pub fn xorWide(ctx: Self, comptime count: usize, dst: *[16 * count]u8, src: *const [16 * count]u8, counters: [16 * count]u8) void {","Encrypt+XOR multiple blocks, possibly leveraging parallelization."
crypto/aes/armcrypto.zig,515,0,AesDecryptCtx,fn,false,false,pub fn AesDecryptCtx(comptime Aes: type) type {,A context to perform decryption using the standard AES key schedule.
crypto/aes/armcrypto.zig,521,8,block,const,false,false,pub const block = Aes.block;,
crypto/aes/armcrypto.zig,522,8,block_length,const,false,false,pub const block_length = block.block_length;,
crypto/aes/armcrypto.zig,526,8,initFromEnc,fn,false,false,pub fn initFromEnc(ctx: AesEncryptCtx(Aes)) Self {,Create a decryption context from an existing encryption context.
crypto/aes/armcrypto.zig,533,8,init,fn,false,false,pub fn init(key: [Aes.key_bits / 8]u8) Self {,Create a new decryption context with the given key.
crypto/aes/armcrypto.zig,539,8,decrypt,fn,false,false,"pub fn decrypt(ctx: Self, dst: *[16]u8, src: *const [16]u8) void {",Decrypt a single block.
crypto/aes/armcrypto.zig,551,8,decryptWide,fn,false,false,"pub fn decryptWide(ctx: Self, comptime count: usize, dst: *[16 * count]u8, src: *const [16 * count]u8) void {","Decrypt multiple blocks, possibly leveraging parallelization."
crypto/aes/armcrypto.zig,572,0,Aes128,const,false,false,pub const Aes128 = struct {,AES-128 with the standard key schedule.
crypto/aes/armcrypto.zig,573,4,key_bits,const,false,false,pub const key_bits: usize = 128;,
crypto/aes/armcrypto.zig,574,4,rounds,const,false,false,pub const rounds = ((key_bits - 64) / 32 + 8);,
crypto/aes/armcrypto.zig,575,4,block,const,false,false,pub const block = Block;,
crypto/aes/armcrypto.zig,578,4,initEnc,fn,false,false,pub fn initEnc(key: [key_bits / 8]u8) AesEncryptCtx(Aes128) {,Create a new context for encryption.
crypto/aes/armcrypto.zig,583,4,initDec,fn,false,false,pub fn initDec(key: [key_bits / 8]u8) AesDecryptCtx(Aes128) {,Create a new context for decryption.
crypto/aes/armcrypto.zig,589,0,Aes256,const,false,false,pub const Aes256 = struct {,AES-256 with the standard key schedule.
crypto/aes/armcrypto.zig,590,4,key_bits,const,false,false,pub const key_bits: usize = 256;,
crypto/aes/armcrypto.zig,591,4,rounds,const,false,false,pub const rounds = ((key_bits - 64) / 32 + 8);,
crypto/aes/armcrypto.zig,592,4,block,const,false,false,pub const block = Block;,
crypto/aes/armcrypto.zig,595,4,initEnc,fn,false,false,pub fn initEnc(key: [key_bits / 8]u8) AesEncryptCtx(Aes256) {,Create a new context for encryption.
crypto/aes/armcrypto.zig,600,4,initDec,fn,false,false,pub fn initDec(key: [key_bits / 8]u8) AesDecryptCtx(Aes256) {,Create a new context for decryption.
crypto/aes/soft.zig,8,0,Block,const,false,false,pub const Block = struct {,A single AES block.
crypto/aes/soft.zig,11,4,block_length,const,false,false,pub const block_length: usize = 16;,
crypto/aes/soft.zig,17,4,fromBytes,fn,false,false,pub fn fromBytes(bytes: *const [16]u8) Block {,Convert a byte sequence into an internal representation.
crypto/aes/soft.zig,26,4,toBytes,fn,false,false,pub fn toBytes(block: Block) [16]u8 {,Convert the internal representation of a block into a byte sequence.
crypto/aes/soft.zig,36,4,xorBytes,fn,false,false,"pub fn xorBytes(block: Block, bytes: *const [16]u8) [16]u8 {",XOR the block with a byte sequence.
crypto/aes/soft.zig,47,4,encrypt,fn,false,false,"pub fn encrypt(block: Block, round_key: Block) Block {",Encrypt a block with a round key.
crypto/aes/soft.zig,72,4,encryptUnprotected,fn,false,false,"pub fn encryptUnprotected(block: Block, round_key: Block) Block {",Encrypt a block with a round key *WITHOUT ANY PROTECTION AGAINST SIDE CHANNELS*
crypto/aes/soft.zig,117,4,encryptLast,fn,false,false,"pub fn encryptLast(block: Block, round_key: Block) Block {",Encrypt a block with the last round key.
crypto/aes/soft.zig,143,4,decrypt,fn,false,false,"pub fn decrypt(block: Block, round_key: Block) Block {",Decrypt a block with a round key.
crypto/aes/soft.zig,168,4,decryptUnprotected,fn,false,false,"pub fn decryptUnprotected(block: Block, round_key: Block) Block {",Decrypt a block with a round key *WITHOUT ANY PROTECTION AGAINST SIDE CHANNELS*
crypto/aes/soft.zig,213,4,decryptLast,fn,false,false,"pub fn decryptLast(block: Block, round_key: Block) Block {",Decrypt a block with the last round key.
crypto/aes/soft.zig,239,4,xorBlocks,fn,false,false,"pub fn xorBlocks(block1: Block, block2: Block) Block {",Apply the bitwise XOR operation to the content of two blocks.
crypto/aes/soft.zig,249,4,andBlocks,fn,false,false,"pub fn andBlocks(block1: Block, block2: Block) Block {",Apply the bitwise AND operation to the content of two blocks.
crypto/aes/soft.zig,259,4,orBlocks,fn,false,false,"pub fn orBlocks(block1: Block, block2: Block) Block {",Apply the bitwise OR operation to the content of two blocks.
crypto/aes/soft.zig,269,4,invMixColumns,fn,false,false,pub fn invMixColumns(block: Block) Block {,Apply the inverse MixColumns operation to a block.
crypto/aes/soft.zig,289,4,parallel,const,false,false,pub const parallel = struct {,Perform operations on multiple blocks in parallel.
crypto/aes/soft.zig,291,8,optimal_parallel_blocks,const,false,false,pub const optimal_parallel_blocks = 1;,The recommended number of AES encryption/decryption to perform in parallel for the chosen implementation.
crypto/aes/soft.zig,294,8,encryptParallel,fn,false,false,"pub fn encryptParallel(comptime count: usize, blocks: [count]Block, round_keys: [count]Block) [count]Block {","Encrypt multiple blocks in parallel, each their own round key."
crypto/aes/soft.zig,304,8,decryptParallel,fn,false,false,"pub fn decryptParallel(comptime count: usize, blocks: [count]Block, round_keys: [count]Block) [count]Block {","Decrypt multiple blocks in parallel, each their own round key."
crypto/aes/soft.zig,314,8,encryptWide,fn,false,false,"pub fn encryptWide(comptime count: usize, blocks: [count]Block, round_key: Block) [count]Block {",Encrypt multiple blocks in parallel with the same round key.
crypto/aes/soft.zig,324,8,decryptWide,fn,false,false,"pub fn decryptWide(comptime count: usize, blocks: [count]Block, round_key: Block) [count]Block {",Decrypt multiple blocks in parallel with the same round key.
crypto/aes/soft.zig,334,8,encryptLastWide,fn,false,false,"pub fn encryptLastWide(comptime count: usize, blocks: [count]Block, round_key: Block) [count]Block {",Encrypt multiple blocks in parallel with the same last round key.
crypto/aes/soft.zig,344,8,decryptLastWide,fn,false,false,"pub fn decryptLastWide(comptime count: usize, blocks: [count]Block, round_key: Block) [count]Block {",Decrypt multiple blocks in parallel with the same last round key.
crypto/aes/soft.zig,357,0,BlockVec,fn,false,false,pub fn BlockVec(comptime blocks_count: comptime_int) type {,"A fixed-size vector of AES blocks. | All operations are performed in parallel, using SIMD instructions when available."
crypto/aes/soft.zig,362,8,native_vector_size,const,false,false,pub const native_vector_size = 1;,The number of AES blocks the target architecture can process with a single instruction.
crypto/aes/soft.zig,365,8,native_word_size,const,false,false,pub const native_word_size = native_vector_size * 16;,"The size of the AES block vector that the target architecture can process with a single instruction, in bytes."
crypto/aes/soft.zig,373,8,block_length,const,false,false,pub const block_length: usize = blocks_count * 16;,Length of the block vector in bytes.
crypto/aes/soft.zig,376,8,fromBytes,fn,false,false,pub fn fromBytes(bytes: *const [blocks_count * 16]u8) Self {,Convert a byte sequence into an internal representation.
crypto/aes/soft.zig,385,8,toBytes,fn,false,false,pub fn toBytes(block_vec: Self) [blocks_count * 16]u8 {,Convert the internal representation of a block vector into a byte sequence.
crypto/aes/soft.zig,394,8,xorBytes,fn,false,false,"pub fn xorBytes(block_vec: Self, bytes: *const [blocks_count * 16]u8) [32]u8 {",XOR the block vector with a byte sequence.
crypto/aes/soft.zig,403,8,encrypt,fn,false,false,"pub fn encrypt(block_vec: Self, round_key_vec: Self) Self {",Apply the forward AES operation to the block vector with a vector of round keys.
crypto/aes/soft.zig,412,8,encryptLast,fn,false,false,"pub fn encryptLast(block_vec: Self, round_key_vec: Self) Self {",Apply the forward AES operation to the block vector with a vector of last round keys.
crypto/aes/soft.zig,421,8,decrypt,fn,false,false,"pub fn decrypt(block_vec: Self, inv_round_key_vec: Self) Self {",Apply the inverse AES operation to the block vector with a vector of round keys.
crypto/aes/soft.zig,430,8,decryptLast,fn,false,false,"pub fn decryptLast(block_vec: Self, inv_round_key_vec: Self) Self {",Apply the inverse AES operation to the block vector with a vector of last round keys.
crypto/aes/soft.zig,439,8,xorBlocks,fn,false,false,"pub fn xorBlocks(block_vec1: Self, block_vec2: Self) Self {",Apply the bitwise XOR operation to the content of two block vectors.
crypto/aes/soft.zig,448,8,andBlocks,fn,false,false,"pub fn andBlocks(block_vec1: Self, block_vec2: Self) Self {",Apply the bitwise AND operation to the content of two block vectors.
crypto/aes/soft.zig,457,8,orBlocks,fn,false,false,"pub fn orBlocks(block_vec1: Self, block_vec2: Block) Self {",Apply the bitwise OR operation to the content of two block vectors.
crypto/aes/soft.zig,466,8,invMixColumns,fn,false,false,pub fn invMixColumns(block_vec: Self) Self {,Apply the inverse MixColumns operation to each block in the vector.
crypto/aes/soft.zig,519,8,invert,fn,false,false,pub fn invert(key_schedule: Self) Self {,Invert the key schedule.
crypto/aes/soft.zig,543,0,AesEncryptCtx,fn,false,false,pub fn AesEncryptCtx(comptime Aes: type) type {,A context to perform encryption using the standard AES key schedule.
crypto/aes/soft.zig,549,8,block,const,false,false,pub const block = Aes.block;,
crypto/aes/soft.zig,550,8,block_length,const,false,false,pub const block_length = block.block_length;,
crypto/aes/soft.zig,554,8,init,fn,false,false,pub fn init(key: [Aes.key_bits / 8]u8) Self {,Create a new encryption context with the given key.
crypto/aes/soft.zig,562,8,encrypt,fn,false,false,"pub fn encrypt(ctx: Self, dst: *[16]u8, src: *const [16]u8) void {",Encrypt a single block.
crypto/aes/soft.zig,584,8,xor,fn,false,false,"pub fn xor(ctx: Self, dst: *[16]u8, src: *const [16]u8, counter: [16]u8) void {",Encrypt+XOR a single block.
crypto/aes/soft.zig,606,8,encryptWide,fn,false,false,"pub fn encryptWide(ctx: Self, comptime count: usize, dst: *[16 * count]u8, src: *const [16 * count]u8) void {","Encrypt multiple blocks, possibly leveraging parallelization."
crypto/aes/soft.zig,614,8,xorWide,fn,false,false,"pub fn xorWide(ctx: Self, comptime count: usize, dst: *[16 * count]u8, src: *const [16 * count]u8, counters: [16 * count]u8) void {","Encrypt+XOR multiple blocks, possibly leveraging parallelization."
crypto/aes/soft.zig,624,0,AesDecryptCtx,fn,false,false,pub fn AesDecryptCtx(comptime Aes: type) type {,A context to perform decryption using the standard AES key schedule.
crypto/aes/soft.zig,630,8,block,const,false,false,pub const block = Aes.block;,
crypto/aes/soft.zig,631,8,block_length,const,false,false,pub const block_length = block.block_length;,
crypto/aes/soft.zig,635,8,initFromEnc,fn,false,false,pub fn initFromEnc(ctx: AesEncryptCtx(Aes)) Self {,Create a decryption context from an existing encryption context.
crypto/aes/soft.zig,642,8,init,fn,false,false,pub fn init(key: [Aes.key_bits / 8]u8) Self {,Create a new decryption context with the given key.
crypto/aes/soft.zig,648,8,decrypt,fn,false,false,"pub fn decrypt(ctx: Self, dst: *[16]u8, src: *const [16]u8) void {",Decrypt a single block.
crypto/aes/soft.zig,670,8,decryptWide,fn,false,false,"pub fn decryptWide(ctx: Self, comptime count: usize, dst: *[16 * count]u8, src: *const [16 * count]u8) void {","Decrypt multiple blocks, possibly leveraging parallelization."
crypto/aes/soft.zig,680,0,Aes128,const,false,false,pub const Aes128 = struct {,AES-128 with the standard key schedule.
crypto/aes/soft.zig,681,4,key_bits,const,false,false,pub const key_bits: usize = 128;,
crypto/aes/soft.zig,682,4,rounds,const,false,false,pub const rounds = ((key_bits - 64) / 32 + 8);,
crypto/aes/soft.zig,683,4,block,const,false,false,pub const block = Block;,
crypto/aes/soft.zig,686,4,initEnc,fn,false,false,pub fn initEnc(key: [key_bits / 8]u8) AesEncryptCtx(Aes128) {,Create a new context for encryption.
crypto/aes/soft.zig,691,4,initDec,fn,false,false,pub fn initDec(key: [key_bits / 8]u8) AesDecryptCtx(Aes128) {,Create a new context for decryption.
crypto/aes/soft.zig,697,0,Aes256,const,false,false,pub const Aes256 = struct {,AES-256 with the standard key schedule.
crypto/aes/soft.zig,698,4,key_bits,const,false,false,pub const key_bits: usize = 256;,
crypto/aes/soft.zig,699,4,rounds,const,false,false,pub const rounds = ((key_bits - 64) / 32 + 8);,
crypto/aes/soft.zig,700,4,block,const,false,false,pub const block = Block;,
crypto/aes/soft.zig,703,4,initEnc,fn,false,false,pub fn initEnc(key: [key_bits / 8]u8) AesEncryptCtx(Aes256) {,Create a new context for encryption.
crypto/aes/soft.zig,708,4,initDec,fn,false,false,pub fn initDec(key: [key_bits / 8]u8) AesDecryptCtx(Aes256) {,Create a new context for decryption.
crypto/aes_ccm.zig,17,0,Aes128Ccm0,const,false,false,"pub const Aes128Ccm0 = AesCcm(crypto.core.aes.Aes128, 0, 13);","AES-128-CCM* with no authentication (encryption-only, 13-byte nonce)."
crypto/aes_ccm.zig,19,0,Aes128Ccm8,const,false,false,"pub const Aes128Ccm8 = AesCcm(crypto.core.aes.Aes128, 8, 13);",AES-128-CCM with 8-byte authentication tag and 13-byte nonce.
crypto/aes_ccm.zig,21,0,Aes128Ccm16,const,false,false,"pub const Aes128Ccm16 = AesCcm(crypto.core.aes.Aes128, 16, 13);",AES-128-CCM with 16-byte authentication tag and 13-byte nonce.
crypto/aes_ccm.zig,23,0,Aes256Ccm0,const,false,false,"pub const Aes256Ccm0 = AesCcm(crypto.core.aes.Aes256, 0, 13);","AES-256-CCM* with no authentication (encryption-only, 13-byte nonce)."
crypto/aes_ccm.zig,25,0,Aes256Ccm8,const,false,false,"pub const Aes256Ccm8 = AesCcm(crypto.core.aes.Aes256, 8, 13);",AES-256-CCM with 8-byte authentication tag and 13-byte nonce.
crypto/aes_ccm.zig,27,0,Aes256Ccm16,const,false,false,"pub const Aes256Ccm16 = AesCcm(crypto.core.aes.Aes256, 16, 13);",AES-256-CCM with 16-byte authentication tag and 13-byte nonce.
crypto/aes_ccm.zig,52,8,key_length,const,false,false,pub const key_length = BlockCipher.key_bits / 8;,
crypto/aes_ccm.zig,53,8,tag_length,const,false,false,pub const tag_length = tag_len;,
crypto/aes_ccm.zig,54,8,nonce_length,const,false,false,pub const nonce_length = nonce_len;,
crypto/aes_ccm.zig,62,8,encrypt,fn,false,false,pub fn encrypt(,`c`: Ciphertext output buffer (must be same length as m). | `tag`: Authentication tag output. | `m`: Plaintext message to encrypt. | `ad`: Associated data to authenticate. | `npub`: Public nonce (must be unique for each message with same key). | `key`: Encryption key.
crypto/aes_ccm.zig,115,8,decrypt,fn,false,false,pub fn decrypt(,`m`: Plaintext output buffer (must be same length as c). | `c`: Ciphertext to decrypt. | `tag`: Authentication tag to verify. | `ad`: Associated data (must match encryption). | `npub`: Public nonce (must match encryption). | `key`: Private key. |  | Asserts `c.len == m.len`. | Contents of `m` are undefined if an error is returned.
crypto/aes_gcm.zig,11,0,Aes128Gcm,const,false,false,pub const Aes128Gcm = AesGcm(crypto.core.aes.Aes128);,
crypto/aes_gcm.zig,12,0,Aes256Gcm,const,false,false,pub const Aes256Gcm = AesGcm(crypto.core.aes.Aes256);,
crypto/aes_gcm.zig,18,8,tag_length,const,false,false,pub const tag_length = 16;,
crypto/aes_gcm.zig,19,8,nonce_length,const,false,false,pub const nonce_length = 12;,
crypto/aes_gcm.zig,20,8,key_length,const,false,false,pub const key_length = Aes.key_bits / 8;,
crypto/aes_gcm.zig,30,8,encrypt,fn,false,false,"pub fn encrypt(c: []u8, tag: *[tag_length]u8, m: []const u8, ad: []const u8, npub: [nonce_length]u8, key: [key_length]u8) void {",`c`: The ciphertext buffer to write the encrypted data to. | `tag`: The authentication tag buffer to write the computed tag to. | `m`: The plaintext message to encrypt. | `ad`: The associated data to authenticate. | `npub`: The nonce to use for encryption. | `key`: The encryption key.
crypto/aes_gcm.zig,73,8,decrypt,fn,false,false,"pub fn decrypt(m: []u8, c: []const u8, tag: [tag_length]u8, ad: []const u8, npub: [nonce_length]u8, key: [key_length]u8) AuthenticationError!void {",`m`: Message | `c`: Ciphertext | `tag`: Authentication tag | `ad`: Associated data | `npub`: Public nonce | `k`: Private key | Asserts `c.len == m.len`. |  | Contents of `m` are undefined if an error is returned.
crypto/aes_gcm_siv.zig,11,0,Aes128GcmSiv,const,false,false,pub const Aes128GcmSiv = AesGcmSiv(crypto.core.aes.Aes128);,
crypto/aes_gcm_siv.zig,12,0,Aes256GcmSiv,const,false,false,pub const Aes256GcmSiv = AesGcmSiv(crypto.core.aes.Aes256);,
crypto/aes_gcm_siv.zig,37,8,tag_length,const,false,false,pub const tag_length = 16;,
crypto/aes_gcm_siv.zig,38,8,nonce_length,const,false,false,pub const nonce_length = 12;,
crypto/aes_gcm_siv.zig,39,8,key_length,const,false,false,pub const key_length = Aes.key_bits / 8;,
crypto/aes_gcm_siv.zig,104,8,encrypt,fn,false,false,"pub fn encrypt(c: []u8, tag: *[tag_length]u8, m: []const u8, ad: []const u8, npub: [nonce_length]u8, key: [key_length]u8) void {",Encrypts and authenticates a message using AES-GCM-SIV. |  | `c`: The ciphertext buffer to write the encrypted data to. | `tag`: The authentication tag buffer to write the computed tag to. | `m`: The plaintext message to encrypt. | `ad`: The associated data to authenticate. | `npub`: The nonce to use for encryption. | `key`: The encryption key.
crypto/aes_gcm_siv.zig,166,8,decrypt,fn,false,false,"pub fn decrypt(m: []u8, c: []const u8, tag: [tag_length]u8, ad: []const u8, npub: [nonce_length]u8, key: [key_length]u8) AuthenticationError!void {",Decrypts and authenticates a message using AES-GCM-SIV. |  | `m`: Message buffer to write the decrypted data to. | `c`: The ciphertext to decrypt. | `tag`: The authentication tag. | `ad`: The associated data. | `npub`: The nonce. | `key`: The decryption key. | Asserts `c.len == m.len`.
crypto/aes_ocb.zig,10,0,Aes128Ocb,const,false,false,pub const Aes128Ocb = AesOcb(aes.Aes128);,
crypto/aes_ocb.zig,11,0,Aes256Ocb,const,false,false,pub const Aes256Ocb = AesOcb(aes.Aes256);,
crypto/aes_ocb.zig,21,8,key_length,const,false,false,pub const key_length = Aes.key_bits / 8;,
crypto/aes_ocb.zig,22,8,nonce_length,const,false,false,pub const nonce_length: usize = 12;,
crypto/aes_ocb.zig,23,8,tag_length,const,false,false,pub const tag_length: usize = 16;,
crypto/aes_ocb.zig,114,8,encrypt,fn,false,false,"pub fn encrypt(c: []u8, tag: *[tag_length]u8, m: []const u8, ad: []const u8, npub: [nonce_length]u8, key: [key_length]u8) void {",c: ciphertext: output buffer should be of size m.len | tag: authentication tag: output MAC | m: message | ad: Associated Data | npub: public nonce | k: secret key
crypto/aes_ocb.zig,180,8,decrypt,fn,false,false,"pub fn decrypt(m: []u8, c: []const u8, tag: [tag_length]u8, ad: []const u8, npub: [nonce_length]u8, key: [key_length]u8) AuthenticationError!void {",`m`: Message | `c`: Ciphertext | `tag`: Authentication tag | `ad`: Associated data | `npub`: Public nonce | `k`: Private key | Asserts `c.len == m.len`. |  | Contents of `m` are undefined if an error is returned.
crypto/aes_siv.zig,11,0,Aes128Siv,const,false,false,pub const Aes128Siv = AesSiv(crypto.core.aes.Aes128);,
crypto/aes_siv.zig,12,0,Aes256Siv,const,false,false,pub const Aes256Siv = AesSiv(crypto.core.aes.Aes256);,
crypto/aes_siv.zig,51,8,tag_length,const,false,false,pub const tag_length = 16;,
crypto/aes_siv.zig,52,8,key_length,const,false,false,pub const key_length = Aes.key_bits / 8 * 2; // SIV uses 2x key size,
crypto/aes_siv.zig,141,8,encrypt,fn,false,false,"pub fn encrypt(c: []u8, tag: *[tag_length]u8, m: []const u8, ad: ?[]const u8, nonce: ?[]const u8, key: [key_length]u8) void {","Encrypt plaintext using AES-SIV | `c`: Output buffer for ciphertext (same size as plaintext) | `tag`: Output buffer for authentication tag (synthetic IV) | `m`: Plaintext to encrypt | `ad`: Optional associated data | `nonce`: Optional nonce (if provided, will be added as last AD component) | `key`: Combined key (2x AES key size)"
crypto/aes_siv.zig,183,8,decrypt,fn,false,false,"pub fn decrypt(m: []u8, c: []const u8, tag: [tag_length]u8, ad: ?[]const u8, nonce: ?[]const u8, key: [key_length]u8) AuthenticationError!void {",Decrypt ciphertext using AES-SIV | `m`: Output buffer for decrypted plaintext | `c`: Ciphertext to decrypt | `tag`: Authentication tag (synthetic IV) | `ad`: Optional associated data (must match encryption) | `nonce`: Optional nonce (must match encryption) | `key`: Combined key (2x AES key size)
crypto/aes_siv.zig,230,8,encryptWithAdVector,fn,false,false,"pub fn encryptWithAdVector(c: []u8, tag: *[tag_length]u8, m: []const u8, ad: []const []const u8, key: [key_length]u8) void {",Encrypts plaintext with multiple associated data components. | This is the most general form of AES-SIV encryption that accepts | an arbitrary vector of associated data strings as specified in RFC 5297.
crypto/aes_siv.zig,264,8,decryptWithAdVector,fn,false,false,"pub fn decryptWithAdVector(m: []u8, c: []const u8, tag: [tag_length]u8, ad: []const []const u8, key: [key_length]u8) AuthenticationError!void {",Decrypts ciphertext with multiple associated data components. | This is the most general form of AES-SIV decryption that accepts | an arbitrary vector of associated data strings as specified in RFC 5297.
crypto/argon2.zig,35,0,Mode,const,false,false,pub const Mode = enum {,Argon2 type
crypto/argon2.zig,53,0,Params,const,false,false,pub const Params = struct {,Argon2 parameters
crypto/argon2.zig,81,4,interactive_2i,const,false,false,"pub const interactive_2i = Self.fromLimits(4, 33554432);",Baseline parameters for interactive logins using argon2i type
crypto/argon2.zig,83,4,moderate_2i,const,false,false,"pub const moderate_2i = Self.fromLimits(6, 134217728);",Baseline parameters for normal usage using argon2i type
crypto/argon2.zig,85,4,sensitive_2i,const,false,false,"pub const sensitive_2i = Self.fromLimits(8, 536870912);",Baseline parameters for offline usage using argon2i type
crypto/argon2.zig,88,4,interactive_2id,const,false,false,"pub const interactive_2id = Self.fromLimits(2, 67108864);",Baseline parameters for interactive logins using argon2id type
crypto/argon2.zig,90,4,moderate_2id,const,false,false,"pub const moderate_2id = Self.fromLimits(3, 268435456);",Baseline parameters for normal usage using argon2id type
crypto/argon2.zig,92,4,sensitive_2id,const,false,false,"pub const sensitive_2id = Self.fromLimits(4, 1073741824);",Baseline parameters for offline usage using argon2id type
crypto/argon2.zig,96,4,owasp_2id,const,false,false,"pub const owasp_2id = Self{ .t = 2, .m = 19 * 1024, .p = 1 };",Recommended parameters for argon2id type according to the | [OWASP cheat sheet](https://cheatsheetseries.owasp.org/cheatsheets/Password_Storage_Cheat_Sheet.html).
crypto/argon2.zig,99,4,fromLimits,fn,false,false,"pub fn fromLimits(ops_limit: u32, mem_limit: usize) Self {","Create parameters from ops and mem limits, where mem_limit given in bytes"
crypto/argon2.zig,479,0,kdf,fn,false,false,pub fn kdf(,"Derives a key from the password, salt, and argon2 parameters. |  | Derived key has to be at least 4 bytes length. |  | Salt has to be at least 8 bytes length."
crypto/argon2.zig,525,4,create,fn,false,false,pub fn create(,
crypto/argon2.zig,552,4,verify,fn,false,false,pub fn verify(,
crypto/argon2.zig,582,0,HashOptions,const,false,false,pub const HashOptions = struct {,Options for hashing a password. |  | Allocator is required for argon2. |  | Only phc encoding is supported.
crypto/argon2.zig,591,0,strHash,fn,false,false,pub fn strHash(,Compute a hash of a password using the argon2 key derivation function. | The function returns a string that includes all the parameters required for verification.
crypto/argon2.zig,614,0,VerifyOptions,const,false,false,pub const VerifyOptions = struct {,Options for hash verification. |  | Allocator is required for argon2.
crypto/argon2.zig,619,0,strVerify,fn,false,false,pub fn strVerify(,Verify that a previously computed hash is valid for a given password.
crypto/ascon.zig,26,0,State,fn,false,false,pub fn State(comptime endian: std.builtin.Endian) type {,"An Ascon state. |  | The state is represented as 5 64-bit words. |  | The original NIST submission (v1.2) serializes these words as big-endian, | but NIST SP 800-232 switched to a little-endian representation. | Software implementations are free to use native endianness with no security degradation."
crypto/ascon.zig,31,8,block_bytes,const,false,false,pub const block_bytes = 40;,Number of bytes in the state.
crypto/ascon.zig,43,8,init,fn,false,false,pub fn init(initial_state: [block_bytes]u8) Self {,Initialize the state from a slice of bytes. |  | Parameters: | - initial_state: A 40-byte array to initialize the state |  | Returns: A new State initialized with the provided bytes
crypto/ascon.zig,56,8,initFromWords,fn,false,false,pub fn initFromWords(initial_state: [5]u64) Self {,Initialize the state from u64 words in native endianness. |  | Parameters: | - initial_state: An array of 5 u64 words in native endianness |  | Returns: A new State with the provided words
crypto/ascon.zig,63,8,initXof,fn,false,false,pub fn initXof() Self {,Initialize the state for Ascon XOF. |  | Returns: A new State initialized with the Ascon XOF initialization vector
crypto/ascon.zig,76,8,initXofA,fn,false,false,pub fn initXofA() Self {,Initialize the state for Ascon XOFa. |  | Returns: A new State initialized with the Ascon XOFa initialization vector
crypto/ascon.zig,89,8,asBytes,fn,false,false,pub fn asBytes(self: *Self) *[block_bytes]u8 {,A representation of the state as bytes. The byte order is architecture-dependent. |  | Returns: A pointer to the state's internal byte representation
crypto/ascon.zig,96,8,endianSwap,fn,false,false,pub fn endianSwap(self: *Self) void {,Byte-swap the entire state if the architecture doesn't match the required endianness. |  | This ensures the state is in the correct endianness for the current platform.
crypto/ascon.zig,108,8,setBytes,fn,false,false,"pub fn setBytes(self: *Self, bytes: []const u8) void {","Set bytes starting at the beginning of the state. |  | Parameters: | - bytes: Slice of bytes to write into the state (up to 40 bytes) |  | Note: If bytes.len < 40, remaining state words are zero-padded"
crypto/ascon.zig,125,8,addByte,fn,false,false,"pub fn addByte(self: *Self, byte: u8, offset: usize) void {",XOR a byte into the state at a given offset. |  | Parameters: | - byte: The byte to XOR into the state | - offset: The byte offset in the state (0-39)
crypto/ascon.zig,139,8,addBytes,fn,false,false,"pub fn addBytes(self: *Self, bytes: []const u8) void {",XOR bytes into the beginning of the state. |  | Parameters: | - bytes: Slice of bytes to XOR into the state (up to 40 bytes) |  | Note: Handles partial blocks with zero-padding
crypto/ascon.zig,157,8,extractBytes,fn,false,false,"pub fn extractBytes(self: *Self, out: []u8) void {",Extract the first bytes of the state. |  | Parameters: | - out: Output buffer to receive the extracted bytes |  | Note: Extracts up to out.len bytes from the beginning of the state
crypto/ascon.zig,176,8,xorBytes,fn,false,false,"pub fn xorBytes(self: *Self, out: []u8, in: []const u8) void {",XOR the first bytes of the state into a slice of bytes. |  | Parameters: | - out: Output buffer for the XORed result | - in: Input bytes to XOR with the state |  | Requires: out.len == in.len
crypto/ascon.zig,200,8,clear,fn,false,false,"pub fn clear(self: *Self, from: usize, to: usize) void {",Set the words storing the bytes of a given range to zero. |  | Parameters: | - from: Starting byte offset (inclusive) | - to: Ending byte offset (inclusive) |  | Note: Clears complete words that contain the specified byte range
crypto/ascon.zig,208,8,secureZero,fn,false,false,pub fn secureZero(self: *Self) void {,"Clear the entire state, disabling compiler optimizations. |  | Uses secure zeroing to prevent the compiler from optimizing away | the clearing operation. Use for sensitive data cleanup."
crypto/ascon.zig,218,8,permuteR,fn,false,false,"pub fn permuteR(state: *Self, comptime rounds: u4) void {",Apply a reduced-round permutation to the state. |  | Parameters: | - rounds: Number of rounds to apply (1-12) |  | Note: Uses the last `rounds` round constants from the full set
crypto/ascon.zig,228,8,permute,fn,false,false,pub fn permute(state: *Self) void {,Apply a full-round permutation to the state. |  | Applies the standard 12-round Ascon permutation.
crypto/ascon.zig,240,8,permuteRatchet,fn,false,false,"pub fn permuteRatchet(state: *Self, comptime rounds: u4, comptime rate: u6) void {","Apply a permutation to the state and prevent backtracking. |  | Parameters: | - rounds: Number of permutation rounds to apply | - rate: Rate in bytes (must be multiple of 8, < 40) |  | The capacity portion is XORed before and after permutation to | provide forward security (ratcheting)."
crypto/ascon.zig,317,0,AsconAead128,const,false,false,pub const AsconAead128 = struct {,Ascon-AEAD128 as specified in NIST SP 800-232 Section 4
crypto/ascon.zig,318,4,tag_length,const,false,false,pub const tag_length = 16;,
crypto/ascon.zig,319,4,nonce_length,const,false,false,pub const nonce_length = 16;,
crypto/ascon.zig,320,4,key_length,const,false,false,pub const key_length = 16;,
crypto/ascon.zig,321,4,block_length,const,false,false,pub const block_length = 16;,
crypto/ascon.zig,418,4,encrypt,fn,false,false,"pub fn encrypt(c: []u8, tag: *[tag_length]u8, m: []const u8, ad: []const u8, npub: [nonce_length]u8, k: [key_length]u8) void {","Encrypt a message with Ascon-AEAD128. |  | Parameters: | - c: Output buffer for ciphertext (must be same length as m) | - tag: Output buffer for authentication tag (16 bytes) | - m: Plaintext message to encrypt | - ad: Associated data to authenticate but not encrypt | - npub: Public nonce (16 bytes, must be unique per message) | - k: Secret key (16 bytes) |  | Note: The ciphertext and tag must be transmitted together for decryption"
crypto/ascon.zig,499,4,decrypt,fn,false,false,"pub fn decrypt(m: []u8, c: []const u8, tag: [tag_length]u8, ad: []const u8, npub: [nonce_length]u8, k: [key_length]u8) AuthenticationError!void {","Decrypt a message with Ascon-AEAD128. |  | Parameters: | - m: Output buffer for plaintext (must be same length as c) | - c: Ciphertext to decrypt | - tag: Authentication tag (16 bytes) | - ad: Associated data that was authenticated | - npub: Public nonce used during encryption (16 bytes) | - k: Secret key (16 bytes) |  | Returns: AuthenticationError if tag verification fails |  | Note: On authentication failure, the output buffer is securely zeroed"
crypto/ascon.zig,587,0,AsconHash256,const,false,false,pub const AsconHash256 = struct {,Ascon-Hash256 as specified in NIST SP 800-232 Section 5
crypto/ascon.zig,588,4,digest_length,const,false,false,pub const digest_length = 32;,
crypto/ascon.zig,589,4,block_length,const,false,false,pub const block_length = 8;,
crypto/ascon.zig,593,4,Options,const,false,false,pub const Options = struct {};,
crypto/ascon.zig,601,4,init,fn,false,false,pub fn init(options: Options) AsconHash256 {,Initialize a new Ascon-Hash256 hasher. |  | Parameters: | - options: Configuration options (currently unused) |  | Returns: An initialized AsconHash256 hasher
crypto/ascon.zig,618,4,hash,fn,false,false,"pub fn hash(b: []const u8, out: *[digest_length]u8, options: Options) void {",Compute Ascon-Hash256 hash of input data in one call. |  | Parameters: | - b: Input data to hash | - out: Output buffer for 32-byte hash digest | - options: Configuration options (currently unused)
crypto/ascon.zig,630,4,update,fn,false,false,"pub fn update(self: *AsconHash256, b: []const u8) void {",Update the hash state with additional data. |  | Parameters: | - b: Data to add to the hash |  | Note: Can be called multiple times before final()
crypto/ascon.zig,660,4,final,fn,false,false,"pub fn final(self: *AsconHash256, out: *[digest_length]u8) void {","Finalize the hash and output the digest. |  | Parameters: | - out: Output buffer for 32-byte hash digest |  | Note: After calling final(), the hasher should not be used again"
crypto/ascon.zig,679,0,AsconXof128,const,false,false,pub const AsconXof128 = struct {,Ascon-XOF128 as specified in NIST SP 800-232 Section 5
crypto/ascon.zig,680,4,block_length,const,false,false,pub const block_length = 8;,
crypto/ascon.zig,685,4,Options,const,false,false,pub const Options = struct {};,
crypto/ascon.zig,693,4,init,fn,false,false,pub fn init(options: Options) AsconXof128 {,Initialize a new Ascon-XOF128 extendable output function. |  | Parameters: | - options: Configuration options (currently unused) |  | Returns: An initialized AsconXof128 instance
crypto/ascon.zig,712,4,hash,fn,false,false,"pub fn hash(bytes: []const u8, out: []u8, options: Options) void {","Hash a slice of bytes with variable-length output. |  | Parameters: | - bytes: Input data to hash | - out: Output buffer (can be any length) | - options: Configuration options (currently unused) |  | Note: Convenience function that combines init, update, and squeeze"
crypto/ascon.zig,724,4,update,fn,false,false,"pub fn update(self: *AsconXof128, b: []const u8) void {",Update the XOF state with additional data. |  | Parameters: | - b: Data to absorb into the XOF state |  | Note: Cannot be called after squeeze() has been called
crypto/ascon.zig,757,4,squeeze,fn,false,false,"pub fn squeeze(self: *AsconXof128, out: []u8) void {","Squeeze output bytes from the XOF. |  | Parameters: | - out: Output buffer to fill with pseudorandom bytes |  | Note: Can be called multiple times to generate more output. | After first call, no more data can be absorbed with update()."
crypto/ascon.zig,780,0,AsconCxof128,const,false,false,pub const AsconCxof128 = struct {,Ascon-CXOF128 as specified in NIST SP 800-232 Section 5
crypto/ascon.zig,781,4,block_length,const,false,false,pub const block_length = 8;,
crypto/ascon.zig,782,4,max_custom_length,const,false,false,pub const max_custom_length = 256; // 2048 bits,
crypto/ascon.zig,787,4,Options,const,false,false,"pub const Options = struct { custom: []const u8 = """" };",
crypto/ascon.zig,798,4,init,fn,false,false,pub fn init(options: Options) AsconCxof128 {,Initialize a new Ascon-CXOF128 customizable XOF. |  | Parameters: | - options: Configuration with optional customization string | - custom: Customization string (max 256 bytes) |  | Returns: An initialized AsconCxof128 instance |  | Note: Different customization strings produce independent XOF instances
crypto/ascon.zig,857,4,hash,fn,false,false,"pub fn hash(bytes: []const u8, out: []u8, options: Options) void {","Hash a slice of bytes with customization and variable-length output. |  | Parameters: | - bytes: Input data to hash | - out: Output buffer (can be any length) | - options: Configuration with optional customization string |  | Note: Convenience function that combines init, update, and squeeze"
crypto/ascon.zig,869,4,update,fn,false,false,"pub fn update(self: *AsconCxof128, b: []const u8) void {",Update the CXOF state with additional data. |  | Parameters: | - b: Data to absorb into the CXOF state |  | Note: Cannot be called after squeeze() has been called
crypto/ascon.zig,902,4,squeeze,fn,false,false,"pub fn squeeze(self: *AsconCxof128, out: []u8) void {","Squeeze output bytes from the customizable XOF. |  | Parameters: | - out: Output buffer to fill with pseudorandom bytes |  | Note: Can be called multiple times to generate more output. | After first call, no more data can be absorbed with update()."
crypto/bcrypt.zig,20,0,salt_length,const,false,false,pub const salt_length: usize = 16;,
crypto/bcrypt.zig,27,0,hash_length,const,false,false,pub const hash_length: usize = 60;,Length (in bytes) of a password hash in crypt encoding
crypto/bcrypt.zig,29,0,State,const,false,false,pub const State = struct {,
crypto/bcrypt.zig,409,0,Params,const,false,false,pub const Params = struct {,bcrypt parameters
crypto/bcrypt.zig,424,4,owasp,const,false,false,"pub const owasp = Self{ .rounds_log = 10, .silently_truncate_password = false };",Minimum recommended parameters according to the | [OWASP cheat sheet](https://cheatsheetseries.owasp.org/cheatsheets/Password_Storage_Cheat_Sheet.html).
crypto/bcrypt.zig,468,0,bcrypt,fn,false,false,pub fn bcrypt(,"Compute a hash of a password using 2^rounds_log rounds of the bcrypt key stretching function. | bcrypt is a computationally expensive and cache-hard function, explicitly designed to slow down exhaustive searches. |  | The function returns the hash as a `dk_length` byte array, that doesn't include anything besides the hash output. |  | This function was designed for password storage, not for key derivation. | For key derivation, use `bcrypt.pbkdf()` or `bcrypt.opensshKdf()` instead."
crypto/bcrypt.zig,489,4,mac_length,const,false,false,pub const mac_length = 32;,
crypto/bcrypt.zig,494,4,create,fn,false,false,"pub fn create(out: *[mac_length]u8, msg: []const u8, key: []const u8) void {",
crypto/bcrypt.zig,500,4,init,fn,false,false,pub fn init(key: []const u8) Self {,
crypto/bcrypt.zig,507,4,update,fn,false,false,"pub fn update(self: *Self, msg: []const u8) void {",
crypto/bcrypt.zig,511,4,final,fn,false,false,"pub fn final(self: *Self, out: *[mac_length]u8) void {",
crypto/bcrypt.zig,519,4,hash,fn,false,false,"pub fn hash(sha2pass: [Sha512.digest_length]u8, sha2salt: [Sha512.digest_length]u8) [32]u8 {",Matches OpenBSD function | https://github.com/openbsd/src/blob/6df1256b7792691e66c2ed9d86a8c103069f9e34/lib/libutil/bcrypt_pbkdf.c#L98
crypto/bcrypt.zig,564,0,pbkdf,fn,false,false,"pub fn pbkdf(pass: []const u8, salt: []const u8, key: []u8, rounds: u32) !void {","bcrypt-pbkdf is a key derivation function based on bcrypt. |  | Unlike the password hashing function `bcrypt`, this function doesn't silently truncate passwords longer than 72 bytes."
crypto/bcrypt.zig,571,0,opensshKdf,fn,false,false,"pub fn opensshKdf(pass: []const u8, salt: []const u8, key: []u8, rounds: u32) !void {",The function used in OpenSSH to derive encryption keys from passphrases. |  | This implementation is compatible with the OpenBSD implementation (https://github.com/openbsd/src/blob/master/lib/libutil/bcrypt_pbkdf.c).
crypto/bcrypt.zig,615,4,prefix,const,false,false,"pub const prefix = ""$2"";",String prefix for bcrypt
crypto/bcrypt.zig,772,0,HashOptions,const,false,false,pub const HashOptions = struct {,Options for hashing a password.
crypto/bcrypt.zig,793,0,strHash,fn,false,false,pub fn strHash(,"Compute a hash of a password using 2^rounds_log rounds of the bcrypt key | stretching function. |  | bcrypt is a computationally expensive and cache-hard function, explicitly | designed to slow down exhaustive searches. |  | The function returns a string that includes all the parameters required for | verification. |  | By design, bcrypt silently truncates passwords to 72 bytes. If this is an | issue for your application, set the `silently_truncate_password` option to | `false`."
crypto/bcrypt.zig,808,0,strHashWithSalt,fn,false,false,pub fn strHashWithSalt(,Compute a deterministic hash of a password using the bcrypt key derivation function. | The function returns a string that includes all the parameters required for verification. | Uses the provided salt instead of generating one randomly.
crypto/bcrypt.zig,821,0,VerifyOptions,const,false,false,pub const VerifyOptions = struct {,Options for hash verification.
crypto/bcrypt.zig,829,0,strVerify,fn,false,false,pub fn strVerify(,Verify that a previously computed hash is valid for a given password.
crypto/benchmark.zig,47,0,benchTime,fn,false,false,pub fn benchTime(io: Io) i96 {,
crypto/benchmark.zig,51,0,benchmarkHash,fn,false,false,"pub fn benchmarkHash(comptime Hash: anytype, comptime bytes: comptime_int, io: Io) !u64 {",
crypto/benchmark.zig,74,0,benchmarkHashParallel,fn,false,false,"pub fn benchmarkHashParallel(comptime Hash: anytype, comptime bytes: comptime_int, allocator: mem.Allocator, io: std.Io) !u64 {",
crypto/benchmark.zig,113,0,benchmarkMac,fn,false,false,"pub fn benchmarkMac(comptime Mac: anytype, comptime bytes: comptime_int, io: Io) !u64 {",
crypto/benchmark.zig,138,0,benchmarkKeyExchange,fn,false,false,"pub fn benchmarkKeyExchange(comptime DhKeyExchange: anytype, comptime exchange_count: comptime_int, io: Io) !u64 {",
crypto/benchmark.zig,175,0,benchmarkSignature,fn,false,false,"pub fn benchmarkSignature(comptime Signature: anytype, comptime signatures_count: comptime_int, io: std.Io) !u64 {",
crypto/benchmark.zig,202,0,benchmarkSignatureVerification,fn,false,false,"pub fn benchmarkSignatureVerification(comptime Signature: anytype, comptime signatures_count: comptime_int, io: std.Io) !u64 {",
crypto/benchmark.zig,225,0,benchmarkBatchSignatureVerification,fn,false,false,"pub fn benchmarkBatchSignatureVerification(comptime Signature: anytype, comptime signatures_count: comptime_int, io: std.Io) !u64 {",
crypto/benchmark.zig,257,0,benchmarkKem,fn,false,false,"pub fn benchmarkKem(comptime Kem: anytype, comptime kems_count: comptime_int, io: std.Io) !u64 {",
crypto/benchmark.zig,276,0,benchmarkKemDecaps,fn,false,false,"pub fn benchmarkKemDecaps(comptime Kem: anytype, comptime kems_count: comptime_int, io: std.Io) !u64 {",
crypto/benchmark.zig,297,0,benchmarkKemKeyGen,fn,false,false,"pub fn benchmarkKemKeyGen(comptime Kem: anytype, comptime kems_count: comptime_int, io: std.Io) !u64 {",
crypto/benchmark.zig,333,0,benchmarkAead,fn,false,false,"pub fn benchmarkAead(comptime Aead: anytype, comptime bytes: comptime_int, io: Io) !u64 {",
crypto/benchmark.zig,365,0,benchmarkAes,fn,false,false,"pub fn benchmarkAes(comptime Aes: anytype, comptime count: comptime_int, io: Io) !u64 {",
crypto/benchmark.zig,393,0,benchmarkAes8,fn,false,false,"pub fn benchmarkAes8(comptime Aes: anytype, comptime count: comptime_int, io: Io) !u64 {",
crypto/benchmark.zig,499,0,main,fn,false,false,pub fn main(init: std.process.Init) !void {,
crypto/blake2.zig,30,0,Blake2s128,const,false,false,pub const Blake2s128 = Blake2s(128);,
crypto/blake2.zig,31,0,Blake2s160,const,false,false,pub const Blake2s160 = Blake2s(160);,
crypto/blake2.zig,32,0,Blake2s224,const,false,false,pub const Blake2s224 = Blake2s(224);,
crypto/blake2.zig,33,0,Blake2s256,const,false,false,pub const Blake2s256 = Blake2s(256);,
crypto/blake2.zig,35,0,Blake2s,fn,false,false,pub fn Blake2s(comptime out_bits: usize) type {,
crypto/blake2.zig,38,8,block_length,const,false,false,pub const block_length = 64;,
crypto/blake2.zig,39,8,digest_length,const,false,false,pub const digest_length = out_bits / 8;,
crypto/blake2.zig,40,8,key_length_min,const,false,false,pub const key_length_min = 0;,
crypto/blake2.zig,41,8,key_length_max,const,false,false,pub const key_length_max = 32;,
crypto/blake2.zig,42,8,key_length,const,false,false,pub const key_length = 32; // recommended key length,
crypto/blake2.zig,43,8,Options,const,false,false,"pub const Options = struct { key: ?[]const u8 = null, salt: ?[8]u8 = null, context: ?[8]u8 = null, expected_out_bits: usize = out_bits };",
crypto/blake2.zig,75,8,init,fn,false,false,pub fn init(options: Options) Self {,
crypto/blake2.zig,103,8,hash,fn,false,false,"pub fn hash(b: []const u8, out: *[digest_length]u8, options: Options) void {",
crypto/blake2.zig,109,8,update,fn,false,false,"pub fn update(d: *Self, b: []const u8) void {",
crypto/blake2.zig,133,8,final,fn,false,false,"pub fn final(d: *Self, out: *[digest_length]u8) void {",
crypto/blake2.zig,451,0,Blake2b128,const,false,false,pub const Blake2b128 = Blake2b(128);,
crypto/blake2.zig,452,0,Blake2b160,const,false,false,pub const Blake2b160 = Blake2b(160);,
crypto/blake2.zig,453,0,Blake2b256,const,false,false,pub const Blake2b256 = Blake2b(256);,
crypto/blake2.zig,454,0,Blake2b384,const,false,false,pub const Blake2b384 = Blake2b(384);,
crypto/blake2.zig,455,0,Blake2b512,const,false,false,pub const Blake2b512 = Blake2b(512);,
crypto/blake2.zig,457,0,Blake2b,fn,false,false,pub fn Blake2b(comptime out_bits: usize) type {,
crypto/blake2.zig,460,8,block_length,const,false,false,pub const block_length = 128;,
crypto/blake2.zig,461,8,digest_length,const,false,false,pub const digest_length = out_bits / 8;,
crypto/blake2.zig,462,8,key_length_min,const,false,false,pub const key_length_min = 0;,
crypto/blake2.zig,463,8,key_length_max,const,false,false,pub const key_length_max = 64;,
crypto/blake2.zig,464,8,key_length,const,false,false,pub const key_length = 32; // recommended key length,
crypto/blake2.zig,465,8,Options,const,false,false,"pub const Options = struct { key: ?[]const u8 = null, salt: ?[16]u8 = null, context: ?[16]u8 = null, expected_out_bits: usize = out_bits };",
crypto/blake2.zig,499,8,init,fn,false,false,pub fn init(options: Options) Self {,
crypto/blake2.zig,527,8,hash,fn,false,false,"pub fn hash(b: []const u8, out: *[digest_length]u8, options: Options) void {",
crypto/blake2.zig,533,8,update,fn,false,false,"pub fn update(d: *Self, b: []const u8) void {",
crypto/blake2.zig,557,8,final,fn,false,false,"pub fn final(d: *Self, out: *[digest_length]u8) void {",
crypto/blake3.zig,952,0,Blake3,const,false,false,pub const Blake3 = struct {,BLAKE3 is a cryptographic hash function that produces a 256-bit digest by default but also supports extendable output.
crypto/blake3.zig,953,4,block_length,const,false,false,pub const block_length = 64;,
crypto/blake3.zig,954,4,digest_length,const,false,false,pub const digest_length = 32;,
crypto/blake3.zig,955,4,key_length,const,false,false,pub const key_length = 32;,
crypto/blake3.zig,957,4,Options,const,false,false,pub const Options = struct { key: ?[key_length]u8 = null };,
crypto/blake3.zig,958,4,KdfOptions,const,false,false,pub const KdfOptions = struct {};,
crypto/blake3.zig,966,4,init,fn,false,false,pub fn init(options: Options) Blake3 {,"Construct a new `Blake3` for the hash function, with an optional key"
crypto/blake3.zig,977,4,initKdf,fn,false,false,"pub fn initKdf(context: []const u8, options: KdfOptions) Blake3 {","Construct a new `Blake3` for the key derivation function. The context | string should be hardcoded, globally unique, and application-specific."
crypto/blake3.zig,987,4,hash,fn,false,false,"pub fn hash(b: []const u8, out: []u8, options: Options) void {",
crypto/blake3.zig,993,4,hashParallel,fn,false,false,"pub fn hashParallel(b: []const u8, out: []u8, options: Options, allocator: Allocator, io: Io) error{ OutOfMemory, Canceled }!void {",
crypto/blake3.zig,1106,4,update,fn,false,false,"pub fn update(self: *Blake3, input: []const u8) void {",Add input to the hash state. This can be called any number of times.
crypto/blake3.zig,1160,4,final,fn,false,false,"pub fn final(self: *const Blake3, out: []u8) void {",Finalize the hash and write any number of output bytes.
crypto/blake3.zig,1166,4,finalizeSeek,fn,false,false,"pub fn finalizeSeek(self: *const Blake3, seek: u64, out: []u8) void {","Finalize the hash and write any number of output bytes, starting at a given seek position. | This is an XOF (extendable-output function) extension."
crypto/blake3.zig,1198,4,reset,fn,false,false,pub fn reset(self: *Blake3) void {,
crypto/cbc_mac.zig,6,0,CbcMacAes128,const,false,false,pub const CbcMacAes128 = CbcMac(crypto.core.aes.Aes128);,CBC-MAC with AES-128 - FIPS 113 https://csrc.nist.gov/publications/detail/fips/113/archive/1985-05-30
crypto/cbc_mac.zig,13,0,CbcMac,fn,false,false,pub fn CbcMac(comptime BlockCipher: type) type {,FIPS 113 (1985): Computer Data Authentication | https://csrc.nist.gov/publications/detail/fips/113/archive/1985-05-30 |  | WARNING: CBC-MAC is insecure for variable-length messages without additional | protection. Only use when required by protocols like CCM that mitigate this.
crypto/cbc_mac.zig,19,8,key_length,const,false,false,pub const key_length = BlockCipher.key_bits / 8;,
crypto/cbc_mac.zig,20,8,block_length,const,false,false,pub const block_length = BlockCipher.block.block_length;,
crypto/cbc_mac.zig,21,8,mac_length,const,false,false,pub const mac_length = block_length;,
crypto/cbc_mac.zig,27,8,create,fn,false,false,"pub fn create(out: *[mac_length]u8, msg: []const u8, key: *const [key_length]u8) void {",
crypto/cbc_mac.zig,33,8,init,fn,false,false,pub fn init(key: *const [key_length]u8) Self {,
crypto/cbc_mac.zig,39,8,update,fn,false,false,"pub fn update(self: *Self, msg: []const u8) void {",
crypto/cbc_mac.zig,66,8,final,fn,false,false,"pub fn final(self: *Self, out: *[mac_length]u8) void {",
crypto/chacha20.zig,15,0,ChaCha20IETF,const,false,false,pub const ChaCha20IETF = ChaChaIETF(20);,"IETF-variant of the ChaCha20 stream cipher, as designed for TLS."
crypto/chacha20.zig,20,0,ChaCha12IETF,const,false,false,pub const ChaCha12IETF = ChaChaIETF(12);,"IETF-variant of the ChaCha20 stream cipher, reduced to 12 rounds. | Reduced-rounds versions are faster than the full-round version, but have a lower security margin. | However, ChaCha is still believed to have a comfortable security even with only 8 rounds."
crypto/chacha20.zig,25,0,ChaCha8IETF,const,false,false,pub const ChaCha8IETF = ChaChaIETF(8);,"IETF-variant of the ChaCha20 stream cipher, reduced to 8 rounds. | Reduced-rounds versions are faster than the full-round version, but have a lower security margin. | However, ChaCha is still believed to have a comfortable security even with only 8 rounds."
crypto/chacha20.zig,28,0,ChaCha20With64BitNonce,const,false,false,pub const ChaCha20With64BitNonce = ChaChaWith64BitNonce(20);,Original ChaCha20 stream cipher.
crypto/chacha20.zig,33,0,ChaCha12With64BitNonce,const,false,false,pub const ChaCha12With64BitNonce = ChaChaWith64BitNonce(12);,"Original ChaCha20 stream cipher, reduced to 12 rounds. | Reduced-rounds versions are faster than the full-round version, but have a lower security margin. | However, ChaCha is still believed to have a comfortable security even with only 8 rounds."
crypto/chacha20.zig,38,0,ChaCha8With64BitNonce,const,false,false,pub const ChaCha8With64BitNonce = ChaChaWith64BitNonce(8);,"Original ChaCha20 stream cipher, reduced to 8 rounds. | Reduced-rounds versions are faster than the full-round version, but have a lower security margin. | However, ChaCha is still believed to have a comfortable security even with only 8 rounds."
crypto/chacha20.zig,41,0,XChaCha20IETF,const,false,false,pub const XChaCha20IETF = XChaChaIETF(20);,XChaCha20 (nonce-extended version of the IETF ChaCha20 variant) stream cipher
crypto/chacha20.zig,46,0,XChaCha12IETF,const,false,false,pub const XChaCha12IETF = XChaChaIETF(12);,"XChaCha20 (nonce-extended version of the IETF ChaCha20 variant) stream cipher, reduced to 12 rounds | Reduced-rounds versions are faster than the full-round version, but have a lower security margin. | However, ChaCha is still believed to have a comfortable security even with only 8 rounds."
crypto/chacha20.zig,51,0,XChaCha8IETF,const,false,false,pub const XChaCha8IETF = XChaChaIETF(8);,"XChaCha20 (nonce-extended version of the IETF ChaCha20 variant) stream cipher, reduced to 8 rounds | Reduced-rounds versions are faster than the full-round version, but have a lower security margin. | However, ChaCha is still believed to have a comfortable security even with only 8 rounds."
crypto/chacha20.zig,54,0,ChaCha20Poly1305,const,false,false,pub const ChaCha20Poly1305 = ChaChaPoly1305(20);,"ChaCha20-Poly1305 authenticated cipher, as designed for TLS"
crypto/chacha20.zig,59,0,ChaCha12Poly1305,const,false,false,pub const ChaCha12Poly1305 = ChaChaPoly1305(12);,"ChaCha20-Poly1305 authenticated cipher, reduced to 12 rounds | Reduced-rounds versions are faster than the full-round version, but have a lower security margin. | However, ChaCha is still believed to have a comfortable security even with only 8 rounds."
crypto/chacha20.zig,64,0,ChaCha8Poly1305,const,false,false,pub const ChaCha8Poly1305 = ChaChaPoly1305(8);,"ChaCha20-Poly1305 authenticated cipher, reduced to 8 rounds | Reduced-rounds versions are faster than the full-round version, but have a lower security margin. | However, ChaCha is still believed to have a comfortable security even with only 8 rounds."
crypto/chacha20.zig,67,0,XChaCha20Poly1305,const,false,false,pub const XChaCha20Poly1305 = XChaChaPoly1305(20);,XChaCha20-Poly1305 authenticated cipher
crypto/chacha20.zig,72,0,XChaCha12Poly1305,const,false,false,pub const XChaCha12Poly1305 = XChaChaPoly1305(12);,"XChaCha20-Poly1305 authenticated cipher | Reduced-rounds versions are faster than the full-round version, but have a lower security margin. | However, ChaCha is still believed to have a comfortable security even with only 8 rounds."
crypto/chacha20.zig,77,0,XChaCha8Poly1305,const,false,false,pub const XChaCha8Poly1305 = XChaChaPoly1305(8);,"XChaCha20-Poly1305 authenticated cipher | Reduced-rounds versions are faster than the full-round version, but have a lower security margin. | However, ChaCha is still believed to have a comfortable security even with only 8 rounds."
crypto/chacha20.zig,535,8,nonce_length,const,false,false,pub const nonce_length = 12;,Nonce length in bytes.
crypto/chacha20.zig,537,8,key_length,const,false,false,pub const key_length = 32;,Key length in bytes.
crypto/chacha20.zig,539,8,block_length,const,false,false,pub const block_length = 64;,Block length in bytes.
crypto/chacha20.zig,544,8,xor,fn,false,false,"pub fn xor(out: []u8, in: []const u8, counter: u32, key: [key_length]u8, nonce: [nonce_length]u8) void {",Add the output of the ChaCha20 stream cipher to `in` and stores the result into `out`. | WARNING: This function doesn't provide authenticated encryption. | Using the AEAD or one of the `box` versions is usually preferred.
crypto/chacha20.zig,557,8,stream,fn,false,false,"pub fn stream(out: []u8, counter: u32, key: [key_length]u8, nonce: [nonce_length]u8) void {",Write the output of the ChaCha20 stream cipher into `out`.
crypto/chacha20.zig,573,8,nonce_length,const,false,false,pub const nonce_length = 8;,Nonce length in bytes.
crypto/chacha20.zig,575,8,key_length,const,false,false,pub const key_length = 32;,Key length in bytes.
crypto/chacha20.zig,577,8,block_length,const,false,false,pub const block_length = 64;,Block length in bytes.
crypto/chacha20.zig,582,8,xor,fn,false,false,"pub fn xor(out: []u8, in: []const u8, counter: u64, key: [key_length]u8, nonce: [nonce_length]u8) void {",Add the output of the ChaCha20 stream cipher to `in` and stores the result into `out`. | WARNING: This function doesn't provide authenticated encryption. | Using the AEAD or one of the `box` versions is usually preferred.
crypto/chacha20.zig,596,8,stream,fn,false,false,"pub fn stream(out: []u8, counter: u64, key: [key_length]u8, nonce: [nonce_length]u8) void {",Write the output of the ChaCha20 stream cipher into `out`.
crypto/chacha20.zig,613,8,nonce_length,const,false,false,pub const nonce_length = 24;,Nonce length in bytes.
crypto/chacha20.zig,615,8,key_length,const,false,false,pub const key_length = 32;,Key length in bytes.
crypto/chacha20.zig,617,8,block_length,const,false,false,pub const block_length = 64;,Block length in bytes.
crypto/chacha20.zig,622,8,xor,fn,false,false,"pub fn xor(out: []u8, in: []const u8, counter: u32, key: [key_length]u8, nonce: [nonce_length]u8) void {",Add the output of the XChaCha20 stream cipher to `in` and stores the result into `out`. | WARNING: This function doesn't provide authenticated encryption. | Using the AEAD or one of the `box` versions is usually preferred.
crypto/chacha20.zig,628,8,stream,fn,false,false,"pub fn stream(out: []u8, counter: u32, key: [key_length]u8, nonce: [nonce_length]u8) void {",Write the output of the XChaCha20 stream cipher into `out`.
crypto/chacha20.zig,637,8,tag_length,const,false,false,pub const tag_length = 16;,
crypto/chacha20.zig,638,8,nonce_length,const,false,false,pub const nonce_length = 12;,
crypto/chacha20.zig,639,8,key_length,const,false,false,pub const key_length = 32;,
crypto/chacha20.zig,647,8,encrypt,fn,false,false,"pub fn encrypt(c: []u8, tag: *[tag_length]u8, m: []const u8, ad: []const u8, npub: [nonce_length]u8, k: [key_length]u8) void {",c: ciphertext: output buffer should be of size m.len | tag: authentication tag: output MAC | m: message | ad: Associated Data | npub: public nonce | k: private key
crypto/chacha20.zig,685,8,decrypt,fn,false,false,"pub fn decrypt(m: []u8, c: []const u8, tag: [tag_length]u8, ad: []const u8, npub: [nonce_length]u8, k: [key_length]u8) AuthenticationError!void {",`m`: Message | `c`: Ciphertext | `tag`: Authentication tag | `ad`: Associated data | `npub`: Public nonce | `k`: Private key | Asserts `c.len == m.len`. |  | Contents of `m` are undefined if an error is returned.
crypto/chacha20.zig,725,8,tag_length,const,false,false,pub const tag_length = 16;,
crypto/chacha20.zig,726,8,nonce_length,const,false,false,pub const nonce_length = 24;,
crypto/chacha20.zig,727,8,key_length,const,false,false,pub const key_length = 32;,
crypto/chacha20.zig,735,8,encrypt,fn,false,false,"pub fn encrypt(c: []u8, tag: *[tag_length]u8, m: []const u8, ad: []const u8, npub: [nonce_length]u8, k: [key_length]u8) void {",c: ciphertext: output buffer should be of size m.len | tag: authentication tag: output MAC | m: message | ad: Associated Data | npub: public nonce | k: private key
crypto/chacha20.zig,749,8,decrypt,fn,false,false,"pub fn decrypt(m: []u8, c: []const u8, tag: [tag_length]u8, ad: []const u8, npub: [nonce_length]u8, k: [key_length]u8) AuthenticationError!void {",`m`: Message | `c`: Ciphertext | `tag`: Authentication tag | `ad`: Associated data | `npub`: Public nonce | `k`: Private key | Asserts `c.len == m.len`. |  | Contents of `m` are undefined if an error is returned.
crypto/cmac.zig,6,0,CmacAes128,const,false,false,pub const CmacAes128 = Cmac(crypto.core.aes.Aes128);,CMAC with AES-128 - RFC 4493 https://www.rfc-editor.org/rfc/rfc4493
crypto/cmac.zig,10,0,Cmac,fn,false,false,pub fn Cmac(comptime BlockCipher: type) type {,NIST Special Publication 800-38B - The CMAC Mode for Authentication | https://nvlpubs.nist.gov/nistpubs/SpecialPublications/NIST.SP.800-38b.pdf
crypto/cmac.zig,16,8,key_length,const,false,false,pub const key_length = BlockCipher.key_bits / 8;,
crypto/cmac.zig,17,8,block_length,const,false,false,pub const block_length = BlockCipher.block.block_length;,
crypto/cmac.zig,18,8,mac_length,const,false,false,pub const mac_length = block_length;,
crypto/cmac.zig,26,8,create,fn,false,false,"pub fn create(out: *[mac_length]u8, msg: []const u8, key: *const [key_length]u8) void {",
crypto/cmac.zig,32,8,init,fn,false,false,pub fn init(key: *const [key_length]u8) Self {,
crypto/cmac.zig,45,8,update,fn,false,false,"pub fn update(self: *Self, msg: []const u8) void {",
crypto/cmac.zig,66,8,final,fn,false,false,"pub fn final(self: *Self, out: *[mac_length]u8) void {",
crypto/codecs.zig,1,0,asn1,const,true,false,"pub const asn1 = @import(""codecs/asn1.zig"");",
crypto/codecs.zig,2,0,base64,const,true,false,"pub const base64 = @import(""codecs/base64_hex_ct.zig"").base64;",
crypto/codecs.zig,3,0,hex,const,true,false,"pub const hex = @import(""codecs/base64_hex_ct.zig"").hex;",
crypto/codecs/asn1.zig,3,0,der,const,true,false,"pub const der = @import(""./asn1/der.zig"");",
crypto/codecs/asn1.zig,4,0,Oid,const,true,false,"pub const Oid = @import(""./asn1/Oid.zig"");",
crypto/codecs/asn1.zig,6,0,Index,const,false,false,pub const Index = u32;,
crypto/codecs/asn1.zig,8,0,Tag,const,false,false,pub const Tag = struct {,
crypto/codecs/asn1.zig,15,4,Number,const,false,false,pub const Number = enum(u16) {,These values apply to class == .universal.
crypto/codecs/asn1.zig,57,4,Class,const,false,false,pub const Class = enum(u2) {,
crypto/codecs/asn1.zig,64,4,init,fn,false,false,"pub fn init(number: Tag.Number, constructed: bool, class: Tag.Class) Tag {",
crypto/codecs/asn1.zig,68,4,universal,fn,false,false,"pub fn universal(number: Tag.Number, constructed: bool) Tag {",
crypto/codecs/asn1.zig,72,4,decode,fn,false,false,pub fn decode(reader: *std.Io.Reader) !Tag {,
crypto/codecs/asn1.zig,93,4,encode,fn,false,false,"pub fn encode(self: Tag, writer: *std.Io.Writer) @TypeOf(writer).Error!void {",
crypto/codecs/asn1.zig,130,4,toExpected,fn,false,false,pub fn toExpected(self: Tag) ExpectedTag {,
crypto/codecs/asn1.zig,138,4,fromZig,fn,false,false,pub fn fromZig(comptime T: type) Tag {,
crypto/codecs/asn1.zig,169,0,Element,const,false,false,pub const Element = struct {,A decoded view.
crypto/codecs/asn1.zig,173,4,Slice,const,false,false,pub const Slice = struct {,
crypto/codecs/asn1.zig,177,8,len,fn,false,false,pub fn len(self: Slice) Index {,
crypto/codecs/asn1.zig,181,8,view,fn,false,false,"pub fn view(self: Slice, bytes: []const u8) []const u8 {",
crypto/codecs/asn1.zig,186,4,DecodeError,const,false,false,pub const DecodeError = error{EndOfStream};,
crypto/codecs/asn1.zig,192,4,decode,fn,false,false,"pub fn decode(bytes: []const u8, index: Index) DecodeError!Element {",Safely decode a DER/BER/CER element at `index`: | - Ensures length uses shortest form | - Ensures length is within `bytes` | - Ensures length is less than `std.math.maxInt(Index)`
crypto/codecs/asn1.zig,250,0,ExpectedTag,const,false,false,pub const ExpectedTag = struct {,For decoding.
crypto/codecs/asn1.zig,255,4,init,fn,false,false,"pub fn init(number: ?Tag.Number, constructed: ?bool, class: ?Tag.Class) ExpectedTag {",
crypto/codecs/asn1.zig,259,4,primitive,fn,false,false,pub fn primitive(number: ?Tag.Number) ExpectedTag {,
crypto/codecs/asn1.zig,263,4,match,fn,false,false,"pub fn match(self: ExpectedTag, tag: Tag) bool {",
crypto/codecs/asn1.zig,277,0,FieldTag,const,false,false,pub const FieldTag = struct {,
crypto/codecs/asn1.zig,282,4,initExplicit,fn,false,false,"pub fn initExplicit(number: std.meta.Tag(Tag.Number), class: Tag.Class) FieldTag {",
crypto/codecs/asn1.zig,286,4,initImplicit,fn,false,false,"pub fn initImplicit(number: std.meta.Tag(Tag.Number), class: Tag.Class) FieldTag {",
crypto/codecs/asn1.zig,290,4,fromContainer,fn,false,false,"pub fn fromContainer(comptime Container: type, comptime field_name: []const u8) ?FieldTag {",
crypto/codecs/asn1.zig,298,4,toTag,fn,false,false,pub fn toTag(self: FieldTag) Tag {,
crypto/codecs/asn1.zig,303,0,BitString,const,false,false,pub const BitString = struct {,
crypto/codecs/asn1.zig,308,4,bitLen,fn,false,false,pub fn bitLen(self: BitString) usize {,
crypto/codecs/asn1.zig,314,4,decodeDer,fn,false,false,pub fn decodeDer(decoder: *der.Decoder) !BitString {,
crypto/codecs/asn1.zig,329,4,encodeDer,fn,false,false,"pub fn encodeDer(self: BitString, encoder: *der.Encoder) !void {",
crypto/codecs/asn1.zig,337,0,Opaque,fn,false,false,pub fn Opaque(comptime tag: Tag) type {,
crypto/codecs/asn1.zig,341,8,decodeDer,fn,false,false,pub fn decodeDer(decoder: *der.Decoder) !@This() {,
crypto/codecs/asn1.zig,347,8,encodeDer,fn,false,false,"pub fn encodeDer(self: @This(), encoder: *der.Encoder) !void {",
crypto/codecs/asn1.zig,354,0,Any,const,false,false,pub const Any = struct {,Use sparingly.
crypto/codecs/asn1.zig,358,4,decodeDer,fn,false,false,pub fn decodeDer(decoder: *der.Decoder) !@This() {,
crypto/codecs/asn1.zig,363,4,encodeDer,fn,false,false,"pub fn encodeDer(self: @This(), encoder: *der.Encoder) !void {",
crypto/codecs/asn1/Oid.zig,7,0,InitError,const,false,false,pub const InitError = std.fmt.ParseIntError || error{MissingPrefix} || std.Io.Writer.Error;,
crypto/codecs/asn1/Oid.zig,9,0,fromDot,fn,false,false,"pub fn fromDot(dot_notation: []const u8, out: []u8) InitError!Oid {",
crypto/codecs/asn1/Oid.zig,50,0,toDot,fn,false,false,"pub fn toDot(self: Oid, writer: anytype) @TypeOf(writer).Error!void {",
crypto/codecs/asn1/Oid.zig,92,4,init,fn,false,false,"pub fn init(comptime hex: []const u8, dot_notation: []const u8) TestCase {",
crypto/codecs/asn1/Oid.zig,108,0,asn1_tag,const,false,false,"pub const asn1_tag = asn1.Tag.init(.oid, false, .universal);",
crypto/codecs/asn1/Oid.zig,110,0,decodeDer,fn,false,false,pub fn decodeDer(decoder: *der.Decoder) !Oid {,
crypto/codecs/asn1/Oid.zig,115,0,encodeDer,fn,false,false,"pub fn encodeDer(self: Oid, encoder: *der.Encoder) !void {",
crypto/codecs/asn1/Oid.zig,140,0,fromDotComptime,fn,false,false,pub fn fromDotComptime(comptime dot_notation: []const u8) Oid {,
crypto/codecs/asn1/Oid.zig,148,0,StaticMap,fn,false,false,pub fn StaticMap(comptime Enum: type) type {,Maps of: | - Oid -> enum | - Enum -> oid
crypto/codecs/asn1/Oid.zig,155,8,oidToEnum,fn,false,false,"pub fn oidToEnum(self: @This(), encoded: []const u8) ?Enum {",
crypto/codecs/asn1/Oid.zig,159,8,enumToOid,fn,false,false,"pub fn enumToOid(self: @This(), value: Enum) Oid {",
crypto/codecs/asn1/Oid.zig,166,8,initComptime,fn,false,false,pub fn initComptime(comptime key_pairs: anytype) ReturnType {,
crypto/codecs/asn1/der.zig,8,0,Decoder,const,true,false,"pub const Decoder = @import(""der/Decoder.zig"");",
crypto/codecs/asn1/der.zig,9,0,Encoder,const,true,false,"pub const Encoder = @import(""der/Encoder.zig"");",
crypto/codecs/asn1/der.zig,11,0,decode,fn,false,false,"pub fn decode(comptime T: type, encoded: []const u8) !T {",
crypto/codecs/asn1/der.zig,19,0,encode,fn,false,false,"pub fn encode(allocator: std.mem.Allocator, value: anytype) ![]u8 {",Caller owns returned memory.
crypto/codecs/asn1/der/ArrayListReverse.zig,20,0,init,fn,false,false,pub fn init(allocator: Allocator) ArrayListReverse {,
crypto/codecs/asn1/der/ArrayListReverse.zig,24,0,deinit,fn,false,false,pub fn deinit(self: *ArrayListReverse) void {,
crypto/codecs/asn1/der/ArrayListReverse.zig,28,0,ensureCapacity,fn,false,false,"pub fn ensureCapacity(self: *ArrayListReverse, new_capacity: usize) Error!void {",
crypto/codecs/asn1/der/ArrayListReverse.zig,40,0,prependSlice,fn,false,false,"pub fn prependSlice(self: *ArrayListReverse, data: []const u8) Error!void {",
crypto/codecs/asn1/der/ArrayListReverse.zig,64,0,clearAndFree,fn,false,false,pub fn clearAndFree(self: *ArrayListReverse) void {,Invalidates all element pointers.
crypto/codecs/asn1/der/ArrayListReverse.zig,72,0,toOwnedSlice,fn,false,false,pub fn toOwnedSlice(self: *ArrayListReverse) Error![]u8 {,"The caller owns the returned memory. | Capacity is cleared, making deinit() safe but unnecessary to call."
crypto/codecs/asn1/der/Decoder.zig,17,0,any,fn,false,false,"pub fn any(self: *Decoder, comptime T: type) !T {",Expect a value.
crypto/codecs/asn1/der/Decoder.zig,83,0,sequence,fn,false,false,pub fn sequence(self: *Decoder) !Element {,Expect a sequence.
crypto/codecs/asn1/der/Decoder.zig,88,0,element,fn,false,false,pub fn element(,Expect an element.
crypto/codecs/asn1/der/Decoder.zig,109,0,view,fn,false,false,"pub fn view(self: Decoder, elem: Element) []const u8 {",View of element bytes.
crypto/codecs/asn1/der/Encoder.zig,10,0,init,fn,false,false,pub fn init(allocator: std.mem.Allocator) Encoder {,
crypto/codecs/asn1/der/Encoder.zig,14,0,deinit,fn,false,false,pub fn deinit(self: *Encoder) void {,
crypto/codecs/asn1/der/Encoder.zig,19,0,any,fn,false,false,"pub fn any(self: *Encoder, val: anytype) !void {",Encode any value.
crypto/codecs/asn1/der/Encoder.zig,79,0,tag,fn,false,false,"pub fn tag(self: *Encoder, tag_: Tag) !void {",Encode a tag.
crypto/codecs/asn1/der/Encoder.zig,96,0,length,fn,false,false,"pub fn length(self: *Encoder, len: usize) !void {",Encode a length.
crypto/codecs/asn1/der/Encoder.zig,113,0,tagBytes,fn,false,false,"pub fn tagBytes(self: *Encoder, tag_: Tag, bytes: []const u8) !void {",Encode a tag and length-prefixed bytes.
crypto/codecs/asn1/der/Encoder.zig,120,0,writer,fn,false,false,pub fn writer(self: *Encoder) ArrayListReverse.Writer {,Warning: This writer writes backwards. `fn print` will NOT work as expected.
crypto/codecs/base64_hex_ct.zig,8,0,Error,const,false,false,pub const Error = error{,
crypto/codecs/base64_hex_ct.zig,20,0,hex,const,false,false,pub const hex = struct {,(best-effort) constant time hexadecimal encoding and decoding.
crypto/codecs/base64_hex_ct.zig,23,4,encode,fn,false,false,"pub fn encode(encoded: []u8, bin: []const u8, comptime case: std.fmt.Case) error{SizeMismatch}!void {",Encodes a binary buffer into a hexadecimal string. | The output buffer must be twice the size of the input buffer.
crypto/codecs/base64_hex_ct.zig,41,4,decode,fn,false,false,"pub fn decode(bin: []u8, encoded: []const u8) error{ SizeMismatch, InvalidCharacter, InvalidPadding }!void {",Decodes a hexadecimal string into a binary buffer. | The output buffer must be half the size of the input buffer.
crypto/codecs/base64_hex_ct.zig,59,4,DecoderWithIgnore,const,false,false,pub const DecoderWithIgnore = struct {,A decoder that ignores certain characters. | The decoder will skip any characters that are in the ignore list.
crypto/codecs/base64_hex_ct.zig,65,8,decode,fn,false,false,pub fn decode(,Decodes a hexadecimal string into a binary buffer. | The output buffer must be half the size of the input buffer.
crypto/codecs/base64_hex_ct.zig,75,8,decodedLenForSlice,fn,false,false,"pub fn decodedLenForSlice(decoder: DecoderWithIgnore, encoded: []const u8) !usize {","Returns the decoded length of a hexadecimal string, ignoring any characters in the ignore list. | This operation does not run in constant time, but it aims to avoid leaking information about the underlying hexadecimal string."
crypto/codecs/base64_hex_ct.zig,87,8,decodedLenUpperBound,fn,false,false,pub fn decodedLenUpperBound(hex_len: usize) usize {,Returns the maximum possible decoded size for a given input length after skipping ignored characters.
crypto/codecs/base64_hex_ct.zig,95,4,decoderWithIgnore,fn,false,false,pub fn decoderWithIgnore(ignore_chars: []const u8) error{InvalidCharacter}!DecoderWithIgnore {,Creates a new decoder that ignores certain characters. | The decoder will skip any characters that are in the ignore list. | The ignore list must not contain any valid hexadecimal characters.
crypto/codecs/base64_hex_ct.zig,148,0,base64,const,false,false,pub const base64 = struct {,(best-effort) constant time base64 encoding and decoding.
crypto/codecs/base64_hex_ct.zig,150,4,Variant,const,false,false,pub const Variant = packed struct {,The base64 variant to use.
crypto/codecs/base64_hex_ct.zig,157,8,standard,const,false,false,"pub const standard: Variant = .{ .urlsafe_alphabet = false, .padding = true };",The standard base64 variant.
crypto/codecs/base64_hex_ct.zig,159,8,urlsafe,const,false,false,"pub const urlsafe: Variant = .{ .urlsafe_alphabet = true, .padding = true };",The URL-safe base64 variant.
crypto/codecs/base64_hex_ct.zig,161,8,standard_nopad,const,false,false,"pub const standard_nopad: Variant = .{ .urlsafe_alphabet = false, .padding = false };",The standard base64 variant without padding.
crypto/codecs/base64_hex_ct.zig,163,8,urlsafe_nopad,const,false,false,"pub const urlsafe_nopad: Variant = .{ .urlsafe_alphabet = true, .padding = false };",The URL-safe base64 variant without padding.
crypto/codecs/base64_hex_ct.zig,167,4,encodedLen,fn,false,false,"pub fn encodedLen(bin_len: usize, variant: Variant) usize {",Returns the length of the encoded base64 string for a given length.
crypto/codecs/base64_hex_ct.zig,178,4,decodedLen,fn,false,false,"pub fn decodedLen(b64_len: usize, variant: Variant) !usize {",Returns the maximum possible decoded size for a given input length - The actual length may be less if the input includes padding. | `InvalidPadding` is returned if the input length is not valid.
crypto/codecs/base64_hex_ct.zig,192,4,encode,fn,false,false,"pub fn encode(encoded: []u8, bin: []const u8, comptime variant: Variant) error{NoSpaceLeft}![]const u8 {",Encodes a binary buffer into a base64 string. | The output buffer must be at least `encodedLen(bin.len)` bytes long.
crypto/codecs/base64_hex_ct.zig,228,4,decode,fn,false,false,"pub fn decode(bin: []u8, encoded: []const u8, comptime variant: Variant) error{ InvalidCharacter, InvalidPadding }![]const u8 {",Decodes a base64 string into a binary buffer. | The output buffer must be at least `decodedLenUpperBound(encoded.len)` bytes long.
crypto/codecs/base64_hex_ct.zig,239,4,DecoderWithIgnore,const,false,false,pub const DecoderWithIgnore = struct {,A decoder that ignores certain characters.
crypto/codecs/base64_hex_ct.zig,245,8,decode,fn,false,false,pub fn decode(,Decodes a base64 string into a binary buffer. | The output buffer must be at least `decodedLenUpperBound(encoded.len)` bytes long.
crypto/codecs/base64_hex_ct.zig,256,8,decodedLenForSlice,fn,false,false,"pub fn decodedLenForSlice(decoder: DecoderWithIgnore, encoded: []const u8, variant: Variant) !usize {","Returns the decoded length of a base64 string, ignoring any characters in the ignore list. | This operation does not run in constant time, but it aims to avoid leaking information about the underlying base64 string."
crypto/codecs/base64_hex_ct.zig,265,8,decodedLenUpperBound,fn,false,false,pub fn decodedLenUpperBound(b64_len: usize) usize {,Returns the maximum possible decoded size for a given input length after skipping ignored characters.
crypto/codecs/base64_hex_ct.zig,271,4,decoderWithIgnore,fn,false,false,pub fn decoderWithIgnore(ignore_chars: []const u8) error{InvalidCharacter}!DecoderWithIgnore {,Creates a new decoder that ignores certain characters.
crypto/ecdsa.zig,15,0,EcdsaP256Sha256,const,false,false,"pub const EcdsaP256Sha256 = Ecdsa(crypto.ecc.P256, crypto.hash.sha2.Sha256);",ECDSA over P-256 with SHA-256.
crypto/ecdsa.zig,17,0,EcdsaP256Sha3_256,const,false,false,"pub const EcdsaP256Sha3_256 = Ecdsa(crypto.ecc.P256, crypto.hash.sha3.Sha3_256);",ECDSA over P-256 with SHA3-256.
crypto/ecdsa.zig,19,0,EcdsaP384Sha384,const,false,false,"pub const EcdsaP384Sha384 = Ecdsa(crypto.ecc.P384, crypto.hash.sha2.Sha384);",ECDSA over P-384 with SHA-384.
crypto/ecdsa.zig,21,0,EcdsaP384Sha3_384,const,false,false,"pub const EcdsaP384Sha3_384 = Ecdsa(crypto.ecc.P384, crypto.hash.sha3.Sha3_384);",ECDSA over P-384 with SHA3-384.
crypto/ecdsa.zig,23,0,EcdsaSecp256k1Sha256,const,false,false,"pub const EcdsaSecp256k1Sha256 = Ecdsa(crypto.ecc.Secp256k1, crypto.hash.sha2.Sha256);",ECDSA over Secp256k1 with SHA-256.
crypto/ecdsa.zig,25,0,EcdsaSecp256k1Sha256oSha256,const,false,false,"pub const EcdsaSecp256k1Sha256oSha256 = Ecdsa(crypto.ecc.Secp256k1, crypto.hash.composition.Sha256oSha256);",ECDSA over Secp256k1 with SHA-256(SHA-256()) -- The Bitcoin signature system.
crypto/ecdsa.zig,28,0,Ecdsa,fn,false,false,"pub fn Ecdsa(comptime Curve: type, comptime Hash: type) type {",Elliptic Curve Digital Signature Algorithm (ECDSA).
crypto/ecdsa.zig,37,8,noise_length,const,false,false,pub const noise_length = Curve.scalar.encoded_length;,"Length (in bytes) of optional random bytes, for non-deterministic signatures."
crypto/ecdsa.zig,40,8,SecretKey,const,false,false,pub const SecretKey = struct {,An ECDSA secret key.
crypto/ecdsa.zig,42,12,encoded_length,const,false,false,pub const encoded_length = Curve.scalar.encoded_length;,Length (in bytes) of a raw secret key.
crypto/ecdsa.zig,46,12,fromBytes,fn,false,false,pub fn fromBytes(bytes: [encoded_length]u8) !SecretKey {,
crypto/ecdsa.zig,50,12,toBytes,fn,false,false,pub fn toBytes(sk: SecretKey) [encoded_length]u8 {,
crypto/ecdsa.zig,56,8,PublicKey,const,false,false,pub const PublicKey = struct {,An ECDSA public key.
crypto/ecdsa.zig,58,12,compressed_sec1_encoded_length,const,false,false,pub const compressed_sec1_encoded_length = 1 + Curve.Fe.encoded_length;,Length (in bytes) of a compressed sec1-encoded key.
crypto/ecdsa.zig,60,12,uncompressed_sec1_encoded_length,const,false,false,pub const uncompressed_sec1_encoded_length = 1 + 2 * Curve.Fe.encoded_length;,Length (in bytes) of an uncompressed sec1-encoded key.
crypto/ecdsa.zig,65,12,fromSec1,fn,false,false,pub fn fromSec1(sec1: []const u8) !PublicKey {,Create a public key from a SEC-1 representation.
crypto/ecdsa.zig,70,12,toCompressedSec1,fn,false,false,pub fn toCompressedSec1(pk: PublicKey) [compressed_sec1_encoded_length]u8 {,Encode the public key using the compressed SEC-1 format.
crypto/ecdsa.zig,75,12,toUncompressedSec1,fn,false,false,pub fn toUncompressedSec1(pk: PublicKey) [uncompressed_sec1_encoded_length]u8 {,Encoding the public key using the uncompressed SEC-1 format.
crypto/ecdsa.zig,81,8,Signature,const,false,false,pub const Signature = struct {,An ECDSA signature.
crypto/ecdsa.zig,83,12,encoded_length,const,false,false,pub const encoded_length = Curve.scalar.encoded_length * 2;,Length (in bytes) of a raw signature.
crypto/ecdsa.zig,85,12,der_encoded_length_max,const,false,false,pub const der_encoded_length_max = encoded_length + 2 + 2 * 3;,Maximum length (in bytes) of a DER-encoded signature.
crypto/ecdsa.zig,93,12,verifier,fn,false,false,"pub fn verifier(sig: Signature, public_key: PublicKey) Verifier.InitError!Verifier {",Create a Verifier for incremental verification of a signature.
crypto/ecdsa.zig,97,12,VerifyError,const,false,false,pub const VerifyError = Verifier.InitError || Verifier.VerifyError;,
crypto/ecdsa.zig,102,12,verify,fn,false,false,"pub fn verify(sig: Signature, msg: []const u8, public_key: PublicKey) VerifyError!void {","Verify the signature against a message and public key. | Return IdentityElement or NonCanonical if the public key or signature are not in the expected range, | or SignatureVerificationError if the signature is invalid for the given message and key."
crypto/ecdsa.zig,111,12,verifyPrehashed,fn,false,false,"pub fn verifyPrehashed(sig: Signature, msg_hash: [Hash.digest_length]u8, public_key: PublicKey) VerifyError!void {",Verify the signature against a pre-hashed message and public key. | The message must have already been hashed using the scheme's hash function. | Returns SignatureVerificationError if the signature is invalid for the given message and key.
crypto/ecdsa.zig,117,12,toBytes,fn,false,false,pub fn toBytes(sig: Signature) [encoded_length]u8 {,"Return the raw signature (r, s) in big-endian format."
crypto/ecdsa.zig,126,12,fromBytes,fn,false,false,pub fn fromBytes(bytes: [encoded_length]u8) Signature {,"Create a signature from a raw encoding of (r, s). | ECDSA always assumes big-endian."
crypto/ecdsa.zig,136,12,toDer,fn,false,false,"pub fn toDer(sig: Signature, buf: *[der_encoded_length_max]u8) []u8 {","Encode the signature using the DER format. | The maximum length of the DER encoding is der_encoded_length_max. | The function returns a slice, that can be shorter than der_encoded_length_max."
crypto/ecdsa.zig,176,12,fromDer,fn,false,false,pub fn fromDer(der: []const u8) EncodingError!Signature {,Create a signature from a DER representation. | Returns InvalidEncoding if the DER encoding is invalid.
crypto/ecdsa.zig,193,8,Signer,const,false,false,pub const Signer = struct {,"A Signer is used to incrementally compute a signature. | It can be obtained from a `KeyPair`, using the `signer()` function."
crypto/ecdsa.zig,207,12,update,fn,false,false,"pub fn update(self: *Signer, data: []const u8) void {",Add new data to the message being signed.
crypto/ecdsa.zig,236,12,finalize,fn,false,false,pub fn finalize(self: *Signer) (IdentityElementError || NonCanonicalError)!Signature {,Compute a signature over the entire message.
crypto/ecdsa.zig,245,8,Verifier,const,false,false,pub const Verifier = struct {,"A Verifier is used to incrementally verify a signature. | It can be obtained from a `Signature`, using the `verifier()` function."
crypto/ecdsa.zig,251,12,InitError,const,false,false,pub const InitError = IdentityElementError || NonCanonicalError;,
crypto/ecdsa.zig,267,12,update,fn,false,false,"pub fn update(self: *Verifier, data: []const u8) void {",Add new content to the message to be verified.
crypto/ecdsa.zig,271,12,VerifyError,const,false,false,pub const VerifyError = IdentityElementError || NonCanonicalError ||,
crypto/ecdsa.zig,298,12,verify,fn,false,false,pub fn verify(self: *Verifier) VerifyError!void {,Verify that the signature is valid for the entire message.
crypto/ecdsa.zig,306,8,KeyPair,const,false,false,pub const KeyPair = struct {,An ECDSA key pair.
crypto/ecdsa.zig,308,12,seed_length,const,false,false,pub const seed_length = noise_length;,Length (in bytes) of a seed required to create a key pair.
crypto/ecdsa.zig,318,12,generateDeterministic,fn,false,false,pub fn generateDeterministic(seed: [seed_length]u8) IdentityElementError!KeyPair {,"Deterministically derive a key pair from a cryptograpically secure secret seed. |  | Except in tests, applications should generally call `generate()` instead of this function."
crypto/ecdsa.zig,326,12,generate,fn,false,false,pub fn generate(io: std.Io) KeyPair {,"Generate a new, random key pair."
crypto/ecdsa.zig,338,12,fromSecretKey,fn,false,false,pub fn fromSecretKey(secret_key: SecretKey) IdentityElementError!KeyPair {,Return the public key corresponding to the secret key.
crypto/ecdsa.zig,347,12,sign,fn,false,false,"pub fn sign(key_pair: KeyPair, msg: []const u8, noise: ?[noise_length]u8) (IdentityElementError || NonCanonicalError)!Signature {","Sign a message using the key pair. | The noise can be null in order to create deterministic signatures. | If deterministic signatures are not required, the noise should be randomly generated instead. | This helps defend against fault attacks."
crypto/ecdsa.zig,356,12,signPrehashed,fn,false,false,"pub fn signPrehashed(key_pair: KeyPair, msg_hash: [Hash.digest_length]u8, noise: ?[noise_length]u8) (IdentityElementError || NonCanonicalError)!Signature {","Sign a pre-hashed message using the key pair. | The message must have already been hashed using the scheme's hash function. | The noise parameter can be null for deterministic signatures, or random bytes for enhanced security against fault attacks."
crypto/ecdsa.zig,362,12,signer,fn,false,false,"pub fn signer(key_pair: KeyPair, noise: ?[noise_length]u8) !Signer {","Create a Signer, that can be used for incremental signature verification."
crypto/errors.zig,2,0,AuthenticationError,const,false,false,pub const AuthenticationError = error{AuthenticationFailed};,MAC verification failed - The tag doesn't verify for the given ciphertext and secret key
crypto/errors.zig,5,0,OutputTooLongError,const,false,false,pub const OutputTooLongError = error{OutputTooLong};,The requested output length is too long for the chosen algorithm
crypto/errors.zig,8,0,IdentityElementError,const,false,false,pub const IdentityElementError = error{IdentityElement};,Finite field operation returned the identity element
crypto/errors.zig,11,0,EncodingError,const,false,false,pub const EncodingError = error{InvalidEncoding};,Encoded input cannot be decoded
crypto/errors.zig,14,0,SignatureVerificationError,const,false,false,pub const SignatureVerificationError = error{SignatureVerificationFailed};,The signature doesn't verify for the given message and public key
crypto/errors.zig,17,0,KeyMismatchError,const,false,false,pub const KeyMismatchError = error{KeyMismatch};,"Both a public and secret key have been provided, but they are incompatible"
crypto/errors.zig,20,0,NonCanonicalError,const,false,false,pub const NonCanonicalError = error{NonCanonical};,Encoded input is not in canonical form
crypto/errors.zig,23,0,NotSquareError,const,false,false,pub const NotSquareError = error{NotSquare};,Square root has no solutions
crypto/errors.zig,26,0,PasswordVerificationError,const,false,false,pub const PasswordVerificationError = error{PasswordVerificationFailed};,Verification string doesn't match the provided password and parameters
crypto/errors.zig,29,0,WeakParametersError,const,false,false,pub const WeakParametersError = error{WeakParameters};,Parameters would be insecure to use
crypto/errors.zig,32,0,WeakPublicKeyError,const,false,false,pub const WeakPublicKeyError = error{WeakPublicKey};,Public key would be insecure to use
crypto/errors.zig,35,0,UnexpectedSubgroupError,const,false,false,pub const UnexpectedSubgroupError = error{UnexpectedSubgroup};,Point is not in the prime order group
crypto/errors.zig,38,0,ContextTooLongError,const,false,false,pub const ContextTooLongError = error{ContextTooLong};,Context string is too long
crypto/errors.zig,41,0,Error,const,false,false,pub const Error = AuthenticationError || OutputTooLongError || IdentityElementError || EncodingError || SignatureVerificationError || KeyMismatchError || NonCanonicalError || NotSquareError || PasswordVerificationError || WeakParametersError || WeakPublicKeyError || UnexpectedSubgroupError || Context,Any error related to cryptography operations
crypto/ff.zig,39,0,OverflowError,const,false,false,pub const OverflowError = error{Overflow};,Value is too large for the destination.
crypto/ff.zig,42,0,InvalidModulusError,const,false,false,"pub const InvalidModulusError = error{ EvenModulus, ModulusTooSmall };",Invalid modulus. Modulus must be odd.
crypto/ff.zig,47,0,NullExponentError,const,false,false,pub const NullExponentError = error{NullExponent};,"Exponentiation with a null exponent. | Exponentiation in cryptographic protocols is almost always a sign of a bug which can lead to trivial attacks. | Therefore, this module returns an error when a null exponent is encountered, encouraging applications to handle this case explicitly."
crypto/ff.zig,50,0,FieldElementError,const,false,false,pub const FieldElementError = error{NonCanonical};,Invalid field element for the given modulus.
crypto/ff.zig,53,0,RepresentationError,const,false,false,pub const RepresentationError = error{UnexpectedRepresentation};,Invalid representation (Montgomery vs non-Montgomery domain.)
crypto/ff.zig,56,0,Error,const,false,false,pub const Error = OverflowError || InvalidModulusError || NullExponentError || FieldElementError || RepresentationError;,The set of all possible errors `std.crypto.ff` functions can return.
crypto/ff.zig,60,0,Uint,fn,false,false,pub fn Uint(comptime max_bits: comptime_int) type {,"An unsigned big integer with a fixed maximum size (`max_bits`), suitable for cryptographic operations. | Unless side-channels mitigations are explicitly disabled, operations are designed to be constant-time."
crypto/ff.zig,72,8,encoded_bytes,const,false,false,"pub const encoded_bytes = math.divCeil(usize, max_bits, 8) catch unreachable;",Number of bytes required to serialize an integer.
crypto/ff.zig,98,8,zero,const,false,false,pub const zero: Self = .{,The zero integer.
crypto/ff.zig,105,8,fromPrimitive,fn,false,false,"pub fn fromPrimitive(comptime T: type, init_value: T) OverflowError!Self {",Creates a new big integer from a primitive type. | This function may not run in constant time.
crypto/ff.zig,123,8,toPrimitive,fn,false,false,"pub fn toPrimitive(self: Self, comptime T: type) OverflowError!T {",Converts a big integer to a primitive type. | This function may not run in constant time.
crypto/ff.zig,139,8,toBytes,fn,false,false,"pub fn toBytes(self: Self, bytes: []u8, comptime endian: Endian) OverflowError!void {",Encodes a big integer into a byte array.
crypto/ff.zig,186,8,fromBytes,fn,false,false,"pub fn fromBytes(bytes: []const u8, comptime endian: Endian) OverflowError!Self {",Creates a new big integer from a byte array.
crypto/ff.zig,227,8,eql,fn,false,false,"pub fn eql(x: Self, y: Self) bool {",Returns `true` if both integers are equal.
crypto/ff.zig,232,8,compare,fn,false,false,"pub fn compare(x: Self, y: Self) math.Order {",Compares two integers.
crypto/ff.zig,242,8,isZero,fn,false,false,pub fn isZero(x: Self) bool {,Returns `true` if the integer is zero.
crypto/ff.zig,251,8,isOdd,fn,false,false,pub fn isOdd(x: Self) bool {,Returns `true` if the integer is odd.
crypto/ff.zig,256,8,addWithOverflow,fn,false,false,"pub fn addWithOverflow(x: *Self, y: Self) u1 {","Adds `y` to `x`, and returns `true` if the operation overflowed."
crypto/ff.zig,261,8,subWithOverflow,fn,false,false,"pub fn subWithOverflow(x: *Self, y: Self) u1 {","Subtracts `y` from `x`, and returns `true` if the operation overflowed."
crypto/ff.zig,312,8,encoded_bytes,const,false,false,pub const encoded_bytes = FeUint.encoded_bytes;,The maximum number of bytes required to encode a field element.
crypto/ff.zig,321,8,fromPrimitive,fn,false,false,"pub fn fromPrimitive(comptime T: type, m: Modulus(bits), x: T) (OverflowError || FieldElementError)!Self {",Creates a field element from a primitive. | This function may not run in constant time.
crypto/ff.zig,333,8,toPrimitive,fn,false,false,"pub fn toPrimitive(self: Self, comptime T: type) (OverflowError || RepresentationError)!T {",Converts the field element to a primitive. | This function may not run in constant time. | Returns an error if the element is in Montgomery form.
crypto/ff.zig,341,8,fromBytes,fn,false,false,"pub fn fromBytes(m: Modulus(bits), bytes: []const u8, comptime endian: Endian) (OverflowError || FieldElementError)!Self {",Creates a field element from a byte string.
crypto/ff.zig,351,8,toBytes,fn,false,false,"pub fn toBytes(self: Self, bytes: []u8, comptime endian: Endian) (OverflowError || RepresentationError)!void {",Converts the field element to a byte string. | Returns an error if the element is in Montgomery form.
crypto/ff.zig,359,8,eql,fn,false,false,"pub fn eql(x: Self, y: Self) bool {","Returns `true` if the field elements are equal, in constant time."
crypto/ff.zig,364,8,compare,fn,false,false,"pub fn compare(x: Self, y: Self) math.Order {",Compares two field elements in constant time.
crypto/ff.zig,369,8,isZero,fn,false,false,pub fn isZero(self: Self) bool {,Returns `true` if the element is zero.
crypto/ff.zig,374,8,isOdd,fn,false,false,pub fn isOdd(self: Self) bool {,Returns `true` is the element is odd.
crypto/ff.zig,383,0,Modulus,fn,false,false,pub fn Modulus(comptime max_bits: comptime_int) type {,"A modulus, defining a finite field. | All operations within the field are performed modulo this modulus, without heap allocations. | `max_bits` represents the number of bits in the maximum value the modulus can be set to."
crypto/ff.zig,388,8,Fe,const,false,false,pub const Fe = Fe_(max_bits);,"A field element, representing a value within the field defined by this modulus."
crypto/ff.zig,411,8,bits,fn,false,false,pub fn bits(self: Self) usize {,"Actual size of the modulus, in bits."
crypto/ff.zig,416,8,one,fn,false,false,pub fn one(self: Self) Fe {,Returns the element `1`.
crypto/ff.zig,424,8,fromUint,fn,false,false,pub fn fromUint(v_: FeUint) InvalidModulusError!Self {,Creates a new modulus from a `Uint` value. | The modulus must be odd and larger than 2.
crypto/ff.zig,461,8,fromPrimitive,fn,false,false,"pub fn fromPrimitive(comptime T: type, x: T) (InvalidModulusError || OverflowError)!Self {",Creates a new modulus from a primitive value. | The modulus must be odd and larger than 2.
crypto/ff.zig,468,8,fromBytes,fn,false,false,"pub fn fromBytes(bytes: []const u8, comptime endian: Endian) (InvalidModulusError || OverflowError)!Self {",Creates a new modulus from a byte string.
crypto/ff.zig,474,8,toBytes,fn,false,false,"pub fn toBytes(self: Self, bytes: []u8, comptime endian: Endian) OverflowError!void {",Serializes the modulus to a byte string.
crypto/ff.zig,479,8,rejectNonCanonical,fn,false,false,"pub fn rejectNonCanonical(self: Self, fe: Fe) error{NonCanonical}!void {",Rejects field elements that are not in the canonical form.
crypto/ff.zig,539,8,add,fn,false,false,"pub fn add(self: Self, x: Fe, y: Fe) Fe {",Adds two field elements (mod m).
crypto/ff.zig,564,8,sub,fn,false,false,"pub fn sub(self: Self, x: Fe, y: Fe) Fe {",Subtracts two field elements (mod m).
crypto/ff.zig,584,8,toMontgomery,fn,false,false,"pub fn toMontgomery(self: Self, x: *Fe) RepresentationError!void {",Converts a field element to the Montgomery form.
crypto/ff.zig,594,8,fromMontgomery,fn,false,false,"pub fn fromMontgomery(self: Self, x: *Fe) RepresentationError!void {",Takes a field element out of the Montgomery form.
crypto/ff.zig,604,8,reduce,fn,false,false,"pub fn reduce(self: Self, x: anytype) Fe {","Reduces an arbitrary `Uint`, converting it to a field element."
crypto/ff.zig,795,8,mul,fn,false,false,"pub fn mul(self: Self, x: Fe, y: Fe) Fe {",Multiplies two field elements. | Result preserves the first operand's form.
crypto/ff.zig,819,8,sq,fn,false,false,"pub fn sq(self: Self, x: Fe) Fe {",Squares a field element.
crypto/ff.zig,832,8,pow,fn,false,false,"pub fn pow(self: Self, x: Fe, e: Fe) (NullExponentError || RepresentationError)!Fe {",Returns x^e (mod m) in constant time.
crypto/ff.zig,843,8,powPublic,fn,false,false,"pub fn powPublic(self: Self, x: Fe, e: Fe) (NullExponentError || RepresentationError)!Fe {","Returns x^e (mod m), assuming that the exponent is public. | The function remains constant time with respect to `x`."
crypto/ff.zig,861,8,powWithEncodedExponent,fn,false,false,"pub fn powWithEncodedExponent(self: Self, x: Fe, e: []const u8, endian: Endian) NullExponentError!Fe {","Returns x^e (mod m), with the exponent provided as a byte string. | Exponents are usually small, so this function is faster than `powPublic` as a field element | doesn't have to be created if a serialized representation is already available. |  | If the exponent is public, `powWithEncodedPublicExponent()` can be used instead for a slight speedup."
crypto/ff.zig,870,8,powWithEncodedPublicExponent,fn,false,false,"pub fn powWithEncodedPublicExponent(self: Self, x: Fe, e: []const u8, endian: Endian) NullExponentError!Fe {","Returns x^e (mod m), the exponent being public and provided as a byte string. | Exponents are usually small, so this function is faster than `powPublic` as a field element | doesn't have to be created if a serialized representation is already available. |  | If the exponent is secret, `powWithEncodedExponent` must be used instead."
crypto/ghash_polyval.zig,15,0,Ghash,const,false,false,"pub const Ghash = Hash(.big, true);","GHASH is a universal hash function that uses multiplication by a fixed | parameter within a Galois field. |  | It is not a general purpose hash function - The key must be secret, unpredictable and never reused. |  | GHASH is typically used to compute the authentication tag in the AES-GCM construction."
crypto/ghash_polyval.zig,23,0,Polyval,const,false,false,"pub const Polyval = Hash(.little, false);","POLYVAL is a universal hash function that uses multiplication by a fixed | parameter within a Galois field. |  | It is not a general purpose hash function - The key must be secret, unpredictable and never reused. |  | POLYVAL is typically used to compute the authentication tag in the AES-GCM-SIV construction."
crypto/ghash_polyval.zig,29,8,block_length,const,false,false,pub const block_length: usize = 16;,
crypto/ghash_polyval.zig,30,8,mac_length,const,false,false,pub const mac_length = 16;,
crypto/ghash_polyval.zig,31,8,key_length,const,false,false,pub const key_length = 16;,
crypto/ghash_polyval.zig,53,8,initForBlockCount,fn,false,false,"pub fn initForBlockCount(key: *const [key_length]u8, block_count: usize) Self {","Initialize the GHASH state with a key, and a minimum number of block count."
crypto/ghash_polyval.zig,85,8,init,fn,false,false,pub fn init(key: *const [key_length]u8) Self {,Initialize the GHASH state with a key.
crypto/ghash_polyval.zig,357,8,update,fn,false,false,"pub fn update(st: *Self, m: []const u8) void {",Absorb a message into the GHASH state.
crypto/ghash_polyval.zig,388,8,pad,fn,false,false,pub fn pad(st: *Self) void {,Zero-pad to align the next input to the first byte of a block
crypto/ghash_polyval.zig,401,8,final,fn,false,false,"pub fn final(st: *Self, out: *[mac_length]u8) void {",Compute the GHASH of the entire input.
crypto/ghash_polyval.zig,409,8,create,fn,false,false,"pub fn create(out: *[mac_length]u8, msg: []const u8, key: *const [key_length]u8) void {",Compute the GHASH of a message.
crypto/hash_composition.zig,13,0,Composition,fn,false,false,"pub fn Composition(comptime H1: type, comptime H2: type) type {","The composition of two hash functions: H1 o H2, with the same API as regular hash functions. |  | The security level of a hash cascade doesn't exceed the security level of the weakest function. |  | However, Merkle–Damgård constructions such as SHA-256 are vulnerable to length-extension attacks, | where under some conditions, `H(x||e)` can be efficiently computed without knowing `x`. | The composition of two hash functions is a common defense against such attacks. |  | This is not necessary with modern hash functions, such as SHA-3, BLAKE2 and BLAKE3."
crypto/hash_composition.zig,21,8,digest_length,const,false,false,pub const digest_length = H1.digest_length;,"The length of the hash output, in bytes."
crypto/hash_composition.zig,23,8,block_length,const,false,false,pub const block_length = H1.block_length;,"The block length, in bytes."
crypto/hash_composition.zig,26,8,Options,const,false,false,pub const Options = struct {,Options for both hashes.
crypto/hash_composition.zig,34,8,init,fn,false,false,pub fn init(options: Options) Self {,Initialize the hash composition with the given options.
crypto/hash_composition.zig,39,8,hash,fn,false,false,"pub fn hash(b: []const u8, out: *[digest_length]u8, options: Options) void {",Compute H1(H2(b)).
crypto/hash_composition.zig,46,8,update,fn,false,false,"pub fn update(d: *Self, b: []const u8) void {",Add content to the hash.
crypto/hash_composition.zig,51,8,final,fn,false,false,"pub fn final(d: *Self, out: *[digest_length]u8) void {",Compute the final hash for the accumulated content: H1(H2(b)).
crypto/hash_composition.zig,61,0,Sha256oSha256,const,false,false,"pub const Sha256oSha256 = Composition(sha2.Sha256, sha2.Sha256);",SHA-256(SHA-256())
crypto/hash_composition.zig,63,0,Sha384oSha384,const,false,false,"pub const Sha384oSha384 = Composition(sha2.Sha384, sha2.Sha384);",SHA-384(SHA-384())
crypto/hash_composition.zig,65,0,Sha512oSha512,const,false,false,"pub const Sha512oSha512 = Composition(sha2.Sha512, sha2.Sha512);",SHA-512(SHA-512())
crypto/hkdf.zig,7,0,HkdfSha256,const,false,false,pub const HkdfSha256 = Hkdf(hmac.sha2.HmacSha256);,HKDF-SHA256
crypto/hkdf.zig,10,0,HkdfSha512,const,false,false,pub const HkdfSha512 = Hkdf(hmac.sha2.HmacSha512);,HKDF-SHA512
crypto/hkdf.zig,14,0,Hkdf,fn,false,false,pub fn Hkdf(comptime Hmac: type) type {,The Hkdf construction takes some source of initial keying material and | derives one or more uniform keys from it.
crypto/hkdf.zig,17,8,prk_length,const,false,false,pub const prk_length = Hmac.mac_length;,"Length of a master key, in bytes."
crypto/hkdf.zig,20,8,extract,fn,false,false,"pub fn extract(salt: []const u8, ikm: []const u8) [prk_length]u8 {",Return a master key from a salt and initial keying material.
crypto/hkdf.zig,36,8,extractInit,fn,false,false,pub fn extractInit(salt: []const u8) Hmac {,"Initialize the creation of a master key from a salt | and keying material that can be added later, possibly in chunks. | Example: | ``` | var prk: [hkdf.prk_length]u8 = undefined; | var hkdf = HkdfSha256.extractInit(salt); | hkdf.update(ikm1); | hkdf.update(ikm2); | hkdf.final(&prk); | ```"
crypto/hkdf.zig,41,8,expand,fn,false,false,"pub fn expand(out: []u8, ctx: []const u8, prk: [prk_length]u8) void {",Derive a subkey from a master key `prk` and a subkey description `ctx`.
crypto/hmac.zig,6,0,HmacMd5,const,false,false,pub const HmacMd5 = Hmac(crypto.hash.Md5);,
crypto/hmac.zig,7,0,HmacSha1,const,false,false,pub const HmacSha1 = Hmac(crypto.hash.Sha1);,
crypto/hmac.zig,9,0,sha2,const,false,false,pub const sha2 = struct {,
crypto/hmac.zig,10,4,HmacSha224,const,false,false,pub const HmacSha224 = Hmac(crypto.hash.sha2.Sha224);,
crypto/hmac.zig,11,4,HmacSha256,const,false,false,pub const HmacSha256 = Hmac(crypto.hash.sha2.Sha256);,
crypto/hmac.zig,12,4,HmacSha384,const,false,false,pub const HmacSha384 = Hmac(crypto.hash.sha2.Sha384);,
crypto/hmac.zig,13,4,HmacSha512,const,false,false,pub const HmacSha512 = Hmac(crypto.hash.sha2.Sha512);,
crypto/hmac.zig,16,0,Hmac,fn,false,false,pub fn Hmac(comptime Hash: type) type {,
crypto/hmac.zig,19,8,mac_length,const,false,false,pub const mac_length = Hash.digest_length;,
crypto/hmac.zig,20,8,key_length_min,const,false,false,pub const key_length_min = 0;,
crypto/hmac.zig,21,8,key_length,const,false,false,pub const key_length = mac_length; // recommended key length,
crypto/hmac.zig,27,8,create,fn,false,false,"pub fn create(out: *[mac_length]u8, msg: []const u8, key: []const u8) void {",
crypto/hmac.zig,33,8,init,fn,false,false,pub fn init(key: []const u8) Self {,
crypto/hmac.zig,62,8,update,fn,false,false,"pub fn update(ctx: *Self, msg: []const u8) void {",
crypto/hmac.zig,66,8,final,fn,false,false,"pub fn final(ctx: *Self, out: *[mac_length]u8) void {",
crypto/hybrid_kem.zig,29,0,MlKem768X25519,const,false,false,pub const MlKem768X25519 = HybridKem(.{,ML-KEM-768 combined with X25519 (Curve25519) aka X-Wing. | Targets approximately 128-bit post-quantum security level.
crypto/hybrid_kem.zig,44,0,MlKem768P256,const,false,false,pub const MlKem768P256 = HybridKem(.{,ML-KEM-768 combined with NIST P-256. | Targets approximately 128-bit post-quantum security level.
crypto/hybrid_kem.zig,59,0,MlKem1024P384,const,false,false,pub const MlKem1024P384 = HybridKem(.{,ML-KEM-1024 combined with NIST P-384. | Targets approximately 192-bit post-quantum security level.
crypto/hybrid_kem.zig,73,0,Params,const,false,false,pub const Params = struct {,Configuration parameters for a hybrid KEM.
crypto/hybrid_kem.zig,109,0,HybridKem,fn,false,false,pub fn HybridKem(comptime params: Params) type {,Constructs a hybrid KEM type from the given parameters. |  | A hybrid KEM combines a post-quantum KEM with a traditional elliptic curve | Diffie-Hellman key exchange. The shared secrets from both components are | combined using the C2PRI combiner construction with SHA3-256. |  | The resulting type provides: | - `PublicKey`: The hybrid encapsulation (public) key | - `SecretKey`: The hybrid decapsulation (secret) key | - `KeyPair`: A public/secret key pair | - `EncapsulatedSecret`: A shared secret with its ciphertext
crypto/hybrid_kem.zig,161,8,PublicKey,const,false,false,pub const PublicKey = struct {,A hybrid KEM public key (encapsulation key). |  | The public key is the concatenation of the post-quantum KEM public key | and the traditional elliptic curve public key.
crypto/hybrid_kem.zig,165,12,encoded_length,const,false,false,pub const encoded_length = params.Nek;,"Size of a serialized representation of the key, in bytes."
crypto/hybrid_kem.zig,168,12,toBytes,fn,false,false,pub fn toBytes(self: PublicKey) [encoded_length]u8 {,Serializes the key into a byte array.
crypto/hybrid_kem.zig,173,12,fromBytes,fn,false,false,pub fn fromBytes(buf: *const [encoded_length]u8) PublicKey {,Deserializes the key from a byte array.
crypto/hybrid_kem.zig,181,12,encaps,fn,false,false,"pub fn encaps(pk: PublicKey, io: std.Io) !EncapsulatedSecret {","Generates a shared secret, encapsulated for the public key, | using random bytes. |  | This is recommended over `encapsDeterministic`."
crypto/hybrid_kem.zig,194,12,encapsDeterministic,fn,false,false,"pub fn encapsDeterministic(pk: PublicKey, seed: []const u8) !EncapsulatedSecret {","Generates a shared secret, encapsulated for the public key, | using the provided seed. |  | Calling `encaps` instead is recommended."
crypto/hybrid_kem.zig,248,8,SecretKey,const,false,false,pub const SecretKey = struct {,A hybrid KEM secret key (decapsulation key). |  | The secret key is stored as a seed from which the actual key material | is derived on demand. This is more compact than storing expanded keys.
crypto/hybrid_kem.zig,252,12,encoded_length,const,false,false,pub const encoded_length = params.Ndk;,"Size of a serialized representation of the key, in bytes."
crypto/hybrid_kem.zig,255,12,toBytes,fn,false,false,pub fn toBytes(self: SecretKey) [encoded_length]u8 {,Serializes the key into a byte array.
crypto/hybrid_kem.zig,260,12,fromBytes,fn,false,false,pub fn fromBytes(buf: *const [encoded_length]u8) SecretKey {,Deserializes the key from a byte array.
crypto/hybrid_kem.zig,265,12,decaps,fn,false,false,"pub fn decaps(self: SecretKey, ct: *const [params.Nct]u8) ![params.Nss]u8 {",Decapsulates the shared secret from the ciphertext using the secret key.
crypto/hybrid_kem.zig,279,8,KeyPair,const,false,false,pub const KeyPair = struct {,A hybrid KEM key pair.
crypto/hybrid_kem.zig,286,12,generateDeterministic,fn,false,false,pub fn generateDeterministic(seed: [params.Nseed]u8) !KeyPair {,"Deterministically derives a key pair from a cryptographically secure seed. |  | Except in tests, applications should generally call `generate()` instead."
crypto/hybrid_kem.zig,296,12,generate,fn,false,false,pub fn generate(io: std.Io) !KeyPair {,Generates a new random key pair.
crypto/hybrid_kem.zig,304,8,EncapsulatedSecret,const,false,false,pub const EncapsulatedSecret = struct {,An encapsulated shared secret with its ciphertext.
crypto/hybrid_kem.zig,306,12,shared_length,const,false,false,pub const shared_length = params.Nss;,Length in bytes of the shared secret.
crypto/hybrid_kem.zig,308,12,ciphertext_length,const,false,false,pub const ciphertext_length = params.Nct;,Length in bytes of the ciphertext.
crypto/hybrid_kem.zig,320,8,scalar_length,const,false,false,pub const scalar_length = Curve.scalar.encoded_length;,
crypto/hybrid_kem.zig,321,8,seed_length,const,false,false,pub const seed_length = scalar_length * 4;,
crypto/hybrid_kem.zig,322,8,element_length,const,false,false,pub const element_length = scalar_length + scalar_length + 1;,
crypto/hybrid_kem.zig,324,8,randomScalar,fn,false,false,pub fn randomScalar(seed: []const u8) ![scalar_length]u8 {,
crypto/hybrid_kem.zig,334,8,mul,fn,false,false,"pub fn mul(p: Curve, scalar: [scalar_length]u8) !Curve {",
crypto/hybrid_kem.zig,338,8,mulBase,fn,false,false,pub fn mulBase(scalar: [scalar_length]u8) !Curve {,
crypto/hybrid_kem.zig,342,8,elementToSharedSecret,fn,false,false,pub fn elementToSharedSecret(p: Curve) [scalar_length]u8 {,
crypto/hybrid_kem.zig,347,8,encodePoint,fn,false,false,pub fn encodePoint(p: Curve) [element_length]u8 {,
crypto/hybrid_kem.zig,351,8,decodePoint,fn,false,false,pub fn decodePoint(bytes: *const [element_length]u8) !Curve {,
crypto/hybrid_kem.zig,361,4,seed_length,const,false,false,pub const seed_length = 32;,
crypto/hybrid_kem.zig,362,4,element_length,const,false,false,pub const element_length = 32;,
crypto/hybrid_kem.zig,363,4,scalar_length,const,false,false,pub const scalar_length = 32;,
crypto/hybrid_kem.zig,365,4,randomScalar,fn,false,false,pub fn randomScalar(seed: []const u8) ![scalar_length]u8 {,
crypto/hybrid_kem.zig,370,4,mulBase,fn,false,false,pub fn mulBase(scalar: [scalar_length]u8) ![element_length]u8 {,
crypto/hybrid_kem.zig,374,4,mul,fn,false,false,"pub fn mul(point: [element_length]u8, scalar: [scalar_length]u8) ![scalar_length]u8 {",
crypto/hybrid_kem.zig,378,4,elementToSharedSecret,fn,false,false,pub fn elementToSharedSecret(ss: [scalar_length]u8) [scalar_length]u8 {,
crypto/hybrid_kem.zig,382,4,encodePoint,fn,false,false,pub fn encodePoint(p: [element_length]u8) [element_length]u8 {,
crypto/hybrid_kem.zig,386,4,decodePoint,fn,false,false,pub fn decodePoint(bytes: *const [element_length]u8) [element_length]u8 {,
crypto/isap.zig,21,0,IsapA128A,const,false,false,pub const IsapA128A = struct {,"ISAPv2 is an authenticated encryption system hardened against side channels and fault attacks. | https://csrc.nist.gov/CSRC/media/Projects/lightweight-cryptography/documents/round-2/spec-doc-rnd2/isap-spec-round2.pdf |  | Note that ISAP is not suitable for high-performance applications. |  | However: | - if allowing physical access to the device is part of your threat model, | - or if you need resistance against microcode/hardware-level side channel attacks, | - or if software-induced fault attacks such as rowhammer are a concern, |  | then you may consider ISAP for highly sensitive data."
crypto/isap.zig,22,4,key_length,const,false,false,pub const key_length = 16;,
crypto/isap.zig,23,4,nonce_length,const,false,false,pub const nonce_length = 16;,
crypto/isap.zig,24,4,tag_length,const,false,false,pub const tag_length: usize = 16;,
crypto/isap.zig,145,4,encrypt,fn,false,false,"pub fn encrypt(c: []u8, tag: *[tag_length]u8, m: []const u8, ad: []const u8, npub: [nonce_length]u8, key: [key_length]u8) void {",
crypto/isap.zig,159,4,decrypt,fn,false,false,"pub fn decrypt(m: []u8, c: []const u8, tag: [tag_length]u8, ad: []const u8, npub: [nonce_length]u8, key: [key_length]u8) AuthenticationError!void {",`m`: Message | `c`: Ciphertext | `tag`: Authentication tag | `ad`: Associated data | `npub`: Public nonce | `k`: Private key | Asserts `c.len == m.len`. |  | Contents of `m` are undefined if an error is returned.
crypto/kangarootwelve.zig,971,8,digest_length,const,false,false,pub const digest_length = Variant.security_level / 8 * 2;,"The recommended output length, in bytes."
crypto/kangarootwelve.zig,973,8,block_length,const,false,false,pub const block_length = Variant.rate;,"The block length, or rate, in bytes."
crypto/kangarootwelve.zig,990,8,Options,const,false,false,pub const Options = struct {,"Configuration options for KangarooTwelve hashing. |  | Options include an optional customization string that provides domain separation, | ensuring that identical inputs with different customization strings | produce completely distinct hash outputs. |  | This prevents hash collisions when the same data is hashed in different contexts. |  | Customization strings can be of any length. |  | Common options for customization:: |  | - Key derivation or MAC: 16-byte secret for KT128, 32-byte secret for KT256 | - Context Separation: domain-specific strings (e.g., ""email"", ""password"", ""session"") | - Composite Keys: concatenation of secret key + context string"
crypto/kangarootwelve.zig,1027,8,init,fn,false,false,pub fn init(options: Options) Self {,"Initialize a KangarooTwelve hashing context. |  | Options include an optional customization string that provides domain separation, | ensuring that identical inputs with different customization strings | produce completely distinct hash outputs. |  | This prevents hash collisions when the same data is hashed in different contexts. |  | Customization strings can be of any length. |  | Common options for customization:: |  | - Key derivation or MAC: 16-byte secret for KT128, 32-byte secret for KT256 | - Context Separation: domain-specific strings (e.g., ""email"", ""password"", ""session"") | - Composite Keys: concatenation of secret key + context string"
crypto/kangarootwelve.zig,1082,8,update,fn,false,false,"pub fn update(self: *Self, data: []const u8) void {",Absorb data into the hash state. | Can be called multiple times to incrementally add data.
crypto/kangarootwelve.zig,1140,8,final,fn,false,false,"pub fn final(self: *Self, out: []u8) void {","Finalize the hash and produce output. |  | Unlike traditional hash functions, the output can be of any length. |  | When using as a regular hash function, use the recommended `digest_length` value (32 bytes for KT128, 64 bytes for KT256). |  | After calling this method, the context should not be reused. However, the structure can be cloned before finalizing | to compute multiple hashes with the same prefix."
crypto/kangarootwelve.zig,1236,8,hash,fn,false,false,"pub fn hash(message: []const u8, out: []u8, options: Options) !void {","Hash a message using sequential processing with SIMD acceleration. |  | Parameters: | - message: Input data to hash (any length) | - out: Output buffer (any length, arbitrary output sizes supported, `digest_length` recommended for standard use) | - options: Optional settings to include a secret key or a context separation string"
crypto/kangarootwelve.zig,1259,8,hashParallel,fn,false,false,"pub fn hashParallel(message: []const u8, out: []u8, options: Options, allocator: Allocator, io: Io) !void {",Hash with automatic parallelization for large inputs (>2MB). | Automatically uses sequential processing for smaller inputs to avoid thread overhead. | Allocator required for temporary buffers. IO object required for thread management.
crypto/kangarootwelve.zig,1297,0,KT128,const,false,false,"pub const KT128 = KTHash(KT128Variant, turboShake128MultiSliceToBuffer);","KangarooTwelve is a fast, secure cryptographic hash function that uses tree-hashing | on top of TurboSHAKE. It is built on the Keccak permutation, the same primitive | underlying SHA-3, which has undergone over 15 years of intensive cryptanalysis | since the SHA-3 competition (2008-2012) and remains secure. |  | K12 uses Keccak-p[1600,12] with 12 rounds (half of SHA-3's 24 rounds), providing | 128-bit security strength equivalent to AES-128 and SHAKE128. While this offers | less conservative margin than SHA-3, current cryptanalysis reaches only 6 rounds, | leaving a substantial security margin. This deliberate trade-off delivers | significantly better performance while maintaining strong practical security. |  | Standardized as RFC 9861 after 8 years of public scrutiny. Supports arbitrary-length | output and optional customization strings for domain separation."
crypto/kangarootwelve.zig,1311,0,KT256,const,false,false,"pub const KT256 = KTHash(KT256Variant, turboShake256MultiSliceToBuffer);","KangarooTwelve is a fast, secure cryptographic hash function that uses tree-hashing | on top of TurboSHAKE. It is built on the Keccak permutation, the same primitive | underlying SHA-3, which has undergone over 15 years of intensive cryptanalysis | since the SHA-3 competition (2008-2012) and remains secure. |  | KT256 provides 256-bit security strength and achieves NIST post-quantum security | level 2 when using at least 256-bit outputs. Like KT128, it uses Keccak-p[1600,12] | with 12 rounds, offering a deliberate trade-off between conservative margin and | significantly better performance while maintaining strong practical security. |  | Use KT256 when you need extra conservative margins. | For most applications, KT128 offers better performance with adequate security."
crypto/keccak_p.zig,10,0,KeccakF,fn,false,false,pub fn KeccakF(comptime f: u11) type {,The Keccak-f permutation.
crypto/keccak_p.zig,23,8,block_bytes,const,false,false,pub const block_bytes = f / 8;,Number of bytes in the state.
crypto/keccak_p.zig,26,8,max_rounds,const,false,false,pub const max_rounds = 12 + 2 * math.log2(f / 25);,Maximum number of rounds for the given f parameter.
crypto/keccak_p.zig,46,8,init,fn,false,false,pub fn init(bytes: [block_bytes]u8) Self {,Initialize the state from a slice of bytes.
crypto/keccak_p.zig,55,8,asBytes,fn,false,false,pub fn asBytes(self: *Self) *[block_bytes]u8 {,A representation of the state as bytes. The byte order is architecture-dependent.
crypto/keccak_p.zig,60,8,endianSwap,fn,false,false,pub fn endianSwap(self: *Self) void {,Byte-swap the entire state if the architecture doesn't match the required endianness.
crypto/keccak_p.zig,67,8,setBytes,fn,false,false,"pub fn setBytes(self: *Self, bytes: []const u8) void {",Set bytes starting at the beginning of the state.
crypto/keccak_p.zig,80,8,addByte,fn,false,false,"pub fn addByte(self: *Self, byte: u8, offset: usize) void {",XOR a byte into the state at a given offset.
crypto/keccak_p.zig,86,8,addBytes,fn,false,false,"pub fn addBytes(self: *Self, bytes: []const u8) void {",XOR bytes into the beginning of the state.
crypto/keccak_p.zig,99,8,extractBytes,fn,false,false,"pub fn extractBytes(self: *Self, out: []u8) void {",Extract the first bytes of the state.
crypto/keccak_p.zig,112,8,xorBytes,fn,false,false,"pub fn xorBytes(self: *Self, out: []u8, in: []const u8) void {",XOR the first bytes of the state into a slice of bytes.
crypto/keccak_p.zig,130,8,clear,fn,false,false,"pub fn clear(self: *Self, from: usize, to: usize) void {",Set the words storing the bytes of a given range to zero.
crypto/keccak_p.zig,135,8,secureZero,fn,false,false,pub fn secureZero(self: *Self) void {,"Clear the entire state, disabling compiler optimizations."
crypto/keccak_p.zig,179,8,permuteR,fn,false,false,"pub fn permuteR(self: *Self, comptime rounds: u5) void {",Apply a (possibly) reduced-round permutation to the state.
crypto/keccak_p.zig,192,8,permute,fn,false,false,pub fn permute(self: *Self) void {,Apply a full-round permutation to the state.
crypto/keccak_p.zig,199,0,State,fn,false,false,"pub fn State(comptime f: u11, comptime capacity: u11, comptime rounds: u5) type {",A generic Keccak-P state.
crypto/keccak_p.zig,247,8,rate,const,false,false,pub const rate = KeccakF(f).block_bytes - capacity / 8;,"The block length, or rate, in bytes."
crypto/keccak_p.zig,249,8,Options,const,false,false,pub const Options = struct {};,Keccak does not have any options.
crypto/keccak_p.zig,262,8,absorb,fn,false,false,"pub fn absorb(self: *Self, bytes: []const u8) void {",Absorb a slice of bytes into the sponge.
crypto/keccak_p.zig,289,8,init,fn,false,false,"pub fn init(bytes: [f / 8]u8, delim: u8) Self {",Initialize the state from a slice of bytes.
crypto/keccak_p.zig,296,8,permute,fn,false,false,pub fn permute(self: *Self) void {,Permute the state
crypto/keccak_p.zig,308,8,fillBlock,fn,false,false,pub fn fillBlock(self: *Self) void {,Align the input to the rate boundary and permute.
crypto/keccak_p.zig,317,8,pad,fn,false,false,pub fn pad(self: *Self) void {,Mark the end of the input.
crypto/keccak_p.zig,333,8,squeeze,fn,false,false,"pub fn squeeze(self: *Self, out: []u8) void {",Squeeze a slice of bytes from the sponge. | The function can be called multiple times.
crypto/md5.zig,30,0,Md5,const,false,false,pub const Md5 = struct {,"The MD5 function is now considered cryptographically broken. | Namely, it is trivial to find multiple inputs producing the same hash. | For a fast-performing, cryptographically secure hash function, see SHA512/256, BLAKE2 or BLAKE3."
crypto/md5.zig,32,4,block_length,const,false,false,pub const block_length = 64;,
crypto/md5.zig,33,4,digest_length,const,false,false,pub const digest_length = 16;,
crypto/md5.zig,34,4,Options,const,false,false,pub const Options = struct {};,
crypto/md5.zig,42,4,init,fn,false,false,pub fn init(options: Options) Self {,
crypto/md5.zig,57,4,hash,fn,false,false,"pub fn hash(data: []const u8, out: *[digest_length]u8, options: Options) void {",
crypto/md5.zig,63,4,hashResult,fn,false,false,pub fn hashResult(data: []const u8) [digest_length]u8 {,
crypto/md5.zig,71,4,update,fn,false,false,"pub fn update(d: *Self, b: []const u8) void {",
crypto/md5.zig,97,4,final,fn,false,false,"pub fn final(d: *Self, out: *[digest_length]u8) void {",
crypto/ml_dsa.zig,47,0,MLDSA44,const,false,false,pub const MLDSA44 = MLDSAImpl(.{,"ML-DSA-44 (Module-Lattice-Based Digital Signature Algorithm, 44 parameter set) | as specified in NIST FIPS 204. |  | This is a post-quantum signature scheme providing NIST security category 2, | which is roughly equivalent to the security of SHA-256 or AES-128. |  | Key sizes: |  | - Public key: 1312 bytes | - Secret key: 2560 bytes | - Signature: 2420 bytes |  | Example usage: |  | ```zig | const kp = MLDSA44.KeyPair.generate(); | const msg = ""Hello, post-quantum world!""; | const sig = try kp.sign(msg, null); | try sig.verify(msg, kp.public_key); | ```"
crypto/ml_dsa.zig,74,0,MLDSA65,const,false,false,pub const MLDSA65 = MLDSAImpl(.{,"ML-DSA-65 (Module-Lattice-Based Digital Signature Algorithm, 65 parameter set) | as specified in NIST FIPS 204. |  | This is a post-quantum signature scheme providing NIST security category 3, | which is roughly equivalent to the security of SHA-384 or AES-192. |  | Key sizes: |  | - Public key: 1952 bytes | - Secret key: 4032 bytes | - Signature: 3309 bytes |  | This parameter set offers higher security than ML-DSA-44 at the cost of | larger keys and signatures."
crypto/ml_dsa.zig,101,0,MLDSA87,const,false,false,pub const MLDSA87 = MLDSAImpl(.{,"ML-DSA-87 (Module-Lattice-Based Digital Signature Algorithm, 87 parameter set) | as specified in NIST FIPS 204. |  | This is a post-quantum signature scheme providing NIST security category 5, | which is roughly equivalent to the security of SHA-512 or AES-256. |  | Key sizes: |  | - Public key: 2592 bytes | - Secret key: 4896 bytes | - Signature: 4627 bytes |  | This parameter set offers the highest security level among the three ML-DSA | variants, suitable for applications requiring maximum security assurance."
crypto/ml_dsa.zig,1418,8,params,const,false,false,pub const params = p;,
crypto/ml_dsa.zig,1419,8,name,const,false,false,pub const name = p.name;,
crypto/ml_dsa.zig,1420,8,gamma1,const,false,false,"pub const gamma1: u32 = @as(u32, 1) << p.gamma1_bits;",
crypto/ml_dsa.zig,1421,8,beta,const,false,false,pub const beta: u32 = p.tau * p.eta;,
crypto/ml_dsa.zig,1422,8,alpha,const,false,false,pub const alpha: u32 = 2 * p.gamma2;,
crypto/ml_dsa.zig,1430,8,seed_length,const,false,false,pub const seed_length: usize = 32;,Length of the seed used for deterministic key generation (32 bytes).
crypto/ml_dsa.zig,1433,8,noise_length,const,false,false,pub const noise_length = 32;,"Length (in bytes) of optional random bytes, for non-deterministic signatures."
crypto/ml_dsa.zig,1436,8,public_key_bytes,const,false,false,pub const public_key_bytes: usize = 32 + polyT1PackedSize() * p.k;,Size of an encoded public key in bytes.
crypto/ml_dsa.zig,1439,8,private_key_bytes,const,false,false,pub const private_key_bytes: usize = 32 + 32 + p.tr_size +,Size of an encoded secret key in bytes.
crypto/ml_dsa.zig,1443,8,signature_bytes,const,false,false,pub const signature_bytes: usize = p.ctilde_size +,Size of an encoded signature in bytes.
crypto/ml_dsa.zig,1490,8,PublicKey,const,false,false,pub const PublicKey = struct {,ML-DSA public key
crypto/ml_dsa.zig,1492,12,encoded_length,const,false,false,pub const encoded_length: usize = 32 + polyT1PackedSize() * p.k;,Size of the encoded public key in bytes
crypto/ml_dsa.zig,1503,12,toBytes,fn,false,false,pub fn toBytes(self: PublicKey) [encoded_length]u8 {,Encode public key to bytes
crypto/ml_dsa.zig,1511,12,fromBytes,fn,false,false,pub fn fromBytes(bytes: [encoded_length]u8) !PublicKey {,Decode public key from bytes
crypto/ml_dsa.zig,1525,8,SecretKey,const,false,false,pub const SecretKey = struct {,ML-DSA secret key
crypto/ml_dsa.zig,1527,12,encoded_length,const,false,false,pub const encoded_length: usize = 32 + 32 + p.tr_size +,Size of the encoded secret key in bytes
crypto/ml_dsa.zig,1544,12,toBytes,fn,false,false,pub fn toBytes(self: SecretKey) [encoded_length]u8 {,Encode secret key to bytes
crypto/ml_dsa.zig,1578,12,fromBytes,fn,false,false,pub fn fromBytes(bytes: [encoded_length]u8) !SecretKey {,Decode secret key from bytes
crypto/ml_dsa.zig,1616,12,public,fn,false,false,pub fn public(self: *const SecretKey) PublicKey {,Compute the public key from this private key
crypto/ml_dsa.zig,1636,12,signer,fn,false,false,"pub fn signer(self: *const SecretKey, noise: ?[noise_length]u8) !Signer {","Create a Signer for incrementally signing a message. | The noise parameter can be null for deterministic signatures, | or provide randomness for hedged signatures (recommended for fault attack resistance)."
crypto/ml_dsa.zig,1644,12,signerWithContext,fn,false,false,"pub fn signerWithContext(self: *const SecretKey, noise: ?[noise_length]u8, context: []const u8) ContextTooLongError!Signer {","Create a Signer for incrementally signing a message with context. | The noise parameter can be null for deterministic signatures, | or provide randomness for hedged signatures (recommended for fault attack resistance). | The context parameter is an optional context string (max 255 bytes)."
crypto/ml_dsa.zig,1650,8,newKeyFromSeed,fn,false,false,"pub fn newKeyFromSeed(seed: *const [seed_length]u8) struct { pk: PublicKey, sk: SecretKey } {",Generate a new key pair from a seed (deterministic)
crypto/ml_dsa.zig,1693,8,Signature,const,false,false,pub const Signature = struct {,ML-DSA signature
crypto/ml_dsa.zig,1695,12,encoded_length,const,false,false,pub const encoded_length: usize = p.ctilde_size +,Size of the encoded signature in bytes
crypto/ml_dsa.zig,1703,12,toBytes,fn,false,false,pub fn toBytes(self: Signature) [encoded_length]u8 {,Encode signature to bytes
crypto/ml_dsa.zig,1719,12,fromBytes,fn,false,false,pub fn fromBytes(bytes: [encoded_length]u8) EncodingError!Signature {,Decode signature from bytes
crypto/ml_dsa.zig,1739,12,VerifyError,const,false,false,pub const VerifyError = Verifier.InitError || Verifier.VerifyError;,
crypto/ml_dsa.zig,1743,12,verify,fn,false,false,pub fn verify(,Verify this signature against a message and public key. | Returns an error if the signature is invalid.
crypto/ml_dsa.zig,1754,12,verifyWithContext,fn,false,false,pub fn verifyWithContext(,Verify this signature against a message and public key with context. | Returns an error if the signature is invalid. | The context parameter is an optional context string (max 255 bytes).
crypto/ml_dsa.zig,1804,12,verifier,fn,false,false,"pub fn verifier(self: Signature, public_key: PublicKey) !Verifier {",Create a Verifier for incrementally verifying a signature.
crypto/ml_dsa.zig,1810,12,verifierWithContext,fn,false,false,"pub fn verifierWithContext(self: Signature, public_key: PublicKey, context: []const u8) ContextTooLongError!Verifier {",Create a Verifier for incrementally verifying a signature with context. | The context parameter is an optional context string (max 255 bytes).
crypto/ml_dsa.zig,1817,8,Signer,const,false,false,pub const Signer = struct {,"A Signer is used to incrementally compute a signature over a streamed message. | It can be obtained from a `SecretKey` or `KeyPair`, using the `signer()` function."
crypto/ml_dsa.zig,1826,12,init,fn,false,false,"pub fn init(secret_key: *const SecretKey, noise: ?[noise_length]u8, context: []const u8) ContextTooLongError!Signer {","Initialize a new Signer. | The noise parameter can be null for deterministic signatures, | or provide randomness for hedged signatures (recommended for fault attack resistance). | The context parameter is an optional context string (max 255 bytes)."
crypto/ml_dsa.zig,1847,12,update,fn,false,false,"pub fn update(self: *Signer, data: []const u8) void {",Add new data to the message being signed.
crypto/ml_dsa.zig,1852,12,finalize,fn,false,false,pub fn finalize(self: *Signer) Signature {,Compute a signature over the entire message.
crypto/ml_dsa.zig,1941,8,Verifier,const,false,false,pub const Verifier = struct {,"A Verifier is used to incrementally verify a signature over a streamed message. | It can be obtained from a `Signature`, using the `verifier()` function."
crypto/ml_dsa.zig,1946,12,InitError,const,false,false,pub const InitError = EncodingError;,
crypto/ml_dsa.zig,1947,12,VerifyError,const,false,false,pub const VerifyError = SignatureVerificationError;,
crypto/ml_dsa.zig,1951,12,init,fn,false,false,"pub fn init(signature: Signature, public_key: PublicKey, context: []const u8) ContextTooLongError!Verifier {",Initialize a new Verifier. | The context parameter is an optional context string (max 255 bytes).
crypto/ml_dsa.zig,1972,12,update,fn,false,false,"pub fn update(self: *Verifier, data: []const u8) void {",Add new content to the message to be verified.
crypto/ml_dsa.zig,1977,12,verify,fn,false,false,pub fn verify(self: *Verifier) SignatureVerificationError!void {,Verify that the signature is valid for the entire message.
crypto/ml_dsa.zig,2011,8,KeyPair,const,false,false,pub const KeyPair = struct {,A key pair consisting of a secret key and its corresponding public key.
crypto/ml_dsa.zig,2013,12,seed_length,const,false,false,pub const seed_length = Self.seed_length;,Length (in bytes) of a seed required to create a key pair.
crypto/ml_dsa.zig,2022,12,generate,fn,false,false,pub fn generate(io: std.Io) KeyPair {,Generate a new random key pair.
crypto/ml_dsa.zig,2031,12,generateDeterministic,fn,false,false,pub fn generateDeterministic(seed: [32]u8) !KeyPair {,Generate a key pair deterministically from a seed. | Use for testing or when reproducibility is required. | The seed should be generated using a cryptographically secure random source.
crypto/ml_dsa.zig,2041,12,fromSecretKey,fn,false,false,pub fn fromSecretKey(sk: SecretKey) !KeyPair {,Derive the public key from an existing secret key. | This recomputes the public key components from the secret key.
crypto/ml_dsa.zig,2062,12,signer,fn,false,false,"pub fn signer(self: *const KeyPair, noise: ?[noise_length]u8) !Signer {","Create a Signer for incrementally signing a message. | The noise parameter can be null for deterministic signatures, | or provide randomness for hedged signatures (recommended for fault attack resistance)."
crypto/ml_dsa.zig,2070,12,signerWithContext,fn,false,false,"pub fn signerWithContext(self: *const KeyPair, noise: ?[noise_length]u8, context: []const u8) ContextTooLongError!Signer {","Create a Signer for incrementally signing a message with context. | The noise parameter can be null for deterministic signatures, | or provide randomness for hedged signatures (recommended for fault attack resistance). | The context parameter is an optional context string (max 255 bytes)."
crypto/ml_dsa.zig,2077,12,sign,fn,false,false,pub fn sign(,"Sign a message using this key pair. | The noise parameter can be null for deterministic signatures, | or provide randomness for hedged signatures (recommended for fault attack resistance)."
crypto/ml_dsa.zig,2089,12,signWithContext,fn,false,false,pub fn signWithContext(,"Sign a message using this key pair with context. | The noise parameter can be null for deterministic signatures, | or provide randomness for hedged signatures (recommended for fault attack resistance). | The context parameter is an optional context string (max 255 bytes)."
crypto/ml_kem.zig,145,0,d00,const,false,false,pub const d00 = struct {,
crypto/ml_kem.zig,146,4,Kyber512,const,false,false,pub const Kyber512 = Kyber(.{,
crypto/ml_kem.zig,154,4,Kyber768,const,false,false,pub const Kyber768 = Kyber(.{,
crypto/ml_kem.zig,162,4,Kyber1024,const,false,false,pub const Kyber1024 = Kyber(.{,
crypto/ml_kem.zig,171,0,nist,const,false,false,pub const nist = struct {,
crypto/ml_kem.zig,172,4,MLKem512,const,false,false,pub const MLKem512 = Kyber(.{,
crypto/ml_kem.zig,181,4,MLKem768,const,false,false,pub const MLKem768 = Kyber(.{,
crypto/ml_kem.zig,190,4,MLKem1024,const,false,false,pub const MLKem1024 = Kyber(.{,
crypto/ml_kem.zig,216,8,ciphertext_length,const,false,false,pub const ciphertext_length = Poly.compressedSize(p.du) * p.k + Poly.compressedSize(p.dv);,
crypto/ml_kem.zig,223,8,shared_length,const,false,false,pub const shared_length = common_shared_key_size;,Length (in bytes) of a shared secret.
crypto/ml_kem.zig,225,8,encaps_seed_length,const,false,false,pub const encaps_seed_length = common_encaps_seed_length;,Length (in bytes) of a seed for deterministic encapsulation.
crypto/ml_kem.zig,227,8,seed_length,const,false,false,pub const seed_length: usize = inner_seed_length + shared_length;,Length (in bytes) of a seed for key generation.
crypto/ml_kem.zig,229,8,name,const,false,false,pub const name = p.name;,Algorithm name.
crypto/ml_kem.zig,232,8,EncapsulatedSecret,const,false,false,pub const EncapsulatedSecret = struct {,"A shared secret, and an encapsulated (encrypted) representation of it."
crypto/ml_kem.zig,238,8,PublicKey,const,false,false,pub const PublicKey = struct {,A Kyber public key.
crypto/ml_kem.zig,245,12,encoded_length,const,false,false,pub const encoded_length = InnerPk.encoded_length;,"Size of a serialized representation of the key, in bytes."
crypto/ml_kem.zig,251,12,encaps,fn,false,false,"pub fn encaps(pk: PublicKey, io: std.Io) EncapsulatedSecret {","Generates a shared secret, encapsulated for the public key, | using random bytes. |  | This is recommended over `encapsDeterministic`."
crypto/ml_kem.zig,261,12,encapsDeterministic,fn,false,false,"pub fn encapsDeterministic(pk: PublicKey, seed: *const [encaps_seed_length]u8) EncapsulatedSecret {","Generates a shared secret, encapsulated for the public key, | using the provided seed. |  | Calling `encaps` instead is recommended."
crypto/ml_kem.zig,302,12,toBytes,fn,false,false,pub fn toBytes(pk: PublicKey) [encoded_length]u8 {,Serializes the key into a byte array.
crypto/ml_kem.zig,307,12,fromBytes,fn,false,false,pub fn fromBytes(buf: *const [encoded_length]u8) errors.NonCanonicalError!PublicKey {,Deserializes the key from a byte array.
crypto/ml_kem.zig,316,8,SecretKey,const,false,false,pub const SecretKey = struct {,A Kyber secret key.
crypto/ml_kem.zig,323,12,encoded_length,const,false,false,pub const encoded_length: usize =,"Size of a serialized representation of the key, in bytes."
crypto/ml_kem.zig,327,12,decaps,fn,false,false,"pub fn decaps(sk: SecretKey, ct: *const [ciphertext_length]u8) ![shared_length]u8 {",Decapsulates the shared secret within ct using the private key.
crypto/ml_kem.zig,361,12,toBytes,fn,false,false,pub fn toBytes(sk: SecretKey) [encoded_length]u8 {,Serializes the key into a byte array.
crypto/ml_kem.zig,366,12,fromBytes,fn,false,false,pub fn fromBytes(buf: *const [encoded_length]u8) errors.NonCanonicalError!SecretKey {,Deserializes the key from a byte array.
crypto/ml_kem.zig,381,8,KeyPair,const,false,false,pub const KeyPair = struct {,A Kyber key pair.
crypto/ml_kem.zig,388,12,generateDeterministic,fn,false,false,pub fn generateDeterministic(seed: [seed_length]u8) !KeyPair {,"Deterministically derive a key pair from a cryptograpically secure secret seed. |  | Except in tests, applications should generally call `generate()` instead of this function."
crypto/ml_kem.zig,410,12,generate,fn,false,false,pub fn generate(io: std.Io) KeyPair {,"Generate a new, random key pair."
crypto/modes.zig,13,0,ctr,fn,false,false,"pub fn ctr(comptime BlockCipher: anytype, block_cipher: BlockCipher, dst: []u8, src: []const u8, iv: [BlockCipher.block_length]u8, endian: std.builtin.Endian) void {","Counter mode. |  | This mode creates a key stream by encrypting an incrementing counter using a block cipher, and adding it to the source material. |  | Important: the counter mode doesn't provide authenticated encryption: the ciphertext can be trivially modified without this being detected. | As a result, applications should generally never use it directly, but only in a construction that includes a MAC."
crypto/modes.zig,25,0,ctrSlice,fn,false,false,pub fn ctrSlice(,Counter mode with configurable counter position and size. |  | This extended version allows specifying where the counter is located within the IV block | and how many bytes it occupies. This is useful for modes like AES-GCM-SIV which use a | 32-bit counter at the beginning of the block. |  | @param counter_offset: Byte offset where the counter starts | @param counter_size: Size of the counter in bytes
crypto/pbkdf2.zig,53,0,pbkdf2,fn,false,false,"pub fn pbkdf2(dk: []u8, password: []const u8, salt: []const u8, rounds: u32, comptime Prf: type) (WeakParametersError || OutputTooLongError)!void {","Apply PBKDF2 to generate a key from a password. |  | PBKDF2 is defined in RFC 2898, and is a recommendation of NIST SP 800-132. |  | dk: Slice of appropriate size for generated key. Generally 16 or 32 bytes in length. | May be uninitialized. All bytes will be overwritten. | Maximum size is `maxInt(u32) * Hash.digest_length` | It is a programming error to pass buffer longer than the maximum size. |  | password: Arbitrary sequence of bytes of any length, including empty. |  | salt: Arbitrary sequence of bytes of any length, including empty. A common length is 8 bytes. |  | rounds: Iteration count. Must be greater than 0. Common values range from 1,000 to 100,000. | Larger iteration counts improve security by increasing the time required to compute | the dk. It is common to tune this parameter to achieve approximately 100ms. |  | Prf: Pseudo-random function to use. A common choice is `std.crypto.auth.hmac.sha2.HmacSha256`."
crypto/pcurves/common.zig,11,0,FieldParams,const,false,false,pub const FieldParams = struct {,Parameters to create a finite field type.
crypto/pcurves/common.zig,20,0,Field,fn,false,false,pub fn Field(comptime params: FieldParams) type {,"A field element, internally stored in Montgomery domain."
crypto/pcurves/common.zig,31,8,field_order,const,false,false,pub const field_order = params.field_order;,Field size.
crypto/pcurves/common.zig,34,8,field_bits,const,false,false,pub const field_bits = params.field_bits;,Number of bits to represent the set of all elements.
crypto/pcurves/common.zig,37,8,saturated_bits,const,false,false,pub const saturated_bits = params.saturated_bits;,Number of bits that can be saturated without overflowing.
crypto/pcurves/common.zig,40,8,encoded_length,const,false,false,pub const encoded_length = params.encoded_length;,Number of bytes required to encode an element.
crypto/pcurves/common.zig,43,8,zero,const,false,false,pub const zero: Fe = Fe{ .limbs = mem.zeroes(MontgomeryDomainFieldElement) };,Zero.
crypto/pcurves/common.zig,46,8,one,const,false,false,pub const one = one: {,One.
crypto/pcurves/common.zig,53,8,rejectNonCanonical,fn,false,false,"pub fn rejectNonCanonical(s_: [encoded_length]u8, endian: std.builtin.Endian) NonCanonicalError!void {",Reject non-canonical encodings of an element.
crypto/pcurves/common.zig,66,8,orderSwap,fn,false,false,pub fn orderSwap(s: [encoded_length]u8) [encoded_length]u8 {,Swap the endianness of an encoded element.
crypto/pcurves/common.zig,73,8,fromBytes,fn,false,false,"pub fn fromBytes(s_: [encoded_length]u8, endian: std.builtin.Endian) NonCanonicalError!Fe {",Unpack a field element.
crypto/pcurves/common.zig,84,8,toBytes,fn,false,false,"pub fn toBytes(fe: Fe, endian: std.builtin.Endian) [encoded_length]u8 {",Pack a field element.
crypto/pcurves/common.zig,93,8,IntRepr,const,false,false,"pub const IntRepr = meta.Int(.unsigned, params.field_bits);",Element as an integer.
crypto/pcurves/common.zig,96,8,fromInt,fn,false,false,pub fn fromInt(comptime x: IntRepr) NonCanonicalError!Fe {,Create a field element from an integer.
crypto/pcurves/common.zig,103,8,toInt,fn,false,false,pub fn toInt(fe: Fe) IntRepr {,Return the field element as an integer.
crypto/pcurves/common.zig,109,8,isZero,fn,false,false,pub fn isZero(fe: Fe) bool {,Return true if the field element is zero.
crypto/pcurves/common.zig,116,8,equivalent,fn,false,false,"pub fn equivalent(a: Fe, b: Fe) bool {",Return true if both field elements are equivalent.
crypto/pcurves/common.zig,121,8,isOdd,fn,false,false,pub fn isOdd(fe: Fe) bool {,Return true if the element is odd.
crypto/pcurves/common.zig,127,8,cMov,fn,false,false,"pub fn cMov(fe: *Fe, a: Fe, c: u1) void {",Conditonally replace a field element with `a` if `c` is positive.
crypto/pcurves/common.zig,132,8,add,fn,false,false,"pub fn add(a: Fe, b: Fe) Fe {",Add field elements.
crypto/pcurves/common.zig,139,8,sub,fn,false,false,"pub fn sub(a: Fe, b: Fe) Fe {",Subtract field elements.
crypto/pcurves/common.zig,146,8,dbl,fn,false,false,pub fn dbl(a: Fe) Fe {,Double a field element.
crypto/pcurves/common.zig,153,8,mul,fn,false,false,"pub fn mul(a: Fe, b: Fe) Fe {",Multiply field elements.
crypto/pcurves/common.zig,160,8,sq,fn,false,false,pub fn sq(a: Fe) Fe {,Square a field element.
crypto/pcurves/common.zig,177,8,pow,fn,false,false,"pub fn pow(a: Fe, comptime T: type, comptime n: T) Fe {",Compute a^n.
crypto/pcurves/common.zig,191,8,neg,fn,false,false,pub fn neg(a: Fe) Fe {,Negate a field element.
crypto/pcurves/common.zig,199,8,invert,fn,false,false,pub fn invert(a: Fe) Fe {,"Return the inverse of a field element, or 0 if a=0."
crypto/pcurves/common.zig,249,8,isSquare,fn,false,false,pub fn isSquare(x2: Fe) bool {,Return true if the field element is a square.
crypto/pcurves/common.zig,315,8,sqrt,fn,false,false,pub fn sqrt(x2: Fe) NotSquareError!Fe {,"Compute the square root of `x2`, returning `error.NotSquare` if `x2` was not a square."
crypto/pcurves/p256.zig,12,0,P256,const,false,false,pub const P256 = struct {,Group operations over P256.
crypto/pcurves/p256.zig,14,4,Fe,const,true,false,"pub const Fe = @import(""p256/field.zig"").Fe;",The underlying prime field.
crypto/pcurves/p256.zig,16,4,scalar,const,true,false,"pub const scalar = @import(""p256/scalar.zig"");",Field arithmetic mod the order of the main subgroup.
crypto/pcurves/p256.zig,25,4,basePoint,const,false,false,pub const basePoint = P256{,The P256 base point.
crypto/pcurves/p256.zig,33,4,identityElement,const,false,false,"pub const identityElement = P256{ .x = Fe.zero, .y = Fe.one, .z = Fe.zero };",The P256 neutral element.
crypto/pcurves/p256.zig,35,4,B,const,false,false,pub const B = Fe.fromInt(41058363725152142129326129780047268409114441015993725554835256314039467401291) catch unreachable;,
crypto/pcurves/p256.zig,38,4,rejectIdentity,fn,false,false,pub fn rejectIdentity(p: P256) IdentityElementError!void {,Reject the neutral element.
crypto/pcurves/p256.zig,47,4,fromAffineCoordinates,fn,false,false,pub fn fromAffineCoordinates(p: AffineCoordinates) EncodingError!P256 {,Create a point from affine coordinates after checking that they match the curve equation.
crypto/pcurves/p256.zig,63,4,fromSerializedAffineCoordinates,fn,false,false,"pub fn fromSerializedAffineCoordinates(xs: [32]u8, ys: [32]u8, endian: std.builtin.Endian) (NonCanonicalError || EncodingError)!P256 {",Create a point from serialized affine coordinates.
crypto/pcurves/p256.zig,70,4,recoverY,fn,false,false,"pub fn recoverY(x: Fe, is_odd: bool) NotSquareError!Fe {",Recover the Y coordinate from the X coordinate.
crypto/pcurves/p256.zig,79,4,fromSec1,fn,false,false,pub fn fromSec1(s: []const u8) (EncodingError || NotSquareError || NonCanonicalError)!P256 {,Deserialize a SEC1-encoded point.
crypto/pcurves/p256.zig,106,4,toCompressedSec1,fn,false,false,pub fn toCompressedSec1(p: P256) [33]u8 {,Serialize a point using the compressed SEC-1 format.
crypto/pcurves/p256.zig,115,4,toUncompressedSec1,fn,false,false,pub fn toUncompressedSec1(p: P256) [65]u8 {,Serialize a point using the uncompressed SEC-1 format.
crypto/pcurves/p256.zig,125,4,random,fn,false,false,pub fn random(io: std.Io) P256 {,Return a random point.
crypto/pcurves/p256.zig,131,4,neg,fn,false,false,pub fn neg(p: P256) P256 {,Flip the sign of the X coordinate.
crypto/pcurves/p256.zig,137,4,dbl,fn,false,false,pub fn dbl(p: P256) P256 {,Double a P256 point.
crypto/pcurves/p256.zig,180,4,addMixed,fn,false,false,"pub fn addMixed(p: P256, q: AffineCoordinates) P256 {","Add P256 points, the second being specified using affine coordinates."
crypto/pcurves/p256.zig,228,4,add,fn,false,false,"pub fn add(p: P256, q: P256) P256 {",Add P256 points.
crypto/pcurves/p256.zig,280,4,sub,fn,false,false,"pub fn sub(p: P256, q: P256) P256 {",Subtract P256 points.
crypto/pcurves/p256.zig,285,4,subMixed,fn,false,false,"pub fn subMixed(p: P256, q: AffineCoordinates) P256 {","Subtract P256 points, the second being specified using affine coordinates."
crypto/pcurves/p256.zig,290,4,affineCoordinates,fn,false,false,pub fn affineCoordinates(p: P256) AffineCoordinates {,Return affine coordinates.
crypto/pcurves/p256.zig,303,4,equivalent,fn,false,false,"pub fn equivalent(a: P256, b: P256) bool {",Return true if both coordinate sets represent the same point.
crypto/pcurves/p256.zig,402,4,mul,fn,false,false,"pub fn mul(p: P256, s_: [32]u8, endian: std.builtin.Endian) IdentityElementError!P256 {",Multiply an elliptic curve point by a scalar. | Return error.IdentityElement if the result is the identity element.
crypto/pcurves/p256.zig,414,4,mulPublic,fn,false,false,"pub fn mulPublic(p: P256, s_: [32]u8, endian: std.builtin.Endian) IdentityElementError!P256 {",Multiply an elliptic curve point by a *PUBLIC* scalar *IN VARIABLE TIME* | This can be used for signature verification.
crypto/pcurves/p256.zig,426,4,mulDoubleBasePublic,fn,false,false,"pub fn mulDoubleBasePublic(p1: P256, s1_: [32]u8, p2: P256, s2_: [32]u8, endian: std.builtin.Endian) IdentityElementError!P256 {",Double-base multiplication of public parameters - Compute (p1*s1)+(p2*s2) *IN VARIABLE TIME* | This can be used for signature verification.
crypto/pcurves/p256.zig,467,0,AffineCoordinates,const,false,false,pub const AffineCoordinates = struct {,A point in affine coordinates.
crypto/pcurves/p256.zig,472,4,identityElement,const,false,false,"pub const identityElement = AffineCoordinates{ .x = P256.identityElement.x, .y = P256.identityElement.y };",Identity element in affine coordinates.
crypto/pcurves/p256.zig,474,4,neg,fn,false,false,pub fn neg(p: AffineCoordinates) AffineCoordinates {,
crypto/pcurves/p256/field.zig,6,0,Fe,const,false,false,pub const Fe = Field(.{,
crypto/pcurves/p256/p256_64.zig,56,0,MontgomeryDomainFieldElement,const,false,false,pub const MontgomeryDomainFieldElement = [4]u64;,
crypto/pcurves/p256/p256_64.zig,60,0,NonMontgomeryDomainFieldElement,const,false,false,pub const NonMontgomeryDomainFieldElement = [4]u64;,
crypto/pcurves/p256/p256_64.zig,147,0,mul,fn,false,false,"pub fn mul(out1: *MontgomeryDomainFieldElement, arg1: MontgomeryDomainFieldElement, arg2: MontgomeryDomainFieldElement) void {",The function mul multiplies two field elements in the Montgomery domain. |  | Preconditions: | 0 ≤ eval arg1 < m | 0 ≤ eval arg2 < m | Postconditions: | eval (from_montgomery out1) mod m = (eval (from_montgomery arg1) * eval (from_montgomery arg2)) mod m | 0 ≤ eval out1 < m | 
crypto/pcurves/p256/p256_64.zig,439,0,square,fn,false,false,"pub fn square(out1: *MontgomeryDomainFieldElement, arg1: MontgomeryDomainFieldElement) void {",The function square squares a field element in the Montgomery domain. |  | Preconditions: | 0 ≤ eval arg1 < m | Postconditions: | eval (from_montgomery out1) mod m = (eval (from_montgomery arg1) * eval (from_montgomery arg1)) mod m | 0 ≤ eval out1 < m | 
crypto/pcurves/p256/p256_64.zig,732,0,add,fn,false,false,"pub fn add(out1: *MontgomeryDomainFieldElement, arg1: MontgomeryDomainFieldElement, arg2: MontgomeryDomainFieldElement) void {",The function add adds two field elements in the Montgomery domain. |  | Preconditions: | 0 ≤ eval arg1 < m | 0 ≤ eval arg2 < m | Postconditions: | eval (from_montgomery out1) mod m = (eval (from_montgomery arg1) + eval (from_montgomery arg2)) mod m | 0 ≤ eval out1 < m | 
crypto/pcurves/p256/p256_64.zig,785,0,sub,fn,false,false,"pub fn sub(out1: *MontgomeryDomainFieldElement, arg1: MontgomeryDomainFieldElement, arg2: MontgomeryDomainFieldElement) void {",The function sub subtracts two field elements in the Montgomery domain. |  | Preconditions: | 0 ≤ eval arg1 < m | 0 ≤ eval arg2 < m | Postconditions: | eval (from_montgomery out1) mod m = (eval (from_montgomery arg1) - eval (from_montgomery arg2)) mod m | 0 ≤ eval out1 < m | 
crypto/pcurves/p256/p256_64.zig,828,0,opp,fn,false,false,"pub fn opp(out1: *MontgomeryDomainFieldElement, arg1: MontgomeryDomainFieldElement) void {",The function opp negates a field element in the Montgomery domain. |  | Preconditions: | 0 ≤ eval arg1 < m | Postconditions: | eval (from_montgomery out1) mod m = -eval (from_montgomery arg1) mod m | 0 ≤ eval out1 < m | 
crypto/pcurves/p256/p256_64.zig,871,0,fromMontgomery,fn,false,false,"pub fn fromMontgomery(out1: *NonMontgomeryDomainFieldElement, arg1: MontgomeryDomainFieldElement) void {",The function fromMontgomery translates a field element out of the Montgomery domain. |  | Preconditions: | 0 ≤ eval arg1 < m | Postconditions: | eval out1 mod m = (eval arg1 * ((2^64)⁻¹ mod m)^4) mod m | 0 ≤ eval out1 < m | 
crypto/pcurves/p256/p256_64.zig,1024,0,toMontgomery,fn,false,false,"pub fn toMontgomery(out1: *MontgomeryDomainFieldElement, arg1: NonMontgomeryDomainFieldElement) void {",The function toMontgomery translates a field element into the Montgomery domain. |  | Preconditions: | 0 ≤ eval arg1 < m | Postconditions: | eval (from_montgomery out1) mod m = eval arg1 mod m | 0 ≤ eval out1 < m | 
crypto/pcurves/p256/p256_64.zig,1299,0,nonzero,fn,false,false,"pub fn nonzero(out1: *u64, arg1: [4]u64) void {","The function nonzero outputs a single non-zero word if the input is non-zero and zero otherwise. |  | Preconditions: | 0 ≤ eval arg1 < m | Postconditions: | out1 = 0 ↔ eval (from_montgomery arg1) mod m = 0 |  | Input Bounds: | arg1: [[0x0 ~> 0xffffffffffffffff], [0x0 ~> 0xffffffffffffffff], [0x0 ~> 0xffffffffffffffff], [0x0 ~> 0xffffffffffffffff]] | Output Bounds: | out1: [0x0 ~> 0xffffffffffffffff]"
crypto/pcurves/p256/p256_64.zig,1317,0,selectznz,fn,false,false,"pub fn selectznz(out1: *[4]u64, arg1: u1, arg2: [4]u64, arg3: [4]u64) void {","The function selectznz is a multi-limb conditional select. |  | Postconditions: | eval out1 = (if arg1 = 0 then eval arg2 else eval arg3) |  | Input Bounds: | arg1: [0x0 ~> 0x1] | arg2: [[0x0 ~> 0xffffffffffffffff], [0x0 ~> 0xffffffffffffffff], [0x0 ~> 0xffffffffffffffff], [0x0 ~> 0xffffffffffffffff]] | arg3: [[0x0 ~> 0xffffffffffffffff], [0x0 ~> 0xffffffffffffffff], [0x0 ~> 0xffffffffffffffff], [0x0 ~> 0xffffffffffffffff]] | Output Bounds: | out1: [[0x0 ~> 0xffffffffffffffff], [0x0 ~> 0xffffffffffffffff], [0x0 ~> 0xffffffffffffffff], [0x0 ~> 0xffffffffffffffff]]"
crypto/pcurves/p256/p256_64.zig,1345,0,toBytes,fn,false,false,"pub fn toBytes(out1: *[32]u8, arg1: [4]u64) void {","The function toBytes serializes a field element NOT in the Montgomery domain to bytes in little-endian order. |  | Preconditions: | 0 ≤ eval arg1 < m | Postconditions: | out1 = map (λ x, ⌊((eval arg1 mod m) mod 2^(8 * (x + 1))) / 2^(8 * x)⌋) [0..31] |  | Input Bounds: | arg1: [[0x0 ~> 0xffffffffffffffff], [0x0 ~> 0xffffffffffffffff], [0x0 ~> 0xffffffffffffffff], [0x0 ~> 0xffffffffffffffff]] | Output Bounds: | out1: [[0x0 ~> 0xff], [0x0 ~> 0xff], [0x0 ~> 0xff], [0x0 ~> 0xff], [0x0 ~> 0xff], [0x0 ~> 0xff], [0x0 ~> 0xff], [0x0 ~> 0xff], [0x0 ~> 0xff], [0x0 ~> 0xff], [0x0 ~> 0xff], [0x0 ~> 0xff], [0x0 ~> 0xff], [0x0 ~> 0xff], [0x0 ~> 0xff], [0x0 ~> 0xff], [0x0 ~> 0xff], [0x0 ~> 0xff], [0x0 ~> 0xff], [0x0 ~> 0xff], [0x0 ~> 0xff], [0x0 ~> 0xff], [0x0 ~> 0xff], [0x0 ~> 0xff], [0x0 ~> 0xff], [0x0 ~> 0xff], [0x0 ~> 0xff], [0x0 ~> 0xff], [0x0 ~> 0xff], [0x0 ~> 0xff], [0x0 ~> 0xff], [0x0 ~> 0xff]]"
crypto/pcurves/p256/p256_64.zig,1454,0,fromBytes,fn,false,false,"pub fn fromBytes(out1: *[4]u64, arg1: [32]u8) void {","The function fromBytes deserializes a field element NOT in the Montgomery domain from bytes in little-endian order. |  | Preconditions: | 0 ≤ bytes_eval arg1 < m | Postconditions: | eval out1 mod m = bytes_eval arg1 mod m | 0 ≤ eval out1 < m |  | Input Bounds: | arg1: [[0x0 ~> 0xff], [0x0 ~> 0xff], [0x0 ~> 0xff], [0x0 ~> 0xff], [0x0 ~> 0xff], [0x0 ~> 0xff], [0x0 ~> 0xff], [0x0 ~> 0xff], [0x0 ~> 0xff], [0x0 ~> 0xff], [0x0 ~> 0xff], [0x0 ~> 0xff], [0x0 ~> 0xff], [0x0 ~> 0xff], [0x0 ~> 0xff], [0x0 ~> 0xff], [0x0 ~> 0xff], [0x0 ~> 0xff], [0x0 ~> 0xff], [0x0 ~> 0xff], [0x0 ~> 0xff], [0x0 ~> 0xff], [0x0 ~> 0xff], [0x0 ~> 0xff], [0x0 ~> 0xff], [0x0 ~> 0xff], [0x0 ~> 0xff], [0x0 ~> 0xff], [0x0 ~> 0xff], [0x0 ~> 0xff], [0x0 ~> 0xff], [0x0 ~> 0xff]] | Output Bounds: | out1: [[0x0 ~> 0xffffffffffffffff], [0x0 ~> 0xffffffffffffffff], [0x0 ~> 0xffffffffffffffff], [0x0 ~> 0xffffffffffffffff]]"
crypto/pcurves/p256/p256_64.zig,1529,0,setOne,fn,false,false,pub fn setOne(out1: *MontgomeryDomainFieldElement) void {,The function setOne returns the field element one in the Montgomery domain. |  | Postconditions: | eval (from_montgomery out1) mod m = 1 mod m | 0 ≤ eval out1 < m | 
crypto/pcurves/p256/p256_64.zig,1546,0,msat,fn,false,false,pub fn msat(out1: *[5]u64) void {,"The function msat returns the saturated representation of the prime modulus. |  | Postconditions: | twos_complement_eval out1 = m | 0 ≤ eval out1 < m |  | Output Bounds: | out1: [[0x0 ~> 0xffffffffffffffff], [0x0 ~> 0xffffffffffffffff], [0x0 ~> 0xffffffffffffffff], [0x0 ~> 0xffffffffffffffff], [0x0 ~> 0xffffffffffffffff]]"
crypto/pcurves/p256/p256_64.zig,1584,0,divstep,fn,false,false,"pub fn divstep(out1: *u64, out2: *[5]u64, out3: *[5]u64, out4: *[4]u64, out5: *[4]u64, arg1: u64, arg2: [5]u64, arg3: [5]u64, arg4: [4]u64, arg5: [4]u64) void {","The function divstep computes a divstep. |  | Preconditions: | 0 ≤ eval arg4 < m | 0 ≤ eval arg5 < m | Postconditions: | out1 = (if 0 < arg1 ∧ (twos_complement_eval arg3) is odd then 1 - arg1 else 1 + arg1) | twos_complement_eval out2 = (if 0 < arg1 ∧ (twos_complement_eval arg3) is odd then twos_complement_eval arg3 else twos_complement_eval arg2) | twos_complement_eval out3 = (if 0 < arg1 ∧ (twos_complement_eval arg3) is odd then ⌊(twos_complement_eval arg3 - twos_complement_eval arg2) / 2⌋ else ⌊(twos_complement_eval arg3 + (twos_complement_eval arg3 mod 2) * twos_complement_eval arg2) / 2⌋) | eval (from_montgomery out4) mod m = (if 0 < arg1 ∧ (twos_complement_eval arg3) is odd then (2 * eval (from_montgomery arg5)) mod m else (2 * eval (from_montgomery arg4)) mod m) | eval (from_montgomery out5) mod m = (if 0 < arg1 ∧ (twos_complement_eval arg3) is odd then (eval (from_montgomery arg4) - eval (from_montgomery arg4)) mod m else (eval (from_montgomery arg5) + (twos_complement_eval arg3 mod 2) * eval (from_montgomery arg4)) mod m) | 0 ≤ eval out5 < m | 0 ≤ eval out5 < m | 0 ≤ eval out2 < m | 0 ≤ eval out3 < m |  | Input Bounds: | arg1: [0x0 ~> 0xffffffffffffffff] | arg2: [[0x0 ~> 0xffffffffffffffff], [0x0 ~> 0xffffffffffffffff], [0x0 ~> 0xffffffffffffffff], [0x0 ~> 0xffffffffffffffff], [0x0 ~> 0xffffffffffffffff]] | arg3: [[0x0 ~> 0xffffffffffffffff], [0x0 ~> 0xffffffffffffffff], [0x0 ~> 0xffffffffffffffff], [0x0 ~> 0xffffffffffffffff], [0x0 ~> 0xffffffffffffffff]] | arg4: [[0x0 ~> 0xffffffffffffffff], [0x0 ~> 0xffffffffffffffff], [0x0 ~> 0xffffffffffffffff], [0x0 ~> 0xffffffffffffffff]] | arg5: [[0x0 ~> 0xffffffffffffffff], [0x0 ~> 0xffffffffffffffff], [0x0 ~> 0xffffffffffffffff], [0x0 ~> 0xffffffffffffffff]] | Output Bounds: | out1: [0x0 ~> 0xffffffffffffffff] | out2: [[0x0 ~> 0xffffffffffffffff], [0x0 ~> 0xffffffffffffffff], [0x0 ~> 0xffffffffffffffff], [0x0 ~> 0xffffffffffffffff], [0x0 ~> 0xffffffffffffffff]] | out3: [[0x0 ~> 0xffffffffffffffff], [0x0 ~> 0xffffffffffffffff], [0x0 ~> 0xffffffffffffffff], [0x0 ~> 0xffffffffffffffff], [0x0 ~> 0xffffffffffffffff]] | out4: [[0x0 ~> 0xffffffffffffffff], [0x0 ~> 0xffffffffffffffff], [0x0 ~> 0xffffffffffffffff], [0x0 ~> 0xffffffffffffffff]] | out5: [[0x0 ~> 0xffffffffffffffff], [0x0 ~> 0xffffffffffffffff], [0x0 ~> 0xffffffffffffffff], [0x0 ~> 0xffffffffffffffff]]"
crypto/pcurves/p256/p256_64.zig,1818,0,divstepPrecomp,fn,false,false,pub fn divstepPrecomp(out1: *[4]u64) void {,"The function divstepPrecomp returns the precomputed value for Bernstein-Yang-inversion (in montgomery form). |  | Postconditions: | eval (from_montgomery out1) = ⌊(m - 1) / 2⌋^(if ⌊log2 m⌋ + 1 < 46 then ⌊(49 * (⌊log2 m⌋ + 1) + 80) / 17⌋ else ⌊(49 * (⌊log2 m⌋ + 1) + 57) / 17⌋) | 0 ≤ eval out1 < m |  | Output Bounds: | out1: [[0x0 ~> 0xffffffffffffffff], [0x0 ~> 0xffffffffffffffff], [0x0 ~> 0xffffffffffffffff], [0x0 ~> 0xffffffffffffffff]]"
crypto/pcurves/p256/p256_scalar_64.zig,56,0,MontgomeryDomainFieldElement,const,false,false,pub const MontgomeryDomainFieldElement = [4]u64;,
crypto/pcurves/p256/p256_scalar_64.zig,60,0,NonMontgomeryDomainFieldElement,const,false,false,pub const NonMontgomeryDomainFieldElement = [4]u64;,
crypto/pcurves/p256/p256_scalar_64.zig,147,0,mul,fn,false,false,"pub fn mul(out1: *MontgomeryDomainFieldElement, arg1: MontgomeryDomainFieldElement, arg2: MontgomeryDomainFieldElement) void {",The function mul multiplies two field elements in the Montgomery domain. |  | Preconditions: | 0 ≤ eval arg1 < m | 0 ≤ eval arg2 < m | Postconditions: | eval (from_montgomery out1) mod m = (eval (from_montgomery arg1) * eval (from_montgomery arg2)) mod m | 0 ≤ eval out1 < m | 
crypto/pcurves/p256/p256_scalar_64.zig,487,0,square,fn,false,false,"pub fn square(out1: *MontgomeryDomainFieldElement, arg1: MontgomeryDomainFieldElement) void {",The function square squares a field element in the Montgomery domain. |  | Preconditions: | 0 ≤ eval arg1 < m | Postconditions: | eval (from_montgomery out1) mod m = (eval (from_montgomery arg1) * eval (from_montgomery arg1)) mod m | 0 ≤ eval out1 < m | 
crypto/pcurves/p256/p256_scalar_64.zig,828,0,add,fn,false,false,"pub fn add(out1: *MontgomeryDomainFieldElement, arg1: MontgomeryDomainFieldElement, arg2: MontgomeryDomainFieldElement) void {",The function add adds two field elements in the Montgomery domain. |  | Preconditions: | 0 ≤ eval arg1 < m | 0 ≤ eval arg2 < m | Postconditions: | eval (from_montgomery out1) mod m = (eval (from_montgomery arg1) + eval (from_montgomery arg2)) mod m | 0 ≤ eval out1 < m | 
crypto/pcurves/p256/p256_scalar_64.zig,881,0,sub,fn,false,false,"pub fn sub(out1: *MontgomeryDomainFieldElement, arg1: MontgomeryDomainFieldElement, arg2: MontgomeryDomainFieldElement) void {",The function sub subtracts two field elements in the Montgomery domain. |  | Preconditions: | 0 ≤ eval arg1 < m | 0 ≤ eval arg2 < m | Postconditions: | eval (from_montgomery out1) mod m = (eval (from_montgomery arg1) - eval (from_montgomery arg2)) mod m | 0 ≤ eval out1 < m | 
crypto/pcurves/p256/p256_scalar_64.zig,924,0,opp,fn,false,false,"pub fn opp(out1: *MontgomeryDomainFieldElement, arg1: MontgomeryDomainFieldElement) void {",The function opp negates a field element in the Montgomery domain. |  | Preconditions: | 0 ≤ eval arg1 < m | Postconditions: | eval (from_montgomery out1) mod m = -eval (from_montgomery arg1) mod m | 0 ≤ eval out1 < m | 
crypto/pcurves/p256/p256_scalar_64.zig,967,0,fromMontgomery,fn,false,false,"pub fn fromMontgomery(out1: *NonMontgomeryDomainFieldElement, arg1: MontgomeryDomainFieldElement) void {",The function fromMontgomery translates a field element out of the Montgomery domain. |  | Preconditions: | 0 ≤ eval arg1 < m | Postconditions: | eval out1 mod m = (eval arg1 * ((2^64)⁻¹ mod m)^4) mod m | 0 ≤ eval out1 < m | 
crypto/pcurves/p256/p256_scalar_64.zig,1180,0,toMontgomery,fn,false,false,"pub fn toMontgomery(out1: *MontgomeryDomainFieldElement, arg1: NonMontgomeryDomainFieldElement) void {",The function toMontgomery translates a field element into the Montgomery domain. |  | Preconditions: | 0 ≤ eval arg1 < m | Postconditions: | eval (from_montgomery out1) mod m = eval arg1 mod m | 0 ≤ eval out1 < m | 
crypto/pcurves/p256/p256_scalar_64.zig,1503,0,nonzero,fn,false,false,"pub fn nonzero(out1: *u64, arg1: [4]u64) void {","The function nonzero outputs a single non-zero word if the input is non-zero and zero otherwise. |  | Preconditions: | 0 ≤ eval arg1 < m | Postconditions: | out1 = 0 ↔ eval (from_montgomery arg1) mod m = 0 |  | Input Bounds: | arg1: [[0x0 ~> 0xffffffffffffffff], [0x0 ~> 0xffffffffffffffff], [0x0 ~> 0xffffffffffffffff], [0x0 ~> 0xffffffffffffffff]] | Output Bounds: | out1: [0x0 ~> 0xffffffffffffffff]"
crypto/pcurves/p256/p256_scalar_64.zig,1521,0,selectznz,fn,false,false,"pub fn selectznz(out1: *[4]u64, arg1: u1, arg2: [4]u64, arg3: [4]u64) void {","The function selectznz is a multi-limb conditional select. |  | Postconditions: | eval out1 = (if arg1 = 0 then eval arg2 else eval arg3) |  | Input Bounds: | arg1: [0x0 ~> 0x1] | arg2: [[0x0 ~> 0xffffffffffffffff], [0x0 ~> 0xffffffffffffffff], [0x0 ~> 0xffffffffffffffff], [0x0 ~> 0xffffffffffffffff]] | arg3: [[0x0 ~> 0xffffffffffffffff], [0x0 ~> 0xffffffffffffffff], [0x0 ~> 0xffffffffffffffff], [0x0 ~> 0xffffffffffffffff]] | Output Bounds: | out1: [[0x0 ~> 0xffffffffffffffff], [0x0 ~> 0xffffffffffffffff], [0x0 ~> 0xffffffffffffffff], [0x0 ~> 0xffffffffffffffff]]"
crypto/pcurves/p256/p256_scalar_64.zig,1549,0,toBytes,fn,false,false,"pub fn toBytes(out1: *[32]u8, arg1: [4]u64) void {","The function toBytes serializes a field element NOT in the Montgomery domain to bytes in little-endian order. |  | Preconditions: | 0 ≤ eval arg1 < m | Postconditions: | out1 = map (λ x, ⌊((eval arg1 mod m) mod 2^(8 * (x + 1))) / 2^(8 * x)⌋) [0..31] |  | Input Bounds: | arg1: [[0x0 ~> 0xffffffffffffffff], [0x0 ~> 0xffffffffffffffff], [0x0 ~> 0xffffffffffffffff], [0x0 ~> 0xffffffffffffffff]] | Output Bounds: | out1: [[0x0 ~> 0xff], [0x0 ~> 0xff], [0x0 ~> 0xff], [0x0 ~> 0xff], [0x0 ~> 0xff], [0x0 ~> 0xff], [0x0 ~> 0xff], [0x0 ~> 0xff], [0x0 ~> 0xff], [0x0 ~> 0xff], [0x0 ~> 0xff], [0x0 ~> 0xff], [0x0 ~> 0xff], [0x0 ~> 0xff], [0x0 ~> 0xff], [0x0 ~> 0xff], [0x0 ~> 0xff], [0x0 ~> 0xff], [0x0 ~> 0xff], [0x0 ~> 0xff], [0x0 ~> 0xff], [0x0 ~> 0xff], [0x0 ~> 0xff], [0x0 ~> 0xff], [0x0 ~> 0xff], [0x0 ~> 0xff], [0x0 ~> 0xff], [0x0 ~> 0xff], [0x0 ~> 0xff], [0x0 ~> 0xff], [0x0 ~> 0xff], [0x0 ~> 0xff]]"
crypto/pcurves/p256/p256_scalar_64.zig,1658,0,fromBytes,fn,false,false,"pub fn fromBytes(out1: *[4]u64, arg1: [32]u8) void {","The function fromBytes deserializes a field element NOT in the Montgomery domain from bytes in little-endian order. |  | Preconditions: | 0 ≤ bytes_eval arg1 < m | Postconditions: | eval out1 mod m = bytes_eval arg1 mod m | 0 ≤ eval out1 < m |  | Input Bounds: | arg1: [[0x0 ~> 0xff], [0x0 ~> 0xff], [0x0 ~> 0xff], [0x0 ~> 0xff], [0x0 ~> 0xff], [0x0 ~> 0xff], [0x0 ~> 0xff], [0x0 ~> 0xff], [0x0 ~> 0xff], [0x0 ~> 0xff], [0x0 ~> 0xff], [0x0 ~> 0xff], [0x0 ~> 0xff], [0x0 ~> 0xff], [0x0 ~> 0xff], [0x0 ~> 0xff], [0x0 ~> 0xff], [0x0 ~> 0xff], [0x0 ~> 0xff], [0x0 ~> 0xff], [0x0 ~> 0xff], [0x0 ~> 0xff], [0x0 ~> 0xff], [0x0 ~> 0xff], [0x0 ~> 0xff], [0x0 ~> 0xff], [0x0 ~> 0xff], [0x0 ~> 0xff], [0x0 ~> 0xff], [0x0 ~> 0xff], [0x0 ~> 0xff], [0x0 ~> 0xff]] | Output Bounds: | out1: [[0x0 ~> 0xffffffffffffffff], [0x0 ~> 0xffffffffffffffff], [0x0 ~> 0xffffffffffffffff], [0x0 ~> 0xffffffffffffffff]]"
crypto/pcurves/p256/p256_scalar_64.zig,1733,0,setOne,fn,false,false,pub fn setOne(out1: *MontgomeryDomainFieldElement) void {,The function setOne returns the field element one in the Montgomery domain. |  | Postconditions: | eval (from_montgomery out1) mod m = 1 mod m | 0 ≤ eval out1 < m | 
crypto/pcurves/p256/p256_scalar_64.zig,1750,0,msat,fn,false,false,pub fn msat(out1: *[5]u64) void {,"The function msat returns the saturated representation of the prime modulus. |  | Postconditions: | twos_complement_eval out1 = m | 0 ≤ eval out1 < m |  | Output Bounds: | out1: [[0x0 ~> 0xffffffffffffffff], [0x0 ~> 0xffffffffffffffff], [0x0 ~> 0xffffffffffffffff], [0x0 ~> 0xffffffffffffffff], [0x0 ~> 0xffffffffffffffff]]"
crypto/pcurves/p256/p256_scalar_64.zig,1788,0,divstep,fn,false,false,"pub fn divstep(out1: *u64, out2: *[5]u64, out3: *[5]u64, out4: *[4]u64, out5: *[4]u64, arg1: u64, arg2: [5]u64, arg3: [5]u64, arg4: [4]u64, arg5: [4]u64) void {","The function divstep computes a divstep. |  | Preconditions: | 0 ≤ eval arg4 < m | 0 ≤ eval arg5 < m | Postconditions: | out1 = (if 0 < arg1 ∧ (twos_complement_eval arg3) is odd then 1 - arg1 else 1 + arg1) | twos_complement_eval out2 = (if 0 < arg1 ∧ (twos_complement_eval arg3) is odd then twos_complement_eval arg3 else twos_complement_eval arg2) | twos_complement_eval out3 = (if 0 < arg1 ∧ (twos_complement_eval arg3) is odd then ⌊(twos_complement_eval arg3 - twos_complement_eval arg2) / 2⌋ else ⌊(twos_complement_eval arg3 + (twos_complement_eval arg3 mod 2) * twos_complement_eval arg2) / 2⌋) | eval (from_montgomery out4) mod m = (if 0 < arg1 ∧ (twos_complement_eval arg3) is odd then (2 * eval (from_montgomery arg5)) mod m else (2 * eval (from_montgomery arg4)) mod m) | eval (from_montgomery out5) mod m = (if 0 < arg1 ∧ (twos_complement_eval arg3) is odd then (eval (from_montgomery arg4) - eval (from_montgomery arg4)) mod m else (eval (from_montgomery arg5) + (twos_complement_eval arg3 mod 2) * eval (from_montgomery arg4)) mod m) | 0 ≤ eval out5 < m | 0 ≤ eval out5 < m | 0 ≤ eval out2 < m | 0 ≤ eval out3 < m |  | Input Bounds: | arg1: [0x0 ~> 0xffffffffffffffff] | arg2: [[0x0 ~> 0xffffffffffffffff], [0x0 ~> 0xffffffffffffffff], [0x0 ~> 0xffffffffffffffff], [0x0 ~> 0xffffffffffffffff], [0x0 ~> 0xffffffffffffffff]] | arg3: [[0x0 ~> 0xffffffffffffffff], [0x0 ~> 0xffffffffffffffff], [0x0 ~> 0xffffffffffffffff], [0x0 ~> 0xffffffffffffffff], [0x0 ~> 0xffffffffffffffff]] | arg4: [[0x0 ~> 0xffffffffffffffff], [0x0 ~> 0xffffffffffffffff], [0x0 ~> 0xffffffffffffffff], [0x0 ~> 0xffffffffffffffff]] | arg5: [[0x0 ~> 0xffffffffffffffff], [0x0 ~> 0xffffffffffffffff], [0x0 ~> 0xffffffffffffffff], [0x0 ~> 0xffffffffffffffff]] | Output Bounds: | out1: [0x0 ~> 0xffffffffffffffff] | out2: [[0x0 ~> 0xffffffffffffffff], [0x0 ~> 0xffffffffffffffff], [0x0 ~> 0xffffffffffffffff], [0x0 ~> 0xffffffffffffffff], [0x0 ~> 0xffffffffffffffff]] | out3: [[0x0 ~> 0xffffffffffffffff], [0x0 ~> 0xffffffffffffffff], [0x0 ~> 0xffffffffffffffff], [0x0 ~> 0xffffffffffffffff], [0x0 ~> 0xffffffffffffffff]] | out4: [[0x0 ~> 0xffffffffffffffff], [0x0 ~> 0xffffffffffffffff], [0x0 ~> 0xffffffffffffffff], [0x0 ~> 0xffffffffffffffff]] | out5: [[0x0 ~> 0xffffffffffffffff], [0x0 ~> 0xffffffffffffffff], [0x0 ~> 0xffffffffffffffff], [0x0 ~> 0xffffffffffffffff]]"
crypto/pcurves/p256/p256_scalar_64.zig,2022,0,divstepPrecomp,fn,false,false,pub fn divstepPrecomp(out1: *[4]u64) void {,"The function divstepPrecomp returns the precomputed value for Bernstein-Yang-inversion (in montgomery form). |  | Postconditions: | eval (from_montgomery out1) = ⌊(m - 1) / 2⌋^(if ⌊log2 m⌋ + 1 < 46 then ⌊(49 * (⌊log2 m⌋ + 1) + 80) / 17⌋ else ⌊(49 * (⌊log2 m⌋ + 1) + 57) / 17⌋) | 0 ≤ eval out1 < m |  | Output Bounds: | out1: [[0x0 ~> 0xffffffffffffffff], [0x0 ~> 0xffffffffffffffff], [0x0 ~> 0xffffffffffffffff], [0x0 ~> 0xffffffffffffffff]]"
crypto/pcurves/p256/scalar.zig,14,0,encoded_length,const,false,false,pub const encoded_length = 32;,Number of bytes required to encode a scalar.
crypto/pcurves/p256/scalar.zig,17,0,CompressedScalar,const,false,false,pub const CompressedScalar = [encoded_length]u8;,"A compressed scalar, in canonical form."
crypto/pcurves/p256/scalar.zig,28,0,field_order,const,false,false,pub const field_order = Fe.field_order;,The scalar field order.
crypto/pcurves/p256/scalar.zig,31,0,rejectNonCanonical,fn,false,false,"pub fn rejectNonCanonical(s: CompressedScalar, endian: std.builtin.Endian) NonCanonicalError!void {",Reject a scalar whose encoding is not canonical.
crypto/pcurves/p256/scalar.zig,36,0,reduce48,fn,false,false,"pub fn reduce48(s: [48]u8, endian: std.builtin.Endian) CompressedScalar {",Reduce a 48-bytes scalar to the field size.
crypto/pcurves/p256/scalar.zig,41,0,reduce64,fn,false,false,"pub fn reduce64(s: [64]u8, endian: std.builtin.Endian) CompressedScalar {",Reduce a 64-bytes scalar to the field size.
crypto/pcurves/p256/scalar.zig,46,0,mul,fn,false,false,"pub fn mul(a: CompressedScalar, b: CompressedScalar, endian: std.builtin.Endian) NonCanonicalError!CompressedScalar {",Return a*b (mod L)
crypto/pcurves/p256/scalar.zig,51,0,mulAdd,fn,false,false,"pub fn mulAdd(a: CompressedScalar, b: CompressedScalar, c: CompressedScalar, endian: std.builtin.Endian) NonCanonicalError!CompressedScalar {",Return a*b+c (mod L)
crypto/pcurves/p256/scalar.zig,56,0,add,fn,false,false,"pub fn add(a: CompressedScalar, b: CompressedScalar, endian: std.builtin.Endian) NonCanonicalError!CompressedScalar {",Return a+b (mod L)
crypto/pcurves/p256/scalar.zig,61,0,neg,fn,false,false,"pub fn neg(s: CompressedScalar, endian: std.builtin.Endian) NonCanonicalError!CompressedScalar {",Return -s (mod L)
crypto/pcurves/p256/scalar.zig,66,0,sub,fn,false,false,"pub fn sub(a: CompressedScalar, b: CompressedScalar, endian: std.builtin.Endian) NonCanonicalError!CompressedScalar {",Return (a-b) (mod L)
crypto/pcurves/p256/scalar.zig,71,0,random,fn,false,false,"pub fn random(io: std.Io, endian: std.builtin.Endian) CompressedScalar {",Return a random scalar
crypto/pcurves/p256/scalar.zig,76,0,Scalar,const,false,false,pub const Scalar = struct {,A scalar in unpacked representation.
crypto/pcurves/p256/scalar.zig,80,4,zero,const,false,false,pub const zero = Scalar{ .fe = Fe.zero };,Zero.
crypto/pcurves/p256/scalar.zig,83,4,one,const,false,false,pub const one = Scalar{ .fe = Fe.one };,One.
crypto/pcurves/p256/scalar.zig,86,4,fromBytes,fn,false,false,"pub fn fromBytes(s: CompressedScalar, endian: std.builtin.Endian) NonCanonicalError!Scalar {",Unpack a serialized representation of a scalar.
crypto/pcurves/p256/scalar.zig,91,4,fromBytes48,fn,false,false,"pub fn fromBytes48(s: [48]u8, endian: std.builtin.Endian) Scalar {",Reduce a 384 bit input to the field size.
crypto/pcurves/p256/scalar.zig,97,4,fromBytes64,fn,false,false,"pub fn fromBytes64(s: [64]u8, endian: std.builtin.Endian) Scalar {",Reduce a 512 bit input to the field size.
crypto/pcurves/p256/scalar.zig,103,4,toBytes,fn,false,false,"pub fn toBytes(n: Scalar, endian: std.builtin.Endian) CompressedScalar {",Pack a scalar into bytes.
crypto/pcurves/p256/scalar.zig,108,4,isZero,fn,false,false,pub fn isZero(n: Scalar) bool {,Return true if the scalar is zero..
crypto/pcurves/p256/scalar.zig,113,4,isOdd,fn,false,false,pub fn isOdd(n: Scalar) bool {,Return true if the scalar is odd.
crypto/pcurves/p256/scalar.zig,118,4,equivalent,fn,false,false,"pub fn equivalent(a: Scalar, b: Scalar) bool {",Return true if a and b are equivalent.
crypto/pcurves/p256/scalar.zig,123,4,add,fn,false,false,"pub fn add(x: Scalar, y: Scalar) Scalar {",Compute x+y (mod L)
crypto/pcurves/p256/scalar.zig,128,4,sub,fn,false,false,"pub fn sub(x: Scalar, y: Scalar) Scalar {",Compute x-y (mod L)
crypto/pcurves/p256/scalar.zig,133,4,dbl,fn,false,false,pub fn dbl(n: Scalar) Scalar {,Compute 2n (mod L)
crypto/pcurves/p256/scalar.zig,138,4,mul,fn,false,false,"pub fn mul(x: Scalar, y: Scalar) Scalar {",Compute x*y (mod L)
crypto/pcurves/p256/scalar.zig,143,4,sq,fn,false,false,pub fn sq(n: Scalar) Scalar {,Compute x^2 (mod L)
crypto/pcurves/p256/scalar.zig,148,4,pow,fn,false,false,"pub fn pow(a: Scalar, comptime T: type, comptime n: T) Scalar {",Compute x^n (mod L)
crypto/pcurves/p256/scalar.zig,153,4,neg,fn,false,false,pub fn neg(n: Scalar) Scalar {,Compute -x (mod L)
crypto/pcurves/p256/scalar.zig,158,4,invert,fn,false,false,pub fn invert(n: Scalar) Scalar {,Compute x^-1 (mod L)
crypto/pcurves/p256/scalar.zig,163,4,isSquare,fn,false,false,pub fn isSquare(n: Scalar) bool {,Return true if n is a quadratic residue mod L.
crypto/pcurves/p256/scalar.zig,168,4,sqrt,fn,false,false,pub fn sqrt(n: Scalar) NotSquareError!Scalar {,"Return the square root of L, or NotSquare if there isn't any solutions."
crypto/pcurves/p256/scalar.zig,173,4,random,fn,false,false,pub fn random(io: std.Io) Scalar {,Return a random scalar < L.
crypto/pcurves/p384.zig,12,0,P384,const,false,false,pub const P384 = struct {,Group operations over P384.
crypto/pcurves/p384.zig,14,4,Fe,const,true,false,"pub const Fe = @import(""p384/field.zig"").Fe;",The underlying prime field.
crypto/pcurves/p384.zig,16,4,scalar,const,true,false,"pub const scalar = @import(""p384/scalar.zig"");",Field arithmetic mod the order of the main subgroup.
crypto/pcurves/p384.zig,25,4,basePoint,const,false,false,pub const basePoint = P384{,The P384 base point.
crypto/pcurves/p384.zig,33,4,identityElement,const,false,false,"pub const identityElement = P384{ .x = Fe.zero, .y = Fe.one, .z = Fe.zero };",The P384 neutral element.
crypto/pcurves/p384.zig,35,4,B,const,false,false,pub const B = Fe.fromInt(27580193559959705877849011840389048093056905856361568521428707301988689241309860865136260764883745107765439761230575) catch unreachable;,
crypto/pcurves/p384.zig,38,4,rejectIdentity,fn,false,false,pub fn rejectIdentity(p: P384) IdentityElementError!void {,Reject the neutral element.
crypto/pcurves/p384.zig,47,4,fromAffineCoordinates,fn,false,false,pub fn fromAffineCoordinates(p: AffineCoordinates) EncodingError!P384 {,Create a point from affine coordinates after checking that they match the curve equation.
crypto/pcurves/p384.zig,63,4,fromSerializedAffineCoordinates,fn,false,false,"pub fn fromSerializedAffineCoordinates(xs: [48]u8, ys: [48]u8, endian: std.builtin.Endian) (NonCanonicalError || EncodingError)!P384 {",Create a point from serialized affine coordinates.
crypto/pcurves/p384.zig,70,4,recoverY,fn,false,false,"pub fn recoverY(x: Fe, is_odd: bool) NotSquareError!Fe {",Recover the Y coordinate from the X coordinate.
crypto/pcurves/p384.zig,79,4,fromSec1,fn,false,false,pub fn fromSec1(s: []const u8) (EncodingError || NotSquareError || NonCanonicalError)!P384 {,Deserialize a SEC1-encoded point.
crypto/pcurves/p384.zig,106,4,toCompressedSec1,fn,false,false,pub fn toCompressedSec1(p: P384) [49]u8 {,Serialize a point using the compressed SEC-1 format.
crypto/pcurves/p384.zig,115,4,toUncompressedSec1,fn,false,false,pub fn toUncompressedSec1(p: P384) [97]u8 {,Serialize a point using the uncompressed SEC-1 format.
crypto/pcurves/p384.zig,125,4,random,fn,false,false,pub fn random(io: std.Io) P384 {,Return a random point.
crypto/pcurves/p384.zig,131,4,neg,fn,false,false,pub fn neg(p: P384) P384 {,Flip the sign of the X coordinate.
crypto/pcurves/p384.zig,137,4,dbl,fn,false,false,pub fn dbl(p: P384) P384 {,Double a P384 point.
crypto/pcurves/p384.zig,180,4,addMixed,fn,false,false,"pub fn addMixed(p: P384, q: AffineCoordinates) P384 {","Add P384 points, the second being specified using affine coordinates."
crypto/pcurves/p384.zig,228,4,add,fn,false,false,"pub fn add(p: P384, q: P384) P384 {",Add P384 points.
crypto/pcurves/p384.zig,280,4,sub,fn,false,false,"pub fn sub(p: P384, q: P384) P384 {",Subtract P384 points.
crypto/pcurves/p384.zig,285,4,subMixed,fn,false,false,"pub fn subMixed(p: P384, q: AffineCoordinates) P384 {","Subtract P384 points, the second being specified using affine coordinates."
crypto/pcurves/p384.zig,290,4,affineCoordinates,fn,false,false,pub fn affineCoordinates(p: P384) AffineCoordinates {,Return affine coordinates.
crypto/pcurves/p384.zig,303,4,equivalent,fn,false,false,"pub fn equivalent(a: P384, b: P384) bool {",Return true if both coordinate sets represent the same point.
crypto/pcurves/p384.zig,402,4,mul,fn,false,false,"pub fn mul(p: P384, s_: [48]u8, endian: std.builtin.Endian) IdentityElementError!P384 {",Multiply an elliptic curve point by a scalar. | Return error.IdentityElement if the result is the identity element.
crypto/pcurves/p384.zig,414,4,mulPublic,fn,false,false,"pub fn mulPublic(p: P384, s_: [48]u8, endian: std.builtin.Endian) IdentityElementError!P384 {",Multiply an elliptic curve point by a *PUBLIC* scalar *IN VARIABLE TIME* | This can be used for signature verification.
crypto/pcurves/p384.zig,426,4,mulDoubleBasePublic,fn,false,false,"pub fn mulDoubleBasePublic(p1: P384, s1_: [48]u8, p2: P384, s2_: [48]u8, endian: std.builtin.Endian) IdentityElementError!P384 {",Double-base multiplication of public parameters - Compute (p1*s1)+(p2*s2) *IN VARIABLE TIME* | This can be used for signature verification.
crypto/pcurves/p384.zig,467,0,AffineCoordinates,const,false,false,pub const AffineCoordinates = struct {,A point in affine coordinates.
crypto/pcurves/p384.zig,472,4,identityElement,const,false,false,"pub const identityElement = AffineCoordinates{ .x = P384.identityElement.x, .y = P384.identityElement.y };",Identity element in affine coordinates.
crypto/pcurves/p384.zig,474,4,neg,fn,false,false,pub fn neg(p: AffineCoordinates) AffineCoordinates {,
crypto/pcurves/p384/field.zig,6,0,Fe,const,false,false,pub const Fe = Field(.{,
crypto/pcurves/p384/p384_64.zig,25,0,MontgomeryDomainFieldElement,const,false,false,pub const MontgomeryDomainFieldElement = [6]u64;,
crypto/pcurves/p384/p384_64.zig,29,0,NonMontgomeryDomainFieldElement,const,false,false,pub const NonMontgomeryDomainFieldElement = [6]u64;,
crypto/pcurves/p384/p384_64.zig,116,0,mul,fn,false,false,"pub fn mul(out1: *MontgomeryDomainFieldElement, arg1: MontgomeryDomainFieldElement, arg2: MontgomeryDomainFieldElement) void {",The function mul multiplies two field elements in the Montgomery domain. |  | Preconditions: | 0 ≤ eval arg1 < m | 0 ≤ eval arg2 < m | Postconditions: | eval (from_montgomery out1) mod m = (eval (from_montgomery arg1) * eval (from_montgomery arg2)) mod m | 0 ≤ eval out1 < m | 
crypto/pcurves/p384/p384_64.zig,836,0,square,fn,false,false,"pub fn square(out1: *MontgomeryDomainFieldElement, arg1: MontgomeryDomainFieldElement) void {",The function square squares a field element in the Montgomery domain. |  | Preconditions: | 0 ≤ eval arg1 < m | Postconditions: | eval (from_montgomery out1) mod m = (eval (from_montgomery arg1) * eval (from_montgomery arg1)) mod m | 0 ≤ eval out1 < m | 
crypto/pcurves/p384/p384_64.zig,1557,0,add,fn,false,false,"pub fn add(out1: *MontgomeryDomainFieldElement, arg1: MontgomeryDomainFieldElement, arg2: MontgomeryDomainFieldElement) void {",The function add adds two field elements in the Montgomery domain. |  | Preconditions: | 0 ≤ eval arg1 < m | 0 ≤ eval arg2 < m | Postconditions: | eval (from_montgomery out1) mod m = (eval (from_montgomery arg1) + eval (from_montgomery arg2)) mod m | 0 ≤ eval out1 < m | 
crypto/pcurves/p384/p384_64.zig,1628,0,sub,fn,false,false,"pub fn sub(out1: *MontgomeryDomainFieldElement, arg1: MontgomeryDomainFieldElement, arg2: MontgomeryDomainFieldElement) void {",The function sub subtracts two field elements in the Montgomery domain. |  | Preconditions: | 0 ≤ eval arg1 < m | 0 ≤ eval arg2 < m | Postconditions: | eval (from_montgomery out1) mod m = (eval (from_montgomery arg1) - eval (from_montgomery arg2)) mod m | 0 ≤ eval out1 < m | 
crypto/pcurves/p384/p384_64.zig,1685,0,opp,fn,false,false,"pub fn opp(out1: *MontgomeryDomainFieldElement, arg1: MontgomeryDomainFieldElement) void {",The function opp negates a field element in the Montgomery domain. |  | Preconditions: | 0 ≤ eval arg1 < m | Postconditions: | eval (from_montgomery out1) mod m = -eval (from_montgomery arg1) mod m | 0 ≤ eval out1 < m | 
crypto/pcurves/p384/p384_64.zig,1742,0,fromMontgomery,fn,false,false,"pub fn fromMontgomery(out1: *NonMontgomeryDomainFieldElement, arg1: MontgomeryDomainFieldElement) void {",The function fromMontgomery translates a field element out of the Montgomery domain. |  | Preconditions: | 0 ≤ eval arg1 < m | Postconditions: | eval out1 mod m = (eval arg1 * ((2^64)⁻¹ mod m)^6) mod m | 0 ≤ eval out1 < m | 
crypto/pcurves/p384/p384_64.zig,2227,0,toMontgomery,fn,false,false,"pub fn toMontgomery(out1: *MontgomeryDomainFieldElement, arg1: NonMontgomeryDomainFieldElement) void {",The function toMontgomery translates a field element into the Montgomery domain. |  | Preconditions: | 0 ≤ eval arg1 < m | Postconditions: | eval (from_montgomery out1) mod m = eval arg1 mod m | 0 ≤ eval out1 < m | 
crypto/pcurves/p384/p384_64.zig,2864,0,nonzero,fn,false,false,"pub fn nonzero(out1: *u64, arg1: [6]u64) void {","The function nonzero outputs a single non-zero word if the input is non-zero and zero otherwise. |  | Preconditions: | 0 ≤ eval arg1 < m | Postconditions: | out1 = 0 ↔ eval (from_montgomery arg1) mod m = 0 |  | Input Bounds: | arg1: [[0x0 ~> 0xffffffffffffffff], [0x0 ~> 0xffffffffffffffff], [0x0 ~> 0xffffffffffffffff], [0x0 ~> 0xffffffffffffffff], [0x0 ~> 0xffffffffffffffff], [0x0 ~> 0xffffffffffffffff]] | Output Bounds: | out1: [0x0 ~> 0xffffffffffffffff]"
crypto/pcurves/p384/p384_64.zig,2882,0,selectznz,fn,false,false,"pub fn selectznz(out1: *[6]u64, arg1: u1, arg2: [6]u64, arg3: [6]u64) void {","The function selectznz is a multi-limb conditional select. |  | Postconditions: | out1 = (if arg1 = 0 then arg2 else arg3) |  | Input Bounds: | arg1: [0x0 ~> 0x1] | arg2: [[0x0 ~> 0xffffffffffffffff], [0x0 ~> 0xffffffffffffffff], [0x0 ~> 0xffffffffffffffff], [0x0 ~> 0xffffffffffffffff], [0x0 ~> 0xffffffffffffffff], [0x0 ~> 0xffffffffffffffff]] | arg3: [[0x0 ~> 0xffffffffffffffff], [0x0 ~> 0xffffffffffffffff], [0x0 ~> 0xffffffffffffffff], [0x0 ~> 0xffffffffffffffff], [0x0 ~> 0xffffffffffffffff], [0x0 ~> 0xffffffffffffffff]] | Output Bounds: | out1: [[0x0 ~> 0xffffffffffffffff], [0x0 ~> 0xffffffffffffffff], [0x0 ~> 0xffffffffffffffff], [0x0 ~> 0xffffffffffffffff], [0x0 ~> 0xffffffffffffffff], [0x0 ~> 0xffffffffffffffff]]"
crypto/pcurves/p384/p384_64.zig,2916,0,toBytes,fn,false,false,"pub fn toBytes(out1: *[48]u8, arg1: [6]u64) void {","The function toBytes serializes a field element NOT in the Montgomery domain to bytes in little-endian order. |  | Preconditions: | 0 ≤ eval arg1 < m | Postconditions: | out1 = map (λ x, ⌊((eval arg1 mod m) mod 2^(8 * (x + 1))) / 2^(8 * x)⌋) [0..47] |  | Input Bounds: | arg1: [[0x0 ~> 0xffffffffffffffff], [0x0 ~> 0xffffffffffffffff], [0x0 ~> 0xffffffffffffffff], [0x0 ~> 0xffffffffffffffff], [0x0 ~> 0xffffffffffffffff], [0x0 ~> 0xffffffffffffffff]] | Output Bounds: | out1: [[0x0 ~> 0xff], [0x0 ~> 0xff], [0x0 ~> 0xff], [0x0 ~> 0xff], [0x0 ~> 0xff], [0x0 ~> 0xff], [0x0 ~> 0xff], [0x0 ~> 0xff], [0x0 ~> 0xff], [0x0 ~> 0xff], [0x0 ~> 0xff], [0x0 ~> 0xff], [0x0 ~> 0xff], [0x0 ~> 0xff], [0x0 ~> 0xff], [0x0 ~> 0xff], [0x0 ~> 0xff], [0x0 ~> 0xff], [0x0 ~> 0xff], [0x0 ~> 0xff], [0x0 ~> 0xff], [0x0 ~> 0xff], [0x0 ~> 0xff], [0x0 ~> 0xff], [0x0 ~> 0xff], [0x0 ~> 0xff], [0x0 ~> 0xff], [0x0 ~> 0xff], [0x0 ~> 0xff], [0x0 ~> 0xff], [0x0 ~> 0xff], [0x0 ~> 0xff], [0x0 ~> 0xff], [0x0 ~> 0xff], [0x0 ~> 0xff], [0x0 ~> 0xff], [0x0 ~> 0xff], [0x0 ~> 0xff], [0x0 ~> 0xff], [0x0 ~> 0xff], [0x0 ~> 0xff], [0x0 ~> 0xff], [0x0 ~> 0xff], [0x0 ~> 0xff], [0x0 ~> 0xff], [0x0 ~> 0xff], [0x0 ~> 0xff], [0x0 ~> 0xff]]"
crypto/pcurves/p384/p384_64.zig,3071,0,fromBytes,fn,false,false,"pub fn fromBytes(out1: *[6]u64, arg1: [48]u8) void {","The function fromBytes deserializes a field element NOT in the Montgomery domain from bytes in little-endian order. |  | Preconditions: | 0 ≤ bytes_eval arg1 < m | Postconditions: | eval out1 mod m = bytes_eval arg1 mod m | 0 ≤ eval out1 < m |  | Input Bounds: | arg1: [[0x0 ~> 0xff], [0x0 ~> 0xff], [0x0 ~> 0xff], [0x0 ~> 0xff], [0x0 ~> 0xff], [0x0 ~> 0xff], [0x0 ~> 0xff], [0x0 ~> 0xff], [0x0 ~> 0xff], [0x0 ~> 0xff], [0x0 ~> 0xff], [0x0 ~> 0xff], [0x0 ~> 0xff], [0x0 ~> 0xff], [0x0 ~> 0xff], [0x0 ~> 0xff], [0x0 ~> 0xff], [0x0 ~> 0xff], [0x0 ~> 0xff], [0x0 ~> 0xff], [0x0 ~> 0xff], [0x0 ~> 0xff], [0x0 ~> 0xff], [0x0 ~> 0xff], [0x0 ~> 0xff], [0x0 ~> 0xff], [0x0 ~> 0xff], [0x0 ~> 0xff], [0x0 ~> 0xff], [0x0 ~> 0xff], [0x0 ~> 0xff], [0x0 ~> 0xff], [0x0 ~> 0xff], [0x0 ~> 0xff], [0x0 ~> 0xff], [0x0 ~> 0xff], [0x0 ~> 0xff], [0x0 ~> 0xff], [0x0 ~> 0xff], [0x0 ~> 0xff], [0x0 ~> 0xff], [0x0 ~> 0xff], [0x0 ~> 0xff], [0x0 ~> 0xff], [0x0 ~> 0xff], [0x0 ~> 0xff], [0x0 ~> 0xff], [0x0 ~> 0xff]] | Output Bounds: | out1: [[0x0 ~> 0xffffffffffffffff], [0x0 ~> 0xffffffffffffffff], [0x0 ~> 0xffffffffffffffff], [0x0 ~> 0xffffffffffffffff], [0x0 ~> 0xffffffffffffffff], [0x0 ~> 0xffffffffffffffff]]"
crypto/pcurves/p384/p384_64.zig,3178,0,setOne,fn,false,false,pub fn setOne(out1: *MontgomeryDomainFieldElement) void {,The function setOne returns the field element one in the Montgomery domain. |  | Postconditions: | eval (from_montgomery out1) mod m = 1 mod m | 0 ≤ eval out1 < m | 
crypto/pcurves/p384/p384_64.zig,3197,0,msat,fn,false,false,pub fn msat(out1: *[7]u64) void {,"The function msat returns the saturated representation of the prime modulus. |  | Postconditions: | twos_complement_eval out1 = m | 0 ≤ eval out1 < m |  | Output Bounds: | out1: [[0x0 ~> 0xffffffffffffffff], [0x0 ~> 0xffffffffffffffff], [0x0 ~> 0xffffffffffffffff], [0x0 ~> 0xffffffffffffffff], [0x0 ~> 0xffffffffffffffff], [0x0 ~> 0xffffffffffffffff], [0x0 ~> 0xffffffffffffffff]]"
crypto/pcurves/p384/p384_64.zig,3237,0,divstep,fn,false,false,"pub fn divstep(out1: *u64, out2: *[7]u64, out3: *[7]u64, out4: *[6]u64, out5: *[6]u64, arg1: u64, arg2: [7]u64, arg3: [7]u64, arg4: [6]u64, arg5: [6]u64) void {","The function divstep computes a divstep. |  | Preconditions: | 0 ≤ eval arg4 < m | 0 ≤ eval arg5 < m | Postconditions: | out1 = (if 0 < arg1 ∧ (twos_complement_eval arg3) is odd then 1 - arg1 else 1 + arg1) | twos_complement_eval out2 = (if 0 < arg1 ∧ (twos_complement_eval arg3) is odd then twos_complement_eval arg3 else twos_complement_eval arg2) | twos_complement_eval out3 = (if 0 < arg1 ∧ (twos_complement_eval arg3) is odd then ⌊(twos_complement_eval arg3 - twos_complement_eval arg2) / 2⌋ else ⌊(twos_complement_eval arg3 + (twos_complement_eval arg3 mod 2) * twos_complement_eval arg2) / 2⌋) | eval (from_montgomery out4) mod m = (if 0 < arg1 ∧ (twos_complement_eval arg3) is odd then (2 * eval (from_montgomery arg5)) mod m else (2 * eval (from_montgomery arg4)) mod m) | eval (from_montgomery out5) mod m = (if 0 < arg1 ∧ (twos_complement_eval arg3) is odd then (eval (from_montgomery arg4) - eval (from_montgomery arg4)) mod m else (eval (from_montgomery arg5) + (twos_complement_eval arg3 mod 2) * eval (from_montgomery arg4)) mod m) | 0 ≤ eval out5 < m | 0 ≤ eval out5 < m | 0 ≤ eval out2 < m | 0 ≤ eval out3 < m |  | Input Bounds: | arg1: [0x0 ~> 0xffffffffffffffff] | arg2: [[0x0 ~> 0xffffffffffffffff], [0x0 ~> 0xffffffffffffffff], [0x0 ~> 0xffffffffffffffff], [0x0 ~> 0xffffffffffffffff], [0x0 ~> 0xffffffffffffffff], [0x0 ~> 0xffffffffffffffff], [0x0 ~> 0xffffffffffffffff]] | arg3: [[0x0 ~> 0xffffffffffffffff], [0x0 ~> 0xffffffffffffffff], [0x0 ~> 0xffffffffffffffff], [0x0 ~> 0xffffffffffffffff], [0x0 ~> 0xffffffffffffffff], [0x0 ~> 0xffffffffffffffff], [0x0 ~> 0xffffffffffffffff]] | arg4: [[0x0 ~> 0xffffffffffffffff], [0x0 ~> 0xffffffffffffffff], [0x0 ~> 0xffffffffffffffff], [0x0 ~> 0xffffffffffffffff], [0x0 ~> 0xffffffffffffffff], [0x0 ~> 0xffffffffffffffff]] | arg5: [[0x0 ~> 0xffffffffffffffff], [0x0 ~> 0xffffffffffffffff], [0x0 ~> 0xffffffffffffffff], [0x0 ~> 0xffffffffffffffff], [0x0 ~> 0xffffffffffffffff], [0x0 ~> 0xffffffffffffffff]] | Output Bounds: | out1: [0x0 ~> 0xffffffffffffffff] | out2: [[0x0 ~> 0xffffffffffffffff], [0x0 ~> 0xffffffffffffffff], [0x0 ~> 0xffffffffffffffff], [0x0 ~> 0xffffffffffffffff], [0x0 ~> 0xffffffffffffffff], [0x0 ~> 0xffffffffffffffff], [0x0 ~> 0xffffffffffffffff]] | out3: [[0x0 ~> 0xffffffffffffffff], [0x0 ~> 0xffffffffffffffff], [0x0 ~> 0xffffffffffffffff], [0x0 ~> 0xffffffffffffffff], [0x0 ~> 0xffffffffffffffff], [0x0 ~> 0xffffffffffffffff], [0x0 ~> 0xffffffffffffffff]] | out4: [[0x0 ~> 0xffffffffffffffff], [0x0 ~> 0xffffffffffffffff], [0x0 ~> 0xffffffffffffffff], [0x0 ~> 0xffffffffffffffff], [0x0 ~> 0xffffffffffffffff], [0x0 ~> 0xffffffffffffffff]] | out5: [[0x0 ~> 0xffffffffffffffff], [0x0 ~> 0xffffffffffffffff], [0x0 ~> 0xffffffffffffffff], [0x0 ~> 0xffffffffffffffff], [0x0 ~> 0xffffffffffffffff], [0x0 ~> 0xffffffffffffffff]]"
crypto/pcurves/p384/p384_64.zig,3563,0,divstepPrecomp,fn,false,false,pub fn divstepPrecomp(out1: *[6]u64) void {,"The function divstepPrecomp returns the precomputed value for Bernstein-Yang-inversion (in montgomery form). |  | Postconditions: | eval (from_montgomery out1) = ⌊(m - 1) / 2⌋^(if ⌊log2 m⌋ + 1 < 46 then ⌊(49 * (⌊log2 m⌋ + 1) + 80) / 17⌋ else ⌊(49 * (⌊log2 m⌋ + 1) + 57) / 17⌋) | 0 ≤ eval out1 < m |  | Output Bounds: | out1: [[0x0 ~> 0xffffffffffffffff], [0x0 ~> 0xffffffffffffffff], [0x0 ~> 0xffffffffffffffff], [0x0 ~> 0xffffffffffffffff], [0x0 ~> 0xffffffffffffffff], [0x0 ~> 0xffffffffffffffff]]"
crypto/pcurves/p384/p384_scalar_64.zig,25,0,MontgomeryDomainFieldElement,const,false,false,pub const MontgomeryDomainFieldElement = [6]u64;,
crypto/pcurves/p384/p384_scalar_64.zig,29,0,NonMontgomeryDomainFieldElement,const,false,false,pub const NonMontgomeryDomainFieldElement = [6]u64;,
crypto/pcurves/p384/p384_scalar_64.zig,116,0,mul,fn,false,false,"pub fn mul(out1: *MontgomeryDomainFieldElement, arg1: MontgomeryDomainFieldElement, arg2: MontgomeryDomainFieldElement) void {",The function mul multiplies two field elements in the Montgomery domain. |  | Preconditions: | 0 ≤ eval arg1 < m | 0 ≤ eval arg2 < m | Postconditions: | eval (from_montgomery out1) mod m = (eval (from_montgomery arg1) * eval (from_montgomery arg2)) mod m | 0 ≤ eval out1 < m | 
crypto/pcurves/p384/p384_scalar_64.zig,836,0,square,fn,false,false,"pub fn square(out1: *MontgomeryDomainFieldElement, arg1: MontgomeryDomainFieldElement) void {",The function square squares a field element in the Montgomery domain. |  | Preconditions: | 0 ≤ eval arg1 < m | Postconditions: | eval (from_montgomery out1) mod m = (eval (from_montgomery arg1) * eval (from_montgomery arg1)) mod m | 0 ≤ eval out1 < m | 
crypto/pcurves/p384/p384_scalar_64.zig,1557,0,add,fn,false,false,"pub fn add(out1: *MontgomeryDomainFieldElement, arg1: MontgomeryDomainFieldElement, arg2: MontgomeryDomainFieldElement) void {",The function add adds two field elements in the Montgomery domain. |  | Preconditions: | 0 ≤ eval arg1 < m | 0 ≤ eval arg2 < m | Postconditions: | eval (from_montgomery out1) mod m = (eval (from_montgomery arg1) + eval (from_montgomery arg2)) mod m | 0 ≤ eval out1 < m | 
crypto/pcurves/p384/p384_scalar_64.zig,1628,0,sub,fn,false,false,"pub fn sub(out1: *MontgomeryDomainFieldElement, arg1: MontgomeryDomainFieldElement, arg2: MontgomeryDomainFieldElement) void {",The function sub subtracts two field elements in the Montgomery domain. |  | Preconditions: | 0 ≤ eval arg1 < m | 0 ≤ eval arg2 < m | Postconditions: | eval (from_montgomery out1) mod m = (eval (from_montgomery arg1) - eval (from_montgomery arg2)) mod m | 0 ≤ eval out1 < m | 
crypto/pcurves/p384/p384_scalar_64.zig,1685,0,opp,fn,false,false,"pub fn opp(out1: *MontgomeryDomainFieldElement, arg1: MontgomeryDomainFieldElement) void {",The function opp negates a field element in the Montgomery domain. |  | Preconditions: | 0 ≤ eval arg1 < m | Postconditions: | eval (from_montgomery out1) mod m = -eval (from_montgomery arg1) mod m | 0 ≤ eval out1 < m | 
crypto/pcurves/p384/p384_scalar_64.zig,1742,0,fromMontgomery,fn,false,false,"pub fn fromMontgomery(out1: *NonMontgomeryDomainFieldElement, arg1: MontgomeryDomainFieldElement) void {",The function fromMontgomery translates a field element out of the Montgomery domain. |  | Preconditions: | 0 ≤ eval arg1 < m | Postconditions: | eval out1 mod m = (eval arg1 * ((2^64)⁻¹ mod m)^6) mod m | 0 ≤ eval out1 < m | 
crypto/pcurves/p384/p384_scalar_64.zig,2227,0,toMontgomery,fn,false,false,"pub fn toMontgomery(out1: *MontgomeryDomainFieldElement, arg1: NonMontgomeryDomainFieldElement) void {",The function toMontgomery translates a field element into the Montgomery domain. |  | Preconditions: | 0 ≤ eval arg1 < m | Postconditions: | eval (from_montgomery out1) mod m = eval arg1 mod m | 0 ≤ eval out1 < m | 
crypto/pcurves/p384/p384_scalar_64.zig,2918,0,nonzero,fn,false,false,"pub fn nonzero(out1: *u64, arg1: [6]u64) void {","The function nonzero outputs a single non-zero word if the input is non-zero and zero otherwise. |  | Preconditions: | 0 ≤ eval arg1 < m | Postconditions: | out1 = 0 ↔ eval (from_montgomery arg1) mod m = 0 |  | Input Bounds: | arg1: [[0x0 ~> 0xffffffffffffffff], [0x0 ~> 0xffffffffffffffff], [0x0 ~> 0xffffffffffffffff], [0x0 ~> 0xffffffffffffffff], [0x0 ~> 0xffffffffffffffff], [0x0 ~> 0xffffffffffffffff]] | Output Bounds: | out1: [0x0 ~> 0xffffffffffffffff]"
crypto/pcurves/p384/p384_scalar_64.zig,2936,0,selectznz,fn,false,false,"pub fn selectznz(out1: *[6]u64, arg1: u1, arg2: [6]u64, arg3: [6]u64) void {","The function selectznz is a multi-limb conditional select. |  | Postconditions: | out1 = (if arg1 = 0 then arg2 else arg3) |  | Input Bounds: | arg1: [0x0 ~> 0x1] | arg2: [[0x0 ~> 0xffffffffffffffff], [0x0 ~> 0xffffffffffffffff], [0x0 ~> 0xffffffffffffffff], [0x0 ~> 0xffffffffffffffff], [0x0 ~> 0xffffffffffffffff], [0x0 ~> 0xffffffffffffffff]] | arg3: [[0x0 ~> 0xffffffffffffffff], [0x0 ~> 0xffffffffffffffff], [0x0 ~> 0xffffffffffffffff], [0x0 ~> 0xffffffffffffffff], [0x0 ~> 0xffffffffffffffff], [0x0 ~> 0xffffffffffffffff]] | Output Bounds: | out1: [[0x0 ~> 0xffffffffffffffff], [0x0 ~> 0xffffffffffffffff], [0x0 ~> 0xffffffffffffffff], [0x0 ~> 0xffffffffffffffff], [0x0 ~> 0xffffffffffffffff], [0x0 ~> 0xffffffffffffffff]]"
crypto/pcurves/p384/p384_scalar_64.zig,2970,0,toBytes,fn,false,false,"pub fn toBytes(out1: *[48]u8, arg1: [6]u64) void {","The function toBytes serializes a field element NOT in the Montgomery domain to bytes in little-endian order. |  | Preconditions: | 0 ≤ eval arg1 < m | Postconditions: | out1 = map (λ x, ⌊((eval arg1 mod m) mod 2^(8 * (x + 1))) / 2^(8 * x)⌋) [0..47] |  | Input Bounds: | arg1: [[0x0 ~> 0xffffffffffffffff], [0x0 ~> 0xffffffffffffffff], [0x0 ~> 0xffffffffffffffff], [0x0 ~> 0xffffffffffffffff], [0x0 ~> 0xffffffffffffffff], [0x0 ~> 0xffffffffffffffff]] | Output Bounds: | out1: [[0x0 ~> 0xff], [0x0 ~> 0xff], [0x0 ~> 0xff], [0x0 ~> 0xff], [0x0 ~> 0xff], [0x0 ~> 0xff], [0x0 ~> 0xff], [0x0 ~> 0xff], [0x0 ~> 0xff], [0x0 ~> 0xff], [0x0 ~> 0xff], [0x0 ~> 0xff], [0x0 ~> 0xff], [0x0 ~> 0xff], [0x0 ~> 0xff], [0x0 ~> 0xff], [0x0 ~> 0xff], [0x0 ~> 0xff], [0x0 ~> 0xff], [0x0 ~> 0xff], [0x0 ~> 0xff], [0x0 ~> 0xff], [0x0 ~> 0xff], [0x0 ~> 0xff], [0x0 ~> 0xff], [0x0 ~> 0xff], [0x0 ~> 0xff], [0x0 ~> 0xff], [0x0 ~> 0xff], [0x0 ~> 0xff], [0x0 ~> 0xff], [0x0 ~> 0xff], [0x0 ~> 0xff], [0x0 ~> 0xff], [0x0 ~> 0xff], [0x0 ~> 0xff], [0x0 ~> 0xff], [0x0 ~> 0xff], [0x0 ~> 0xff], [0x0 ~> 0xff], [0x0 ~> 0xff], [0x0 ~> 0xff], [0x0 ~> 0xff], [0x0 ~> 0xff], [0x0 ~> 0xff], [0x0 ~> 0xff], [0x0 ~> 0xff], [0x0 ~> 0xff]]"
crypto/pcurves/p384/p384_scalar_64.zig,3125,0,fromBytes,fn,false,false,"pub fn fromBytes(out1: *[6]u64, arg1: [48]u8) void {","The function fromBytes deserializes a field element NOT in the Montgomery domain from bytes in little-endian order. |  | Preconditions: | 0 ≤ bytes_eval arg1 < m | Postconditions: | eval out1 mod m = bytes_eval arg1 mod m | 0 ≤ eval out1 < m |  | Input Bounds: | arg1: [[0x0 ~> 0xff], [0x0 ~> 0xff], [0x0 ~> 0xff], [0x0 ~> 0xff], [0x0 ~> 0xff], [0x0 ~> 0xff], [0x0 ~> 0xff], [0x0 ~> 0xff], [0x0 ~> 0xff], [0x0 ~> 0xff], [0x0 ~> 0xff], [0x0 ~> 0xff], [0x0 ~> 0xff], [0x0 ~> 0xff], [0x0 ~> 0xff], [0x0 ~> 0xff], [0x0 ~> 0xff], [0x0 ~> 0xff], [0x0 ~> 0xff], [0x0 ~> 0xff], [0x0 ~> 0xff], [0x0 ~> 0xff], [0x0 ~> 0xff], [0x0 ~> 0xff], [0x0 ~> 0xff], [0x0 ~> 0xff], [0x0 ~> 0xff], [0x0 ~> 0xff], [0x0 ~> 0xff], [0x0 ~> 0xff], [0x0 ~> 0xff], [0x0 ~> 0xff], [0x0 ~> 0xff], [0x0 ~> 0xff], [0x0 ~> 0xff], [0x0 ~> 0xff], [0x0 ~> 0xff], [0x0 ~> 0xff], [0x0 ~> 0xff], [0x0 ~> 0xff], [0x0 ~> 0xff], [0x0 ~> 0xff], [0x0 ~> 0xff], [0x0 ~> 0xff], [0x0 ~> 0xff], [0x0 ~> 0xff], [0x0 ~> 0xff], [0x0 ~> 0xff]] | Output Bounds: | out1: [[0x0 ~> 0xffffffffffffffff], [0x0 ~> 0xffffffffffffffff], [0x0 ~> 0xffffffffffffffff], [0x0 ~> 0xffffffffffffffff], [0x0 ~> 0xffffffffffffffff], [0x0 ~> 0xffffffffffffffff]]"
crypto/pcurves/p384/p384_scalar_64.zig,3232,0,setOne,fn,false,false,pub fn setOne(out1: *MontgomeryDomainFieldElement) void {,The function setOne returns the field element one in the Montgomery domain. |  | Postconditions: | eval (from_montgomery out1) mod m = 1 mod m | 0 ≤ eval out1 < m | 
crypto/pcurves/p384/p384_scalar_64.zig,3251,0,msat,fn,false,false,pub fn msat(out1: *[7]u64) void {,"The function msat returns the saturated representation of the prime modulus. |  | Postconditions: | twos_complement_eval out1 = m | 0 ≤ eval out1 < m |  | Output Bounds: | out1: [[0x0 ~> 0xffffffffffffffff], [0x0 ~> 0xffffffffffffffff], [0x0 ~> 0xffffffffffffffff], [0x0 ~> 0xffffffffffffffff], [0x0 ~> 0xffffffffffffffff], [0x0 ~> 0xffffffffffffffff], [0x0 ~> 0xffffffffffffffff]]"
crypto/pcurves/p384/p384_scalar_64.zig,3291,0,divstep,fn,false,false,"pub fn divstep(out1: *u64, out2: *[7]u64, out3: *[7]u64, out4: *[6]u64, out5: *[6]u64, arg1: u64, arg2: [7]u64, arg3: [7]u64, arg4: [6]u64, arg5: [6]u64) void {","The function divstep computes a divstep. |  | Preconditions: | 0 ≤ eval arg4 < m | 0 ≤ eval arg5 < m | Postconditions: | out1 = (if 0 < arg1 ∧ (twos_complement_eval arg3) is odd then 1 - arg1 else 1 + arg1) | twos_complement_eval out2 = (if 0 < arg1 ∧ (twos_complement_eval arg3) is odd then twos_complement_eval arg3 else twos_complement_eval arg2) | twos_complement_eval out3 = (if 0 < arg1 ∧ (twos_complement_eval arg3) is odd then ⌊(twos_complement_eval arg3 - twos_complement_eval arg2) / 2⌋ else ⌊(twos_complement_eval arg3 + (twos_complement_eval arg3 mod 2) * twos_complement_eval arg2) / 2⌋) | eval (from_montgomery out4) mod m = (if 0 < arg1 ∧ (twos_complement_eval arg3) is odd then (2 * eval (from_montgomery arg5)) mod m else (2 * eval (from_montgomery arg4)) mod m) | eval (from_montgomery out5) mod m = (if 0 < arg1 ∧ (twos_complement_eval arg3) is odd then (eval (from_montgomery arg4) - eval (from_montgomery arg4)) mod m else (eval (from_montgomery arg5) + (twos_complement_eval arg3 mod 2) * eval (from_montgomery arg4)) mod m) | 0 ≤ eval out5 < m | 0 ≤ eval out5 < m | 0 ≤ eval out2 < m | 0 ≤ eval out3 < m |  | Input Bounds: | arg1: [0x0 ~> 0xffffffffffffffff] | arg2: [[0x0 ~> 0xffffffffffffffff], [0x0 ~> 0xffffffffffffffff], [0x0 ~> 0xffffffffffffffff], [0x0 ~> 0xffffffffffffffff], [0x0 ~> 0xffffffffffffffff], [0x0 ~> 0xffffffffffffffff], [0x0 ~> 0xffffffffffffffff]] | arg3: [[0x0 ~> 0xffffffffffffffff], [0x0 ~> 0xffffffffffffffff], [0x0 ~> 0xffffffffffffffff], [0x0 ~> 0xffffffffffffffff], [0x0 ~> 0xffffffffffffffff], [0x0 ~> 0xffffffffffffffff], [0x0 ~> 0xffffffffffffffff]] | arg4: [[0x0 ~> 0xffffffffffffffff], [0x0 ~> 0xffffffffffffffff], [0x0 ~> 0xffffffffffffffff], [0x0 ~> 0xffffffffffffffff], [0x0 ~> 0xffffffffffffffff], [0x0 ~> 0xffffffffffffffff]] | arg5: [[0x0 ~> 0xffffffffffffffff], [0x0 ~> 0xffffffffffffffff], [0x0 ~> 0xffffffffffffffff], [0x0 ~> 0xffffffffffffffff], [0x0 ~> 0xffffffffffffffff], [0x0 ~> 0xffffffffffffffff]] | Output Bounds: | out1: [0x0 ~> 0xffffffffffffffff] | out2: [[0x0 ~> 0xffffffffffffffff], [0x0 ~> 0xffffffffffffffff], [0x0 ~> 0xffffffffffffffff], [0x0 ~> 0xffffffffffffffff], [0x0 ~> 0xffffffffffffffff], [0x0 ~> 0xffffffffffffffff], [0x0 ~> 0xffffffffffffffff]] | out3: [[0x0 ~> 0xffffffffffffffff], [0x0 ~> 0xffffffffffffffff], [0x0 ~> 0xffffffffffffffff], [0x0 ~> 0xffffffffffffffff], [0x0 ~> 0xffffffffffffffff], [0x0 ~> 0xffffffffffffffff], [0x0 ~> 0xffffffffffffffff]] | out4: [[0x0 ~> 0xffffffffffffffff], [0x0 ~> 0xffffffffffffffff], [0x0 ~> 0xffffffffffffffff], [0x0 ~> 0xffffffffffffffff], [0x0 ~> 0xffffffffffffffff], [0x0 ~> 0xffffffffffffffff]] | out5: [[0x0 ~> 0xffffffffffffffff], [0x0 ~> 0xffffffffffffffff], [0x0 ~> 0xffffffffffffffff], [0x0 ~> 0xffffffffffffffff], [0x0 ~> 0xffffffffffffffff], [0x0 ~> 0xffffffffffffffff]]"
crypto/pcurves/p384/p384_scalar_64.zig,3617,0,divstepPrecomp,fn,false,false,pub fn divstepPrecomp(out1: *[6]u64) void {,"The function divstepPrecomp returns the precomputed value for Bernstein-Yang-inversion (in montgomery form). |  | Postconditions: | eval (from_montgomery out1) = ⌊(m - 1) / 2⌋^(if ⌊log2 m⌋ + 1 < 46 then ⌊(49 * (⌊log2 m⌋ + 1) + 80) / 17⌋ else ⌊(49 * (⌊log2 m⌋ + 1) + 57) / 17⌋) | 0 ≤ eval out1 < m |  | Output Bounds: | out1: [[0x0 ~> 0xffffffffffffffff], [0x0 ~> 0xffffffffffffffff], [0x0 ~> 0xffffffffffffffff], [0x0 ~> 0xffffffffffffffff], [0x0 ~> 0xffffffffffffffff], [0x0 ~> 0xffffffffffffffff]]"
crypto/pcurves/p384/scalar.zig,14,0,encoded_length,const,false,false,pub const encoded_length = 48;,Number of bytes required to encode a scalar.
crypto/pcurves/p384/scalar.zig,17,0,CompressedScalar,const,false,false,pub const CompressedScalar = [encoded_length]u8;,"A compressed scalar, in canonical form."
crypto/pcurves/p384/scalar.zig,28,0,field_order,const,false,false,pub const field_order = Fe.field_order;,The scalar field order.
crypto/pcurves/p384/scalar.zig,31,0,rejectNonCanonical,fn,false,false,"pub fn rejectNonCanonical(s: CompressedScalar, endian: std.builtin.Endian) NonCanonicalError!void {",Reject a scalar whose encoding is not canonical.
crypto/pcurves/p384/scalar.zig,36,0,reduce64,fn,false,false,"pub fn reduce64(s: [64]u8, endian: std.builtin.Endian) CompressedScalar {",Reduce a 64-bytes scalar to the field size.
crypto/pcurves/p384/scalar.zig,41,0,mul,fn,false,false,"pub fn mul(a: CompressedScalar, b: CompressedScalar, endian: std.builtin.Endian) NonCanonicalError!CompressedScalar {",Return a*b (mod L)
crypto/pcurves/p384/scalar.zig,46,0,mulAdd,fn,false,false,"pub fn mulAdd(a: CompressedScalar, b: CompressedScalar, c: CompressedScalar, endian: std.builtin.Endian) NonCanonicalError!CompressedScalar {",Return a*b+c (mod L)
crypto/pcurves/p384/scalar.zig,51,0,add,fn,false,false,"pub fn add(a: CompressedScalar, b: CompressedScalar, endian: std.builtin.Endian) NonCanonicalError!CompressedScalar {",Return a+b (mod L)
crypto/pcurves/p384/scalar.zig,56,0,neg,fn,false,false,"pub fn neg(s: CompressedScalar, endian: std.builtin.Endian) NonCanonicalError!CompressedScalar {",Return -s (mod L)
crypto/pcurves/p384/scalar.zig,61,0,sub,fn,false,false,"pub fn sub(a: CompressedScalar, b: CompressedScalar, endian: std.builtin.Endian) NonCanonicalError!CompressedScalar {",Return (a-b) (mod L)
crypto/pcurves/p384/scalar.zig,66,0,random,fn,false,false,"pub fn random(io: std.Io, endian: std.builtin.Endian) CompressedScalar {",Return a random scalar
crypto/pcurves/p384/scalar.zig,71,0,Scalar,const,false,false,pub const Scalar = struct {,A scalar in unpacked representation.
crypto/pcurves/p384/scalar.zig,75,4,zero,const,false,false,pub const zero = Scalar{ .fe = Fe.zero };,Zero.
crypto/pcurves/p384/scalar.zig,78,4,one,const,false,false,pub const one = Scalar{ .fe = Fe.one };,One.
crypto/pcurves/p384/scalar.zig,81,4,fromBytes,fn,false,false,"pub fn fromBytes(s: CompressedScalar, endian: std.builtin.Endian) NonCanonicalError!Scalar {",Unpack a serialized representation of a scalar.
crypto/pcurves/p384/scalar.zig,86,4,fromBytes64,fn,false,false,"pub fn fromBytes64(s: [64]u8, endian: std.builtin.Endian) Scalar {",Reduce a 512 bit input to the field size.
crypto/pcurves/p384/scalar.zig,92,4,toBytes,fn,false,false,"pub fn toBytes(n: Scalar, endian: std.builtin.Endian) CompressedScalar {",Pack a scalar into bytes.
crypto/pcurves/p384/scalar.zig,97,4,isZero,fn,false,false,pub fn isZero(n: Scalar) bool {,Return true if the scalar is zero..
crypto/pcurves/p384/scalar.zig,102,4,isOdd,fn,false,false,pub fn isOdd(n: Scalar) bool {,Return true if the scalar is odd.
crypto/pcurves/p384/scalar.zig,107,4,equivalent,fn,false,false,"pub fn equivalent(a: Scalar, b: Scalar) bool {",Return true if a and b are equivalent.
crypto/pcurves/p384/scalar.zig,112,4,add,fn,false,false,"pub fn add(x: Scalar, y: Scalar) Scalar {",Compute x+y (mod L)
crypto/pcurves/p384/scalar.zig,117,4,sub,fn,false,false,"pub fn sub(x: Scalar, y: Scalar) Scalar {",Compute x-y (mod L)
crypto/pcurves/p384/scalar.zig,122,4,dbl,fn,false,false,pub fn dbl(n: Scalar) Scalar {,Compute 2n (mod L)
crypto/pcurves/p384/scalar.zig,127,4,mul,fn,false,false,"pub fn mul(x: Scalar, y: Scalar) Scalar {",Compute x*y (mod L)
crypto/pcurves/p384/scalar.zig,132,4,sq,fn,false,false,pub fn sq(n: Scalar) Scalar {,Compute x^2 (mod L)
crypto/pcurves/p384/scalar.zig,137,4,pow,fn,false,false,"pub fn pow(a: Scalar, comptime T: type, comptime n: T) Scalar {",Compute x^n (mod L)
crypto/pcurves/p384/scalar.zig,142,4,neg,fn,false,false,pub fn neg(n: Scalar) Scalar {,Compute -x (mod L)
crypto/pcurves/p384/scalar.zig,147,4,invert,fn,false,false,pub fn invert(n: Scalar) Scalar {,Compute x^-1 (mod L)
crypto/pcurves/p384/scalar.zig,152,4,isSquare,fn,false,false,pub fn isSquare(n: Scalar) bool {,Return true if n is a quadratic residue mod L.
crypto/pcurves/p384/scalar.zig,157,4,sqrt,fn,false,false,pub fn sqrt(n: Scalar) NotSquareError!Scalar {,"Return the square root of L, or NotSquare if there isn't any solutions."
crypto/pcurves/p384/scalar.zig,162,4,random,fn,false,false,pub fn random(io: std.Io) Scalar {,Return a random scalar < L.
crypto/pcurves/secp256k1.zig,13,0,Secp256k1,const,false,false,pub const Secp256k1 = struct {,Group operations over secp256k1.
crypto/pcurves/secp256k1.zig,15,4,Fe,const,true,false,"pub const Fe = @import(""secp256k1/field.zig"").Fe;",The underlying prime field.
crypto/pcurves/secp256k1.zig,17,4,scalar,const,true,false,"pub const scalar = @import(""secp256k1/scalar.zig"");",Field arithmetic mod the order of the main subgroup.
crypto/pcurves/secp256k1.zig,26,4,basePoint,const,false,false,pub const basePoint = Secp256k1{,The secp256k1 base point.
crypto/pcurves/secp256k1.zig,34,4,identityElement,const,false,false,"pub const identityElement = Secp256k1{ .x = Fe.zero, .y = Fe.one, .z = Fe.zero };",The secp256k1 neutral element.
crypto/pcurves/secp256k1.zig,36,4,B,const,false,false,pub const B = Fe.fromInt(7) catch unreachable;,
crypto/pcurves/secp256k1.zig,38,4,Endormorphism,const,false,false,pub const Endormorphism = struct {,
crypto/pcurves/secp256k1.zig,48,8,SplitScalar,const,false,false,pub const SplitScalar = struct {,
crypto/pcurves/secp256k1.zig,54,8,splitScalar,fn,false,false,"pub fn splitScalar(s: [32]u8, endian: std.builtin.Endian) NonCanonicalError!SplitScalar {",Compute r1 and r2 so that k = r1 + r2*lambda (mod L).
crypto/pcurves/secp256k1.zig,91,4,rejectIdentity,fn,false,false,pub fn rejectIdentity(p: Secp256k1) IdentityElementError!void {,Reject the neutral element.
crypto/pcurves/secp256k1.zig,100,4,fromAffineCoordinates,fn,false,false,pub fn fromAffineCoordinates(p: AffineCoordinates) EncodingError!Secp256k1 {,Create a point from affine coordinates after checking that they match the curve equation.
crypto/pcurves/secp256k1.zig,116,4,fromSerializedAffineCoordinates,fn,false,false,"pub fn fromSerializedAffineCoordinates(xs: [32]u8, ys: [32]u8, endian: std.builtin.Endian) (NonCanonicalError || EncodingError)!Secp256k1 {",Create a point from serialized affine coordinates.
crypto/pcurves/secp256k1.zig,123,4,recoverY,fn,false,false,"pub fn recoverY(x: Fe, is_odd: bool) NotSquareError!Fe {",Recover the Y coordinate from the X coordinate.
crypto/pcurves/secp256k1.zig,132,4,fromSec1,fn,false,false,pub fn fromSec1(s: []const u8) (EncodingError || NotSquareError || NonCanonicalError)!Secp256k1 {,Deserialize a SEC1-encoded point.
crypto/pcurves/secp256k1.zig,159,4,toCompressedSec1,fn,false,false,pub fn toCompressedSec1(p: Secp256k1) [33]u8 {,Serialize a point using the compressed SEC-1 format.
crypto/pcurves/secp256k1.zig,168,4,toUncompressedSec1,fn,false,false,pub fn toUncompressedSec1(p: Secp256k1) [65]u8 {,Serialize a point using the uncompressed SEC-1 format.
crypto/pcurves/secp256k1.zig,178,4,random,fn,false,false,pub fn random(io: std.Io) Secp256k1 {,Return a random point.
crypto/pcurves/secp256k1.zig,184,4,neg,fn,false,false,pub fn neg(p: Secp256k1) Secp256k1 {,Flip the sign of the X coordinate.
crypto/pcurves/secp256k1.zig,190,4,dbl,fn,false,false,pub fn dbl(p: Secp256k1) Secp256k1 {,Double a secp256k1 point.
crypto/pcurves/secp256k1.zig,220,4,addMixed,fn,false,false,"pub fn addMixed(p: Secp256k1, q: AffineCoordinates) Secp256k1 {","Add secp256k1 points, the second being specified using affine coordinates."
crypto/pcurves/secp256k1.zig,262,4,add,fn,false,false,"pub fn add(p: Secp256k1, q: Secp256k1) Secp256k1 {",Add secp256k1 points.
crypto/pcurves/secp256k1.zig,308,4,sub,fn,false,false,"pub fn sub(p: Secp256k1, q: Secp256k1) Secp256k1 {",Subtract secp256k1 points.
crypto/pcurves/secp256k1.zig,313,4,subMixed,fn,false,false,"pub fn subMixed(p: Secp256k1, q: AffineCoordinates) Secp256k1 {","Subtract secp256k1 points, the second being specified using affine coordinates."
crypto/pcurves/secp256k1.zig,318,4,affineCoordinates,fn,false,false,pub fn affineCoordinates(p: Secp256k1) AffineCoordinates {,Return affine coordinates.
crypto/pcurves/secp256k1.zig,331,4,equivalent,fn,false,false,"pub fn equivalent(a: Secp256k1, b: Secp256k1) bool {",Return true if both coordinate sets represent the same point.
crypto/pcurves/secp256k1.zig,430,4,mul,fn,false,false,"pub fn mul(p: Secp256k1, s_: [32]u8, endian: std.builtin.Endian) IdentityElementError!Secp256k1 {",Multiply an elliptic curve point by a scalar. | Return error.IdentityElement if the result is the identity element.
crypto/pcurves/secp256k1.zig,442,4,mulPublic,fn,false,false,"pub fn mulPublic(p: Secp256k1, s_: [32]u8, endian: std.builtin.Endian) (IdentityElementError || NonCanonicalError)!Secp256k1 {",Multiply an elliptic curve point by a *PUBLIC* scalar *IN VARIABLE TIME* | This can be used for signature verification.
crypto/pcurves/secp256k1.zig,504,4,mulDoubleBasePublic,fn,false,false,"pub fn mulDoubleBasePublic(p1: Secp256k1, s1_: [32]u8, p2: Secp256k1, s2_: [32]u8, endian: std.builtin.Endian) IdentityElementError!Secp256k1 {",Double-base multiplication of public parameters - Compute (p1*s1)+(p2*s2) *IN VARIABLE TIME* | This can be used for signature verification.
crypto/pcurves/secp256k1.zig,545,0,AffineCoordinates,const,false,false,pub const AffineCoordinates = struct {,A point in affine coordinates.
crypto/pcurves/secp256k1.zig,550,4,identityElement,const,false,false,"pub const identityElement = AffineCoordinates{ .x = Secp256k1.identityElement.x, .y = Secp256k1.identityElement.y };",Identity element in affine coordinates.
crypto/pcurves/secp256k1.zig,552,4,neg,fn,false,false,pub fn neg(p: AffineCoordinates) AffineCoordinates {,
crypto/pcurves/secp256k1/field.zig,6,0,Fe,const,false,false,pub const Fe = Field(.{,
crypto/pcurves/secp256k1/scalar.zig,14,0,encoded_length,const,false,false,pub const encoded_length = 32;,Number of bytes required to encode a scalar.
crypto/pcurves/secp256k1/scalar.zig,17,0,CompressedScalar,const,false,false,pub const CompressedScalar = [encoded_length]u8;,"A compressed scalar, in canonical form."
crypto/pcurves/secp256k1/scalar.zig,28,0,field_order,const,false,false,pub const field_order = Fe.field_order;,The scalar field order.
crypto/pcurves/secp256k1/scalar.zig,31,0,rejectNonCanonical,fn,false,false,"pub fn rejectNonCanonical(s: CompressedScalar, endian: std.builtin.Endian) NonCanonicalError!void {",Reject a scalar whose encoding is not canonical.
crypto/pcurves/secp256k1/scalar.zig,36,0,reduce48,fn,false,false,"pub fn reduce48(s: [48]u8, endian: std.builtin.Endian) CompressedScalar {",Reduce a 48-bytes scalar to the field size.
crypto/pcurves/secp256k1/scalar.zig,41,0,reduce64,fn,false,false,"pub fn reduce64(s: [64]u8, endian: std.builtin.Endian) CompressedScalar {",Reduce a 64-bytes scalar to the field size.
crypto/pcurves/secp256k1/scalar.zig,46,0,mul,fn,false,false,"pub fn mul(a: CompressedScalar, b: CompressedScalar, endian: std.builtin.Endian) NonCanonicalError!CompressedScalar {",Return a*b (mod L)
crypto/pcurves/secp256k1/scalar.zig,51,0,mulAdd,fn,false,false,"pub fn mulAdd(a: CompressedScalar, b: CompressedScalar, c: CompressedScalar, endian: std.builtin.Endian) NonCanonicalError!CompressedScalar {",Return a*b+c (mod L)
crypto/pcurves/secp256k1/scalar.zig,56,0,add,fn,false,false,"pub fn add(a: CompressedScalar, b: CompressedScalar, endian: std.builtin.Endian) NonCanonicalError!CompressedScalar {",Return a+b (mod L)
crypto/pcurves/secp256k1/scalar.zig,61,0,neg,fn,false,false,"pub fn neg(s: CompressedScalar, endian: std.builtin.Endian) NonCanonicalError!CompressedScalar {",Return -s (mod L)
crypto/pcurves/secp256k1/scalar.zig,66,0,sub,fn,false,false,"pub fn sub(a: CompressedScalar, b: CompressedScalar, endian: std.builtin.Endian) NonCanonicalError!CompressedScalar {",Return (a-b) (mod L)
crypto/pcurves/secp256k1/scalar.zig,71,0,random,fn,false,false,"pub fn random(io: std.Io, endian: std.builtin.Endian) CompressedScalar {",Return a random scalar
crypto/pcurves/secp256k1/scalar.zig,76,0,Scalar,const,false,false,pub const Scalar = struct {,A scalar in unpacked representation.
crypto/pcurves/secp256k1/scalar.zig,80,4,zero,const,false,false,pub const zero = Scalar{ .fe = Fe.zero };,Zero.
crypto/pcurves/secp256k1/scalar.zig,83,4,one,const,false,false,pub const one = Scalar{ .fe = Fe.one };,One.
crypto/pcurves/secp256k1/scalar.zig,86,4,fromBytes,fn,false,false,"pub fn fromBytes(s: CompressedScalar, endian: std.builtin.Endian) NonCanonicalError!Scalar {",Unpack a serialized representation of a scalar.
crypto/pcurves/secp256k1/scalar.zig,91,4,fromBytes48,fn,false,false,"pub fn fromBytes48(s: [48]u8, endian: std.builtin.Endian) Scalar {",Reduce a 384 bit input to the field size.
crypto/pcurves/secp256k1/scalar.zig,97,4,fromBytes64,fn,false,false,"pub fn fromBytes64(s: [64]u8, endian: std.builtin.Endian) Scalar {",Reduce a 512 bit input to the field size.
crypto/pcurves/secp256k1/scalar.zig,103,4,toBytes,fn,false,false,"pub fn toBytes(n: Scalar, endian: std.builtin.Endian) CompressedScalar {",Pack a scalar into bytes.
crypto/pcurves/secp256k1/scalar.zig,108,4,isZero,fn,false,false,pub fn isZero(n: Scalar) bool {,Return true if the scalar is zero..
crypto/pcurves/secp256k1/scalar.zig,113,4,isOdd,fn,false,false,pub fn isOdd(n: Scalar) bool {,Return true if the scalar is odd.
crypto/pcurves/secp256k1/scalar.zig,118,4,equivalent,fn,false,false,"pub fn equivalent(a: Scalar, b: Scalar) bool {",Return true if a and b are equivalent.
crypto/pcurves/secp256k1/scalar.zig,123,4,add,fn,false,false,"pub fn add(x: Scalar, y: Scalar) Scalar {",Compute x+y (mod L)
crypto/pcurves/secp256k1/scalar.zig,128,4,sub,fn,false,false,"pub fn sub(x: Scalar, y: Scalar) Scalar {",Compute x-y (mod L)
crypto/pcurves/secp256k1/scalar.zig,133,4,dbl,fn,false,false,pub fn dbl(n: Scalar) Scalar {,Compute 2n (mod L)
crypto/pcurves/secp256k1/scalar.zig,138,4,mul,fn,false,false,"pub fn mul(x: Scalar, y: Scalar) Scalar {",Compute x*y (mod L)
crypto/pcurves/secp256k1/scalar.zig,143,4,sq,fn,false,false,pub fn sq(n: Scalar) Scalar {,Compute x^2 (mod L)
crypto/pcurves/secp256k1/scalar.zig,148,4,pow,fn,false,false,"pub fn pow(a: Scalar, comptime T: type, comptime n: T) Scalar {",Compute x^n (mod L)
crypto/pcurves/secp256k1/scalar.zig,153,4,neg,fn,false,false,pub fn neg(n: Scalar) Scalar {,Compute -x (mod L)
crypto/pcurves/secp256k1/scalar.zig,158,4,invert,fn,false,false,pub fn invert(n: Scalar) Scalar {,Compute x^-1 (mod L)
crypto/pcurves/secp256k1/scalar.zig,163,4,isSquare,fn,false,false,pub fn isSquare(n: Scalar) bool {,Return true if n is a quadratic residue mod L.
crypto/pcurves/secp256k1/scalar.zig,168,4,sqrt,fn,false,false,pub fn sqrt(n: Scalar) NotSquareError!Scalar {,"Return the square root of L, or NotSquare if there isn't any solutions."
crypto/pcurves/secp256k1/scalar.zig,173,4,random,fn,false,false,pub fn random(io: std.Io) Scalar {,Return a random scalar < L.
crypto/pcurves/secp256k1/secp256k1_64.zig,25,0,MontgomeryDomainFieldElement,const,false,false,pub const MontgomeryDomainFieldElement = [4]u64;,
crypto/pcurves/secp256k1/secp256k1_64.zig,29,0,NonMontgomeryDomainFieldElement,const,false,false,pub const NonMontgomeryDomainFieldElement = [4]u64;,
crypto/pcurves/secp256k1/secp256k1_64.zig,116,0,mul,fn,false,false,"pub fn mul(out1: *MontgomeryDomainFieldElement, arg1: MontgomeryDomainFieldElement, arg2: MontgomeryDomainFieldElement) void {",The function mul multiplies two field elements in the Montgomery domain. |  | Preconditions: | 0 ≤ eval arg1 < m | 0 ≤ eval arg2 < m | Postconditions: | eval (from_montgomery out1) mod m = (eval (from_montgomery arg1) * eval (from_montgomery arg2)) mod m | 0 ≤ eval out1 < m | 
crypto/pcurves/secp256k1/secp256k1_64.zig,456,0,square,fn,false,false,"pub fn square(out1: *MontgomeryDomainFieldElement, arg1: MontgomeryDomainFieldElement) void {",The function square squares a field element in the Montgomery domain. |  | Preconditions: | 0 ≤ eval arg1 < m | Postconditions: | eval (from_montgomery out1) mod m = (eval (from_montgomery arg1) * eval (from_montgomery arg1)) mod m | 0 ≤ eval out1 < m | 
crypto/pcurves/secp256k1/secp256k1_64.zig,797,0,add,fn,false,false,"pub fn add(out1: *MontgomeryDomainFieldElement, arg1: MontgomeryDomainFieldElement, arg2: MontgomeryDomainFieldElement) void {",The function add adds two field elements in the Montgomery domain. |  | Preconditions: | 0 ≤ eval arg1 < m | 0 ≤ eval arg2 < m | Postconditions: | eval (from_montgomery out1) mod m = (eval (from_montgomery arg1) + eval (from_montgomery arg2)) mod m | 0 ≤ eval out1 < m | 
crypto/pcurves/secp256k1/secp256k1_64.zig,850,0,sub,fn,false,false,"pub fn sub(out1: *MontgomeryDomainFieldElement, arg1: MontgomeryDomainFieldElement, arg2: MontgomeryDomainFieldElement) void {",The function sub subtracts two field elements in the Montgomery domain. |  | Preconditions: | 0 ≤ eval arg1 < m | 0 ≤ eval arg2 < m | Postconditions: | eval (from_montgomery out1) mod m = (eval (from_montgomery arg1) - eval (from_montgomery arg2)) mod m | 0 ≤ eval out1 < m | 
crypto/pcurves/secp256k1/secp256k1_64.zig,893,0,opp,fn,false,false,"pub fn opp(out1: *MontgomeryDomainFieldElement, arg1: MontgomeryDomainFieldElement) void {",The function opp negates a field element in the Montgomery domain. |  | Preconditions: | 0 ≤ eval arg1 < m | Postconditions: | eval (from_montgomery out1) mod m = -eval (from_montgomery arg1) mod m | 0 ≤ eval out1 < m | 
crypto/pcurves/secp256k1/secp256k1_64.zig,936,0,fromMontgomery,fn,false,false,"pub fn fromMontgomery(out1: *NonMontgomeryDomainFieldElement, arg1: MontgomeryDomainFieldElement) void {",The function fromMontgomery translates a field element out of the Montgomery domain. |  | Preconditions: | 0 ≤ eval arg1 < m | Postconditions: | eval out1 mod m = (eval arg1 * ((2^64)⁻¹ mod m)^4) mod m | 0 ≤ eval out1 < m | 
crypto/pcurves/secp256k1/secp256k1_64.zig,1169,0,toMontgomery,fn,false,false,"pub fn toMontgomery(out1: *MontgomeryDomainFieldElement, arg1: NonMontgomeryDomainFieldElement) void {",The function toMontgomery translates a field element into the Montgomery domain. |  | Preconditions: | 0 ≤ eval arg1 < m | Postconditions: | eval (from_montgomery out1) mod m = eval arg1 mod m | 0 ≤ eval out1 < m | 
crypto/pcurves/secp256k1/secp256k1_64.zig,1432,0,nonzero,fn,false,false,"pub fn nonzero(out1: *u64, arg1: [4]u64) void {","The function nonzero outputs a single non-zero word if the input is non-zero and zero otherwise. |  | Preconditions: | 0 ≤ eval arg1 < m | Postconditions: | out1 = 0 ↔ eval (from_montgomery arg1) mod m = 0 |  | Input Bounds: | arg1: [[0x0 ~> 0xffffffffffffffff], [0x0 ~> 0xffffffffffffffff], [0x0 ~> 0xffffffffffffffff], [0x0 ~> 0xffffffffffffffff]] | Output Bounds: | out1: [0x0 ~> 0xffffffffffffffff]"
crypto/pcurves/secp256k1/secp256k1_64.zig,1450,0,selectznz,fn,false,false,"pub fn selectznz(out1: *[4]u64, arg1: u1, arg2: [4]u64, arg3: [4]u64) void {","The function selectznz is a multi-limb conditional select. |  | Postconditions: | out1 = (if arg1 = 0 then arg2 else arg3) |  | Input Bounds: | arg1: [0x0 ~> 0x1] | arg2: [[0x0 ~> 0xffffffffffffffff], [0x0 ~> 0xffffffffffffffff], [0x0 ~> 0xffffffffffffffff], [0x0 ~> 0xffffffffffffffff]] | arg3: [[0x0 ~> 0xffffffffffffffff], [0x0 ~> 0xffffffffffffffff], [0x0 ~> 0xffffffffffffffff], [0x0 ~> 0xffffffffffffffff]] | Output Bounds: | out1: [[0x0 ~> 0xffffffffffffffff], [0x0 ~> 0xffffffffffffffff], [0x0 ~> 0xffffffffffffffff], [0x0 ~> 0xffffffffffffffff]]"
crypto/pcurves/secp256k1/secp256k1_64.zig,1478,0,toBytes,fn,false,false,"pub fn toBytes(out1: *[32]u8, arg1: [4]u64) void {","The function toBytes serializes a field element NOT in the Montgomery domain to bytes in little-endian order. |  | Preconditions: | 0 ≤ eval arg1 < m | Postconditions: | out1 = map (λ x, ⌊((eval arg1 mod m) mod 2^(8 * (x + 1))) / 2^(8 * x)⌋) [0..31] |  | Input Bounds: | arg1: [[0x0 ~> 0xffffffffffffffff], [0x0 ~> 0xffffffffffffffff], [0x0 ~> 0xffffffffffffffff], [0x0 ~> 0xffffffffffffffff]] | Output Bounds: | out1: [[0x0 ~> 0xff], [0x0 ~> 0xff], [0x0 ~> 0xff], [0x0 ~> 0xff], [0x0 ~> 0xff], [0x0 ~> 0xff], [0x0 ~> 0xff], [0x0 ~> 0xff], [0x0 ~> 0xff], [0x0 ~> 0xff], [0x0 ~> 0xff], [0x0 ~> 0xff], [0x0 ~> 0xff], [0x0 ~> 0xff], [0x0 ~> 0xff], [0x0 ~> 0xff], [0x0 ~> 0xff], [0x0 ~> 0xff], [0x0 ~> 0xff], [0x0 ~> 0xff], [0x0 ~> 0xff], [0x0 ~> 0xff], [0x0 ~> 0xff], [0x0 ~> 0xff], [0x0 ~> 0xff], [0x0 ~> 0xff], [0x0 ~> 0xff], [0x0 ~> 0xff], [0x0 ~> 0xff], [0x0 ~> 0xff], [0x0 ~> 0xff], [0x0 ~> 0xff]]"
crypto/pcurves/secp256k1/secp256k1_64.zig,1587,0,fromBytes,fn,false,false,"pub fn fromBytes(out1: *[4]u64, arg1: [32]u8) void {","The function fromBytes deserializes a field element NOT in the Montgomery domain from bytes in little-endian order. |  | Preconditions: | 0 ≤ bytes_eval arg1 < m | Postconditions: | eval out1 mod m = bytes_eval arg1 mod m | 0 ≤ eval out1 < m |  | Input Bounds: | arg1: [[0x0 ~> 0xff], [0x0 ~> 0xff], [0x0 ~> 0xff], [0x0 ~> 0xff], [0x0 ~> 0xff], [0x0 ~> 0xff], [0x0 ~> 0xff], [0x0 ~> 0xff], [0x0 ~> 0xff], [0x0 ~> 0xff], [0x0 ~> 0xff], [0x0 ~> 0xff], [0x0 ~> 0xff], [0x0 ~> 0xff], [0x0 ~> 0xff], [0x0 ~> 0xff], [0x0 ~> 0xff], [0x0 ~> 0xff], [0x0 ~> 0xff], [0x0 ~> 0xff], [0x0 ~> 0xff], [0x0 ~> 0xff], [0x0 ~> 0xff], [0x0 ~> 0xff], [0x0 ~> 0xff], [0x0 ~> 0xff], [0x0 ~> 0xff], [0x0 ~> 0xff], [0x0 ~> 0xff], [0x0 ~> 0xff], [0x0 ~> 0xff], [0x0 ~> 0xff]] | Output Bounds: | out1: [[0x0 ~> 0xffffffffffffffff], [0x0 ~> 0xffffffffffffffff], [0x0 ~> 0xffffffffffffffff], [0x0 ~> 0xffffffffffffffff]]"
crypto/pcurves/secp256k1/secp256k1_64.zig,1662,0,setOne,fn,false,false,pub fn setOne(out1: *MontgomeryDomainFieldElement) void {,The function setOne returns the field element one in the Montgomery domain. |  | Postconditions: | eval (from_montgomery out1) mod m = 1 mod m | 0 ≤ eval out1 < m | 
crypto/pcurves/secp256k1/secp256k1_64.zig,1679,0,msat,fn,false,false,pub fn msat(out1: *[5]u64) void {,"The function msat returns the saturated representation of the prime modulus. |  | Postconditions: | twos_complement_eval out1 = m | 0 ≤ eval out1 < m |  | Output Bounds: | out1: [[0x0 ~> 0xffffffffffffffff], [0x0 ~> 0xffffffffffffffff], [0x0 ~> 0xffffffffffffffff], [0x0 ~> 0xffffffffffffffff], [0x0 ~> 0xffffffffffffffff]]"
crypto/pcurves/secp256k1/secp256k1_64.zig,1717,0,divstep,fn,false,false,"pub fn divstep(out1: *u64, out2: *[5]u64, out3: *[5]u64, out4: *[4]u64, out5: *[4]u64, arg1: u64, arg2: [5]u64, arg3: [5]u64, arg4: [4]u64, arg5: [4]u64) void {","The function divstep computes a divstep. |  | Preconditions: | 0 ≤ eval arg4 < m | 0 ≤ eval arg5 < m | Postconditions: | out1 = (if 0 < arg1 ∧ (twos_complement_eval arg3) is odd then 1 - arg1 else 1 + arg1) | twos_complement_eval out2 = (if 0 < arg1 ∧ (twos_complement_eval arg3) is odd then twos_complement_eval arg3 else twos_complement_eval arg2) | twos_complement_eval out3 = (if 0 < arg1 ∧ (twos_complement_eval arg3) is odd then ⌊(twos_complement_eval arg3 - twos_complement_eval arg2) / 2⌋ else ⌊(twos_complement_eval arg3 + (twos_complement_eval arg3 mod 2) * twos_complement_eval arg2) / 2⌋) | eval (from_montgomery out4) mod m = (if 0 < arg1 ∧ (twos_complement_eval arg3) is odd then (2 * eval (from_montgomery arg5)) mod m else (2 * eval (from_montgomery arg4)) mod m) | eval (from_montgomery out5) mod m = (if 0 < arg1 ∧ (twos_complement_eval arg3) is odd then (eval (from_montgomery arg4) - eval (from_montgomery arg4)) mod m else (eval (from_montgomery arg5) + (twos_complement_eval arg3 mod 2) * eval (from_montgomery arg4)) mod m) | 0 ≤ eval out5 < m | 0 ≤ eval out5 < m | 0 ≤ eval out2 < m | 0 ≤ eval out3 < m |  | Input Bounds: | arg1: [0x0 ~> 0xffffffffffffffff] | arg2: [[0x0 ~> 0xffffffffffffffff], [0x0 ~> 0xffffffffffffffff], [0x0 ~> 0xffffffffffffffff], [0x0 ~> 0xffffffffffffffff], [0x0 ~> 0xffffffffffffffff]] | arg3: [[0x0 ~> 0xffffffffffffffff], [0x0 ~> 0xffffffffffffffff], [0x0 ~> 0xffffffffffffffff], [0x0 ~> 0xffffffffffffffff], [0x0 ~> 0xffffffffffffffff]] | arg4: [[0x0 ~> 0xffffffffffffffff], [0x0 ~> 0xffffffffffffffff], [0x0 ~> 0xffffffffffffffff], [0x0 ~> 0xffffffffffffffff]] | arg5: [[0x0 ~> 0xffffffffffffffff], [0x0 ~> 0xffffffffffffffff], [0x0 ~> 0xffffffffffffffff], [0x0 ~> 0xffffffffffffffff]] | Output Bounds: | out1: [0x0 ~> 0xffffffffffffffff] | out2: [[0x0 ~> 0xffffffffffffffff], [0x0 ~> 0xffffffffffffffff], [0x0 ~> 0xffffffffffffffff], [0x0 ~> 0xffffffffffffffff], [0x0 ~> 0xffffffffffffffff]] | out3: [[0x0 ~> 0xffffffffffffffff], [0x0 ~> 0xffffffffffffffff], [0x0 ~> 0xffffffffffffffff], [0x0 ~> 0xffffffffffffffff], [0x0 ~> 0xffffffffffffffff]] | out4: [[0x0 ~> 0xffffffffffffffff], [0x0 ~> 0xffffffffffffffff], [0x0 ~> 0xffffffffffffffff], [0x0 ~> 0xffffffffffffffff]] | out5: [[0x0 ~> 0xffffffffffffffff], [0x0 ~> 0xffffffffffffffff], [0x0 ~> 0xffffffffffffffff], [0x0 ~> 0xffffffffffffffff]]"
crypto/pcurves/secp256k1/secp256k1_64.zig,1951,0,divstepPrecomp,fn,false,false,pub fn divstepPrecomp(out1: *[4]u64) void {,"The function divstepPrecomp returns the precomputed value for Bernstein-Yang-inversion (in montgomery form). |  | Postconditions: | eval (from_montgomery out1) = ⌊(m - 1) / 2⌋^(if ⌊log2 m⌋ + 1 < 46 then ⌊(49 * (⌊log2 m⌋ + 1) + 80) / 17⌋ else ⌊(49 * (⌊log2 m⌋ + 1) + 57) / 17⌋) | 0 ≤ eval out1 < m |  | Output Bounds: | out1: [[0x0 ~> 0xffffffffffffffff], [0x0 ~> 0xffffffffffffffff], [0x0 ~> 0xffffffffffffffff], [0x0 ~> 0xffffffffffffffff]]"
crypto/pcurves/secp256k1/secp256k1_scalar_64.zig,25,0,MontgomeryDomainFieldElement,const,false,false,pub const MontgomeryDomainFieldElement = [4]u64;,
crypto/pcurves/secp256k1/secp256k1_scalar_64.zig,29,0,NonMontgomeryDomainFieldElement,const,false,false,pub const NonMontgomeryDomainFieldElement = [4]u64;,
crypto/pcurves/secp256k1/secp256k1_scalar_64.zig,116,0,mul,fn,false,false,"pub fn mul(out1: *MontgomeryDomainFieldElement, arg1: MontgomeryDomainFieldElement, arg2: MontgomeryDomainFieldElement) void {",The function mul multiplies two field elements in the Montgomery domain. |  | Preconditions: | 0 ≤ eval arg1 < m | 0 ≤ eval arg2 < m | Postconditions: | eval (from_montgomery out1) mod m = (eval (from_montgomery arg1) * eval (from_montgomery arg2)) mod m | 0 ≤ eval out1 < m | 
crypto/pcurves/secp256k1/secp256k1_scalar_64.zig,456,0,square,fn,false,false,"pub fn square(out1: *MontgomeryDomainFieldElement, arg1: MontgomeryDomainFieldElement) void {",The function square squares a field element in the Montgomery domain. |  | Preconditions: | 0 ≤ eval arg1 < m | Postconditions: | eval (from_montgomery out1) mod m = (eval (from_montgomery arg1) * eval (from_montgomery arg1)) mod m | 0 ≤ eval out1 < m | 
crypto/pcurves/secp256k1/secp256k1_scalar_64.zig,797,0,add,fn,false,false,"pub fn add(out1: *MontgomeryDomainFieldElement, arg1: MontgomeryDomainFieldElement, arg2: MontgomeryDomainFieldElement) void {",The function add adds two field elements in the Montgomery domain. |  | Preconditions: | 0 ≤ eval arg1 < m | 0 ≤ eval arg2 < m | Postconditions: | eval (from_montgomery out1) mod m = (eval (from_montgomery arg1) + eval (from_montgomery arg2)) mod m | 0 ≤ eval out1 < m | 
crypto/pcurves/secp256k1/secp256k1_scalar_64.zig,850,0,sub,fn,false,false,"pub fn sub(out1: *MontgomeryDomainFieldElement, arg1: MontgomeryDomainFieldElement, arg2: MontgomeryDomainFieldElement) void {",The function sub subtracts two field elements in the Montgomery domain. |  | Preconditions: | 0 ≤ eval arg1 < m | 0 ≤ eval arg2 < m | Postconditions: | eval (from_montgomery out1) mod m = (eval (from_montgomery arg1) - eval (from_montgomery arg2)) mod m | 0 ≤ eval out1 < m | 
crypto/pcurves/secp256k1/secp256k1_scalar_64.zig,893,0,opp,fn,false,false,"pub fn opp(out1: *MontgomeryDomainFieldElement, arg1: MontgomeryDomainFieldElement) void {",The function opp negates a field element in the Montgomery domain. |  | Preconditions: | 0 ≤ eval arg1 < m | Postconditions: | eval (from_montgomery out1) mod m = -eval (from_montgomery arg1) mod m | 0 ≤ eval out1 < m | 
crypto/pcurves/secp256k1/secp256k1_scalar_64.zig,936,0,fromMontgomery,fn,false,false,"pub fn fromMontgomery(out1: *NonMontgomeryDomainFieldElement, arg1: MontgomeryDomainFieldElement) void {",The function fromMontgomery translates a field element out of the Montgomery domain. |  | Preconditions: | 0 ≤ eval arg1 < m | Postconditions: | eval out1 mod m = (eval arg1 * ((2^64)⁻¹ mod m)^4) mod m | 0 ≤ eval out1 < m | 
crypto/pcurves/secp256k1/secp256k1_scalar_64.zig,1169,0,toMontgomery,fn,false,false,"pub fn toMontgomery(out1: *MontgomeryDomainFieldElement, arg1: NonMontgomeryDomainFieldElement) void {",The function toMontgomery translates a field element into the Montgomery domain. |  | Preconditions: | 0 ≤ eval arg1 < m | Postconditions: | eval (from_montgomery out1) mod m = eval arg1 mod m | 0 ≤ eval out1 < m | 
crypto/pcurves/secp256k1/secp256k1_scalar_64.zig,1492,0,nonzero,fn,false,false,"pub fn nonzero(out1: *u64, arg1: [4]u64) void {","The function nonzero outputs a single non-zero word if the input is non-zero and zero otherwise. |  | Preconditions: | 0 ≤ eval arg1 < m | Postconditions: | out1 = 0 ↔ eval (from_montgomery arg1) mod m = 0 |  | Input Bounds: | arg1: [[0x0 ~> 0xffffffffffffffff], [0x0 ~> 0xffffffffffffffff], [0x0 ~> 0xffffffffffffffff], [0x0 ~> 0xffffffffffffffff]] | Output Bounds: | out1: [0x0 ~> 0xffffffffffffffff]"
crypto/pcurves/secp256k1/secp256k1_scalar_64.zig,1510,0,selectznz,fn,false,false,"pub fn selectznz(out1: *[4]u64, arg1: u1, arg2: [4]u64, arg3: [4]u64) void {","The function selectznz is a multi-limb conditional select. |  | Postconditions: | out1 = (if arg1 = 0 then arg2 else arg3) |  | Input Bounds: | arg1: [0x0 ~> 0x1] | arg2: [[0x0 ~> 0xffffffffffffffff], [0x0 ~> 0xffffffffffffffff], [0x0 ~> 0xffffffffffffffff], [0x0 ~> 0xffffffffffffffff]] | arg3: [[0x0 ~> 0xffffffffffffffff], [0x0 ~> 0xffffffffffffffff], [0x0 ~> 0xffffffffffffffff], [0x0 ~> 0xffffffffffffffff]] | Output Bounds: | out1: [[0x0 ~> 0xffffffffffffffff], [0x0 ~> 0xffffffffffffffff], [0x0 ~> 0xffffffffffffffff], [0x0 ~> 0xffffffffffffffff]]"
crypto/pcurves/secp256k1/secp256k1_scalar_64.zig,1538,0,toBytes,fn,false,false,"pub fn toBytes(out1: *[32]u8, arg1: [4]u64) void {","The function toBytes serializes a field element NOT in the Montgomery domain to bytes in little-endian order. |  | Preconditions: | 0 ≤ eval arg1 < m | Postconditions: | out1 = map (λ x, ⌊((eval arg1 mod m) mod 2^(8 * (x + 1))) / 2^(8 * x)⌋) [0..31] |  | Input Bounds: | arg1: [[0x0 ~> 0xffffffffffffffff], [0x0 ~> 0xffffffffffffffff], [0x0 ~> 0xffffffffffffffff], [0x0 ~> 0xffffffffffffffff]] | Output Bounds: | out1: [[0x0 ~> 0xff], [0x0 ~> 0xff], [0x0 ~> 0xff], [0x0 ~> 0xff], [0x0 ~> 0xff], [0x0 ~> 0xff], [0x0 ~> 0xff], [0x0 ~> 0xff], [0x0 ~> 0xff], [0x0 ~> 0xff], [0x0 ~> 0xff], [0x0 ~> 0xff], [0x0 ~> 0xff], [0x0 ~> 0xff], [0x0 ~> 0xff], [0x0 ~> 0xff], [0x0 ~> 0xff], [0x0 ~> 0xff], [0x0 ~> 0xff], [0x0 ~> 0xff], [0x0 ~> 0xff], [0x0 ~> 0xff], [0x0 ~> 0xff], [0x0 ~> 0xff], [0x0 ~> 0xff], [0x0 ~> 0xff], [0x0 ~> 0xff], [0x0 ~> 0xff], [0x0 ~> 0xff], [0x0 ~> 0xff], [0x0 ~> 0xff], [0x0 ~> 0xff]]"
crypto/pcurves/secp256k1/secp256k1_scalar_64.zig,1647,0,fromBytes,fn,false,false,"pub fn fromBytes(out1: *[4]u64, arg1: [32]u8) void {","The function fromBytes deserializes a field element NOT in the Montgomery domain from bytes in little-endian order. |  | Preconditions: | 0 ≤ bytes_eval arg1 < m | Postconditions: | eval out1 mod m = bytes_eval arg1 mod m | 0 ≤ eval out1 < m |  | Input Bounds: | arg1: [[0x0 ~> 0xff], [0x0 ~> 0xff], [0x0 ~> 0xff], [0x0 ~> 0xff], [0x0 ~> 0xff], [0x0 ~> 0xff], [0x0 ~> 0xff], [0x0 ~> 0xff], [0x0 ~> 0xff], [0x0 ~> 0xff], [0x0 ~> 0xff], [0x0 ~> 0xff], [0x0 ~> 0xff], [0x0 ~> 0xff], [0x0 ~> 0xff], [0x0 ~> 0xff], [0x0 ~> 0xff], [0x0 ~> 0xff], [0x0 ~> 0xff], [0x0 ~> 0xff], [0x0 ~> 0xff], [0x0 ~> 0xff], [0x0 ~> 0xff], [0x0 ~> 0xff], [0x0 ~> 0xff], [0x0 ~> 0xff], [0x0 ~> 0xff], [0x0 ~> 0xff], [0x0 ~> 0xff], [0x0 ~> 0xff], [0x0 ~> 0xff], [0x0 ~> 0xff]] | Output Bounds: | out1: [[0x0 ~> 0xffffffffffffffff], [0x0 ~> 0xffffffffffffffff], [0x0 ~> 0xffffffffffffffff], [0x0 ~> 0xffffffffffffffff]]"
crypto/pcurves/secp256k1/secp256k1_scalar_64.zig,1722,0,setOne,fn,false,false,pub fn setOne(out1: *MontgomeryDomainFieldElement) void {,The function setOne returns the field element one in the Montgomery domain. |  | Postconditions: | eval (from_montgomery out1) mod m = 1 mod m | 0 ≤ eval out1 < m | 
crypto/pcurves/secp256k1/secp256k1_scalar_64.zig,1739,0,msat,fn,false,false,pub fn msat(out1: *[5]u64) void {,"The function msat returns the saturated representation of the prime modulus. |  | Postconditions: | twos_complement_eval out1 = m | 0 ≤ eval out1 < m |  | Output Bounds: | out1: [[0x0 ~> 0xffffffffffffffff], [0x0 ~> 0xffffffffffffffff], [0x0 ~> 0xffffffffffffffff], [0x0 ~> 0xffffffffffffffff], [0x0 ~> 0xffffffffffffffff]]"
crypto/pcurves/secp256k1/secp256k1_scalar_64.zig,1777,0,divstep,fn,false,false,"pub fn divstep(out1: *u64, out2: *[5]u64, out3: *[5]u64, out4: *[4]u64, out5: *[4]u64, arg1: u64, arg2: [5]u64, arg3: [5]u64, arg4: [4]u64, arg5: [4]u64) void {","The function divstep computes a divstep. |  | Preconditions: | 0 ≤ eval arg4 < m | 0 ≤ eval arg5 < m | Postconditions: | out1 = (if 0 < arg1 ∧ (twos_complement_eval arg3) is odd then 1 - arg1 else 1 + arg1) | twos_complement_eval out2 = (if 0 < arg1 ∧ (twos_complement_eval arg3) is odd then twos_complement_eval arg3 else twos_complement_eval arg2) | twos_complement_eval out3 = (if 0 < arg1 ∧ (twos_complement_eval arg3) is odd then ⌊(twos_complement_eval arg3 - twos_complement_eval arg2) / 2⌋ else ⌊(twos_complement_eval arg3 + (twos_complement_eval arg3 mod 2) * twos_complement_eval arg2) / 2⌋) | eval (from_montgomery out4) mod m = (if 0 < arg1 ∧ (twos_complement_eval arg3) is odd then (2 * eval (from_montgomery arg5)) mod m else (2 * eval (from_montgomery arg4)) mod m) | eval (from_montgomery out5) mod m = (if 0 < arg1 ∧ (twos_complement_eval arg3) is odd then (eval (from_montgomery arg4) - eval (from_montgomery arg4)) mod m else (eval (from_montgomery arg5) + (twos_complement_eval arg3 mod 2) * eval (from_montgomery arg4)) mod m) | 0 ≤ eval out5 < m | 0 ≤ eval out5 < m | 0 ≤ eval out2 < m | 0 ≤ eval out3 < m |  | Input Bounds: | arg1: [0x0 ~> 0xffffffffffffffff] | arg2: [[0x0 ~> 0xffffffffffffffff], [0x0 ~> 0xffffffffffffffff], [0x0 ~> 0xffffffffffffffff], [0x0 ~> 0xffffffffffffffff], [0x0 ~> 0xffffffffffffffff]] | arg3: [[0x0 ~> 0xffffffffffffffff], [0x0 ~> 0xffffffffffffffff], [0x0 ~> 0xffffffffffffffff], [0x0 ~> 0xffffffffffffffff], [0x0 ~> 0xffffffffffffffff]] | arg4: [[0x0 ~> 0xffffffffffffffff], [0x0 ~> 0xffffffffffffffff], [0x0 ~> 0xffffffffffffffff], [0x0 ~> 0xffffffffffffffff]] | arg5: [[0x0 ~> 0xffffffffffffffff], [0x0 ~> 0xffffffffffffffff], [0x0 ~> 0xffffffffffffffff], [0x0 ~> 0xffffffffffffffff]] | Output Bounds: | out1: [0x0 ~> 0xffffffffffffffff] | out2: [[0x0 ~> 0xffffffffffffffff], [0x0 ~> 0xffffffffffffffff], [0x0 ~> 0xffffffffffffffff], [0x0 ~> 0xffffffffffffffff], [0x0 ~> 0xffffffffffffffff]] | out3: [[0x0 ~> 0xffffffffffffffff], [0x0 ~> 0xffffffffffffffff], [0x0 ~> 0xffffffffffffffff], [0x0 ~> 0xffffffffffffffff], [0x0 ~> 0xffffffffffffffff]] | out4: [[0x0 ~> 0xffffffffffffffff], [0x0 ~> 0xffffffffffffffff], [0x0 ~> 0xffffffffffffffff], [0x0 ~> 0xffffffffffffffff]] | out5: [[0x0 ~> 0xffffffffffffffff], [0x0 ~> 0xffffffffffffffff], [0x0 ~> 0xffffffffffffffff], [0x0 ~> 0xffffffffffffffff]]"
crypto/pcurves/secp256k1/secp256k1_scalar_64.zig,2011,0,divstepPrecomp,fn,false,false,pub fn divstepPrecomp(out1: *[4]u64) void {,"The function divstepPrecomp returns the precomputed value for Bernstein-Yang-inversion (in montgomery form). |  | Postconditions: | eval (from_montgomery out1) = ⌊(m - 1) / 2⌋^(if ⌊log2 m⌋ + 1 < 46 then ⌊(49 * (⌊log2 m⌋ + 1) + 80) / 17⌋ else ⌊(49 * (⌊log2 m⌋ + 1) + 57) / 17⌋) | 0 ≤ eval out1 < m |  | Output Bounds: | out1: [[0x0 ~> 0xffffffffffffffff], [0x0 ~> 0xffffffffffffffff], [0x0 ~> 0xffffffffffffffff], [0x0 ~> 0xffffffffffffffff]]"
crypto/phc_encoding.zig,17,0,Error,const,false,false,pub const Error = std.crypto.errors.EncodingError || error{NoSpaceLeft};,
crypto/phc_encoding.zig,28,0,BinValue,fn,false,false,pub fn BinValue(comptime max_len: usize) type {,"A wrapped binary value whose maximum size is `max_len`. |  | This type must be used whenever a binary value is encoded in a PHC-formatted string. | This includes `salt`, `hash`, and any other binary parameters such as keys. |  | Once initialized, the actual value can be read with the `constSlice()` function."
crypto/phc_encoding.zig,38,8,fromSlice,fn,false,false,pub fn fromSlice(slice: []const u8) Error!Self {,Wrap an existing byte slice
crypto/phc_encoding.zig,47,8,constSlice,fn,false,false,pub fn constSlice(self: *const Self) []const u8 {,Return the slice containing the actual value.
crypto/phc_encoding.zig,77,0,deserialize,fn,false,false,"pub fn deserialize(comptime HashResult: type, str: []const u8) Error!HashResult {","Deserialize a PHC-formatted string into a structure `HashResult`. |  | Required field in the `HashResult` structure: | - `alg_id`: algorithm identifier | Optional, special fields: | - `alg_version`: algorithm version (unsigned integer) | - `salt`: salt | - `hash`: output of the hash function |  | Other fields will also be deserialized from the function parameters section."
crypto/phc_encoding.zig,190,0,serialize,fn,false,false,"pub fn serialize(params: anytype, str: []u8) Error![]const u8 {","Serialize parameters into a PHC string. |  | Required field for `params`: | - `alg_id`: algorithm identifier | Optional, special fields: | - `alg_version`: algorithm version (unsigned integer) | - `salt`: salt | - `hash`: output of the hash function |  | `params` can also include any additional parameters."
crypto/phc_encoding.zig,197,0,calcSize,fn,false,false,pub fn calcSize(params: anytype) usize {,Compute the number of bytes required to serialize `params`
crypto/poly1305.zig,5,0,Poly1305,const,false,false,pub const Poly1305 = struct {,
crypto/poly1305.zig,6,4,block_length,const,false,false,pub const block_length: usize = 16;,
crypto/poly1305.zig,7,4,mac_length,const,false,false,pub const mac_length = 16;,
crypto/poly1305.zig,8,4,key_length,const,false,false,pub const key_length = 32;,
crypto/poly1305.zig,21,4,init,fn,false,false,pub fn init(key: *const [key_length]u8) Poly1305 {,
crypto/poly1305.zig,109,4,update,fn,false,false,"pub fn update(st: *Poly1305, m: []const u8) void {",
crypto/poly1305.zig,145,4,pad,fn,false,false,pub fn pad(st: *Poly1305) void {,Zero-pad to align the next input to the first byte of a block
crypto/poly1305.zig,154,4,final,fn,false,false,"pub fn final(st: *Poly1305, out: *[mac_length]u8) void {",
crypto/poly1305.zig,190,4,create,fn,false,false,"pub fn create(out: *[mac_length]u8, msg: []const u8, key: *const [key_length]u8) void {",
crypto/salsa20.zig,17,0,Salsa20,const,false,false,pub const Salsa20 = Salsa(20);,The Salsa cipher with 20 rounds.
crypto/salsa20.zig,20,0,XSalsa20,const,false,false,pub const XSalsa20 = XSalsa(20);,The XSalsa cipher with 20 rounds.
crypto/salsa20.zig,326,0,Salsa,fn,false,false,pub fn Salsa(comptime rounds: comptime_int) type {,The Salsa stream cipher.
crypto/salsa20.zig,329,8,nonce_length,const,false,false,pub const nonce_length = 8;,Nonce length in bytes.
crypto/salsa20.zig,331,8,key_length,const,false,false,pub const key_length = 32;,Key length in bytes.
crypto/salsa20.zig,336,8,xor,fn,false,false,"pub fn xor(out: []u8, in: []const u8, counter: u64, key: [key_length]u8, nonce: [nonce_length]u8) void {",Add the output of the Salsa stream cipher to `in` and stores the result into `out`. | WARNING: This function doesn't provide authenticated encryption. | Using the AEAD or one of the `box` versions is usually preferred.
crypto/salsa20.zig,350,0,XSalsa,fn,false,false,pub fn XSalsa(comptime rounds: comptime_int) type {,The XSalsa stream cipher.
crypto/salsa20.zig,353,8,nonce_length,const,false,false,pub const nonce_length = 24;,Nonce length in bytes.
crypto/salsa20.zig,355,8,key_length,const,false,false,pub const key_length = 32;,Key length in bytes.
crypto/salsa20.zig,360,8,xor,fn,false,false,"pub fn xor(out: []u8, in: []const u8, counter: u64, key: [key_length]u8, nonce: [nonce_length]u8) void {",Add the output of the XSalsa stream cipher to `in` and stores the result into `out`. | WARNING: This function doesn't provide authenticated encryption. | Using the AEAD or one of the `box` versions is usually preferred.
crypto/salsa20.zig,368,0,XSalsa20Poly1305,const,false,false,pub const XSalsa20Poly1305 = struct {,"The XSalsa stream cipher, combined with the Poly1305 MAC"
crypto/salsa20.zig,370,4,tag_length,const,false,false,pub const tag_length = Poly1305.mac_length;,Authentication tag length in bytes.
crypto/salsa20.zig,372,4,nonce_length,const,false,false,pub const nonce_length = XSalsa20.nonce_length;,Nonce length in bytes.
crypto/salsa20.zig,374,4,key_length,const,false,false,pub const key_length = XSalsa20.key_length;,Key length in bytes.
crypto/salsa20.zig,384,4,encrypt,fn,false,false,"pub fn encrypt(c: []u8, tag: *[tag_length]u8, m: []const u8, ad: []const u8, npub: [nonce_length]u8, k: [key_length]u8) void {",c: ciphertext: output buffer should be of size m.len | tag: authentication tag: output MAC | m: message | ad: Associated Data | npub: public nonce | k: private key
crypto/salsa20.zig,408,4,decrypt,fn,false,false,"pub fn decrypt(m: []u8, c: []const u8, tag: [tag_length]u8, ad: []const u8, npub: [nonce_length]u8, k: [key_length]u8) AuthenticationError!void {",`m`: Message | `c`: Ciphertext | `tag`: Authentication tag | `ad`: Associated data | `npub`: Public nonce | `k`: Private key | Asserts `c.len == m.len`. |  | Contents of `m` are undefined if an error is returned.
crypto/salsa20.zig,438,0,SecretBox,const,false,false,pub const SecretBox = struct {,NaCl-compatible secretbox API. |  | A secretbox contains both an encrypted message and an authentication tag to verify that it hasn't been tampered with. | A secret key shared by all the recipients must be already known in order to use this API. |  | Nonces are 192-bit large and can safely be chosen with a random number generator.
crypto/salsa20.zig,440,4,key_length,const,false,false,pub const key_length = XSalsa20Poly1305.key_length;,Key length in bytes.
crypto/salsa20.zig,442,4,nonce_length,const,false,false,pub const nonce_length = XSalsa20Poly1305.nonce_length;,Nonce length in bytes.
crypto/salsa20.zig,444,4,tag_length,const,false,false,pub const tag_length = XSalsa20Poly1305.tag_length;,Authentication tag length in bytes.
crypto/salsa20.zig,448,4,seal,fn,false,false,"pub fn seal(c: []u8, m: []const u8, npub: [nonce_length]u8, k: [key_length]u8) void {","Encrypt and authenticate `m` using a nonce `npub` and a key `k`. | `c` must be exactly `tag_length` longer than `m`, as it will store both the ciphertext and the authentication tag."
crypto/salsa20.zig,455,4,open,fn,false,false,"pub fn open(m: []u8, c: []const u8, npub: [nonce_length]u8, k: [key_length]u8) AuthenticationError!void {","Verify and decrypt `c` using a nonce `npub` and a key `k`. | `m` must be exactly `tag_length` smaller than `c`, as `c` includes an authentication tag in addition to the encrypted message."
crypto/salsa20.zig,472,0,Box,const,false,false,pub const Box = struct {,"NaCl-compatible box API. |  | A secretbox contains both an encrypted message and an authentication tag to verify that it hasn't been tampered with. | This construction uses public-key cryptography. A shared secret doesn't have to be known in advance by both parties. | Instead, a message is encrypted using a sender's secret key and a recipient's public key, | and is decrypted using the recipient's secret key and the sender's public key. |  | Nonces are 192-bit large and can safely be chosen with a random number generator."
crypto/salsa20.zig,474,4,public_length,const,false,false,pub const public_length = X25519.public_length;,Public key length in bytes.
crypto/salsa20.zig,476,4,secret_length,const,false,false,pub const secret_length = X25519.secret_length;,Secret key length in bytes.
crypto/salsa20.zig,478,4,shared_length,const,false,false,pub const shared_length = XSalsa20Poly1305.key_length;,Shared key length in bytes.
crypto/salsa20.zig,480,4,seed_length,const,false,false,pub const seed_length = X25519.seed_length;,Seed (for key pair creation) length in bytes.
crypto/salsa20.zig,482,4,nonce_length,const,false,false,pub const nonce_length = XSalsa20Poly1305.nonce_length;,Nonce length in bytes.
crypto/salsa20.zig,484,4,tag_length,const,false,false,pub const tag_length = XSalsa20Poly1305.tag_length;,Authentication tag length in bytes.
crypto/salsa20.zig,487,4,KeyPair,const,false,false,pub const KeyPair = X25519.KeyPair;,A key pair.
crypto/salsa20.zig,490,4,createSharedSecret,fn,false,false,"pub fn createSharedSecret(public_key: [public_length]u8, secret_key: [secret_length]u8) (IdentityElementError || WeakPublicKeyError)![shared_length]u8 {",Compute a secret suitable for `secretbox` given a recipient's public key and a sender's secret key.
crypto/salsa20.zig,497,4,seal,fn,false,false,"pub fn seal(c: []u8, m: []const u8, npub: [nonce_length]u8, public_key: [public_length]u8, secret_key: [secret_length]u8) (IdentityElementError || WeakPublicKeyError)!void {",Encrypt and authenticate a message using a recipient's public key `public_key` and a sender's `secret_key`.
crypto/salsa20.zig,503,4,open,fn,false,false,"pub fn open(m: []u8, c: []const u8, npub: [nonce_length]u8, public_key: [public_length]u8, secret_key: [secret_length]u8) (IdentityElementError || WeakPublicKeyError || AuthenticationError)!void {",Verify and decrypt a message using a recipient's secret key `public_key` and a sender's `public_key`.
crypto/salsa20.zig,516,0,SealedBox,const,false,false,pub const SealedBox = struct {,"libsodium-compatible sealed boxes |  | Sealed boxes are designed to anonymously send messages to a recipient given their public key. | Only the recipient can decrypt these messages, using their private key. | While the recipient can verify the integrity of the message, it cannot verify the identity of the sender. |  | A message is encrypted using an ephemeral key pair, whose secret part is destroyed right after the encryption process."
crypto/salsa20.zig,517,4,public_length,const,false,false,pub const public_length = Box.public_length;,
crypto/salsa20.zig,518,4,secret_length,const,false,false,pub const secret_length = Box.secret_length;,
crypto/salsa20.zig,519,4,seed_length,const,false,false,pub const seed_length = Box.seed_length;,
crypto/salsa20.zig,520,4,seal_length,const,false,false,pub const seal_length = Box.public_length + Box.tag_length;,
crypto/salsa20.zig,523,4,KeyPair,const,false,false,pub const KeyPair = Box.KeyPair;,A key pair.
crypto/salsa20.zig,536,4,seal,fn,false,false,"pub fn seal(io: std.Io, c: []u8, m: []const u8, public_key: [public_length]u8) (WeakPublicKeyError || IdentityElementError)!void {","Encrypt a message `m` for a recipient whose public key is `public_key`. | `c` must be `seal_length` bytes larger than `m`, so that the required metadata can be added."
crypto/salsa20.zig,547,4,open,fn,false,false,"pub fn open(m: []u8, c: []const u8, keypair: KeyPair) (IdentityElementError || WeakPublicKeyError || AuthenticationError)!void {","Decrypt a message using a key pair. | `m` must be exactly `seal_length` bytes smaller than `c`, as `c` also includes metadata."
crypto/scrypt.zig,23,0,default_salt_len,const,false,false,pub const default_salt_len = 32;,
crypto/scrypt.zig,123,0,Params,const,false,false,pub const Params = struct {,Scrypt parameters
crypto/scrypt.zig,138,4,interactive,const,false,false,"pub const interactive = Self.fromLimits(524288, 16777216);",Baseline parameters for interactive logins
crypto/scrypt.zig,141,4,sensitive,const,false,false,"pub const sensitive = Self.fromLimits(33554432, 1073741824);",Baseline parameters for offline usage
crypto/scrypt.zig,145,4,owasp,const,false,false,"pub const owasp = Self{ .ln = 17, .r = 8, .p = 1 };",Recommended parameters according to the | [OWASP cheat sheet](https://cheatsheetseries.owasp.org/cheatsheets/Password_Storage_Cheat_Sheet.html).
crypto/scrypt.zig,148,4,fromLimits,fn,false,false,"pub fn fromLimits(ops_limit: u64, mem_limit: usize) Self {","Create parameters from ops and mem limits, where mem_limit given in bytes"
crypto/scrypt.zig,178,0,kdf,fn,false,false,pub fn kdf(,Apply scrypt to generate a key from a password. |  | scrypt is defined in RFC 7914. |  | allocator: mem.Allocator. |  | derived_key: Slice of appropriate size for generated key. Generally 16 or 32 bytes in length. | May be uninitialized. All bytes will be overwritten. | Maximum size is `derived_key.len / 32 == 0xffff_ffff`. |  | password: Arbitrary sequence of bytes of any length. |  | salt: Arbitrary sequence of bytes of any length. |  | params: Params.
crypto/scrypt.zig,214,4,prefix,const,false,false,"pub const prefix = ""$7$"";",String prefix for scrypt
crypto/scrypt.zig,217,4,HashResult,fn,false,false,pub fn HashResult(comptime crypt_max_hash_len: usize) type {,"Standard type for a set of scrypt parameters, with the salt and hash."
crypto/scrypt.zig,235,4,BinValue,fn,false,false,pub fn BinValue(comptime max_len: usize) type {,"A wrapped binary value whose maximum size is `max_len`. |  | This type must be used whenever a binary value is encoded in a PHC-formatted string. | This includes `salt`, `hash`, and any other binary parameters such as keys. |  | Once initialized, the actual value can be read with the `constSlice()` function."
crypto/scrypt.zig,245,12,fromSlice,fn,false,false,pub fn fromSlice(slice: []const u8) EncodingError!Self {,Wrap an existing byte slice
crypto/scrypt.zig,254,12,constSlice,fn,false,false,pub fn constSlice(self: *const Self) []const u8 {,Return the slice containing the actual value.
crypto/scrypt.zig,277,4,saltFromBin,fn,false,false,"pub fn saltFromBin(comptime len: usize, salt: [len]u8) [Codec.encodedLen(len)]u8 {",Expand binary data into a salt for the modular crypt format.
crypto/scrypt.zig,284,4,deserialize,fn,false,false,"pub fn deserialize(comptime T: type, str: []const u8) EncodingError!T {",Deserialize a string into a structure `T` (matching `HashResult`).
crypto/scrypt.zig,305,4,serialize,fn,false,false,"pub fn serialize(params: anytype, str: []u8) EncodingError![]const u8 {",Serialize parameters into a string in modular crypt format.
crypto/scrypt.zig,315,4,calcSize,fn,false,false,pub fn calcSize(params: anytype) usize {,Compute the number of bytes required to serialize `params`
crypto/scrypt.zig,415,4,create,fn,false,false,pub fn create(,Return a non-deterministic hash of the password encoded as a PHC-format string
crypto/scrypt.zig,429,4,createWithSalt,fn,false,false,pub fn createWithSalt(,Return a deterministic hash of the password encoded as a PHC-format string. | Uses the provided salt instead of generating one randomly.
crypto/scrypt.zig,450,4,verify,fn,false,false,pub fn verify(,Verify a password against a PHC-format encoded string
crypto/scrypt.zig,473,4,pwhash_str_length,const,false,false,pub const pwhash_str_length: usize = 101;,Length of a string returned by the create() function
crypto/scrypt.zig,476,4,create,fn,false,false,pub fn create(,Return a non-deterministic hash of the password encoded into the modular crypt format
crypto/scrypt.zig,490,4,createWithSalt,fn,false,false,pub fn createWithSalt(,Return a deterministic hash of the password encoded into the modular crypt format. | Uses the provided salt instead of generating one randomly.
crypto/scrypt.zig,512,4,verify,fn,false,false,pub fn verify(,Verify a password against a string in modular crypt format
crypto/scrypt.zig,531,0,HashOptions,const,false,false,pub const HashOptions = struct {,Options for hashing a password. |  | Allocator is required for scrypt.
crypto/scrypt.zig,539,0,strHash,fn,false,false,pub fn strHash(,Compute a hash of a password using the scrypt key derivation function. | The function returns a string that includes all the parameters required for verification.
crypto/scrypt.zig,555,0,strHashWithSalt,fn,false,false,pub fn strHashWithSalt(,Compute a deterministic hash of a password using the scrypt key derivation function. | The function returns a string that includes all the parameters required for verification. | Uses the provided salt instead of generating one randomly.
crypto/scrypt.zig,571,0,VerifyOptions,const,false,false,pub const VerifyOptions = struct {,Options for hash verification. |  | Allocator is required for scrypt.
crypto/scrypt.zig,576,0,strVerify,fn,false,false,pub fn strVerify(,Verify that a previously computed hash is valid for a given password.
crypto/sha2.zig,22,0,Sha224,const,false,false,"pub const Sha224 = Sha2x32(iv224, 224);",
crypto/sha2.zig,23,0,Sha256,const,false,false,"pub const Sha256 = Sha2x32(iv256, 256);",
crypto/sha2.zig,24,0,Sha384,const,false,false,"pub const Sha384 = Sha2x64(iv384, 384);",
crypto/sha2.zig,25,0,Sha512,const,false,false,"pub const Sha512 = Sha2x64(iv512, 512);",
crypto/sha2.zig,28,0,Sha256T192,const,false,false,"pub const Sha256T192 = Sha2x32(iv256, 192);",SHA-256 truncated to leftmost 192 bits.
crypto/sha2.zig,31,0,Sha512T224,const,false,false,"pub const Sha512T224 = Sha2x64(iv512, 224);",SHA-512 truncated to leftmost 224 bits.
crypto/sha2.zig,33,0,Sha512T256,const,false,false,"pub const Sha512T256 = Sha2x64(iv512, 256);",SHA-512 truncated to leftmost 256 bits.
crypto/sha2.zig,36,0,Sha512_224,const,false,false,"pub const Sha512_224 = Sha2x64(truncatedSha512Iv(224), 224);",SHA-512 with a different initialization vector truncated to leftmost 224 bits.
crypto/sha2.zig,38,0,Sha512_256,const,false,false,"pub const Sha512_256 = Sha2x64(truncatedSha512Iv(256), 256);",SHA-512 with a different initialization vector truncated to leftmost 256 bits.
crypto/sha2.zig,93,8,block_length,const,false,false,pub const block_length = 64;,
crypto/sha2.zig,94,8,digest_length,const,false,false,pub const digest_length = digest_bits / 8;,
crypto/sha2.zig,95,8,Options,const,false,false,pub const Options = struct {};,
crypto/sha2.zig,103,8,init,fn,false,false,pub fn init(options: Options) Self {,
crypto/sha2.zig,108,8,hash,fn,false,false,"pub fn hash(b: []const u8, out: *[digest_length]u8, options: Options) void {",
crypto/sha2.zig,114,8,update,fn,false,false,"pub fn update(d: *Self, b: []const u8) void {",
crypto/sha2.zig,139,8,peek,fn,false,false,pub fn peek(d: Self) [digest_length]u8 {,
crypto/sha2.zig,144,8,final,fn,false,false,"pub fn final(d: *Self, out: *[digest_length]u8) void {",
crypto/sha2.zig,177,8,finalResult,fn,false,false,pub fn finalResult(d: *Self) [digest_length]u8 {,
crypto/sha2.zig,476,8,block_length,const,false,false,pub const block_length = 128;,
crypto/sha2.zig,477,8,digest_length,const,false,false,"pub const digest_length = std.math.divCeil(comptime_int, digest_bits, 8) catch unreachable;",
crypto/sha2.zig,478,8,Options,const,false,false,pub const Options = struct {};,
crypto/sha2.zig,486,8,init,fn,false,false,pub fn init(options: Options) Self {,
crypto/sha2.zig,491,8,hash,fn,false,false,"pub fn hash(b: []const u8, out: *[digest_length]u8, options: Options) void {",
crypto/sha2.zig,497,8,update,fn,false,false,"pub fn update(d: *Self, b: []const u8) void {",
crypto/sha2.zig,522,8,peek,fn,false,false,pub fn peek(d: Self) [digest_length]u8 {,
crypto/sha2.zig,527,8,final,fn,false,false,"pub fn final(d: *Self, out: *[digest_length]u8) void {",
crypto/sha2.zig,569,8,finalResult,fn,false,false,pub fn finalResult(d: *Self) [digest_length]u8 {,
crypto/sha3.zig,11,0,Sha3_224,const,false,false,"pub const Sha3_224 = Keccak(1600, 224, 0x06, 24);",
crypto/sha3.zig,12,0,Sha3_256,const,false,false,"pub const Sha3_256 = Keccak(1600, 256, 0x06, 24);",
crypto/sha3.zig,13,0,Sha3_384,const,false,false,"pub const Sha3_384 = Keccak(1600, 384, 0x06, 24);",
crypto/sha3.zig,14,0,Sha3_512,const,false,false,"pub const Sha3_512 = Keccak(1600, 512, 0x06, 24);",
crypto/sha3.zig,16,0,Keccak256,const,false,false,"pub const Keccak256 = Keccak(1600, 256, 0x01, 24);",
crypto/sha3.zig,17,0,Keccak512,const,false,false,"pub const Keccak512 = Keccak(1600, 512, 0x01, 24);",
crypto/sha3.zig,19,0,Shake128,const,false,false,pub const Shake128 = Shake(128);,
crypto/sha3.zig,20,0,Shake256,const,false,false,pub const Shake256 = Shake(256);,
crypto/sha3.zig,22,0,CShake128,const,false,false,"pub const CShake128 = CShake(128, null);",
crypto/sha3.zig,23,0,CShake256,const,false,false,"pub const CShake256 = CShake(256, null);",
crypto/sha3.zig,25,0,KMac128,const,false,false,pub const KMac128 = KMac(128);,
crypto/sha3.zig,26,0,KMac256,const,false,false,pub const KMac256 = KMac(256);,
crypto/sha3.zig,28,0,TupleHash128,const,false,false,pub const TupleHash128 = TupleHash(128);,
crypto/sha3.zig,29,0,TupleHash256,const,false,false,pub const TupleHash256 = TupleHash(256);,
crypto/sha3.zig,31,0,KT128,const,false,false,pub const KT128 = kangarootwelve.KT128;,
crypto/sha3.zig,32,0,KT256,const,false,false,pub const KT256 = kangarootwelve.KT256;,
crypto/sha3.zig,38,0,TurboShake128,fn,false,false,pub fn TurboShake128(delim: ?u7) type {,"TurboSHAKE128 is a XOF (a secure hash function with a variable output length), with a 128 bit security level. | It is based on the same permutation as SHA3 and SHAKE128, but which much higher performance. | The delimiter is 0x1f by default, but can be changed for context-separation. | For a protocol that uses both KangarooTwelve and TurboSHAKE128, it is recommended to avoid using 0x06, 0x07 or 0x0b for the delimiter."
crypto/sha3.zig,45,0,TurboShake256,fn,false,false,pub fn TurboShake256(comptime delim: ?u7) type {,"TurboSHAKE256 is a XOF (a secure hash function with a variable output length), with a 256 bit security level. | It is based on the same permutation as SHA3 and SHAKE256, but which much higher performance. | The delimiter is 0x1f by default, but can be changed for context-separation."
crypto/sha3.zig,50,0,Keccak,fn,false,false,"pub fn Keccak(comptime f: u11, comptime output_bits: u11, comptime default_delim: u8, comptime rounds: u5) type {",A generic Keccak hash function.
crypto/sha3.zig,61,8,digest_length,const,false,false,"pub const digest_length = std.math.divCeil(comptime_int, output_bits, 8) catch unreachable;","The output length, in bytes."
crypto/sha3.zig,63,8,block_length,const,false,false,pub const block_length = State.rate;,"The block length, or rate, in bytes."
crypto/sha3.zig,65,8,Options,const,false,false,pub const Options = struct { delim: u8 = default_delim };,The delimiter can be overwritten in the options.
crypto/sha3.zig,68,8,init,fn,false,false,pub fn init(options: Options) Self {,Initialize a Keccak hash function.
crypto/sha3.zig,73,8,hash,fn,false,false,"pub fn hash(bytes: []const u8, out: *[digest_length]u8, options: Options) void {",Hash a slice of bytes.
crypto/sha3.zig,80,8,update,fn,false,false,"pub fn update(self: *Self, bytes: []const u8) void {",Absorb a slice of bytes into the state.
crypto/sha3.zig,85,8,final,fn,false,false,"pub fn final(self: *Self, out: *[digest_length]u8) void {",Return the hash of the absorbed bytes.
crypto/sha3.zig,93,0,Shake,fn,false,false,pub fn Shake(comptime security_level: u11) type {,The SHAKE extendable output hash function.
crypto/sha3.zig,101,0,TurboShake,fn,false,false,"pub fn TurboShake(comptime security_level: u11, comptime delim: ?u7) type {","The TurboSHAKE extendable output hash function. | It is based on the same permutation as SHA3 and SHAKE, but which much higher performance. | The delimiter is 0x1f by default, but can be changed for context-separation. | https://eprint.iacr.org/2023/342"
crypto/sha3.zig,121,8,digest_length,const,false,false,pub const digest_length = security_level / 8 * 2;,"The recommended output length, in bytes."
crypto/sha3.zig,123,8,block_length,const,false,false,pub const block_length = State.rate;,"The block length, or rate, in bytes."
crypto/sha3.zig,125,8,Options,const,false,false,pub const Options = struct { delim: u8 = default_delim };,The delimiter can be overwritten in the options.
crypto/sha3.zig,128,8,init,fn,false,false,pub fn init(options: Options) Self {,Initialize a SHAKE extensible hash function.
crypto/sha3.zig,134,8,hash,fn,false,false,"pub fn hash(bytes: []const u8, out: []u8, options: Options) void {",Hash a slice of bytes. | `out` can be any length.
crypto/sha3.zig,141,8,update,fn,false,false,"pub fn update(self: *Self, bytes: []const u8) void {",Absorb a slice of bytes into the state.
crypto/sha3.zig,147,8,squeeze,fn,false,false,"pub fn squeeze(self: *Self, out_: []u8) void {","Squeeze a slice of bytes from the state. | `out` can be any length, and the function can be called multiple times."
crypto/sha3.zig,179,8,final,fn,false,false,"pub fn final(self: *Self, out: []u8) void {","Return the hash of the absorbed bytes. | `out` can be of any length, but the function must not be called multiple times (use `squeeze` for that purpose instead)."
crypto/sha3.zig,185,8,fillBlock,fn,false,false,pub fn fillBlock(self: *Self) void {,Align the input to a block boundary.
crypto/sha3.zig,193,0,CShake,fn,false,false,"pub fn CShake(comptime security_level: u11, comptime fname: ?[]const u8) type {","The cSHAKE extendable output hash function. | cSHAKE is similar to SHAKE, but in addition to the input message, it also takes an optional context (aka customization string)."
crypto/sha3.zig,203,8,digest_length,const,false,false,pub const digest_length = Shaker.digest_length;,"The recommended output length, in bytes."
crypto/sha3.zig,205,8,block_length,const,false,false,pub const block_length = Shaker.block_length;,"The block length, or rate, in bytes."
crypto/sha3.zig,208,8,Options,const,false,false,pub const Options = struct { context: ?[]const u8 = null };,cSHAKE options can include a context string.
crypto/sha3.zig,213,8,init,fn,false,false,pub fn init(options: Options) Self {,Initialize a SHAKE extensible hash function.
crypto/sha3.zig,242,8,hash,fn,false,false,"pub fn hash(bytes: []const u8, out: []u8, options: Options) void {",Hash a slice of bytes. | `out` can be any length.
crypto/sha3.zig,249,8,update,fn,false,false,"pub fn update(self: *Self, bytes: []const u8) void {",Absorb a slice of bytes into the state.
crypto/sha3.zig,255,8,squeeze,fn,false,false,"pub fn squeeze(self: *Self, out: []u8) void {","Squeeze a slice of bytes from the state. | `out` can be any length, and the function can be called multiple times."
crypto/sha3.zig,261,8,final,fn,false,false,"pub fn final(self: *Self, out: []u8) void {","Return the hash of the absorbed bytes. | `out` can be of any length, but the function must not be called multiple times (use `squeeze` for that purpose instead)."
crypto/sha3.zig,266,8,fillBlock,fn,false,false,pub fn fillBlock(self: *Self) void {,Align the input to a block boundary.
crypto/sha3.zig,275,0,KMac,fn,false,false,pub fn KMac(comptime security_level: u11) type {,"The KMAC extendable output authentication function. | KMAC is a keyed version of the cSHAKE function, with an optional context. | It can be used as an SHA-3 based alternative to HMAC, as well as a generic keyed XoF (extendable output function)."
crypto/sha3.zig,286,8,mac_length,const,false,false,pub const mac_length = CShaker.digest_length;,"The recommended output length, in bytes."
crypto/sha3.zig,288,8,mac_length_min,const,false,false,pub const mac_length_min = 4;,"The minimum output length, in bytes."
crypto/sha3.zig,290,8,key_length,const,false,false,pub const key_length = security_level / 8;,"The recommended key length, in bytes."
crypto/sha3.zig,292,8,key_length_min,const,false,false,pub const key_length_min = 0;,"The minimum key length, in bytes."
crypto/sha3.zig,294,8,block_length,const,false,false,pub const block_length = CShaker.block_length;,"The block length, or rate, in bytes."
crypto/sha3.zig,300,8,Options,const,false,false,pub const Options = struct {,KMAC options can include a context string.
crypto/sha3.zig,307,8,initWithOptions,fn,false,false,"pub fn initWithOptions(key: []const u8, options: Options) Self {","Initialize a state for the KMAC function, with an optional context and an arbitrary-long key. | If the context and key are going to be reused, the structure can be initialized once, and cloned for each message. | This is more efficient than reinitializing the state for each message at the cost of a small amount of memory."
crypto/sha3.zig,323,8,init,fn,false,false,pub fn init(key: []const u8) Self {,"Initialize a state for the KMAC function. | If the context and key are going to be reused, the structure can be initialized once, and cloned for each message. | This is more efficient than reinitializing the state for each message at the cost of a small amount of memory."
crypto/sha3.zig,328,8,update,fn,false,false,"pub fn update(self: *Self, b: []const u8) void {",Add data to the state.
crypto/sha3.zig,333,8,final,fn,false,false,"pub fn final(self: *Self, out: []u8) void {",Return an authentication tag for the current state.
crypto/sha3.zig,341,8,squeeze,fn,false,false,"pub fn squeeze(self: *Self, out: []u8) void {","Squeeze a slice of bytes from the state. | `out` can be any length, and the function can be called multiple times."
crypto/sha3.zig,351,8,createWithOptions,fn,false,false,"pub fn createWithOptions(out: []u8, msg: []const u8, key: []const u8, options: Options) void {","Return an authentication tag for a message and a key, with an optional context."
crypto/sha3.zig,358,8,create,fn,false,false,"pub fn create(out: []u8, msg: []const u8, key: []const u8) void {",Return an authentication tag for a message and a key.
crypto/sha3.zig,374,0,TupleHash,fn,false,false,pub fn TupleHash(comptime security_level: u11) type {,"The TupleHash extendable output hash function, with domain-separated inputs. | TupleHash is a secure hash function with a variable output length, based on the cSHAKE function. | It is designed for unambiguously hashing tuples of data. |  | With most hash functions, calling `update(""A"")` followed by `update(""B"")`is identical to `update(""AB"")`. | With TupleHash, this is not the case: `update(""A""); update(""B"")` is different from `update(""AB"")`. |  | Any number of inputs can be hashed, and the output depends on individual inputs and their order."
crypto/sha3.zig,385,8,digest_length,const,false,false,pub const digest_length = CShaker.digest_length;,"The output length, in bytes."
crypto/sha3.zig,387,8,block_length,const,false,false,pub const block_length = CShaker.block_length;,"The block length, or rate, in bytes."
crypto/sha3.zig,393,8,Options,const,false,false,pub const Options = struct {,TupleHash options can include a context string.
crypto/sha3.zig,402,8,initWithOptions,fn,false,false,pub fn initWithOptions(options: Options) Self {,"Initialize a state for the TupleHash function, with an optional context. | If the context is going to be reused, the structure can be initialized once, and cloned for each message. | This is more efficient than reinitializing the state for each message at the cost of a small amount of memory. |  | A key can be optionally added to the context to create a keyed TupleHash function, similar to KMAC."
crypto/sha3.zig,410,8,init,fn,false,false,pub fn init() Self {,Initialize a state for the MAC function.
crypto/sha3.zig,415,8,update,fn,false,false,"pub fn update(self: *Self, b: []const u8) void {","Add data to the state, separated from previous updates."
crypto/sha3.zig,422,8,final,fn,false,false,"pub fn final(self: *Self, out: []u8) void {",Return an authentication tag for the current state.
crypto/sha3.zig,429,8,fillBlock,fn,false,false,pub fn fillBlock(self: *Self) void {,Align the input to a block boundary.
crypto/sha3.zig,435,8,squeeze,fn,false,false,"pub fn squeeze(self: *Self, out: []u8) void {","Squeeze a slice of bytes from the state. | `out` can be any length, and the function can be called multiple times."
crypto/sha3.zig,447,0,NistLengthEncoding,const,false,false,pub const NistLengthEncoding = enum {,The NIST SP 800-185 encoded length format.
crypto/sha3.zig,452,4,Length,const,false,false,pub const Length = struct {,A length encoded according to NIST SP 800-185.
crypto/sha3.zig,459,8,slice,fn,false,false,pub fn slice(self: *const Length) []const u8 {,Return the encoded length as a slice.
crypto/sha3.zig,465,4,encode,fn,false,false,"pub fn encode(comptime encoding: NistLengthEncoding, len: usize) Length {",Encode a length according to NIST SP 800-185.
crypto/siphash.zig,25,0,SipHash64,fn,false,false,"pub fn SipHash64(comptime c_rounds: usize, comptime d_rounds: usize) type {","SipHash function with 64-bit output. |  | Recommended parameters are: | - (c_rounds=4, d_rounds=8) for conservative security; regular hash functions such as BLAKE2 or BLAKE3 are usually a better alternative. | - (c_rounds=2, d_rounds=4) standard parameters. | - (c_rounds=1, d_rounds=3) reduced-round function. Faster, no known implications on its practical security level. | - (c_rounds=1, d_rounds=2) fastest option, but the output may be distinguishable from random data with related keys or non-uniform input - not suitable as a PRF. |  | SipHash is not a traditional hash function. If the input includes untrusted content, a secret key is absolutely necessary. | And due to its small output size, collisions in SipHash64 can be found with an exhaustive search."
crypto/siphash.zig,39,0,SipHash128,fn,false,false,"pub fn SipHash128(comptime c_rounds: usize, comptime d_rounds: usize) type {","SipHash function with 128-bit output. |  | Recommended parameters are: | - (c_rounds=4, d_rounds=8) for conservative security; regular hash functions such as BLAKE2 or BLAKE3 are usually a better alternative. | - (c_rounds=2, d_rounds=4) standard parameters. | - (c_rounds=1, d_rounds=4) reduced-round function. Recommended to hash very short, similar strings, when a 128-bit PRF output is still required. | - (c_rounds=1, d_rounds=3) reduced-round function. Faster, no known implications on its practical security level. | - (c_rounds=1, d_rounds=2) fastest option, but the output may be distinguishable from random data with related keys or non-uniform input - not suitable as a PRF. |  | SipHash is not a traditional hash function. If the input includes untrusted content, a secret key is absolutely necessary."
crypto/siphash.zig,171,8,key_length,const,false,false,pub const key_length = 16;,
crypto/siphash.zig,172,8,mac_length,const,false,false,pub const mac_length = @sizeOf(T);,
crypto/siphash.zig,173,8,block_length,const,false,false,pub const block_length = 8;,
crypto/siphash.zig,180,8,init,fn,false,false,pub fn init(key: *const [key_length]u8) Self {,Initialize a state for a SipHash function
crypto/siphash.zig,189,8,update,fn,false,false,"pub fn update(self: *Self, b: []const u8) void {",Add data to the state
crypto/siphash.zig,208,8,peek,fn,false,false,pub fn peek(self: Self) [mac_length]u8 {,
crypto/siphash.zig,215,8,final,fn,false,false,"pub fn final(self: *Self, out: *[mac_length]u8) void {",Return an authentication tag for the current state | Assumes `out` is less than or equal to `mac_length`.
crypto/siphash.zig,219,8,finalResult,fn,false,false,pub fn finalResult(self: *Self) [mac_length]u8 {,
crypto/siphash.zig,226,8,create,fn,false,false,"pub fn create(out: *[mac_length]u8, msg: []const u8, key: *const [key_length]u8) void {",Return an authentication tag for a message and a key
crypto/siphash.zig,233,8,finalInt,fn,false,false,pub fn finalInt(self: *Self) T {,"Return an authentication tag for the current state, as an integer"
crypto/siphash.zig,238,8,toInt,fn,false,false,"pub fn toInt(msg: []const u8, key: *const [key_length]u8) T {","Return an authentication tag for a message and a key, as an integer"
crypto/timing_safe.zig,12,0,eql,fn,false,false,"pub fn eql(comptime T: type, a: T, b: T) bool {","Compares two arrays in constant time (for a given length) and returns whether they are equal. | This function was designed to compare short cryptographic secrets (MACs, signatures). | For all other applications, use mem.eql() instead."
crypto/timing_safe.zig,47,0,compare,fn,false,false,"pub fn compare(comptime T: type, a: []const T, b: []const T, endian: Endian) Order {","Compare two integers serialized as arrays of the same size, in constant time. | Returns .lt if a<b, .gt if a>b and .eq if a=b"
crypto/timing_safe.zig,82,0,add,fn,false,false,"pub fn add(comptime T: type, a: []const T, b: []const T, result: []T, endian: Endian) bool {","Add two integers serialized as arrays of the same size, in constant time. | The result is stored into `result`, and `true` is returned if an overflow occurred."
crypto/timing_safe.zig,109,0,sub,fn,false,false,"pub fn sub(comptime T: type, a: []const T, b: []const T, result: []T, endian: Endian) bool {","Subtract two integers serialized as arrays of the same size, in constant time. | The result is stored into `result`, and `true` is returned if an underflow occurred."
crypto/timing_safe.zig,170,0,classify,fn,false,false,pub fn classify(ptr: anytype) void {,"Mark a value as sensitive or secret, helping to detect potential side-channel vulnerabilities. |  | When Valgrind is enabled, this function allows for the detection of conditional jumps or lookups | that depend on secrets or secret-derived data. Violations are reported by Valgrind as operations | relying on uninitialized values. |  | If Valgrind is disabled, it has no effect. |  | Use this function to verify that cryptographic operations perform constant-time arithmetic on sensitive data, | ensuring the confidentiality of secrets and preventing information leakage through side channels."
crypto/timing_safe.zig,178,0,declassify,fn,false,false,pub fn declassify(ptr: anytype) void {,"Mark a value as non-sensitive or public, indicating it's safe from side-channel attacks. |  | Signals that a value has been securely processed and is no longer confidential, allowing for | relaxed handling without fear of information leakage through conditional jumps or lookups."
crypto/tls.zig,39,0,Client,const,true,false,"pub const Client = @import(""tls/Client.zig"");",
crypto/tls.zig,41,0,record_header_len,const,false,false,pub const record_header_len = 5;,
crypto/tls.zig,42,0,max_ciphertext_inner_record_len,const,false,false,pub const max_ciphertext_inner_record_len = 1 << 14;,
crypto/tls.zig,43,0,max_ciphertext_len,const,false,false,pub const max_ciphertext_len = max_ciphertext_inner_record_len + 256;,
crypto/tls.zig,44,0,max_ciphertext_record_len,const,false,false,pub const max_ciphertext_record_len = max_ciphertext_len + record_header_len;,
crypto/tls.zig,45,0,hello_retry_request_sequence,const,false,false,pub const hello_retry_request_sequence = [32]u8{,
crypto/tls.zig,50,0,close_notify_alert,const,false,false,pub const close_notify_alert = [_]u8{,
crypto/tls.zig,55,0,ProtocolVersion,const,false,false,pub const ProtocolVersion = enum(u16) {,
crypto/tls.zig,63,0,ContentType,const,false,false,pub const ContentType = enum(u8) {,
crypto/tls.zig,72,0,HandshakeType,const,false,false,pub const HandshakeType = enum(u8) {,
crypto/tls.zig,91,0,ExtensionType,const,false,false,pub const ExtensionType = enum(u16) {,
crypto/tls.zig,142,0,Alert,const,false,false,pub const Alert = struct {,
crypto/tls.zig,146,4,Level,const,false,false,pub const Level = enum(u8) {,
crypto/tls.zig,152,4,Description,const,false,false,pub const Description = enum(u8) {,
crypto/tls.zig,153,8,Error,const,false,false,pub const Error = error{,
crypto/tls.zig,211,8,toError,fn,false,false,pub fn toError(description: Description) Error!void {,
crypto/tls.zig,246,0,SignatureScheme,const,false,false,pub const SignatureScheme = enum(u16) {,
crypto/tls.zig,289,0,NamedGroup,const,false,false,pub const NamedGroup = enum(u16) {,
crypto/tls.zig,311,0,PskKeyExchangeMode,const,false,false,pub const PskKeyExchangeMode = enum(u8) {,
crypto/tls.zig,317,0,CipherSuite,const,false,false,pub const CipherSuite = enum(u16) {,
crypto/tls.zig,359,4,With,const,false,false,pub const With = enum {,
crypto/tls.zig,378,4,with,fn,false,false,pub fn with(cipher_suite: CipherSuite) With {,
crypto/tls.zig,433,0,CompressionMethod,const,false,false,pub const CompressionMethod = enum(u8) {,
crypto/tls.zig,438,0,CertificateType,const,false,false,pub const CertificateType = enum(u8) {,
crypto/tls.zig,444,0,KeyUpdateRequest,const,false,false,pub const KeyUpdateRequest = enum(u8) {,
crypto/tls.zig,450,0,ChangeCipherSpecType,const,false,false,pub const ChangeCipherSpecType = enum(u8) {,
crypto/tls.zig,455,0,HandshakeCipherT,fn,false,false,"pub fn HandshakeCipherT(comptime AeadType: type, comptime HashType: type, comptime explicit_iv_length: comptime_int) type {",
crypto/tls.zig,457,8,A,const,false,false,"pub const A = ApplicationCipherT(AeadType, HashType, explicit_iv_length);",
crypto/tls.zig,479,0,HandshakeCipher,const,false,false,pub const HandshakeCipher = union(enum) {,
crypto/tls.zig,487,0,ApplicationCipherT,fn,false,false,"pub fn ApplicationCipherT(comptime AeadType: type, comptime HashType: type, comptime explicit_iv_length: comptime_int) type {",
crypto/tls.zig,489,8,AEAD,const,false,false,pub const AEAD = AeadType;,
crypto/tls.zig,490,8,Hash,const,false,false,pub const Hash = HashType;,
crypto/tls.zig,491,8,Hmac,const,false,false,pub const Hmac = crypto.auth.hmac.Hmac(Hash);,
crypto/tls.zig,492,8,Hkdf,const,false,false,pub const Hkdf = crypto.kdf.hkdf.Hkdf(Hmac);,
crypto/tls.zig,494,8,enc_key_length,const,false,false,pub const enc_key_length = AEAD.key_length;,
crypto/tls.zig,495,8,fixed_iv_length,const,false,false,pub const fixed_iv_length = AEAD.nonce_length - explicit_iv_length;,
crypto/tls.zig,496,8,record_iv_length,const,false,false,pub const record_iv_length = explicit_iv_length;,
crypto/tls.zig,497,8,mac_length,const,false,false,pub const mac_length = AEAD.tag_length;,
crypto/tls.zig,498,8,mac_key_length,const,false,false,pub const mac_key_length = Hmac.key_length_min;,
crypto/tls.zig,499,8,verify_data_length,const,false,false,pub const verify_data_length = 12;,
crypto/tls.zig,504,8,Tls_1_2,const,false,false,pub const Tls_1_2 = extern struct {,
crypto/tls.zig,515,8,Tls_1_3,const,false,false,pub const Tls_1_3 = struct {,
crypto/tls.zig,527,0,ApplicationCipher,const,false,false,pub const ApplicationCipher = union(enum) {,Encryption parameters for application traffic.
crypto/tls.zig,535,0,hmacExpandLabel,fn,false,false,pub fn hmacExpandLabel(,
crypto/tls.zig,558,0,hkdfExpandLabel,fn,false,false,pub fn hkdfExpandLabel(,
crypto/tls.zig,585,0,emptyHash,fn,false,false,pub fn emptyHash(comptime Hash: type) [Hash.digest_length]u8 {,
crypto/tls.zig,591,0,hmac,fn,false,false,"pub fn hmac(comptime Hmac: type, message: []const u8, key: [Hmac.key_length]u8) [Hmac.mac_length]u8 {",
crypto/tls.zig,597,0,extension,fn,false,false,"pub fn extension(et: ExtensionType, bytes: anytype) [2 + 2 + bytes.len]u8 {",
crypto/tls.zig,601,0,array,fn,false,false,pub fn array(,
crypto/tls.zig,626,0,int,fn,false,false,"pub fn int(comptime Int: type, val: Int) [@divExact(@bitSizeOf(Int), 8)]u8 {",
crypto/tls.zig,634,0,Decoder,const,false,false,pub const Decoder = struct {,An abstraction to ensure that protocol-parsing code does not perform an | out-of-bounds read.
crypto/tls.zig,649,4,fromTheirSlice,fn,false,false,pub fn fromTheirSlice(buf: []u8) Decoder {,
crypto/tls.zig,659,4,readAtLeast,fn,false,false,"pub fn readAtLeast(d: *Decoder, stream: *std.Io.Reader, their_amt: usize) !void {",Use this function to increase `their_end`.
crypto/tls.zig,676,4,readAtLeastOurAmt,fn,false,false,"pub fn readAtLeastOurAmt(d: *Decoder, stream: *std.Io.Reader, our_amt: usize) !void {","Same as `readAtLeast` but also increases `our_end` by exactly `our_amt`. | Use when `our_amt` is calculated by us, not by them."
crypto/tls.zig,684,4,ensure,fn,false,false,"pub fn ensure(d: *Decoder, amt: usize) !void {","Use this function to increase `our_end`. | This should always be called with an amount provided by us, not them."
crypto/tls.zig,690,4,decode,fn,false,false,"pub fn decode(d: *Decoder, comptime T: type) T {",Use this function to increase `idx`.
crypto/tls.zig,721,4,array,fn,false,false,"pub fn array(d: *Decoder, comptime len: usize) *[len]u8 {",Use this function to increase `idx`.
crypto/tls.zig,727,4,slice,fn,false,false,"pub fn slice(d: *Decoder, len: usize) []u8 {",Use this function to increase `idx`.
crypto/tls.zig,733,4,skip,fn,false,false,"pub fn skip(d: *Decoder, amt: usize) void {",Use this function to increase `idx`.
crypto/tls.zig,738,4,eof,fn,false,false,pub fn eof(d: Decoder) bool {,
crypto/tls.zig,746,4,sub,fn,false,false,"pub fn sub(d: *Decoder, their_len: usize) !Decoder {","Provide the length they claim, and receive a sub-decoder specific to that slice. | The parent decoder is advanced to the end."
crypto/tls.zig,755,4,rest,fn,false,false,pub fn rest(d: Decoder) []u8 {,
crypto/tls/Client.zig,53,0,ReadError,const,false,false,pub const ReadError = error{,
crypto/tls/Client.zig,66,0,SslKeyLog,const,false,false,pub const SslKeyLog = struct {,
crypto/tls/Client.zig,85,0,min_buffer_len,const,false,false,pub const min_buffer_len = tls.max_ciphertext_record_len;,The `Reader` supplied to `init` requires a buffer capacity | at least this amount.
crypto/tls/Client.zig,87,0,Options,const,false,false,pub const Options = struct {,
crypto/tls/Client.zig,139,4,entropy_len,const,false,false,pub const entropy_len = 240;,
crypto/tls/Client.zig,142,0,InitError,const,false,false,pub const InitError = error{,
crypto/tls/Client.zig,195,0,init,fn,false,false,"pub fn init(input: *Reader, output: *Writer, options: Options) InitError!Client {",Initiates a TLS handshake and establishes a TLSv1.2 or TLSv1.3 session. |  | `host` is only borrowed during this function call. |  | `input` is asserted to have buffer capacity at least `min_buffer_len`.
crypto/tls/Client.zig,1011,0,end,fn,false,false,pub fn end(c: *Client) Writer.Error!void {,"Sends a `close_notify` alert, which is necessary for the server to | distinguish between a properly finished TLS session, or a truncation | attack."
crypto/tls/Client.zig,1122,0,eof,fn,false,false,pub fn eof(c: Client) bool {,
